arm,held_out,n_train,k_bearings,test_fp,dataset
S2_new_records,Bearing1_1,20,,0.0,PRONOSTIA
S2_new_records,Bearing1_1,20,,0.0,PRONOSTIA
S2_new_records,Bearing1_1,20,,0.0,PRONOSTIA
S2_new_records,Bearing1_1,20,,0.0,PRONOSTIA
S2_new_records,Bearing1_1,20,,0.0,PRONOSTIA
S2_new_records,Bearing1_1,20,,0.0,PRONOSTIA
S2_new_records,Bearing1_1,20,,0.0,PRONOSTIA
S2_new_records,Bearing1_1,20,,0.0,PRONOSTIA
S2_new_records,Bearing1_1,20,,0.0,PRONOSTIA
S2_new_records,Bearing1_1,20,,0.0,PRONOSTIA
S2_new_records,Bearing1_1,20,,0.0,PRONOSTIA
S2_new_records,Bearing1_1,20,,0.0,PRONOSTIA
S2_new_records,Bearing1_1,20,,0.0,PRONOSTIA
S2_new_records,Bearing1_1,20,,0.0,PRONOSTIA
S2_new_records,Bearing1_1,20,,0.0,PRONOSTIA
S2_new_records,Bearing1_1,20,,0.0,PRONOSTIA
S2_new_records,Bearing1_1,20,,0.0,PRONOSTIA
S2_new_records,Bearing1_1,20,,0.0,PRONOSTIA
S2_new_records,Bearing1_1,20,,0.0,PRONOSTIA
S2_new_records,Bearing1_1,20,,0.0,PRONOSTIA
S2_new_records,Bearing1_1,20,,0.0,PRONOSTIA
S2_new_records,Bearing1_1,20,,0.0,PRONOSTIA
S2_new_records,Bearing1_1,20,,0.0,PRONOSTIA
S2_new_records,Bearing1_1,20,,0.0,PRONOSTIA
S2_new_records,Bearing1_1,20,,0.0,PRONOSTIA
S2_new_records,Bearing1_1,20,,0.0,PRONOSTIA
S2_new_records,Bearing1_1,20,,0.0,PRONOSTIA
S2_new_records,Bearing1_1,20,,0.0,PRONOSTIA
S2_new_records,Bearing1_1,20,,0.0,PRONOSTIA
S2_new_records,Bearing1_1,20,,0.0,PRONOSTIA
S2_new_records,Bearing1_1,20,,0.0,PRONOSTIA
S2_new_records,Bearing1_1,20,,0.0,PRONOSTIA
S2_new_records,Bearing1_1,20,,0.0,PRONOSTIA
S2_new_records,Bearing1_1,20,,0.0,PRONOSTIA
S2_new_records,Bearing1_1,20,,0.0,PRONOSTIA
S2_new_records,Bearing1_1,20,,0.0,PRONOSTIA
S2_new_records,Bearing1_1,20,,0.0,PRONOSTIA
S2_new_records,Bearing1_1,20,,0.0,PRONOSTIA
S2_new_records,Bearing1_1,20,,0.0,PRONOSTIA
S2_new_records,Bearing1_1,20,,0.0,PRONOSTIA
S2_new_records,Bearing1_1,20,,0.0,PRONOSTIA
S2_new_records,Bearing1_1,20,,0.0,PRONOSTIA
S2_new_records,Bearing1_1,20,,0.0,PRONOSTIA
S2_new_records,Bearing1_1,20,,0.0,PRONOSTIA
S2_new_records,Bearing1_1,20,,0.0,PRONOSTIA
S2_new_records,Bearing1_1,20,,0.0,PRONOSTIA
S2_new_records,Bearing1_1,20,,0.0,PRONOSTIA
S2_new_records,Bearing1_1,20,,0.0,PRONOSTIA
S2_new_records,Bearing1_1,20,,0.0,PRONOSTIA
S2_new_records,Bearing1_1,20,,0.0,PRONOSTIA
S2_new_records,Bearing1_1,60,,0.0,PRONOSTIA
S2_new_records,Bearing1_1,60,,0.0,PRONOSTIA
S2_new_records,Bearing1_1,60,,0.0,PRONOSTIA
S2_new_records,Bearing1_1,60,,0.0,PRONOSTIA
S2_new_records,Bearing1_1,60,,0.0,PRONOSTIA
S2_new_records,Bearing1_1,60,,0.0,PRONOSTIA
S2_new_records,Bearing1_1,60,,0.0,PRONOSTIA
S2_new_records,Bearing1_1,60,,0.0,PRONOSTIA
S2_new_records,Bearing1_1,60,,0.0,PRONOSTIA
S2_new_records,Bearing1_1,60,,0.0,PRONOSTIA
S2_new_records,Bearing1_1,60,,0.0,PRONOSTIA
S2_new_records,Bearing1_1,60,,0.0,PRONOSTIA
S2_new_records,Bearing1_1,60,,0.0,PRONOSTIA
S2_new_records,Bearing1_1,60,,0.0,PRONOSTIA
S2_new_records,Bearing1_1,60,,0.0,PRONOSTIA
S2_new_records,Bearing1_1,60,,0.0,PRONOSTIA
S2_new_records,Bearing1_1,60,,0.0,PRONOSTIA
S2_new_records,Bearing1_1,60,,0.0,PRONOSTIA
S2_new_records,Bearing1_1,60,,0.0,PRONOSTIA
S2_new_records,Bearing1_1,60,,0.0,PRONOSTIA
S2_new_records,Bearing1_1,60,,0.0,PRONOSTIA
S2_new_records,Bearing1_1,60,,0.0,PRONOSTIA
S2_new_records,Bearing1_1,60,,0.0,PRONOSTIA
S2_new_records,Bearing1_1,60,,0.0,PRONOSTIA
S2_new_records,Bearing1_1,60,,0.0,PRONOSTIA
S2_new_records,Bearing1_1,60,,0.0,PRONOSTIA
S2_new_records,Bearing1_1,60,,0.0,PRONOSTIA
S2_new_records,Bearing1_1,60,,0.0,PRONOSTIA
S2_new_records,Bearing1_1,60,,0.0,PRONOSTIA
S2_new_records,Bearing1_1,60,,0.0,PRONOSTIA
S2_new_records,Bearing1_1,60,,0.0,PRONOSTIA
S2_new_records,Bearing1_1,60,,0.0,PRONOSTIA
S2_new_records,Bearing1_1,60,,0.0,PRONOSTIA
S2_new_records,Bearing1_1,60,,0.0,PRONOSTIA
S2_new_records,Bearing1_1,60,,0.0,PRONOSTIA
S2_new_records,Bearing1_1,60,,0.0,PRONOSTIA
S2_new_records,Bearing1_1,60,,0.0,PRONOSTIA
S2_new_records,Bearing1_1,60,,0.0,PRONOSTIA
S2_new_records,Bearing1_1,60,,0.0,PRONOSTIA
S2_new_records,Bearing1_1,60,,0.0,PRONOSTIA
S2_new_records,Bearing1_1,60,,0.0,PRONOSTIA
S2_new_records,Bearing1_1,60,,0.0,PRONOSTIA
S2_new_records,Bearing1_1,60,,0.0,PRONOSTIA
S2_new_records,Bearing1_1,60,,0.0,PRONOSTIA
S2_new_records,Bearing1_1,60,,0.0,PRONOSTIA
S2_new_records,Bearing1_1,60,,0.0,PRONOSTIA
S2_new_records,Bearing1_1,60,,0.0,PRONOSTIA
S2_new_records,Bearing1_1,60,,0.0,PRONOSTIA
S2_new_records,Bearing1_1,60,,0.0,PRONOSTIA
S2_new_records,Bearing1_1,60,,0.0,PRONOSTIA
S2_new_records,Bearing1_1,160,,0.0,PRONOSTIA
S2_new_records,Bearing1_1,160,,0.0,PRONOSTIA
S2_new_records,Bearing1_1,160,,0.0,PRONOSTIA
S2_new_records,Bearing1_1,160,,0.0,PRONOSTIA
S2_new_records,Bearing1_1,160,,0.0,PRONOSTIA
S2_new_records,Bearing1_1,160,,0.0,PRONOSTIA
S2_new_records,Bearing1_1,160,,0.0,PRONOSTIA
S2_new_records,Bearing1_1,160,,0.0,PRONOSTIA
S2_new_records,Bearing1_1,160,,0.0,PRONOSTIA
S2_new_records,Bearing1_1,160,,0.0,PRONOSTIA
S2_new_records,Bearing1_1,160,,0.0,PRONOSTIA
S2_new_records,Bearing1_1,160,,0.0,PRONOSTIA
S2_new_records,Bearing1_1,160,,0.0,PRONOSTIA
S2_new_records,Bearing1_1,160,,0.0,PRONOSTIA
S2_new_records,Bearing1_1,160,,0.0,PRONOSTIA
S2_new_records,Bearing1_1,160,,0.0,PRONOSTIA
S2_new_records,Bearing1_1,160,,0.0,PRONOSTIA
S2_new_records,Bearing1_1,160,,0.0,PRONOSTIA
S2_new_records,Bearing1_1,160,,0.0,PRONOSTIA
S2_new_records,Bearing1_1,160,,0.0,PRONOSTIA
S2_new_records,Bearing1_1,160,,0.0,PRONOSTIA
S2_new_records,Bearing1_1,160,,0.0,PRONOSTIA
S2_new_records,Bearing1_1,160,,0.0,PRONOSTIA
S2_new_records,Bearing1_1,160,,0.0,PRONOSTIA
S2_new_records,Bearing1_1,160,,0.0,PRONOSTIA
S2_new_records,Bearing1_1,160,,0.0,PRONOSTIA
S2_new_records,Bearing1_1,160,,0.0,PRONOSTIA
S2_new_records,Bearing1_1,160,,0.0,PRONOSTIA
S2_new_records,Bearing1_1,160,,0.0,PRONOSTIA
S2_new_records,Bearing1_1,160,,0.0,PRONOSTIA
S2_new_records,Bearing1_1,160,,0.0,PRONOSTIA
S2_new_records,Bearing1_1,160,,0.0,PRONOSTIA
S2_new_records,Bearing1_1,160,,0.0,PRONOSTIA
S2_new_records,Bearing1_1,160,,0.0,PRONOSTIA
S2_new_records,Bearing1_1,160,,0.0,PRONOSTIA
S2_new_records,Bearing1_1,160,,0.0,PRONOSTIA
S2_new_records,Bearing1_1,160,,0.0,PRONOSTIA
S2_new_records,Bearing1_1,160,,0.0,PRONOSTIA
S2_new_records,Bearing1_1,160,,0.0,PRONOSTIA
S2_new_records,Bearing1_1,160,,0.0,PRONOSTIA
S2_new_records,Bearing1_1,160,,0.0,PRONOSTIA
S2_new_records,Bearing1_1,160,,0.0,PRONOSTIA
S2_new_records,Bearing1_1,160,,0.0,PRONOSTIA
S2_new_records,Bearing1_1,160,,0.0,PRONOSTIA
S2_new_records,Bearing1_1,160,,0.0,PRONOSTIA
S2_new_records,Bearing1_1,160,,0.0,PRONOSTIA
S2_new_records,Bearing1_1,160,,0.0,PRONOSTIA
S2_new_records,Bearing1_1,160,,0.0,PRONOSTIA
S2_new_records,Bearing1_1,160,,0.0,PRONOSTIA
S2_new_records,Bearing1_1,160,,0.0,PRONOSTIA
S2_new_records,Bearing1_2,20,,0.05,PRONOSTIA
S2_new_records,Bearing1_2,20,,0.0,PRONOSTIA
S2_new_records,Bearing1_2,20,,0.03333333333333333,PRONOSTIA
S2_new_records,Bearing1_2,20,,0.0,PRONOSTIA
S2_new_records,Bearing1_2,20,,0.03333333333333333,PRONOSTIA
S2_new_records,Bearing1_2,20,,0.0,PRONOSTIA
S2_new_records,Bearing1_2,20,,0.05,PRONOSTIA
S2_new_records,Bearing1_2,20,,0.0,PRONOSTIA
S2_new_records,Bearing1_2,20,,0.08333333333333333,PRONOSTIA
S2_new_records,Bearing1_2,20,,0.05,PRONOSTIA
S2_new_records,Bearing1_2,20,,0.03333333333333333,PRONOSTIA
S2_new_records,Bearing1_2,20,,0.06666666666666667,PRONOSTIA
S2_new_records,Bearing1_2,20,,0.06666666666666667,PRONOSTIA
S2_new_records,Bearing1_2,20,,0.0,PRONOSTIA
S2_new_records,Bearing1_2,20,,0.0,PRONOSTIA
S2_new_records,Bearing1_2,20,,0.06666666666666667,PRONOSTIA
S2_new_records,Bearing1_2,20,,0.016666666666666666,PRONOSTIA
S2_new_records,Bearing1_2,20,,0.0,PRONOSTIA
S2_new_records,Bearing1_2,20,,0.016666666666666666,PRONOSTIA
S2_new_records,Bearing1_2,20,,0.0,PRONOSTIA
S2_new_records,Bearing1_2,20,,0.0,PRONOSTIA
S2_new_records,Bearing1_2,20,,0.0,PRONOSTIA
S2_new_records,Bearing1_2,20,,0.016666666666666666,PRONOSTIA
S2_new_records,Bearing1_2,20,,0.0,PRONOSTIA
S2_new_records,Bearing1_2,20,,0.0,PRONOSTIA
S2_new_records,Bearing1_2,20,,0.05,PRONOSTIA
S2_new_records,Bearing1_2,20,,0.03333333333333333,PRONOSTIA
S2_new_records,Bearing1_2,20,,0.0,PRONOSTIA
S2_new_records,Bearing1_2,20,,0.0,PRONOSTIA
S2_new_records,Bearing1_2,20,,0.016666666666666666,PRONOSTIA
S2_new_records,Bearing1_2,20,,0.0,PRONOSTIA
S2_new_records,Bearing1_2,20,,0.0,PRONOSTIA
S2_new_records,Bearing1_2,20,,0.0,PRONOSTIA
S2_new_records,Bearing1_2,20,,0.03333333333333333,PRONOSTIA
S2_new_records,Bearing1_2,20,,0.05,PRONOSTIA
S2_new_records,Bearing1_2,20,,0.0,PRONOSTIA
S2_new_records,Bearing1_2,20,,0.03333333333333333,PRONOSTIA
S2_new_records,Bearing1_2,20,,0.03333333333333333,PRONOSTIA
S2_new_records,Bearing1_2,20,,0.0,PRONOSTIA
S2_new_records,Bearing1_2,20,,0.0,PRONOSTIA
S2_new_records,Bearing1_2,20,,0.03333333333333333,PRONOSTIA
S2_new_records,Bearing1_2,20,,0.016666666666666666,PRONOSTIA
S2_new_records,Bearing1_2,20,,0.03333333333333333,PRONOSTIA
S2_new_records,Bearing1_2,20,,0.03333333333333333,PRONOSTIA
S2_new_records,Bearing1_2,20,,0.1,PRONOSTIA
S2_new_records,Bearing1_2,20,,0.03333333333333333,PRONOSTIA
S2_new_records,Bearing1_2,20,,0.03333333333333333,PRONOSTIA
S2_new_records,Bearing1_2,20,,0.03333333333333333,PRONOSTIA
S2_new_records,Bearing1_2,20,,0.016666666666666666,PRONOSTIA
S2_new_records,Bearing1_2,20,,0.03333333333333333,PRONOSTIA
S2_new_records,Bearing1_2,60,,0.03333333333333333,PRONOSTIA
S2_new_records,Bearing1_2,60,,0.016666666666666666,PRONOSTIA
S2_new_records,Bearing1_2,60,,0.03333333333333333,PRONOSTIA
S2_new_records,Bearing1_2,60,,0.05,PRONOSTIA
S2_new_records,Bearing1_2,60,,0.03333333333333333,PRONOSTIA
S2_new_records,Bearing1_2,60,,0.0,PRONOSTIA
S2_new_records,Bearing1_2,60,,0.016666666666666666,PRONOSTIA
S2_new_records,Bearing1_2,60,,0.016666666666666666,PRONOSTIA
S2_new_records,Bearing1_2,60,,0.03333333333333333,PRONOSTIA
S2_new_records,Bearing1_2,60,,0.0,PRONOSTIA
S2_new_records,Bearing1_2,60,,0.03333333333333333,PRONOSTIA
S2_new_records,Bearing1_2,60,,0.0,PRONOSTIA
S2_new_records,Bearing1_2,60,,0.03333333333333333,PRONOSTIA
S2_new_records,Bearing1_2,60,,0.0,PRONOSTIA
S2_new_records,Bearing1_2,60,,0.03333333333333333,PRONOSTIA
S2_new_records,Bearing1_2,60,,0.016666666666666666,PRONOSTIA
S2_new_records,Bearing1_2,60,,0.0,PRONOSTIA
S2_new_records,Bearing1_2,60,,0.03333333333333333,PRONOSTIA
S2_new_records,Bearing1_2,60,,0.0,PRONOSTIA
S2_new_records,Bearing1_2,60,,0.05,PRONOSTIA
S2_new_records,Bearing1_2,60,,0.0,PRONOSTIA
S2_new_records,Bearing1_2,60,,0.0,PRONOSTIA
S2_new_records,Bearing1_2,60,,0.0,PRONOSTIA
S2_new_records,Bearing1_2,60,,0.05,PRONOSTIA
S2_new_records,Bearing1_2,60,,0.03333333333333333,PRONOSTIA
S2_new_records,Bearing1_2,60,,0.0,PRONOSTIA
S2_new_records,Bearing1_2,60,,0.0,PRONOSTIA
S2_new_records,Bearing1_2,60,,0.03333333333333333,PRONOSTIA
S2_new_records,Bearing1_2,60,,0.03333333333333333,PRONOSTIA
S2_new_records,Bearing1_2,60,,0.016666666666666666,PRONOSTIA
S2_new_records,Bearing1_2,60,,0.016666666666666666,PRONOSTIA
S2_new_records,Bearing1_2,60,,0.03333333333333333,PRONOSTIA
S2_new_records,Bearing1_2,60,,0.05,PRONOSTIA
S2_new_records,Bearing1_2,60,,0.0,PRONOSTIA
S2_new_records,Bearing1_2,60,,0.03333333333333333,PRONOSTIA
S2_new_records,Bearing1_2,60,,0.0,PRONOSTIA
S2_new_records,Bearing1_2,60,,0.0,PRONOSTIA
S2_new_records,Bearing1_2,60,,0.03333333333333333,PRONOSTIA
S2_new_records,Bearing1_2,60,,0.0,PRONOSTIA
S2_new_records,Bearing1_2,60,,0.03333333333333333,PRONOSTIA
S2_new_records,Bearing1_2,60,,0.03333333333333333,PRONOSTIA
S2_new_records,Bearing1_2,60,,0.016666666666666666,PRONOSTIA
S2_new_records,Bearing1_2,60,,0.03333333333333333,PRONOSTIA
S2_new_records,Bearing1_2,60,,0.0,PRONOSTIA
S2_new_records,Bearing1_2,60,,0.03333333333333333,PRONOSTIA
S2_new_records,Bearing1_2,60,,0.0,PRONOSTIA
S2_new_records,Bearing1_2,60,,0.03333333333333333,PRONOSTIA
S2_new_records,Bearing1_2,60,,0.05,PRONOSTIA
S2_new_records,Bearing1_2,60,,0.03333333333333333,PRONOSTIA
S2_new_records,Bearing1_2,60,,0.03333333333333333,PRONOSTIA
S2_new_records,Bearing1_2,160,,0.016666666666666666,PRONOSTIA
S2_new_records,Bearing1_2,160,,0.0,PRONOSTIA
S2_new_records,Bearing1_2,160,,0.016666666666666666,PRONOSTIA
S2_new_records,Bearing1_2,160,,0.03333333333333333,PRONOSTIA
S2_new_records,Bearing1_2,160,,0.016666666666666666,PRONOSTIA
S2_new_records,Bearing1_2,160,,0.016666666666666666,PRONOSTIA
S2_new_records,Bearing1_2,160,,0.016666666666666666,PRONOSTIA
S2_new_records,Bearing1_2,160,,0.016666666666666666,PRONOSTIA
S2_new_records,Bearing1_2,160,,0.0,PRONOSTIA
S2_new_records,Bearing1_2,160,,0.016666666666666666,PRONOSTIA
S2_new_records,Bearing1_2,160,,0.0,PRONOSTIA
S2_new_records,Bearing1_2,160,,0.03333333333333333,PRONOSTIA
S2_new_records,Bearing1_2,160,,0.016666666666666666,PRONOSTIA
S2_new_records,Bearing1_2,160,,0.016666666666666666,PRONOSTIA
S2_new_records,Bearing1_2,160,,0.016666666666666666,PRONOSTIA
S2_new_records,Bearing1_2,160,,0.03333333333333333,PRONOSTIA
S2_new_records,Bearing1_2,160,,0.016666666666666666,PRONOSTIA
S2_new_records,Bearing1_2,160,,0.016666666666666666,PRONOSTIA
S2_new_records,Bearing1_2,160,,0.016666666666666666,PRONOSTIA
S2_new_records,Bearing1_2,160,,0.0,PRONOSTIA
S2_new_records,Bearing1_2,160,,0.016666666666666666,PRONOSTIA
S2_new_records,Bearing1_2,160,,0.03333333333333333,PRONOSTIA
S2_new_records,Bearing1_2,160,,0.016666666666666666,PRONOSTIA
S2_new_records,Bearing1_2,160,,0.016666666666666666,PRONOSTIA
S2_new_records,Bearing1_2,160,,0.016666666666666666,PRONOSTIA
S2_new_records,Bearing1_2,160,,0.0,PRONOSTIA
S2_new_records,Bearing1_2,160,,0.03333333333333333,PRONOSTIA
S2_new_records,Bearing1_2,160,,0.0,PRONOSTIA
S2_new_records,Bearing1_2,160,,0.03333333333333333,PRONOSTIA
S2_new_records,Bearing1_2,160,,0.03333333333333333,PRONOSTIA
S2_new_records,Bearing1_2,160,,0.03333333333333333,PRONOSTIA
S2_new_records,Bearing1_2,160,,0.016666666666666666,PRONOSTIA
S2_new_records,Bearing1_2,160,,0.0,PRONOSTIA
S2_new_records,Bearing1_2,160,,0.03333333333333333,PRONOSTIA
S2_new_records,Bearing1_2,160,,0.016666666666666666,PRONOSTIA
S2_new_records,Bearing1_2,160,,0.03333333333333333,PRONOSTIA
S2_new_records,Bearing1_2,160,,0.03333333333333333,PRONOSTIA
S2_new_records,Bearing1_2,160,,0.016666666666666666,PRONOSTIA
S2_new_records,Bearing1_2,160,,0.0,PRONOSTIA
S2_new_records,Bearing1_2,160,,0.016666666666666666,PRONOSTIA
S2_new_records,Bearing1_2,160,,0.0,PRONOSTIA
S2_new_records,Bearing1_2,160,,0.016666666666666666,PRONOSTIA
S2_new_records,Bearing1_2,160,,0.0,PRONOSTIA
S2_new_records,Bearing1_2,160,,0.03333333333333333,PRONOSTIA
S2_new_records,Bearing1_2,160,,0.016666666666666666,PRONOSTIA
S2_new_records,Bearing1_2,160,,0.03333333333333333,PRONOSTIA
S2_new_records,Bearing1_2,160,,0.03333333333333333,PRONOSTIA
S2_new_records,Bearing1_2,160,,0.03333333333333333,PRONOSTIA
S2_new_records,Bearing1_2,160,,0.016666666666666666,PRONOSTIA
S2_new_records,Bearing1_2,160,,0.016666666666666666,PRONOSTIA
S2_new_records,Bearing1_3,20,,0.016666666666666666,PRONOSTIA
S2_new_records,Bearing1_3,20,,0.0,PRONOSTIA
S2_new_records,Bearing1_3,20,,0.0,PRONOSTIA
S2_new_records,Bearing1_3,20,,0.0,PRONOSTIA
S2_new_records,Bearing1_3,20,,0.05,PRONOSTIA
S2_new_records,Bearing1_3,20,,0.03333333333333333,PRONOSTIA
S2_new_records,Bearing1_3,20,,0.0,PRONOSTIA
S2_new_records,Bearing1_3,20,,0.016666666666666666,PRONOSTIA
S2_new_records,Bearing1_3,20,,0.08333333333333333,PRONOSTIA
S2_new_records,Bearing1_3,20,,0.016666666666666666,PRONOSTIA
S2_new_records,Bearing1_3,20,,0.016666666666666666,PRONOSTIA
S2_new_records,Bearing1_3,20,,0.15,PRONOSTIA
S2_new_records,Bearing1_3,20,,0.0,PRONOSTIA
S2_new_records,Bearing1_3,20,,0.0,PRONOSTIA
S2_new_records,Bearing1_3,20,,0.03333333333333333,PRONOSTIA
S2_new_records,Bearing1_3,20,,0.03333333333333333,PRONOSTIA
S2_new_records,Bearing1_3,20,,0.03333333333333333,PRONOSTIA
S2_new_records,Bearing1_3,20,,0.06666666666666667,PRONOSTIA
S2_new_records,Bearing1_3,20,,0.06666666666666667,PRONOSTIA
S2_new_records,Bearing1_3,20,,0.0,PRONOSTIA
S2_new_records,Bearing1_3,20,,0.15,PRONOSTIA
S2_new_records,Bearing1_3,20,,0.0,PRONOSTIA
S2_new_records,Bearing1_3,20,,0.13333333333333333,PRONOSTIA
S2_new_records,Bearing1_3,20,,0.2,PRONOSTIA
S2_new_records,Bearing1_3,20,,0.016666666666666666,PRONOSTIA
S2_new_records,Bearing1_3,20,,0.2,PRONOSTIA
S2_new_records,Bearing1_3,20,,0.03333333333333333,PRONOSTIA
S2_new_records,Bearing1_3,20,,0.0,PRONOSTIA
S2_new_records,Bearing1_3,20,,0.0,PRONOSTIA
S2_new_records,Bearing1_3,20,,0.0,PRONOSTIA
S2_new_records,Bearing1_3,20,,0.016666666666666666,PRONOSTIA
S2_new_records,Bearing1_3,20,,0.06666666666666667,PRONOSTIA
S2_new_records,Bearing1_3,20,,0.0,PRONOSTIA
S2_new_records,Bearing1_3,20,,0.03333333333333333,PRONOSTIA
S2_new_records,Bearing1_3,20,,0.0,PRONOSTIA
S2_new_records,Bearing1_3,20,,0.0,PRONOSTIA
S2_new_records,Bearing1_3,20,,0.0,PRONOSTIA
S2_new_records,Bearing1_3,20,,0.0,PRONOSTIA
S2_new_records,Bearing1_3,20,,0.0,PRONOSTIA
S2_new_records,Bearing1_3,20,,0.0,PRONOSTIA
S2_new_records,Bearing1_3,20,,0.03333333333333333,PRONOSTIA
S2_new_records,Bearing1_3,20,,0.05,PRONOSTIA
S2_new_records,Bearing1_3,20,,0.03333333333333333,PRONOSTIA
S2_new_records,Bearing1_3,20,,0.0,PRONOSTIA
S2_new_records,Bearing1_3,20,,0.03333333333333333,PRONOSTIA
S2_new_records,Bearing1_3,20,,0.0,PRONOSTIA
S2_new_records,Bearing1_3,20,,0.2,PRONOSTIA
S2_new_records,Bearing1_3,20,,0.0,PRONOSTIA
S2_new_records,Bearing1_3,20,,0.0,PRONOSTIA
S2_new_records,Bearing1_3,20,,0.0,PRONOSTIA
S2_new_records,Bearing1_3,60,,0.0,PRONOSTIA
S2_new_records,Bearing1_3,60,,0.0,PRONOSTIA
S2_new_records,Bearing1_3,60,,0.016666666666666666,PRONOSTIA
S2_new_records,Bearing1_3,60,,0.1,PRONOSTIA
S2_new_records,Bearing1_3,60,,0.016666666666666666,PRONOSTIA
S2_new_records,Bearing1_3,60,,0.016666666666666666,PRONOSTIA
S2_new_records,Bearing1_3,60,,0.016666666666666666,PRONOSTIA
S2_new_records,Bearing1_3,60,,0.0,PRONOSTIA
S2_new_records,Bearing1_3,60,,0.0,PRONOSTIA
S2_new_records,Bearing1_3,60,,0.016666666666666666,PRONOSTIA
S2_new_records,Bearing1_3,60,,0.0,PRONOSTIA
S2_new_records,Bearing1_3,60,,0.0,PRONOSTIA
S2_new_records,Bearing1_3,60,,0.1,PRONOSTIA
S2_new_records,Bearing1_3,60,,0.0,PRONOSTIA
S2_new_records,Bearing1_3,60,,0.0,PRONOSTIA
S2_new_records,Bearing1_3,60,,0.016666666666666666,PRONOSTIA
S2_new_records,Bearing1_3,60,,0.0,PRONOSTIA
S2_new_records,Bearing1_3,60,,0.03333333333333333,PRONOSTIA
S2_new_records,Bearing1_3,60,,0.0,PRONOSTIA
S2_new_records,Bearing1_3,60,,0.016666666666666666,PRONOSTIA
S2_new_records,Bearing1_3,60,,0.03333333333333333,PRONOSTIA
S2_new_records,Bearing1_3,60,,0.0,PRONOSTIA
S2_new_records,Bearing1_3,60,,0.06666666666666667,PRONOSTIA
S2_new_records,Bearing1_3,60,,0.03333333333333333,PRONOSTIA
S2_new_records,Bearing1_3,60,,0.0,PRONOSTIA
S2_new_records,Bearing1_3,60,,0.0,PRONOSTIA
S2_new_records,Bearing1_3,60,,0.016666666666666666,PRONOSTIA
S2_new_records,Bearing1_3,60,,0.05,PRONOSTIA
S2_new_records,Bearing1_3,60,,0.0,PRONOSTIA
S2_new_records,Bearing1_3,60,,0.1,PRONOSTIA
S2_new_records,Bearing1_3,60,,0.0,PRONOSTIA
S2_new_records,Bearing1_3,60,,0.016666666666666666,PRONOSTIA
S2_new_records,Bearing1_3,60,,0.0,PRONOSTIA
S2_new_records,Bearing1_3,60,,0.0,PRONOSTIA
S2_new_records,Bearing1_3,60,,0.0,PRONOSTIA
S2_new_records,Bearing1_3,60,,0.03333333333333333,PRONOSTIA
S2_new_records,Bearing1_3,60,,0.0,PRONOSTIA
S2_new_records,Bearing1_3,60,,0.016666666666666666,PRONOSTIA
S2_new_records,Bearing1_3,60,,0.016666666666666666,PRONOSTIA
S2_new_records,Bearing1_3,60,,0.16666666666666666,PRONOSTIA
S2_new_records,Bearing1_3,60,,0.06666666666666667,PRONOSTIA
S2_new_records,Bearing1_3,60,,0.03333333333333333,PRONOSTIA
S2_new_records,Bearing1_3,60,,0.03333333333333333,PRONOSTIA
S2_new_records,Bearing1_3,60,,0.0,PRONOSTIA
S2_new_records,Bearing1_3,60,,0.0,PRONOSTIA
S2_new_records,Bearing1_3,60,,0.016666666666666666,PRONOSTIA
S2_new_records,Bearing1_3,60,,0.0,PRONOSTIA
S2_new_records,Bearing1_3,60,,0.0,PRONOSTIA
S2_new_records,Bearing1_3,60,,0.0,PRONOSTIA
S2_new_records,Bearing1_3,60,,0.05,PRONOSTIA
S2_new_records,Bearing1_3,160,,0.016666666666666666,PRONOSTIA
S2_new_records,Bearing1_3,160,,0.05,PRONOSTIA
S2_new_records,Bearing1_3,160,,0.016666666666666666,PRONOSTIA
S2_new_records,Bearing1_3,160,,0.0,PRONOSTIA
S2_new_records,Bearing1_3,160,,0.03333333333333333,PRONOSTIA
S2_new_records,Bearing1_3,160,,0.016666666666666666,PRONOSTIA
S2_new_records,Bearing1_3,160,,0.016666666666666666,PRONOSTIA
S2_new_records,Bearing1_3,160,,0.016666666666666666,PRONOSTIA
S2_new_records,Bearing1_3,160,,0.016666666666666666,PRONOSTIA
S2_new_records,Bearing1_3,160,,0.016666666666666666,PRONOSTIA
S2_new_records,Bearing1_3,160,,0.03333333333333333,PRONOSTIA
S2_new_records,Bearing1_3,160,,0.05,PRONOSTIA
S2_new_records,Bearing1_3,160,,0.0,PRONOSTIA
S2_new_records,Bearing1_3,160,,0.016666666666666666,PRONOSTIA
S2_new_records,Bearing1_3,160,,0.016666666666666666,PRONOSTIA
S2_new_records,Bearing1_3,160,,0.0,PRONOSTIA
S2_new_records,Bearing1_3,160,,0.0,PRONOSTIA
S2_new_records,Bearing1_3,160,,0.0,PRONOSTIA
S2_new_records,Bearing1_3,160,,0.016666666666666666,PRONOSTIA
S2_new_records,Bearing1_3,160,,0.016666666666666666,PRONOSTIA
S2_new_records,Bearing1_3,160,,0.03333333333333333,PRONOSTIA
S2_new_records,Bearing1_3,160,,0.016666666666666666,PRONOSTIA
S2_new_records,Bearing1_3,160,,0.016666666666666666,PRONOSTIA
S2_new_records,Bearing1_3,160,,0.016666666666666666,PRONOSTIA
S2_new_records,Bearing1_3,160,,0.03333333333333333,PRONOSTIA
S2_new_records,Bearing1_3,160,,0.016666666666666666,PRONOSTIA
S2_new_records,Bearing1_3,160,,0.0,PRONOSTIA
S2_new_records,Bearing1_3,160,,0.016666666666666666,PRONOSTIA
S2_new_records,Bearing1_3,160,,0.016666666666666666,PRONOSTIA
S2_new_records,Bearing1_3,160,,0.08333333333333333,PRONOSTIA
S2_new_records,Bearing1_3,160,,0.016666666666666666,PRONOSTIA
S2_new_records,Bearing1_3,160,,0.05,PRONOSTIA
S2_new_records,Bearing1_3,160,,0.016666666666666666,PRONOSTIA
S2_new_records,Bearing1_3,160,,0.016666666666666666,PRONOSTIA
S2_new_records,Bearing1_3,160,,0.016666666666666666,PRONOSTIA
S2_new_records,Bearing1_3,160,,0.0,PRONOSTIA
S2_new_records,Bearing1_3,160,,0.016666666666666666,PRONOSTIA
S2_new_records,Bearing1_3,160,,0.016666666666666666,PRONOSTIA
S2_new_records,Bearing1_3,160,,0.016666666666666666,PRONOSTIA
S2_new_records,Bearing1_3,160,,0.016666666666666666,PRONOSTIA
S2_new_records,Bearing1_3,160,,0.016666666666666666,PRONOSTIA
S2_new_records,Bearing1_3,160,,0.016666666666666666,PRONOSTIA
S2_new_records,Bearing1_3,160,,0.016666666666666666,PRONOSTIA
S2_new_records,Bearing1_3,160,,0.0,PRONOSTIA
S2_new_records,Bearing1_3,160,,0.0,PRONOSTIA
S2_new_records,Bearing1_3,160,,0.06666666666666667,PRONOSTIA
S2_new_records,Bearing1_3,160,,0.016666666666666666,PRONOSTIA
S2_new_records,Bearing1_3,160,,0.016666666666666666,PRONOSTIA
S2_new_records,Bearing1_3,160,,0.016666666666666666,PRONOSTIA
S2_new_records,Bearing1_3,160,,0.0,PRONOSTIA
S2_new_records,Bearing1_4,20,,0.0,PRONOSTIA
S2_new_records,Bearing1_4,20,,0.0,PRONOSTIA
S2_new_records,Bearing1_4,20,,0.0,PRONOSTIA
S2_new_records,Bearing1_4,20,,0.0,PRONOSTIA
S2_new_records,Bearing1_4,20,,0.0,PRONOSTIA
S2_new_records,Bearing1_4,20,,0.0,PRONOSTIA
S2_new_records,Bearing1_4,20,,0.0,PRONOSTIA
S2_new_records,Bearing1_4,20,,0.0,PRONOSTIA
S2_new_records,Bearing1_4,20,,0.0,PRONOSTIA
S2_new_records,Bearing1_4,20,,0.0,PRONOSTIA
S2_new_records,Bearing1_4,20,,0.0,PRONOSTIA
S2_new_records,Bearing1_4,20,,0.0,PRONOSTIA
S2_new_records,Bearing1_4,20,,0.0,PRONOSTIA
S2_new_records,Bearing1_4,20,,0.0,PRONOSTIA
S2_new_records,Bearing1_4,20,,0.0,PRONOSTIA
S2_new_records,Bearing1_4,20,,0.0,PRONOSTIA
S2_new_records,Bearing1_4,20,,0.0,PRONOSTIA
S2_new_records,Bearing1_4,20,,0.0,PRONOSTIA
S2_new_records,Bearing1_4,20,,0.0,PRONOSTIA
S2_new_records,Bearing1_4,20,,0.0,PRONOSTIA
S2_new_records,Bearing1_4,20,,0.0,PRONOSTIA
S2_new_records,Bearing1_4,20,,0.0,PRONOSTIA
S2_new_records,Bearing1_4,20,,0.0,PRONOSTIA
S2_new_records,Bearing1_4,20,,0.0,PRONOSTIA
S2_new_records,Bearing1_4,20,,0.0,PRONOSTIA
S2_new_records,Bearing1_4,20,,0.0,PRONOSTIA
S2_new_records,Bearing1_4,20,,0.0,PRONOSTIA
S2_new_records,Bearing1_4,20,,0.0,PRONOSTIA
S2_new_records,Bearing1_4,20,,0.0,PRONOSTIA
S2_new_records,Bearing1_4,20,,0.0,PRONOSTIA
S2_new_records,Bearing1_4,20,,0.0,PRONOSTIA
S2_new_records,Bearing1_4,20,,0.0,PRONOSTIA
S2_new_records,Bearing1_4,20,,0.0,PRONOSTIA
S2_new_records,Bearing1_4,20,,0.0,PRONOSTIA
S2_new_records,Bearing1_4,20,,0.0,PRONOSTIA
S2_new_records,Bearing1_4,20,,0.0,PRONOSTIA
S2_new_records,Bearing1_4,20,,0.0,PRONOSTIA
S2_new_records,Bearing1_4,20,,0.0,PRONOSTIA
S2_new_records,Bearing1_4,20,,0.0,PRONOSTIA
S2_new_records,Bearing1_4,20,,0.0,PRONOSTIA
S2_new_records,Bearing1_4,20,,0.0,PRONOSTIA
S2_new_records,Bearing1_4,20,,0.0,PRONOSTIA
S2_new_records,Bearing1_4,20,,0.0,PRONOSTIA
S2_new_records,Bearing1_4,20,,0.0,PRONOSTIA
S2_new_records,Bearing1_4,20,,0.0,PRONOSTIA
S2_new_records,Bearing1_4,20,,0.0,PRONOSTIA
S2_new_records,Bearing1_4,20,,0.0,PRONOSTIA
S2_new_records,Bearing1_4,20,,0.0,PRONOSTIA
S2_new_records,Bearing1_4,20,,0.0,PRONOSTIA
S2_new_records,Bearing1_4,20,,0.0,PRONOSTIA
S2_new_records,Bearing1_4,60,,0.0,PRONOSTIA
S2_new_records,Bearing1_4,60,,0.0,PRONOSTIA
S2_new_records,Bearing1_4,60,,0.0,PRONOSTIA
S2_new_records,Bearing1_4,60,,0.0,PRONOSTIA
S2_new_records,Bearing1_4,60,,0.0,PRONOSTIA
S2_new_records,Bearing1_4,60,,0.0,PRONOSTIA
S2_new_records,Bearing1_4,60,,0.0,PRONOSTIA
S2_new_records,Bearing1_4,60,,0.0,PRONOSTIA
S2_new_records,Bearing1_4,60,,0.0,PRONOSTIA
S2_new_records,Bearing1_4,60,,0.0,PRONOSTIA
S2_new_records,Bearing1_4,60,,0.0,PRONOSTIA
S2_new_records,Bearing1_4,60,,0.0,PRONOSTIA
S2_new_records,Bearing1_4,60,,0.0,PRONOSTIA
S2_new_records,Bearing1_4,60,,0.0,PRONOSTIA
S2_new_records,Bearing1_4,60,,0.0,PRONOSTIA
S2_new_records,Bearing1_4,60,,0.0,PRONOSTIA
S2_new_records,Bearing1_4,60,,0.0,PRONOSTIA
S2_new_records,Bearing1_4,60,,0.0,PRONOSTIA
S2_new_records,Bearing1_4,60,,0.0,PRONOSTIA
S2_new_records,Bearing1_4,60,,0.0,PRONOSTIA
S2_new_records,Bearing1_4,60,,0.0,PRONOSTIA
S2_new_records,Bearing1_4,60,,0.0,PRONOSTIA
S2_new_records,Bearing1_4,60,,0.0,PRONOSTIA
S2_new_records,Bearing1_4,60,,0.0,PRONOSTIA
S2_new_records,Bearing1_4,60,,0.0,PRONOSTIA
S2_new_records,Bearing1_4,60,,0.0,PRONOSTIA
S2_new_records,Bearing1_4,60,,0.0,PRONOSTIA
S2_new_records,Bearing1_4,60,,0.0,PRONOSTIA
S2_new_records,Bearing1_4,60,,0.0,PRONOSTIA
S2_new_records,Bearing1_4,60,,0.0,PRONOSTIA
S2_new_records,Bearing1_4,60,,0.0,PRONOSTIA
S2_new_records,Bearing1_4,60,,0.0,PRONOSTIA
S2_new_records,Bearing1_4,60,,0.0,PRONOSTIA
S2_new_records,Bearing1_4,60,,0.0,PRONOSTIA
S2_new_records,Bearing1_4,60,,0.0,PRONOSTIA
S2_new_records,Bearing1_4,60,,0.0,PRONOSTIA
S2_new_records,Bearing1_4,60,,0.0,PRONOSTIA
S2_new_records,Bearing1_4,60,,0.0,PRONOSTIA
S2_new_records,Bearing1_4,60,,0.0,PRONOSTIA
S2_new_records,Bearing1_4,60,,0.0,PRONOSTIA
S2_new_records,Bearing1_4,60,,0.0,PRONOSTIA
S2_new_records,Bearing1_4,60,,0.0,PRONOSTIA
S2_new_records,Bearing1_4,60,,0.0,PRONOSTIA
S2_new_records,Bearing1_4,60,,0.0,PRONOSTIA
S2_new_records,Bearing1_4,60,,0.0,PRONOSTIA
S2_new_records,Bearing1_4,60,,0.0,PRONOSTIA
S2_new_records,Bearing1_4,60,,0.0,PRONOSTIA
S2_new_records,Bearing1_4,60,,0.0,PRONOSTIA
S2_new_records,Bearing1_4,60,,0.0,PRONOSTIA
S2_new_records,Bearing1_4,60,,0.0,PRONOSTIA
S2_new_records,Bearing1_4,160,,0.0,PRONOSTIA
S2_new_records,Bearing1_4,160,,0.0,PRONOSTIA
S2_new_records,Bearing1_4,160,,0.0,PRONOSTIA
S2_new_records,Bearing1_4,160,,0.0,PRONOSTIA
S2_new_records,Bearing1_4,160,,0.0,PRONOSTIA
S2_new_records,Bearing1_4,160,,0.0,PRONOSTIA
S2_new_records,Bearing1_4,160,,0.0,PRONOSTIA
S2_new_records,Bearing1_4,160,,0.0,PRONOSTIA
S2_new_records,Bearing1_4,160,,0.0,PRONOSTIA
S2_new_records,Bearing1_4,160,,0.0,PRONOSTIA
S2_new_records,Bearing1_4,160,,0.0,PRONOSTIA
S2_new_records,Bearing1_4,160,,0.0,PRONOSTIA
S2_new_records,Bearing1_4,160,,0.0,PRONOSTIA
S2_new_records,Bearing1_4,160,,0.0,PRONOSTIA
S2_new_records,Bearing1_4,160,,0.0,PRONOSTIA
S2_new_records,Bearing1_4,160,,0.0,PRONOSTIA
S2_new_records,Bearing1_4,160,,0.0,PRONOSTIA
S2_new_records,Bearing1_4,160,,0.0,PRONOSTIA
S2_new_records,Bearing1_4,160,,0.0,PRONOSTIA
S2_new_records,Bearing1_4,160,,0.0,PRONOSTIA
S2_new_records,Bearing1_4,160,,0.0,PRONOSTIA
S2_new_records,Bearing1_4,160,,0.0,PRONOSTIA
S2_new_records,Bearing1_4,160,,0.0,PRONOSTIA
S2_new_records,Bearing1_4,160,,0.0,PRONOSTIA
S2_new_records,Bearing1_4,160,,0.0,PRONOSTIA
S2_new_records,Bearing1_4,160,,0.0,PRONOSTIA
S2_new_records,Bearing1_4,160,,0.0,PRONOSTIA
S2_new_records,Bearing1_4,160,,0.0,PRONOSTIA
S2_new_records,Bearing1_4,160,,0.0,PRONOSTIA
S2_new_records,Bearing1_4,160,,0.0,PRONOSTIA
S2_new_records,Bearing1_4,160,,0.0,PRONOSTIA
S2_new_records,Bearing1_4,160,,0.0,PRONOSTIA
S2_new_records,Bearing1_4,160,,0.0,PRONOSTIA
S2_new_records,Bearing1_4,160,,0.0,PRONOSTIA
S2_new_records,Bearing1_4,160,,0.0,PRONOSTIA
S2_new_records,Bearing1_4,160,,0.0,PRONOSTIA
S2_new_records,Bearing1_4,160,,0.0,PRONOSTIA
S2_new_records,Bearing1_4,160,,0.0,PRONOSTIA
S2_new_records,Bearing1_4,160,,0.0,PRONOSTIA
S2_new_records,Bearing1_4,160,,0.0,PRONOSTIA
S2_new_records,Bearing1_4,160,,0.0,PRONOSTIA
S2_new_records,Bearing1_4,160,,0.0,PRONOSTIA
S2_new_records,Bearing1_4,160,,0.0,PRONOSTIA
S2_new_records,Bearing1_4,160,,0.0,PRONOSTIA
S2_new_records,Bearing1_4,160,,0.0,PRONOSTIA
S2_new_records,Bearing1_4,160,,0.0,PRONOSTIA
S2_new_records,Bearing1_4,160,,0.0,PRONOSTIA
S2_new_records,Bearing1_4,160,,0.0,PRONOSTIA
S2_new_records,Bearing1_4,160,,0.0,PRONOSTIA
S2_new_records,Bearing1_4,160,,0.0,PRONOSTIA
S2_new_records,Bearing1_5,20,,0.016666666666666666,PRONOSTIA
S2_new_records,Bearing1_5,20,,0.0,PRONOSTIA
S2_new_records,Bearing1_5,20,,0.0,PRONOSTIA
S2_new_records,Bearing1_5,20,,0.03333333333333333,PRONOSTIA
S2_new_records,Bearing1_5,20,,0.0,PRONOSTIA
S2_new_records,Bearing1_5,20,,0.0,PRONOSTIA
S2_new_records,Bearing1_5,20,,0.0,PRONOSTIA
S2_new_records,Bearing1_5,20,,0.0,PRONOSTIA
S2_new_records,Bearing1_5,20,,0.0,PRONOSTIA
S2_new_records,Bearing1_5,20,,0.0,PRONOSTIA
S2_new_records,Bearing1_5,20,,0.0,PRONOSTIA
S2_new_records,Bearing1_5,20,,0.0,PRONOSTIA
S2_new_records,Bearing1_5,20,,0.0,PRONOSTIA
S2_new_records,Bearing1_5,20,,0.03333333333333333,PRONOSTIA
S2_new_records,Bearing1_5,20,,0.0,PRONOSTIA
S2_new_records,Bearing1_5,20,,0.03333333333333333,PRONOSTIA
S2_new_records,Bearing1_5,20,,0.0,PRONOSTIA
S2_new_records,Bearing1_5,20,,0.0,PRONOSTIA
S2_new_records,Bearing1_5,20,,0.0,PRONOSTIA
S2_new_records,Bearing1_5,20,,0.0,PRONOSTIA
S2_new_records,Bearing1_5,20,,0.05,PRONOSTIA
S2_new_records,Bearing1_5,20,,0.0,PRONOSTIA
S2_new_records,Bearing1_5,20,,0.03333333333333333,PRONOSTIA
S2_new_records,Bearing1_5,20,,0.0,PRONOSTIA
S2_new_records,Bearing1_5,20,,0.0,PRONOSTIA
S2_new_records,Bearing1_5,20,,0.016666666666666666,PRONOSTIA
S2_new_records,Bearing1_5,20,,0.0,PRONOSTIA
S2_new_records,Bearing1_5,20,,0.016666666666666666,PRONOSTIA
S2_new_records,Bearing1_5,20,,0.016666666666666666,PRONOSTIA
S2_new_records,Bearing1_5,20,,0.0,PRONOSTIA
S2_new_records,Bearing1_5,20,,0.0,PRONOSTIA
S2_new_records,Bearing1_5,20,,0.0,PRONOSTIA
S2_new_records,Bearing1_5,20,,0.0,PRONOSTIA
S2_new_records,Bearing1_5,20,,0.03333333333333333,PRONOSTIA
S2_new_records,Bearing1_5,20,,0.0,PRONOSTIA
S2_new_records,Bearing1_5,20,,0.0,PRONOSTIA
S2_new_records,Bearing1_5,20,,0.0,PRONOSTIA
S2_new_records,Bearing1_5,20,,0.0,PRONOSTIA
S2_new_records,Bearing1_5,20,,0.0,PRONOSTIA
S2_new_records,Bearing1_5,20,,0.0,PRONOSTIA
S2_new_records,Bearing1_5,20,,0.016666666666666666,PRONOSTIA
S2_new_records,Bearing1_5,20,,0.0,PRONOSTIA
S2_new_records,Bearing1_5,20,,0.0,PRONOSTIA
S2_new_records,Bearing1_5,20,,0.03333333333333333,PRONOSTIA
S2_new_records,Bearing1_5,20,,0.0,PRONOSTIA
S2_new_records,Bearing1_5,20,,0.0,PRONOSTIA
S2_new_records,Bearing1_5,20,,0.1,PRONOSTIA
S2_new_records,Bearing1_5,20,,0.016666666666666666,PRONOSTIA
S2_new_records,Bearing1_5,20,,0.0,PRONOSTIA
S2_new_records,Bearing1_5,20,,0.0,PRONOSTIA
S2_new_records,Bearing1_5,60,,0.0,PRONOSTIA
S2_new_records,Bearing1_5,60,,0.0,PRONOSTIA
S2_new_records,Bearing1_5,60,,0.016666666666666666,PRONOSTIA
S2_new_records,Bearing1_5,60,,0.0,PRONOSTIA
S2_new_records,Bearing1_5,60,,0.0,PRONOSTIA
S2_new_records,Bearing1_5,60,,0.0,PRONOSTIA
S2_new_records,Bearing1_5,60,,0.0,PRONOSTIA
S2_new_records,Bearing1_5,60,,0.0,PRONOSTIA
S2_new_records,Bearing1_5,60,,0.016666666666666666,PRONOSTIA
S2_new_records,Bearing1_5,60,,0.0,PRONOSTIA
S2_new_records,Bearing1_5,60,,0.0,PRONOSTIA
S2_new_records,Bearing1_5,60,,0.0,PRONOSTIA
S2_new_records,Bearing1_5,60,,0.0,PRONOSTIA
S2_new_records,Bearing1_5,60,,0.0,PRONOSTIA
S2_new_records,Bearing1_5,60,,0.0,PRONOSTIA
S2_new_records,Bearing1_5,60,,0.0,PRONOSTIA
S2_new_records,Bearing1_5,60,,0.0,PRONOSTIA
S2_new_records,Bearing1_5,60,,0.0,PRONOSTIA
S2_new_records,Bearing1_5,60,,0.0,PRONOSTIA
S2_new_records,Bearing1_5,60,,0.016666666666666666,PRONOSTIA
S2_new_records,Bearing1_5,60,,0.0,PRONOSTIA
S2_new_records,Bearing1_5,60,,0.0,PRONOSTIA
S2_new_records,Bearing1_5,60,,0.0,PRONOSTIA
S2_new_records,Bearing1_5,60,,0.0,PRONOSTIA
S2_new_records,Bearing1_5,60,,0.0,PRONOSTIA
S2_new_records,Bearing1_5,60,,0.0,PRONOSTIA
S2_new_records,Bearing1_5,60,,0.0,PRONOSTIA
S2_new_records,Bearing1_5,60,,0.0,PRONOSTIA
S2_new_records,Bearing1_5,60,,0.0,PRONOSTIA
S2_new_records,Bearing1_5,60,,0.0,PRONOSTIA
S2_new_records,Bearing1_5,60,,0.016666666666666666,PRONOSTIA
S2_new_records,Bearing1_5,60,,0.0,PRONOSTIA
S2_new_records,Bearing1_5,60,,0.0,PRONOSTIA
S2_new_records,Bearing1_5,60,,0.0,PRONOSTIA
S2_new_records,Bearing1_5,60,,0.0,PRONOSTIA
S2_new_records,Bearing1_5,60,,0.0,PRONOSTIA
S2_new_records,Bearing1_5,60,,0.0,PRONOSTIA
S2_new_records,Bearing1_5,60,,0.0,PRONOSTIA
S2_new_records,Bearing1_5,60,,0.0,PRONOSTIA
S2_new_records,Bearing1_5,60,,0.0,PRONOSTIA
S2_new_records,Bearing1_5,60,,0.0,PRONOSTIA
S2_new_records,Bearing1_5,60,,0.0,PRONOSTIA
S2_new_records,Bearing1_5,60,,0.0,PRONOSTIA
S2_new_records,Bearing1_5,60,,0.0,PRONOSTIA
S2_new_records,Bearing1_5,60,,0.016666666666666666,PRONOSTIA
S2_new_records,Bearing1_5,60,,0.0,PRONOSTIA
S2_new_records,Bearing1_5,60,,0.03333333333333333,PRONOSTIA
S2_new_records,Bearing1_5,60,,0.0,PRONOSTIA
S2_new_records,Bearing1_5,60,,0.0,PRONOSTIA
S2_new_records,Bearing1_5,60,,0.0,PRONOSTIA
S2_new_records,Bearing1_5,160,,0.0,PRONOSTIA
S2_new_records,Bearing1_5,160,,0.0,PRONOSTIA
S2_new_records,Bearing1_5,160,,0.0,PRONOSTIA
S2_new_records,Bearing1_5,160,,0.0,PRONOSTIA
S2_new_records,Bearing1_5,160,,0.0,PRONOSTIA
S2_new_records,Bearing1_5,160,,0.0,PRONOSTIA
S2_new_records,Bearing1_5,160,,0.0,PRONOSTIA
S2_new_records,Bearing1_5,160,,0.0,PRONOSTIA
S2_new_records,Bearing1_5,160,,0.0,PRONOSTIA
S2_new_records,Bearing1_5,160,,0.0,PRONOSTIA
S2_new_records,Bearing1_5,160,,0.0,PRONOSTIA
S2_new_records,Bearing1_5,160,,0.0,PRONOSTIA
S2_new_records,Bearing1_5,160,,0.0,PRONOSTIA
S2_new_records,Bearing1_5,160,,0.0,PRONOSTIA
S2_new_records,Bearing1_5,160,,0.0,PRONOSTIA
S2_new_records,Bearing1_5,160,,0.0,PRONOSTIA
S2_new_records,Bearing1_5,160,,0.0,PRONOSTIA
S2_new_records,Bearing1_5,160,,0.0,PRONOSTIA
S2_new_records,Bearing1_5,160,,0.0,PRONOSTIA
S2_new_records,Bearing1_5,160,,0.0,PRONOSTIA
S2_new_records,Bearing1_5,160,,0.0,PRONOSTIA
S2_new_records,Bearing1_5,160,,0.0,PRONOSTIA
S2_new_records,Bearing1_5,160,,0.0,PRONOSTIA
S2_new_records,Bearing1_5,160,,0.0,PRONOSTIA
S2_new_records,Bearing1_5,160,,0.0,PRONOSTIA
S2_new_records,Bearing1_5,160,,0.0,PRONOSTIA
S2_new_records,Bearing1_5,160,,0.0,PRONOSTIA
S2_new_records,Bearing1_5,160,,0.0,PRONOSTIA
S2_new_records,Bearing1_5,160,,0.0,PRONOSTIA
S2_new_records,Bearing1_5,160,,0.0,PRONOSTIA
S2_new_records,Bearing1_5,160,,0.016666666666666666,PRONOSTIA
S2_new_records,Bearing1_5,160,,0.0,PRONOSTIA
S2_new_records,Bearing1_5,160,,0.0,PRONOSTIA
S2_new_records,Bearing1_5,160,,0.0,PRONOSTIA
S2_new_records,Bearing1_5,160,,0.0,PRONOSTIA
S2_new_records,Bearing1_5,160,,0.016666666666666666,PRONOSTIA
S2_new_records,Bearing1_5,160,,0.0,PRONOSTIA
S2_new_records,Bearing1_5,160,,0.0,PRONOSTIA
S2_new_records,Bearing1_5,160,,0.0,PRONOSTIA
S2_new_records,Bearing1_5,160,,0.0,PRONOSTIA
S2_new_records,Bearing1_5,160,,0.0,PRONOSTIA
S2_new_records,Bearing1_5,160,,0.0,PRONOSTIA
S2_new_records,Bearing1_5,160,,0.0,PRONOSTIA
S2_new_records,Bearing1_5,160,,0.0,PRONOSTIA
S2_new_records,Bearing1_5,160,,0.0,PRONOSTIA
S2_new_records,Bearing1_5,160,,0.0,PRONOSTIA
S2_new_records,Bearing1_5,160,,0.0,PRONOSTIA
S2_new_records,Bearing1_5,160,,0.0,PRONOSTIA
S2_new_records,Bearing1_5,160,,0.0,PRONOSTIA
S2_new_records,Bearing1_5,160,,0.0,PRONOSTIA
S2_new_records,Bearing1_6,20,,0.03333333333333333,PRONOSTIA
S2_new_records,Bearing1_6,20,,0.0,PRONOSTIA
S2_new_records,Bearing1_6,20,,0.0,PRONOSTIA
S2_new_records,Bearing1_6,20,,0.11666666666666667,PRONOSTIA
S2_new_records,Bearing1_6,20,,0.18333333333333332,PRONOSTIA
S2_new_records,Bearing1_6,20,,0.0,PRONOSTIA
S2_new_records,Bearing1_6,20,,0.0,PRONOSTIA
S2_new_records,Bearing1_6,20,,0.2,PRONOSTIA
S2_new_records,Bearing1_6,20,,0.25,PRONOSTIA
S2_new_records,Bearing1_6,20,,0.0,PRONOSTIA
S2_new_records,Bearing1_6,20,,0.016666666666666666,PRONOSTIA
S2_new_records,Bearing1_6,20,,0.016666666666666666,PRONOSTIA
S2_new_records,Bearing1_6,20,,0.06666666666666667,PRONOSTIA
S2_new_records,Bearing1_6,20,,0.016666666666666666,PRONOSTIA
S2_new_records,Bearing1_6,20,,0.1,PRONOSTIA
S2_new_records,Bearing1_6,20,,0.06666666666666667,PRONOSTIA
S2_new_records,Bearing1_6,20,,0.016666666666666666,PRONOSTIA
S2_new_records,Bearing1_6,20,,0.0,PRONOSTIA
S2_new_records,Bearing1_6,20,,0.0,PRONOSTIA
S2_new_records,Bearing1_6,20,,0.0,PRONOSTIA
S2_new_records,Bearing1_6,20,,0.0,PRONOSTIA
S2_new_records,Bearing1_6,20,,0.05,PRONOSTIA
S2_new_records,Bearing1_6,20,,0.0,PRONOSTIA
S2_new_records,Bearing1_6,20,,0.03333333333333333,PRONOSTIA
S2_new_records,Bearing1_6,20,,0.0,PRONOSTIA
S2_new_records,Bearing1_6,20,,0.05,PRONOSTIA
S2_new_records,Bearing1_6,20,,0.08333333333333333,PRONOSTIA
S2_new_records,Bearing1_6,20,,0.0,PRONOSTIA
S2_new_records,Bearing1_6,20,,0.016666666666666666,PRONOSTIA
S2_new_records,Bearing1_6,20,,0.05,PRONOSTIA
S2_new_records,Bearing1_6,20,,0.0,PRONOSTIA
S2_new_records,Bearing1_6,20,,0.0,PRONOSTIA
S2_new_records,Bearing1_6,20,,0.0,PRONOSTIA
S2_new_records,Bearing1_6,20,,0.0,PRONOSTIA
S2_new_records,Bearing1_6,20,,0.0,PRONOSTIA
S2_new_records,Bearing1_6,20,,0.06666666666666667,PRONOSTIA
S2_new_records,Bearing1_6,20,,0.3,PRONOSTIA
S2_new_records,Bearing1_6,20,,0.0,PRONOSTIA
S2_new_records,Bearing1_6,20,,0.0,PRONOSTIA
S2_new_records,Bearing1_6,20,,0.05,PRONOSTIA
S2_new_records,Bearing1_6,20,,0.0,PRONOSTIA
S2_new_records,Bearing1_6,20,,0.0,PRONOSTIA
S2_new_records,Bearing1_6,20,,0.016666666666666666,PRONOSTIA
S2_new_records,Bearing1_6,20,,0.03333333333333333,PRONOSTIA
S2_new_records,Bearing1_6,20,,0.05,PRONOSTIA
S2_new_records,Bearing1_6,20,,0.0,PRONOSTIA
S2_new_records,Bearing1_6,20,,0.31666666666666665,PRONOSTIA
S2_new_records,Bearing1_6,20,,0.0,PRONOSTIA
S2_new_records,Bearing1_6,20,,0.016666666666666666,PRONOSTIA
S2_new_records,Bearing1_6,20,,0.0,PRONOSTIA
S2_new_records,Bearing1_6,60,,0.016666666666666666,PRONOSTIA
S2_new_records,Bearing1_6,60,,0.13333333333333333,PRONOSTIA
S2_new_records,Bearing1_6,60,,0.016666666666666666,PRONOSTIA
S2_new_records,Bearing1_6,60,,0.15,PRONOSTIA
S2_new_records,Bearing1_6,60,,0.0,PRONOSTIA
S2_new_records,Bearing1_6,60,,0.0,PRONOSTIA
S2_new_records,Bearing1_6,60,,0.016666666666666666,PRONOSTIA
S2_new_records,Bearing1_6,60,,0.0,PRONOSTIA
S2_new_records,Bearing1_6,60,,0.06666666666666667,PRONOSTIA
S2_new_records,Bearing1_6,60,,0.0,PRONOSTIA
S2_new_records,Bearing1_6,60,,0.0,PRONOSTIA
S2_new_records,Bearing1_6,60,,0.0,PRONOSTIA
S2_new_records,Bearing1_6,60,,0.1,PRONOSTIA
S2_new_records,Bearing1_6,60,,0.0,PRONOSTIA
S2_new_records,Bearing1_6,60,,0.0,PRONOSTIA
S2_new_records,Bearing1_6,60,,0.03333333333333333,PRONOSTIA
S2_new_records,Bearing1_6,60,,0.0,PRONOSTIA
S2_new_records,Bearing1_6,60,,0.03333333333333333,PRONOSTIA
S2_new_records,Bearing1_6,60,,0.0,PRONOSTIA
S2_new_records,Bearing1_6,60,,0.0,PRONOSTIA
S2_new_records,Bearing1_6,60,,0.05,PRONOSTIA
S2_new_records,Bearing1_6,60,,0.0,PRONOSTIA
S2_new_records,Bearing1_6,60,,0.0,PRONOSTIA
S2_new_records,Bearing1_6,60,,0.016666666666666666,PRONOSTIA
S2_new_records,Bearing1_6,60,,0.0,PRONOSTIA
S2_new_records,Bearing1_6,60,,0.016666666666666666,PRONOSTIA
S2_new_records,Bearing1_6,60,,0.03333333333333333,PRONOSTIA
S2_new_records,Bearing1_6,60,,0.0,PRONOSTIA
S2_new_records,Bearing1_6,60,,0.15,PRONOSTIA
S2_new_records,Bearing1_6,60,,0.0,PRONOSTIA
S2_new_records,Bearing1_6,60,,0.16666666666666666,PRONOSTIA
S2_new_records,Bearing1_6,60,,0.0,PRONOSTIA
S2_new_records,Bearing1_6,60,,0.0,PRONOSTIA
S2_new_records,Bearing1_6,60,,0.0,PRONOSTIA
S2_new_records,Bearing1_6,60,,0.0,PRONOSTIA
S2_new_records,Bearing1_6,60,,0.0,PRONOSTIA
S2_new_records,Bearing1_6,60,,0.0,PRONOSTIA
S2_new_records,Bearing1_6,60,,0.0,PRONOSTIA
S2_new_records,Bearing1_6,60,,0.0,PRONOSTIA
S2_new_records,Bearing1_6,60,,0.0,PRONOSTIA
S2_new_records,Bearing1_6,60,,0.0,PRONOSTIA
S2_new_records,Bearing1_6,60,,0.0,PRONOSTIA
S2_new_records,Bearing1_6,60,,0.03333333333333333,PRONOSTIA
S2_new_records,Bearing1_6,60,,0.05,PRONOSTIA
S2_new_records,Bearing1_6,60,,0.08333333333333333,PRONOSTIA
S2_new_records,Bearing1_6,60,,0.1,PRONOSTIA
S2_new_records,Bearing1_6,60,,0.06666666666666667,PRONOSTIA
S2_new_records,Bearing1_6,60,,0.0,PRONOSTIA
S2_new_records,Bearing1_6,60,,0.0,PRONOSTIA
S2_new_records,Bearing1_6,60,,0.05,PRONOSTIA
S2_new_records,Bearing1_6,160,,0.0,PRONOSTIA
S2_new_records,Bearing1_6,160,,0.0,PRONOSTIA
S2_new_records,Bearing1_6,160,,0.0,PRONOSTIA
S2_new_records,Bearing1_6,160,,0.0,PRONOSTIA
S2_new_records,Bearing1_6,160,,0.0,PRONOSTIA
S2_new_records,Bearing1_6,160,,0.03333333333333333,PRONOSTIA
S2_new_records,Bearing1_6,160,,0.03333333333333333,PRONOSTIA
S2_new_records,Bearing1_6,160,,0.0,PRONOSTIA
S2_new_records,Bearing1_6,160,,0.0,PRONOSTIA
S2_new_records,Bearing1_6,160,,0.0,PRONOSTIA
S2_new_records,Bearing1_6,160,,0.0,PRONOSTIA
S2_new_records,Bearing1_6,160,,0.03333333333333333,PRONOSTIA
S2_new_records,Bearing1_6,160,,0.0,PRONOSTIA
S2_new_records,Bearing1_6,160,,0.016666666666666666,PRONOSTIA
S2_new_records,Bearing1_6,160,,0.03333333333333333,PRONOSTIA
S2_new_records,Bearing1_6,160,,0.0,PRONOSTIA
S2_new_records,Bearing1_6,160,,0.0,PRONOSTIA
S2_new_records,Bearing1_6,160,,0.0,PRONOSTIA
S2_new_records,Bearing1_6,160,,0.0,PRONOSTIA
S2_new_records,Bearing1_6,160,,0.0,PRONOSTIA
S2_new_records,Bearing1_6,160,,0.0,PRONOSTIA
S2_new_records,Bearing1_6,160,,0.0,PRONOSTIA
S2_new_records,Bearing1_6,160,,0.03333333333333333,PRONOSTIA
S2_new_records,Bearing1_6,160,,0.03333333333333333,PRONOSTIA
S2_new_records,Bearing1_6,160,,0.0,PRONOSTIA
S2_new_records,Bearing1_6,160,,0.03333333333333333,PRONOSTIA
S2_new_records,Bearing1_6,160,,0.0,PRONOSTIA
S2_new_records,Bearing1_6,160,,0.0,PRONOSTIA
S2_new_records,Bearing1_6,160,,0.0,PRONOSTIA
S2_new_records,Bearing1_6,160,,0.0,PRONOSTIA
S2_new_records,Bearing1_6,160,,0.0,PRONOSTIA
S2_new_records,Bearing1_6,160,,0.03333333333333333,PRONOSTIA
S2_new_records,Bearing1_6,160,,0.0,PRONOSTIA
S2_new_records,Bearing1_6,160,,0.0,PRONOSTIA
S2_new_records,Bearing1_6,160,,0.0,PRONOSTIA
S2_new_records,Bearing1_6,160,,0.03333333333333333,PRONOSTIA
S2_new_records,Bearing1_6,160,,0.016666666666666666,PRONOSTIA
S2_new_records,Bearing1_6,160,,0.0,PRONOSTIA
S2_new_records,Bearing1_6,160,,0.0,PRONOSTIA
S2_new_records,Bearing1_6,160,,0.0,PRONOSTIA
S2_new_records,Bearing1_6,160,,0.03333333333333333,PRONOSTIA
S2_new_records,Bearing1_6,160,,0.0,PRONOSTIA
S2_new_records,Bearing1_6,160,,0.0,PRONOSTIA
S2_new_records,Bearing1_6,160,,0.0,PRONOSTIA
S2_new_records,Bearing1_6,160,,0.016666666666666666,PRONOSTIA
S2_new_records,Bearing1_6,160,,0.0,PRONOSTIA
S2_new_records,Bearing1_6,160,,0.0,PRONOSTIA
S2_new_records,Bearing1_6,160,,0.03333333333333333,PRONOSTIA
S2_new_records,Bearing1_6,160,,0.016666666666666666,PRONOSTIA
S2_new_records,Bearing1_6,160,,0.0,PRONOSTIA
S2_new_records,Bearing1_7,20,,0.0,PRONOSTIA
S2_new_records,Bearing1_7,20,,0.016666666666666666,PRONOSTIA
S2_new_records,Bearing1_7,20,,0.0,PRONOSTIA
S2_new_records,Bearing1_7,20,,0.0,PRONOSTIA
S2_new_records,Bearing1_7,20,,0.0,PRONOSTIA
S2_new_records,Bearing1_7,20,,0.0,PRONOSTIA
S2_new_records,Bearing1_7,20,,0.0,PRONOSTIA
S2_new_records,Bearing1_7,20,,0.0,PRONOSTIA
S2_new_records,Bearing1_7,20,,0.016666666666666666,PRONOSTIA
S2_new_records,Bearing1_7,20,,0.0,PRONOSTIA
S2_new_records,Bearing1_7,20,,0.0,PRONOSTIA
S2_new_records,Bearing1_7,20,,0.0,PRONOSTIA
S2_new_records,Bearing1_7,20,,0.0,PRONOSTIA
S2_new_records,Bearing1_7,20,,0.016666666666666666,PRONOSTIA
S2_new_records,Bearing1_7,20,,0.0,PRONOSTIA
S2_new_records,Bearing1_7,20,,0.2,PRONOSTIA
S2_new_records,Bearing1_7,20,,0.03333333333333333,PRONOSTIA
S2_new_records,Bearing1_7,20,,0.0,PRONOSTIA
S2_new_records,Bearing1_7,20,,0.0,PRONOSTIA
S2_new_records,Bearing1_7,20,,0.0,PRONOSTIA
S2_new_records,Bearing1_7,20,,0.0,PRONOSTIA
S2_new_records,Bearing1_7,20,,0.0,PRONOSTIA
S2_new_records,Bearing1_7,20,,0.0,PRONOSTIA
S2_new_records,Bearing1_7,20,,0.0,PRONOSTIA
S2_new_records,Bearing1_7,20,,0.0,PRONOSTIA
S2_new_records,Bearing1_7,20,,0.0,PRONOSTIA
S2_new_records,Bearing1_7,20,,0.0,PRONOSTIA
S2_new_records,Bearing1_7,20,,0.016666666666666666,PRONOSTIA
S2_new_records,Bearing1_7,20,,0.0,PRONOSTIA
S2_new_records,Bearing1_7,20,,0.03333333333333333,PRONOSTIA
S2_new_records,Bearing1_7,20,,0.0,PRONOSTIA
S2_new_records,Bearing1_7,20,,0.0,PRONOSTIA
S2_new_records,Bearing1_7,20,,0.016666666666666666,PRONOSTIA
S2_new_records,Bearing1_7,20,,0.0,PRONOSTIA
S2_new_records,Bearing1_7,20,,0.0,PRONOSTIA
S2_new_records,Bearing1_7,20,,0.03333333333333333,PRONOSTIA
S2_new_records,Bearing1_7,20,,0.0,PRONOSTIA
S2_new_records,Bearing1_7,20,,0.05,PRONOSTIA
S2_new_records,Bearing1_7,20,,0.0,PRONOSTIA
S2_new_records,Bearing1_7,20,,0.03333333333333333,PRONOSTIA
S2_new_records,Bearing1_7,20,,0.0,PRONOSTIA
S2_new_records,Bearing1_7,20,,0.016666666666666666,PRONOSTIA
S2_new_records,Bearing1_7,20,,0.0,PRONOSTIA
S2_new_records,Bearing1_7,20,,0.0,PRONOSTIA
S2_new_records,Bearing1_7,20,,0.0,PRONOSTIA
S2_new_records,Bearing1_7,20,,0.0,PRONOSTIA
S2_new_records,Bearing1_7,20,,0.0,PRONOSTIA
S2_new_records,Bearing1_7,20,,0.0,PRONOSTIA
S2_new_records,Bearing1_7,20,,0.0,PRONOSTIA
S2_new_records,Bearing1_7,20,,0.0,PRONOSTIA
S2_new_records,Bearing1_7,60,,0.0,PRONOSTIA
S2_new_records,Bearing1_7,60,,0.0,PRONOSTIA
S2_new_records,Bearing1_7,60,,0.0,PRONOSTIA
S2_new_records,Bearing1_7,60,,0.0,PRONOSTIA
S2_new_records,Bearing1_7,60,,0.0,PRONOSTIA
S2_new_records,Bearing1_7,60,,0.0,PRONOSTIA
S2_new_records,Bearing1_7,60,,0.0,PRONOSTIA
S2_new_records,Bearing1_7,60,,0.0,PRONOSTIA
S2_new_records,Bearing1_7,60,,0.0,PRONOSTIA
S2_new_records,Bearing1_7,60,,0.0,PRONOSTIA
S2_new_records,Bearing1_7,60,,0.0,PRONOSTIA
S2_new_records,Bearing1_7,60,,0.0,PRONOSTIA
S2_new_records,Bearing1_7,60,,0.0,PRONOSTIA
S2_new_records,Bearing1_7,60,,0.0,PRONOSTIA
S2_new_records,Bearing1_7,60,,0.0,PRONOSTIA
S2_new_records,Bearing1_7,60,,0.0,PRONOSTIA
S2_new_records,Bearing1_7,60,,0.0,PRONOSTIA
S2_new_records,Bearing1_7,60,,0.0,PRONOSTIA
S2_new_records,Bearing1_7,60,,0.0,PRONOSTIA
S2_new_records,Bearing1_7,60,,0.0,PRONOSTIA
S2_new_records,Bearing1_7,60,,0.0,PRONOSTIA
S2_new_records,Bearing1_7,60,,0.0,PRONOSTIA
S2_new_records,Bearing1_7,60,,0.0,PRONOSTIA
S2_new_records,Bearing1_7,60,,0.0,PRONOSTIA
S2_new_records,Bearing1_7,60,,0.0,PRONOSTIA
S2_new_records,Bearing1_7,60,,0.0,PRONOSTIA
S2_new_records,Bearing1_7,60,,0.0,PRONOSTIA
S2_new_records,Bearing1_7,60,,0.0,PRONOSTIA
S2_new_records,Bearing1_7,60,,0.0,PRONOSTIA
S2_new_records,Bearing1_7,60,,0.0,PRONOSTIA
S2_new_records,Bearing1_7,60,,0.0,PRONOSTIA
S2_new_records,Bearing1_7,60,,0.0,PRONOSTIA
S2_new_records,Bearing1_7,60,,0.0,PRONOSTIA
S2_new_records,Bearing1_7,60,,0.0,PRONOSTIA
S2_new_records,Bearing1_7,60,,0.0,PRONOSTIA
S2_new_records,Bearing1_7,60,,0.0,PRONOSTIA
S2_new_records,Bearing1_7,60,,0.0,PRONOSTIA
S2_new_records,Bearing1_7,60,,0.0,PRONOSTIA
S2_new_records,Bearing1_7,60,,0.0,PRONOSTIA
S2_new_records,Bearing1_7,60,,0.0,PRONOSTIA
S2_new_records,Bearing1_7,60,,0.0,PRONOSTIA
S2_new_records,Bearing1_7,60,,0.0,PRONOSTIA
S2_new_records,Bearing1_7,60,,0.0,PRONOSTIA
S2_new_records,Bearing1_7,60,,0.0,PRONOSTIA
S2_new_records,Bearing1_7,60,,0.0,PRONOSTIA
S2_new_records,Bearing1_7,60,,0.0,PRONOSTIA
S2_new_records,Bearing1_7,60,,0.016666666666666666,PRONOSTIA
S2_new_records,Bearing1_7,60,,0.016666666666666666,PRONOSTIA
S2_new_records,Bearing1_7,60,,0.0,PRONOSTIA
S2_new_records,Bearing1_7,60,,0.0,PRONOSTIA
S2_new_records,Bearing1_7,160,,0.0,PRONOSTIA
S2_new_records,Bearing1_7,160,,0.0,PRONOSTIA
S2_new_records,Bearing1_7,160,,0.0,PRONOSTIA
S2_new_records,Bearing1_7,160,,0.0,PRONOSTIA
S2_new_records,Bearing1_7,160,,0.0,PRONOSTIA
S2_new_records,Bearing1_7,160,,0.0,PRONOSTIA
S2_new_records,Bearing1_7,160,,0.0,PRONOSTIA
S2_new_records,Bearing1_7,160,,0.0,PRONOSTIA
S2_new_records,Bearing1_7,160,,0.0,PRONOSTIA
S2_new_records,Bearing1_7,160,,0.0,PRONOSTIA
S2_new_records,Bearing1_7,160,,0.0,PRONOSTIA
S2_new_records,Bearing1_7,160,,0.0,PRONOSTIA
S2_new_records,Bearing1_7,160,,0.0,PRONOSTIA
S2_new_records,Bearing1_7,160,,0.0,PRONOSTIA
S2_new_records,Bearing1_7,160,,0.0,PRONOSTIA
S2_new_records,Bearing1_7,160,,0.0,PRONOSTIA
S2_new_records,Bearing1_7,160,,0.0,PRONOSTIA
S2_new_records,Bearing1_7,160,,0.0,PRONOSTIA
S2_new_records,Bearing1_7,160,,0.0,PRONOSTIA
S2_new_records,Bearing1_7,160,,0.0,PRONOSTIA
S2_new_records,Bearing1_7,160,,0.0,PRONOSTIA
S2_new_records,Bearing1_7,160,,0.0,PRONOSTIA
S2_new_records,Bearing1_7,160,,0.0,PRONOSTIA
S2_new_records,Bearing1_7,160,,0.0,PRONOSTIA
S2_new_records,Bearing1_7,160,,0.0,PRONOSTIA
S2_new_records,Bearing1_7,160,,0.0,PRONOSTIA
S2_new_records,Bearing1_7,160,,0.0,PRONOSTIA
S2_new_records,Bearing1_7,160,,0.0,PRONOSTIA
S2_new_records,Bearing1_7,160,,0.0,PRONOSTIA
S2_new_records,Bearing1_7,160,,0.0,PRONOSTIA
S2_new_records,Bearing1_7,160,,0.0,PRONOSTIA
S2_new_records,Bearing1_7,160,,0.0,PRONOSTIA
S2_new_records,Bearing1_7,160,,0.0,PRONOSTIA
S2_new_records,Bearing1_7,160,,0.0,PRONOSTIA
S2_new_records,Bearing1_7,160,,0.0,PRONOSTIA
S2_new_records,Bearing1_7,160,,0.0,PRONOSTIA
S2_new_records,Bearing1_7,160,,0.0,PRONOSTIA
S2_new_records,Bearing1_7,160,,0.0,PRONOSTIA
S2_new_records,Bearing1_7,160,,0.016666666666666666,PRONOSTIA
S2_new_records,Bearing1_7,160,,0.0,PRONOSTIA
S2_new_records,Bearing1_7,160,,0.0,PRONOSTIA
S2_new_records,Bearing1_7,160,,0.0,PRONOSTIA
S2_new_records,Bearing1_7,160,,0.0,PRONOSTIA
S2_new_records,Bearing1_7,160,,0.0,PRONOSTIA
S2_new_records,Bearing1_7,160,,0.0,PRONOSTIA
S2_new_records,Bearing1_7,160,,0.0,PRONOSTIA
S2_new_records,Bearing1_7,160,,0.0,PRONOSTIA
S2_new_records,Bearing1_7,160,,0.0,PRONOSTIA
S2_new_records,Bearing1_7,160,,0.0,PRONOSTIA
S2_new_records,Bearing1_7,160,,0.0,PRONOSTIA
S2_new_records,Bearing2_1,20,,0.016666666666666666,PRONOSTIA
S2_new_records,Bearing2_1,20,,0.06666666666666667,PRONOSTIA
S2_new_records,Bearing2_1,20,,0.05,PRONOSTIA
S2_new_records,Bearing2_1,20,,0.16666666666666666,PRONOSTIA
S2_new_records,Bearing2_1,20,,0.1,PRONOSTIA
S2_new_records,Bearing2_1,20,,0.05,PRONOSTIA
S2_new_records,Bearing2_1,20,,0.05,PRONOSTIA
S2_new_records,Bearing2_1,20,,0.016666666666666666,PRONOSTIA
S2_new_records,Bearing2_1,20,,0.06666666666666667,PRONOSTIA
S2_new_records,Bearing2_1,20,,0.06666666666666667,PRONOSTIA
S2_new_records,Bearing2_1,20,,0.08333333333333333,PRONOSTIA
S2_new_records,Bearing2_1,20,,0.06666666666666667,PRONOSTIA
S2_new_records,Bearing2_1,20,,0.06666666666666667,PRONOSTIA
S2_new_records,Bearing2_1,20,,0.05,PRONOSTIA
S2_new_records,Bearing2_1,20,,0.016666666666666666,PRONOSTIA
S2_new_records,Bearing2_1,20,,0.06666666666666667,PRONOSTIA
S2_new_records,Bearing2_1,20,,0.06666666666666667,PRONOSTIA
S2_new_records,Bearing2_1,20,,0.06666666666666667,PRONOSTIA
S2_new_records,Bearing2_1,20,,0.05,PRONOSTIA
S2_new_records,Bearing2_1,20,,0.016666666666666666,PRONOSTIA
S2_new_records,Bearing2_1,20,,0.03333333333333333,PRONOSTIA
S2_new_records,Bearing2_1,20,,0.06666666666666667,PRONOSTIA
S2_new_records,Bearing2_1,20,,0.06666666666666667,PRONOSTIA
S2_new_records,Bearing2_1,20,,0.05,PRONOSTIA
S2_new_records,Bearing2_1,20,,0.016666666666666666,PRONOSTIA
S2_new_records,Bearing2_1,20,,0.05,PRONOSTIA
S2_new_records,Bearing2_1,20,,0.0,PRONOSTIA
S2_new_records,Bearing2_1,20,,0.05,PRONOSTIA
S2_new_records,Bearing2_1,20,,0.05,PRONOSTIA
S2_new_records,Bearing2_1,20,,0.016666666666666666,PRONOSTIA
S2_new_records,Bearing2_1,20,,0.05,PRONOSTIA
S2_new_records,Bearing2_1,20,,0.06666666666666667,PRONOSTIA
S2_new_records,Bearing2_1,20,,0.05,PRONOSTIA
S2_new_records,Bearing2_1,20,,0.05,PRONOSTIA
S2_new_records,Bearing2_1,20,,0.03333333333333333,PRONOSTIA
S2_new_records,Bearing2_1,20,,0.06666666666666667,PRONOSTIA
S2_new_records,Bearing2_1,20,,0.06666666666666667,PRONOSTIA
S2_new_records,Bearing2_1,20,,0.05,PRONOSTIA
S2_new_records,Bearing2_1,20,,0.05,PRONOSTIA
S2_new_records,Bearing2_1,20,,0.06666666666666667,PRONOSTIA
S2_new_records,Bearing2_1,20,,0.0,PRONOSTIA
S2_new_records,Bearing2_1,20,,0.06666666666666667,PRONOSTIA
S2_new_records,Bearing2_1,20,,0.06666666666666667,PRONOSTIA
S2_new_records,Bearing2_1,20,,0.016666666666666666,PRONOSTIA
S2_new_records,Bearing2_1,20,,0.016666666666666666,PRONOSTIA
S2_new_records,Bearing2_1,20,,0.06666666666666667,PRONOSTIA
S2_new_records,Bearing2_1,20,,0.03333333333333333,PRONOSTIA
S2_new_records,Bearing2_1,20,,0.05,PRONOSTIA
S2_new_records,Bearing2_1,20,,0.05,PRONOSTIA
S2_new_records,Bearing2_1,20,,0.11666666666666667,PRONOSTIA
S2_new_records,Bearing2_1,60,,0.05,PRONOSTIA
S2_new_records,Bearing2_1,60,,0.05,PRONOSTIA
S2_new_records,Bearing2_1,60,,0.05,PRONOSTIA
S2_new_records,Bearing2_1,60,,0.016666666666666666,PRONOSTIA
S2_new_records,Bearing2_1,60,,0.05,PRONOSTIA
S2_new_records,Bearing2_1,60,,0.03333333333333333,PRONOSTIA
S2_new_records,Bearing2_1,60,,0.016666666666666666,PRONOSTIA
S2_new_records,Bearing2_1,60,,0.03333333333333333,PRONOSTIA
S2_new_records,Bearing2_1,60,,0.05,PRONOSTIA
S2_new_records,Bearing2_1,60,,0.05,PRONOSTIA
S2_new_records,Bearing2_1,60,,0.05,PRONOSTIA
S2_new_records,Bearing2_1,60,,0.016666666666666666,PRONOSTIA
S2_new_records,Bearing2_1,60,,0.016666666666666666,PRONOSTIA
S2_new_records,Bearing2_1,60,,0.03333333333333333,PRONOSTIA
S2_new_records,Bearing2_1,60,,0.05,PRONOSTIA
S2_new_records,Bearing2_1,60,,0.05,PRONOSTIA
S2_new_records,Bearing2_1,60,,0.03333333333333333,PRONOSTIA
S2_new_records,Bearing2_1,60,,0.06666666666666667,PRONOSTIA
S2_new_records,Bearing2_1,60,,0.05,PRONOSTIA
S2_new_records,Bearing2_1,60,,0.016666666666666666,PRONOSTIA
S2_new_records,Bearing2_1,60,,0.06666666666666667,PRONOSTIA
S2_new_records,Bearing2_1,60,,0.016666666666666666,PRONOSTIA
S2_new_records,Bearing2_1,60,,0.06666666666666667,PRONOSTIA
S2_new_records,Bearing2_1,60,,0.03333333333333333,PRONOSTIA
S2_new_records,Bearing2_1,60,,0.03333333333333333,PRONOSTIA
S2_new_records,Bearing2_1,60,,0.03333333333333333,PRONOSTIA
S2_new_records,Bearing2_1,60,,0.05,PRONOSTIA
S2_new_records,Bearing2_1,60,,0.03333333333333333,PRONOSTIA
S2_new_records,Bearing2_1,60,,0.05,PRONOSTIA
S2_new_records,Bearing2_1,60,,0.016666666666666666,PRONOSTIA
S2_new_records,Bearing2_1,60,,0.016666666666666666,PRONOSTIA
S2_new_records,Bearing2_1,60,,0.05,PRONOSTIA
S2_new_records,Bearing2_1,60,,0.03333333333333333,PRONOSTIA
S2_new_records,Bearing2_1,60,,0.05,PRONOSTIA
S2_new_records,Bearing2_1,60,,0.05,PRONOSTIA
S2_new_records,Bearing2_1,60,,0.06666666666666667,PRONOSTIA
S2_new_records,Bearing2_1,60,,0.016666666666666666,PRONOSTIA
S2_new_records,Bearing2_1,60,,0.016666666666666666,PRONOSTIA
S2_new_records,Bearing2_1,60,,0.05,PRONOSTIA
S2_new_records,Bearing2_1,60,,0.016666666666666666,PRONOSTIA
S2_new_records,Bearing2_1,60,,0.06666666666666667,PRONOSTIA
S2_new_records,Bearing2_1,60,,0.03333333333333333,PRONOSTIA
S2_new_records,Bearing2_1,60,,0.03333333333333333,PRONOSTIA
S2_new_records,Bearing2_1,60,,0.03333333333333333,PRONOSTIA
S2_new_records,Bearing2_1,60,,0.05,PRONOSTIA
S2_new_records,Bearing2_1,60,,0.05,PRONOSTIA
S2_new_records,Bearing2_1,60,,0.05,PRONOSTIA
S2_new_records,Bearing2_1,60,,0.05,PRONOSTIA
S2_new_records,Bearing2_1,60,,0.03333333333333333,PRONOSTIA
S2_new_records,Bearing2_1,60,,0.05,PRONOSTIA
S2_new_records,Bearing2_1,160,,0.03333333333333333,PRONOSTIA
S2_new_records,Bearing2_1,160,,0.06666666666666667,PRONOSTIA
S2_new_records,Bearing2_1,160,,0.03333333333333333,PRONOSTIA
S2_new_records,Bearing2_1,160,,0.016666666666666666,PRONOSTIA
S2_new_records,Bearing2_1,160,,0.016666666666666666,PRONOSTIA
S2_new_records,Bearing2_1,160,,0.03333333333333333,PRONOSTIA
S2_new_records,Bearing2_1,160,,0.05,PRONOSTIA
S2_new_records,Bearing2_1,160,,0.016666666666666666,PRONOSTIA
S2_new_records,Bearing2_1,160,,0.016666666666666666,PRONOSTIA
S2_new_records,Bearing2_1,160,,0.05,PRONOSTIA
S2_new_records,Bearing2_1,160,,0.016666666666666666,PRONOSTIA
S2_new_records,Bearing2_1,160,,0.016666666666666666,PRONOSTIA
S2_new_records,Bearing2_1,160,,0.03333333333333333,PRONOSTIA
S2_new_records,Bearing2_1,160,,0.03333333333333333,PRONOSTIA
S2_new_records,Bearing2_1,160,,0.016666666666666666,PRONOSTIA
S2_new_records,Bearing2_1,160,,0.016666666666666666,PRONOSTIA
S2_new_records,Bearing2_1,160,,0.016666666666666666,PRONOSTIA
S2_new_records,Bearing2_1,160,,0.016666666666666666,PRONOSTIA
S2_new_records,Bearing2_1,160,,0.016666666666666666,PRONOSTIA
S2_new_records,Bearing2_1,160,,0.016666666666666666,PRONOSTIA
S2_new_records,Bearing2_1,160,,0.03333333333333333,PRONOSTIA
S2_new_records,Bearing2_1,160,,0.016666666666666666,PRONOSTIA
S2_new_records,Bearing2_1,160,,0.03333333333333333,PRONOSTIA
S2_new_records,Bearing2_1,160,,0.016666666666666666,PRONOSTIA
S2_new_records,Bearing2_1,160,,0.05,PRONOSTIA
S2_new_records,Bearing2_1,160,,0.03333333333333333,PRONOSTIA
S2_new_records,Bearing2_1,160,,0.016666666666666666,PRONOSTIA
S2_new_records,Bearing2_1,160,,0.05,PRONOSTIA
S2_new_records,Bearing2_1,160,,0.03333333333333333,PRONOSTIA
S2_new_records,Bearing2_1,160,,0.03333333333333333,PRONOSTIA
S2_new_records,Bearing2_1,160,,0.03333333333333333,PRONOSTIA
S2_new_records,Bearing2_1,160,,0.05,PRONOSTIA
S2_new_records,Bearing2_1,160,,0.03333333333333333,PRONOSTIA
S2_new_records,Bearing2_1,160,,0.016666666666666666,PRONOSTIA
S2_new_records,Bearing2_1,160,,0.05,PRONOSTIA
S2_new_records,Bearing2_1,160,,0.016666666666666666,PRONOSTIA
S2_new_records,Bearing2_1,160,,0.016666666666666666,PRONOSTIA
S2_new_records,Bearing2_1,160,,0.016666666666666666,PRONOSTIA
S2_new_records,Bearing2_1,160,,0.016666666666666666,PRONOSTIA
S2_new_records,Bearing2_1,160,,0.03333333333333333,PRONOSTIA
S2_new_records,Bearing2_1,160,,0.03333333333333333,PRONOSTIA
S2_new_records,Bearing2_1,160,,0.016666666666666666,PRONOSTIA
S2_new_records,Bearing2_1,160,,0.03333333333333333,PRONOSTIA
S2_new_records,Bearing2_1,160,,0.03333333333333333,PRONOSTIA
S2_new_records,Bearing2_1,160,,0.016666666666666666,PRONOSTIA
S2_new_records,Bearing2_1,160,,0.016666666666666666,PRONOSTIA
S2_new_records,Bearing2_1,160,,0.03333333333333333,PRONOSTIA
S2_new_records,Bearing2_1,160,,0.05,PRONOSTIA
S2_new_records,Bearing2_1,160,,0.016666666666666666,PRONOSTIA
S2_new_records,Bearing2_1,160,,0.03333333333333333,PRONOSTIA
S2_new_records,Bearing2_2,20,,0.0,PRONOSTIA
S2_new_records,Bearing2_2,20,,0.016666666666666666,PRONOSTIA
S2_new_records,Bearing2_2,20,,0.0,PRONOSTIA
S2_new_records,Bearing2_2,20,,0.0,PRONOSTIA
S2_new_records,Bearing2_2,20,,0.0,PRONOSTIA
S2_new_records,Bearing2_2,20,,0.0,PRONOSTIA
S2_new_records,Bearing2_2,20,,0.0,PRONOSTIA
S2_new_records,Bearing2_2,20,,0.0,PRONOSTIA
S2_new_records,Bearing2_2,20,,0.0,PRONOSTIA
S2_new_records,Bearing2_2,20,,0.0,PRONOSTIA
S2_new_records,Bearing2_2,20,,0.0,PRONOSTIA
S2_new_records,Bearing2_2,20,,0.0,PRONOSTIA
S2_new_records,Bearing2_2,20,,0.0,PRONOSTIA
S2_new_records,Bearing2_2,20,,0.0,PRONOSTIA
S2_new_records,Bearing2_2,20,,0.0,PRONOSTIA
S2_new_records,Bearing2_2,20,,0.0,PRONOSTIA
S2_new_records,Bearing2_2,20,,0.0,PRONOSTIA
S2_new_records,Bearing2_2,20,,0.0,PRONOSTIA
S2_new_records,Bearing2_2,20,,0.0,PRONOSTIA
S2_new_records,Bearing2_2,20,,0.0,PRONOSTIA
S2_new_records,Bearing2_2,20,,0.0,PRONOSTIA
S2_new_records,Bearing2_2,20,,0.0,PRONOSTIA
S2_new_records,Bearing2_2,20,,0.0,PRONOSTIA
S2_new_records,Bearing2_2,20,,0.0,PRONOSTIA
S2_new_records,Bearing2_2,20,,0.0,PRONOSTIA
S2_new_records,Bearing2_2,20,,0.0,PRONOSTIA
S2_new_records,Bearing2_2,20,,0.0,PRONOSTIA
S2_new_records,Bearing2_2,20,,0.016666666666666666,PRONOSTIA
S2_new_records,Bearing2_2,20,,0.0,PRONOSTIA
S2_new_records,Bearing2_2,20,,0.0,PRONOSTIA
S2_new_records,Bearing2_2,20,,0.0,PRONOSTIA
S2_new_records,Bearing2_2,20,,0.0,PRONOSTIA
S2_new_records,Bearing2_2,20,,0.0,PRONOSTIA
S2_new_records,Bearing2_2,20,,0.0,PRONOSTIA
S2_new_records,Bearing2_2,20,,0.0,PRONOSTIA
S2_new_records,Bearing2_2,20,,0.0,PRONOSTIA
S2_new_records,Bearing2_2,20,,0.0,PRONOSTIA
S2_new_records,Bearing2_2,20,,0.0,PRONOSTIA
S2_new_records,Bearing2_2,20,,0.0,PRONOSTIA
S2_new_records,Bearing2_2,20,,0.0,PRONOSTIA
S2_new_records,Bearing2_2,20,,0.0,PRONOSTIA
S2_new_records,Bearing2_2,20,,0.0,PRONOSTIA
S2_new_records,Bearing2_2,20,,0.0,PRONOSTIA
S2_new_records,Bearing2_2,20,,0.0,PRONOSTIA
S2_new_records,Bearing2_2,20,,0.0,PRONOSTIA
S2_new_records,Bearing2_2,20,,0.0,PRONOSTIA
S2_new_records,Bearing2_2,20,,0.0,PRONOSTIA
S2_new_records,Bearing2_2,20,,0.0,PRONOSTIA
S2_new_records,Bearing2_2,20,,0.0,PRONOSTIA
S2_new_records,Bearing2_2,20,,0.0,PRONOSTIA
S2_new_records,Bearing2_2,60,,0.0,PRONOSTIA
S2_new_records,Bearing2_2,60,,0.0,PRONOSTIA
S2_new_records,Bearing2_2,60,,0.0,PRONOSTIA
S2_new_records,Bearing2_2,60,,0.0,PRONOSTIA
S2_new_records,Bearing2_2,60,,0.0,PRONOSTIA
S2_new_records,Bearing2_2,60,,0.0,PRONOSTIA
S2_new_records,Bearing2_2,60,,0.0,PRONOSTIA
S2_new_records,Bearing2_2,60,,0.0,PRONOSTIA
S2_new_records,Bearing2_2,60,,0.0,PRONOSTIA
S2_new_records,Bearing2_2,60,,0.0,PRONOSTIA
S2_new_records,Bearing2_2,60,,0.0,PRONOSTIA
S2_new_records,Bearing2_2,60,,0.0,PRONOSTIA
S2_new_records,Bearing2_2,60,,0.0,PRONOSTIA
S2_new_records,Bearing2_2,60,,0.0,PRONOSTIA
S2_new_records,Bearing2_2,60,,0.0,PRONOSTIA
S2_new_records,Bearing2_2,60,,0.0,PRONOSTIA
S2_new_records,Bearing2_2,60,,0.0,PRONOSTIA
S2_new_records,Bearing2_2,60,,0.0,PRONOSTIA
S2_new_records,Bearing2_2,60,,0.0,PRONOSTIA
S2_new_records,Bearing2_2,60,,0.0,PRONOSTIA
S2_new_records,Bearing2_2,60,,0.0,PRONOSTIA
S2_new_records,Bearing2_2,60,,0.0,PRONOSTIA
S2_new_records,Bearing2_2,60,,0.0,PRONOSTIA
S2_new_records,Bearing2_2,60,,0.0,PRONOSTIA
S2_new_records,Bearing2_2,60,,0.0,PRONOSTIA
S2_new_records,Bearing2_2,60,,0.0,PRONOSTIA
S2_new_records,Bearing2_2,60,,0.0,PRONOSTIA
S2_new_records,Bearing2_2,60,,0.0,PRONOSTIA
S2_new_records,Bearing2_2,60,,0.0,PRONOSTIA
S2_new_records,Bearing2_2,60,,0.0,PRONOSTIA
S2_new_records,Bearing2_2,60,,0.0,PRONOSTIA
S2_new_records,Bearing2_2,60,,0.0,PRONOSTIA
S2_new_records,Bearing2_2,60,,0.0,PRONOSTIA
S2_new_records,Bearing2_2,60,,0.0,PRONOSTIA
S2_new_records,Bearing2_2,60,,0.0,PRONOSTIA
S2_new_records,Bearing2_2,60,,0.0,PRONOSTIA
S2_new_records,Bearing2_2,60,,0.0,PRONOSTIA
S2_new_records,Bearing2_2,60,,0.0,PRONOSTIA
S2_new_records,Bearing2_2,60,,0.0,PRONOSTIA
S2_new_records,Bearing2_2,60,,0.0,PRONOSTIA
S2_new_records,Bearing2_2,60,,0.0,PRONOSTIA
S2_new_records,Bearing2_2,60,,0.0,PRONOSTIA
S2_new_records,Bearing2_2,60,,0.0,PRONOSTIA
S2_new_records,Bearing2_2,60,,0.0,PRONOSTIA
S2_new_records,Bearing2_2,60,,0.0,PRONOSTIA
S2_new_records,Bearing2_2,60,,0.0,PRONOSTIA
S2_new_records,Bearing2_2,60,,0.0,PRONOSTIA
S2_new_records,Bearing2_2,60,,0.0,PRONOSTIA
S2_new_records,Bearing2_2,60,,0.0,PRONOSTIA
S2_new_records,Bearing2_2,60,,0.0,PRONOSTIA
S2_new_records,Bearing2_2,160,,0.0,PRONOSTIA
S2_new_records,Bearing2_2,160,,0.0,PRONOSTIA
S2_new_records,Bearing2_2,160,,0.0,PRONOSTIA
S2_new_records,Bearing2_2,160,,0.0,PRONOSTIA
S2_new_records,Bearing2_2,160,,0.0,PRONOSTIA
S2_new_records,Bearing2_2,160,,0.0,PRONOSTIA
S2_new_records,Bearing2_2,160,,0.0,PRONOSTIA
S2_new_records,Bearing2_2,160,,0.0,PRONOSTIA
S2_new_records,Bearing2_2,160,,0.0,PRONOSTIA
S2_new_records,Bearing2_2,160,,0.0,PRONOSTIA
S2_new_records,Bearing2_2,160,,0.0,PRONOSTIA
S2_new_records,Bearing2_2,160,,0.0,PRONOSTIA
S2_new_records,Bearing2_2,160,,0.0,PRONOSTIA
S2_new_records,Bearing2_2,160,,0.0,PRONOSTIA
S2_new_records,Bearing2_2,160,,0.0,PRONOSTIA
S2_new_records,Bearing2_2,160,,0.0,PRONOSTIA
S2_new_records,Bearing2_2,160,,0.0,PRONOSTIA
S2_new_records,Bearing2_2,160,,0.0,PRONOSTIA
S2_new_records,Bearing2_2,160,,0.0,PRONOSTIA
S2_new_records,Bearing2_2,160,,0.0,PRONOSTIA
S2_new_records,Bearing2_2,160,,0.0,PRONOSTIA
S2_new_records,Bearing2_2,160,,0.0,PRONOSTIA
S2_new_records,Bearing2_2,160,,0.0,PRONOSTIA
S2_new_records,Bearing2_2,160,,0.0,PRONOSTIA
S2_new_records,Bearing2_2,160,,0.0,PRONOSTIA
S2_new_records,Bearing2_2,160,,0.0,PRONOSTIA
S2_new_records,Bearing2_2,160,,0.0,PRONOSTIA
S2_new_records,Bearing2_2,160,,0.0,PRONOSTIA
S2_new_records,Bearing2_2,160,,0.0,PRONOSTIA
S2_new_records,Bearing2_2,160,,0.0,PRONOSTIA
S2_new_records,Bearing2_2,160,,0.0,PRONOSTIA
S2_new_records,Bearing2_2,160,,0.0,PRONOSTIA
S2_new_records,Bearing2_2,160,,0.0,PRONOSTIA
S2_new_records,Bearing2_2,160,,0.0,PRONOSTIA
S2_new_records,Bearing2_2,160,,0.0,PRONOSTIA
S2_new_records,Bearing2_2,160,,0.0,PRONOSTIA
S2_new_records,Bearing2_2,160,,0.0,PRONOSTIA
S2_new_records,Bearing2_2,160,,0.0,PRONOSTIA
S2_new_records,Bearing2_2,160,,0.0,PRONOSTIA
S2_new_records,Bearing2_2,160,,0.0,PRONOSTIA
S2_new_records,Bearing2_2,160,,0.0,PRONOSTIA
S2_new_records,Bearing2_2,160,,0.0,PRONOSTIA
S2_new_records,Bearing2_2,160,,0.0,PRONOSTIA
S2_new_records,Bearing2_2,160,,0.0,PRONOSTIA
S2_new_records,Bearing2_2,160,,0.0,PRONOSTIA
S2_new_records,Bearing2_2,160,,0.0,PRONOSTIA
S2_new_records,Bearing2_2,160,,0.0,PRONOSTIA
S2_new_records,Bearing2_2,160,,0.0,PRONOSTIA
S2_new_records,Bearing2_2,160,,0.0,PRONOSTIA
S2_new_records,Bearing2_2,160,,0.0,PRONOSTIA
S2_new_records,Bearing2_3,20,,0.15,PRONOSTIA
S2_new_records,Bearing2_3,20,,0.03333333333333333,PRONOSTIA
S2_new_records,Bearing2_3,20,,0.35,PRONOSTIA
S2_new_records,Bearing2_3,20,,0.25,PRONOSTIA
S2_new_records,Bearing2_3,20,,0.43333333333333335,PRONOSTIA
S2_new_records,Bearing2_3,20,,0.21666666666666667,PRONOSTIA
S2_new_records,Bearing2_3,20,,0.23333333333333334,PRONOSTIA
S2_new_records,Bearing2_3,20,,0.03333333333333333,PRONOSTIA
S2_new_records,Bearing2_3,20,,0.03333333333333333,PRONOSTIA
S2_new_records,Bearing2_3,20,,0.0,PRONOSTIA
S2_new_records,Bearing2_3,20,,0.05,PRONOSTIA
S2_new_records,Bearing2_3,20,,0.18333333333333332,PRONOSTIA
S2_new_records,Bearing2_3,20,,0.16666666666666666,PRONOSTIA
S2_new_records,Bearing2_3,20,,0.1,PRONOSTIA
S2_new_records,Bearing2_3,20,,0.03333333333333333,PRONOSTIA
S2_new_records,Bearing2_3,20,,0.13333333333333333,PRONOSTIA
S2_new_records,Bearing2_3,20,,0.0,PRONOSTIA
S2_new_records,Bearing2_3,20,,0.03333333333333333,PRONOSTIA
S2_new_records,Bearing2_3,20,,0.4166666666666667,PRONOSTIA
S2_new_records,Bearing2_3,20,,0.4666666666666667,PRONOSTIA
S2_new_records,Bearing2_3,20,,0.16666666666666666,PRONOSTIA
S2_new_records,Bearing2_3,20,,0.03333333333333333,PRONOSTIA
S2_new_records,Bearing2_3,20,,0.15,PRONOSTIA
S2_new_records,Bearing2_3,20,,0.3,PRONOSTIA
S2_new_records,Bearing2_3,20,,0.016666666666666666,PRONOSTIA
S2_new_records,Bearing2_3,20,,0.03333333333333333,PRONOSTIA
S2_new_records,Bearing2_3,20,,0.0,PRONOSTIA
S2_new_records,Bearing2_3,20,,0.13333333333333333,PRONOSTIA
S2_new_records,Bearing2_3,20,,0.03333333333333333,PRONOSTIA
S2_new_records,Bearing2_3,20,,0.5166666666666667,PRONOSTIA
S2_new_records,Bearing2_3,20,,0.1,PRONOSTIA
S2_new_records,Bearing2_3,20,,0.23333333333333334,PRONOSTIA
S2_new_records,Bearing2_3,20,,0.5666666666666667,PRONOSTIA
S2_new_records,Bearing2_3,20,,0.48333333333333334,PRONOSTIA
S2_new_records,Bearing2_3,20,,0.13333333333333333,PRONOSTIA
S2_new_records,Bearing2_3,20,,0.03333333333333333,PRONOSTIA
S2_new_records,Bearing2_3,20,,0.2833333333333333,PRONOSTIA
S2_new_records,Bearing2_3,20,,0.13333333333333333,PRONOSTIA
S2_new_records,Bearing2_3,20,,0.23333333333333334,PRONOSTIA
S2_new_records,Bearing2_3,20,,0.03333333333333333,PRONOSTIA
S2_new_records,Bearing2_3,20,,0.11666666666666667,PRONOSTIA
S2_new_records,Bearing2_3,20,,0.5166666666666667,PRONOSTIA
S2_new_records,Bearing2_3,20,,0.16666666666666666,PRONOSTIA
S2_new_records,Bearing2_3,20,,0.45,PRONOSTIA
S2_new_records,Bearing2_3,20,,0.03333333333333333,PRONOSTIA
S2_new_records,Bearing2_3,20,,0.18333333333333332,PRONOSTIA
S2_new_records,Bearing2_3,20,,0.08333333333333333,PRONOSTIA
S2_new_records,Bearing2_3,20,,0.0,PRONOSTIA
S2_new_records,Bearing2_3,20,,0.03333333333333333,PRONOSTIA
S2_new_records,Bearing2_3,20,,0.05,PRONOSTIA
S2_new_records,Bearing2_3,60,,0.21666666666666667,PRONOSTIA
S2_new_records,Bearing2_3,60,,0.06666666666666667,PRONOSTIA
S2_new_records,Bearing2_3,60,,0.08333333333333333,PRONOSTIA
S2_new_records,Bearing2_3,60,,0.03333333333333333,PRONOSTIA
S2_new_records,Bearing2_3,60,,0.2,PRONOSTIA
S2_new_records,Bearing2_3,60,,0.06666666666666667,PRONOSTIA
S2_new_records,Bearing2_3,60,,0.1,PRONOSTIA
S2_new_records,Bearing2_3,60,,0.11666666666666667,PRONOSTIA
S2_new_records,Bearing2_3,60,,0.03333333333333333,PRONOSTIA
S2_new_records,Bearing2_3,60,,0.03333333333333333,PRONOSTIA
S2_new_records,Bearing2_3,60,,0.03333333333333333,PRONOSTIA
S2_new_records,Bearing2_3,60,,0.05,PRONOSTIA
S2_new_records,Bearing2_3,60,,0.0,PRONOSTIA
S2_new_records,Bearing2_3,60,,0.03333333333333333,PRONOSTIA
S2_new_records,Bearing2_3,60,,0.06666666666666667,PRONOSTIA
S2_new_records,Bearing2_3,60,,0.18333333333333332,PRONOSTIA
S2_new_records,Bearing2_3,60,,0.11666666666666667,PRONOSTIA
S2_new_records,Bearing2_3,60,,0.23333333333333334,PRONOSTIA
S2_new_records,Bearing2_3,60,,0.15,PRONOSTIA
S2_new_records,Bearing2_3,60,,0.18333333333333332,PRONOSTIA
S2_new_records,Bearing2_3,60,,0.06666666666666667,PRONOSTIA
S2_new_records,Bearing2_3,60,,0.15,PRONOSTIA
S2_new_records,Bearing2_3,60,,0.08333333333333333,PRONOSTIA
S2_new_records,Bearing2_3,60,,0.25,PRONOSTIA
S2_new_records,Bearing2_3,60,,0.1,PRONOSTIA
S2_new_records,Bearing2_3,60,,0.03333333333333333,PRONOSTIA
S2_new_records,Bearing2_3,60,,0.26666666666666666,PRONOSTIA
S2_new_records,Bearing2_3,60,,0.03333333333333333,PRONOSTIA
S2_new_records,Bearing2_3,60,,0.0,PRONOSTIA
S2_new_records,Bearing2_3,60,,0.03333333333333333,PRONOSTIA
S2_new_records,Bearing2_3,60,,0.1,PRONOSTIA
S2_new_records,Bearing2_3,60,,0.016666666666666666,PRONOSTIA
S2_new_records,Bearing2_3,60,,0.11666666666666667,PRONOSTIA
S2_new_records,Bearing2_3,60,,0.15,PRONOSTIA
S2_new_records,Bearing2_3,60,,0.13333333333333333,PRONOSTIA
S2_new_records,Bearing2_3,60,,0.13333333333333333,PRONOSTIA
S2_new_records,Bearing2_3,60,,0.15,PRONOSTIA
S2_new_records,Bearing2_3,60,,0.13333333333333333,PRONOSTIA
S2_new_records,Bearing2_3,60,,0.03333333333333333,PRONOSTIA
S2_new_records,Bearing2_3,60,,0.15,PRONOSTIA
S2_new_records,Bearing2_3,60,,0.11666666666666667,PRONOSTIA
S2_new_records,Bearing2_3,60,,0.11666666666666667,PRONOSTIA
S2_new_records,Bearing2_3,60,,0.0,PRONOSTIA
S2_new_records,Bearing2_3,60,,0.0,PRONOSTIA
S2_new_records,Bearing2_3,60,,0.1,PRONOSTIA
S2_new_records,Bearing2_3,60,,0.11666666666666667,PRONOSTIA
S2_new_records,Bearing2_3,60,,0.03333333333333333,PRONOSTIA
S2_new_records,Bearing2_3,60,,0.0,PRONOSTIA
S2_new_records,Bearing2_3,60,,0.13333333333333333,PRONOSTIA
S2_new_records,Bearing2_3,60,,0.21666666666666667,PRONOSTIA
S2_new_records,Bearing2_3,160,,0.03333333333333333,PRONOSTIA
S2_new_records,Bearing2_3,160,,0.03333333333333333,PRONOSTIA
S2_new_records,Bearing2_3,160,,0.03333333333333333,PRONOSTIA
S2_new_records,Bearing2_3,160,,0.13333333333333333,PRONOSTIA
S2_new_records,Bearing2_3,160,,0.08333333333333333,PRONOSTIA
S2_new_records,Bearing2_3,160,,0.03333333333333333,PRONOSTIA
S2_new_records,Bearing2_3,160,,0.03333333333333333,PRONOSTIA
S2_new_records,Bearing2_3,160,,0.06666666666666667,PRONOSTIA
S2_new_records,Bearing2_3,160,,0.13333333333333333,PRONOSTIA
S2_new_records,Bearing2_3,160,,0.03333333333333333,PRONOSTIA
S2_new_records,Bearing2_3,160,,0.06666666666666667,PRONOSTIA
S2_new_records,Bearing2_3,160,,0.016666666666666666,PRONOSTIA
S2_new_records,Bearing2_3,160,,0.0,PRONOSTIA
S2_new_records,Bearing2_3,160,,0.13333333333333333,PRONOSTIA
S2_new_records,Bearing2_3,160,,0.11666666666666667,PRONOSTIA
S2_new_records,Bearing2_3,160,,0.16666666666666666,PRONOSTIA
S2_new_records,Bearing2_3,160,,0.016666666666666666,PRONOSTIA
S2_new_records,Bearing2_3,160,,0.03333333333333333,PRONOSTIA
S2_new_records,Bearing2_3,160,,0.03333333333333333,PRONOSTIA
S2_new_records,Bearing2_3,160,,0.03333333333333333,PRONOSTIA
S2_new_records,Bearing2_3,160,,0.16666666666666666,PRONOSTIA
S2_new_records,Bearing2_3,160,,0.03333333333333333,PRONOSTIA
S2_new_records,Bearing2_3,160,,0.0,PRONOSTIA
S2_new_records,Bearing2_3,160,,0.03333333333333333,PRONOSTIA
S2_new_records,Bearing2_3,160,,0.08333333333333333,PRONOSTIA
S2_new_records,Bearing2_3,160,,0.2,PRONOSTIA
S2_new_records,Bearing2_3,160,,0.15,PRONOSTIA
S2_new_records,Bearing2_3,160,,0.23333333333333334,PRONOSTIA
S2_new_records,Bearing2_3,160,,0.05,PRONOSTIA
S2_new_records,Bearing2_3,160,,0.15,PRONOSTIA
S2_new_records,Bearing2_3,160,,0.05,PRONOSTIA
S2_new_records,Bearing2_3,160,,0.13333333333333333,PRONOSTIA
S2_new_records,Bearing2_3,160,,0.03333333333333333,PRONOSTIA
S2_new_records,Bearing2_3,160,,0.2,PRONOSTIA
S2_new_records,Bearing2_3,160,,0.23333333333333334,PRONOSTIA
S2_new_records,Bearing2_3,160,,0.03333333333333333,PRONOSTIA
S2_new_records,Bearing2_3,160,,0.11666666666666667,PRONOSTIA
S2_new_records,Bearing2_3,160,,0.05,PRONOSTIA
S2_new_records,Bearing2_3,160,,0.03333333333333333,PRONOSTIA
S2_new_records,Bearing2_3,160,,0.03333333333333333,PRONOSTIA
S2_new_records,Bearing2_3,160,,0.08333333333333333,PRONOSTIA
S2_new_records,Bearing2_3,160,,0.15,PRONOSTIA
S2_new_records,Bearing2_3,160,,0.03333333333333333,PRONOSTIA
S2_new_records,Bearing2_3,160,,0.03333333333333333,PRONOSTIA
S2_new_records,Bearing2_3,160,,0.1,PRONOSTIA
S2_new_records,Bearing2_3,160,,0.08333333333333333,PRONOSTIA
S2_new_records,Bearing2_3,160,,0.08333333333333333,PRONOSTIA
S2_new_records,Bearing2_3,160,,0.03333333333333333,PRONOSTIA
S2_new_records,Bearing2_3,160,,0.03333333333333333,PRONOSTIA
S2_new_records,Bearing2_3,160,,0.11666666666666667,PRONOSTIA
S2_new_records,Bearing2_4,20,,0.0,PRONOSTIA
S2_new_records,Bearing2_4,20,,0.0,PRONOSTIA
S2_new_records,Bearing2_4,20,,0.0,PRONOSTIA
S2_new_records,Bearing2_4,20,,0.0,PRONOSTIA
S2_new_records,Bearing2_4,20,,0.0,PRONOSTIA
S2_new_records,Bearing2_4,20,,0.0,PRONOSTIA
S2_new_records,Bearing2_4,20,,0.0,PRONOSTIA
S2_new_records,Bearing2_4,20,,0.0,PRONOSTIA
S2_new_records,Bearing2_4,20,,0.0,PRONOSTIA
S2_new_records,Bearing2_4,20,,0.0,PRONOSTIA
S2_new_records,Bearing2_4,20,,0.0,PRONOSTIA
S2_new_records,Bearing2_4,20,,0.0,PRONOSTIA
S2_new_records,Bearing2_4,20,,0.0,PRONOSTIA
S2_new_records,Bearing2_4,20,,0.0,PRONOSTIA
S2_new_records,Bearing2_4,20,,0.0,PRONOSTIA
S2_new_records,Bearing2_4,20,,0.0,PRONOSTIA
S2_new_records,Bearing2_4,20,,0.0,PRONOSTIA
S2_new_records,Bearing2_4,20,,0.0,PRONOSTIA
S2_new_records,Bearing2_4,20,,0.0,PRONOSTIA
S2_new_records,Bearing2_4,20,,0.0,PRONOSTIA
S2_new_records,Bearing2_4,20,,0.0,PRONOSTIA
S2_new_records,Bearing2_4,20,,0.0,PRONOSTIA
S2_new_records,Bearing2_4,20,,0.0,PRONOSTIA
S2_new_records,Bearing2_4,20,,0.0,PRONOSTIA
S2_new_records,Bearing2_4,20,,0.0,PRONOSTIA
S2_new_records,Bearing2_4,20,,0.0,PRONOSTIA
S2_new_records,Bearing2_4,20,,0.0,PRONOSTIA
S2_new_records,Bearing2_4,20,,0.0,PRONOSTIA
S2_new_records,Bearing2_4,20,,0.0,PRONOSTIA
S2_new_records,Bearing2_4,20,,0.0,PRONOSTIA
S2_new_records,Bearing2_4,20,,0.0,PRONOSTIA
S2_new_records,Bearing2_4,20,,0.0,PRONOSTIA
S2_new_records,Bearing2_4,20,,0.0,PRONOSTIA
S2_new_records,Bearing2_4,20,,0.0,PRONOSTIA
S2_new_records,Bearing2_4,20,,0.0,PRONOSTIA
S2_new_records,Bearing2_4,20,,0.0,PRONOSTIA
S2_new_records,Bearing2_4,20,,0.0,PRONOSTIA
S2_new_records,Bearing2_4,20,,0.03333333333333333,PRONOSTIA
S2_new_records,Bearing2_4,20,,0.0,PRONOSTIA
S2_new_records,Bearing2_4,20,,0.0,PRONOSTIA
S2_new_records,Bearing2_4,20,,0.0,PRONOSTIA
S2_new_records,Bearing2_4,20,,0.0,PRONOSTIA
S2_new_records,Bearing2_4,20,,0.0,PRONOSTIA
S2_new_records,Bearing2_4,20,,0.0,PRONOSTIA
S2_new_records,Bearing2_4,20,,0.0,PRONOSTIA
S2_new_records,Bearing2_4,20,,0.0,PRONOSTIA
S2_new_records,Bearing2_4,20,,0.0,PRONOSTIA
S2_new_records,Bearing2_4,20,,0.0,PRONOSTIA
S2_new_records,Bearing2_4,20,,0.0,PRONOSTIA
S2_new_records,Bearing2_4,20,,0.0,PRONOSTIA
S2_new_records,Bearing2_4,60,,0.0,PRONOSTIA
S2_new_records,Bearing2_4,60,,0.0,PRONOSTIA
S2_new_records,Bearing2_4,60,,0.0,PRONOSTIA
S2_new_records,Bearing2_4,60,,0.0,PRONOSTIA
S2_new_records,Bearing2_4,60,,0.0,PRONOSTIA
S2_new_records,Bearing2_4,60,,0.0,PRONOSTIA
S2_new_records,Bearing2_4,60,,0.0,PRONOSTIA
S2_new_records,Bearing2_4,60,,0.0,PRONOSTIA
S2_new_records,Bearing2_4,60,,0.0,PRONOSTIA
S2_new_records,Bearing2_4,60,,0.0,PRONOSTIA
S2_new_records,Bearing2_4,60,,0.0,PRONOSTIA
S2_new_records,Bearing2_4,60,,0.0,PRONOSTIA
S2_new_records,Bearing2_4,60,,0.0,PRONOSTIA
S2_new_records,Bearing2_4,60,,0.0,PRONOSTIA
S2_new_records,Bearing2_4,60,,0.0,PRONOSTIA
S2_new_records,Bearing2_4,60,,0.0,PRONOSTIA
S2_new_records,Bearing2_4,60,,0.0,PRONOSTIA
S2_new_records,Bearing2_4,60,,0.0,PRONOSTIA
S2_new_records,Bearing2_4,60,,0.0,PRONOSTIA
S2_new_records,Bearing2_4,60,,0.0,PRONOSTIA
S2_new_records,Bearing2_4,60,,0.0,PRONOSTIA
S2_new_records,Bearing2_4,60,,0.0,PRONOSTIA
S2_new_records,Bearing2_4,60,,0.0,PRONOSTIA
S2_new_records,Bearing2_4,60,,0.0,PRONOSTIA
S2_new_records,Bearing2_4,60,,0.0,PRONOSTIA
S2_new_records,Bearing2_4,60,,0.0,PRONOSTIA
S2_new_records,Bearing2_4,60,,0.0,PRONOSTIA
S2_new_records,Bearing2_4,60,,0.0,PRONOSTIA
S2_new_records,Bearing2_4,60,,0.0,PRONOSTIA
S2_new_records,Bearing2_4,60,,0.0,PRONOSTIA
S2_new_records,Bearing2_4,60,,0.0,PRONOSTIA
S2_new_records,Bearing2_4,60,,0.0,PRONOSTIA
S2_new_records,Bearing2_4,60,,0.0,PRONOSTIA
S2_new_records,Bearing2_4,60,,0.0,PRONOSTIA
S2_new_records,Bearing2_4,60,,0.0,PRONOSTIA
S2_new_records,Bearing2_4,60,,0.0,PRONOSTIA
S2_new_records,Bearing2_4,60,,0.0,PRONOSTIA
S2_new_records,Bearing2_4,60,,0.0,PRONOSTIA
S2_new_records,Bearing2_4,60,,0.0,PRONOSTIA
S2_new_records,Bearing2_4,60,,0.0,PRONOSTIA
S2_new_records,Bearing2_4,60,,0.0,PRONOSTIA
S2_new_records,Bearing2_4,60,,0.0,PRONOSTIA
S2_new_records,Bearing2_4,60,,0.0,PRONOSTIA
S2_new_records,Bearing2_4,60,,0.0,PRONOSTIA
S2_new_records,Bearing2_4,60,,0.0,PRONOSTIA
S2_new_records,Bearing2_4,60,,0.0,PRONOSTIA
S2_new_records,Bearing2_4,60,,0.0,PRONOSTIA
S2_new_records,Bearing2_4,60,,0.0,PRONOSTIA
S2_new_records,Bearing2_4,60,,0.0,PRONOSTIA
S2_new_records,Bearing2_4,60,,0.0,PRONOSTIA
S2_new_records,Bearing2_4,160,,0.0,PRONOSTIA
S2_new_records,Bearing2_4,160,,0.0,PRONOSTIA
S2_new_records,Bearing2_4,160,,0.0,PRONOSTIA
S2_new_records,Bearing2_4,160,,0.0,PRONOSTIA
S2_new_records,Bearing2_4,160,,0.0,PRONOSTIA
S2_new_records,Bearing2_4,160,,0.0,PRONOSTIA
S2_new_records,Bearing2_4,160,,0.0,PRONOSTIA
S2_new_records,Bearing2_4,160,,0.0,PRONOSTIA
S2_new_records,Bearing2_4,160,,0.0,PRONOSTIA
S2_new_records,Bearing2_4,160,,0.0,PRONOSTIA
S2_new_records,Bearing2_4,160,,0.0,PRONOSTIA
S2_new_records,Bearing2_4,160,,0.0,PRONOSTIA
S2_new_records,Bearing2_4,160,,0.0,PRONOSTIA
S2_new_records,Bearing2_4,160,,0.0,PRONOSTIA
S2_new_records,Bearing2_4,160,,0.0,PRONOSTIA
S2_new_records,Bearing2_4,160,,0.0,PRONOSTIA
S2_new_records,Bearing2_4,160,,0.0,PRONOSTIA
S2_new_records,Bearing2_4,160,,0.0,PRONOSTIA
S2_new_records,Bearing2_4,160,,0.0,PRONOSTIA
S2_new_records,Bearing2_4,160,,0.0,PRONOSTIA
S2_new_records,Bearing2_4,160,,0.0,PRONOSTIA
S2_new_records,Bearing2_4,160,,0.0,PRONOSTIA
S2_new_records,Bearing2_4,160,,0.0,PRONOSTIA
S2_new_records,Bearing2_4,160,,0.0,PRONOSTIA
S2_new_records,Bearing2_4,160,,0.0,PRONOSTIA
S2_new_records,Bearing2_4,160,,0.0,PRONOSTIA
S2_new_records,Bearing2_4,160,,0.0,PRONOSTIA
S2_new_records,Bearing2_4,160,,0.0,PRONOSTIA
S2_new_records,Bearing2_4,160,,0.0,PRONOSTIA
S2_new_records,Bearing2_4,160,,0.0,PRONOSTIA
S2_new_records,Bearing2_4,160,,0.0,PRONOSTIA
S2_new_records,Bearing2_4,160,,0.0,PRONOSTIA
S2_new_records,Bearing2_4,160,,0.0,PRONOSTIA
S2_new_records,Bearing2_4,160,,0.0,PRONOSTIA
S2_new_records,Bearing2_4,160,,0.0,PRONOSTIA
S2_new_records,Bearing2_4,160,,0.0,PRONOSTIA
S2_new_records,Bearing2_4,160,,0.0,PRONOSTIA
S2_new_records,Bearing2_4,160,,0.0,PRONOSTIA
S2_new_records,Bearing2_4,160,,0.0,PRONOSTIA
S2_new_records,Bearing2_4,160,,0.0,PRONOSTIA
S2_new_records,Bearing2_4,160,,0.0,PRONOSTIA
S2_new_records,Bearing2_4,160,,0.0,PRONOSTIA
S2_new_records,Bearing2_4,160,,0.0,PRONOSTIA
S2_new_records,Bearing2_4,160,,0.0,PRONOSTIA
S2_new_records,Bearing2_4,160,,0.0,PRONOSTIA
S2_new_records,Bearing2_4,160,,0.0,PRONOSTIA
S2_new_records,Bearing2_4,160,,0.0,PRONOSTIA
S2_new_records,Bearing2_4,160,,0.0,PRONOSTIA
S2_new_records,Bearing2_4,160,,0.0,PRONOSTIA
S2_new_records,Bearing2_4,160,,0.0,PRONOSTIA
S2_new_records,Bearing2_5,20,,0.03333333333333333,PRONOSTIA
S2_new_records,Bearing2_5,20,,0.05,PRONOSTIA
S2_new_records,Bearing2_5,20,,0.03333333333333333,PRONOSTIA
S2_new_records,Bearing2_5,20,,0.0,PRONOSTIA
S2_new_records,Bearing2_5,20,,0.65,PRONOSTIA
S2_new_records,Bearing2_5,20,,0.85,PRONOSTIA
S2_new_records,Bearing2_5,20,,0.03333333333333333,PRONOSTIA
S2_new_records,Bearing2_5,20,,0.0,PRONOSTIA
S2_new_records,Bearing2_5,20,,0.0,PRONOSTIA
S2_new_records,Bearing2_5,20,,0.05,PRONOSTIA
S2_new_records,Bearing2_5,20,,0.31666666666666665,PRONOSTIA
S2_new_records,Bearing2_5,20,,0.0,PRONOSTIA
S2_new_records,Bearing2_5,20,,0.36666666666666664,PRONOSTIA
S2_new_records,Bearing2_5,20,,0.0,PRONOSTIA
S2_new_records,Bearing2_5,20,,0.03333333333333333,PRONOSTIA
S2_new_records,Bearing2_5,20,,0.0,PRONOSTIA
S2_new_records,Bearing2_5,20,,0.05,PRONOSTIA
S2_new_records,Bearing2_5,20,,0.0,PRONOSTIA
S2_new_records,Bearing2_5,20,,0.0,PRONOSTIA
S2_new_records,Bearing2_5,20,,0.03333333333333333,PRONOSTIA
S2_new_records,Bearing2_5,20,,0.016666666666666666,PRONOSTIA
S2_new_records,Bearing2_5,20,,0.5,PRONOSTIA
S2_new_records,Bearing2_5,20,,0.05,PRONOSTIA
S2_new_records,Bearing2_5,20,,0.18333333333333332,PRONOSTIA
S2_new_records,Bearing2_5,20,,0.2,PRONOSTIA
S2_new_records,Bearing2_5,20,,0.05,PRONOSTIA
S2_new_records,Bearing2_5,20,,0.0,PRONOSTIA
S2_new_records,Bearing2_5,20,,0.0,PRONOSTIA
S2_new_records,Bearing2_5,20,,0.03333333333333333,PRONOSTIA
S2_new_records,Bearing2_5,20,,0.0,PRONOSTIA
S2_new_records,Bearing2_5,20,,0.016666666666666666,PRONOSTIA
S2_new_records,Bearing2_5,20,,0.0,PRONOSTIA
S2_new_records,Bearing2_5,20,,0.2,PRONOSTIA
S2_new_records,Bearing2_5,20,,0.03333333333333333,PRONOSTIA
S2_new_records,Bearing2_5,20,,0.05,PRONOSTIA
S2_new_records,Bearing2_5,20,,0.25,PRONOSTIA
S2_new_records,Bearing2_5,20,,0.23333333333333334,PRONOSTIA
S2_new_records,Bearing2_5,20,,0.016666666666666666,PRONOSTIA
S2_new_records,Bearing2_5,20,,0.0,PRONOSTIA
S2_new_records,Bearing2_5,20,,0.0,PRONOSTIA
S2_new_records,Bearing2_5,20,,0.05,PRONOSTIA
S2_new_records,Bearing2_5,20,,0.0,PRONOSTIA
S2_new_records,Bearing2_5,20,,0.016666666666666666,PRONOSTIA
S2_new_records,Bearing2_5,20,,0.05,PRONOSTIA
S2_new_records,Bearing2_5,20,,0.016666666666666666,PRONOSTIA
S2_new_records,Bearing2_5,20,,0.0,PRONOSTIA
S2_new_records,Bearing2_5,20,,0.0,PRONOSTIA
S2_new_records,Bearing2_5,20,,0.48333333333333334,PRONOSTIA
S2_new_records,Bearing2_5,20,,0.0,PRONOSTIA
S2_new_records,Bearing2_5,20,,0.0,PRONOSTIA
S2_new_records,Bearing2_5,60,,0.0,PRONOSTIA
S2_new_records,Bearing2_5,60,,0.16666666666666666,PRONOSTIA
S2_new_records,Bearing2_5,60,,0.2833333333333333,PRONOSTIA
S2_new_records,Bearing2_5,60,,0.016666666666666666,PRONOSTIA
S2_new_records,Bearing2_5,60,,0.16666666666666666,PRONOSTIA
S2_new_records,Bearing2_5,60,,0.0,PRONOSTIA
S2_new_records,Bearing2_5,60,,0.0,PRONOSTIA
S2_new_records,Bearing2_5,60,,0.0,PRONOSTIA
S2_new_records,Bearing2_5,60,,0.016666666666666666,PRONOSTIA
S2_new_records,Bearing2_5,60,,0.03333333333333333,PRONOSTIA
S2_new_records,Bearing2_5,60,,0.03333333333333333,PRONOSTIA
S2_new_records,Bearing2_5,60,,0.016666666666666666,PRONOSTIA
S2_new_records,Bearing2_5,60,,0.03333333333333333,PRONOSTIA
S2_new_records,Bearing2_5,60,,0.016666666666666666,PRONOSTIA
S2_new_records,Bearing2_5,60,,0.0,PRONOSTIA
S2_new_records,Bearing2_5,60,,0.03333333333333333,PRONOSTIA
S2_new_records,Bearing2_5,60,,0.0,PRONOSTIA
S2_new_records,Bearing2_5,60,,0.0,PRONOSTIA
S2_new_records,Bearing2_5,60,,0.0,PRONOSTIA
S2_new_records,Bearing2_5,60,,0.0,PRONOSTIA
S2_new_records,Bearing2_5,60,,0.0,PRONOSTIA
S2_new_records,Bearing2_5,60,,0.0,PRONOSTIA
S2_new_records,Bearing2_5,60,,0.03333333333333333,PRONOSTIA
S2_new_records,Bearing2_5,60,,0.016666666666666666,PRONOSTIA
S2_new_records,Bearing2_5,60,,0.03333333333333333,PRONOSTIA
S2_new_records,Bearing2_5,60,,0.03333333333333333,PRONOSTIA
S2_new_records,Bearing2_5,60,,0.03333333333333333,PRONOSTIA
S2_new_records,Bearing2_5,60,,0.0,PRONOSTIA
S2_new_records,Bearing2_5,60,,0.016666666666666666,PRONOSTIA
S2_new_records,Bearing2_5,60,,0.18333333333333332,PRONOSTIA
S2_new_records,Bearing2_5,60,,0.11666666666666667,PRONOSTIA
S2_new_records,Bearing2_5,60,,0.03333333333333333,PRONOSTIA
S2_new_records,Bearing2_5,60,,0.03333333333333333,PRONOSTIA
S2_new_records,Bearing2_5,60,,0.0,PRONOSTIA
S2_new_records,Bearing2_5,60,,0.0,PRONOSTIA
S2_new_records,Bearing2_5,60,,0.0,PRONOSTIA
S2_new_records,Bearing2_5,60,,0.03333333333333333,PRONOSTIA
S2_new_records,Bearing2_5,60,,0.016666666666666666,PRONOSTIA
S2_new_records,Bearing2_5,60,,0.03333333333333333,PRONOSTIA
S2_new_records,Bearing2_5,60,,0.03333333333333333,PRONOSTIA
S2_new_records,Bearing2_5,60,,0.03333333333333333,PRONOSTIA
S2_new_records,Bearing2_5,60,,0.0,PRONOSTIA
S2_new_records,Bearing2_5,60,,0.18333333333333332,PRONOSTIA
S2_new_records,Bearing2_5,60,,0.0,PRONOSTIA
S2_new_records,Bearing2_5,60,,0.016666666666666666,PRONOSTIA
S2_new_records,Bearing2_5,60,,0.0,PRONOSTIA
S2_new_records,Bearing2_5,60,,0.016666666666666666,PRONOSTIA
S2_new_records,Bearing2_5,60,,0.0,PRONOSTIA
S2_new_records,Bearing2_5,60,,0.0,PRONOSTIA
S2_new_records,Bearing2_5,60,,0.016666666666666666,PRONOSTIA
S2_new_records,Bearing2_5,160,,0.0,PRONOSTIA
S2_new_records,Bearing2_5,160,,0.0,PRONOSTIA
S2_new_records,Bearing2_5,160,,0.21666666666666667,PRONOSTIA
S2_new_records,Bearing2_5,160,,0.016666666666666666,PRONOSTIA
S2_new_records,Bearing2_5,160,,0.21666666666666667,PRONOSTIA
S2_new_records,Bearing2_5,160,,0.21666666666666667,PRONOSTIA
S2_new_records,Bearing2_5,160,,0.0,PRONOSTIA
S2_new_records,Bearing2_5,160,,0.0,PRONOSTIA
S2_new_records,Bearing2_5,160,,0.016666666666666666,PRONOSTIA
S2_new_records,Bearing2_5,160,,0.0,PRONOSTIA
S2_new_records,Bearing2_5,160,,0.016666666666666666,PRONOSTIA
S2_new_records,Bearing2_5,160,,0.0,PRONOSTIA
S2_new_records,Bearing2_5,160,,0.1,PRONOSTIA
S2_new_records,Bearing2_5,160,,0.05,PRONOSTIA
S2_new_records,Bearing2_5,160,,0.016666666666666666,PRONOSTIA
S2_new_records,Bearing2_5,160,,0.016666666666666666,PRONOSTIA
S2_new_records,Bearing2_5,160,,0.0,PRONOSTIA
S2_new_records,Bearing2_5,160,,0.0,PRONOSTIA
S2_new_records,Bearing2_5,160,,0.016666666666666666,PRONOSTIA
S2_new_records,Bearing2_5,160,,0.016666666666666666,PRONOSTIA
S2_new_records,Bearing2_5,160,,0.016666666666666666,PRONOSTIA
S2_new_records,Bearing2_5,160,,0.0,PRONOSTIA
S2_new_records,Bearing2_5,160,,0.0,PRONOSTIA
S2_new_records,Bearing2_5,160,,0.15,PRONOSTIA
S2_new_records,Bearing2_5,160,,0.0,PRONOSTIA
S2_new_records,Bearing2_5,160,,0.016666666666666666,PRONOSTIA
S2_new_records,Bearing2_5,160,,0.016666666666666666,PRONOSTIA
S2_new_records,Bearing2_5,160,,0.016666666666666666,PRONOSTIA
S2_new_records,Bearing2_5,160,,0.0,PRONOSTIA
S2_new_records,Bearing2_5,160,,0.0,PRONOSTIA
S2_new_records,Bearing2_5,160,,0.0,PRONOSTIA
S2_new_records,Bearing2_5,160,,0.016666666666666666,PRONOSTIA
S2_new_records,Bearing2_5,160,,0.016666666666666666,PRONOSTIA
S2_new_records,Bearing2_5,160,,0.0,PRONOSTIA
S2_new_records,Bearing2_5,160,,0.016666666666666666,PRONOSTIA
S2_new_records,Bearing2_5,160,,0.016666666666666666,PRONOSTIA
S2_new_records,Bearing2_5,160,,0.0,PRONOSTIA
S2_new_records,Bearing2_5,160,,0.0,PRONOSTIA
S2_new_records,Bearing2_5,160,,0.0,PRONOSTIA
S2_new_records,Bearing2_5,160,,0.18333333333333332,PRONOSTIA
S2_new_records,Bearing2_5,160,,0.016666666666666666,PRONOSTIA
S2_new_records,Bearing2_5,160,,0.0,PRONOSTIA
S2_new_records,Bearing2_5,160,,0.0,PRONOSTIA
S2_new_records,Bearing2_5,160,,0.016666666666666666,PRONOSTIA
S2_new_records,Bearing2_5,160,,0.0,PRONOSTIA
S2_new_records,Bearing2_5,160,,0.13333333333333333,PRONOSTIA
S2_new_records,Bearing2_5,160,,0.016666666666666666,PRONOSTIA
S2_new_records,Bearing2_5,160,,0.0,PRONOSTIA
S2_new_records,Bearing2_5,160,,0.0,PRONOSTIA
S2_new_records,Bearing2_5,160,,0.0,PRONOSTIA
S2_new_records,Bearing2_6,20,,0.0,PRONOSTIA
S2_new_records,Bearing2_6,20,,0.0,PRONOSTIA
S2_new_records,Bearing2_6,20,,0.0,PRONOSTIA
S2_new_records,Bearing2_6,20,,0.0,PRONOSTIA
S2_new_records,Bearing2_6,20,,0.0,PRONOSTIA
S2_new_records,Bearing2_6,20,,0.0,PRONOSTIA
S2_new_records,Bearing2_6,20,,0.03333333333333333,PRONOSTIA
S2_new_records,Bearing2_6,20,,0.0,PRONOSTIA
S2_new_records,Bearing2_6,20,,0.0,PRONOSTIA
S2_new_records,Bearing2_6,20,,0.0,PRONOSTIA
S2_new_records,Bearing2_6,20,,0.016666666666666666,PRONOSTIA
S2_new_records,Bearing2_6,20,,0.0,PRONOSTIA
S2_new_records,Bearing2_6,20,,0.0,PRONOSTIA
S2_new_records,Bearing2_6,20,,0.0,PRONOSTIA
S2_new_records,Bearing2_6,20,,0.0,PRONOSTIA
S2_new_records,Bearing2_6,20,,0.0,PRONOSTIA
S2_new_records,Bearing2_6,20,,0.0,PRONOSTIA
S2_new_records,Bearing2_6,20,,0.0,PRONOSTIA
S2_new_records,Bearing2_6,20,,0.0,PRONOSTIA
S2_new_records,Bearing2_6,20,,0.0,PRONOSTIA
S2_new_records,Bearing2_6,20,,0.0,PRONOSTIA
S2_new_records,Bearing2_6,20,,0.0,PRONOSTIA
S2_new_records,Bearing2_6,20,,0.0,PRONOSTIA
S2_new_records,Bearing2_6,20,,0.0,PRONOSTIA
S2_new_records,Bearing2_6,20,,0.0,PRONOSTIA
S2_new_records,Bearing2_6,20,,0.0,PRONOSTIA
S2_new_records,Bearing2_6,20,,0.0,PRONOSTIA
S2_new_records,Bearing2_6,20,,0.0,PRONOSTIA
S2_new_records,Bearing2_6,20,,0.0,PRONOSTIA
S2_new_records,Bearing2_6,20,,0.0,PRONOSTIA
S2_new_records,Bearing2_6,20,,0.0,PRONOSTIA
S2_new_records,Bearing2_6,20,,0.0,PRONOSTIA
S2_new_records,Bearing2_6,20,,0.0,PRONOSTIA
S2_new_records,Bearing2_6,20,,0.0,PRONOSTIA
S2_new_records,Bearing2_6,20,,0.0,PRONOSTIA
S2_new_records,Bearing2_6,20,,0.0,PRONOSTIA
S2_new_records,Bearing2_6,20,,0.0,PRONOSTIA
S2_new_records,Bearing2_6,20,,0.0,PRONOSTIA
S2_new_records,Bearing2_6,20,,0.0,PRONOSTIA
S2_new_records,Bearing2_6,20,,0.0,PRONOSTIA
S2_new_records,Bearing2_6,20,,0.0,PRONOSTIA
S2_new_records,Bearing2_6,20,,0.0,PRONOSTIA
S2_new_records,Bearing2_6,20,,0.06666666666666667,PRONOSTIA
S2_new_records,Bearing2_6,20,,0.0,PRONOSTIA
S2_new_records,Bearing2_6,20,,0.0,PRONOSTIA
S2_new_records,Bearing2_6,20,,0.0,PRONOSTIA
S2_new_records,Bearing2_6,20,,0.0,PRONOSTIA
S2_new_records,Bearing2_6,20,,0.0,PRONOSTIA
S2_new_records,Bearing2_6,20,,0.0,PRONOSTIA
S2_new_records,Bearing2_6,20,,0.0,PRONOSTIA
S2_new_records,Bearing2_6,60,,0.0,PRONOSTIA
S2_new_records,Bearing2_6,60,,0.0,PRONOSTIA
S2_new_records,Bearing2_6,60,,0.0,PRONOSTIA
S2_new_records,Bearing2_6,60,,0.0,PRONOSTIA
S2_new_records,Bearing2_6,60,,0.0,PRONOSTIA
S2_new_records,Bearing2_6,60,,0.0,PRONOSTIA
S2_new_records,Bearing2_6,60,,0.0,PRONOSTIA
S2_new_records,Bearing2_6,60,,0.0,PRONOSTIA
S2_new_records,Bearing2_6,60,,0.0,PRONOSTIA
S2_new_records,Bearing2_6,60,,0.0,PRONOSTIA
S2_new_records,Bearing2_6,60,,0.0,PRONOSTIA
S2_new_records,Bearing2_6,60,,0.0,PRONOSTIA
S2_new_records,Bearing2_6,60,,0.0,PRONOSTIA
S2_new_records,Bearing2_6,60,,0.0,PRONOSTIA
S2_new_records,Bearing2_6,60,,0.0,PRONOSTIA
S2_new_records,Bearing2_6,60,,0.0,PRONOSTIA
S2_new_records,Bearing2_6,60,,0.0,PRONOSTIA
S2_new_records,Bearing2_6,60,,0.0,PRONOSTIA
S2_new_records,Bearing2_6,60,,0.0,PRONOSTIA
S2_new_records,Bearing2_6,60,,0.0,PRONOSTIA
S2_new_records,Bearing2_6,60,,0.0,PRONOSTIA
S2_new_records,Bearing2_6,60,,0.0,PRONOSTIA
S2_new_records,Bearing2_6,60,,0.0,PRONOSTIA
S2_new_records,Bearing2_6,60,,0.0,PRONOSTIA
S2_new_records,Bearing2_6,60,,0.0,PRONOSTIA
S2_new_records,Bearing2_6,60,,0.0,PRONOSTIA
S2_new_records,Bearing2_6,60,,0.0,PRONOSTIA
S2_new_records,Bearing2_6,60,,0.0,PRONOSTIA
S2_new_records,Bearing2_6,60,,0.0,PRONOSTIA
S2_new_records,Bearing2_6,60,,0.0,PRONOSTIA
S2_new_records,Bearing2_6,60,,0.0,PRONOSTIA
S2_new_records,Bearing2_6,60,,0.0,PRONOSTIA
S2_new_records,Bearing2_6,60,,0.0,PRONOSTIA
S2_new_records,Bearing2_6,60,,0.0,PRONOSTIA
S2_new_records,Bearing2_6,60,,0.0,PRONOSTIA
S2_new_records,Bearing2_6,60,,0.0,PRONOSTIA
S2_new_records,Bearing2_6,60,,0.0,PRONOSTIA
S2_new_records,Bearing2_6,60,,0.0,PRONOSTIA
S2_new_records,Bearing2_6,60,,0.0,PRONOSTIA
S2_new_records,Bearing2_6,60,,0.0,PRONOSTIA
S2_new_records,Bearing2_6,60,,0.0,PRONOSTIA
S2_new_records,Bearing2_6,60,,0.0,PRONOSTIA
S2_new_records,Bearing2_6,60,,0.0,PRONOSTIA
S2_new_records,Bearing2_6,60,,0.0,PRONOSTIA
S2_new_records,Bearing2_6,60,,0.0,PRONOSTIA
S2_new_records,Bearing2_6,60,,0.0,PRONOSTIA
S2_new_records,Bearing2_6,60,,0.0,PRONOSTIA
S2_new_records,Bearing2_6,60,,0.0,PRONOSTIA
S2_new_records,Bearing2_6,60,,0.0,PRONOSTIA
S2_new_records,Bearing2_6,60,,0.0,PRONOSTIA
S2_new_records,Bearing2_6,160,,0.0,PRONOSTIA
S2_new_records,Bearing2_6,160,,0.0,PRONOSTIA
S2_new_records,Bearing2_6,160,,0.0,PRONOSTIA
S2_new_records,Bearing2_6,160,,0.0,PRONOSTIA
S2_new_records,Bearing2_6,160,,0.0,PRONOSTIA
S2_new_records,Bearing2_6,160,,0.0,PRONOSTIA
S2_new_records,Bearing2_6,160,,0.0,PRONOSTIA
S2_new_records,Bearing2_6,160,,0.0,PRONOSTIA
S2_new_records,Bearing2_6,160,,0.0,PRONOSTIA
S2_new_records,Bearing2_6,160,,0.0,PRONOSTIA
S2_new_records,Bearing2_6,160,,0.0,PRONOSTIA
S2_new_records,Bearing2_6,160,,0.0,PRONOSTIA
S2_new_records,Bearing2_6,160,,0.0,PRONOSTIA
S2_new_records,Bearing2_6,160,,0.0,PRONOSTIA
S2_new_records,Bearing2_6,160,,0.0,PRONOSTIA
S2_new_records,Bearing2_6,160,,0.0,PRONOSTIA
S2_new_records,Bearing2_6,160,,0.0,PRONOSTIA
S2_new_records,Bearing2_6,160,,0.0,PRONOSTIA
S2_new_records,Bearing2_6,160,,0.0,PRONOSTIA
S2_new_records,Bearing2_6,160,,0.0,PRONOSTIA
S2_new_records,Bearing2_6,160,,0.0,PRONOSTIA
S2_new_records,Bearing2_6,160,,0.0,PRONOSTIA
S2_new_records,Bearing2_6,160,,0.0,PRONOSTIA
S2_new_records,Bearing2_6,160,,0.0,PRONOSTIA
S2_new_records,Bearing2_6,160,,0.0,PRONOSTIA
S2_new_records,Bearing2_6,160,,0.0,PRONOSTIA
S2_new_records,Bearing2_6,160,,0.0,PRONOSTIA
S2_new_records,Bearing2_6,160,,0.0,PRONOSTIA
S2_new_records,Bearing2_6,160,,0.0,PRONOSTIA
S2_new_records,Bearing2_6,160,,0.0,PRONOSTIA
S2_new_records,Bearing2_6,160,,0.0,PRONOSTIA
S2_new_records,Bearing2_6,160,,0.0,PRONOSTIA
S2_new_records,Bearing2_6,160,,0.0,PRONOSTIA
S2_new_records,Bearing2_6,160,,0.0,PRONOSTIA
S2_new_records,Bearing2_6,160,,0.0,PRONOSTIA
S2_new_records,Bearing2_6,160,,0.0,PRONOSTIA
S2_new_records,Bearing2_6,160,,0.0,PRONOSTIA
S2_new_records,Bearing2_6,160,,0.0,PRONOSTIA
S2_new_records,Bearing2_6,160,,0.0,PRONOSTIA
S2_new_records,Bearing2_6,160,,0.0,PRONOSTIA
S2_new_records,Bearing2_6,160,,0.0,PRONOSTIA
S2_new_records,Bearing2_6,160,,0.0,PRONOSTIA
S2_new_records,Bearing2_6,160,,0.0,PRONOSTIA
S2_new_records,Bearing2_6,160,,0.0,PRONOSTIA
S2_new_records,Bearing2_6,160,,0.0,PRONOSTIA
S2_new_records,Bearing2_6,160,,0.0,PRONOSTIA
S2_new_records,Bearing2_6,160,,0.0,PRONOSTIA
S2_new_records,Bearing2_6,160,,0.0,PRONOSTIA
S2_new_records,Bearing2_6,160,,0.0,PRONOSTIA
S2_new_records,Bearing2_6,160,,0.0,PRONOSTIA
S2_new_records,Bearing2_7,20,,0.0,PRONOSTIA
S2_new_records,Bearing2_7,20,,0.0,PRONOSTIA
S2_new_records,Bearing2_7,20,,0.0,PRONOSTIA
S2_new_records,Bearing2_7,20,,0.0,PRONOSTIA
S2_new_records,Bearing2_7,20,,0.0,PRONOSTIA
S2_new_records,Bearing2_7,20,,0.0,PRONOSTIA
S2_new_records,Bearing2_7,20,,0.0,PRONOSTIA
S2_new_records,Bearing2_7,20,,0.0,PRONOSTIA
S2_new_records,Bearing2_7,20,,0.0,PRONOSTIA
S2_new_records,Bearing2_7,20,,0.0,PRONOSTIA
S2_new_records,Bearing2_7,20,,0.0,PRONOSTIA
S2_new_records,Bearing2_7,20,,0.13043478260869565,PRONOSTIA
S2_new_records,Bearing2_7,20,,0.13043478260869565,PRONOSTIA
S2_new_records,Bearing2_7,20,,0.0,PRONOSTIA
S2_new_records,Bearing2_7,20,,0.0,PRONOSTIA
S2_new_records,Bearing2_7,20,,0.0,PRONOSTIA
S2_new_records,Bearing2_7,20,,0.0,PRONOSTIA
S2_new_records,Bearing2_7,20,,0.0,PRONOSTIA
S2_new_records,Bearing2_7,20,,0.0,PRONOSTIA
S2_new_records,Bearing2_7,20,,0.0,PRONOSTIA
S2_new_records,Bearing2_7,20,,0.0,PRONOSTIA
S2_new_records,Bearing2_7,20,,0.0,PRONOSTIA
S2_new_records,Bearing2_7,20,,0.0,PRONOSTIA
S2_new_records,Bearing2_7,20,,0.0,PRONOSTIA
S2_new_records,Bearing2_7,20,,0.0,PRONOSTIA
S2_new_records,Bearing2_7,20,,0.0,PRONOSTIA
S2_new_records,Bearing2_7,20,,0.0,PRONOSTIA
S2_new_records,Bearing2_7,20,,0.0,PRONOSTIA
S2_new_records,Bearing2_7,20,,0.0,PRONOSTIA
S2_new_records,Bearing2_7,20,,0.0,PRONOSTIA
S2_new_records,Bearing2_7,20,,0.0,PRONOSTIA
S2_new_records,Bearing2_7,20,,0.0,PRONOSTIA
S2_new_records,Bearing2_7,20,,0.0,PRONOSTIA
S2_new_records,Bearing2_7,20,,0.0,PRONOSTIA
S2_new_records,Bearing2_7,20,,0.0,PRONOSTIA
S2_new_records,Bearing2_7,20,,0.0,PRONOSTIA
S2_new_records,Bearing2_7,20,,0.0,PRONOSTIA
S2_new_records,Bearing2_7,20,,0.0,PRONOSTIA
S2_new_records,Bearing2_7,20,,0.0,PRONOSTIA
S2_new_records,Bearing2_7,20,,0.0,PRONOSTIA
S2_new_records,Bearing2_7,20,,0.0,PRONOSTIA
S2_new_records,Bearing2_7,20,,0.0,PRONOSTIA
S2_new_records,Bearing2_7,20,,0.0,PRONOSTIA
S2_new_records,Bearing2_7,20,,0.0,PRONOSTIA
S2_new_records,Bearing2_7,20,,0.0,PRONOSTIA
S2_new_records,Bearing2_7,20,,0.0,PRONOSTIA
S2_new_records,Bearing2_7,20,,0.0,PRONOSTIA
S2_new_records,Bearing2_7,20,,0.0,PRONOSTIA
S2_new_records,Bearing2_7,20,,0.0,PRONOSTIA
S2_new_records,Bearing2_7,20,,0.0,PRONOSTIA
S2_new_records,Bearing2_7,60,,0.0,PRONOSTIA
S2_new_records,Bearing2_7,60,,0.0,PRONOSTIA
S2_new_records,Bearing2_7,60,,0.0,PRONOSTIA
S2_new_records,Bearing2_7,60,,0.0,PRONOSTIA
S2_new_records,Bearing2_7,60,,0.0,PRONOSTIA
S2_new_records,Bearing2_7,60,,0.0,PRONOSTIA
S2_new_records,Bearing2_7,60,,0.0,PRONOSTIA
S2_new_records,Bearing2_7,60,,0.0,PRONOSTIA
S2_new_records,Bearing2_7,60,,0.0,PRONOSTIA
S2_new_records,Bearing2_7,60,,0.0,PRONOSTIA
S2_new_records,Bearing2_7,60,,0.0,PRONOSTIA
S2_new_records,Bearing2_7,60,,0.0,PRONOSTIA
S2_new_records,Bearing2_7,60,,0.0,PRONOSTIA
S2_new_records,Bearing2_7,60,,0.0,PRONOSTIA
S2_new_records,Bearing2_7,60,,0.0,PRONOSTIA
S2_new_records,Bearing2_7,60,,0.0,PRONOSTIA
S2_new_records,Bearing2_7,60,,0.0,PRONOSTIA
S2_new_records,Bearing2_7,60,,0.0,PRONOSTIA
S2_new_records,Bearing2_7,60,,0.0,PRONOSTIA
S2_new_records,Bearing2_7,60,,0.0,PRONOSTIA
S2_new_records,Bearing2_7,60,,0.0,PRONOSTIA
S2_new_records,Bearing2_7,60,,0.0,PRONOSTIA
S2_new_records,Bearing2_7,60,,0.0,PRONOSTIA
S2_new_records,Bearing2_7,60,,0.0,PRONOSTIA
S2_new_records,Bearing2_7,60,,0.0,PRONOSTIA
S2_new_records,Bearing2_7,60,,0.0,PRONOSTIA
S2_new_records,Bearing2_7,60,,0.0,PRONOSTIA
S2_new_records,Bearing2_7,60,,0.0,PRONOSTIA
S2_new_records,Bearing2_7,60,,0.0,PRONOSTIA
S2_new_records,Bearing2_7,60,,0.0,PRONOSTIA
S2_new_records,Bearing2_7,60,,0.0,PRONOSTIA
S2_new_records,Bearing2_7,60,,0.0,PRONOSTIA
S2_new_records,Bearing2_7,60,,0.0,PRONOSTIA
S2_new_records,Bearing2_7,60,,0.0,PRONOSTIA
S2_new_records,Bearing2_7,60,,0.0,PRONOSTIA
S2_new_records,Bearing2_7,60,,0.0,PRONOSTIA
S2_new_records,Bearing2_7,60,,0.0,PRONOSTIA
S2_new_records,Bearing2_7,60,,0.0,PRONOSTIA
S2_new_records,Bearing2_7,60,,0.0,PRONOSTIA
S2_new_records,Bearing2_7,60,,0.0,PRONOSTIA
S2_new_records,Bearing2_7,60,,0.0,PRONOSTIA
S2_new_records,Bearing2_7,60,,0.0,PRONOSTIA
S2_new_records,Bearing2_7,60,,0.0,PRONOSTIA
S2_new_records,Bearing2_7,60,,0.0,PRONOSTIA
S2_new_records,Bearing2_7,60,,0.0,PRONOSTIA
S2_new_records,Bearing2_7,60,,0.0,PRONOSTIA
S2_new_records,Bearing2_7,60,,0.0,PRONOSTIA
S2_new_records,Bearing2_7,60,,0.0,PRONOSTIA
S2_new_records,Bearing2_7,60,,0.0,PRONOSTIA
S2_new_records,Bearing2_7,60,,0.0,PRONOSTIA
S2_new_records,Bearing2_7,160,,0.0,PRONOSTIA
S2_new_records,Bearing2_7,160,,0.0,PRONOSTIA
S2_new_records,Bearing2_7,160,,0.0,PRONOSTIA
S2_new_records,Bearing2_7,160,,0.0,PRONOSTIA
S2_new_records,Bearing2_7,160,,0.0,PRONOSTIA
S2_new_records,Bearing2_7,160,,0.0,PRONOSTIA
S2_new_records,Bearing2_7,160,,0.0,PRONOSTIA
S2_new_records,Bearing2_7,160,,0.0,PRONOSTIA
S2_new_records,Bearing2_7,160,,0.0,PRONOSTIA
S2_new_records,Bearing2_7,160,,0.0,PRONOSTIA
S2_new_records,Bearing2_7,160,,0.0,PRONOSTIA
S2_new_records,Bearing2_7,160,,0.0,PRONOSTIA
S2_new_records,Bearing2_7,160,,0.0,PRONOSTIA
S2_new_records,Bearing2_7,160,,0.0,PRONOSTIA
S2_new_records,Bearing2_7,160,,0.0,PRONOSTIA
S2_new_records,Bearing2_7,160,,0.0,PRONOSTIA
S2_new_records,Bearing2_7,160,,0.0,PRONOSTIA
S2_new_records,Bearing2_7,160,,0.0,PRONOSTIA
S2_new_records,Bearing2_7,160,,0.0,PRONOSTIA
S2_new_records,Bearing2_7,160,,0.0,PRONOSTIA
S2_new_records,Bearing2_7,160,,0.0,PRONOSTIA
S2_new_records,Bearing2_7,160,,0.0,PRONOSTIA
S2_new_records,Bearing2_7,160,,0.0,PRONOSTIA
S2_new_records,Bearing2_7,160,,0.0,PRONOSTIA
S2_new_records,Bearing2_7,160,,0.0,PRONOSTIA
S2_new_records,Bearing2_7,160,,0.0,PRONOSTIA
S2_new_records,Bearing2_7,160,,0.0,PRONOSTIA
S2_new_records,Bearing2_7,160,,0.0,PRONOSTIA
S2_new_records,Bearing2_7,160,,0.0,PRONOSTIA
S2_new_records,Bearing2_7,160,,0.0,PRONOSTIA
S2_new_records,Bearing2_7,160,,0.0,PRONOSTIA
S2_new_records,Bearing2_7,160,,0.0,PRONOSTIA
S2_new_records,Bearing2_7,160,,0.0,PRONOSTIA
S2_new_records,Bearing2_7,160,,0.0,PRONOSTIA
S2_new_records,Bearing2_7,160,,0.0,PRONOSTIA
S2_new_records,Bearing2_7,160,,0.0,PRONOSTIA
S2_new_records,Bearing2_7,160,,0.0,PRONOSTIA
S2_new_records,Bearing2_7,160,,0.0,PRONOSTIA
S2_new_records,Bearing2_7,160,,0.0,PRONOSTIA
S2_new_records,Bearing2_7,160,,0.0,PRONOSTIA
S2_new_records,Bearing2_7,160,,0.0,PRONOSTIA
S2_new_records,Bearing2_7,160,,0.0,PRONOSTIA
S2_new_records,Bearing2_7,160,,0.0,PRONOSTIA
S2_new_records,Bearing2_7,160,,0.0,PRONOSTIA
S2_new_records,Bearing2_7,160,,0.0,PRONOSTIA
S2_new_records,Bearing2_7,160,,0.0,PRONOSTIA
S2_new_records,Bearing2_7,160,,0.0,PRONOSTIA
S2_new_records,Bearing2_7,160,,0.0,PRONOSTIA
S2_new_records,Bearing2_7,160,,0.0,PRONOSTIA
S2_new_records,Bearing2_7,160,,0.0,PRONOSTIA
S2_new_records,Bearing3_1,20,,0.0,PRONOSTIA
S2_new_records,Bearing3_1,20,,0.37254901960784315,PRONOSTIA
S2_new_records,Bearing3_1,20,,0.0,PRONOSTIA
S2_new_records,Bearing3_1,20,,0.0,PRONOSTIA
S2_new_records,Bearing3_1,20,,0.058823529411764705,PRONOSTIA
S2_new_records,Bearing3_1,20,,0.0196078431372549,PRONOSTIA
S2_new_records,Bearing3_1,20,,0.0392156862745098,PRONOSTIA
S2_new_records,Bearing3_1,20,,0.0,PRONOSTIA
S2_new_records,Bearing3_1,20,,0.13725490196078433,PRONOSTIA
S2_new_records,Bearing3_1,20,,0.0392156862745098,PRONOSTIA
S2_new_records,Bearing3_1,20,,0.0196078431372549,PRONOSTIA
S2_new_records,Bearing3_1,20,,0.09803921568627451,PRONOSTIA
S2_new_records,Bearing3_1,20,,0.0392156862745098,PRONOSTIA
S2_new_records,Bearing3_1,20,,0.0196078431372549,PRONOSTIA
S2_new_records,Bearing3_1,20,,0.0196078431372549,PRONOSTIA
S2_new_records,Bearing3_1,20,,0.0,PRONOSTIA
S2_new_records,Bearing3_1,20,,0.0,PRONOSTIA
S2_new_records,Bearing3_1,20,,0.0,PRONOSTIA
S2_new_records,Bearing3_1,20,,0.0,PRONOSTIA
S2_new_records,Bearing3_1,20,,0.0,PRONOSTIA
S2_new_records,Bearing3_1,20,,0.0,PRONOSTIA
S2_new_records,Bearing3_1,20,,0.0196078431372549,PRONOSTIA
S2_new_records,Bearing3_1,20,,0.0,PRONOSTIA
S2_new_records,Bearing3_1,20,,0.0196078431372549,PRONOSTIA
S2_new_records,Bearing3_1,20,,0.0784313725490196,PRONOSTIA
S2_new_records,Bearing3_1,20,,0.058823529411764705,PRONOSTIA
S2_new_records,Bearing3_1,20,,0.0196078431372549,PRONOSTIA
S2_new_records,Bearing3_1,20,,0.21568627450980393,PRONOSTIA
S2_new_records,Bearing3_1,20,,0.0784313725490196,PRONOSTIA
S2_new_records,Bearing3_1,20,,0.0196078431372549,PRONOSTIA
S2_new_records,Bearing3_1,20,,0.058823529411764705,PRONOSTIA
S2_new_records,Bearing3_1,20,,0.0,PRONOSTIA
S2_new_records,Bearing3_1,20,,0.0784313725490196,PRONOSTIA
S2_new_records,Bearing3_1,20,,0.0,PRONOSTIA
S2_new_records,Bearing3_1,20,,0.0,PRONOSTIA
S2_new_records,Bearing3_1,20,,0.0196078431372549,PRONOSTIA
S2_new_records,Bearing3_1,20,,0.0784313725490196,PRONOSTIA
S2_new_records,Bearing3_1,20,,0.0,PRONOSTIA
S2_new_records,Bearing3_1,20,,0.21568627450980393,PRONOSTIA
S2_new_records,Bearing3_1,20,,0.11764705882352941,PRONOSTIA
S2_new_records,Bearing3_1,20,,0.19607843137254902,PRONOSTIA
S2_new_records,Bearing3_1,20,,0.0,PRONOSTIA
S2_new_records,Bearing3_1,20,,0.0196078431372549,PRONOSTIA
S2_new_records,Bearing3_1,20,,0.0,PRONOSTIA
S2_new_records,Bearing3_1,20,,0.35294117647058826,PRONOSTIA
S2_new_records,Bearing3_1,20,,0.0392156862745098,PRONOSTIA
S2_new_records,Bearing3_1,20,,0.0196078431372549,PRONOSTIA
S2_new_records,Bearing3_1,20,,0.0,PRONOSTIA
S2_new_records,Bearing3_1,20,,0.0784313725490196,PRONOSTIA
S2_new_records,Bearing3_1,20,,0.0392156862745098,PRONOSTIA
S2_new_records,Bearing3_1,60,,0.0196078431372549,PRONOSTIA
S2_new_records,Bearing3_1,60,,0.0392156862745098,PRONOSTIA
S2_new_records,Bearing3_1,60,,0.0,PRONOSTIA
S2_new_records,Bearing3_1,60,,0.0196078431372549,PRONOSTIA
S2_new_records,Bearing3_1,60,,0.0196078431372549,PRONOSTIA
S2_new_records,Bearing3_1,60,,0.0196078431372549,PRONOSTIA
S2_new_records,Bearing3_1,60,,0.0,PRONOSTIA
S2_new_records,Bearing3_1,60,,0.0,PRONOSTIA
S2_new_records,Bearing3_1,60,,0.0,PRONOSTIA
S2_new_records,Bearing3_1,60,,0.0,PRONOSTIA
S2_new_records,Bearing3_1,60,,0.0,PRONOSTIA
S2_new_records,Bearing3_1,60,,0.0,PRONOSTIA
S2_new_records,Bearing3_1,60,,0.0,PRONOSTIA
S2_new_records,Bearing3_1,60,,0.0196078431372549,PRONOSTIA
S2_new_records,Bearing3_1,60,,0.0,PRONOSTIA
S2_new_records,Bearing3_1,60,,0.0,PRONOSTIA
S2_new_records,Bearing3_1,60,,0.0,PRONOSTIA
S2_new_records,Bearing3_1,60,,0.0,PRONOSTIA
S2_new_records,Bearing3_1,60,,0.0196078431372549,PRONOSTIA
S2_new_records,Bearing3_1,60,,0.0392156862745098,PRONOSTIA
S2_new_records,Bearing3_1,60,,0.0392156862745098,PRONOSTIA
S2_new_records,Bearing3_1,60,,0.0,PRONOSTIA
S2_new_records,Bearing3_1,60,,0.0,PRONOSTIA
S2_new_records,Bearing3_1,60,,0.0196078431372549,PRONOSTIA
S2_new_records,Bearing3_1,60,,0.0,PRONOSTIA
S2_new_records,Bearing3_1,60,,0.0392156862745098,PRONOSTIA
S2_new_records,Bearing3_1,60,,0.0,PRONOSTIA
S2_new_records,Bearing3_1,60,,0.0,PRONOSTIA
S2_new_records,Bearing3_1,60,,0.19607843137254902,PRONOSTIA
S2_new_records,Bearing3_1,60,,0.0392156862745098,PRONOSTIA
S2_new_records,Bearing3_1,60,,0.0,PRONOSTIA
S2_new_records,Bearing3_1,60,,0.0,PRONOSTIA
S2_new_records,Bearing3_1,60,,0.0196078431372549,PRONOSTIA
S2_new_records,Bearing3_1,60,,0.0,PRONOSTIA
S2_new_records,Bearing3_1,60,,0.0392156862745098,PRONOSTIA
S2_new_records,Bearing3_1,60,,0.0,PRONOSTIA
S2_new_records,Bearing3_1,60,,0.0,PRONOSTIA
S2_new_records,Bearing3_1,60,,0.0,PRONOSTIA
S2_new_records,Bearing3_1,60,,0.058823529411764705,PRONOSTIA
S2_new_records,Bearing3_1,60,,0.0196078431372549,PRONOSTIA
S2_new_records,Bearing3_1,60,,0.0196078431372549,PRONOSTIA
S2_new_records,Bearing3_1,60,,0.0,PRONOSTIA
S2_new_records,Bearing3_1,60,,0.0,PRONOSTIA
S2_new_records,Bearing3_1,60,,0.0,PRONOSTIA
S2_new_records,Bearing3_1,60,,0.0,PRONOSTIA
S2_new_records,Bearing3_1,60,,0.0,PRONOSTIA
S2_new_records,Bearing3_1,60,,0.058823529411764705,PRONOSTIA
S2_new_records,Bearing3_1,60,,0.0,PRONOSTIA
S2_new_records,Bearing3_1,60,,0.0,PRONOSTIA
S2_new_records,Bearing3_1,60,,0.0,PRONOSTIA
S2_new_records,Bearing3_1,160,,0.0,PRONOSTIA
S2_new_records,Bearing3_1,160,,0.0196078431372549,PRONOSTIA
S2_new_records,Bearing3_1,160,,0.0196078431372549,PRONOSTIA
S2_new_records,Bearing3_1,160,,0.0,PRONOSTIA
S2_new_records,Bearing3_1,160,,0.0196078431372549,PRONOSTIA
S2_new_records,Bearing3_1,160,,0.0,PRONOSTIA
S2_new_records,Bearing3_1,160,,0.0,PRONOSTIA
S2_new_records,Bearing3_1,160,,0.0,PRONOSTIA
S2_new_records,Bearing3_1,160,,0.0,PRONOSTIA
S2_new_records,Bearing3_1,160,,0.0,PRONOSTIA
S2_new_records,Bearing3_1,160,,0.0196078431372549,PRONOSTIA
S2_new_records,Bearing3_1,160,,0.0,PRONOSTIA
S2_new_records,Bearing3_1,160,,0.0,PRONOSTIA
S2_new_records,Bearing3_1,160,,0.0,PRONOSTIA
S2_new_records,Bearing3_1,160,,0.0196078431372549,PRONOSTIA
S2_new_records,Bearing3_1,160,,0.0,PRONOSTIA
S2_new_records,Bearing3_1,160,,0.0,PRONOSTIA
S2_new_records,Bearing3_1,160,,0.0,PRONOSTIA
S2_new_records,Bearing3_1,160,,0.0,PRONOSTIA
S2_new_records,Bearing3_1,160,,0.0,PRONOSTIA
S2_new_records,Bearing3_1,160,,0.0,PRONOSTIA
S2_new_records,Bearing3_1,160,,0.0,PRONOSTIA
S2_new_records,Bearing3_1,160,,0.0,PRONOSTIA
S2_new_records,Bearing3_1,160,,0.0,PRONOSTIA
S2_new_records,Bearing3_1,160,,0.0196078431372549,PRONOSTIA
S2_new_records,Bearing3_1,160,,0.0196078431372549,PRONOSTIA
S2_new_records,Bearing3_1,160,,0.0,PRONOSTIA
S2_new_records,Bearing3_1,160,,0.0196078431372549,PRONOSTIA
S2_new_records,Bearing3_1,160,,0.0196078431372549,PRONOSTIA
S2_new_records,Bearing3_1,160,,0.0196078431372549,PRONOSTIA
S2_new_records,Bearing3_1,160,,0.0,PRONOSTIA
S2_new_records,Bearing3_1,160,,0.0,PRONOSTIA
S2_new_records,Bearing3_1,160,,0.0,PRONOSTIA
S2_new_records,Bearing3_1,160,,0.0,PRONOSTIA
S2_new_records,Bearing3_1,160,,0.0,PRONOSTIA
S2_new_records,Bearing3_1,160,,0.0,PRONOSTIA
S2_new_records,Bearing3_1,160,,0.0,PRONOSTIA
S2_new_records,Bearing3_1,160,,0.0,PRONOSTIA
S2_new_records,Bearing3_1,160,,0.0,PRONOSTIA
S2_new_records,Bearing3_1,160,,0.0,PRONOSTIA
S2_new_records,Bearing3_1,160,,0.0,PRONOSTIA
S2_new_records,Bearing3_1,160,,0.0,PRONOSTIA
S2_new_records,Bearing3_1,160,,0.0196078431372549,PRONOSTIA
S2_new_records,Bearing3_1,160,,0.0,PRONOSTIA
S2_new_records,Bearing3_1,160,,0.0,PRONOSTIA
S2_new_records,Bearing3_1,160,,0.0196078431372549,PRONOSTIA
S2_new_records,Bearing3_1,160,,0.0,PRONOSTIA
S2_new_records,Bearing3_1,160,,0.0,PRONOSTIA
S2_new_records,Bearing3_1,160,,0.0,PRONOSTIA
S2_new_records,Bearing3_1,160,,0.0,PRONOSTIA
S2_new_records,Bearing3_2,20,,0.0,PRONOSTIA
S2_new_records,Bearing3_2,20,,0.06666666666666667,PRONOSTIA
S2_new_records,Bearing3_2,20,,0.016666666666666666,PRONOSTIA
S2_new_records,Bearing3_2,20,,0.016666666666666666,PRONOSTIA
S2_new_records,Bearing3_2,20,,0.0,PRONOSTIA
S2_new_records,Bearing3_2,20,,0.0,PRONOSTIA
S2_new_records,Bearing3_2,20,,0.05,PRONOSTIA
S2_new_records,Bearing3_2,20,,0.0,PRONOSTIA
S2_new_records,Bearing3_2,20,,0.0,PRONOSTIA
S2_new_records,Bearing3_2,20,,0.0,PRONOSTIA
S2_new_records,Bearing3_2,20,,0.0,PRONOSTIA
S2_new_records,Bearing3_2,20,,0.0,PRONOSTIA
S2_new_records,Bearing3_2,20,,0.0,PRONOSTIA
S2_new_records,Bearing3_2,20,,0.0,PRONOSTIA
S2_new_records,Bearing3_2,20,,0.0,PRONOSTIA
S2_new_records,Bearing3_2,20,,0.0,PRONOSTIA
S2_new_records,Bearing3_2,20,,0.0,PRONOSTIA
S2_new_records,Bearing3_2,20,,0.0,PRONOSTIA
S2_new_records,Bearing3_2,20,,0.0,PRONOSTIA
S2_new_records,Bearing3_2,20,,0.0,PRONOSTIA
S2_new_records,Bearing3_2,20,,0.0,PRONOSTIA
S2_new_records,Bearing3_2,20,,0.0,PRONOSTIA
S2_new_records,Bearing3_2,20,,0.0,PRONOSTIA
S2_new_records,Bearing3_2,20,,0.0,PRONOSTIA
S2_new_records,Bearing3_2,20,,0.03333333333333333,PRONOSTIA
S2_new_records,Bearing3_2,20,,0.0,PRONOSTIA
S2_new_records,Bearing3_2,20,,0.0,PRONOSTIA
S2_new_records,Bearing3_2,20,,0.0,PRONOSTIA
S2_new_records,Bearing3_2,20,,0.0,PRONOSTIA
S2_new_records,Bearing3_2,20,,0.06666666666666667,PRONOSTIA
S2_new_records,Bearing3_2,20,,0.0,PRONOSTIA
S2_new_records,Bearing3_2,20,,0.016666666666666666,PRONOSTIA
S2_new_records,Bearing3_2,20,,0.11666666666666667,PRONOSTIA
S2_new_records,Bearing3_2,20,,0.0,PRONOSTIA
S2_new_records,Bearing3_2,20,,0.0,PRONOSTIA
S2_new_records,Bearing3_2,20,,0.0,PRONOSTIA
S2_new_records,Bearing3_2,20,,0.0,PRONOSTIA
S2_new_records,Bearing3_2,20,,0.0,PRONOSTIA
S2_new_records,Bearing3_2,20,,0.0,PRONOSTIA
S2_new_records,Bearing3_2,20,,0.0,PRONOSTIA
S2_new_records,Bearing3_2,20,,0.0,PRONOSTIA
S2_new_records,Bearing3_2,20,,0.03333333333333333,PRONOSTIA
S2_new_records,Bearing3_2,20,,0.0,PRONOSTIA
S2_new_records,Bearing3_2,20,,0.0,PRONOSTIA
S2_new_records,Bearing3_2,20,,0.0,PRONOSTIA
S2_new_records,Bearing3_2,20,,0.0,PRONOSTIA
S2_new_records,Bearing3_2,20,,0.0,PRONOSTIA
S2_new_records,Bearing3_2,20,,0.0,PRONOSTIA
S2_new_records,Bearing3_2,20,,0.016666666666666666,PRONOSTIA
S2_new_records,Bearing3_2,20,,0.0,PRONOSTIA
S2_new_records,Bearing3_2,60,,0.0,PRONOSTIA
S2_new_records,Bearing3_2,60,,0.0,PRONOSTIA
S2_new_records,Bearing3_2,60,,0.0,PRONOSTIA
S2_new_records,Bearing3_2,60,,0.0,PRONOSTIA
S2_new_records,Bearing3_2,60,,0.0,PRONOSTIA
S2_new_records,Bearing3_2,60,,0.0,PRONOSTIA
S2_new_records,Bearing3_2,60,,0.016666666666666666,PRONOSTIA
S2_new_records,Bearing3_2,60,,0.0,PRONOSTIA
S2_new_records,Bearing3_2,60,,0.0,PRONOSTIA
S2_new_records,Bearing3_2,60,,0.0,PRONOSTIA
S2_new_records,Bearing3_2,60,,0.0,PRONOSTIA
S2_new_records,Bearing3_2,60,,0.0,PRONOSTIA
S2_new_records,Bearing3_2,60,,0.0,PRONOSTIA
S2_new_records,Bearing3_2,60,,0.0,PRONOSTIA
S2_new_records,Bearing3_2,60,,0.0,PRONOSTIA
S2_new_records,Bearing3_2,60,,0.0,PRONOSTIA
S2_new_records,Bearing3_2,60,,0.0,PRONOSTIA
S2_new_records,Bearing3_2,60,,0.0,PRONOSTIA
S2_new_records,Bearing3_2,60,,0.0,PRONOSTIA
S2_new_records,Bearing3_2,60,,0.0,PRONOSTIA
S2_new_records,Bearing3_2,60,,0.0,PRONOSTIA
S2_new_records,Bearing3_2,60,,0.0,PRONOSTIA
S2_new_records,Bearing3_2,60,,0.0,PRONOSTIA
S2_new_records,Bearing3_2,60,,0.0,PRONOSTIA
S2_new_records,Bearing3_2,60,,0.016666666666666666,PRONOSTIA
S2_new_records,Bearing3_2,60,,0.0,PRONOSTIA
S2_new_records,Bearing3_2,60,,0.0,PRONOSTIA
S2_new_records,Bearing3_2,60,,0.0,PRONOSTIA
S2_new_records,Bearing3_2,60,,0.0,PRONOSTIA
S2_new_records,Bearing3_2,60,,0.016666666666666666,PRONOSTIA
S2_new_records,Bearing3_2,60,,0.0,PRONOSTIA
S2_new_records,Bearing3_2,60,,0.0,PRONOSTIA
S2_new_records,Bearing3_2,60,,0.0,PRONOSTIA
S2_new_records,Bearing3_2,60,,0.0,PRONOSTIA
S2_new_records,Bearing3_2,60,,0.0,PRONOSTIA
S2_new_records,Bearing3_2,60,,0.0,PRONOSTIA
S2_new_records,Bearing3_2,60,,0.0,PRONOSTIA
S2_new_records,Bearing3_2,60,,0.0,PRONOSTIA
S2_new_records,Bearing3_2,60,,0.0,PRONOSTIA
S2_new_records,Bearing3_2,60,,0.0,PRONOSTIA
S2_new_records,Bearing3_2,60,,0.0,PRONOSTIA
S2_new_records,Bearing3_2,60,,0.0,PRONOSTIA
S2_new_records,Bearing3_2,60,,0.0,PRONOSTIA
S2_new_records,Bearing3_2,60,,0.0,PRONOSTIA
S2_new_records,Bearing3_2,60,,0.0,PRONOSTIA
S2_new_records,Bearing3_2,60,,0.0,PRONOSTIA
S2_new_records,Bearing3_2,60,,0.0,PRONOSTIA
S2_new_records,Bearing3_2,60,,0.0,PRONOSTIA
S2_new_records,Bearing3_2,60,,0.0,PRONOSTIA
S2_new_records,Bearing3_2,60,,0.0,PRONOSTIA
S2_new_records,Bearing3_2,160,,0.0,PRONOSTIA
S2_new_records,Bearing3_2,160,,0.0,PRONOSTIA
S2_new_records,Bearing3_2,160,,0.0,PRONOSTIA
S2_new_records,Bearing3_2,160,,0.0,PRONOSTIA
S2_new_records,Bearing3_2,160,,0.0,PRONOSTIA
S2_new_records,Bearing3_2,160,,0.0,PRONOSTIA
S2_new_records,Bearing3_2,160,,0.0,PRONOSTIA
S2_new_records,Bearing3_2,160,,0.0,PRONOSTIA
S2_new_records,Bearing3_2,160,,0.0,PRONOSTIA
S2_new_records,Bearing3_2,160,,0.0,PRONOSTIA
S2_new_records,Bearing3_2,160,,0.0,PRONOSTIA
S2_new_records,Bearing3_2,160,,0.0,PRONOSTIA
S2_new_records,Bearing3_2,160,,0.0,PRONOSTIA
S2_new_records,Bearing3_2,160,,0.0,PRONOSTIA
S2_new_records,Bearing3_2,160,,0.0,PRONOSTIA
S2_new_records,Bearing3_2,160,,0.0,PRONOSTIA
S2_new_records,Bearing3_2,160,,0.0,PRONOSTIA
S2_new_records,Bearing3_2,160,,0.0,PRONOSTIA
S2_new_records,Bearing3_2,160,,0.0,PRONOSTIA
S2_new_records,Bearing3_2,160,,0.0,PRONOSTIA
S2_new_records,Bearing3_2,160,,0.0,PRONOSTIA
S2_new_records,Bearing3_2,160,,0.0,PRONOSTIA
S2_new_records,Bearing3_2,160,,0.0,PRONOSTIA
S2_new_records,Bearing3_2,160,,0.0,PRONOSTIA
S2_new_records,Bearing3_2,160,,0.0,PRONOSTIA
S2_new_records,Bearing3_2,160,,0.0,PRONOSTIA
S2_new_records,Bearing3_2,160,,0.0,PRONOSTIA
S2_new_records,Bearing3_2,160,,0.0,PRONOSTIA
S2_new_records,Bearing3_2,160,,0.016666666666666666,PRONOSTIA
S2_new_records,Bearing3_2,160,,0.0,PRONOSTIA
S2_new_records,Bearing3_2,160,,0.0,PRONOSTIA
S2_new_records,Bearing3_2,160,,0.0,PRONOSTIA
S2_new_records,Bearing3_2,160,,0.0,PRONOSTIA
S2_new_records,Bearing3_2,160,,0.0,PRONOSTIA
S2_new_records,Bearing3_2,160,,0.0,PRONOSTIA
S2_new_records,Bearing3_2,160,,0.0,PRONOSTIA
S2_new_records,Bearing3_2,160,,0.0,PRONOSTIA
S2_new_records,Bearing3_2,160,,0.0,PRONOSTIA
S2_new_records,Bearing3_2,160,,0.0,PRONOSTIA
S2_new_records,Bearing3_2,160,,0.0,PRONOSTIA
S2_new_records,Bearing3_2,160,,0.0,PRONOSTIA
S2_new_records,Bearing3_2,160,,0.0,PRONOSTIA
S2_new_records,Bearing3_2,160,,0.0,PRONOSTIA
S2_new_records,Bearing3_2,160,,0.0,PRONOSTIA
S2_new_records,Bearing3_2,160,,0.0,PRONOSTIA
S2_new_records,Bearing3_2,160,,0.0,PRONOSTIA
S2_new_records,Bearing3_2,160,,0.0,PRONOSTIA
S2_new_records,Bearing3_2,160,,0.0,PRONOSTIA
S2_new_records,Bearing3_2,160,,0.0,PRONOSTIA
S2_new_records,Bearing3_2,160,,0.0,PRONOSTIA
S2_new_records,Bearing3_3,20,,0.046511627906976744,PRONOSTIA
S2_new_records,Bearing3_3,20,,0.023255813953488372,PRONOSTIA
S2_new_records,Bearing3_3,20,,0.0,PRONOSTIA
S2_new_records,Bearing3_3,20,,0.0,PRONOSTIA
S2_new_records,Bearing3_3,20,,0.0,PRONOSTIA
S2_new_records,Bearing3_3,20,,0.0,PRONOSTIA
S2_new_records,Bearing3_3,20,,0.046511627906976744,PRONOSTIA
S2_new_records,Bearing3_3,20,,0.046511627906976744,PRONOSTIA
S2_new_records,Bearing3_3,20,,0.0,PRONOSTIA
S2_new_records,Bearing3_3,20,,0.0,PRONOSTIA
S2_new_records,Bearing3_3,20,,0.0,PRONOSTIA
S2_new_records,Bearing3_3,20,,0.046511627906976744,PRONOSTIA
S2_new_records,Bearing3_3,20,,0.046511627906976744,PRONOSTIA
S2_new_records,Bearing3_3,20,,0.0,PRONOSTIA
S2_new_records,Bearing3_3,20,,0.0,PRONOSTIA
S2_new_records,Bearing3_3,20,,0.046511627906976744,PRONOSTIA
S2_new_records,Bearing3_3,20,,0.0,PRONOSTIA
S2_new_records,Bearing3_3,20,,0.06976744186046512,PRONOSTIA
S2_new_records,Bearing3_3,20,,0.0,PRONOSTIA
S2_new_records,Bearing3_3,20,,0.0,PRONOSTIA
S2_new_records,Bearing3_3,20,,0.0,PRONOSTIA
S2_new_records,Bearing3_3,20,,0.046511627906976744,PRONOSTIA
S2_new_records,Bearing3_3,20,,0.20930232558139536,PRONOSTIA
S2_new_records,Bearing3_3,20,,0.023255813953488372,PRONOSTIA
S2_new_records,Bearing3_3,20,,0.23255813953488372,PRONOSTIA
S2_new_records,Bearing3_3,20,,0.06976744186046512,PRONOSTIA
S2_new_records,Bearing3_3,20,,0.0,PRONOSTIA
S2_new_records,Bearing3_3,20,,0.0,PRONOSTIA
S2_new_records,Bearing3_3,20,,0.046511627906976744,PRONOSTIA
S2_new_records,Bearing3_3,20,,0.0,PRONOSTIA
S2_new_records,Bearing3_3,20,,0.046511627906976744,PRONOSTIA
S2_new_records,Bearing3_3,20,,0.023255813953488372,PRONOSTIA
S2_new_records,Bearing3_3,20,,0.0,PRONOSTIA
S2_new_records,Bearing3_3,20,,0.0,PRONOSTIA
S2_new_records,Bearing3_3,20,,0.0,PRONOSTIA
S2_new_records,Bearing3_3,20,,0.0,PRONOSTIA
S2_new_records,Bearing3_3,20,,0.0,PRONOSTIA
S2_new_records,Bearing3_3,20,,0.0,PRONOSTIA
S2_new_records,Bearing3_3,20,,0.0,PRONOSTIA
S2_new_records,Bearing3_3,20,,0.11627906976744186,PRONOSTIA
S2_new_records,Bearing3_3,20,,0.0,PRONOSTIA
S2_new_records,Bearing3_3,20,,0.0,PRONOSTIA
S2_new_records,Bearing3_3,20,,0.0,PRONOSTIA
S2_new_records,Bearing3_3,20,,0.023255813953488372,PRONOSTIA
S2_new_records,Bearing3_3,20,,0.0,PRONOSTIA
S2_new_records,Bearing3_3,20,,0.046511627906976744,PRONOSTIA
S2_new_records,Bearing3_3,20,,0.0,PRONOSTIA
S2_new_records,Bearing3_3,20,,0.0,PRONOSTIA
S2_new_records,Bearing3_3,20,,0.023255813953488372,PRONOSTIA
S2_new_records,Bearing3_3,20,,0.0,PRONOSTIA
S2_new_records,Bearing3_3,60,,0.0,PRONOSTIA
S2_new_records,Bearing3_3,60,,0.0,PRONOSTIA
S2_new_records,Bearing3_3,60,,0.0,PRONOSTIA
S2_new_records,Bearing3_3,60,,0.0,PRONOSTIA
S2_new_records,Bearing3_3,60,,0.0,PRONOSTIA
S2_new_records,Bearing3_3,60,,0.023255813953488372,PRONOSTIA
S2_new_records,Bearing3_3,60,,0.0,PRONOSTIA
S2_new_records,Bearing3_3,60,,0.0,PRONOSTIA
S2_new_records,Bearing3_3,60,,0.0,PRONOSTIA
S2_new_records,Bearing3_3,60,,0.0,PRONOSTIA
S2_new_records,Bearing3_3,60,,0.0,PRONOSTIA
S2_new_records,Bearing3_3,60,,0.0,PRONOSTIA
S2_new_records,Bearing3_3,60,,0.023255813953488372,PRONOSTIA
S2_new_records,Bearing3_3,60,,0.0,PRONOSTIA
S2_new_records,Bearing3_3,60,,0.0,PRONOSTIA
S2_new_records,Bearing3_3,60,,0.0,PRONOSTIA
S2_new_records,Bearing3_3,60,,0.0,PRONOSTIA
S2_new_records,Bearing3_3,60,,0.0,PRONOSTIA
S2_new_records,Bearing3_3,60,,0.0,PRONOSTIA
S2_new_records,Bearing3_3,60,,0.0,PRONOSTIA
S2_new_records,Bearing3_3,60,,0.0,PRONOSTIA
S2_new_records,Bearing3_3,60,,0.0,PRONOSTIA
S2_new_records,Bearing3_3,60,,0.0,PRONOSTIA
S2_new_records,Bearing3_3,60,,0.0,PRONOSTIA
S2_new_records,Bearing3_3,60,,0.0,PRONOSTIA
S2_new_records,Bearing3_3,60,,0.0,PRONOSTIA
S2_new_records,Bearing3_3,60,,0.0,PRONOSTIA
S2_new_records,Bearing3_3,60,,0.0,PRONOSTIA
S2_new_records,Bearing3_3,60,,0.0,PRONOSTIA
S2_new_records,Bearing3_3,60,,0.0,PRONOSTIA
S2_new_records,Bearing3_3,60,,0.0,PRONOSTIA
S2_new_records,Bearing3_3,60,,0.0,PRONOSTIA
S2_new_records,Bearing3_3,60,,0.0,PRONOSTIA
S2_new_records,Bearing3_3,60,,0.0,PRONOSTIA
S2_new_records,Bearing3_3,60,,0.0,PRONOSTIA
S2_new_records,Bearing3_3,60,,0.0,PRONOSTIA
S2_new_records,Bearing3_3,60,,0.0,PRONOSTIA
S2_new_records,Bearing3_3,60,,0.0,PRONOSTIA
S2_new_records,Bearing3_3,60,,0.0,PRONOSTIA
S2_new_records,Bearing3_3,60,,0.0,PRONOSTIA
S2_new_records,Bearing3_3,60,,0.0,PRONOSTIA
S2_new_records,Bearing3_3,60,,0.0,PRONOSTIA
S2_new_records,Bearing3_3,60,,0.0,PRONOSTIA
S2_new_records,Bearing3_3,60,,0.0,PRONOSTIA
S2_new_records,Bearing3_3,60,,0.0,PRONOSTIA
S2_new_records,Bearing3_3,60,,0.046511627906976744,PRONOSTIA
S2_new_records,Bearing3_3,60,,0.0,PRONOSTIA
S2_new_records,Bearing3_3,60,,0.0,PRONOSTIA
S2_new_records,Bearing3_3,60,,0.0,PRONOSTIA
S2_new_records,Bearing3_3,60,,0.0,PRONOSTIA
S2_new_records,Bearing3_3,160,,0.0,PRONOSTIA
S2_new_records,Bearing3_3,160,,0.0,PRONOSTIA
S2_new_records,Bearing3_3,160,,0.0,PRONOSTIA
S2_new_records,Bearing3_3,160,,0.0,PRONOSTIA
S2_new_records,Bearing3_3,160,,0.0,PRONOSTIA
S2_new_records,Bearing3_3,160,,0.0,PRONOSTIA
S2_new_records,Bearing3_3,160,,0.0,PRONOSTIA
S2_new_records,Bearing3_3,160,,0.0,PRONOSTIA
S2_new_records,Bearing3_3,160,,0.0,PRONOSTIA
S2_new_records,Bearing3_3,160,,0.0,PRONOSTIA
S2_new_records,Bearing3_3,160,,0.0,PRONOSTIA
S2_new_records,Bearing3_3,160,,0.0,PRONOSTIA
S2_new_records,Bearing3_3,160,,0.0,PRONOSTIA
S2_new_records,Bearing3_3,160,,0.0,PRONOSTIA
S2_new_records,Bearing3_3,160,,0.0,PRONOSTIA
S2_new_records,Bearing3_3,160,,0.0,PRONOSTIA
S2_new_records,Bearing3_3,160,,0.0,PRONOSTIA
S2_new_records,Bearing3_3,160,,0.0,PRONOSTIA
S2_new_records,Bearing3_3,160,,0.0,PRONOSTIA
S2_new_records,Bearing3_3,160,,0.0,PRONOSTIA
S2_new_records,Bearing3_3,160,,0.0,PRONOSTIA
S2_new_records,Bearing3_3,160,,0.0,PRONOSTIA
S2_new_records,Bearing3_3,160,,0.0,PRONOSTIA
S2_new_records,Bearing3_3,160,,0.0,PRONOSTIA
S2_new_records,Bearing3_3,160,,0.0,PRONOSTIA
S2_new_records,Bearing3_3,160,,0.0,PRONOSTIA
S2_new_records,Bearing3_3,160,,0.0,PRONOSTIA
S2_new_records,Bearing3_3,160,,0.0,PRONOSTIA
S2_new_records,Bearing3_3,160,,0.0,PRONOSTIA
S2_new_records,Bearing3_3,160,,0.0,PRONOSTIA
S2_new_records,Bearing3_3,160,,0.0,PRONOSTIA
S2_new_records,Bearing3_3,160,,0.0,PRONOSTIA
S2_new_records,Bearing3_3,160,,0.0,PRONOSTIA
S2_new_records,Bearing3_3,160,,0.0,PRONOSTIA
S2_new_records,Bearing3_3,160,,0.0,PRONOSTIA
S2_new_records,Bearing3_3,160,,0.0,PRONOSTIA
S2_new_records,Bearing3_3,160,,0.0,PRONOSTIA
S2_new_records,Bearing3_3,160,,0.0,PRONOSTIA
S2_new_records,Bearing3_3,160,,0.0,PRONOSTIA
S2_new_records,Bearing3_3,160,,0.0,PRONOSTIA
S2_new_records,Bearing3_3,160,,0.0,PRONOSTIA
S2_new_records,Bearing3_3,160,,0.0,PRONOSTIA
S2_new_records,Bearing3_3,160,,0.0,PRONOSTIA
S2_new_records,Bearing3_3,160,,0.0,PRONOSTIA
S2_new_records,Bearing3_3,160,,0.0,PRONOSTIA
S2_new_records,Bearing3_3,160,,0.0,PRONOSTIA
S2_new_records,Bearing3_3,160,,0.0,PRONOSTIA
S2_new_records,Bearing3_3,160,,0.0,PRONOSTIA
S2_new_records,Bearing3_3,160,,0.0,PRONOSTIA
S2_new_records,Bearing3_3,160,,0.0,PRONOSTIA
S3_units,Bearing1_1,20,1.0,0.0,PRONOSTIA
S3_units,Bearing1_1,20,1.0,0.0,PRONOSTIA
S3_units,Bearing1_1,20,1.0,0.2833333333333333,PRONOSTIA
S3_units,Bearing1_1,20,1.0,0.0,PRONOSTIA
S3_units,Bearing1_1,20,1.0,0.0,PRONOSTIA
S3_units,Bearing1_1,20,1.0,0.0,PRONOSTIA
S3_units,Bearing1_1,20,1.0,0.0,PRONOSTIA
S3_units,Bearing1_1,20,1.0,0.0,PRONOSTIA
S3_units,Bearing1_1,20,1.0,0.0,PRONOSTIA
S3_units,Bearing1_1,20,1.0,0.0,PRONOSTIA
S3_units,Bearing1_1,20,1.0,0.03333333333333333,PRONOSTIA
S3_units,Bearing1_1,20,1.0,0.0,PRONOSTIA
S3_units,Bearing1_1,20,1.0,0.06666666666666667,PRONOSTIA
S3_units,Bearing1_1,20,1.0,0.0,PRONOSTIA
S3_units,Bearing1_1,20,1.0,0.016666666666666666,PRONOSTIA
S3_units,Bearing1_1,20,1.0,0.03333333333333333,PRONOSTIA
S3_units,Bearing1_1,20,1.0,0.0,PRONOSTIA
S3_units,Bearing1_1,20,1.0,0.0,PRONOSTIA
S3_units,Bearing1_1,20,1.0,0.06666666666666667,PRONOSTIA
S3_units,Bearing1_1,20,1.0,0.05,PRONOSTIA
S3_units,Bearing1_1,20,1.0,0.0,PRONOSTIA
S3_units,Bearing1_1,20,1.0,0.3333333333333333,PRONOSTIA
S3_units,Bearing1_1,20,1.0,0.3,PRONOSTIA
S3_units,Bearing1_1,20,1.0,0.0,PRONOSTIA
S3_units,Bearing1_1,20,1.0,0.0,PRONOSTIA
S3_units,Bearing1_1,20,1.0,0.3333333333333333,PRONOSTIA
S3_units,Bearing1_1,20,1.0,0.3,PRONOSTIA
S3_units,Bearing1_1,20,1.0,0.03333333333333333,PRONOSTIA
S3_units,Bearing1_1,20,1.0,0.45,PRONOSTIA
S3_units,Bearing1_1,20,1.0,0.0,PRONOSTIA
S3_units,Bearing1_1,20,1.0,0.13333333333333333,PRONOSTIA
S3_units,Bearing1_1,20,1.0,0.4166666666666667,PRONOSTIA
S3_units,Bearing1_1,20,1.0,0.0,PRONOSTIA
S3_units,Bearing1_1,20,1.0,0.08333333333333333,PRONOSTIA
S3_units,Bearing1_1,20,1.0,0.08333333333333333,PRONOSTIA
S3_units,Bearing1_1,20,1.0,0.016666666666666666,PRONOSTIA
S3_units,Bearing1_1,20,1.0,0.11666666666666667,PRONOSTIA
S3_units,Bearing1_1,20,1.0,0.08333333333333333,PRONOSTIA
S3_units,Bearing1_1,20,1.0,0.016666666666666666,PRONOSTIA
S3_units,Bearing1_1,20,1.0,0.0,PRONOSTIA
S3_units,Bearing1_1,20,1.0,0.0,PRONOSTIA
S3_units,Bearing1_1,20,1.0,0.65,PRONOSTIA
S3_units,Bearing1_1,20,1.0,0.0,PRONOSTIA
S3_units,Bearing1_1,20,1.0,0.5833333333333334,PRONOSTIA
S3_units,Bearing1_1,20,1.0,0.0,PRONOSTIA
S3_units,Bearing1_1,20,1.0,0.3,PRONOSTIA
S3_units,Bearing1_1,20,1.0,0.0,PRONOSTIA
S3_units,Bearing1_1,20,1.0,0.4666666666666667,PRONOSTIA
S3_units,Bearing1_1,20,1.0,0.0,PRONOSTIA
S3_units,Bearing1_1,20,1.0,0.0,PRONOSTIA
S3_units,Bearing1_1,20,4.0,0.2,PRONOSTIA
S3_units,Bearing1_1,20,4.0,0.0,PRONOSTIA
S3_units,Bearing1_1,20,4.0,0.0,PRONOSTIA
S3_units,Bearing1_1,20,4.0,0.0,PRONOSTIA
S3_units,Bearing1_1,20,4.0,0.0,PRONOSTIA
S3_units,Bearing1_1,20,4.0,0.0,PRONOSTIA
S3_units,Bearing1_1,20,4.0,0.1,PRONOSTIA
S3_units,Bearing1_1,20,4.0,0.0,PRONOSTIA
S3_units,Bearing1_1,20,4.0,0.0,PRONOSTIA
S3_units,Bearing1_1,20,4.0,0.0,PRONOSTIA
S3_units,Bearing1_1,20,4.0,0.0,PRONOSTIA
S3_units,Bearing1_1,20,4.0,0.0,PRONOSTIA
S3_units,Bearing1_1,20,4.0,0.0,PRONOSTIA
S3_units,Bearing1_1,20,4.0,0.0,PRONOSTIA
S3_units,Bearing1_1,20,4.0,0.0,PRONOSTIA
S3_units,Bearing1_1,20,4.0,0.0,PRONOSTIA
S3_units,Bearing1_1,20,4.0,0.0,PRONOSTIA
S3_units,Bearing1_1,20,4.0,0.0,PRONOSTIA
S3_units,Bearing1_1,20,4.0,0.0,PRONOSTIA
S3_units,Bearing1_1,20,4.0,0.0,PRONOSTIA
S3_units,Bearing1_1,20,4.0,0.0,PRONOSTIA
S3_units,Bearing1_1,20,4.0,0.0,PRONOSTIA
S3_units,Bearing1_1,20,4.0,0.0,PRONOSTIA
S3_units,Bearing1_1,20,4.0,0.0,PRONOSTIA
S3_units,Bearing1_1,20,4.0,0.0,PRONOSTIA
S3_units,Bearing1_1,20,4.0,0.03333333333333333,PRONOSTIA
S3_units,Bearing1_1,20,4.0,0.0,PRONOSTIA
S3_units,Bearing1_1,20,4.0,0.0,PRONOSTIA
S3_units,Bearing1_1,20,4.0,0.0,PRONOSTIA
S3_units,Bearing1_1,20,4.0,0.0,PRONOSTIA
S3_units,Bearing1_1,20,4.0,0.0,PRONOSTIA
S3_units,Bearing1_1,20,4.0,0.0,PRONOSTIA
S3_units,Bearing1_1,20,4.0,0.0,PRONOSTIA
S3_units,Bearing1_1,20,4.0,0.0,PRONOSTIA
S3_units,Bearing1_1,20,4.0,0.0,PRONOSTIA
S3_units,Bearing1_1,20,4.0,0.0,PRONOSTIA
S3_units,Bearing1_1,20,4.0,0.03333333333333333,PRONOSTIA
S3_units,Bearing1_1,20,4.0,0.0,PRONOSTIA
S3_units,Bearing1_1,20,4.0,0.0,PRONOSTIA
S3_units,Bearing1_1,20,4.0,0.0,PRONOSTIA
S3_units,Bearing1_1,20,4.0,0.0,PRONOSTIA
S3_units,Bearing1_1,20,4.0,0.0,PRONOSTIA
S3_units,Bearing1_1,20,4.0,0.0,PRONOSTIA
S3_units,Bearing1_1,20,4.0,0.0,PRONOSTIA
S3_units,Bearing1_1,20,4.0,0.0,PRONOSTIA
S3_units,Bearing1_1,20,4.0,0.0,PRONOSTIA
S3_units,Bearing1_1,20,4.0,0.0,PRONOSTIA
S3_units,Bearing1_1,20,4.0,0.0,PRONOSTIA
S3_units,Bearing1_1,20,4.0,0.03333333333333333,PRONOSTIA
S3_units,Bearing1_1,20,4.0,0.03333333333333333,PRONOSTIA
S3_units,Bearing1_1,16,16.0,0.31666666666666665,PRONOSTIA
S3_units,Bearing1_1,16,16.0,0.0,PRONOSTIA
S3_units,Bearing1_1,16,16.0,0.0,PRONOSTIA
S3_units,Bearing1_1,16,16.0,0.0,PRONOSTIA
S3_units,Bearing1_1,16,16.0,0.0,PRONOSTIA
S3_units,Bearing1_1,16,16.0,0.0,PRONOSTIA
S3_units,Bearing1_1,16,16.0,0.0,PRONOSTIA
S3_units,Bearing1_1,16,16.0,0.0,PRONOSTIA
S3_units,Bearing1_1,16,16.0,0.0,PRONOSTIA
S3_units,Bearing1_1,16,16.0,0.0,PRONOSTIA
S3_units,Bearing1_1,16,16.0,0.0,PRONOSTIA
S3_units,Bearing1_1,16,16.0,0.0,PRONOSTIA
S3_units,Bearing1_1,16,16.0,0.0,PRONOSTIA
S3_units,Bearing1_1,16,16.0,0.06666666666666667,PRONOSTIA
S3_units,Bearing1_1,16,16.0,0.0,PRONOSTIA
S3_units,Bearing1_1,16,16.0,0.0,PRONOSTIA
S3_units,Bearing1_1,16,16.0,0.0,PRONOSTIA
S3_units,Bearing1_1,16,16.0,0.0,PRONOSTIA
S3_units,Bearing1_1,16,16.0,0.0,PRONOSTIA
S3_units,Bearing1_1,16,16.0,0.0,PRONOSTIA
S3_units,Bearing1_1,16,16.0,0.0,PRONOSTIA
S3_units,Bearing1_1,16,16.0,0.0,PRONOSTIA
S3_units,Bearing1_1,16,16.0,0.0,PRONOSTIA
S3_units,Bearing1_1,16,16.0,0.0,PRONOSTIA
S3_units,Bearing1_1,16,16.0,0.0,PRONOSTIA
S3_units,Bearing1_1,16,16.0,0.0,PRONOSTIA
S3_units,Bearing1_1,16,16.0,0.05,PRONOSTIA
S3_units,Bearing1_1,16,16.0,0.0,PRONOSTIA
S3_units,Bearing1_1,16,16.0,0.0,PRONOSTIA
S3_units,Bearing1_1,16,16.0,0.0,PRONOSTIA
S3_units,Bearing1_1,16,16.0,0.0,PRONOSTIA
S3_units,Bearing1_1,16,16.0,0.0,PRONOSTIA
S3_units,Bearing1_1,16,16.0,0.0,PRONOSTIA
S3_units,Bearing1_1,16,16.0,0.0,PRONOSTIA
S3_units,Bearing1_1,16,16.0,0.0,PRONOSTIA
S3_units,Bearing1_1,16,16.0,0.0,PRONOSTIA
S3_units,Bearing1_1,16,16.0,0.0,PRONOSTIA
S3_units,Bearing1_1,16,16.0,0.0,PRONOSTIA
S3_units,Bearing1_1,16,16.0,0.0,PRONOSTIA
S3_units,Bearing1_1,16,16.0,0.0,PRONOSTIA
S3_units,Bearing1_1,16,16.0,0.0,PRONOSTIA
S3_units,Bearing1_1,16,16.0,0.0,PRONOSTIA
S3_units,Bearing1_1,16,16.0,0.0,PRONOSTIA
S3_units,Bearing1_1,16,16.0,0.0,PRONOSTIA
S3_units,Bearing1_1,16,16.0,0.0,PRONOSTIA
S3_units,Bearing1_1,16,16.0,0.0,PRONOSTIA
S3_units,Bearing1_1,16,16.0,0.0,PRONOSTIA
S3_units,Bearing1_1,16,16.0,0.0,PRONOSTIA
S3_units,Bearing1_1,16,16.0,0.016666666666666666,PRONOSTIA
S3_units,Bearing1_1,16,16.0,0.0,PRONOSTIA
S3_units,Bearing1_2,20,1.0,0.05,PRONOSTIA
S3_units,Bearing1_2,20,1.0,0.06666666666666667,PRONOSTIA
S3_units,Bearing1_2,20,1.0,0.0,PRONOSTIA
S3_units,Bearing1_2,20,1.0,0.13333333333333333,PRONOSTIA
S3_units,Bearing1_2,20,1.0,0.016666666666666666,PRONOSTIA
S3_units,Bearing1_2,20,1.0,0.35,PRONOSTIA
S3_units,Bearing1_2,20,1.0,0.016666666666666666,PRONOSTIA
S3_units,Bearing1_2,20,1.0,0.08333333333333333,PRONOSTIA
S3_units,Bearing1_2,20,1.0,0.0,PRONOSTIA
S3_units,Bearing1_2,20,1.0,0.016666666666666666,PRONOSTIA
S3_units,Bearing1_2,20,1.0,0.0,PRONOSTIA
S3_units,Bearing1_2,20,1.0,0.0,PRONOSTIA
S3_units,Bearing1_2,20,1.0,0.1,PRONOSTIA
S3_units,Bearing1_2,20,1.0,0.03333333333333333,PRONOSTIA
S3_units,Bearing1_2,20,1.0,0.08333333333333333,PRONOSTIA
S3_units,Bearing1_2,20,1.0,0.05,PRONOSTIA
S3_units,Bearing1_2,20,1.0,0.05,PRONOSTIA
S3_units,Bearing1_2,20,1.0,0.25,PRONOSTIA
S3_units,Bearing1_2,20,1.0,0.3333333333333333,PRONOSTIA
S3_units,Bearing1_2,20,1.0,0.05,PRONOSTIA
S3_units,Bearing1_2,20,1.0,0.38333333333333336,PRONOSTIA
S3_units,Bearing1_2,20,1.0,0.11666666666666667,PRONOSTIA
S3_units,Bearing1_2,20,1.0,0.25,PRONOSTIA
S3_units,Bearing1_2,20,1.0,0.0,PRONOSTIA
S3_units,Bearing1_2,20,1.0,0.016666666666666666,PRONOSTIA
S3_units,Bearing1_2,20,1.0,0.016666666666666666,PRONOSTIA
S3_units,Bearing1_2,20,1.0,0.06666666666666667,PRONOSTIA
S3_units,Bearing1_2,20,1.0,0.26666666666666666,PRONOSTIA
S3_units,Bearing1_2,20,1.0,0.3,PRONOSTIA
S3_units,Bearing1_2,20,1.0,0.03333333333333333,PRONOSTIA
S3_units,Bearing1_2,20,1.0,0.0,PRONOSTIA
S3_units,Bearing1_2,20,1.0,0.08333333333333333,PRONOSTIA
S3_units,Bearing1_2,20,1.0,0.6333333333333333,PRONOSTIA
S3_units,Bearing1_2,20,1.0,0.016666666666666666,PRONOSTIA
S3_units,Bearing1_2,20,1.0,0.0,PRONOSTIA
S3_units,Bearing1_2,20,1.0,0.55,PRONOSTIA
S3_units,Bearing1_2,20,1.0,0.31666666666666665,PRONOSTIA
S3_units,Bearing1_2,20,1.0,0.0,PRONOSTIA
S3_units,Bearing1_2,20,1.0,0.016666666666666666,PRONOSTIA
S3_units,Bearing1_2,20,1.0,0.35,PRONOSTIA
S3_units,Bearing1_2,20,1.0,0.2833333333333333,PRONOSTIA
S3_units,Bearing1_2,20,1.0,0.05,PRONOSTIA
S3_units,Bearing1_2,20,1.0,0.016666666666666666,PRONOSTIA
S3_units,Bearing1_2,20,1.0,0.5666666666666667,PRONOSTIA
S3_units,Bearing1_2,20,1.0,0.06666666666666667,PRONOSTIA
S3_units,Bearing1_2,20,1.0,0.0,PRONOSTIA
S3_units,Bearing1_2,20,1.0,0.016666666666666666,PRONOSTIA
S3_units,Bearing1_2,20,1.0,0.7833333333333333,PRONOSTIA
S3_units,Bearing1_2,20,1.0,0.18333333333333332,PRONOSTIA
S3_units,Bearing1_2,20,1.0,0.16666666666666666,PRONOSTIA
S3_units,Bearing1_2,20,4.0,0.0,PRONOSTIA
S3_units,Bearing1_2,20,4.0,0.016666666666666666,PRONOSTIA
S3_units,Bearing1_2,20,4.0,0.016666666666666666,PRONOSTIA
S3_units,Bearing1_2,20,4.0,0.0,PRONOSTIA
S3_units,Bearing1_2,20,4.0,0.06666666666666667,PRONOSTIA
S3_units,Bearing1_2,20,4.0,0.06666666666666667,PRONOSTIA
S3_units,Bearing1_2,20,4.0,0.05,PRONOSTIA
S3_units,Bearing1_2,20,4.0,0.16666666666666666,PRONOSTIA
S3_units,Bearing1_2,20,4.0,0.0,PRONOSTIA
S3_units,Bearing1_2,20,4.0,0.016666666666666666,PRONOSTIA
S3_units,Bearing1_2,20,4.0,0.016666666666666666,PRONOSTIA
S3_units,Bearing1_2,20,4.0,0.0,PRONOSTIA
S3_units,Bearing1_2,20,4.0,0.0,PRONOSTIA
S3_units,Bearing1_2,20,4.0,0.0,PRONOSTIA
S3_units,Bearing1_2,20,4.0,0.016666666666666666,PRONOSTIA
S3_units,Bearing1_2,20,4.0,0.0,PRONOSTIA
S3_units,Bearing1_2,20,4.0,0.06666666666666667,PRONOSTIA
S3_units,Bearing1_2,20,4.0,0.11666666666666667,PRONOSTIA
S3_units,Bearing1_2,20,4.0,0.0,PRONOSTIA
S3_units,Bearing1_2,20,4.0,0.1,PRONOSTIA
S3_units,Bearing1_2,20,4.0,0.03333333333333333,PRONOSTIA
S3_units,Bearing1_2,20,4.0,0.05,PRONOSTIA
S3_units,Bearing1_2,20,4.0,0.1,PRONOSTIA
S3_units,Bearing1_2,20,4.0,0.03333333333333333,PRONOSTIA
S3_units,Bearing1_2,20,4.0,0.0,PRONOSTIA
S3_units,Bearing1_2,20,4.0,0.05,PRONOSTIA
S3_units,Bearing1_2,20,4.0,0.0,PRONOSTIA
S3_units,Bearing1_2,20,4.0,0.0,PRONOSTIA
S3_units,Bearing1_2,20,4.0,0.2,PRONOSTIA
S3_units,Bearing1_2,20,4.0,0.03333333333333333,PRONOSTIA
S3_units,Bearing1_2,20,4.0,0.016666666666666666,PRONOSTIA
S3_units,Bearing1_2,20,4.0,0.05,PRONOSTIA
S3_units,Bearing1_2,20,4.0,0.016666666666666666,PRONOSTIA
S3_units,Bearing1_2,20,4.0,0.016666666666666666,PRONOSTIA
S3_units,Bearing1_2,20,4.0,0.05,PRONOSTIA
S3_units,Bearing1_2,20,4.0,0.0,PRONOSTIA
S3_units,Bearing1_2,20,4.0,0.0,PRONOSTIA
S3_units,Bearing1_2,20,4.0,0.0,PRONOSTIA
S3_units,Bearing1_2,20,4.0,0.06666666666666667,PRONOSTIA
S3_units,Bearing1_2,20,4.0,0.05,PRONOSTIA
S3_units,Bearing1_2,20,4.0,0.0,PRONOSTIA
S3_units,Bearing1_2,20,4.0,0.06666666666666667,PRONOSTIA
S3_units,Bearing1_2,20,4.0,0.03333333333333333,PRONOSTIA
S3_units,Bearing1_2,20,4.0,0.03333333333333333,PRONOSTIA
S3_units,Bearing1_2,20,4.0,0.016666666666666666,PRONOSTIA
S3_units,Bearing1_2,20,4.0,0.0,PRONOSTIA
S3_units,Bearing1_2,20,4.0,0.05,PRONOSTIA
S3_units,Bearing1_2,20,4.0,0.016666666666666666,PRONOSTIA
S3_units,Bearing1_2,20,4.0,0.0,PRONOSTIA
S3_units,Bearing1_2,20,4.0,0.1,PRONOSTIA
S3_units,Bearing1_2,16,16.0,0.016666666666666666,PRONOSTIA
S3_units,Bearing1_2,16,16.0,0.0,PRONOSTIA
S3_units,Bearing1_2,16,16.0,0.0,PRONOSTIA
S3_units,Bearing1_2,16,16.0,0.0,PRONOSTIA
S3_units,Bearing1_2,16,16.0,0.0,PRONOSTIA
S3_units,Bearing1_2,16,16.0,0.03333333333333333,PRONOSTIA
S3_units,Bearing1_2,16,16.0,0.016666666666666666,PRONOSTIA
S3_units,Bearing1_2,16,16.0,0.0,PRONOSTIA
S3_units,Bearing1_2,16,16.0,0.03333333333333333,PRONOSTIA
S3_units,Bearing1_2,16,16.0,0.0,PRONOSTIA
S3_units,Bearing1_2,16,16.0,0.0,PRONOSTIA
S3_units,Bearing1_2,16,16.0,0.0,PRONOSTIA
S3_units,Bearing1_2,16,16.0,0.0,PRONOSTIA
S3_units,Bearing1_2,16,16.0,0.0,PRONOSTIA
S3_units,Bearing1_2,16,16.0,0.0,PRONOSTIA
S3_units,Bearing1_2,16,16.0,0.0,PRONOSTIA
S3_units,Bearing1_2,16,16.0,0.0,PRONOSTIA
S3_units,Bearing1_2,16,16.0,0.0,PRONOSTIA
S3_units,Bearing1_2,16,16.0,0.0,PRONOSTIA
S3_units,Bearing1_2,16,16.0,0.0,PRONOSTIA
S3_units,Bearing1_2,16,16.0,0.08333333333333333,PRONOSTIA
S3_units,Bearing1_2,16,16.0,0.0,PRONOSTIA
S3_units,Bearing1_2,16,16.0,0.016666666666666666,PRONOSTIA
S3_units,Bearing1_2,16,16.0,0.0,PRONOSTIA
S3_units,Bearing1_2,16,16.0,0.0,PRONOSTIA
S3_units,Bearing1_2,16,16.0,0.0,PRONOSTIA
S3_units,Bearing1_2,16,16.0,0.0,PRONOSTIA
S3_units,Bearing1_2,16,16.0,0.06666666666666667,PRONOSTIA
S3_units,Bearing1_2,16,16.0,0.0,PRONOSTIA
S3_units,Bearing1_2,16,16.0,0.0,PRONOSTIA
S3_units,Bearing1_2,16,16.0,0.0,PRONOSTIA
S3_units,Bearing1_2,16,16.0,0.0,PRONOSTIA
S3_units,Bearing1_2,16,16.0,0.0,PRONOSTIA
S3_units,Bearing1_2,16,16.0,0.0,PRONOSTIA
S3_units,Bearing1_2,16,16.0,0.1,PRONOSTIA
S3_units,Bearing1_2,16,16.0,0.03333333333333333,PRONOSTIA
S3_units,Bearing1_2,16,16.0,0.0,PRONOSTIA
S3_units,Bearing1_2,16,16.0,0.03333333333333333,PRONOSTIA
S3_units,Bearing1_2,16,16.0,0.05,PRONOSTIA
S3_units,Bearing1_2,16,16.0,0.06666666666666667,PRONOSTIA
S3_units,Bearing1_2,16,16.0,0.0,PRONOSTIA
S3_units,Bearing1_2,16,16.0,0.08333333333333333,PRONOSTIA
S3_units,Bearing1_2,16,16.0,0.0,PRONOSTIA
S3_units,Bearing1_2,16,16.0,0.0,PRONOSTIA
S3_units,Bearing1_2,16,16.0,0.0,PRONOSTIA
S3_units,Bearing1_2,16,16.0,0.03333333333333333,PRONOSTIA
S3_units,Bearing1_2,16,16.0,0.03333333333333333,PRONOSTIA
S3_units,Bearing1_2,16,16.0,0.06666666666666667,PRONOSTIA
S3_units,Bearing1_2,16,16.0,0.0,PRONOSTIA
S3_units,Bearing1_2,16,16.0,0.0,PRONOSTIA
S3_units,Bearing1_3,20,1.0,0.23333333333333334,PRONOSTIA
S3_units,Bearing1_3,20,1.0,0.03333333333333333,PRONOSTIA
S3_units,Bearing1_3,20,1.0,0.35,PRONOSTIA
S3_units,Bearing1_3,20,1.0,0.1,PRONOSTIA
S3_units,Bearing1_3,20,1.0,0.43333333333333335,PRONOSTIA
S3_units,Bearing1_3,20,1.0,0.7,PRONOSTIA
S3_units,Bearing1_3,20,1.0,0.11666666666666667,PRONOSTIA
S3_units,Bearing1_3,20,1.0,0.0,PRONOSTIA
S3_units,Bearing1_3,20,1.0,0.0,PRONOSTIA
S3_units,Bearing1_3,20,1.0,0.13333333333333333,PRONOSTIA
S3_units,Bearing1_3,20,1.0,0.15,PRONOSTIA
S3_units,Bearing1_3,20,1.0,0.26666666666666666,PRONOSTIA
S3_units,Bearing1_3,20,1.0,0.25,PRONOSTIA
S3_units,Bearing1_3,20,1.0,0.2,PRONOSTIA
S3_units,Bearing1_3,20,1.0,0.016666666666666666,PRONOSTIA
S3_units,Bearing1_3,20,1.0,0.31666666666666665,PRONOSTIA
S3_units,Bearing1_3,20,1.0,0.13333333333333333,PRONOSTIA
S3_units,Bearing1_3,20,1.0,0.16666666666666666,PRONOSTIA
S3_units,Bearing1_3,20,1.0,0.43333333333333335,PRONOSTIA
S3_units,Bearing1_3,20,1.0,0.0,PRONOSTIA
S3_units,Bearing1_3,20,1.0,0.18333333333333332,PRONOSTIA
S3_units,Bearing1_3,20,1.0,0.15,PRONOSTIA
S3_units,Bearing1_3,20,1.0,0.0,PRONOSTIA
S3_units,Bearing1_3,20,1.0,0.3,PRONOSTIA
S3_units,Bearing1_3,20,1.0,0.13333333333333333,PRONOSTIA
S3_units,Bearing1_3,20,1.0,0.7166666666666667,PRONOSTIA
S3_units,Bearing1_3,20,1.0,0.15,PRONOSTIA
S3_units,Bearing1_3,20,1.0,0.6333333333333333,PRONOSTIA
S3_units,Bearing1_3,20,1.0,0.3,PRONOSTIA
S3_units,Bearing1_3,20,1.0,0.11666666666666667,PRONOSTIA
S3_units,Bearing1_3,20,1.0,0.0,PRONOSTIA
S3_units,Bearing1_3,20,1.0,0.7,PRONOSTIA
S3_units,Bearing1_3,20,1.0,0.3333333333333333,PRONOSTIA
S3_units,Bearing1_3,20,1.0,0.03333333333333333,PRONOSTIA
S3_units,Bearing1_3,20,1.0,0.0,PRONOSTIA
S3_units,Bearing1_3,20,1.0,0.15,PRONOSTIA
S3_units,Bearing1_3,20,1.0,0.1,PRONOSTIA
S3_units,Bearing1_3,20,1.0,0.0,PRONOSTIA
S3_units,Bearing1_3,20,1.0,0.016666666666666666,PRONOSTIA
S3_units,Bearing1_3,20,1.0,0.15,PRONOSTIA
S3_units,Bearing1_3,20,1.0,0.38333333333333336,PRONOSTIA
S3_units,Bearing1_3,20,1.0,0.31666666666666665,PRONOSTIA
S3_units,Bearing1_3,20,1.0,0.13333333333333333,PRONOSTIA
S3_units,Bearing1_3,20,1.0,0.016666666666666666,PRONOSTIA
S3_units,Bearing1_3,20,1.0,0.5166666666666667,PRONOSTIA
S3_units,Bearing1_3,20,1.0,0.03333333333333333,PRONOSTIA
S3_units,Bearing1_3,20,1.0,0.2,PRONOSTIA
S3_units,Bearing1_3,20,1.0,0.03333333333333333,PRONOSTIA
S3_units,Bearing1_3,20,1.0,0.3,PRONOSTIA
S3_units,Bearing1_3,20,1.0,0.9166666666666666,PRONOSTIA
S3_units,Bearing1_3,20,4.0,0.0,PRONOSTIA
S3_units,Bearing1_3,20,4.0,0.016666666666666666,PRONOSTIA
S3_units,Bearing1_3,20,4.0,0.0,PRONOSTIA
S3_units,Bearing1_3,20,4.0,0.23333333333333334,PRONOSTIA
S3_units,Bearing1_3,20,4.0,0.25,PRONOSTIA
S3_units,Bearing1_3,20,4.0,0.0,PRONOSTIA
S3_units,Bearing1_3,20,4.0,0.08333333333333333,PRONOSTIA
S3_units,Bearing1_3,20,4.0,0.2833333333333333,PRONOSTIA
S3_units,Bearing1_3,20,4.0,0.016666666666666666,PRONOSTIA
S3_units,Bearing1_3,20,4.0,0.05,PRONOSTIA
S3_units,Bearing1_3,20,4.0,0.0,PRONOSTIA
S3_units,Bearing1_3,20,4.0,0.0,PRONOSTIA
S3_units,Bearing1_3,20,4.0,0.16666666666666666,PRONOSTIA
S3_units,Bearing1_3,20,4.0,0.016666666666666666,PRONOSTIA
S3_units,Bearing1_3,20,4.0,0.0,PRONOSTIA
S3_units,Bearing1_3,20,4.0,0.08333333333333333,PRONOSTIA
S3_units,Bearing1_3,20,4.0,0.03333333333333333,PRONOSTIA
S3_units,Bearing1_3,20,4.0,0.0,PRONOSTIA
S3_units,Bearing1_3,20,4.0,0.0,PRONOSTIA
S3_units,Bearing1_3,20,4.0,0.0,PRONOSTIA
S3_units,Bearing1_3,20,4.0,0.23333333333333334,PRONOSTIA
S3_units,Bearing1_3,20,4.0,0.0,PRONOSTIA
S3_units,Bearing1_3,20,4.0,0.0,PRONOSTIA
S3_units,Bearing1_3,20,4.0,0.0,PRONOSTIA
S3_units,Bearing1_3,20,4.0,0.13333333333333333,PRONOSTIA
S3_units,Bearing1_3,20,4.0,0.03333333333333333,PRONOSTIA
S3_units,Bearing1_3,20,4.0,0.08333333333333333,PRONOSTIA
S3_units,Bearing1_3,20,4.0,0.05,PRONOSTIA
S3_units,Bearing1_3,20,4.0,0.06666666666666667,PRONOSTIA
S3_units,Bearing1_3,20,4.0,0.0,PRONOSTIA
S3_units,Bearing1_3,20,4.0,0.016666666666666666,PRONOSTIA
S3_units,Bearing1_3,20,4.0,0.0,PRONOSTIA
S3_units,Bearing1_3,20,4.0,0.016666666666666666,PRONOSTIA
S3_units,Bearing1_3,20,4.0,0.16666666666666666,PRONOSTIA
S3_units,Bearing1_3,20,4.0,0.0,PRONOSTIA
S3_units,Bearing1_3,20,4.0,0.2833333333333333,PRONOSTIA
S3_units,Bearing1_3,20,4.0,0.0,PRONOSTIA
S3_units,Bearing1_3,20,4.0,0.0,PRONOSTIA
S3_units,Bearing1_3,20,4.0,0.25,PRONOSTIA
S3_units,Bearing1_3,20,4.0,0.18333333333333332,PRONOSTIA
S3_units,Bearing1_3,20,4.0,0.11666666666666667,PRONOSTIA
S3_units,Bearing1_3,20,4.0,0.0,PRONOSTIA
S3_units,Bearing1_3,20,4.0,0.03333333333333333,PRONOSTIA
S3_units,Bearing1_3,20,4.0,0.016666666666666666,PRONOSTIA
S3_units,Bearing1_3,20,4.0,0.0,PRONOSTIA
S3_units,Bearing1_3,20,4.0,0.03333333333333333,PRONOSTIA
S3_units,Bearing1_3,20,4.0,0.25,PRONOSTIA
S3_units,Bearing1_3,20,4.0,0.0,PRONOSTIA
S3_units,Bearing1_3,20,4.0,0.21666666666666667,PRONOSTIA
S3_units,Bearing1_3,20,4.0,0.18333333333333332,PRONOSTIA
S3_units,Bearing1_3,16,16.0,0.1,PRONOSTIA
S3_units,Bearing1_3,16,16.0,0.0,PRONOSTIA
S3_units,Bearing1_3,16,16.0,0.08333333333333333,PRONOSTIA
S3_units,Bearing1_3,16,16.0,0.0,PRONOSTIA
S3_units,Bearing1_3,16,16.0,0.18333333333333332,PRONOSTIA
S3_units,Bearing1_3,16,16.0,0.06666666666666667,PRONOSTIA
S3_units,Bearing1_3,16,16.0,0.0,PRONOSTIA
S3_units,Bearing1_3,16,16.0,0.016666666666666666,PRONOSTIA
S3_units,Bearing1_3,16,16.0,0.0,PRONOSTIA
S3_units,Bearing1_3,16,16.0,0.016666666666666666,PRONOSTIA
S3_units,Bearing1_3,16,16.0,0.08333333333333333,PRONOSTIA
S3_units,Bearing1_3,16,16.0,0.06666666666666667,PRONOSTIA
S3_units,Bearing1_3,16,16.0,0.18333333333333332,PRONOSTIA
S3_units,Bearing1_3,16,16.0,0.03333333333333333,PRONOSTIA
S3_units,Bearing1_3,16,16.0,0.06666666666666667,PRONOSTIA
S3_units,Bearing1_3,16,16.0,0.0,PRONOSTIA
S3_units,Bearing1_3,16,16.0,0.016666666666666666,PRONOSTIA
S3_units,Bearing1_3,16,16.0,0.2,PRONOSTIA
S3_units,Bearing1_3,16,16.0,0.03333333333333333,PRONOSTIA
S3_units,Bearing1_3,16,16.0,0.11666666666666667,PRONOSTIA
S3_units,Bearing1_3,16,16.0,0.0,PRONOSTIA
S3_units,Bearing1_3,16,16.0,0.0,PRONOSTIA
S3_units,Bearing1_3,16,16.0,0.0,PRONOSTIA
S3_units,Bearing1_3,16,16.0,0.0,PRONOSTIA
S3_units,Bearing1_3,16,16.0,0.0,PRONOSTIA
S3_units,Bearing1_3,16,16.0,0.03333333333333333,PRONOSTIA
S3_units,Bearing1_3,16,16.0,0.0,PRONOSTIA
S3_units,Bearing1_3,16,16.0,0.0,PRONOSTIA
S3_units,Bearing1_3,16,16.0,0.0,PRONOSTIA
S3_units,Bearing1_3,16,16.0,0.18333333333333332,PRONOSTIA
S3_units,Bearing1_3,16,16.0,0.15,PRONOSTIA
S3_units,Bearing1_3,16,16.0,0.2,PRONOSTIA
S3_units,Bearing1_3,16,16.0,0.1,PRONOSTIA
S3_units,Bearing1_3,16,16.0,0.16666666666666666,PRONOSTIA
S3_units,Bearing1_3,16,16.0,0.0,PRONOSTIA
S3_units,Bearing1_3,16,16.0,0.016666666666666666,PRONOSTIA
S3_units,Bearing1_3,16,16.0,0.0,PRONOSTIA
S3_units,Bearing1_3,16,16.0,0.0,PRONOSTIA
S3_units,Bearing1_3,16,16.0,0.06666666666666667,PRONOSTIA
S3_units,Bearing1_3,16,16.0,0.016666666666666666,PRONOSTIA
S3_units,Bearing1_3,16,16.0,0.15,PRONOSTIA
S3_units,Bearing1_3,16,16.0,0.016666666666666666,PRONOSTIA
S3_units,Bearing1_3,16,16.0,0.0,PRONOSTIA
S3_units,Bearing1_3,16,16.0,0.05,PRONOSTIA
S3_units,Bearing1_3,16,16.0,0.016666666666666666,PRONOSTIA
S3_units,Bearing1_3,16,16.0,0.0,PRONOSTIA
S3_units,Bearing1_3,16,16.0,0.0,PRONOSTIA
S3_units,Bearing1_3,16,16.0,0.0,PRONOSTIA
S3_units,Bearing1_3,16,16.0,0.21666666666666667,PRONOSTIA
S3_units,Bearing1_3,16,16.0,0.0,PRONOSTIA
S3_units,Bearing1_4,20,1.0,0.0,PRONOSTIA
S3_units,Bearing1_4,20,1.0,0.0,PRONOSTIA
S3_units,Bearing1_4,20,1.0,0.6666666666666666,PRONOSTIA
S3_units,Bearing1_4,20,1.0,0.25,PRONOSTIA
S3_units,Bearing1_4,20,1.0,0.06666666666666667,PRONOSTIA
S3_units,Bearing1_4,20,1.0,0.0,PRONOSTIA
S3_units,Bearing1_4,20,1.0,0.0,PRONOSTIA
S3_units,Bearing1_4,20,1.0,0.0,PRONOSTIA
S3_units,Bearing1_4,20,1.0,0.16666666666666666,PRONOSTIA
S3_units,Bearing1_4,20,1.0,0.0,PRONOSTIA
S3_units,Bearing1_4,20,1.0,0.0,PRONOSTIA
S3_units,Bearing1_4,20,1.0,0.0,PRONOSTIA
S3_units,Bearing1_4,20,1.0,0.0,PRONOSTIA
S3_units,Bearing1_4,20,1.0,0.43333333333333335,PRONOSTIA
S3_units,Bearing1_4,20,1.0,0.36666666666666664,PRONOSTIA
S3_units,Bearing1_4,20,1.0,0.0,PRONOSTIA
S3_units,Bearing1_4,20,1.0,0.0,PRONOSTIA
S3_units,Bearing1_4,20,1.0,0.0,PRONOSTIA
S3_units,Bearing1_4,20,1.0,0.0,PRONOSTIA
S3_units,Bearing1_4,20,1.0,0.0,PRONOSTIA
S3_units,Bearing1_4,20,1.0,0.0,PRONOSTIA
S3_units,Bearing1_4,20,1.0,0.95,PRONOSTIA
S3_units,Bearing1_4,20,1.0,0.0,PRONOSTIA
S3_units,Bearing1_4,20,1.0,0.0,PRONOSTIA
S3_units,Bearing1_4,20,1.0,0.0,PRONOSTIA
S3_units,Bearing1_4,20,1.0,0.06666666666666667,PRONOSTIA
S3_units,Bearing1_4,20,1.0,0.7333333333333333,PRONOSTIA
S3_units,Bearing1_4,20,1.0,0.0,PRONOSTIA
S3_units,Bearing1_4,20,1.0,0.26666666666666666,PRONOSTIA
S3_units,Bearing1_4,20,1.0,0.0,PRONOSTIA
S3_units,Bearing1_4,20,1.0,0.4,PRONOSTIA
S3_units,Bearing1_4,20,1.0,0.5333333333333333,PRONOSTIA
S3_units,Bearing1_4,20,1.0,0.0,PRONOSTIA
S3_units,Bearing1_4,20,1.0,0.9833333333333333,PRONOSTIA
S3_units,Bearing1_4,20,1.0,0.25,PRONOSTIA
S3_units,Bearing1_4,20,1.0,0.016666666666666666,PRONOSTIA
S3_units,Bearing1_4,20,1.0,0.0,PRONOSTIA
S3_units,Bearing1_4,20,1.0,0.6333333333333333,PRONOSTIA
S3_units,Bearing1_4,20,1.0,0.0,PRONOSTIA
S3_units,Bearing1_4,20,1.0,0.06666666666666667,PRONOSTIA
S3_units,Bearing1_4,20,1.0,0.016666666666666666,PRONOSTIA
S3_units,Bearing1_4,20,1.0,0.0,PRONOSTIA
S3_units,Bearing1_4,20,1.0,0.0,PRONOSTIA
S3_units,Bearing1_4,20,1.0,0.16666666666666666,PRONOSTIA
S3_units,Bearing1_4,20,1.0,0.0,PRONOSTIA
S3_units,Bearing1_4,20,1.0,0.0,PRONOSTIA
S3_units,Bearing1_4,20,1.0,0.0,PRONOSTIA
S3_units,Bearing1_4,20,1.0,0.0,PRONOSTIA
S3_units,Bearing1_4,20,1.0,0.0,PRONOSTIA
S3_units,Bearing1_4,20,1.0,0.0,PRONOSTIA
S3_units,Bearing1_4,20,4.0,0.0,PRONOSTIA
S3_units,Bearing1_4,20,4.0,0.0,PRONOSTIA
S3_units,Bearing1_4,20,4.0,0.0,PRONOSTIA
S3_units,Bearing1_4,20,4.0,0.0,PRONOSTIA
S3_units,Bearing1_4,20,4.0,0.0,PRONOSTIA
S3_units,Bearing1_4,20,4.0,0.0,PRONOSTIA
S3_units,Bearing1_4,20,4.0,0.0,PRONOSTIA
S3_units,Bearing1_4,20,4.0,0.06666666666666667,PRONOSTIA
S3_units,Bearing1_4,20,4.0,0.0,PRONOSTIA
S3_units,Bearing1_4,20,4.0,0.0,PRONOSTIA
S3_units,Bearing1_4,20,4.0,0.0,PRONOSTIA
S3_units,Bearing1_4,20,4.0,0.0,PRONOSTIA
S3_units,Bearing1_4,20,4.0,0.0,PRONOSTIA
S3_units,Bearing1_4,20,4.0,0.0,PRONOSTIA
S3_units,Bearing1_4,20,4.0,0.21666666666666667,PRONOSTIA
S3_units,Bearing1_4,20,4.0,0.0,PRONOSTIA
S3_units,Bearing1_4,20,4.0,0.0,PRONOSTIA
S3_units,Bearing1_4,20,4.0,0.0,PRONOSTIA
S3_units,Bearing1_4,20,4.0,0.0,PRONOSTIA
S3_units,Bearing1_4,20,4.0,0.0,PRONOSTIA
S3_units,Bearing1_4,20,4.0,0.016666666666666666,PRONOSTIA
S3_units,Bearing1_4,20,4.0,0.0,PRONOSTIA
S3_units,Bearing1_4,20,4.0,0.0,PRONOSTIA
S3_units,Bearing1_4,20,4.0,0.0,PRONOSTIA
S3_units,Bearing1_4,20,4.0,0.0,PRONOSTIA
S3_units,Bearing1_4,20,4.0,0.0,PRONOSTIA
S3_units,Bearing1_4,20,4.0,0.0,PRONOSTIA
S3_units,Bearing1_4,20,4.0,0.0,PRONOSTIA
S3_units,Bearing1_4,20,4.0,0.0,PRONOSTIA
S3_units,Bearing1_4,20,4.0,0.0,PRONOSTIA
S3_units,Bearing1_4,20,4.0,0.0,PRONOSTIA
S3_units,Bearing1_4,20,4.0,0.0,PRONOSTIA
S3_units,Bearing1_4,20,4.0,0.0,PRONOSTIA
S3_units,Bearing1_4,20,4.0,0.0,PRONOSTIA
S3_units,Bearing1_4,20,4.0,0.0,PRONOSTIA
S3_units,Bearing1_4,20,4.0,0.0,PRONOSTIA
S3_units,Bearing1_4,20,4.0,0.0,PRONOSTIA
S3_units,Bearing1_4,20,4.0,0.0,PRONOSTIA
S3_units,Bearing1_4,20,4.0,0.0,PRONOSTIA
S3_units,Bearing1_4,20,4.0,0.0,PRONOSTIA
S3_units,Bearing1_4,20,4.0,0.0,PRONOSTIA
S3_units,Bearing1_4,20,4.0,0.0,PRONOSTIA
S3_units,Bearing1_4,20,4.0,0.0,PRONOSTIA
S3_units,Bearing1_4,20,4.0,0.0,PRONOSTIA
S3_units,Bearing1_4,20,4.0,0.0,PRONOSTIA
S3_units,Bearing1_4,20,4.0,0.0,PRONOSTIA
S3_units,Bearing1_4,20,4.0,0.0,PRONOSTIA
S3_units,Bearing1_4,20,4.0,0.016666666666666666,PRONOSTIA
S3_units,Bearing1_4,20,4.0,0.0,PRONOSTIA
S3_units,Bearing1_4,20,4.0,0.0,PRONOSTIA
S3_units,Bearing1_4,16,16.0,0.0,PRONOSTIA
S3_units,Bearing1_4,16,16.0,0.0,PRONOSTIA
S3_units,Bearing1_4,16,16.0,0.0,PRONOSTIA
S3_units,Bearing1_4,16,16.0,0.0,PRONOSTIA
S3_units,Bearing1_4,16,16.0,0.0,PRONOSTIA
S3_units,Bearing1_4,16,16.0,0.0,PRONOSTIA
S3_units,Bearing1_4,16,16.0,0.0,PRONOSTIA
S3_units,Bearing1_4,16,16.0,0.0,PRONOSTIA
S3_units,Bearing1_4,16,16.0,0.0,PRONOSTIA
S3_units,Bearing1_4,16,16.0,0.0,PRONOSTIA
S3_units,Bearing1_4,16,16.0,0.0,PRONOSTIA
S3_units,Bearing1_4,16,16.0,0.0,PRONOSTIA
S3_units,Bearing1_4,16,16.0,0.0,PRONOSTIA
S3_units,Bearing1_4,16,16.0,0.0,PRONOSTIA
S3_units,Bearing1_4,16,16.0,0.0,PRONOSTIA
S3_units,Bearing1_4,16,16.0,0.0,PRONOSTIA
S3_units,Bearing1_4,16,16.0,0.0,PRONOSTIA
S3_units,Bearing1_4,16,16.0,0.0,PRONOSTIA
S3_units,Bearing1_4,16,16.0,0.016666666666666666,PRONOSTIA
S3_units,Bearing1_4,16,16.0,0.0,PRONOSTIA
S3_units,Bearing1_4,16,16.0,0.0,PRONOSTIA
S3_units,Bearing1_4,16,16.0,0.0,PRONOSTIA
S3_units,Bearing1_4,16,16.0,0.0,PRONOSTIA
S3_units,Bearing1_4,16,16.0,0.0,PRONOSTIA
S3_units,Bearing1_4,16,16.0,0.0,PRONOSTIA
S3_units,Bearing1_4,16,16.0,0.0,PRONOSTIA
S3_units,Bearing1_4,16,16.0,0.0,PRONOSTIA
S3_units,Bearing1_4,16,16.0,0.0,PRONOSTIA
S3_units,Bearing1_4,16,16.0,0.0,PRONOSTIA
S3_units,Bearing1_4,16,16.0,0.0,PRONOSTIA
S3_units,Bearing1_4,16,16.0,0.0,PRONOSTIA
S3_units,Bearing1_4,16,16.0,0.0,PRONOSTIA
S3_units,Bearing1_4,16,16.0,0.0,PRONOSTIA
S3_units,Bearing1_4,16,16.0,0.0,PRONOSTIA
S3_units,Bearing1_4,16,16.0,0.0,PRONOSTIA
S3_units,Bearing1_4,16,16.0,0.0,PRONOSTIA
S3_units,Bearing1_4,16,16.0,0.0,PRONOSTIA
S3_units,Bearing1_4,16,16.0,0.0,PRONOSTIA
S3_units,Bearing1_4,16,16.0,0.0,PRONOSTIA
S3_units,Bearing1_4,16,16.0,0.0,PRONOSTIA
S3_units,Bearing1_4,16,16.0,0.13333333333333333,PRONOSTIA
S3_units,Bearing1_4,16,16.0,0.0,PRONOSTIA
S3_units,Bearing1_4,16,16.0,0.0,PRONOSTIA
S3_units,Bearing1_4,16,16.0,0.0,PRONOSTIA
S3_units,Bearing1_4,16,16.0,0.0,PRONOSTIA
S3_units,Bearing1_4,16,16.0,0.0,PRONOSTIA
S3_units,Bearing1_4,16,16.0,0.0,PRONOSTIA
S3_units,Bearing1_4,16,16.0,0.0,PRONOSTIA
S3_units,Bearing1_4,16,16.0,0.0,PRONOSTIA
S3_units,Bearing1_4,16,16.0,0.0,PRONOSTIA
S3_units,Bearing1_5,20,1.0,0.2,PRONOSTIA
S3_units,Bearing1_5,20,1.0,0.23333333333333334,PRONOSTIA
S3_units,Bearing1_5,20,1.0,0.0,PRONOSTIA
S3_units,Bearing1_5,20,1.0,0.7833333333333333,PRONOSTIA
S3_units,Bearing1_5,20,1.0,0.31666666666666665,PRONOSTIA
S3_units,Bearing1_5,20,1.0,0.7666666666666667,PRONOSTIA
S3_units,Bearing1_5,20,1.0,0.0,PRONOSTIA
S3_units,Bearing1_5,20,1.0,0.0,PRONOSTIA
S3_units,Bearing1_5,20,1.0,0.016666666666666666,PRONOSTIA
S3_units,Bearing1_5,20,1.0,0.0,PRONOSTIA
S3_units,Bearing1_5,20,1.0,0.5166666666666667,PRONOSTIA
S3_units,Bearing1_5,20,1.0,0.03333333333333333,PRONOSTIA
S3_units,Bearing1_5,20,1.0,0.05,PRONOSTIA
S3_units,Bearing1_5,20,1.0,0.11666666666666667,PRONOSTIA
S3_units,Bearing1_5,20,1.0,0.016666666666666666,PRONOSTIA
S3_units,Bearing1_5,20,1.0,0.55,PRONOSTIA
S3_units,Bearing1_5,20,1.0,0.03333333333333333,PRONOSTIA
S3_units,Bearing1_5,20,1.0,0.0,PRONOSTIA
S3_units,Bearing1_5,20,1.0,0.0,PRONOSTIA
S3_units,Bearing1_5,20,1.0,0.0,PRONOSTIA
S3_units,Bearing1_5,20,1.0,0.4666666666666667,PRONOSTIA
S3_units,Bearing1_5,20,1.0,0.2833333333333333,PRONOSTIA
S3_units,Bearing1_5,20,1.0,0.18333333333333332,PRONOSTIA
S3_units,Bearing1_5,20,1.0,0.0,PRONOSTIA
S3_units,Bearing1_5,20,1.0,0.21666666666666667,PRONOSTIA
S3_units,Bearing1_5,20,1.0,0.06666666666666667,PRONOSTIA
S3_units,Bearing1_5,20,1.0,0.23333333333333334,PRONOSTIA
S3_units,Bearing1_5,20,1.0,0.8333333333333334,PRONOSTIA
S3_units,Bearing1_5,20,1.0,0.0,PRONOSTIA
S3_units,Bearing1_5,20,1.0,0.016666666666666666,PRONOSTIA
S3_units,Bearing1_5,20,1.0,0.7333333333333333,PRONOSTIA
S3_units,Bearing1_5,20,1.0,0.05,PRONOSTIA
S3_units,Bearing1_5,20,1.0,0.05,PRONOSTIA
S3_units,Bearing1_5,20,1.0,0.0,PRONOSTIA
S3_units,Bearing1_5,20,1.0,0.4166666666666667,PRONOSTIA
S3_units,Bearing1_5,20,1.0,0.03333333333333333,PRONOSTIA
S3_units,Bearing1_5,20,1.0,0.0,PRONOSTIA
S3_units,Bearing1_5,20,1.0,0.9166666666666666,PRONOSTIA
S3_units,Bearing1_5,20,1.0,0.0,PRONOSTIA
S3_units,Bearing1_5,20,1.0,0.03333333333333333,PRONOSTIA
S3_units,Bearing1_5,20,1.0,0.016666666666666666,PRONOSTIA
S3_units,Bearing1_5,20,1.0,0.016666666666666666,PRONOSTIA
S3_units,Bearing1_5,20,1.0,0.06666666666666667,PRONOSTIA
S3_units,Bearing1_5,20,1.0,0.0,PRONOSTIA
S3_units,Bearing1_5,20,1.0,0.03333333333333333,PRONOSTIA
S3_units,Bearing1_5,20,1.0,0.35,PRONOSTIA
S3_units,Bearing1_5,20,1.0,0.05,PRONOSTIA
S3_units,Bearing1_5,20,1.0,0.05,PRONOSTIA
S3_units,Bearing1_5,20,1.0,0.05,PRONOSTIA
S3_units,Bearing1_5,20,1.0,0.6166666666666667,PRONOSTIA
S3_units,Bearing1_5,20,4.0,0.0,PRONOSTIA
S3_units,Bearing1_5,20,4.0,0.0,PRONOSTIA
S3_units,Bearing1_5,20,4.0,0.0,PRONOSTIA
S3_units,Bearing1_5,20,4.0,0.0,PRONOSTIA
S3_units,Bearing1_5,20,4.0,0.0,PRONOSTIA
S3_units,Bearing1_5,20,4.0,0.016666666666666666,PRONOSTIA
S3_units,Bearing1_5,20,4.0,0.016666666666666666,PRONOSTIA
S3_units,Bearing1_5,20,4.0,0.0,PRONOSTIA
S3_units,Bearing1_5,20,4.0,0.0,PRONOSTIA
S3_units,Bearing1_5,20,4.0,0.016666666666666666,PRONOSTIA
S3_units,Bearing1_5,20,4.0,0.0,PRONOSTIA
S3_units,Bearing1_5,20,4.0,0.0,PRONOSTIA
S3_units,Bearing1_5,20,4.0,0.0,PRONOSTIA
S3_units,Bearing1_5,20,4.0,0.0,PRONOSTIA
S3_units,Bearing1_5,20,4.0,0.03333333333333333,PRONOSTIA
S3_units,Bearing1_5,20,4.0,0.0,PRONOSTIA
S3_units,Bearing1_5,20,4.0,0.0,PRONOSTIA
S3_units,Bearing1_5,20,4.0,0.0,PRONOSTIA
S3_units,Bearing1_5,20,4.0,0.0,PRONOSTIA
S3_units,Bearing1_5,20,4.0,0.03333333333333333,PRONOSTIA
S3_units,Bearing1_5,20,4.0,0.03333333333333333,PRONOSTIA
S3_units,Bearing1_5,20,4.0,0.0,PRONOSTIA
S3_units,Bearing1_5,20,4.0,0.016666666666666666,PRONOSTIA
S3_units,Bearing1_5,20,4.0,0.0,PRONOSTIA
S3_units,Bearing1_5,20,4.0,0.0,PRONOSTIA
S3_units,Bearing1_5,20,4.0,0.0,PRONOSTIA
S3_units,Bearing1_5,20,4.0,0.03333333333333333,PRONOSTIA
S3_units,Bearing1_5,20,4.0,0.016666666666666666,PRONOSTIA
S3_units,Bearing1_5,20,4.0,0.0,PRONOSTIA
S3_units,Bearing1_5,20,4.0,0.0,PRONOSTIA
S3_units,Bearing1_5,20,4.0,0.0,PRONOSTIA
S3_units,Bearing1_5,20,4.0,0.0,PRONOSTIA
S3_units,Bearing1_5,20,4.0,0.016666666666666666,PRONOSTIA
S3_units,Bearing1_5,20,4.0,0.0,PRONOSTIA
S3_units,Bearing1_5,20,4.0,0.016666666666666666,PRONOSTIA
S3_units,Bearing1_5,20,4.0,0.016666666666666666,PRONOSTIA
S3_units,Bearing1_5,20,4.0,0.0,PRONOSTIA
S3_units,Bearing1_5,20,4.0,0.016666666666666666,PRONOSTIA
S3_units,Bearing1_5,20,4.0,0.0,PRONOSTIA
S3_units,Bearing1_5,20,4.0,0.03333333333333333,PRONOSTIA
S3_units,Bearing1_5,20,4.0,0.0,PRONOSTIA
S3_units,Bearing1_5,20,4.0,0.0,PRONOSTIA
S3_units,Bearing1_5,20,4.0,0.0,PRONOSTIA
S3_units,Bearing1_5,20,4.0,0.0,PRONOSTIA
S3_units,Bearing1_5,20,4.0,0.0,PRONOSTIA
S3_units,Bearing1_5,20,4.0,0.0,PRONOSTIA
S3_units,Bearing1_5,20,4.0,0.03333333333333333,PRONOSTIA
S3_units,Bearing1_5,20,4.0,0.03333333333333333,PRONOSTIA
S3_units,Bearing1_5,20,4.0,0.016666666666666666,PRONOSTIA
S3_units,Bearing1_5,20,4.0,0.03333333333333333,PRONOSTIA
S3_units,Bearing1_5,16,16.0,0.0,PRONOSTIA
S3_units,Bearing1_5,16,16.0,0.0,PRONOSTIA
S3_units,Bearing1_5,16,16.0,0.0,PRONOSTIA
S3_units,Bearing1_5,16,16.0,0.0,PRONOSTIA
S3_units,Bearing1_5,16,16.0,0.03333333333333333,PRONOSTIA
S3_units,Bearing1_5,16,16.0,0.0,PRONOSTIA
S3_units,Bearing1_5,16,16.0,0.0,PRONOSTIA
S3_units,Bearing1_5,16,16.0,0.03333333333333333,PRONOSTIA
S3_units,Bearing1_5,16,16.0,0.0,PRONOSTIA
S3_units,Bearing1_5,16,16.0,0.016666666666666666,PRONOSTIA
S3_units,Bearing1_5,16,16.0,0.0,PRONOSTIA
S3_units,Bearing1_5,16,16.0,0.0,PRONOSTIA
S3_units,Bearing1_5,16,16.0,0.0,PRONOSTIA
S3_units,Bearing1_5,16,16.0,0.03333333333333333,PRONOSTIA
S3_units,Bearing1_5,16,16.0,0.0,PRONOSTIA
S3_units,Bearing1_5,16,16.0,0.0,PRONOSTIA
S3_units,Bearing1_5,16,16.0,0.0,PRONOSTIA
S3_units,Bearing1_5,16,16.0,0.0,PRONOSTIA
S3_units,Bearing1_5,16,16.0,0.0,PRONOSTIA
S3_units,Bearing1_5,16,16.0,0.0,PRONOSTIA
S3_units,Bearing1_5,16,16.0,0.0,PRONOSTIA
S3_units,Bearing1_5,16,16.0,0.016666666666666666,PRONOSTIA
S3_units,Bearing1_5,16,16.0,0.03333333333333333,PRONOSTIA
S3_units,Bearing1_5,16,16.0,0.0,PRONOSTIA
S3_units,Bearing1_5,16,16.0,0.0,PRONOSTIA
S3_units,Bearing1_5,16,16.0,0.0,PRONOSTIA
S3_units,Bearing1_5,16,16.0,0.0,PRONOSTIA
S3_units,Bearing1_5,16,16.0,0.016666666666666666,PRONOSTIA
S3_units,Bearing1_5,16,16.0,0.0,PRONOSTIA
S3_units,Bearing1_5,16,16.0,0.0,PRONOSTIA
S3_units,Bearing1_5,16,16.0,0.03333333333333333,PRONOSTIA
S3_units,Bearing1_5,16,16.0,0.0,PRONOSTIA
S3_units,Bearing1_5,16,16.0,0.0,PRONOSTIA
S3_units,Bearing1_5,16,16.0,0.0,PRONOSTIA
S3_units,Bearing1_5,16,16.0,0.05,PRONOSTIA
S3_units,Bearing1_5,16,16.0,0.03333333333333333,PRONOSTIA
S3_units,Bearing1_5,16,16.0,0.0,PRONOSTIA
S3_units,Bearing1_5,16,16.0,0.0,PRONOSTIA
S3_units,Bearing1_5,16,16.0,0.0,PRONOSTIA
S3_units,Bearing1_5,16,16.0,0.0,PRONOSTIA
S3_units,Bearing1_5,16,16.0,0.0,PRONOSTIA
S3_units,Bearing1_5,16,16.0,0.0,PRONOSTIA
S3_units,Bearing1_5,16,16.0,0.0,PRONOSTIA
S3_units,Bearing1_5,16,16.0,0.0,PRONOSTIA
S3_units,Bearing1_5,16,16.0,0.0,PRONOSTIA
S3_units,Bearing1_5,16,16.0,0.0,PRONOSTIA
S3_units,Bearing1_5,16,16.0,0.0,PRONOSTIA
S3_units,Bearing1_5,16,16.0,0.03333333333333333,PRONOSTIA
S3_units,Bearing1_5,16,16.0,0.0,PRONOSTIA
S3_units,Bearing1_5,16,16.0,0.03333333333333333,PRONOSTIA
S3_units,Bearing1_6,20,1.0,0.35,PRONOSTIA
S3_units,Bearing1_6,20,1.0,0.43333333333333335,PRONOSTIA
S3_units,Bearing1_6,20,1.0,0.7,PRONOSTIA
S3_units,Bearing1_6,20,1.0,0.06666666666666667,PRONOSTIA
S3_units,Bearing1_6,20,1.0,0.23333333333333334,PRONOSTIA
S3_units,Bearing1_6,20,1.0,0.11666666666666667,PRONOSTIA
S3_units,Bearing1_6,20,1.0,0.05,PRONOSTIA
S3_units,Bearing1_6,20,1.0,0.43333333333333335,PRONOSTIA
S3_units,Bearing1_6,20,1.0,0.6166666666666667,PRONOSTIA
S3_units,Bearing1_6,20,1.0,0.016666666666666666,PRONOSTIA
S3_units,Bearing1_6,20,1.0,0.08333333333333333,PRONOSTIA
S3_units,Bearing1_6,20,1.0,0.0,PRONOSTIA
S3_units,Bearing1_6,20,1.0,0.4666666666666667,PRONOSTIA
S3_units,Bearing1_6,20,1.0,0.1,PRONOSTIA
S3_units,Bearing1_6,20,1.0,0.0,PRONOSTIA
S3_units,Bearing1_6,20,1.0,0.26666666666666666,PRONOSTIA
S3_units,Bearing1_6,20,1.0,0.3333333333333333,PRONOSTIA
S3_units,Bearing1_6,20,1.0,0.15,PRONOSTIA
S3_units,Bearing1_6,20,1.0,0.03333333333333333,PRONOSTIA
S3_units,Bearing1_6,20,1.0,0.06666666666666667,PRONOSTIA
S3_units,Bearing1_6,20,1.0,0.0,PRONOSTIA
S3_units,Bearing1_6,20,1.0,0.6333333333333333,PRONOSTIA
S3_units,Bearing1_6,20,1.0,0.7833333333333333,PRONOSTIA
S3_units,Bearing1_6,20,1.0,0.7333333333333333,PRONOSTIA
S3_units,Bearing1_6,20,1.0,0.8333333333333334,PRONOSTIA
S3_units,Bearing1_6,20,1.0,0.31666666666666665,PRONOSTIA
S3_units,Bearing1_6,20,1.0,0.08333333333333333,PRONOSTIA
S3_units,Bearing1_6,20,1.0,0.23333333333333334,PRONOSTIA
S3_units,Bearing1_6,20,1.0,0.06666666666666667,PRONOSTIA
S3_units,Bearing1_6,20,1.0,0.85,PRONOSTIA
S3_units,Bearing1_6,20,1.0,0.3,PRONOSTIA
S3_units,Bearing1_6,20,1.0,0.3,PRONOSTIA
S3_units,Bearing1_6,20,1.0,0.43333333333333335,PRONOSTIA
S3_units,Bearing1_6,20,1.0,0.2833333333333333,PRONOSTIA
S3_units,Bearing1_6,20,1.0,0.0,PRONOSTIA
S3_units,Bearing1_6,20,1.0,0.03333333333333333,PRONOSTIA
S3_units,Bearing1_6,20,1.0,0.6166666666666667,PRONOSTIA
S3_units,Bearing1_6,20,1.0,0.31666666666666665,PRONOSTIA
S3_units,Bearing1_6,20,1.0,0.06666666666666667,PRONOSTIA
S3_units,Bearing1_6,20,1.0,0.75,PRONOSTIA
S3_units,Bearing1_6,20,1.0,0.0,PRONOSTIA
S3_units,Bearing1_6,20,1.0,0.0,PRONOSTIA
S3_units,Bearing1_6,20,1.0,0.75,PRONOSTIA
S3_units,Bearing1_6,20,1.0,0.03333333333333333,PRONOSTIA
S3_units,Bearing1_6,20,1.0,0.2,PRONOSTIA
S3_units,Bearing1_6,20,1.0,0.4166666666666667,PRONOSTIA
S3_units,Bearing1_6,20,1.0,0.1,PRONOSTIA
S3_units,Bearing1_6,20,1.0,0.0,PRONOSTIA
S3_units,Bearing1_6,20,1.0,0.0,PRONOSTIA
S3_units,Bearing1_6,20,1.0,0.45,PRONOSTIA
S3_units,Bearing1_6,20,4.0,0.0,PRONOSTIA
S3_units,Bearing1_6,20,4.0,0.26666666666666666,PRONOSTIA
S3_units,Bearing1_6,20,4.0,0.06666666666666667,PRONOSTIA
S3_units,Bearing1_6,20,4.0,0.0,PRONOSTIA
S3_units,Bearing1_6,20,4.0,0.38333333333333336,PRONOSTIA
S3_units,Bearing1_6,20,4.0,0.0,PRONOSTIA
S3_units,Bearing1_6,20,4.0,0.0,PRONOSTIA
S3_units,Bearing1_6,20,4.0,0.03333333333333333,PRONOSTIA
S3_units,Bearing1_6,20,4.0,0.05,PRONOSTIA
S3_units,Bearing1_6,20,4.0,0.03333333333333333,PRONOSTIA
S3_units,Bearing1_6,20,4.0,0.05,PRONOSTIA
S3_units,Bearing1_6,20,4.0,0.0,PRONOSTIA
S3_units,Bearing1_6,20,4.0,0.0,PRONOSTIA
S3_units,Bearing1_6,20,4.0,0.03333333333333333,PRONOSTIA
S3_units,Bearing1_6,20,4.0,0.0,PRONOSTIA
S3_units,Bearing1_6,20,4.0,0.016666666666666666,PRONOSTIA
S3_units,Bearing1_6,20,4.0,0.38333333333333336,PRONOSTIA
S3_units,Bearing1_6,20,4.0,0.0,PRONOSTIA
S3_units,Bearing1_6,20,4.0,0.11666666666666667,PRONOSTIA
S3_units,Bearing1_6,20,4.0,0.0,PRONOSTIA
S3_units,Bearing1_6,20,4.0,0.016666666666666666,PRONOSTIA
S3_units,Bearing1_6,20,4.0,0.016666666666666666,PRONOSTIA
S3_units,Bearing1_6,20,4.0,0.38333333333333336,PRONOSTIA
S3_units,Bearing1_6,20,4.0,0.0,PRONOSTIA
S3_units,Bearing1_6,20,4.0,0.03333333333333333,PRONOSTIA
S3_units,Bearing1_6,20,4.0,0.0,PRONOSTIA
S3_units,Bearing1_6,20,4.0,0.0,PRONOSTIA
S3_units,Bearing1_6,20,4.0,0.0,PRONOSTIA
S3_units,Bearing1_6,20,4.0,0.05,PRONOSTIA
S3_units,Bearing1_6,20,4.0,0.23333333333333334,PRONOSTIA
S3_units,Bearing1_6,20,4.0,0.05,PRONOSTIA
S3_units,Bearing1_6,20,4.0,0.1,PRONOSTIA
S3_units,Bearing1_6,20,4.0,0.5833333333333334,PRONOSTIA
S3_units,Bearing1_6,20,4.0,0.08333333333333333,PRONOSTIA
S3_units,Bearing1_6,20,4.0,0.0,PRONOSTIA
S3_units,Bearing1_6,20,4.0,0.0,PRONOSTIA
S3_units,Bearing1_6,20,4.0,0.016666666666666666,PRONOSTIA
S3_units,Bearing1_6,20,4.0,0.18333333333333332,PRONOSTIA
S3_units,Bearing1_6,20,4.0,0.21666666666666667,PRONOSTIA
S3_units,Bearing1_6,20,4.0,0.5,PRONOSTIA
S3_units,Bearing1_6,20,4.0,0.1,PRONOSTIA
S3_units,Bearing1_6,20,4.0,0.6333333333333333,PRONOSTIA
S3_units,Bearing1_6,20,4.0,0.016666666666666666,PRONOSTIA
S3_units,Bearing1_6,20,4.0,0.2833333333333333,PRONOSTIA
S3_units,Bearing1_6,20,4.0,0.05,PRONOSTIA
S3_units,Bearing1_6,20,4.0,0.4,PRONOSTIA
S3_units,Bearing1_6,20,4.0,0.016666666666666666,PRONOSTIA
S3_units,Bearing1_6,20,4.0,0.3,PRONOSTIA
S3_units,Bearing1_6,20,4.0,0.11666666666666667,PRONOSTIA
S3_units,Bearing1_6,20,4.0,0.1,PRONOSTIA
S3_units,Bearing1_6,16,16.0,0.06666666666666667,PRONOSTIA
S3_units,Bearing1_6,16,16.0,0.05,PRONOSTIA
S3_units,Bearing1_6,16,16.0,0.016666666666666666,PRONOSTIA
S3_units,Bearing1_6,16,16.0,0.0,PRONOSTIA
S3_units,Bearing1_6,16,16.0,0.3,PRONOSTIA
S3_units,Bearing1_6,16,16.0,0.23333333333333334,PRONOSTIA
S3_units,Bearing1_6,16,16.0,0.016666666666666666,PRONOSTIA
S3_units,Bearing1_6,16,16.0,0.016666666666666666,PRONOSTIA
S3_units,Bearing1_6,16,16.0,0.016666666666666666,PRONOSTIA
S3_units,Bearing1_6,16,16.0,0.0,PRONOSTIA
S3_units,Bearing1_6,16,16.0,0.18333333333333332,PRONOSTIA
S3_units,Bearing1_6,16,16.0,0.21666666666666667,PRONOSTIA
S3_units,Bearing1_6,16,16.0,0.0,PRONOSTIA
S3_units,Bearing1_6,16,16.0,0.016666666666666666,PRONOSTIA
S3_units,Bearing1_6,16,16.0,0.0,PRONOSTIA
S3_units,Bearing1_6,16,16.0,0.016666666666666666,PRONOSTIA
S3_units,Bearing1_6,16,16.0,0.016666666666666666,PRONOSTIA
S3_units,Bearing1_6,16,16.0,0.0,PRONOSTIA
S3_units,Bearing1_6,16,16.0,0.0,PRONOSTIA
S3_units,Bearing1_6,16,16.0,0.0,PRONOSTIA
S3_units,Bearing1_6,16,16.0,0.05,PRONOSTIA
S3_units,Bearing1_6,16,16.0,0.016666666666666666,PRONOSTIA
S3_units,Bearing1_6,16,16.0,0.08333333333333333,PRONOSTIA
S3_units,Bearing1_6,16,16.0,0.0,PRONOSTIA
S3_units,Bearing1_6,16,16.0,0.05,PRONOSTIA
S3_units,Bearing1_6,16,16.0,0.08333333333333333,PRONOSTIA
S3_units,Bearing1_6,16,16.0,0.11666666666666667,PRONOSTIA
S3_units,Bearing1_6,16,16.0,0.0,PRONOSTIA
S3_units,Bearing1_6,16,16.0,0.0,PRONOSTIA
S3_units,Bearing1_6,16,16.0,0.0,PRONOSTIA
S3_units,Bearing1_6,16,16.0,0.1,PRONOSTIA
S3_units,Bearing1_6,16,16.0,0.0,PRONOSTIA
S3_units,Bearing1_6,16,16.0,0.05,PRONOSTIA
S3_units,Bearing1_6,16,16.0,0.06666666666666667,PRONOSTIA
S3_units,Bearing1_6,16,16.0,0.0,PRONOSTIA
S3_units,Bearing1_6,16,16.0,0.0,PRONOSTIA
S3_units,Bearing1_6,16,16.0,0.08333333333333333,PRONOSTIA
S3_units,Bearing1_6,16,16.0,0.15,PRONOSTIA
S3_units,Bearing1_6,16,16.0,0.0,PRONOSTIA
S3_units,Bearing1_6,16,16.0,0.016666666666666666,PRONOSTIA
S3_units,Bearing1_6,16,16.0,0.016666666666666666,PRONOSTIA
S3_units,Bearing1_6,16,16.0,0.03333333333333333,PRONOSTIA
S3_units,Bearing1_6,16,16.0,0.0,PRONOSTIA
S3_units,Bearing1_6,16,16.0,0.0,PRONOSTIA
S3_units,Bearing1_6,16,16.0,0.0,PRONOSTIA
S3_units,Bearing1_6,16,16.0,0.11666666666666667,PRONOSTIA
S3_units,Bearing1_6,16,16.0,0.0,PRONOSTIA
S3_units,Bearing1_6,16,16.0,0.03333333333333333,PRONOSTIA
S3_units,Bearing1_6,16,16.0,0.15,PRONOSTIA
S3_units,Bearing1_6,16,16.0,0.016666666666666666,PRONOSTIA
S3_units,Bearing1_7,20,1.0,0.11666666666666667,PRONOSTIA
S3_units,Bearing1_7,20,1.0,0.15,PRONOSTIA
S3_units,Bearing1_7,20,1.0,0.13333333333333333,PRONOSTIA
S3_units,Bearing1_7,20,1.0,0.21666666666666667,PRONOSTIA
S3_units,Bearing1_7,20,1.0,0.016666666666666666,PRONOSTIA
S3_units,Bearing1_7,20,1.0,0.0,PRONOSTIA
S3_units,Bearing1_7,20,1.0,0.0,PRONOSTIA
S3_units,Bearing1_7,20,1.0,0.16666666666666666,PRONOSTIA
S3_units,Bearing1_7,20,1.0,0.0,PRONOSTIA
S3_units,Bearing1_7,20,1.0,0.38333333333333336,PRONOSTIA
S3_units,Bearing1_7,20,1.0,0.55,PRONOSTIA
S3_units,Bearing1_7,20,1.0,0.38333333333333336,PRONOSTIA
S3_units,Bearing1_7,20,1.0,0.3333333333333333,PRONOSTIA
S3_units,Bearing1_7,20,1.0,0.2833333333333333,PRONOSTIA
S3_units,Bearing1_7,20,1.0,0.016666666666666666,PRONOSTIA
S3_units,Bearing1_7,20,1.0,0.18333333333333332,PRONOSTIA
S3_units,Bearing1_7,20,1.0,0.0,PRONOSTIA
S3_units,Bearing1_7,20,1.0,0.016666666666666666,PRONOSTIA
S3_units,Bearing1_7,20,1.0,0.11666666666666667,PRONOSTIA
S3_units,Bearing1_7,20,1.0,0.1,PRONOSTIA
S3_units,Bearing1_7,20,1.0,0.03333333333333333,PRONOSTIA
S3_units,Bearing1_7,20,1.0,0.0,PRONOSTIA
S3_units,Bearing1_7,20,1.0,0.016666666666666666,PRONOSTIA
S3_units,Bearing1_7,20,1.0,0.016666666666666666,PRONOSTIA
S3_units,Bearing1_7,20,1.0,0.0,PRONOSTIA
S3_units,Bearing1_7,20,1.0,0.0,PRONOSTIA
S3_units,Bearing1_7,20,1.0,0.0,PRONOSTIA
S3_units,Bearing1_7,20,1.0,0.0,PRONOSTIA
S3_units,Bearing1_7,20,1.0,0.21666666666666667,PRONOSTIA
S3_units,Bearing1_7,20,1.0,0.08333333333333333,PRONOSTIA
S3_units,Bearing1_7,20,1.0,0.03333333333333333,PRONOSTIA
S3_units,Bearing1_7,20,1.0,0.11666666666666667,PRONOSTIA
S3_units,Bearing1_7,20,1.0,0.48333333333333334,PRONOSTIA
S3_units,Bearing1_7,20,1.0,0.06666666666666667,PRONOSTIA
S3_units,Bearing1_7,20,1.0,0.05,PRONOSTIA
S3_units,Bearing1_7,20,1.0,0.06666666666666667,PRONOSTIA
S3_units,Bearing1_7,20,1.0,0.16666666666666666,PRONOSTIA
S3_units,Bearing1_7,20,1.0,0.4,PRONOSTIA
S3_units,Bearing1_7,20,1.0,0.5833333333333334,PRONOSTIA
S3_units,Bearing1_7,20,1.0,0.6166666666666667,PRONOSTIA
S3_units,Bearing1_7,20,1.0,0.0,PRONOSTIA
S3_units,Bearing1_7,20,1.0,0.75,PRONOSTIA
S3_units,Bearing1_7,20,1.0,0.016666666666666666,PRONOSTIA
S3_units,Bearing1_7,20,1.0,0.016666666666666666,PRONOSTIA
S3_units,Bearing1_7,20,1.0,0.16666666666666666,PRONOSTIA
S3_units,Bearing1_7,20,1.0,0.016666666666666666,PRONOSTIA
S3_units,Bearing1_7,20,1.0,0.0,PRONOSTIA
S3_units,Bearing1_7,20,1.0,0.016666666666666666,PRONOSTIA
S3_units,Bearing1_7,20,1.0,0.03333333333333333,PRONOSTIA
S3_units,Bearing1_7,20,1.0,0.0,PRONOSTIA
S3_units,Bearing1_7,20,4.0,0.0,PRONOSTIA
S3_units,Bearing1_7,20,4.0,0.0,PRONOSTIA
S3_units,Bearing1_7,20,4.0,0.016666666666666666,PRONOSTIA
S3_units,Bearing1_7,20,4.0,0.0,PRONOSTIA
S3_units,Bearing1_7,20,4.0,0.0,PRONOSTIA
S3_units,Bearing1_7,20,4.0,0.016666666666666666,PRONOSTIA
S3_units,Bearing1_7,20,4.0,0.03333333333333333,PRONOSTIA
S3_units,Bearing1_7,20,4.0,0.0,PRONOSTIA
S3_units,Bearing1_7,20,4.0,0.0,PRONOSTIA
S3_units,Bearing1_7,20,4.0,0.0,PRONOSTIA
S3_units,Bearing1_7,20,4.0,0.0,PRONOSTIA
S3_units,Bearing1_7,20,4.0,0.1,PRONOSTIA
S3_units,Bearing1_7,20,4.0,0.0,PRONOSTIA
S3_units,Bearing1_7,20,4.0,0.0,PRONOSTIA
S3_units,Bearing1_7,20,4.0,0.06666666666666667,PRONOSTIA
S3_units,Bearing1_7,20,4.0,0.11666666666666667,PRONOSTIA
S3_units,Bearing1_7,20,4.0,0.0,PRONOSTIA
S3_units,Bearing1_7,20,4.0,0.016666666666666666,PRONOSTIA
S3_units,Bearing1_7,20,4.0,0.0,PRONOSTIA
S3_units,Bearing1_7,20,4.0,0.0,PRONOSTIA
S3_units,Bearing1_7,20,4.0,0.0,PRONOSTIA
S3_units,Bearing1_7,20,4.0,0.0,PRONOSTIA
S3_units,Bearing1_7,20,4.0,0.0,PRONOSTIA
S3_units,Bearing1_7,20,4.0,0.016666666666666666,PRONOSTIA
S3_units,Bearing1_7,20,4.0,0.0,PRONOSTIA
S3_units,Bearing1_7,20,4.0,0.0,PRONOSTIA
S3_units,Bearing1_7,20,4.0,0.0,PRONOSTIA
S3_units,Bearing1_7,20,4.0,0.0,PRONOSTIA
S3_units,Bearing1_7,20,4.0,0.016666666666666666,PRONOSTIA
S3_units,Bearing1_7,20,4.0,0.03333333333333333,PRONOSTIA
S3_units,Bearing1_7,20,4.0,0.0,PRONOSTIA
S3_units,Bearing1_7,20,4.0,0.0,PRONOSTIA
S3_units,Bearing1_7,20,4.0,0.0,PRONOSTIA
S3_units,Bearing1_7,20,4.0,0.0,PRONOSTIA
S3_units,Bearing1_7,20,4.0,0.0,PRONOSTIA
S3_units,Bearing1_7,20,4.0,0.0,PRONOSTIA
S3_units,Bearing1_7,20,4.0,0.0,PRONOSTIA
S3_units,Bearing1_7,20,4.0,0.03333333333333333,PRONOSTIA
S3_units,Bearing1_7,20,4.0,0.0,PRONOSTIA
S3_units,Bearing1_7,20,4.0,0.0,PRONOSTIA
S3_units,Bearing1_7,20,4.0,0.0,PRONOSTIA
S3_units,Bearing1_7,20,4.0,0.11666666666666667,PRONOSTIA
S3_units,Bearing1_7,20,4.0,0.016666666666666666,PRONOSTIA
S3_units,Bearing1_7,20,4.0,0.0,PRONOSTIA
S3_units,Bearing1_7,20,4.0,0.0,PRONOSTIA
S3_units,Bearing1_7,20,4.0,0.0,PRONOSTIA
S3_units,Bearing1_7,20,4.0,0.0,PRONOSTIA
S3_units,Bearing1_7,20,4.0,0.0,PRONOSTIA
S3_units,Bearing1_7,20,4.0,0.0,PRONOSTIA
S3_units,Bearing1_7,20,4.0,0.0,PRONOSTIA
S3_units,Bearing1_7,16,16.0,0.0,PRONOSTIA
S3_units,Bearing1_7,16,16.0,0.0,PRONOSTIA
S3_units,Bearing1_7,16,16.0,0.016666666666666666,PRONOSTIA
S3_units,Bearing1_7,16,16.0,0.0,PRONOSTIA
S3_units,Bearing1_7,16,16.0,0.0,PRONOSTIA
S3_units,Bearing1_7,16,16.0,0.0,PRONOSTIA
S3_units,Bearing1_7,16,16.0,0.0,PRONOSTIA
S3_units,Bearing1_7,16,16.0,0.0,PRONOSTIA
S3_units,Bearing1_7,16,16.0,0.0,PRONOSTIA
S3_units,Bearing1_7,16,16.0,0.016666666666666666,PRONOSTIA
S3_units,Bearing1_7,16,16.0,0.05,PRONOSTIA
S3_units,Bearing1_7,16,16.0,0.06666666666666667,PRONOSTIA
S3_units,Bearing1_7,16,16.0,0.0,PRONOSTIA
S3_units,Bearing1_7,16,16.0,0.0,PRONOSTIA
S3_units,Bearing1_7,16,16.0,0.0,PRONOSTIA
S3_units,Bearing1_7,16,16.0,0.0,PRONOSTIA
S3_units,Bearing1_7,16,16.0,0.0,PRONOSTIA
S3_units,Bearing1_7,16,16.0,0.0,PRONOSTIA
S3_units,Bearing1_7,16,16.0,0.0,PRONOSTIA
S3_units,Bearing1_7,16,16.0,0.016666666666666666,PRONOSTIA
S3_units,Bearing1_7,16,16.0,0.0,PRONOSTIA
S3_units,Bearing1_7,16,16.0,0.0,PRONOSTIA
S3_units,Bearing1_7,16,16.0,0.03333333333333333,PRONOSTIA
S3_units,Bearing1_7,16,16.0,0.0,PRONOSTIA
S3_units,Bearing1_7,16,16.0,0.0,PRONOSTIA
S3_units,Bearing1_7,16,16.0,0.05,PRONOSTIA
S3_units,Bearing1_7,16,16.0,0.0,PRONOSTIA
S3_units,Bearing1_7,16,16.0,0.016666666666666666,PRONOSTIA
S3_units,Bearing1_7,16,16.0,0.0,PRONOSTIA
S3_units,Bearing1_7,16,16.0,0.03333333333333333,PRONOSTIA
S3_units,Bearing1_7,16,16.0,0.15,PRONOSTIA
S3_units,Bearing1_7,16,16.0,0.0,PRONOSTIA
S3_units,Bearing1_7,16,16.0,0.0,PRONOSTIA
S3_units,Bearing1_7,16,16.0,0.0,PRONOSTIA
S3_units,Bearing1_7,16,16.0,0.03333333333333333,PRONOSTIA
S3_units,Bearing1_7,16,16.0,0.0,PRONOSTIA
S3_units,Bearing1_7,16,16.0,0.0,PRONOSTIA
S3_units,Bearing1_7,16,16.0,0.0,PRONOSTIA
S3_units,Bearing1_7,16,16.0,0.0,PRONOSTIA
S3_units,Bearing1_7,16,16.0,0.0,PRONOSTIA
S3_units,Bearing1_7,16,16.0,0.0,PRONOSTIA
S3_units,Bearing1_7,16,16.0,0.0,PRONOSTIA
S3_units,Bearing1_7,16,16.0,0.0,PRONOSTIA
S3_units,Bearing1_7,16,16.0,0.016666666666666666,PRONOSTIA
S3_units,Bearing1_7,16,16.0,0.0,PRONOSTIA
S3_units,Bearing1_7,16,16.0,0.0,PRONOSTIA
S3_units,Bearing1_7,16,16.0,0.0,PRONOSTIA
S3_units,Bearing1_7,16,16.0,0.0,PRONOSTIA
S3_units,Bearing1_7,16,16.0,0.0,PRONOSTIA
S3_units,Bearing1_7,16,16.0,0.03333333333333333,PRONOSTIA
S3_units,Bearing2_1,20,1.0,0.8166666666666667,PRONOSTIA
S3_units,Bearing2_1,20,1.0,0.0,PRONOSTIA
S3_units,Bearing2_1,20,1.0,0.25,PRONOSTIA
S3_units,Bearing2_1,20,1.0,0.05,PRONOSTIA
S3_units,Bearing2_1,20,1.0,0.16666666666666666,PRONOSTIA
S3_units,Bearing2_1,20,1.0,0.11666666666666667,PRONOSTIA
S3_units,Bearing2_1,20,1.0,0.3333333333333333,PRONOSTIA
S3_units,Bearing2_1,20,1.0,0.016666666666666666,PRONOSTIA
S3_units,Bearing2_1,20,1.0,0.08333333333333333,PRONOSTIA
S3_units,Bearing2_1,20,1.0,0.06666666666666667,PRONOSTIA
S3_units,Bearing2_1,20,1.0,0.15,PRONOSTIA
S3_units,Bearing2_1,20,1.0,0.13333333333333333,PRONOSTIA
S3_units,Bearing2_1,20,1.0,0.13333333333333333,PRONOSTIA
S3_units,Bearing2_1,20,1.0,0.13333333333333333,PRONOSTIA
S3_units,Bearing2_1,20,1.0,0.15,PRONOSTIA
S3_units,Bearing2_1,20,1.0,0.36666666666666664,PRONOSTIA
S3_units,Bearing2_1,20,1.0,0.08333333333333333,PRONOSTIA
S3_units,Bearing2_1,20,1.0,0.03333333333333333,PRONOSTIA
S3_units,Bearing2_1,20,1.0,0.08333333333333333,PRONOSTIA
S3_units,Bearing2_1,20,1.0,0.15,PRONOSTIA
S3_units,Bearing2_1,20,1.0,0.03333333333333333,PRONOSTIA
S3_units,Bearing2_1,20,1.0,0.18333333333333332,PRONOSTIA
S3_units,Bearing2_1,20,1.0,0.03333333333333333,PRONOSTIA
S3_units,Bearing2_1,20,1.0,0.16666666666666666,PRONOSTIA
S3_units,Bearing2_1,20,1.0,0.11666666666666667,PRONOSTIA
S3_units,Bearing2_1,20,1.0,0.05,PRONOSTIA
S3_units,Bearing2_1,20,1.0,0.11666666666666667,PRONOSTIA
S3_units,Bearing2_1,20,1.0,0.15,PRONOSTIA
S3_units,Bearing2_1,20,1.0,0.06666666666666667,PRONOSTIA
S3_units,Bearing2_1,20,1.0,0.016666666666666666,PRONOSTIA
S3_units,Bearing2_1,20,1.0,0.15,PRONOSTIA
S3_units,Bearing2_1,20,1.0,0.4,PRONOSTIA
S3_units,Bearing2_1,20,1.0,0.06666666666666667,PRONOSTIA
S3_units,Bearing2_1,20,1.0,0.06666666666666667,PRONOSTIA
S3_units,Bearing2_1,20,1.0,0.16666666666666666,PRONOSTIA
S3_units,Bearing2_1,20,1.0,0.06666666666666667,PRONOSTIA
S3_units,Bearing2_1,20,1.0,0.016666666666666666,PRONOSTIA
S3_units,Bearing2_1,20,1.0,0.13333333333333333,PRONOSTIA
S3_units,Bearing2_1,20,1.0,0.08333333333333333,PRONOSTIA
S3_units,Bearing2_1,20,1.0,0.13333333333333333,PRONOSTIA
S3_units,Bearing2_1,20,1.0,0.15,PRONOSTIA
S3_units,Bearing2_1,20,1.0,0.18333333333333332,PRONOSTIA
S3_units,Bearing2_1,20,1.0,0.35,PRONOSTIA
S3_units,Bearing2_1,20,1.0,0.15,PRONOSTIA
S3_units,Bearing2_1,20,1.0,0.2,PRONOSTIA
S3_units,Bearing2_1,20,1.0,0.7333333333333333,PRONOSTIA
S3_units,Bearing2_1,20,1.0,0.2833333333333333,PRONOSTIA
S3_units,Bearing2_1,20,1.0,0.016666666666666666,PRONOSTIA
S3_units,Bearing2_1,20,1.0,0.4166666666666667,PRONOSTIA
S3_units,Bearing2_1,20,1.0,0.05,PRONOSTIA
S3_units,Bearing2_1,20,4.0,0.0,PRONOSTIA
S3_units,Bearing2_1,20,4.0,0.06666666666666667,PRONOSTIA
S3_units,Bearing2_1,20,4.0,0.06666666666666667,PRONOSTIA
S3_units,Bearing2_1,20,4.0,0.05,PRONOSTIA
S3_units,Bearing2_1,20,4.0,0.05,PRONOSTIA
S3_units,Bearing2_1,20,4.0,0.05,PRONOSTIA
S3_units,Bearing2_1,20,4.0,0.16666666666666666,PRONOSTIA
S3_units,Bearing2_1,20,4.0,0.06666666666666667,PRONOSTIA
S3_units,Bearing2_1,20,4.0,0.03333333333333333,PRONOSTIA
S3_units,Bearing2_1,20,4.0,0.13333333333333333,PRONOSTIA
S3_units,Bearing2_1,20,4.0,0.06666666666666667,PRONOSTIA
S3_units,Bearing2_1,20,4.0,0.016666666666666666,PRONOSTIA
S3_units,Bearing2_1,20,4.0,0.15,PRONOSTIA
S3_units,Bearing2_1,20,4.0,0.016666666666666666,PRONOSTIA
S3_units,Bearing2_1,20,4.0,0.05,PRONOSTIA
S3_units,Bearing2_1,20,4.0,0.06666666666666667,PRONOSTIA
S3_units,Bearing2_1,20,4.0,0.26666666666666666,PRONOSTIA
S3_units,Bearing2_1,20,4.0,0.18333333333333332,PRONOSTIA
S3_units,Bearing2_1,20,4.0,0.23333333333333334,PRONOSTIA
S3_units,Bearing2_1,20,4.0,0.16666666666666666,PRONOSTIA
S3_units,Bearing2_1,20,4.0,0.016666666666666666,PRONOSTIA
S3_units,Bearing2_1,20,4.0,0.03333333333333333,PRONOSTIA
S3_units,Bearing2_1,20,4.0,0.3,PRONOSTIA
S3_units,Bearing2_1,20,4.0,0.05,PRONOSTIA
S3_units,Bearing2_1,20,4.0,0.05,PRONOSTIA
S3_units,Bearing2_1,20,4.0,0.06666666666666667,PRONOSTIA
S3_units,Bearing2_1,20,4.0,0.06666666666666667,PRONOSTIA
S3_units,Bearing2_1,20,4.0,0.23333333333333334,PRONOSTIA
S3_units,Bearing2_1,20,4.0,0.06666666666666667,PRONOSTIA
S3_units,Bearing2_1,20,4.0,0.03333333333333333,PRONOSTIA
S3_units,Bearing2_1,20,4.0,0.016666666666666666,PRONOSTIA
S3_units,Bearing2_1,20,4.0,0.15,PRONOSTIA
S3_units,Bearing2_1,20,4.0,0.06666666666666667,PRONOSTIA
S3_units,Bearing2_1,20,4.0,0.03333333333333333,PRONOSTIA
S3_units,Bearing2_1,20,4.0,0.23333333333333334,PRONOSTIA
S3_units,Bearing2_1,20,4.0,0.06666666666666667,PRONOSTIA
S3_units,Bearing2_1,20,4.0,0.18333333333333332,PRONOSTIA
S3_units,Bearing2_1,20,4.0,0.11666666666666667,PRONOSTIA
S3_units,Bearing2_1,20,4.0,0.03333333333333333,PRONOSTIA
S3_units,Bearing2_1,20,4.0,0.13333333333333333,PRONOSTIA
S3_units,Bearing2_1,20,4.0,0.03333333333333333,PRONOSTIA
S3_units,Bearing2_1,20,4.0,0.03333333333333333,PRONOSTIA
S3_units,Bearing2_1,20,4.0,0.03333333333333333,PRONOSTIA
S3_units,Bearing2_1,20,4.0,0.06666666666666667,PRONOSTIA
S3_units,Bearing2_1,20,4.0,0.016666666666666666,PRONOSTIA
S3_units,Bearing2_1,20,4.0,0.016666666666666666,PRONOSTIA
S3_units,Bearing2_1,20,4.0,0.016666666666666666,PRONOSTIA
S3_units,Bearing2_1,20,4.0,0.03333333333333333,PRONOSTIA
S3_units,Bearing2_1,20,4.0,0.16666666666666666,PRONOSTIA
S3_units,Bearing2_1,20,4.0,0.06666666666666667,PRONOSTIA
S3_units,Bearing2_1,16,16.0,0.03333333333333333,PRONOSTIA
S3_units,Bearing2_1,16,16.0,0.03333333333333333,PRONOSTIA
S3_units,Bearing2_1,16,16.0,0.03333333333333333,PRONOSTIA
S3_units,Bearing2_1,16,16.0,0.06666666666666667,PRONOSTIA
S3_units,Bearing2_1,16,16.0,0.016666666666666666,PRONOSTIA
S3_units,Bearing2_1,16,16.0,0.06666666666666667,PRONOSTIA
S3_units,Bearing2_1,16,16.0,0.0,PRONOSTIA
S3_units,Bearing2_1,16,16.0,0.06666666666666667,PRONOSTIA
S3_units,Bearing2_1,16,16.0,0.05,PRONOSTIA
S3_units,Bearing2_1,16,16.0,0.06666666666666667,PRONOSTIA
S3_units,Bearing2_1,16,16.0,0.05,PRONOSTIA
S3_units,Bearing2_1,16,16.0,0.05,PRONOSTIA
S3_units,Bearing2_1,16,16.0,0.06666666666666667,PRONOSTIA
S3_units,Bearing2_1,16,16.0,0.05,PRONOSTIA
S3_units,Bearing2_1,16,16.0,0.06666666666666667,PRONOSTIA
S3_units,Bearing2_1,16,16.0,0.016666666666666666,PRONOSTIA
S3_units,Bearing2_1,16,16.0,0.06666666666666667,PRONOSTIA
S3_units,Bearing2_1,16,16.0,0.05,PRONOSTIA
S3_units,Bearing2_1,16,16.0,0.06666666666666667,PRONOSTIA
S3_units,Bearing2_1,16,16.0,0.05,PRONOSTIA
S3_units,Bearing2_1,16,16.0,0.05,PRONOSTIA
S3_units,Bearing2_1,16,16.0,0.06666666666666667,PRONOSTIA
S3_units,Bearing2_1,16,16.0,0.03333333333333333,PRONOSTIA
S3_units,Bearing2_1,16,16.0,0.05,PRONOSTIA
S3_units,Bearing2_1,16,16.0,0.06666666666666667,PRONOSTIA
S3_units,Bearing2_1,16,16.0,0.06666666666666667,PRONOSTIA
S3_units,Bearing2_1,16,16.0,0.06666666666666667,PRONOSTIA
S3_units,Bearing2_1,16,16.0,0.08333333333333333,PRONOSTIA
S3_units,Bearing2_1,16,16.0,0.11666666666666667,PRONOSTIA
S3_units,Bearing2_1,16,16.0,0.05,PRONOSTIA
S3_units,Bearing2_1,16,16.0,0.016666666666666666,PRONOSTIA
S3_units,Bearing2_1,16,16.0,0.03333333333333333,PRONOSTIA
S3_units,Bearing2_1,16,16.0,0.016666666666666666,PRONOSTIA
S3_units,Bearing2_1,16,16.0,0.05,PRONOSTIA
S3_units,Bearing2_1,16,16.0,0.06666666666666667,PRONOSTIA
S3_units,Bearing2_1,16,16.0,0.03333333333333333,PRONOSTIA
S3_units,Bearing2_1,16,16.0,0.13333333333333333,PRONOSTIA
S3_units,Bearing2_1,16,16.0,0.08333333333333333,PRONOSTIA
S3_units,Bearing2_1,16,16.0,0.11666666666666667,PRONOSTIA
S3_units,Bearing2_1,16,16.0,0.05,PRONOSTIA
S3_units,Bearing2_1,16,16.0,0.08333333333333333,PRONOSTIA
S3_units,Bearing2_1,16,16.0,0.06666666666666667,PRONOSTIA
S3_units,Bearing2_1,16,16.0,0.06666666666666667,PRONOSTIA
S3_units,Bearing2_1,16,16.0,0.15,PRONOSTIA
S3_units,Bearing2_1,16,16.0,0.05,PRONOSTIA
S3_units,Bearing2_1,16,16.0,0.1,PRONOSTIA
S3_units,Bearing2_1,16,16.0,0.06666666666666667,PRONOSTIA
S3_units,Bearing2_1,16,16.0,0.016666666666666666,PRONOSTIA
S3_units,Bearing2_1,16,16.0,0.06666666666666667,PRONOSTIA
S3_units,Bearing2_1,16,16.0,0.016666666666666666,PRONOSTIA
S3_units,Bearing2_2,20,1.0,0.0,PRONOSTIA
S3_units,Bearing2_2,20,1.0,0.5166666666666667,PRONOSTIA
S3_units,Bearing2_2,20,1.0,0.0,PRONOSTIA
S3_units,Bearing2_2,20,1.0,0.0,PRONOSTIA
S3_units,Bearing2_2,20,1.0,0.0,PRONOSTIA
S3_units,Bearing2_2,20,1.0,0.35,PRONOSTIA
S3_units,Bearing2_2,20,1.0,0.016666666666666666,PRONOSTIA
S3_units,Bearing2_2,20,1.0,0.4666666666666667,PRONOSTIA
S3_units,Bearing2_2,20,1.0,0.0,PRONOSTIA
S3_units,Bearing2_2,20,1.0,0.2,PRONOSTIA
S3_units,Bearing2_2,20,1.0,0.016666666666666666,PRONOSTIA
S3_units,Bearing2_2,20,1.0,0.23333333333333334,PRONOSTIA
S3_units,Bearing2_2,20,1.0,0.0,PRONOSTIA
S3_units,Bearing2_2,20,1.0,0.0,PRONOSTIA
S3_units,Bearing2_2,20,1.0,0.25,PRONOSTIA
S3_units,Bearing2_2,20,1.0,0.7666666666666667,PRONOSTIA
S3_units,Bearing2_2,20,1.0,0.0,PRONOSTIA
S3_units,Bearing2_2,20,1.0,0.0,PRONOSTIA
S3_units,Bearing2_2,20,1.0,0.0,PRONOSTIA
S3_units,Bearing2_2,20,1.0,0.4666666666666667,PRONOSTIA
S3_units,Bearing2_2,20,1.0,0.6,PRONOSTIA
S3_units,Bearing2_2,20,1.0,0.0,PRONOSTIA
S3_units,Bearing2_2,20,1.0,0.0,PRONOSTIA
S3_units,Bearing2_2,20,1.0,0.0,PRONOSTIA
S3_units,Bearing2_2,20,1.0,0.016666666666666666,PRONOSTIA
S3_units,Bearing2_2,20,1.0,0.0,PRONOSTIA
S3_units,Bearing2_2,20,1.0,0.0,PRONOSTIA
S3_units,Bearing2_2,20,1.0,0.0,PRONOSTIA
S3_units,Bearing2_2,20,1.0,0.3,PRONOSTIA
S3_units,Bearing2_2,20,1.0,0.03333333333333333,PRONOSTIA
S3_units,Bearing2_2,20,1.0,0.0,PRONOSTIA
S3_units,Bearing2_2,20,1.0,0.06666666666666667,PRONOSTIA
S3_units,Bearing2_2,20,1.0,0.0,PRONOSTIA
S3_units,Bearing2_2,20,1.0,0.03333333333333333,PRONOSTIA
S3_units,Bearing2_2,20,1.0,0.03333333333333333,PRONOSTIA
S3_units,Bearing2_2,20,1.0,0.26666666666666666,PRONOSTIA
S3_units,Bearing2_2,20,1.0,0.26666666666666666,PRONOSTIA
S3_units,Bearing2_2,20,1.0,0.38333333333333336,PRONOSTIA
S3_units,Bearing2_2,20,1.0,0.016666666666666666,PRONOSTIA
S3_units,Bearing2_2,20,1.0,0.15,PRONOSTIA
S3_units,Bearing2_2,20,1.0,0.016666666666666666,PRONOSTIA
S3_units,Bearing2_2,20,1.0,0.0,PRONOSTIA
S3_units,Bearing2_2,20,1.0,0.05,PRONOSTIA
S3_units,Bearing2_2,20,1.0,0.36666666666666664,PRONOSTIA
S3_units,Bearing2_2,20,1.0,0.5,PRONOSTIA
S3_units,Bearing2_2,20,1.0,0.03333333333333333,PRONOSTIA
S3_units,Bearing2_2,20,1.0,0.0,PRONOSTIA
S3_units,Bearing2_2,20,1.0,0.3,PRONOSTIA
S3_units,Bearing2_2,20,1.0,0.0,PRONOSTIA
S3_units,Bearing2_2,20,1.0,0.0,PRONOSTIA
S3_units,Bearing2_2,20,4.0,0.0,PRONOSTIA
S3_units,Bearing2_2,20,4.0,0.0,PRONOSTIA
S3_units,Bearing2_2,20,4.0,0.0,PRONOSTIA
S3_units,Bearing2_2,20,4.0,0.0,PRONOSTIA
S3_units,Bearing2_2,20,4.0,0.0,PRONOSTIA
S3_units,Bearing2_2,20,4.0,0.0,PRONOSTIA
S3_units,Bearing2_2,20,4.0,0.0,PRONOSTIA
S3_units,Bearing2_2,20,4.0,0.0,PRONOSTIA
S3_units,Bearing2_2,20,4.0,0.0,PRONOSTIA
S3_units,Bearing2_2,20,4.0,0.0,PRONOSTIA
S3_units,Bearing2_2,20,4.0,0.0,PRONOSTIA
S3_units,Bearing2_2,20,4.0,0.0,PRONOSTIA
S3_units,Bearing2_2,20,4.0,0.0,PRONOSTIA
S3_units,Bearing2_2,20,4.0,0.0,PRONOSTIA
S3_units,Bearing2_2,20,4.0,0.0,PRONOSTIA
S3_units,Bearing2_2,20,4.0,0.0,PRONOSTIA
S3_units,Bearing2_2,20,4.0,0.0,PRONOSTIA
S3_units,Bearing2_2,20,4.0,0.0,PRONOSTIA
S3_units,Bearing2_2,20,4.0,0.0,PRONOSTIA
S3_units,Bearing2_2,20,4.0,0.0,PRONOSTIA
S3_units,Bearing2_2,20,4.0,0.0,PRONOSTIA
S3_units,Bearing2_2,20,4.0,0.0,PRONOSTIA
S3_units,Bearing2_2,20,4.0,0.0,PRONOSTIA
S3_units,Bearing2_2,20,4.0,0.0,PRONOSTIA
S3_units,Bearing2_2,20,4.0,0.0,PRONOSTIA
S3_units,Bearing2_2,20,4.0,0.0,PRONOSTIA
S3_units,Bearing2_2,20,4.0,0.0,PRONOSTIA
S3_units,Bearing2_2,20,4.0,0.0,PRONOSTIA
S3_units,Bearing2_2,20,4.0,0.0,PRONOSTIA
S3_units,Bearing2_2,20,4.0,0.0,PRONOSTIA
S3_units,Bearing2_2,20,4.0,0.0,PRONOSTIA
S3_units,Bearing2_2,20,4.0,0.0,PRONOSTIA
S3_units,Bearing2_2,20,4.0,0.0,PRONOSTIA
S3_units,Bearing2_2,20,4.0,0.0,PRONOSTIA
S3_units,Bearing2_2,20,4.0,0.0,PRONOSTIA
S3_units,Bearing2_2,20,4.0,0.0,PRONOSTIA
S3_units,Bearing2_2,20,4.0,0.0,PRONOSTIA
S3_units,Bearing2_2,20,4.0,0.0,PRONOSTIA
S3_units,Bearing2_2,20,4.0,0.03333333333333333,PRONOSTIA
S3_units,Bearing2_2,20,4.0,0.0,PRONOSTIA
S3_units,Bearing2_2,20,4.0,0.0,PRONOSTIA
S3_units,Bearing2_2,20,4.0,0.0,PRONOSTIA
S3_units,Bearing2_2,20,4.0,0.0,PRONOSTIA
S3_units,Bearing2_2,20,4.0,0.0,PRONOSTIA
S3_units,Bearing2_2,20,4.0,0.0,PRONOSTIA
S3_units,Bearing2_2,20,4.0,0.06666666666666667,PRONOSTIA
S3_units,Bearing2_2,20,4.0,0.0,PRONOSTIA
S3_units,Bearing2_2,20,4.0,0.0,PRONOSTIA
S3_units,Bearing2_2,20,4.0,0.0,PRONOSTIA
S3_units,Bearing2_2,20,4.0,0.0,PRONOSTIA
S3_units,Bearing2_2,16,16.0,0.0,PRONOSTIA
S3_units,Bearing2_2,16,16.0,0.0,PRONOSTIA
S3_units,Bearing2_2,16,16.0,0.0,PRONOSTIA
S3_units,Bearing2_2,16,16.0,0.0,PRONOSTIA
S3_units,Bearing2_2,16,16.0,0.0,PRONOSTIA
S3_units,Bearing2_2,16,16.0,0.0,PRONOSTIA
S3_units,Bearing2_2,16,16.0,0.0,PRONOSTIA
S3_units,Bearing2_2,16,16.0,0.0,PRONOSTIA
S3_units,Bearing2_2,16,16.0,0.0,PRONOSTIA
S3_units,Bearing2_2,16,16.0,0.0,PRONOSTIA
S3_units,Bearing2_2,16,16.0,0.0,PRONOSTIA
S3_units,Bearing2_2,16,16.0,0.0,PRONOSTIA
S3_units,Bearing2_2,16,16.0,0.0,PRONOSTIA
S3_units,Bearing2_2,16,16.0,0.0,PRONOSTIA
S3_units,Bearing2_2,16,16.0,0.0,PRONOSTIA
S3_units,Bearing2_2,16,16.0,0.0,PRONOSTIA
S3_units,Bearing2_2,16,16.0,0.0,PRONOSTIA
S3_units,Bearing2_2,16,16.0,0.0,PRONOSTIA
S3_units,Bearing2_2,16,16.0,0.0,PRONOSTIA
S3_units,Bearing2_2,16,16.0,0.0,PRONOSTIA
S3_units,Bearing2_2,16,16.0,0.0,PRONOSTIA
S3_units,Bearing2_2,16,16.0,0.0,PRONOSTIA
S3_units,Bearing2_2,16,16.0,0.0,PRONOSTIA
S3_units,Bearing2_2,16,16.0,0.0,PRONOSTIA
S3_units,Bearing2_2,16,16.0,0.0,PRONOSTIA
S3_units,Bearing2_2,16,16.0,0.0,PRONOSTIA
S3_units,Bearing2_2,16,16.0,0.0,PRONOSTIA
S3_units,Bearing2_2,16,16.0,0.016666666666666666,PRONOSTIA
S3_units,Bearing2_2,16,16.0,0.0,PRONOSTIA
S3_units,Bearing2_2,16,16.0,0.0,PRONOSTIA
S3_units,Bearing2_2,16,16.0,0.0,PRONOSTIA
S3_units,Bearing2_2,16,16.0,0.0,PRONOSTIA
S3_units,Bearing2_2,16,16.0,0.0,PRONOSTIA
S3_units,Bearing2_2,16,16.0,0.0,PRONOSTIA
S3_units,Bearing2_2,16,16.0,0.0,PRONOSTIA
S3_units,Bearing2_2,16,16.0,0.03333333333333333,PRONOSTIA
S3_units,Bearing2_2,16,16.0,0.0,PRONOSTIA
S3_units,Bearing2_2,16,16.0,0.0,PRONOSTIA
S3_units,Bearing2_2,16,16.0,0.0,PRONOSTIA
S3_units,Bearing2_2,16,16.0,0.0,PRONOSTIA
S3_units,Bearing2_2,16,16.0,0.0,PRONOSTIA
S3_units,Bearing2_2,16,16.0,0.0,PRONOSTIA
S3_units,Bearing2_2,16,16.0,0.0,PRONOSTIA
S3_units,Bearing2_2,16,16.0,0.0,PRONOSTIA
S3_units,Bearing2_2,16,16.0,0.0,PRONOSTIA
S3_units,Bearing2_2,16,16.0,0.0,PRONOSTIA
S3_units,Bearing2_2,16,16.0,0.0,PRONOSTIA
S3_units,Bearing2_2,16,16.0,0.0,PRONOSTIA
S3_units,Bearing2_2,16,16.0,0.0,PRONOSTIA
S3_units,Bearing2_2,16,16.0,0.0,PRONOSTIA
S3_units,Bearing2_3,20,1.0,0.0,PRONOSTIA
S3_units,Bearing2_3,20,1.0,0.4,PRONOSTIA
S3_units,Bearing2_3,20,1.0,0.21666666666666667,PRONOSTIA
S3_units,Bearing2_3,20,1.0,0.43333333333333335,PRONOSTIA
S3_units,Bearing2_3,20,1.0,0.15,PRONOSTIA
S3_units,Bearing2_3,20,1.0,0.6833333333333333,PRONOSTIA
S3_units,Bearing2_3,20,1.0,0.06666666666666667,PRONOSTIA
S3_units,Bearing2_3,20,1.0,0.4166666666666667,PRONOSTIA
S3_units,Bearing2_3,20,1.0,0.0,PRONOSTIA
S3_units,Bearing2_3,20,1.0,0.21666666666666667,PRONOSTIA
S3_units,Bearing2_3,20,1.0,0.7166666666666667,PRONOSTIA
S3_units,Bearing2_3,20,1.0,0.0,PRONOSTIA
S3_units,Bearing2_3,20,1.0,0.03333333333333333,PRONOSTIA
S3_units,Bearing2_3,20,1.0,0.4666666666666667,PRONOSTIA
S3_units,Bearing2_3,20,1.0,0.0,PRONOSTIA
S3_units,Bearing2_3,20,1.0,0.4166666666666667,PRONOSTIA
S3_units,Bearing2_3,20,1.0,0.5166666666666667,PRONOSTIA
S3_units,Bearing2_3,20,1.0,0.35,PRONOSTIA
S3_units,Bearing2_3,20,1.0,0.05,PRONOSTIA
S3_units,Bearing2_3,20,1.0,0.5333333333333333,PRONOSTIA
S3_units,Bearing2_3,20,1.0,0.4666666666666667,PRONOSTIA
S3_units,Bearing2_3,20,1.0,0.43333333333333335,PRONOSTIA
S3_units,Bearing2_3,20,1.0,0.3,PRONOSTIA
S3_units,Bearing2_3,20,1.0,0.0,PRONOSTIA
S3_units,Bearing2_3,20,1.0,0.65,PRONOSTIA
S3_units,Bearing2_3,20,1.0,0.8,PRONOSTIA
S3_units,Bearing2_3,20,1.0,0.6666666666666666,PRONOSTIA
S3_units,Bearing2_3,20,1.0,0.0,PRONOSTIA
S3_units,Bearing2_3,20,1.0,0.7833333333333333,PRONOSTIA
S3_units,Bearing2_3,20,1.0,0.016666666666666666,PRONOSTIA
S3_units,Bearing2_3,20,1.0,0.55,PRONOSTIA
S3_units,Bearing2_3,20,1.0,0.0,PRONOSTIA
S3_units,Bearing2_3,20,1.0,0.2833333333333333,PRONOSTIA
S3_units,Bearing2_3,20,1.0,0.18333333333333332,PRONOSTIA
S3_units,Bearing2_3,20,1.0,0.7666666666666667,PRONOSTIA
S3_units,Bearing2_3,20,1.0,0.8666666666666667,PRONOSTIA
S3_units,Bearing2_3,20,1.0,0.8833333333333333,PRONOSTIA
S3_units,Bearing2_3,20,1.0,0.2,PRONOSTIA
S3_units,Bearing2_3,20,1.0,0.38333333333333336,PRONOSTIA
S3_units,Bearing2_3,20,1.0,1.0,PRONOSTIA
S3_units,Bearing2_3,20,1.0,0.7666666666666667,PRONOSTIA
S3_units,Bearing2_3,20,1.0,0.31666666666666665,PRONOSTIA
S3_units,Bearing2_3,20,1.0,0.6333333333333333,PRONOSTIA
S3_units,Bearing2_3,20,1.0,0.43333333333333335,PRONOSTIA
S3_units,Bearing2_3,20,1.0,0.03333333333333333,PRONOSTIA
S3_units,Bearing2_3,20,1.0,0.16666666666666666,PRONOSTIA
S3_units,Bearing2_3,20,1.0,0.3333333333333333,PRONOSTIA
S3_units,Bearing2_3,20,1.0,0.03333333333333333,PRONOSTIA
S3_units,Bearing2_3,20,1.0,0.4,PRONOSTIA
S3_units,Bearing2_3,20,1.0,0.5,PRONOSTIA
S3_units,Bearing2_3,20,4.0,0.0,PRONOSTIA
S3_units,Bearing2_3,20,4.0,0.1,PRONOSTIA
S3_units,Bearing2_3,20,4.0,0.16666666666666666,PRONOSTIA
S3_units,Bearing2_3,20,4.0,0.18333333333333332,PRONOSTIA
S3_units,Bearing2_3,20,4.0,0.05,PRONOSTIA
S3_units,Bearing2_3,20,4.0,0.06666666666666667,PRONOSTIA
S3_units,Bearing2_3,20,4.0,0.5,PRONOSTIA
S3_units,Bearing2_3,20,4.0,0.2833333333333333,PRONOSTIA
S3_units,Bearing2_3,20,4.0,0.21666666666666667,PRONOSTIA
S3_units,Bearing2_3,20,4.0,0.31666666666666665,PRONOSTIA
S3_units,Bearing2_3,20,4.0,0.13333333333333333,PRONOSTIA
S3_units,Bearing2_3,20,4.0,0.5666666666666667,PRONOSTIA
S3_units,Bearing2_3,20,4.0,0.38333333333333336,PRONOSTIA
S3_units,Bearing2_3,20,4.0,0.25,PRONOSTIA
S3_units,Bearing2_3,20,4.0,0.35,PRONOSTIA
S3_units,Bearing2_3,20,4.0,0.08333333333333333,PRONOSTIA
S3_units,Bearing2_3,20,4.0,0.03333333333333333,PRONOSTIA
S3_units,Bearing2_3,20,4.0,0.13333333333333333,PRONOSTIA
S3_units,Bearing2_3,20,4.0,0.18333333333333332,PRONOSTIA
S3_units,Bearing2_3,20,4.0,0.23333333333333334,PRONOSTIA
S3_units,Bearing2_3,20,4.0,0.05,PRONOSTIA
S3_units,Bearing2_3,20,4.0,0.4666666666666667,PRONOSTIA
S3_units,Bearing2_3,20,4.0,0.5833333333333334,PRONOSTIA
S3_units,Bearing2_3,20,4.0,0.11666666666666667,PRONOSTIA
S3_units,Bearing2_3,20,4.0,0.3333333333333333,PRONOSTIA
S3_units,Bearing2_3,20,4.0,0.6333333333333333,PRONOSTIA
S3_units,Bearing2_3,20,4.0,0.18333333333333332,PRONOSTIA
S3_units,Bearing2_3,20,4.0,0.55,PRONOSTIA
S3_units,Bearing2_3,20,4.0,0.03333333333333333,PRONOSTIA
S3_units,Bearing2_3,20,4.0,0.3,PRONOSTIA
S3_units,Bearing2_3,20,4.0,0.03333333333333333,PRONOSTIA
S3_units,Bearing2_3,20,4.0,0.6166666666666667,PRONOSTIA
S3_units,Bearing2_3,20,4.0,0.23333333333333334,PRONOSTIA
S3_units,Bearing2_3,20,4.0,0.18333333333333332,PRONOSTIA
S3_units,Bearing2_3,20,4.0,0.0,PRONOSTIA
S3_units,Bearing2_3,20,4.0,0.4,PRONOSTIA
S3_units,Bearing2_3,20,4.0,0.15,PRONOSTIA
S3_units,Bearing2_3,20,4.0,0.06666666666666667,PRONOSTIA
S3_units,Bearing2_3,20,4.0,0.31666666666666665,PRONOSTIA
S3_units,Bearing2_3,20,4.0,0.45,PRONOSTIA
S3_units,Bearing2_3,20,4.0,0.6166666666666667,PRONOSTIA
S3_units,Bearing2_3,20,4.0,0.45,PRONOSTIA
S3_units,Bearing2_3,20,4.0,0.0,PRONOSTIA
S3_units,Bearing2_3,20,4.0,0.21666666666666667,PRONOSTIA
S3_units,Bearing2_3,20,4.0,0.05,PRONOSTIA
S3_units,Bearing2_3,20,4.0,0.0,PRONOSTIA
S3_units,Bearing2_3,20,4.0,0.3333333333333333,PRONOSTIA
S3_units,Bearing2_3,20,4.0,0.05,PRONOSTIA
S3_units,Bearing2_3,20,4.0,0.21666666666666667,PRONOSTIA
S3_units,Bearing2_3,20,4.0,0.15,PRONOSTIA
S3_units,Bearing2_3,16,16.0,0.03333333333333333,PRONOSTIA
S3_units,Bearing2_3,16,16.0,0.11666666666666667,PRONOSTIA
S3_units,Bearing2_3,16,16.0,0.1,PRONOSTIA
S3_units,Bearing2_3,16,16.0,0.03333333333333333,PRONOSTIA
S3_units,Bearing2_3,16,16.0,0.5166666666666667,PRONOSTIA
S3_units,Bearing2_3,16,16.0,0.2833333333333333,PRONOSTIA
S3_units,Bearing2_3,16,16.0,0.4666666666666667,PRONOSTIA
S3_units,Bearing2_3,16,16.0,0.03333333333333333,PRONOSTIA
S3_units,Bearing2_3,16,16.0,0.5166666666666667,PRONOSTIA
S3_units,Bearing2_3,16,16.0,0.0,PRONOSTIA
S3_units,Bearing2_3,16,16.0,0.05,PRONOSTIA
S3_units,Bearing2_3,16,16.0,0.21666666666666667,PRONOSTIA
S3_units,Bearing2_3,16,16.0,0.31666666666666665,PRONOSTIA
S3_units,Bearing2_3,16,16.0,0.2,PRONOSTIA
S3_units,Bearing2_3,16,16.0,0.38333333333333336,PRONOSTIA
S3_units,Bearing2_3,16,16.0,0.16666666666666666,PRONOSTIA
S3_units,Bearing2_3,16,16.0,0.26666666666666666,PRONOSTIA
S3_units,Bearing2_3,16,16.0,0.0,PRONOSTIA
S3_units,Bearing2_3,16,16.0,0.03333333333333333,PRONOSTIA
S3_units,Bearing2_3,16,16.0,0.2,PRONOSTIA
S3_units,Bearing2_3,16,16.0,0.31666666666666665,PRONOSTIA
S3_units,Bearing2_3,16,16.0,0.21666666666666667,PRONOSTIA
S3_units,Bearing2_3,16,16.0,0.13333333333333333,PRONOSTIA
S3_units,Bearing2_3,16,16.0,0.03333333333333333,PRONOSTIA
S3_units,Bearing2_3,16,16.0,0.16666666666666666,PRONOSTIA
S3_units,Bearing2_3,16,16.0,0.43333333333333335,PRONOSTIA
S3_units,Bearing2_3,16,16.0,0.4,PRONOSTIA
S3_units,Bearing2_3,16,16.0,0.23333333333333334,PRONOSTIA
S3_units,Bearing2_3,16,16.0,0.1,PRONOSTIA
S3_units,Bearing2_3,16,16.0,0.05,PRONOSTIA
S3_units,Bearing2_3,16,16.0,0.0,PRONOSTIA
S3_units,Bearing2_3,16,16.0,0.5,PRONOSTIA
S3_units,Bearing2_3,16,16.0,0.1,PRONOSTIA
S3_units,Bearing2_3,16,16.0,0.0,PRONOSTIA
S3_units,Bearing2_3,16,16.0,0.5833333333333334,PRONOSTIA
S3_units,Bearing2_3,16,16.0,0.2833333333333333,PRONOSTIA
S3_units,Bearing2_3,16,16.0,0.36666666666666664,PRONOSTIA
S3_units,Bearing2_3,16,16.0,0.11666666666666667,PRONOSTIA
S3_units,Bearing2_3,16,16.0,0.5333333333333333,PRONOSTIA
S3_units,Bearing2_3,16,16.0,0.16666666666666666,PRONOSTIA
S3_units,Bearing2_3,16,16.0,0.35,PRONOSTIA
S3_units,Bearing2_3,16,16.0,0.03333333333333333,PRONOSTIA
S3_units,Bearing2_3,16,16.0,0.016666666666666666,PRONOSTIA
S3_units,Bearing2_3,16,16.0,0.11666666666666667,PRONOSTIA
S3_units,Bearing2_3,16,16.0,0.25,PRONOSTIA
S3_units,Bearing2_3,16,16.0,0.15,PRONOSTIA
S3_units,Bearing2_3,16,16.0,0.13333333333333333,PRONOSTIA
S3_units,Bearing2_3,16,16.0,0.4,PRONOSTIA
S3_units,Bearing2_3,16,16.0,0.45,PRONOSTIA
S3_units,Bearing2_3,16,16.0,0.23333333333333334,PRONOSTIA
S3_units,Bearing2_4,20,1.0,0.05,PRONOSTIA
S3_units,Bearing2_4,20,1.0,0.36666666666666664,PRONOSTIA
S3_units,Bearing2_4,20,1.0,0.06666666666666667,PRONOSTIA
S3_units,Bearing2_4,20,1.0,0.016666666666666666,PRONOSTIA
S3_units,Bearing2_4,20,1.0,0.0,PRONOSTIA
S3_units,Bearing2_4,20,1.0,0.0,PRONOSTIA
S3_units,Bearing2_4,20,1.0,0.1,PRONOSTIA
S3_units,Bearing2_4,20,1.0,0.0,PRONOSTIA
S3_units,Bearing2_4,20,1.0,0.0,PRONOSTIA
S3_units,Bearing2_4,20,1.0,0.016666666666666666,PRONOSTIA
S3_units,Bearing2_4,20,1.0,0.0,PRONOSTIA
S3_units,Bearing2_4,20,1.0,0.6166666666666667,PRONOSTIA
S3_units,Bearing2_4,20,1.0,0.0,PRONOSTIA
S3_units,Bearing2_4,20,1.0,0.0,PRONOSTIA
S3_units,Bearing2_4,20,1.0,0.0,PRONOSTIA
S3_units,Bearing2_4,20,1.0,0.43333333333333335,PRONOSTIA
S3_units,Bearing2_4,20,1.0,0.5666666666666667,PRONOSTIA
S3_units,Bearing2_4,20,1.0,0.0,PRONOSTIA
S3_units,Bearing2_4,20,1.0,0.35,PRONOSTIA
S3_units,Bearing2_4,20,1.0,0.6333333333333333,PRONOSTIA
S3_units,Bearing2_4,20,1.0,0.13333333333333333,PRONOSTIA
S3_units,Bearing2_4,20,1.0,0.03333333333333333,PRONOSTIA
S3_units,Bearing2_4,20,1.0,0.06666666666666667,PRONOSTIA
S3_units,Bearing2_4,20,1.0,0.0,PRONOSTIA
S3_units,Bearing2_4,20,1.0,0.0,PRONOSTIA
S3_units,Bearing2_4,20,1.0,0.0,PRONOSTIA
S3_units,Bearing2_4,20,1.0,0.7666666666666667,PRONOSTIA
S3_units,Bearing2_4,20,1.0,0.36666666666666664,PRONOSTIA
S3_units,Bearing2_4,20,1.0,0.06666666666666667,PRONOSTIA
S3_units,Bearing2_4,20,1.0,0.23333333333333334,PRONOSTIA
S3_units,Bearing2_4,20,1.0,0.0,PRONOSTIA
S3_units,Bearing2_4,20,1.0,0.0,PRONOSTIA
S3_units,Bearing2_4,20,1.0,0.016666666666666666,PRONOSTIA
S3_units,Bearing2_4,20,1.0,0.0,PRONOSTIA
S3_units,Bearing2_4,20,1.0,0.25,PRONOSTIA
S3_units,Bearing2_4,20,1.0,0.15,PRONOSTIA
S3_units,Bearing2_4,20,1.0,0.06666666666666667,PRONOSTIA
S3_units,Bearing2_4,20,1.0,0.23333333333333334,PRONOSTIA
S3_units,Bearing2_4,20,1.0,0.45,PRONOSTIA
S3_units,Bearing2_4,20,1.0,0.05,PRONOSTIA
S3_units,Bearing2_4,20,1.0,0.13333333333333333,PRONOSTIA
S3_units,Bearing2_4,20,1.0,0.08333333333333333,PRONOSTIA
S3_units,Bearing2_4,20,1.0,0.0,PRONOSTIA
S3_units,Bearing2_4,20,1.0,0.0,PRONOSTIA
S3_units,Bearing2_4,20,1.0,0.0,PRONOSTIA
S3_units,Bearing2_4,20,1.0,0.0,PRONOSTIA
S3_units,Bearing2_4,20,1.0,0.0,PRONOSTIA
S3_units,Bearing2_4,20,1.0,0.8833333333333333,PRONOSTIA
S3_units,Bearing2_4,20,1.0,0.016666666666666666,PRONOSTIA
S3_units,Bearing2_4,20,1.0,0.0,PRONOSTIA
S3_units,Bearing2_4,20,4.0,0.05,PRONOSTIA
S3_units,Bearing2_4,20,4.0,0.0,PRONOSTIA
S3_units,Bearing2_4,20,4.0,0.0,PRONOSTIA
S3_units,Bearing2_4,20,4.0,0.0,PRONOSTIA
S3_units,Bearing2_4,20,4.0,0.016666666666666666,PRONOSTIA
S3_units,Bearing2_4,20,4.0,0.0,PRONOSTIA
S3_units,Bearing2_4,20,4.0,0.016666666666666666,PRONOSTIA
S3_units,Bearing2_4,20,4.0,0.0,PRONOSTIA
S3_units,Bearing2_4,20,4.0,0.0,PRONOSTIA
S3_units,Bearing2_4,20,4.0,0.0,PRONOSTIA
S3_units,Bearing2_4,20,4.0,0.0,PRONOSTIA
S3_units,Bearing2_4,20,4.0,0.0,PRONOSTIA
S3_units,Bearing2_4,20,4.0,0.0,PRONOSTIA
S3_units,Bearing2_4,20,4.0,0.0,PRONOSTIA
S3_units,Bearing2_4,20,4.0,0.0,PRONOSTIA
S3_units,Bearing2_4,20,4.0,0.0,PRONOSTIA
S3_units,Bearing2_4,20,4.0,0.0,PRONOSTIA
S3_units,Bearing2_4,20,4.0,0.0,PRONOSTIA
S3_units,Bearing2_4,20,4.0,0.0,PRONOSTIA
S3_units,Bearing2_4,20,4.0,0.0,PRONOSTIA
S3_units,Bearing2_4,20,4.0,0.0,PRONOSTIA
S3_units,Bearing2_4,20,4.0,0.0,PRONOSTIA
S3_units,Bearing2_4,20,4.0,0.0,PRONOSTIA
S3_units,Bearing2_4,20,4.0,0.0,PRONOSTIA
S3_units,Bearing2_4,20,4.0,0.0,PRONOSTIA
S3_units,Bearing2_4,20,4.0,0.0,PRONOSTIA
S3_units,Bearing2_4,20,4.0,0.03333333333333333,PRONOSTIA
S3_units,Bearing2_4,20,4.0,0.0,PRONOSTIA
S3_units,Bearing2_4,20,4.0,0.016666666666666666,PRONOSTIA
S3_units,Bearing2_4,20,4.0,0.0,PRONOSTIA
S3_units,Bearing2_4,20,4.0,0.0,PRONOSTIA
S3_units,Bearing2_4,20,4.0,0.0,PRONOSTIA
S3_units,Bearing2_4,20,4.0,0.0,PRONOSTIA
S3_units,Bearing2_4,20,4.0,0.0,PRONOSTIA
S3_units,Bearing2_4,20,4.0,0.0,PRONOSTIA
S3_units,Bearing2_4,20,4.0,0.0,PRONOSTIA
S3_units,Bearing2_4,20,4.0,0.0,PRONOSTIA
S3_units,Bearing2_4,20,4.0,0.0,PRONOSTIA
S3_units,Bearing2_4,20,4.0,0.0,PRONOSTIA
S3_units,Bearing2_4,20,4.0,0.0,PRONOSTIA
S3_units,Bearing2_4,20,4.0,0.0,PRONOSTIA
S3_units,Bearing2_4,20,4.0,0.0,PRONOSTIA
S3_units,Bearing2_4,20,4.0,0.016666666666666666,PRONOSTIA
S3_units,Bearing2_4,20,4.0,0.0,PRONOSTIA
S3_units,Bearing2_4,20,4.0,0.0,PRONOSTIA
S3_units,Bearing2_4,20,4.0,0.0,PRONOSTIA
S3_units,Bearing2_4,20,4.0,0.0,PRONOSTIA
S3_units,Bearing2_4,20,4.0,0.0,PRONOSTIA
S3_units,Bearing2_4,20,4.0,0.0,PRONOSTIA
S3_units,Bearing2_4,20,4.0,0.0,PRONOSTIA
S3_units,Bearing2_4,16,16.0,0.0,PRONOSTIA
S3_units,Bearing2_4,16,16.0,0.0,PRONOSTIA
S3_units,Bearing2_4,16,16.0,0.0,PRONOSTIA
S3_units,Bearing2_4,16,16.0,0.0,PRONOSTIA
S3_units,Bearing2_4,16,16.0,0.0,PRONOSTIA
S3_units,Bearing2_4,16,16.0,0.0,PRONOSTIA
S3_units,Bearing2_4,16,16.0,0.0,PRONOSTIA
S3_units,Bearing2_4,16,16.0,0.0,PRONOSTIA
S3_units,Bearing2_4,16,16.0,0.0,PRONOSTIA
S3_units,Bearing2_4,16,16.0,0.0,PRONOSTIA
S3_units,Bearing2_4,16,16.0,0.0,PRONOSTIA
S3_units,Bearing2_4,16,16.0,0.0,PRONOSTIA
S3_units,Bearing2_4,16,16.0,0.0,PRONOSTIA
S3_units,Bearing2_4,16,16.0,0.0,PRONOSTIA
S3_units,Bearing2_4,16,16.0,0.0,PRONOSTIA
S3_units,Bearing2_4,16,16.0,0.0,PRONOSTIA
S3_units,Bearing2_4,16,16.0,0.0,PRONOSTIA
S3_units,Bearing2_4,16,16.0,0.0,PRONOSTIA
S3_units,Bearing2_4,16,16.0,0.0,PRONOSTIA
S3_units,Bearing2_4,16,16.0,0.0,PRONOSTIA
S3_units,Bearing2_4,16,16.0,0.0,PRONOSTIA
S3_units,Bearing2_4,16,16.0,0.016666666666666666,PRONOSTIA
S3_units,Bearing2_4,16,16.0,0.0,PRONOSTIA
S3_units,Bearing2_4,16,16.0,0.0,PRONOSTIA
S3_units,Bearing2_4,16,16.0,0.0,PRONOSTIA
S3_units,Bearing2_4,16,16.0,0.0,PRONOSTIA
S3_units,Bearing2_4,16,16.0,0.0,PRONOSTIA
S3_units,Bearing2_4,16,16.0,0.0,PRONOSTIA
S3_units,Bearing2_4,16,16.0,0.0,PRONOSTIA
S3_units,Bearing2_4,16,16.0,0.0,PRONOSTIA
S3_units,Bearing2_4,16,16.0,0.0,PRONOSTIA
S3_units,Bearing2_4,16,16.0,0.0,PRONOSTIA
S3_units,Bearing2_4,16,16.0,0.0,PRONOSTIA
S3_units,Bearing2_4,16,16.0,0.0,PRONOSTIA
S3_units,Bearing2_4,16,16.0,0.0,PRONOSTIA
S3_units,Bearing2_4,16,16.0,0.0,PRONOSTIA
S3_units,Bearing2_4,16,16.0,0.0,PRONOSTIA
S3_units,Bearing2_4,16,16.0,0.0,PRONOSTIA
S3_units,Bearing2_4,16,16.0,0.0,PRONOSTIA
S3_units,Bearing2_4,16,16.0,0.0,PRONOSTIA
S3_units,Bearing2_4,16,16.0,0.0,PRONOSTIA
S3_units,Bearing2_4,16,16.0,0.0,PRONOSTIA
S3_units,Bearing2_4,16,16.0,0.0,PRONOSTIA
S3_units,Bearing2_4,16,16.0,0.0,PRONOSTIA
S3_units,Bearing2_4,16,16.0,0.0,PRONOSTIA
S3_units,Bearing2_4,16,16.0,0.0,PRONOSTIA
S3_units,Bearing2_4,16,16.0,0.0,PRONOSTIA
S3_units,Bearing2_4,16,16.0,0.0,PRONOSTIA
S3_units,Bearing2_4,16,16.0,0.0,PRONOSTIA
S3_units,Bearing2_4,16,16.0,0.0,PRONOSTIA
S3_units,Bearing2_5,20,1.0,0.3333333333333333,PRONOSTIA
S3_units,Bearing2_5,20,1.0,0.48333333333333334,PRONOSTIA
S3_units,Bearing2_5,20,1.0,0.0,PRONOSTIA
S3_units,Bearing2_5,20,1.0,0.0,PRONOSTIA
S3_units,Bearing2_5,20,1.0,0.05,PRONOSTIA
S3_units,Bearing2_5,20,1.0,0.38333333333333336,PRONOSTIA
S3_units,Bearing2_5,20,1.0,0.25,PRONOSTIA
S3_units,Bearing2_5,20,1.0,0.2833333333333333,PRONOSTIA
S3_units,Bearing2_5,20,1.0,0.0,PRONOSTIA
S3_units,Bearing2_5,20,1.0,0.7333333333333333,PRONOSTIA
S3_units,Bearing2_5,20,1.0,0.25,PRONOSTIA
S3_units,Bearing2_5,20,1.0,0.4166666666666667,PRONOSTIA
S3_units,Bearing2_5,20,1.0,0.36666666666666664,PRONOSTIA
S3_units,Bearing2_5,20,1.0,0.03333333333333333,PRONOSTIA
S3_units,Bearing2_5,20,1.0,0.03333333333333333,PRONOSTIA
S3_units,Bearing2_5,20,1.0,0.016666666666666666,PRONOSTIA
S3_units,Bearing2_5,20,1.0,0.3333333333333333,PRONOSTIA
S3_units,Bearing2_5,20,1.0,0.0,PRONOSTIA
S3_units,Bearing2_5,20,1.0,0.8,PRONOSTIA
S3_units,Bearing2_5,20,1.0,0.36666666666666664,PRONOSTIA
S3_units,Bearing2_5,20,1.0,0.08333333333333333,PRONOSTIA
S3_units,Bearing2_5,20,1.0,0.03333333333333333,PRONOSTIA
S3_units,Bearing2_5,20,1.0,0.03333333333333333,PRONOSTIA
S3_units,Bearing2_5,20,1.0,0.016666666666666666,PRONOSTIA
S3_units,Bearing2_5,20,1.0,0.0,PRONOSTIA
S3_units,Bearing2_5,20,1.0,0.4666666666666667,PRONOSTIA
S3_units,Bearing2_5,20,1.0,0.5666666666666667,PRONOSTIA
S3_units,Bearing2_5,20,1.0,0.4,PRONOSTIA
S3_units,Bearing2_5,20,1.0,0.0,PRONOSTIA
S3_units,Bearing2_5,20,1.0,0.31666666666666665,PRONOSTIA
S3_units,Bearing2_5,20,1.0,0.0,PRONOSTIA
S3_units,Bearing2_5,20,1.0,0.4166666666666667,PRONOSTIA
S3_units,Bearing2_5,20,1.0,0.31666666666666665,PRONOSTIA
S3_units,Bearing2_5,20,1.0,0.0,PRONOSTIA
S3_units,Bearing2_5,20,1.0,0.65,PRONOSTIA
S3_units,Bearing2_5,20,1.0,0.05,PRONOSTIA
S3_units,Bearing2_5,20,1.0,0.0,PRONOSTIA
S3_units,Bearing2_5,20,1.0,0.5333333333333333,PRONOSTIA
S3_units,Bearing2_5,20,1.0,0.31666666666666665,PRONOSTIA
S3_units,Bearing2_5,20,1.0,0.03333333333333333,PRONOSTIA
S3_units,Bearing2_5,20,1.0,0.3,PRONOSTIA
S3_units,Bearing2_5,20,1.0,0.0,PRONOSTIA
S3_units,Bearing2_5,20,1.0,0.05,PRONOSTIA
S3_units,Bearing2_5,20,1.0,0.5333333333333333,PRONOSTIA
S3_units,Bearing2_5,20,1.0,0.016666666666666666,PRONOSTIA
S3_units,Bearing2_5,20,1.0,0.0,PRONOSTIA
S3_units,Bearing2_5,20,1.0,0.0,PRONOSTIA
S3_units,Bearing2_5,20,1.0,0.0,PRONOSTIA
S3_units,Bearing2_5,20,1.0,0.2833333333333333,PRONOSTIA
S3_units,Bearing2_5,20,1.0,0.016666666666666666,PRONOSTIA
S3_units,Bearing2_5,20,4.0,0.05,PRONOSTIA
S3_units,Bearing2_5,20,4.0,0.3333333333333333,PRONOSTIA
S3_units,Bearing2_5,20,4.0,0.0,PRONOSTIA
S3_units,Bearing2_5,20,4.0,0.05,PRONOSTIA
S3_units,Bearing2_5,20,4.0,0.0,PRONOSTIA
S3_units,Bearing2_5,20,4.0,0.0,PRONOSTIA
S3_units,Bearing2_5,20,4.0,0.7333333333333333,PRONOSTIA
S3_units,Bearing2_5,20,4.0,0.016666666666666666,PRONOSTIA
S3_units,Bearing2_5,20,4.0,0.21666666666666667,PRONOSTIA
S3_units,Bearing2_5,20,4.0,0.31666666666666665,PRONOSTIA
S3_units,Bearing2_5,20,4.0,0.45,PRONOSTIA
S3_units,Bearing2_5,20,4.0,0.0,PRONOSTIA
S3_units,Bearing2_5,20,4.0,0.4166666666666667,PRONOSTIA
S3_units,Bearing2_5,20,4.0,0.016666666666666666,PRONOSTIA
S3_units,Bearing2_5,20,4.0,0.55,PRONOSTIA
S3_units,Bearing2_5,20,4.0,0.016666666666666666,PRONOSTIA
S3_units,Bearing2_5,20,4.0,0.05,PRONOSTIA
S3_units,Bearing2_5,20,4.0,0.0,PRONOSTIA
S3_units,Bearing2_5,20,4.0,0.03333333333333333,PRONOSTIA
S3_units,Bearing2_5,20,4.0,0.3333333333333333,PRONOSTIA
S3_units,Bearing2_5,20,4.0,0.016666666666666666,PRONOSTIA
S3_units,Bearing2_5,20,4.0,0.0,PRONOSTIA
S3_units,Bearing2_5,20,4.0,0.0,PRONOSTIA
S3_units,Bearing2_5,20,4.0,0.016666666666666666,PRONOSTIA
S3_units,Bearing2_5,20,4.0,0.016666666666666666,PRONOSTIA
S3_units,Bearing2_5,20,4.0,0.36666666666666664,PRONOSTIA
S3_units,Bearing2_5,20,4.0,0.0,PRONOSTIA
S3_units,Bearing2_5,20,4.0,0.31666666666666665,PRONOSTIA
S3_units,Bearing2_5,20,4.0,0.05,PRONOSTIA
S3_units,Bearing2_5,20,4.0,0.35,PRONOSTIA
S3_units,Bearing2_5,20,4.0,0.3333333333333333,PRONOSTIA
S3_units,Bearing2_5,20,4.0,0.16666666666666666,PRONOSTIA
S3_units,Bearing2_5,20,4.0,0.2833333333333333,PRONOSTIA
S3_units,Bearing2_5,20,4.0,0.05,PRONOSTIA
S3_units,Bearing2_5,20,4.0,0.0,PRONOSTIA
S3_units,Bearing2_5,20,4.0,0.016666666666666666,PRONOSTIA
S3_units,Bearing2_5,20,4.0,0.016666666666666666,PRONOSTIA
S3_units,Bearing2_5,20,4.0,0.05,PRONOSTIA
S3_units,Bearing2_5,20,4.0,0.4166666666666667,PRONOSTIA
S3_units,Bearing2_5,20,4.0,0.0,PRONOSTIA
S3_units,Bearing2_5,20,4.0,0.0,PRONOSTIA
S3_units,Bearing2_5,20,4.0,0.0,PRONOSTIA
S3_units,Bearing2_5,20,4.0,0.8166666666666667,PRONOSTIA
S3_units,Bearing2_5,20,4.0,0.0,PRONOSTIA
S3_units,Bearing2_5,20,4.0,0.05,PRONOSTIA
S3_units,Bearing2_5,20,4.0,0.0,PRONOSTIA
S3_units,Bearing2_5,20,4.0,0.0,PRONOSTIA
S3_units,Bearing2_5,20,4.0,0.05,PRONOSTIA
S3_units,Bearing2_5,20,4.0,0.05,PRONOSTIA
S3_units,Bearing2_5,20,4.0,0.0,PRONOSTIA
S3_units,Bearing2_5,16,16.0,0.5333333333333333,PRONOSTIA
S3_units,Bearing2_5,16,16.0,0.3333333333333333,PRONOSTIA
S3_units,Bearing2_5,16,16.0,0.35,PRONOSTIA
S3_units,Bearing2_5,16,16.0,0.016666666666666666,PRONOSTIA
S3_units,Bearing2_5,16,16.0,0.45,PRONOSTIA
S3_units,Bearing2_5,16,16.0,0.5,PRONOSTIA
S3_units,Bearing2_5,16,16.0,0.05,PRONOSTIA
S3_units,Bearing2_5,16,16.0,0.2,PRONOSTIA
S3_units,Bearing2_5,16,16.0,0.0,PRONOSTIA
S3_units,Bearing2_5,16,16.0,0.05,PRONOSTIA
S3_units,Bearing2_5,16,16.0,0.0,PRONOSTIA
S3_units,Bearing2_5,16,16.0,0.0,PRONOSTIA
S3_units,Bearing2_5,16,16.0,0.0,PRONOSTIA
S3_units,Bearing2_5,16,16.0,0.0,PRONOSTIA
S3_units,Bearing2_5,16,16.0,0.03333333333333333,PRONOSTIA
S3_units,Bearing2_5,16,16.0,0.43333333333333335,PRONOSTIA
S3_units,Bearing2_5,16,16.0,0.03333333333333333,PRONOSTIA
S3_units,Bearing2_5,16,16.0,0.0,PRONOSTIA
S3_units,Bearing2_5,16,16.0,0.0,PRONOSTIA
S3_units,Bearing2_5,16,16.0,0.03333333333333333,PRONOSTIA
S3_units,Bearing2_5,16,16.0,0.31666666666666665,PRONOSTIA
S3_units,Bearing2_5,16,16.0,0.0,PRONOSTIA
S3_units,Bearing2_5,16,16.0,0.05,PRONOSTIA
S3_units,Bearing2_5,16,16.0,0.03333333333333333,PRONOSTIA
S3_units,Bearing2_5,16,16.0,0.05,PRONOSTIA
S3_units,Bearing2_5,16,16.0,0.0,PRONOSTIA
S3_units,Bearing2_5,16,16.0,0.0,PRONOSTIA
S3_units,Bearing2_5,16,16.0,0.0,PRONOSTIA
S3_units,Bearing2_5,16,16.0,0.0,PRONOSTIA
S3_units,Bearing2_5,16,16.0,0.0,PRONOSTIA
S3_units,Bearing2_5,16,16.0,0.0,PRONOSTIA
S3_units,Bearing2_5,16,16.0,0.0,PRONOSTIA
S3_units,Bearing2_5,16,16.0,0.0,PRONOSTIA
S3_units,Bearing2_5,16,16.0,0.3333333333333333,PRONOSTIA
S3_units,Bearing2_5,16,16.0,0.05,PRONOSTIA
S3_units,Bearing2_5,16,16.0,0.03333333333333333,PRONOSTIA
S3_units,Bearing2_5,16,16.0,0.0,PRONOSTIA
S3_units,Bearing2_5,16,16.0,0.23333333333333334,PRONOSTIA
S3_units,Bearing2_5,16,16.0,0.03333333333333333,PRONOSTIA
S3_units,Bearing2_5,16,16.0,0.0,PRONOSTIA
S3_units,Bearing2_5,16,16.0,0.55,PRONOSTIA
S3_units,Bearing2_5,16,16.0,0.0,PRONOSTIA
S3_units,Bearing2_5,16,16.0,0.36666666666666664,PRONOSTIA
S3_units,Bearing2_5,16,16.0,0.0,PRONOSTIA
S3_units,Bearing2_5,16,16.0,0.0,PRONOSTIA
S3_units,Bearing2_5,16,16.0,0.03333333333333333,PRONOSTIA
S3_units,Bearing2_5,16,16.0,0.6666666666666666,PRONOSTIA
S3_units,Bearing2_5,16,16.0,0.0,PRONOSTIA
S3_units,Bearing2_5,16,16.0,0.0,PRONOSTIA
S3_units,Bearing2_5,16,16.0,0.03333333333333333,PRONOSTIA
S3_units,Bearing2_6,20,1.0,0.08333333333333333,PRONOSTIA
S3_units,Bearing2_6,20,1.0,0.5166666666666667,PRONOSTIA
S3_units,Bearing2_6,20,1.0,0.0,PRONOSTIA
S3_units,Bearing2_6,20,1.0,0.0,PRONOSTIA
S3_units,Bearing2_6,20,1.0,0.0,PRONOSTIA
S3_units,Bearing2_6,20,1.0,0.23333333333333334,PRONOSTIA
S3_units,Bearing2_6,20,1.0,0.0,PRONOSTIA
S3_units,Bearing2_6,20,1.0,0.0,PRONOSTIA
S3_units,Bearing2_6,20,1.0,0.0,PRONOSTIA
S3_units,Bearing2_6,20,1.0,0.0,PRONOSTIA
S3_units,Bearing2_6,20,1.0,0.016666666666666666,PRONOSTIA
S3_units,Bearing2_6,20,1.0,0.9166666666666666,PRONOSTIA
S3_units,Bearing2_6,20,1.0,0.0,PRONOSTIA
S3_units,Bearing2_6,20,1.0,0.15,PRONOSTIA
S3_units,Bearing2_6,20,1.0,0.08333333333333333,PRONOSTIA
S3_units,Bearing2_6,20,1.0,0.0,PRONOSTIA
S3_units,Bearing2_6,20,1.0,0.0,PRONOSTIA
S3_units,Bearing2_6,20,1.0,0.0,PRONOSTIA
S3_units,Bearing2_6,20,1.0,0.0,PRONOSTIA
S3_units,Bearing2_6,20,1.0,0.0,PRONOSTIA
S3_units,Bearing2_6,20,1.0,0.06666666666666667,PRONOSTIA
S3_units,Bearing2_6,20,1.0,0.0,PRONOSTIA
S3_units,Bearing2_6,20,1.0,0.0,PRONOSTIA
S3_units,Bearing2_6,20,1.0,0.0,PRONOSTIA
S3_units,Bearing2_6,20,1.0,0.0,PRONOSTIA
S3_units,Bearing2_6,20,1.0,0.35,PRONOSTIA
S3_units,Bearing2_6,20,1.0,0.0,PRONOSTIA
S3_units,Bearing2_6,20,1.0,0.0,PRONOSTIA
S3_units,Bearing2_6,20,1.0,0.0,PRONOSTIA
S3_units,Bearing2_6,20,1.0,0.03333333333333333,PRONOSTIA
S3_units,Bearing2_6,20,1.0,0.016666666666666666,PRONOSTIA
S3_units,Bearing2_6,20,1.0,0.0,PRONOSTIA
S3_units,Bearing2_6,20,1.0,0.0,PRONOSTIA
S3_units,Bearing2_6,20,1.0,0.4666666666666667,PRONOSTIA
S3_units,Bearing2_6,20,1.0,0.43333333333333335,PRONOSTIA
S3_units,Bearing2_6,20,1.0,0.43333333333333335,PRONOSTIA
S3_units,Bearing2_6,20,1.0,0.0,PRONOSTIA
S3_units,Bearing2_6,20,1.0,0.55,PRONOSTIA
S3_units,Bearing2_6,20,1.0,0.7666666666666667,PRONOSTIA
S3_units,Bearing2_6,20,1.0,0.06666666666666667,PRONOSTIA
S3_units,Bearing2_6,20,1.0,0.08333333333333333,PRONOSTIA
S3_units,Bearing2_6,20,1.0,0.0,PRONOSTIA
S3_units,Bearing2_6,20,1.0,0.0,PRONOSTIA
S3_units,Bearing2_6,20,1.0,0.65,PRONOSTIA
S3_units,Bearing2_6,20,1.0,0.0,PRONOSTIA
S3_units,Bearing2_6,20,1.0,0.5,PRONOSTIA
S3_units,Bearing2_6,20,1.0,0.0,PRONOSTIA
S3_units,Bearing2_6,20,1.0,0.0,PRONOSTIA
S3_units,Bearing2_6,20,1.0,0.0,PRONOSTIA
S3_units,Bearing2_6,20,1.0,0.0,PRONOSTIA
S3_units,Bearing2_6,20,4.0,0.0,PRONOSTIA
S3_units,Bearing2_6,20,4.0,0.0,PRONOSTIA
S3_units,Bearing2_6,20,4.0,0.0,PRONOSTIA
S3_units,Bearing2_6,20,4.0,0.03333333333333333,PRONOSTIA
S3_units,Bearing2_6,20,4.0,0.0,PRONOSTIA
S3_units,Bearing2_6,20,4.0,0.0,PRONOSTIA
S3_units,Bearing2_6,20,4.0,0.0,PRONOSTIA
S3_units,Bearing2_6,20,4.0,0.0,PRONOSTIA
S3_units,Bearing2_6,20,4.0,0.0,PRONOSTIA
S3_units,Bearing2_6,20,4.0,0.08333333333333333,PRONOSTIA
S3_units,Bearing2_6,20,4.0,0.0,PRONOSTIA
S3_units,Bearing2_6,20,4.0,0.0,PRONOSTIA
S3_units,Bearing2_6,20,4.0,0.016666666666666666,PRONOSTIA
S3_units,Bearing2_6,20,4.0,0.0,PRONOSTIA
S3_units,Bearing2_6,20,4.0,0.0,PRONOSTIA
S3_units,Bearing2_6,20,4.0,0.0,PRONOSTIA
S3_units,Bearing2_6,20,4.0,0.0,PRONOSTIA
S3_units,Bearing2_6,20,4.0,0.03333333333333333,PRONOSTIA
S3_units,Bearing2_6,20,4.0,0.0,PRONOSTIA
S3_units,Bearing2_6,20,4.0,0.016666666666666666,PRONOSTIA
S3_units,Bearing2_6,20,4.0,0.0,PRONOSTIA
S3_units,Bearing2_6,20,4.0,0.0,PRONOSTIA
S3_units,Bearing2_6,20,4.0,0.06666666666666667,PRONOSTIA
S3_units,Bearing2_6,20,4.0,0.0,PRONOSTIA
S3_units,Bearing2_6,20,4.0,0.0,PRONOSTIA
S3_units,Bearing2_6,20,4.0,0.0,PRONOSTIA
S3_units,Bearing2_6,20,4.0,0.0,PRONOSTIA
S3_units,Bearing2_6,20,4.0,0.0,PRONOSTIA
S3_units,Bearing2_6,20,4.0,0.0,PRONOSTIA
S3_units,Bearing2_6,20,4.0,0.0,PRONOSTIA
S3_units,Bearing2_6,20,4.0,0.0,PRONOSTIA
S3_units,Bearing2_6,20,4.0,0.15,PRONOSTIA
S3_units,Bearing2_6,20,4.0,0.06666666666666667,PRONOSTIA
S3_units,Bearing2_6,20,4.0,0.0,PRONOSTIA
S3_units,Bearing2_6,20,4.0,0.0,PRONOSTIA
S3_units,Bearing2_6,20,4.0,0.0,PRONOSTIA
S3_units,Bearing2_6,20,4.0,0.0,PRONOSTIA
S3_units,Bearing2_6,20,4.0,0.0,PRONOSTIA
S3_units,Bearing2_6,20,4.0,0.0,PRONOSTIA
S3_units,Bearing2_6,20,4.0,0.0,PRONOSTIA
S3_units,Bearing2_6,20,4.0,0.0,PRONOSTIA
S3_units,Bearing2_6,20,4.0,0.0,PRONOSTIA
S3_units,Bearing2_6,20,4.0,0.0,PRONOSTIA
S3_units,Bearing2_6,20,4.0,0.0,PRONOSTIA
S3_units,Bearing2_6,20,4.0,0.0,PRONOSTIA
S3_units,Bearing2_6,20,4.0,0.0,PRONOSTIA
S3_units,Bearing2_6,20,4.0,0.0,PRONOSTIA
S3_units,Bearing2_6,20,4.0,0.18333333333333332,PRONOSTIA
S3_units,Bearing2_6,20,4.0,0.0,PRONOSTIA
S3_units,Bearing2_6,20,4.0,0.03333333333333333,PRONOSTIA
S3_units,Bearing2_6,16,16.0,0.0,PRONOSTIA
S3_units,Bearing2_6,16,16.0,0.0,PRONOSTIA
S3_units,Bearing2_6,16,16.0,0.03333333333333333,PRONOSTIA
S3_units,Bearing2_6,16,16.0,0.0,PRONOSTIA
S3_units,Bearing2_6,16,16.0,0.0,PRONOSTIA
S3_units,Bearing2_6,16,16.0,0.0,PRONOSTIA
S3_units,Bearing2_6,16,16.0,0.0,PRONOSTIA
S3_units,Bearing2_6,16,16.0,0.0,PRONOSTIA
S3_units,Bearing2_6,16,16.0,0.0,PRONOSTIA
S3_units,Bearing2_6,16,16.0,0.016666666666666666,PRONOSTIA
S3_units,Bearing2_6,16,16.0,0.0,PRONOSTIA
S3_units,Bearing2_6,16,16.0,0.0,PRONOSTIA
S3_units,Bearing2_6,16,16.0,0.0,PRONOSTIA
S3_units,Bearing2_6,16,16.0,0.0,PRONOSTIA
S3_units,Bearing2_6,16,16.0,0.0,PRONOSTIA
S3_units,Bearing2_6,16,16.0,0.0,PRONOSTIA
S3_units,Bearing2_6,16,16.0,0.0,PRONOSTIA
S3_units,Bearing2_6,16,16.0,0.016666666666666666,PRONOSTIA
S3_units,Bearing2_6,16,16.0,0.0,PRONOSTIA
S3_units,Bearing2_6,16,16.0,0.0,PRONOSTIA
S3_units,Bearing2_6,16,16.0,0.0,PRONOSTIA
S3_units,Bearing2_6,16,16.0,0.0,PRONOSTIA
S3_units,Bearing2_6,16,16.0,0.0,PRONOSTIA
S3_units,Bearing2_6,16,16.0,0.0,PRONOSTIA
S3_units,Bearing2_6,16,16.0,0.0,PRONOSTIA
S3_units,Bearing2_6,16,16.0,0.0,PRONOSTIA
S3_units,Bearing2_6,16,16.0,0.0,PRONOSTIA
S3_units,Bearing2_6,16,16.0,0.0,PRONOSTIA
S3_units,Bearing2_6,16,16.0,0.0,PRONOSTIA
S3_units,Bearing2_6,16,16.0,0.0,PRONOSTIA
S3_units,Bearing2_6,16,16.0,0.0,PRONOSTIA
S3_units,Bearing2_6,16,16.0,0.0,PRONOSTIA
S3_units,Bearing2_6,16,16.0,0.0,PRONOSTIA
S3_units,Bearing2_6,16,16.0,0.0,PRONOSTIA
S3_units,Bearing2_6,16,16.0,0.0,PRONOSTIA
S3_units,Bearing2_6,16,16.0,0.0,PRONOSTIA
S3_units,Bearing2_6,16,16.0,0.0,PRONOSTIA
S3_units,Bearing2_6,16,16.0,0.05,PRONOSTIA
S3_units,Bearing2_6,16,16.0,0.0,PRONOSTIA
S3_units,Bearing2_6,16,16.0,0.0,PRONOSTIA
S3_units,Bearing2_6,16,16.0,0.0,PRONOSTIA
S3_units,Bearing2_6,16,16.0,0.0,PRONOSTIA
S3_units,Bearing2_6,16,16.0,0.0,PRONOSTIA
S3_units,Bearing2_6,16,16.0,0.0,PRONOSTIA
S3_units,Bearing2_6,16,16.0,0.0,PRONOSTIA
S3_units,Bearing2_6,16,16.0,0.0,PRONOSTIA
S3_units,Bearing2_6,16,16.0,0.0,PRONOSTIA
S3_units,Bearing2_6,16,16.0,0.0,PRONOSTIA
S3_units,Bearing2_6,16,16.0,0.0,PRONOSTIA
S3_units,Bearing2_6,16,16.0,0.0,PRONOSTIA
S3_units,Bearing2_7,20,1.0,0.21739130434782608,PRONOSTIA
S3_units,Bearing2_7,20,1.0,0.391304347826087,PRONOSTIA
S3_units,Bearing2_7,20,1.0,0.0,PRONOSTIA
S3_units,Bearing2_7,20,1.0,0.0,PRONOSTIA
S3_units,Bearing2_7,20,1.0,0.0,PRONOSTIA
S3_units,Bearing2_7,20,1.0,0.391304347826087,PRONOSTIA
S3_units,Bearing2_7,20,1.0,0.0,PRONOSTIA
S3_units,Bearing2_7,20,1.0,0.17391304347826086,PRONOSTIA
S3_units,Bearing2_7,20,1.0,0.0,PRONOSTIA
S3_units,Bearing2_7,20,1.0,0.5652173913043478,PRONOSTIA
S3_units,Bearing2_7,20,1.0,0.0,PRONOSTIA
S3_units,Bearing2_7,20,1.0,0.043478260869565216,PRONOSTIA
S3_units,Bearing2_7,20,1.0,0.17391304347826086,PRONOSTIA
S3_units,Bearing2_7,20,1.0,0.34782608695652173,PRONOSTIA
S3_units,Bearing2_7,20,1.0,0.0,PRONOSTIA
S3_units,Bearing2_7,20,1.0,0.043478260869565216,PRONOSTIA
S3_units,Bearing2_7,20,1.0,0.21739130434782608,PRONOSTIA
S3_units,Bearing2_7,20,1.0,0.0,PRONOSTIA
S3_units,Bearing2_7,20,1.0,0.043478260869565216,PRONOSTIA
S3_units,Bearing2_7,20,1.0,0.5652173913043478,PRONOSTIA
S3_units,Bearing2_7,20,1.0,0.2608695652173913,PRONOSTIA
S3_units,Bearing2_7,20,1.0,0.0,PRONOSTIA
S3_units,Bearing2_7,20,1.0,0.0,PRONOSTIA
S3_units,Bearing2_7,20,1.0,0.0,PRONOSTIA
S3_units,Bearing2_7,20,1.0,0.043478260869565216,PRONOSTIA
S3_units,Bearing2_7,20,1.0,0.0,PRONOSTIA
S3_units,Bearing2_7,20,1.0,0.30434782608695654,PRONOSTIA
S3_units,Bearing2_7,20,1.0,0.043478260869565216,PRONOSTIA
S3_units,Bearing2_7,20,1.0,0.43478260869565216,PRONOSTIA
S3_units,Bearing2_7,20,1.0,0.0,PRONOSTIA
S3_units,Bearing2_7,20,1.0,0.043478260869565216,PRONOSTIA
S3_units,Bearing2_7,20,1.0,0.0,PRONOSTIA
S3_units,Bearing2_7,20,1.0,0.21739130434782608,PRONOSTIA
S3_units,Bearing2_7,20,1.0,0.34782608695652173,PRONOSTIA
S3_units,Bearing2_7,20,1.0,0.0,PRONOSTIA
S3_units,Bearing2_7,20,1.0,0.0,PRONOSTIA
S3_units,Bearing2_7,20,1.0,0.0,PRONOSTIA
S3_units,Bearing2_7,20,1.0,0.8695652173913043,PRONOSTIA
S3_units,Bearing2_7,20,1.0,0.0,PRONOSTIA
S3_units,Bearing2_7,20,1.0,0.043478260869565216,PRONOSTIA
S3_units,Bearing2_7,20,1.0,0.0,PRONOSTIA
S3_units,Bearing2_7,20,1.0,0.043478260869565216,PRONOSTIA
S3_units,Bearing2_7,20,1.0,0.0,PRONOSTIA
S3_units,Bearing2_7,20,1.0,0.34782608695652173,PRONOSTIA
S3_units,Bearing2_7,20,1.0,0.0,PRONOSTIA
S3_units,Bearing2_7,20,1.0,0.0,PRONOSTIA
S3_units,Bearing2_7,20,1.0,0.2608695652173913,PRONOSTIA
S3_units,Bearing2_7,20,1.0,0.08695652173913043,PRONOSTIA
S3_units,Bearing2_7,20,1.0,0.0,PRONOSTIA
S3_units,Bearing2_7,20,1.0,0.043478260869565216,PRONOSTIA
S3_units,Bearing2_7,20,4.0,0.0,PRONOSTIA
S3_units,Bearing2_7,20,4.0,0.0,PRONOSTIA
S3_units,Bearing2_7,20,4.0,0.17391304347826086,PRONOSTIA
S3_units,Bearing2_7,20,4.0,0.0,PRONOSTIA
S3_units,Bearing2_7,20,4.0,0.0,PRONOSTIA
S3_units,Bearing2_7,20,4.0,0.0,PRONOSTIA
S3_units,Bearing2_7,20,4.0,0.0,PRONOSTIA
S3_units,Bearing2_7,20,4.0,0.0,PRONOSTIA
S3_units,Bearing2_7,20,4.0,0.0,PRONOSTIA
S3_units,Bearing2_7,20,4.0,0.0,PRONOSTIA
S3_units,Bearing2_7,20,4.0,0.0,PRONOSTIA
S3_units,Bearing2_7,20,4.0,0.0,PRONOSTIA
S3_units,Bearing2_7,20,4.0,0.0,PRONOSTIA
S3_units,Bearing2_7,20,4.0,0.0,PRONOSTIA
S3_units,Bearing2_7,20,4.0,0.0,PRONOSTIA
S3_units,Bearing2_7,20,4.0,0.0,PRONOSTIA
S3_units,Bearing2_7,20,4.0,0.0,PRONOSTIA
S3_units,Bearing2_7,20,4.0,0.0,PRONOSTIA
S3_units,Bearing2_7,20,4.0,0.0,PRONOSTIA
S3_units,Bearing2_7,20,4.0,0.0,PRONOSTIA
S3_units,Bearing2_7,20,4.0,0.0,PRONOSTIA
S3_units,Bearing2_7,20,4.0,0.0,PRONOSTIA
S3_units,Bearing2_7,20,4.0,0.0,PRONOSTIA
S3_units,Bearing2_7,20,4.0,0.0,PRONOSTIA
S3_units,Bearing2_7,20,4.0,0.13043478260869565,PRONOSTIA
S3_units,Bearing2_7,20,4.0,0.0,PRONOSTIA
S3_units,Bearing2_7,20,4.0,0.0,PRONOSTIA
S3_units,Bearing2_7,20,4.0,0.0,PRONOSTIA
S3_units,Bearing2_7,20,4.0,0.0,PRONOSTIA
S3_units,Bearing2_7,20,4.0,0.0,PRONOSTIA
S3_units,Bearing2_7,20,4.0,0.0,PRONOSTIA
S3_units,Bearing2_7,20,4.0,0.0,PRONOSTIA
S3_units,Bearing2_7,20,4.0,0.0,PRONOSTIA
S3_units,Bearing2_7,20,4.0,0.0,PRONOSTIA
S3_units,Bearing2_7,20,4.0,0.0,PRONOSTIA
S3_units,Bearing2_7,20,4.0,0.0,PRONOSTIA
S3_units,Bearing2_7,20,4.0,0.0,PRONOSTIA
S3_units,Bearing2_7,20,4.0,0.0,PRONOSTIA
S3_units,Bearing2_7,20,4.0,0.0,PRONOSTIA
S3_units,Bearing2_7,20,4.0,0.13043478260869565,PRONOSTIA
S3_units,Bearing2_7,20,4.0,0.0,PRONOSTIA
S3_units,Bearing2_7,20,4.0,0.0,PRONOSTIA
S3_units,Bearing2_7,20,4.0,0.0,PRONOSTIA
S3_units,Bearing2_7,20,4.0,0.0,PRONOSTIA
S3_units,Bearing2_7,20,4.0,0.0,PRONOSTIA
S3_units,Bearing2_7,20,4.0,0.0,PRONOSTIA
S3_units,Bearing2_7,20,4.0,0.0,PRONOSTIA
S3_units,Bearing2_7,20,4.0,0.0,PRONOSTIA
S3_units,Bearing2_7,20,4.0,0.0,PRONOSTIA
S3_units,Bearing2_7,20,4.0,0.0,PRONOSTIA
S3_units,Bearing2_7,16,16.0,0.0,PRONOSTIA
S3_units,Bearing2_7,16,16.0,0.0,PRONOSTIA
S3_units,Bearing2_7,16,16.0,0.0,PRONOSTIA
S3_units,Bearing2_7,16,16.0,0.0,PRONOSTIA
S3_units,Bearing2_7,16,16.0,0.0,PRONOSTIA
S3_units,Bearing2_7,16,16.0,0.0,PRONOSTIA
S3_units,Bearing2_7,16,16.0,0.0,PRONOSTIA
S3_units,Bearing2_7,16,16.0,0.0,PRONOSTIA
S3_units,Bearing2_7,16,16.0,0.0,PRONOSTIA
S3_units,Bearing2_7,16,16.0,0.0,PRONOSTIA
S3_units,Bearing2_7,16,16.0,0.0,PRONOSTIA
S3_units,Bearing2_7,16,16.0,0.0,PRONOSTIA
S3_units,Bearing2_7,16,16.0,0.0,PRONOSTIA
S3_units,Bearing2_7,16,16.0,0.0,PRONOSTIA
S3_units,Bearing2_7,16,16.0,0.0,PRONOSTIA
S3_units,Bearing2_7,16,16.0,0.0,PRONOSTIA
S3_units,Bearing2_7,16,16.0,0.0,PRONOSTIA
S3_units,Bearing2_7,16,16.0,0.0,PRONOSTIA
S3_units,Bearing2_7,16,16.0,0.0,PRONOSTIA
S3_units,Bearing2_7,16,16.0,0.043478260869565216,PRONOSTIA
S3_units,Bearing2_7,16,16.0,0.0,PRONOSTIA
S3_units,Bearing2_7,16,16.0,0.0,PRONOSTIA
S3_units,Bearing2_7,16,16.0,0.0,PRONOSTIA
S3_units,Bearing2_7,16,16.0,0.0,PRONOSTIA
S3_units,Bearing2_7,16,16.0,0.0,PRONOSTIA
S3_units,Bearing2_7,16,16.0,0.0,PRONOSTIA
S3_units,Bearing2_7,16,16.0,0.0,PRONOSTIA
S3_units,Bearing2_7,16,16.0,0.0,PRONOSTIA
S3_units,Bearing2_7,16,16.0,0.0,PRONOSTIA
S3_units,Bearing2_7,16,16.0,0.08695652173913043,PRONOSTIA
S3_units,Bearing2_7,16,16.0,0.0,PRONOSTIA
S3_units,Bearing2_7,16,16.0,0.0,PRONOSTIA
S3_units,Bearing2_7,16,16.0,0.0,PRONOSTIA
S3_units,Bearing2_7,16,16.0,0.0,PRONOSTIA
S3_units,Bearing2_7,16,16.0,0.0,PRONOSTIA
S3_units,Bearing2_7,16,16.0,0.0,PRONOSTIA
S3_units,Bearing2_7,16,16.0,0.0,PRONOSTIA
S3_units,Bearing2_7,16,16.0,0.0,PRONOSTIA
S3_units,Bearing2_7,16,16.0,0.0,PRONOSTIA
S3_units,Bearing2_7,16,16.0,0.0,PRONOSTIA
S3_units,Bearing2_7,16,16.0,0.0,PRONOSTIA
S3_units,Bearing2_7,16,16.0,0.0,PRONOSTIA
S3_units,Bearing2_7,16,16.0,0.0,PRONOSTIA
S3_units,Bearing2_7,16,16.0,0.0,PRONOSTIA
S3_units,Bearing2_7,16,16.0,0.0,PRONOSTIA
S3_units,Bearing2_7,16,16.0,0.0,PRONOSTIA
S3_units,Bearing2_7,16,16.0,0.0,PRONOSTIA
S3_units,Bearing2_7,16,16.0,0.0,PRONOSTIA
S3_units,Bearing2_7,16,16.0,0.0,PRONOSTIA
S3_units,Bearing2_7,16,16.0,0.0,PRONOSTIA
S3_units,Bearing3_1,20,1.0,0.0196078431372549,PRONOSTIA
S3_units,Bearing3_1,20,1.0,0.45098039215686275,PRONOSTIA
S3_units,Bearing3_1,20,1.0,0.4117647058823529,PRONOSTIA
S3_units,Bearing3_1,20,1.0,0.5882352941176471,PRONOSTIA
S3_units,Bearing3_1,20,1.0,0.0,PRONOSTIA
S3_units,Bearing3_1,20,1.0,0.35294117647058826,PRONOSTIA
S3_units,Bearing3_1,20,1.0,1.0,PRONOSTIA
S3_units,Bearing3_1,20,1.0,0.19607843137254902,PRONOSTIA
S3_units,Bearing3_1,20,1.0,0.0,PRONOSTIA
S3_units,Bearing3_1,20,1.0,0.2549019607843137,PRONOSTIA
S3_units,Bearing3_1,20,1.0,0.0,PRONOSTIA
S3_units,Bearing3_1,20,1.0,0.7843137254901961,PRONOSTIA
S3_units,Bearing3_1,20,1.0,0.29411764705882354,PRONOSTIA
S3_units,Bearing3_1,20,1.0,0.5490196078431373,PRONOSTIA
S3_units,Bearing3_1,20,1.0,0.0,PRONOSTIA
S3_units,Bearing3_1,20,1.0,0.0,PRONOSTIA
S3_units,Bearing3_1,20,1.0,0.0,PRONOSTIA
S3_units,Bearing3_1,20,1.0,0.803921568627451,PRONOSTIA
S3_units,Bearing3_1,20,1.0,0.0,PRONOSTIA
S3_units,Bearing3_1,20,1.0,0.19607843137254902,PRONOSTIA
S3_units,Bearing3_1,20,1.0,0.47058823529411764,PRONOSTIA
S3_units,Bearing3_1,20,1.0,0.0,PRONOSTIA
S3_units,Bearing3_1,20,1.0,0.058823529411764705,PRONOSTIA
S3_units,Bearing3_1,20,1.0,0.6078431372549019,PRONOSTIA
S3_units,Bearing3_1,20,1.0,0.0,PRONOSTIA
S3_units,Bearing3_1,20,1.0,0.0,PRONOSTIA
S3_units,Bearing3_1,20,1.0,0.803921568627451,PRONOSTIA
S3_units,Bearing3_1,20,1.0,0.0,PRONOSTIA
S3_units,Bearing3_1,20,1.0,0.09803921568627451,PRONOSTIA
S3_units,Bearing3_1,20,1.0,0.0,PRONOSTIA
S3_units,Bearing3_1,20,1.0,0.0,PRONOSTIA
S3_units,Bearing3_1,20,1.0,0.0,PRONOSTIA
S3_units,Bearing3_1,20,1.0,0.23529411764705882,PRONOSTIA
S3_units,Bearing3_1,20,1.0,0.7254901960784313,PRONOSTIA
S3_units,Bearing3_1,20,1.0,0.0,PRONOSTIA
S3_units,Bearing3_1,20,1.0,0.0392156862745098,PRONOSTIA
S3_units,Bearing3_1,20,1.0,0.43137254901960786,PRONOSTIA
S3_units,Bearing3_1,20,1.0,0.11764705882352941,PRONOSTIA
S3_units,Bearing3_1,20,1.0,0.39215686274509803,PRONOSTIA
S3_units,Bearing3_1,20,1.0,0.45098039215686275,PRONOSTIA
S3_units,Bearing3_1,20,1.0,0.43137254901960786,PRONOSTIA
S3_units,Bearing3_1,20,1.0,0.29411764705882354,PRONOSTIA
S3_units,Bearing3_1,20,1.0,0.5098039215686274,PRONOSTIA
S3_units,Bearing3_1,20,1.0,0.0,PRONOSTIA
S3_units,Bearing3_1,20,1.0,0.4117647058823529,PRONOSTIA
S3_units,Bearing3_1,20,1.0,0.45098039215686275,PRONOSTIA
S3_units,Bearing3_1,20,1.0,0.0,PRONOSTIA
S3_units,Bearing3_1,20,1.0,0.11764705882352941,PRONOSTIA
S3_units,Bearing3_1,20,1.0,0.0392156862745098,PRONOSTIA
S3_units,Bearing3_1,20,1.0,0.0,PRONOSTIA
S3_units,Bearing3_1,20,4.0,0.1568627450980392,PRONOSTIA
S3_units,Bearing3_1,20,4.0,0.0392156862745098,PRONOSTIA
S3_units,Bearing3_1,20,4.0,0.0,PRONOSTIA
S3_units,Bearing3_1,20,4.0,0.0196078431372549,PRONOSTIA
S3_units,Bearing3_1,20,4.0,0.0,PRONOSTIA
S3_units,Bearing3_1,20,4.0,0.0196078431372549,PRONOSTIA
S3_units,Bearing3_1,20,4.0,0.5882352941176471,PRONOSTIA
S3_units,Bearing3_1,20,4.0,0.3137254901960784,PRONOSTIA
S3_units,Bearing3_1,20,4.0,0.21568627450980393,PRONOSTIA
S3_units,Bearing3_1,20,4.0,0.0,PRONOSTIA
S3_units,Bearing3_1,20,4.0,0.29411764705882354,PRONOSTIA
S3_units,Bearing3_1,20,4.0,0.5098039215686274,PRONOSTIA
S3_units,Bearing3_1,20,4.0,0.0,PRONOSTIA
S3_units,Bearing3_1,20,4.0,0.0196078431372549,PRONOSTIA
S3_units,Bearing3_1,20,4.0,0.058823529411764705,PRONOSTIA
S3_units,Bearing3_1,20,4.0,0.09803921568627451,PRONOSTIA
S3_units,Bearing3_1,20,4.0,0.0,PRONOSTIA
S3_units,Bearing3_1,20,4.0,0.0,PRONOSTIA
S3_units,Bearing3_1,20,4.0,0.0,PRONOSTIA
S3_units,Bearing3_1,20,4.0,0.0,PRONOSTIA
S3_units,Bearing3_1,20,4.0,0.0392156862745098,PRONOSTIA
S3_units,Bearing3_1,20,4.0,0.0,PRONOSTIA
S3_units,Bearing3_1,20,4.0,0.0,PRONOSTIA
S3_units,Bearing3_1,20,4.0,0.0392156862745098,PRONOSTIA
S3_units,Bearing3_1,20,4.0,0.058823529411764705,PRONOSTIA
S3_units,Bearing3_1,20,4.0,0.0,PRONOSTIA
S3_units,Bearing3_1,20,4.0,0.0,PRONOSTIA
S3_units,Bearing3_1,20,4.0,0.0,PRONOSTIA
S3_units,Bearing3_1,20,4.0,0.11764705882352941,PRONOSTIA
S3_units,Bearing3_1,20,4.0,0.0392156862745098,PRONOSTIA
S3_units,Bearing3_1,20,4.0,0.0,PRONOSTIA
S3_units,Bearing3_1,20,4.0,0.3333333333333333,PRONOSTIA
S3_units,Bearing3_1,20,4.0,0.0196078431372549,PRONOSTIA
S3_units,Bearing3_1,20,4.0,0.5098039215686274,PRONOSTIA
S3_units,Bearing3_1,20,4.0,0.0784313725490196,PRONOSTIA
S3_units,Bearing3_1,20,4.0,0.45098039215686275,PRONOSTIA
S3_units,Bearing3_1,20,4.0,0.058823529411764705,PRONOSTIA
S3_units,Bearing3_1,20,4.0,0.0,PRONOSTIA
S3_units,Bearing3_1,20,4.0,0.0196078431372549,PRONOSTIA
S3_units,Bearing3_1,20,4.0,0.0392156862745098,PRONOSTIA
S3_units,Bearing3_1,20,4.0,0.0784313725490196,PRONOSTIA
S3_units,Bearing3_1,20,4.0,0.11764705882352941,PRONOSTIA
S3_units,Bearing3_1,20,4.0,0.0,PRONOSTIA
S3_units,Bearing3_1,20,4.0,0.37254901960784315,PRONOSTIA
S3_units,Bearing3_1,20,4.0,0.0784313725490196,PRONOSTIA
S3_units,Bearing3_1,20,4.0,0.47058823529411764,PRONOSTIA
S3_units,Bearing3_1,20,4.0,0.0392156862745098,PRONOSTIA
S3_units,Bearing3_1,20,4.0,0.0,PRONOSTIA
S3_units,Bearing3_1,20,4.0,0.0,PRONOSTIA
S3_units,Bearing3_1,20,4.0,0.0392156862745098,PRONOSTIA
S3_units,Bearing3_1,16,16.0,0.0,PRONOSTIA
S3_units,Bearing3_1,16,16.0,0.0,PRONOSTIA
S3_units,Bearing3_1,16,16.0,0.35294117647058826,PRONOSTIA
S3_units,Bearing3_1,16,16.0,0.0196078431372549,PRONOSTIA
S3_units,Bearing3_1,16,16.0,0.0,PRONOSTIA
S3_units,Bearing3_1,16,16.0,0.058823529411764705,PRONOSTIA
S3_units,Bearing3_1,16,16.0,0.13725490196078433,PRONOSTIA
S3_units,Bearing3_1,16,16.0,0.0,PRONOSTIA
S3_units,Bearing3_1,16,16.0,0.11764705882352941,PRONOSTIA
S3_units,Bearing3_1,16,16.0,0.21568627450980393,PRONOSTIA
S3_units,Bearing3_1,16,16.0,0.17647058823529413,PRONOSTIA
S3_units,Bearing3_1,16,16.0,0.0196078431372549,PRONOSTIA
S3_units,Bearing3_1,16,16.0,0.0,PRONOSTIA
S3_units,Bearing3_1,16,16.0,0.0196078431372549,PRONOSTIA
S3_units,Bearing3_1,16,16.0,0.0196078431372549,PRONOSTIA
S3_units,Bearing3_1,16,16.0,0.0,PRONOSTIA
S3_units,Bearing3_1,16,16.0,0.11764705882352941,PRONOSTIA
S3_units,Bearing3_1,16,16.0,0.0,PRONOSTIA
S3_units,Bearing3_1,16,16.0,0.0784313725490196,PRONOSTIA
S3_units,Bearing3_1,16,16.0,0.0196078431372549,PRONOSTIA
S3_units,Bearing3_1,16,16.0,0.058823529411764705,PRONOSTIA
S3_units,Bearing3_1,16,16.0,0.0,PRONOSTIA
S3_units,Bearing3_1,16,16.0,0.0,PRONOSTIA
S3_units,Bearing3_1,16,16.0,0.0196078431372549,PRONOSTIA
S3_units,Bearing3_1,16,16.0,0.0196078431372549,PRONOSTIA
S3_units,Bearing3_1,16,16.0,0.0,PRONOSTIA
S3_units,Bearing3_1,16,16.0,0.0784313725490196,PRONOSTIA
S3_units,Bearing3_1,16,16.0,0.0196078431372549,PRONOSTIA
S3_units,Bearing3_1,16,16.0,0.0196078431372549,PRONOSTIA
S3_units,Bearing3_1,16,16.0,0.0,PRONOSTIA
S3_units,Bearing3_1,16,16.0,0.0,PRONOSTIA
S3_units,Bearing3_1,16,16.0,0.0,PRONOSTIA
S3_units,Bearing3_1,16,16.0,0.17647058823529413,PRONOSTIA
S3_units,Bearing3_1,16,16.0,0.11764705882352941,PRONOSTIA
S3_units,Bearing3_1,16,16.0,0.13725490196078433,PRONOSTIA
S3_units,Bearing3_1,16,16.0,0.0392156862745098,PRONOSTIA
S3_units,Bearing3_1,16,16.0,0.09803921568627451,PRONOSTIA
S3_units,Bearing3_1,16,16.0,0.11764705882352941,PRONOSTIA
S3_units,Bearing3_1,16,16.0,0.0,PRONOSTIA
S3_units,Bearing3_1,16,16.0,0.0196078431372549,PRONOSTIA
S3_units,Bearing3_1,16,16.0,0.0,PRONOSTIA
S3_units,Bearing3_1,16,16.0,0.0,PRONOSTIA
S3_units,Bearing3_1,16,16.0,0.0,PRONOSTIA
S3_units,Bearing3_1,16,16.0,0.0196078431372549,PRONOSTIA
S3_units,Bearing3_1,16,16.0,0.0,PRONOSTIA
S3_units,Bearing3_1,16,16.0,0.17647058823529413,PRONOSTIA
S3_units,Bearing3_1,16,16.0,0.0,PRONOSTIA
S3_units,Bearing3_1,16,16.0,0.0196078431372549,PRONOSTIA
S3_units,Bearing3_1,16,16.0,0.0,PRONOSTIA
S3_units,Bearing3_1,16,16.0,0.0,PRONOSTIA
S3_units,Bearing3_2,20,1.0,0.13333333333333333,PRONOSTIA
S3_units,Bearing3_2,20,1.0,0.26666666666666666,PRONOSTIA
S3_units,Bearing3_2,20,1.0,0.0,PRONOSTIA
S3_units,Bearing3_2,20,1.0,0.16666666666666666,PRONOSTIA
S3_units,Bearing3_2,20,1.0,0.06666666666666667,PRONOSTIA
S3_units,Bearing3_2,20,1.0,0.7333333333333333,PRONOSTIA
S3_units,Bearing3_2,20,1.0,0.23333333333333334,PRONOSTIA
S3_units,Bearing3_2,20,1.0,0.13333333333333333,PRONOSTIA
S3_units,Bearing3_2,20,1.0,0.0,PRONOSTIA
S3_units,Bearing3_2,20,1.0,0.13333333333333333,PRONOSTIA
S3_units,Bearing3_2,20,1.0,0.0,PRONOSTIA
S3_units,Bearing3_2,20,1.0,0.3,PRONOSTIA
S3_units,Bearing3_2,20,1.0,0.0,PRONOSTIA
S3_units,Bearing3_2,20,1.0,0.0,PRONOSTIA
S3_units,Bearing3_2,20,1.0,0.0,PRONOSTIA
S3_units,Bearing3_2,20,1.0,0.0,PRONOSTIA
S3_units,Bearing3_2,20,1.0,0.0,PRONOSTIA
S3_units,Bearing3_2,20,1.0,0.11666666666666667,PRONOSTIA
S3_units,Bearing3_2,20,1.0,0.48333333333333334,PRONOSTIA
S3_units,Bearing3_2,20,1.0,0.6166666666666667,PRONOSTIA
S3_units,Bearing3_2,20,1.0,0.0,PRONOSTIA
S3_units,Bearing3_2,20,1.0,0.0,PRONOSTIA
S3_units,Bearing3_2,20,1.0,0.2,PRONOSTIA
S3_units,Bearing3_2,20,1.0,0.0,PRONOSTIA
S3_units,Bearing3_2,20,1.0,0.08333333333333333,PRONOSTIA
S3_units,Bearing3_2,20,1.0,0.18333333333333332,PRONOSTIA
S3_units,Bearing3_2,20,1.0,0.23333333333333334,PRONOSTIA
S3_units,Bearing3_2,20,1.0,0.0,PRONOSTIA
S3_units,Bearing3_2,20,1.0,0.5333333333333333,PRONOSTIA
S3_units,Bearing3_2,20,1.0,0.38333333333333336,PRONOSTIA
S3_units,Bearing3_2,20,1.0,0.6833333333333333,PRONOSTIA
S3_units,Bearing3_2,20,1.0,0.0,PRONOSTIA
S3_units,Bearing3_2,20,1.0,0.016666666666666666,PRONOSTIA
S3_units,Bearing3_2,20,1.0,0.0,PRONOSTIA
S3_units,Bearing3_2,20,1.0,0.0,PRONOSTIA
S3_units,Bearing3_2,20,1.0,0.0,PRONOSTIA
S3_units,Bearing3_2,20,1.0,0.15,PRONOSTIA
S3_units,Bearing3_2,20,1.0,0.0,PRONOSTIA
S3_units,Bearing3_2,20,1.0,0.0,PRONOSTIA
S3_units,Bearing3_2,20,1.0,0.0,PRONOSTIA
S3_units,Bearing3_2,20,1.0,0.0,PRONOSTIA
S3_units,Bearing3_2,20,1.0,0.0,PRONOSTIA
S3_units,Bearing3_2,20,1.0,0.016666666666666666,PRONOSTIA
S3_units,Bearing3_2,20,1.0,0.0,PRONOSTIA
S3_units,Bearing3_2,20,1.0,0.13333333333333333,PRONOSTIA
S3_units,Bearing3_2,20,1.0,0.4,PRONOSTIA
S3_units,Bearing3_2,20,1.0,0.0,PRONOSTIA
S3_units,Bearing3_2,20,1.0,0.13333333333333333,PRONOSTIA
S3_units,Bearing3_2,20,1.0,0.0,PRONOSTIA
S3_units,Bearing3_2,20,1.0,0.16666666666666666,PRONOSTIA
S3_units,Bearing3_2,20,4.0,0.15,PRONOSTIA
S3_units,Bearing3_2,20,4.0,0.0,PRONOSTIA
S3_units,Bearing3_2,20,4.0,0.03333333333333333,PRONOSTIA
S3_units,Bearing3_2,20,4.0,0.0,PRONOSTIA
S3_units,Bearing3_2,20,4.0,0.016666666666666666,PRONOSTIA
S3_units,Bearing3_2,20,4.0,0.0,PRONOSTIA
S3_units,Bearing3_2,20,4.0,0.0,PRONOSTIA
S3_units,Bearing3_2,20,4.0,0.0,PRONOSTIA
S3_units,Bearing3_2,20,4.0,0.0,PRONOSTIA
S3_units,Bearing3_2,20,4.0,0.0,PRONOSTIA
S3_units,Bearing3_2,20,4.0,0.0,PRONOSTIA
S3_units,Bearing3_2,20,4.0,0.0,PRONOSTIA
S3_units,Bearing3_2,20,4.0,0.0,PRONOSTIA
S3_units,Bearing3_2,20,4.0,0.0,PRONOSTIA
S3_units,Bearing3_2,20,4.0,0.0,PRONOSTIA
S3_units,Bearing3_2,20,4.0,0.1,PRONOSTIA
S3_units,Bearing3_2,20,4.0,0.0,PRONOSTIA
S3_units,Bearing3_2,20,4.0,0.016666666666666666,PRONOSTIA
S3_units,Bearing3_2,20,4.0,0.15,PRONOSTIA
S3_units,Bearing3_2,20,4.0,0.0,PRONOSTIA
S3_units,Bearing3_2,20,4.0,0.06666666666666667,PRONOSTIA
S3_units,Bearing3_2,20,4.0,0.0,PRONOSTIA
S3_units,Bearing3_2,20,4.0,0.23333333333333334,PRONOSTIA
S3_units,Bearing3_2,20,4.0,0.0,PRONOSTIA
S3_units,Bearing3_2,20,4.0,0.0,PRONOSTIA
S3_units,Bearing3_2,20,4.0,0.05,PRONOSTIA
S3_units,Bearing3_2,20,4.0,0.0,PRONOSTIA
S3_units,Bearing3_2,20,4.0,0.03333333333333333,PRONOSTIA
S3_units,Bearing3_2,20,4.0,0.05,PRONOSTIA
S3_units,Bearing3_2,20,4.0,0.11666666666666667,PRONOSTIA
S3_units,Bearing3_2,20,4.0,0.05,PRONOSTIA
S3_units,Bearing3_2,20,4.0,0.06666666666666667,PRONOSTIA
S3_units,Bearing3_2,20,4.0,0.0,PRONOSTIA
S3_units,Bearing3_2,20,4.0,0.0,PRONOSTIA
S3_units,Bearing3_2,20,4.0,0.0,PRONOSTIA
S3_units,Bearing3_2,20,4.0,0.05,PRONOSTIA
S3_units,Bearing3_2,20,4.0,0.05,PRONOSTIA
S3_units,Bearing3_2,20,4.0,0.0,PRONOSTIA
S3_units,Bearing3_2,20,4.0,0.0,PRONOSTIA
S3_units,Bearing3_2,20,4.0,0.0,PRONOSTIA
S3_units,Bearing3_2,20,4.0,0.0,PRONOSTIA
S3_units,Bearing3_2,20,4.0,0.0,PRONOSTIA
S3_units,Bearing3_2,20,4.0,0.11666666666666667,PRONOSTIA
S3_units,Bearing3_2,20,4.0,0.0,PRONOSTIA
S3_units,Bearing3_2,20,4.0,0.0,PRONOSTIA
S3_units,Bearing3_2,20,4.0,0.0,PRONOSTIA
S3_units,Bearing3_2,20,4.0,0.0,PRONOSTIA
S3_units,Bearing3_2,20,4.0,0.03333333333333333,PRONOSTIA
S3_units,Bearing3_2,20,4.0,0.08333333333333333,PRONOSTIA
S3_units,Bearing3_2,20,4.0,0.0,PRONOSTIA
S3_units,Bearing3_2,16,16.0,0.0,PRONOSTIA
S3_units,Bearing3_2,16,16.0,0.0,PRONOSTIA
S3_units,Bearing3_2,16,16.0,0.0,PRONOSTIA
S3_units,Bearing3_2,16,16.0,0.0,PRONOSTIA
S3_units,Bearing3_2,16,16.0,0.03333333333333333,PRONOSTIA
S3_units,Bearing3_2,16,16.0,0.0,PRONOSTIA
S3_units,Bearing3_2,16,16.0,0.0,PRONOSTIA
S3_units,Bearing3_2,16,16.0,0.0,PRONOSTIA
S3_units,Bearing3_2,16,16.0,0.0,PRONOSTIA
S3_units,Bearing3_2,16,16.0,0.0,PRONOSTIA
S3_units,Bearing3_2,16,16.0,0.0,PRONOSTIA
S3_units,Bearing3_2,16,16.0,0.016666666666666666,PRONOSTIA
S3_units,Bearing3_2,16,16.0,0.0,PRONOSTIA
S3_units,Bearing3_2,16,16.0,0.0,PRONOSTIA
S3_units,Bearing3_2,16,16.0,0.016666666666666666,PRONOSTIA
S3_units,Bearing3_2,16,16.0,0.0,PRONOSTIA
S3_units,Bearing3_2,16,16.0,0.0,PRONOSTIA
S3_units,Bearing3_2,16,16.0,0.0,PRONOSTIA
S3_units,Bearing3_2,16,16.0,0.0,PRONOSTIA
S3_units,Bearing3_2,16,16.0,0.0,PRONOSTIA
S3_units,Bearing3_2,16,16.0,0.0,PRONOSTIA
S3_units,Bearing3_2,16,16.0,0.0,PRONOSTIA
S3_units,Bearing3_2,16,16.0,0.0,PRONOSTIA
S3_units,Bearing3_2,16,16.0,0.13333333333333333,PRONOSTIA
S3_units,Bearing3_2,16,16.0,0.0,PRONOSTIA
S3_units,Bearing3_2,16,16.0,0.0,PRONOSTIA
S3_units,Bearing3_2,16,16.0,0.0,PRONOSTIA
S3_units,Bearing3_2,16,16.0,0.0,PRONOSTIA
S3_units,Bearing3_2,16,16.0,0.0,PRONOSTIA
S3_units,Bearing3_2,16,16.0,0.0,PRONOSTIA
S3_units,Bearing3_2,16,16.0,0.0,PRONOSTIA
S3_units,Bearing3_2,16,16.0,0.016666666666666666,PRONOSTIA
S3_units,Bearing3_2,16,16.0,0.03333333333333333,PRONOSTIA
S3_units,Bearing3_2,16,16.0,0.0,PRONOSTIA
S3_units,Bearing3_2,16,16.0,0.0,PRONOSTIA
S3_units,Bearing3_2,16,16.0,0.0,PRONOSTIA
S3_units,Bearing3_2,16,16.0,0.0,PRONOSTIA
S3_units,Bearing3_2,16,16.0,0.03333333333333333,PRONOSTIA
S3_units,Bearing3_2,16,16.0,0.0,PRONOSTIA
S3_units,Bearing3_2,16,16.0,0.0,PRONOSTIA
S3_units,Bearing3_2,16,16.0,0.0,PRONOSTIA
S3_units,Bearing3_2,16,16.0,0.0,PRONOSTIA
S3_units,Bearing3_2,16,16.0,0.0,PRONOSTIA
S3_units,Bearing3_2,16,16.0,0.0,PRONOSTIA
S3_units,Bearing3_2,16,16.0,0.0,PRONOSTIA
S3_units,Bearing3_2,16,16.0,0.0,PRONOSTIA
S3_units,Bearing3_2,16,16.0,0.0,PRONOSTIA
S3_units,Bearing3_2,16,16.0,0.06666666666666667,PRONOSTIA
S3_units,Bearing3_2,16,16.0,0.0,PRONOSTIA
S3_units,Bearing3_2,16,16.0,0.0,PRONOSTIA
S3_units,Bearing3_3,20,1.0,0.046511627906976744,PRONOSTIA
S3_units,Bearing3_3,20,1.0,0.0,PRONOSTIA
S3_units,Bearing3_3,20,1.0,0.20930232558139536,PRONOSTIA
S3_units,Bearing3_3,20,1.0,0.5116279069767442,PRONOSTIA
S3_units,Bearing3_3,20,1.0,0.20930232558139536,PRONOSTIA
S3_units,Bearing3_3,20,1.0,0.13953488372093023,PRONOSTIA
S3_units,Bearing3_3,20,1.0,0.06976744186046512,PRONOSTIA
S3_units,Bearing3_3,20,1.0,0.023255813953488372,PRONOSTIA
S3_units,Bearing3_3,20,1.0,0.3488372093023256,PRONOSTIA
S3_units,Bearing3_3,20,1.0,0.023255813953488372,PRONOSTIA
S3_units,Bearing3_3,20,1.0,0.23255813953488372,PRONOSTIA
S3_units,Bearing3_3,20,1.0,0.046511627906976744,PRONOSTIA
S3_units,Bearing3_3,20,1.0,0.0,PRONOSTIA
S3_units,Bearing3_3,20,1.0,0.046511627906976744,PRONOSTIA
S3_units,Bearing3_3,20,1.0,0.0,PRONOSTIA
S3_units,Bearing3_3,20,1.0,0.0,PRONOSTIA
S3_units,Bearing3_3,20,1.0,0.0,PRONOSTIA
S3_units,Bearing3_3,20,1.0,0.46511627906976744,PRONOSTIA
S3_units,Bearing3_3,20,1.0,0.0,PRONOSTIA
S3_units,Bearing3_3,20,1.0,0.0,PRONOSTIA
S3_units,Bearing3_3,20,1.0,0.0,PRONOSTIA
S3_units,Bearing3_3,20,1.0,0.3023255813953488,PRONOSTIA
S3_units,Bearing3_3,20,1.0,0.023255813953488372,PRONOSTIA
S3_units,Bearing3_3,20,1.0,0.5581395348837209,PRONOSTIA
S3_units,Bearing3_3,20,1.0,0.0,PRONOSTIA
S3_units,Bearing3_3,20,1.0,0.0,PRONOSTIA
S3_units,Bearing3_3,20,1.0,0.5581395348837209,PRONOSTIA
S3_units,Bearing3_3,20,1.0,0.11627906976744186,PRONOSTIA
S3_units,Bearing3_3,20,1.0,0.2558139534883721,PRONOSTIA
S3_units,Bearing3_3,20,1.0,0.0,PRONOSTIA
S3_units,Bearing3_3,20,1.0,0.0,PRONOSTIA
S3_units,Bearing3_3,20,1.0,0.0,PRONOSTIA
S3_units,Bearing3_3,20,1.0,0.0,PRONOSTIA
S3_units,Bearing3_3,20,1.0,0.18604651162790697,PRONOSTIA
S3_units,Bearing3_3,20,1.0,0.023255813953488372,PRONOSTIA
S3_units,Bearing3_3,20,1.0,0.0,PRONOSTIA
S3_units,Bearing3_3,20,1.0,0.06976744186046512,PRONOSTIA
S3_units,Bearing3_3,20,1.0,0.046511627906976744,PRONOSTIA
S3_units,Bearing3_3,20,1.0,0.0,PRONOSTIA
S3_units,Bearing3_3,20,1.0,0.46511627906976744,PRONOSTIA
S3_units,Bearing3_3,20,1.0,0.16279069767441862,PRONOSTIA
S3_units,Bearing3_3,20,1.0,0.4186046511627907,PRONOSTIA
S3_units,Bearing3_3,20,1.0,0.023255813953488372,PRONOSTIA
S3_units,Bearing3_3,20,1.0,0.3023255813953488,PRONOSTIA
S3_units,Bearing3_3,20,1.0,0.0,PRONOSTIA
S3_units,Bearing3_3,20,1.0,0.13953488372093023,PRONOSTIA
S3_units,Bearing3_3,20,1.0,0.16279069767441862,PRONOSTIA
S3_units,Bearing3_3,20,1.0,0.06976744186046512,PRONOSTIA
S3_units,Bearing3_3,20,1.0,0.5581395348837209,PRONOSTIA
S3_units,Bearing3_3,20,1.0,0.0,PRONOSTIA
S3_units,Bearing3_3,20,4.0,0.0,PRONOSTIA
S3_units,Bearing3_3,20,4.0,0.20930232558139536,PRONOSTIA
S3_units,Bearing3_3,20,4.0,0.023255813953488372,PRONOSTIA
S3_units,Bearing3_3,20,4.0,0.0,PRONOSTIA
S3_units,Bearing3_3,20,4.0,0.0,PRONOSTIA
S3_units,Bearing3_3,20,4.0,0.0,PRONOSTIA
S3_units,Bearing3_3,20,4.0,0.0,PRONOSTIA
S3_units,Bearing3_3,20,4.0,0.06976744186046512,PRONOSTIA
S3_units,Bearing3_3,20,4.0,0.06976744186046512,PRONOSTIA
S3_units,Bearing3_3,20,4.0,0.023255813953488372,PRONOSTIA
S3_units,Bearing3_3,20,4.0,0.06976744186046512,PRONOSTIA
S3_units,Bearing3_3,20,4.0,0.0,PRONOSTIA
S3_units,Bearing3_3,20,4.0,0.0,PRONOSTIA
S3_units,Bearing3_3,20,4.0,0.0,PRONOSTIA
S3_units,Bearing3_3,20,4.0,0.0,PRONOSTIA
S3_units,Bearing3_3,20,4.0,0.0,PRONOSTIA
S3_units,Bearing3_3,20,4.0,0.023255813953488372,PRONOSTIA
S3_units,Bearing3_3,20,4.0,0.09302325581395349,PRONOSTIA
S3_units,Bearing3_3,20,4.0,0.0,PRONOSTIA
S3_units,Bearing3_3,20,4.0,0.0,PRONOSTIA
S3_units,Bearing3_3,20,4.0,0.20930232558139536,PRONOSTIA
S3_units,Bearing3_3,20,4.0,0.0,PRONOSTIA
S3_units,Bearing3_3,20,4.0,0.0,PRONOSTIA
S3_units,Bearing3_3,20,4.0,0.0,PRONOSTIA
S3_units,Bearing3_3,20,4.0,0.0,PRONOSTIA
S3_units,Bearing3_3,20,4.0,0.06976744186046512,PRONOSTIA
S3_units,Bearing3_3,20,4.0,0.09302325581395349,PRONOSTIA
S3_units,Bearing3_3,20,4.0,0.0,PRONOSTIA
S3_units,Bearing3_3,20,4.0,0.046511627906976744,PRONOSTIA
S3_units,Bearing3_3,20,4.0,0.0,PRONOSTIA
S3_units,Bearing3_3,20,4.0,0.0,PRONOSTIA
S3_units,Bearing3_3,20,4.0,0.0,PRONOSTIA
S3_units,Bearing3_3,20,4.0,0.0,PRONOSTIA
S3_units,Bearing3_3,20,4.0,0.0,PRONOSTIA
S3_units,Bearing3_3,20,4.0,0.0,PRONOSTIA
S3_units,Bearing3_3,20,4.0,0.06976744186046512,PRONOSTIA
S3_units,Bearing3_3,20,4.0,0.046511627906976744,PRONOSTIA
S3_units,Bearing3_3,20,4.0,0.023255813953488372,PRONOSTIA
S3_units,Bearing3_3,20,4.0,0.0,PRONOSTIA
S3_units,Bearing3_3,20,4.0,0.06976744186046512,PRONOSTIA
S3_units,Bearing3_3,20,4.0,0.0,PRONOSTIA
S3_units,Bearing3_3,20,4.0,0.0,PRONOSTIA
S3_units,Bearing3_3,20,4.0,0.046511627906976744,PRONOSTIA
S3_units,Bearing3_3,20,4.0,0.046511627906976744,PRONOSTIA
S3_units,Bearing3_3,20,4.0,0.023255813953488372,PRONOSTIA
S3_units,Bearing3_3,20,4.0,0.0,PRONOSTIA
S3_units,Bearing3_3,20,4.0,0.0,PRONOSTIA
S3_units,Bearing3_3,20,4.0,0.0,PRONOSTIA
S3_units,Bearing3_3,20,4.0,0.13953488372093023,PRONOSTIA
S3_units,Bearing3_3,20,4.0,0.0,PRONOSTIA
S3_units,Bearing3_3,16,16.0,0.0,PRONOSTIA
S3_units,Bearing3_3,16,16.0,0.023255813953488372,PRONOSTIA
S3_units,Bearing3_3,16,16.0,0.023255813953488372,PRONOSTIA
S3_units,Bearing3_3,16,16.0,0.0,PRONOSTIA
S3_units,Bearing3_3,16,16.0,0.0,PRONOSTIA
S3_units,Bearing3_3,16,16.0,0.0,PRONOSTIA
S3_units,Bearing3_3,16,16.0,0.0,PRONOSTIA
S3_units,Bearing3_3,16,16.0,0.06976744186046512,PRONOSTIA
S3_units,Bearing3_3,16,16.0,0.0,PRONOSTIA
S3_units,Bearing3_3,16,16.0,0.023255813953488372,PRONOSTIA
S3_units,Bearing3_3,16,16.0,0.046511627906976744,PRONOSTIA
S3_units,Bearing3_3,16,16.0,0.0,PRONOSTIA
S3_units,Bearing3_3,16,16.0,0.046511627906976744,PRONOSTIA
S3_units,Bearing3_3,16,16.0,0.0,PRONOSTIA
S3_units,Bearing3_3,16,16.0,0.0,PRONOSTIA
S3_units,Bearing3_3,16,16.0,0.0,PRONOSTIA
S3_units,Bearing3_3,16,16.0,0.0,PRONOSTIA
S3_units,Bearing3_3,16,16.0,0.0,PRONOSTIA
S3_units,Bearing3_3,16,16.0,0.0,PRONOSTIA
S3_units,Bearing3_3,16,16.0,0.0,PRONOSTIA
S3_units,Bearing3_3,16,16.0,0.046511627906976744,PRONOSTIA
S3_units,Bearing3_3,16,16.0,0.0,PRONOSTIA
S3_units,Bearing3_3,16,16.0,0.023255813953488372,PRONOSTIA
S3_units,Bearing3_3,16,16.0,0.046511627906976744,PRONOSTIA
S3_units,Bearing3_3,16,16.0,0.023255813953488372,PRONOSTIA
S3_units,Bearing3_3,16,16.0,0.0,PRONOSTIA
S3_units,Bearing3_3,16,16.0,0.046511627906976744,PRONOSTIA
S3_units,Bearing3_3,16,16.0,0.023255813953488372,PRONOSTIA
S3_units,Bearing3_3,16,16.0,0.0,PRONOSTIA
S3_units,Bearing3_3,16,16.0,0.0,PRONOSTIA
S3_units,Bearing3_3,16,16.0,0.0,PRONOSTIA
S3_units,Bearing3_3,16,16.0,0.0,PRONOSTIA
S3_units,Bearing3_3,16,16.0,0.023255813953488372,PRONOSTIA
S3_units,Bearing3_3,16,16.0,0.0,PRONOSTIA
S3_units,Bearing3_3,16,16.0,0.11627906976744186,PRONOSTIA
S3_units,Bearing3_3,16,16.0,0.0,PRONOSTIA
S3_units,Bearing3_3,16,16.0,0.0,PRONOSTIA
S3_units,Bearing3_3,16,16.0,0.0,PRONOSTIA
S3_units,Bearing3_3,16,16.0,0.046511627906976744,PRONOSTIA
S3_units,Bearing3_3,16,16.0,0.023255813953488372,PRONOSTIA
S3_units,Bearing3_3,16,16.0,0.09302325581395349,PRONOSTIA
S3_units,Bearing3_3,16,16.0,0.0,PRONOSTIA
S3_units,Bearing3_3,16,16.0,0.0,PRONOSTIA
S3_units,Bearing3_3,16,16.0,0.13953488372093023,PRONOSTIA
S3_units,Bearing3_3,16,16.0,0.0,PRONOSTIA
S3_units,Bearing3_3,16,16.0,0.06976744186046512,PRONOSTIA
S3_units,Bearing3_3,16,16.0,0.0,PRONOSTIA
S3_units,Bearing3_3,16,16.0,0.0,PRONOSTIA
S3_units,Bearing3_3,16,16.0,0.0,PRONOSTIA
S3_units,Bearing3_3,16,16.0,0.0,PRONOSTIA
S2_new_records,Bearing1_1,20,,0.5,XJTU-SY
S2_new_records,Bearing1_1,20,,0.45,XJTU-SY
S2_new_records,Bearing1_1,20,,0.45,XJTU-SY
S2_new_records,Bearing1_1,20,,0.0,XJTU-SY
S2_new_records,Bearing1_1,20,,0.45,XJTU-SY
S2_new_records,Bearing1_1,20,,0.45,XJTU-SY
S2_new_records,Bearing1_1,20,,0.45,XJTU-SY
S2_new_records,Bearing1_1,20,,0.5,XJTU-SY
S2_new_records,Bearing1_1,20,,0.55,XJTU-SY
S2_new_records,Bearing1_1,20,,0.0,XJTU-SY
S2_new_records,Bearing1_1,20,,0.45,XJTU-SY
S2_new_records,Bearing1_1,20,,0.5,XJTU-SY
S2_new_records,Bearing1_1,20,,0.0,XJTU-SY
S2_new_records,Bearing1_1,20,,0.5,XJTU-SY
S2_new_records,Bearing1_1,20,,0.5,XJTU-SY
S2_new_records,Bearing1_1,20,,0.5,XJTU-SY
S2_new_records,Bearing1_1,20,,0.5,XJTU-SY
S2_new_records,Bearing1_1,20,,0.0,XJTU-SY
S2_new_records,Bearing1_1,20,,0.5,XJTU-SY
S2_new_records,Bearing1_1,20,,0.45,XJTU-SY
S2_new_records,Bearing1_1,20,,0.45,XJTU-SY
S2_new_records,Bearing1_1,20,,0.5,XJTU-SY
S2_new_records,Bearing1_1,20,,0.45,XJTU-SY
S2_new_records,Bearing1_1,20,,0.5,XJTU-SY
S2_new_records,Bearing1_1,20,,0.5,XJTU-SY
S2_new_records,Bearing1_1,20,,0.5,XJTU-SY
S2_new_records,Bearing1_1,20,,0.45,XJTU-SY
S2_new_records,Bearing1_1,20,,0.45,XJTU-SY
S2_new_records,Bearing1_1,20,,0.5,XJTU-SY
S2_new_records,Bearing1_1,20,,0.45,XJTU-SY
S2_new_records,Bearing1_1,20,,0.5,XJTU-SY
S2_new_records,Bearing1_1,20,,0.5,XJTU-SY
S2_new_records,Bearing1_1,20,,0.55,XJTU-SY
S2_new_records,Bearing1_1,20,,0.4,XJTU-SY
S2_new_records,Bearing1_1,20,,0.55,XJTU-SY
S2_new_records,Bearing1_1,20,,0.45,XJTU-SY
S2_new_records,Bearing1_1,20,,0.45,XJTU-SY
S2_new_records,Bearing1_1,20,,0.45,XJTU-SY
S2_new_records,Bearing1_1,20,,0.5,XJTU-SY
S2_new_records,Bearing1_1,20,,0.5,XJTU-SY
S2_new_records,Bearing1_1,20,,0.45,XJTU-SY
S2_new_records,Bearing1_1,20,,0.0,XJTU-SY
S2_new_records,Bearing1_1,20,,0.0,XJTU-SY
S2_new_records,Bearing1_1,20,,0.0,XJTU-SY
S2_new_records,Bearing1_1,20,,0.45,XJTU-SY
S2_new_records,Bearing1_1,20,,0.45,XJTU-SY
S2_new_records,Bearing1_1,20,,0.0,XJTU-SY
S2_new_records,Bearing1_1,20,,0.45,XJTU-SY
S2_new_records,Bearing1_1,20,,0.45,XJTU-SY
S2_new_records,Bearing1_1,20,,0.5,XJTU-SY
S2_new_records,Bearing1_1,60,,0.45,XJTU-SY
S2_new_records,Bearing1_1,60,,0.0,XJTU-SY
S2_new_records,Bearing1_1,60,,0.45,XJTU-SY
S2_new_records,Bearing1_1,60,,0.45,XJTU-SY
S2_new_records,Bearing1_1,60,,0.0,XJTU-SY
S2_new_records,Bearing1_1,60,,0.45,XJTU-SY
S2_new_records,Bearing1_1,60,,0.0,XJTU-SY
S2_new_records,Bearing1_1,60,,0.0,XJTU-SY
S2_new_records,Bearing1_1,60,,0.45,XJTU-SY
S2_new_records,Bearing1_1,60,,0.0,XJTU-SY
S2_new_records,Bearing1_1,60,,0.0,XJTU-SY
S2_new_records,Bearing1_1,60,,0.45,XJTU-SY
S2_new_records,Bearing1_1,60,,0.45,XJTU-SY
S2_new_records,Bearing1_1,60,,0.45,XJTU-SY
S2_new_records,Bearing1_1,60,,0.45,XJTU-SY
S2_new_records,Bearing1_1,60,,0.45,XJTU-SY
S2_new_records,Bearing1_1,60,,0.45,XJTU-SY
S2_new_records,Bearing1_1,60,,0.45,XJTU-SY
S2_new_records,Bearing1_1,60,,0.45,XJTU-SY
S2_new_records,Bearing1_1,60,,0.0,XJTU-SY
S2_new_records,Bearing1_1,60,,0.45,XJTU-SY
S2_new_records,Bearing1_1,60,,0.45,XJTU-SY
S2_new_records,Bearing1_1,60,,0.45,XJTU-SY
S2_new_records,Bearing1_1,60,,0.0,XJTU-SY
S2_new_records,Bearing1_1,60,,0.45,XJTU-SY
S2_new_records,Bearing1_1,60,,0.0,XJTU-SY
S2_new_records,Bearing1_1,60,,0.4,XJTU-SY
S2_new_records,Bearing1_1,60,,0.0,XJTU-SY
S2_new_records,Bearing1_1,60,,0.45,XJTU-SY
S2_new_records,Bearing1_1,60,,0.45,XJTU-SY
S2_new_records,Bearing1_1,60,,0.0,XJTU-SY
S2_new_records,Bearing1_1,60,,0.45,XJTU-SY
S2_new_records,Bearing1_1,60,,0.45,XJTU-SY
S2_new_records,Bearing1_1,60,,0.45,XJTU-SY
S2_new_records,Bearing1_1,60,,0.5,XJTU-SY
S2_new_records,Bearing1_1,60,,0.45,XJTU-SY
S2_new_records,Bearing1_1,60,,0.3,XJTU-SY
S2_new_records,Bearing1_1,60,,0.45,XJTU-SY
S2_new_records,Bearing1_1,60,,0.5,XJTU-SY
S2_new_records,Bearing1_1,60,,0.0,XJTU-SY
S2_new_records,Bearing1_1,60,,0.45,XJTU-SY
S2_new_records,Bearing1_1,60,,0.35,XJTU-SY
S2_new_records,Bearing1_1,60,,0.45,XJTU-SY
S2_new_records,Bearing1_1,60,,0.45,XJTU-SY
S2_new_records,Bearing1_1,60,,0.45,XJTU-SY
S2_new_records,Bearing1_1,60,,0.0,XJTU-SY
S2_new_records,Bearing1_1,60,,0.0,XJTU-SY
S2_new_records,Bearing1_1,60,,0.0,XJTU-SY
S2_new_records,Bearing1_1,60,,0.45,XJTU-SY
S2_new_records,Bearing1_1,60,,0.0,XJTU-SY
S2_new_records,Bearing1_1,160,,0.45,XJTU-SY
S2_new_records,Bearing1_1,160,,0.45,XJTU-SY
S2_new_records,Bearing1_1,160,,0.0,XJTU-SY
S2_new_records,Bearing1_1,160,,0.0,XJTU-SY
S2_new_records,Bearing1_1,160,,0.0,XJTU-SY
S2_new_records,Bearing1_1,160,,0.45,XJTU-SY
S2_new_records,Bearing1_1,160,,0.45,XJTU-SY
S2_new_records,Bearing1_1,160,,0.0,XJTU-SY
S2_new_records,Bearing1_1,160,,0.4,XJTU-SY
S2_new_records,Bearing1_1,160,,0.0,XJTU-SY
S2_new_records,Bearing1_1,160,,0.0,XJTU-SY
S2_new_records,Bearing1_1,160,,0.0,XJTU-SY
S2_new_records,Bearing1_1,160,,0.0,XJTU-SY
S2_new_records,Bearing1_1,160,,0.0,XJTU-SY
S2_new_records,Bearing1_1,160,,0.0,XJTU-SY
S2_new_records,Bearing1_1,160,,0.0,XJTU-SY
S2_new_records,Bearing1_1,160,,0.0,XJTU-SY
S2_new_records,Bearing1_1,160,,0.0,XJTU-SY
S2_new_records,Bearing1_1,160,,0.0,XJTU-SY
S2_new_records,Bearing1_1,160,,0.45,XJTU-SY
S2_new_records,Bearing1_1,160,,0.0,XJTU-SY
S2_new_records,Bearing1_1,160,,0.0,XJTU-SY
S2_new_records,Bearing1_1,160,,0.0,XJTU-SY
S2_new_records,Bearing1_1,160,,0.0,XJTU-SY
S2_new_records,Bearing1_1,160,,0.0,XJTU-SY
S2_new_records,Bearing1_1,160,,0.0,XJTU-SY
S2_new_records,Bearing1_1,160,,0.2,XJTU-SY
S2_new_records,Bearing1_1,160,,0.0,XJTU-SY
S2_new_records,Bearing1_1,160,,0.45,XJTU-SY
S2_new_records,Bearing1_1,160,,0.0,XJTU-SY
S2_new_records,Bearing1_1,160,,0.0,XJTU-SY
S2_new_records,Bearing1_1,160,,0.25,XJTU-SY
S2_new_records,Bearing1_1,160,,0.0,XJTU-SY
S2_new_records,Bearing1_1,160,,0.0,XJTU-SY
S2_new_records,Bearing1_1,160,,0.0,XJTU-SY
S2_new_records,Bearing1_1,160,,0.0,XJTU-SY
S2_new_records,Bearing1_1,160,,0.4,XJTU-SY
S2_new_records,Bearing1_1,160,,0.0,XJTU-SY
S2_new_records,Bearing1_1,160,,0.0,XJTU-SY
S2_new_records,Bearing1_1,160,,0.0,XJTU-SY
S2_new_records,Bearing1_1,160,,0.0,XJTU-SY
S2_new_records,Bearing1_1,160,,0.45,XJTU-SY
S2_new_records,Bearing1_1,160,,0.0,XJTU-SY
S2_new_records,Bearing1_1,160,,0.0,XJTU-SY
S2_new_records,Bearing1_1,160,,0.0,XJTU-SY
S2_new_records,Bearing1_1,160,,0.05,XJTU-SY
S2_new_records,Bearing1_1,160,,0.0,XJTU-SY
S2_new_records,Bearing1_1,160,,0.45,XJTU-SY
S2_new_records,Bearing1_1,160,,0.45,XJTU-SY
S2_new_records,Bearing1_1,160,,0.45,XJTU-SY
S2_new_records,Bearing1_2,20,,0.0,XJTU-SY
S2_new_records,Bearing1_2,20,,0.0,XJTU-SY
S2_new_records,Bearing1_2,20,,0.0,XJTU-SY
S2_new_records,Bearing1_2,20,,0.0,XJTU-SY
S2_new_records,Bearing1_2,20,,0.0,XJTU-SY
S2_new_records,Bearing1_2,20,,0.0,XJTU-SY
S2_new_records,Bearing1_2,20,,0.0,XJTU-SY
S2_new_records,Bearing1_2,20,,0.0,XJTU-SY
S2_new_records,Bearing1_2,20,,0.0,XJTU-SY
S2_new_records,Bearing1_2,20,,0.0,XJTU-SY
S2_new_records,Bearing1_2,20,,0.0,XJTU-SY
S2_new_records,Bearing1_2,20,,0.0,XJTU-SY
S2_new_records,Bearing1_2,20,,0.0,XJTU-SY
S2_new_records,Bearing1_2,20,,0.0,XJTU-SY
S2_new_records,Bearing1_2,20,,0.0,XJTU-SY
S2_new_records,Bearing1_2,20,,0.0,XJTU-SY
S2_new_records,Bearing1_2,20,,0.0,XJTU-SY
S2_new_records,Bearing1_2,20,,0.0,XJTU-SY
S2_new_records,Bearing1_2,20,,0.0,XJTU-SY
S2_new_records,Bearing1_2,20,,0.0,XJTU-SY
S2_new_records,Bearing1_2,20,,0.0,XJTU-SY
S2_new_records,Bearing1_2,20,,0.0,XJTU-SY
S2_new_records,Bearing1_2,20,,0.0,XJTU-SY
S2_new_records,Bearing1_2,20,,0.0,XJTU-SY
S2_new_records,Bearing1_2,20,,0.0,XJTU-SY
S2_new_records,Bearing1_2,20,,0.0,XJTU-SY
S2_new_records,Bearing1_2,20,,0.0,XJTU-SY
S2_new_records,Bearing1_2,20,,0.0,XJTU-SY
S2_new_records,Bearing1_2,20,,0.05,XJTU-SY
S2_new_records,Bearing1_2,20,,0.0,XJTU-SY
S2_new_records,Bearing1_2,20,,0.0,XJTU-SY
S2_new_records,Bearing1_2,20,,0.0,XJTU-SY
S2_new_records,Bearing1_2,20,,0.1,XJTU-SY
S2_new_records,Bearing1_2,20,,0.0,XJTU-SY
S2_new_records,Bearing1_2,20,,0.0,XJTU-SY
S2_new_records,Bearing1_2,20,,0.0,XJTU-SY
S2_new_records,Bearing1_2,20,,0.0,XJTU-SY
S2_new_records,Bearing1_2,20,,0.0,XJTU-SY
S2_new_records,Bearing1_2,20,,0.0,XJTU-SY
S2_new_records,Bearing1_2,20,,0.0,XJTU-SY
S2_new_records,Bearing1_2,20,,0.0,XJTU-SY
S2_new_records,Bearing1_2,20,,0.0,XJTU-SY
S2_new_records,Bearing1_2,20,,0.0,XJTU-SY
S2_new_records,Bearing1_2,20,,0.0,XJTU-SY
S2_new_records,Bearing1_2,20,,0.0,XJTU-SY
S2_new_records,Bearing1_2,20,,0.0,XJTU-SY
S2_new_records,Bearing1_2,20,,0.0,XJTU-SY
S2_new_records,Bearing1_2,20,,0.0,XJTU-SY
S2_new_records,Bearing1_2,20,,0.0,XJTU-SY
S2_new_records,Bearing1_2,20,,0.25,XJTU-SY
S2_new_records,Bearing1_2,60,,0.0,XJTU-SY
S2_new_records,Bearing1_2,60,,0.0,XJTU-SY
S2_new_records,Bearing1_2,60,,0.0,XJTU-SY
S2_new_records,Bearing1_2,60,,0.0,XJTU-SY
S2_new_records,Bearing1_2,60,,0.0,XJTU-SY
S2_new_records,Bearing1_2,60,,0.0,XJTU-SY
S2_new_records,Bearing1_2,60,,0.0,XJTU-SY
S2_new_records,Bearing1_2,60,,0.0,XJTU-SY
S2_new_records,Bearing1_2,60,,0.0,XJTU-SY
S2_new_records,Bearing1_2,60,,0.0,XJTU-SY
S2_new_records,Bearing1_2,60,,0.0,XJTU-SY
S2_new_records,Bearing1_2,60,,0.0,XJTU-SY
S2_new_records,Bearing1_2,60,,0.0,XJTU-SY
S2_new_records,Bearing1_2,60,,0.0,XJTU-SY
S2_new_records,Bearing1_2,60,,0.0,XJTU-SY
S2_new_records,Bearing1_2,60,,0.0,XJTU-SY
S2_new_records,Bearing1_2,60,,0.0,XJTU-SY
S2_new_records,Bearing1_2,60,,0.0,XJTU-SY
S2_new_records,Bearing1_2,60,,0.0,XJTU-SY
S2_new_records,Bearing1_2,60,,0.0,XJTU-SY
S2_new_records,Bearing1_2,60,,0.0,XJTU-SY
S2_new_records,Bearing1_2,60,,0.0,XJTU-SY
S2_new_records,Bearing1_2,60,,0.0,XJTU-SY
S2_new_records,Bearing1_2,60,,0.0,XJTU-SY
S2_new_records,Bearing1_2,60,,0.0,XJTU-SY
S2_new_records,Bearing1_2,60,,0.0,XJTU-SY
S2_new_records,Bearing1_2,60,,0.0,XJTU-SY
S2_new_records,Bearing1_2,60,,0.0,XJTU-SY
S2_new_records,Bearing1_2,60,,0.0,XJTU-SY
S2_new_records,Bearing1_2,60,,0.0,XJTU-SY
S2_new_records,Bearing1_2,60,,0.0,XJTU-SY
S2_new_records,Bearing1_2,60,,0.0,XJTU-SY
S2_new_records,Bearing1_2,60,,0.0,XJTU-SY
S2_new_records,Bearing1_2,60,,0.0,XJTU-SY
S2_new_records,Bearing1_2,60,,0.0,XJTU-SY
S2_new_records,Bearing1_2,60,,0.0,XJTU-SY
S2_new_records,Bearing1_2,60,,0.0,XJTU-SY
S2_new_records,Bearing1_2,60,,0.0,XJTU-SY
S2_new_records,Bearing1_2,60,,0.0,XJTU-SY
S2_new_records,Bearing1_2,60,,0.0,XJTU-SY
S2_new_records,Bearing1_2,60,,0.0,XJTU-SY
S2_new_records,Bearing1_2,60,,0.0,XJTU-SY
S2_new_records,Bearing1_2,60,,0.0,XJTU-SY
S2_new_records,Bearing1_2,60,,0.0,XJTU-SY
S2_new_records,Bearing1_2,60,,0.0,XJTU-SY
S2_new_records,Bearing1_2,60,,0.0,XJTU-SY
S2_new_records,Bearing1_2,60,,0.0,XJTU-SY
S2_new_records,Bearing1_2,60,,0.0,XJTU-SY
S2_new_records,Bearing1_2,60,,0.0,XJTU-SY
S2_new_records,Bearing1_2,60,,0.0,XJTU-SY
S2_new_records,Bearing1_2,160,,0.0,XJTU-SY
S2_new_records,Bearing1_2,160,,0.0,XJTU-SY
S2_new_records,Bearing1_2,160,,0.0,XJTU-SY
S2_new_records,Bearing1_2,160,,0.0,XJTU-SY
S2_new_records,Bearing1_2,160,,0.0,XJTU-SY
S2_new_records,Bearing1_2,160,,0.0,XJTU-SY
S2_new_records,Bearing1_2,160,,0.0,XJTU-SY
S2_new_records,Bearing1_2,160,,0.0,XJTU-SY
S2_new_records,Bearing1_2,160,,0.0,XJTU-SY
S2_new_records,Bearing1_2,160,,0.0,XJTU-SY
S2_new_records,Bearing1_2,160,,0.0,XJTU-SY
S2_new_records,Bearing1_2,160,,0.0,XJTU-SY
S2_new_records,Bearing1_2,160,,0.0,XJTU-SY
S2_new_records,Bearing1_2,160,,0.0,XJTU-SY
S2_new_records,Bearing1_2,160,,0.0,XJTU-SY
S2_new_records,Bearing1_2,160,,0.0,XJTU-SY
S2_new_records,Bearing1_2,160,,0.0,XJTU-SY
S2_new_records,Bearing1_2,160,,0.0,XJTU-SY
S2_new_records,Bearing1_2,160,,0.0,XJTU-SY
S2_new_records,Bearing1_2,160,,0.0,XJTU-SY
S2_new_records,Bearing1_2,160,,0.0,XJTU-SY
S2_new_records,Bearing1_2,160,,0.0,XJTU-SY
S2_new_records,Bearing1_2,160,,0.0,XJTU-SY
S2_new_records,Bearing1_2,160,,0.0,XJTU-SY
S2_new_records,Bearing1_2,160,,0.0,XJTU-SY
S2_new_records,Bearing1_2,160,,0.0,XJTU-SY
S2_new_records,Bearing1_2,160,,0.0,XJTU-SY
S2_new_records,Bearing1_2,160,,0.0,XJTU-SY
S2_new_records,Bearing1_2,160,,0.0,XJTU-SY
S2_new_records,Bearing1_2,160,,0.0,XJTU-SY
S2_new_records,Bearing1_2,160,,0.0,XJTU-SY
S2_new_records,Bearing1_2,160,,0.0,XJTU-SY
S2_new_records,Bearing1_2,160,,0.0,XJTU-SY
S2_new_records,Bearing1_2,160,,0.0,XJTU-SY
S2_new_records,Bearing1_2,160,,0.0,XJTU-SY
S2_new_records,Bearing1_2,160,,0.0,XJTU-SY
S2_new_records,Bearing1_2,160,,0.0,XJTU-SY
S2_new_records,Bearing1_2,160,,0.0,XJTU-SY
S2_new_records,Bearing1_2,160,,0.0,XJTU-SY
S2_new_records,Bearing1_2,160,,0.0,XJTU-SY
S2_new_records,Bearing1_2,160,,0.0,XJTU-SY
S2_new_records,Bearing1_2,160,,0.0,XJTU-SY
S2_new_records,Bearing1_2,160,,0.0,XJTU-SY
S2_new_records,Bearing1_2,160,,0.0,XJTU-SY
S2_new_records,Bearing1_2,160,,0.0,XJTU-SY
S2_new_records,Bearing1_2,160,,0.0,XJTU-SY
S2_new_records,Bearing1_2,160,,0.0,XJTU-SY
S2_new_records,Bearing1_2,160,,0.0,XJTU-SY
S2_new_records,Bearing1_2,160,,0.0,XJTU-SY
S2_new_records,Bearing1_2,160,,0.0,XJTU-SY
S2_new_records,Bearing1_3,20,,0.0,XJTU-SY
S2_new_records,Bearing1_3,20,,0.0,XJTU-SY
S2_new_records,Bearing1_3,20,,0.0,XJTU-SY
S2_new_records,Bearing1_3,20,,0.0,XJTU-SY
S2_new_records,Bearing1_3,20,,0.0,XJTU-SY
S2_new_records,Bearing1_3,20,,0.0,XJTU-SY
S2_new_records,Bearing1_3,20,,0.0,XJTU-SY
S2_new_records,Bearing1_3,20,,0.0,XJTU-SY
S2_new_records,Bearing1_3,20,,0.0,XJTU-SY
S2_new_records,Bearing1_3,20,,0.0,XJTU-SY
S2_new_records,Bearing1_3,20,,0.0,XJTU-SY
S2_new_records,Bearing1_3,20,,0.0,XJTU-SY
S2_new_records,Bearing1_3,20,,0.0,XJTU-SY
S2_new_records,Bearing1_3,20,,0.0,XJTU-SY
S2_new_records,Bearing1_3,20,,0.0,XJTU-SY
S2_new_records,Bearing1_3,20,,0.0,XJTU-SY
S2_new_records,Bearing1_3,20,,0.0,XJTU-SY
S2_new_records,Bearing1_3,20,,0.0,XJTU-SY
S2_new_records,Bearing1_3,20,,0.0,XJTU-SY
S2_new_records,Bearing1_3,20,,0.0,XJTU-SY
S2_new_records,Bearing1_3,20,,0.0,XJTU-SY
S2_new_records,Bearing1_3,20,,0.0,XJTU-SY
S2_new_records,Bearing1_3,20,,0.0,XJTU-SY
S2_new_records,Bearing1_3,20,,0.0,XJTU-SY
S2_new_records,Bearing1_3,20,,0.0,XJTU-SY
S2_new_records,Bearing1_3,20,,0.0,XJTU-SY
S2_new_records,Bearing1_3,20,,0.75,XJTU-SY
S2_new_records,Bearing1_3,20,,0.0,XJTU-SY
S2_new_records,Bearing1_3,20,,0.0,XJTU-SY
S2_new_records,Bearing1_3,20,,0.0,XJTU-SY
S2_new_records,Bearing1_3,20,,0.0,XJTU-SY
S2_new_records,Bearing1_3,20,,0.0,XJTU-SY
S2_new_records,Bearing1_3,20,,0.0,XJTU-SY
S2_new_records,Bearing1_3,20,,0.0,XJTU-SY
S2_new_records,Bearing1_3,20,,0.0,XJTU-SY
S2_new_records,Bearing1_3,20,,0.0,XJTU-SY
S2_new_records,Bearing1_3,20,,0.0,XJTU-SY
S2_new_records,Bearing1_3,20,,0.0,XJTU-SY
S2_new_records,Bearing1_3,20,,0.0,XJTU-SY
S2_new_records,Bearing1_3,20,,0.0,XJTU-SY
S2_new_records,Bearing1_3,20,,0.0,XJTU-SY
S2_new_records,Bearing1_3,20,,0.0,XJTU-SY
S2_new_records,Bearing1_3,20,,0.0,XJTU-SY
S2_new_records,Bearing1_3,20,,0.0,XJTU-SY
S2_new_records,Bearing1_3,20,,0.0,XJTU-SY
S2_new_records,Bearing1_3,20,,0.0,XJTU-SY
S2_new_records,Bearing1_3,20,,0.0,XJTU-SY
S2_new_records,Bearing1_3,20,,0.0,XJTU-SY
S2_new_records,Bearing1_3,20,,0.0,XJTU-SY
S2_new_records,Bearing1_3,20,,0.0,XJTU-SY
S2_new_records,Bearing1_3,60,,0.0,XJTU-SY
S2_new_records,Bearing1_3,60,,0.0,XJTU-SY
S2_new_records,Bearing1_3,60,,0.0,XJTU-SY
S2_new_records,Bearing1_3,60,,0.0,XJTU-SY
S2_new_records,Bearing1_3,60,,0.0,XJTU-SY
S2_new_records,Bearing1_3,60,,0.0,XJTU-SY
S2_new_records,Bearing1_3,60,,0.0,XJTU-SY
S2_new_records,Bearing1_3,60,,0.0,XJTU-SY
S2_new_records,Bearing1_3,60,,0.0,XJTU-SY
S2_new_records,Bearing1_3,60,,0.0,XJTU-SY
S2_new_records,Bearing1_3,60,,0.0,XJTU-SY
S2_new_records,Bearing1_3,60,,0.0,XJTU-SY
S2_new_records,Bearing1_3,60,,0.0,XJTU-SY
S2_new_records,Bearing1_3,60,,0.0,XJTU-SY
S2_new_records,Bearing1_3,60,,0.0,XJTU-SY
S2_new_records,Bearing1_3,60,,0.0,XJTU-SY
S2_new_records,Bearing1_3,60,,0.0,XJTU-SY
S2_new_records,Bearing1_3,60,,0.0,XJTU-SY
S2_new_records,Bearing1_3,60,,0.0,XJTU-SY
S2_new_records,Bearing1_3,60,,0.0,XJTU-SY
S2_new_records,Bearing1_3,60,,0.0,XJTU-SY
S2_new_records,Bearing1_3,60,,0.0,XJTU-SY
S2_new_records,Bearing1_3,60,,0.0,XJTU-SY
S2_new_records,Bearing1_3,60,,0.0,XJTU-SY
S2_new_records,Bearing1_3,60,,0.0,XJTU-SY
S2_new_records,Bearing1_3,60,,0.0,XJTU-SY
S2_new_records,Bearing1_3,60,,0.0,XJTU-SY
S2_new_records,Bearing1_3,60,,0.0,XJTU-SY
S2_new_records,Bearing1_3,60,,0.0,XJTU-SY
S2_new_records,Bearing1_3,60,,0.0,XJTU-SY
S2_new_records,Bearing1_3,60,,0.0,XJTU-SY
S2_new_records,Bearing1_3,60,,0.0,XJTU-SY
S2_new_records,Bearing1_3,60,,0.0,XJTU-SY
S2_new_records,Bearing1_3,60,,0.0,XJTU-SY
S2_new_records,Bearing1_3,60,,0.0,XJTU-SY
S2_new_records,Bearing1_3,60,,0.0,XJTU-SY
S2_new_records,Bearing1_3,60,,0.0,XJTU-SY
S2_new_records,Bearing1_3,60,,0.0,XJTU-SY
S2_new_records,Bearing1_3,60,,0.0,XJTU-SY
S2_new_records,Bearing1_3,60,,0.0,XJTU-SY
S2_new_records,Bearing1_3,60,,0.0,XJTU-SY
S2_new_records,Bearing1_3,60,,0.0,XJTU-SY
S2_new_records,Bearing1_3,60,,0.0,XJTU-SY
S2_new_records,Bearing1_3,60,,0.0,XJTU-SY
S2_new_records,Bearing1_3,60,,0.0,XJTU-SY
S2_new_records,Bearing1_3,60,,0.0,XJTU-SY
S2_new_records,Bearing1_3,60,,0.0,XJTU-SY
S2_new_records,Bearing1_3,60,,0.0,XJTU-SY
S2_new_records,Bearing1_3,60,,0.0,XJTU-SY
S2_new_records,Bearing1_3,60,,0.0,XJTU-SY
S2_new_records,Bearing1_3,160,,0.0,XJTU-SY
S2_new_records,Bearing1_3,160,,0.0,XJTU-SY
S2_new_records,Bearing1_3,160,,0.0,XJTU-SY
S2_new_records,Bearing1_3,160,,0.0,XJTU-SY
S2_new_records,Bearing1_3,160,,0.0,XJTU-SY
S2_new_records,Bearing1_3,160,,0.0,XJTU-SY
S2_new_records,Bearing1_3,160,,0.0,XJTU-SY
S2_new_records,Bearing1_3,160,,0.0,XJTU-SY
S2_new_records,Bearing1_3,160,,0.0,XJTU-SY
S2_new_records,Bearing1_3,160,,0.0,XJTU-SY
S2_new_records,Bearing1_3,160,,0.0,XJTU-SY
S2_new_records,Bearing1_3,160,,0.0,XJTU-SY
S2_new_records,Bearing1_3,160,,0.0,XJTU-SY
S2_new_records,Bearing1_3,160,,0.0,XJTU-SY
S2_new_records,Bearing1_3,160,,0.0,XJTU-SY
S2_new_records,Bearing1_3,160,,0.0,XJTU-SY
S2_new_records,Bearing1_3,160,,0.0,XJTU-SY
S2_new_records,Bearing1_3,160,,0.0,XJTU-SY
S2_new_records,Bearing1_3,160,,0.0,XJTU-SY
S2_new_records,Bearing1_3,160,,0.0,XJTU-SY
S2_new_records,Bearing1_3,160,,0.0,XJTU-SY
S2_new_records,Bearing1_3,160,,0.0,XJTU-SY
S2_new_records,Bearing1_3,160,,0.0,XJTU-SY
S2_new_records,Bearing1_3,160,,0.0,XJTU-SY
S2_new_records,Bearing1_3,160,,0.0,XJTU-SY
S2_new_records,Bearing1_3,160,,0.0,XJTU-SY
S2_new_records,Bearing1_3,160,,0.0,XJTU-SY
S2_new_records,Bearing1_3,160,,0.0,XJTU-SY
S2_new_records,Bearing1_3,160,,0.0,XJTU-SY
S2_new_records,Bearing1_3,160,,0.0,XJTU-SY
S2_new_records,Bearing1_3,160,,0.0,XJTU-SY
S2_new_records,Bearing1_3,160,,0.0,XJTU-SY
S2_new_records,Bearing1_3,160,,0.0,XJTU-SY
S2_new_records,Bearing1_3,160,,0.0,XJTU-SY
S2_new_records,Bearing1_3,160,,0.0,XJTU-SY
S2_new_records,Bearing1_3,160,,0.0,XJTU-SY
S2_new_records,Bearing1_3,160,,0.0,XJTU-SY
S2_new_records,Bearing1_3,160,,0.0,XJTU-SY
S2_new_records,Bearing1_3,160,,0.0,XJTU-SY
S2_new_records,Bearing1_3,160,,0.0,XJTU-SY
S2_new_records,Bearing1_3,160,,0.0,XJTU-SY
S2_new_records,Bearing1_3,160,,0.0,XJTU-SY
S2_new_records,Bearing1_3,160,,0.0,XJTU-SY
S2_new_records,Bearing1_3,160,,0.0,XJTU-SY
S2_new_records,Bearing1_3,160,,0.0,XJTU-SY
S2_new_records,Bearing1_3,160,,0.0,XJTU-SY
S2_new_records,Bearing1_3,160,,0.0,XJTU-SY
S2_new_records,Bearing1_3,160,,0.0,XJTU-SY
S2_new_records,Bearing1_3,160,,0.0,XJTU-SY
S2_new_records,Bearing1_3,160,,0.0,XJTU-SY
S2_new_records,Bearing1_4,20,,0.0,XJTU-SY
S2_new_records,Bearing1_4,20,,0.0,XJTU-SY
S2_new_records,Bearing1_4,20,,0.0,XJTU-SY
S2_new_records,Bearing1_4,20,,0.0,XJTU-SY
S2_new_records,Bearing1_4,20,,0.0,XJTU-SY
S2_new_records,Bearing1_4,20,,0.0,XJTU-SY
S2_new_records,Bearing1_4,20,,0.0,XJTU-SY
S2_new_records,Bearing1_4,20,,0.0,XJTU-SY
S2_new_records,Bearing1_4,20,,0.0,XJTU-SY
S2_new_records,Bearing1_4,20,,0.0,XJTU-SY
S2_new_records,Bearing1_4,20,,0.0,XJTU-SY
S2_new_records,Bearing1_4,20,,0.0,XJTU-SY
S2_new_records,Bearing1_4,20,,0.0,XJTU-SY
S2_new_records,Bearing1_4,20,,0.0,XJTU-SY
S2_new_records,Bearing1_4,20,,0.0,XJTU-SY
S2_new_records,Bearing1_4,20,,0.0,XJTU-SY
S2_new_records,Bearing1_4,20,,0.0,XJTU-SY
S2_new_records,Bearing1_4,20,,0.0,XJTU-SY
S2_new_records,Bearing1_4,20,,0.0,XJTU-SY
S2_new_records,Bearing1_4,20,,0.0,XJTU-SY
S2_new_records,Bearing1_4,20,,0.0,XJTU-SY
S2_new_records,Bearing1_4,20,,0.0,XJTU-SY
S2_new_records,Bearing1_4,20,,0.0,XJTU-SY
S2_new_records,Bearing1_4,20,,0.0,XJTU-SY
S2_new_records,Bearing1_4,20,,0.0,XJTU-SY
S2_new_records,Bearing1_4,20,,0.0,XJTU-SY
S2_new_records,Bearing1_4,20,,0.0,XJTU-SY
S2_new_records,Bearing1_4,20,,0.0,XJTU-SY
S2_new_records,Bearing1_4,20,,0.0,XJTU-SY
S2_new_records,Bearing1_4,20,,0.0,XJTU-SY
S2_new_records,Bearing1_4,20,,0.0,XJTU-SY
S2_new_records,Bearing1_4,20,,0.0,XJTU-SY
S2_new_records,Bearing1_4,20,,0.0,XJTU-SY
S2_new_records,Bearing1_4,20,,0.0,XJTU-SY
S2_new_records,Bearing1_4,20,,0.0,XJTU-SY
S2_new_records,Bearing1_4,20,,0.0,XJTU-SY
S2_new_records,Bearing1_4,20,,0.0,XJTU-SY
S2_new_records,Bearing1_4,20,,0.0,XJTU-SY
S2_new_records,Bearing1_4,20,,0.0,XJTU-SY
S2_new_records,Bearing1_4,20,,0.0,XJTU-SY
S2_new_records,Bearing1_4,20,,0.0,XJTU-SY
S2_new_records,Bearing1_4,20,,0.0,XJTU-SY
S2_new_records,Bearing1_4,20,,0.0,XJTU-SY
S2_new_records,Bearing1_4,20,,0.0,XJTU-SY
S2_new_records,Bearing1_4,20,,0.0,XJTU-SY
S2_new_records,Bearing1_4,20,,0.0,XJTU-SY
S2_new_records,Bearing1_4,20,,0.0,XJTU-SY
S2_new_records,Bearing1_4,20,,0.0,XJTU-SY
S2_new_records,Bearing1_4,20,,0.0,XJTU-SY
S2_new_records,Bearing1_4,20,,0.0,XJTU-SY
S2_new_records,Bearing1_4,60,,0.0,XJTU-SY
S2_new_records,Bearing1_4,60,,0.0,XJTU-SY
S2_new_records,Bearing1_4,60,,0.0,XJTU-SY
S2_new_records,Bearing1_4,60,,0.0,XJTU-SY
S2_new_records,Bearing1_4,60,,0.0,XJTU-SY
S2_new_records,Bearing1_4,60,,0.0,XJTU-SY
S2_new_records,Bearing1_4,60,,0.0,XJTU-SY
S2_new_records,Bearing1_4,60,,0.0,XJTU-SY
S2_new_records,Bearing1_4,60,,0.0,XJTU-SY
S2_new_records,Bearing1_4,60,,0.0,XJTU-SY
S2_new_records,Bearing1_4,60,,0.0,XJTU-SY
S2_new_records,Bearing1_4,60,,0.0,XJTU-SY
S2_new_records,Bearing1_4,60,,0.0,XJTU-SY
S2_new_records,Bearing1_4,60,,0.0,XJTU-SY
S2_new_records,Bearing1_4,60,,0.0,XJTU-SY
S2_new_records,Bearing1_4,60,,0.0,XJTU-SY
S2_new_records,Bearing1_4,60,,0.0,XJTU-SY
S2_new_records,Bearing1_4,60,,0.0,XJTU-SY
S2_new_records,Bearing1_4,60,,0.0,XJTU-SY
S2_new_records,Bearing1_4,60,,0.0,XJTU-SY
S2_new_records,Bearing1_4,60,,0.0,XJTU-SY
S2_new_records,Bearing1_4,60,,0.0,XJTU-SY
S2_new_records,Bearing1_4,60,,0.0,XJTU-SY
S2_new_records,Bearing1_4,60,,0.0,XJTU-SY
S2_new_records,Bearing1_4,60,,0.0,XJTU-SY
S2_new_records,Bearing1_4,60,,0.0,XJTU-SY
S2_new_records,Bearing1_4,60,,0.0,XJTU-SY
S2_new_records,Bearing1_4,60,,0.0,XJTU-SY
S2_new_records,Bearing1_4,60,,0.0,XJTU-SY
S2_new_records,Bearing1_4,60,,0.0,XJTU-SY
S2_new_records,Bearing1_4,60,,0.0,XJTU-SY
S2_new_records,Bearing1_4,60,,0.0,XJTU-SY
S2_new_records,Bearing1_4,60,,0.0,XJTU-SY
S2_new_records,Bearing1_4,60,,0.0,XJTU-SY
S2_new_records,Bearing1_4,60,,0.0,XJTU-SY
S2_new_records,Bearing1_4,60,,0.0,XJTU-SY
S2_new_records,Bearing1_4,60,,0.0,XJTU-SY
S2_new_records,Bearing1_4,60,,0.0,XJTU-SY
S2_new_records,Bearing1_4,60,,0.0,XJTU-SY
S2_new_records,Bearing1_4,60,,0.0,XJTU-SY
S2_new_records,Bearing1_4,60,,0.0,XJTU-SY
S2_new_records,Bearing1_4,60,,0.0,XJTU-SY
S2_new_records,Bearing1_4,60,,0.0,XJTU-SY
S2_new_records,Bearing1_4,60,,0.0,XJTU-SY
S2_new_records,Bearing1_4,60,,0.0,XJTU-SY
S2_new_records,Bearing1_4,60,,0.0,XJTU-SY
S2_new_records,Bearing1_4,60,,0.0,XJTU-SY
S2_new_records,Bearing1_4,60,,0.0,XJTU-SY
S2_new_records,Bearing1_4,60,,0.0,XJTU-SY
S2_new_records,Bearing1_4,60,,0.0,XJTU-SY
S2_new_records,Bearing1_4,160,,0.0,XJTU-SY
S2_new_records,Bearing1_4,160,,0.0,XJTU-SY
S2_new_records,Bearing1_4,160,,0.0,XJTU-SY
S2_new_records,Bearing1_4,160,,0.0,XJTU-SY
S2_new_records,Bearing1_4,160,,0.0,XJTU-SY
S2_new_records,Bearing1_4,160,,0.0,XJTU-SY
S2_new_records,Bearing1_4,160,,0.0,XJTU-SY
S2_new_records,Bearing1_4,160,,0.0,XJTU-SY
S2_new_records,Bearing1_4,160,,0.0,XJTU-SY
S2_new_records,Bearing1_4,160,,0.0,XJTU-SY
S2_new_records,Bearing1_4,160,,0.0,XJTU-SY
S2_new_records,Bearing1_4,160,,0.0,XJTU-SY
S2_new_records,Bearing1_4,160,,0.0,XJTU-SY
S2_new_records,Bearing1_4,160,,0.0,XJTU-SY
S2_new_records,Bearing1_4,160,,0.0,XJTU-SY
S2_new_records,Bearing1_4,160,,0.0,XJTU-SY
S2_new_records,Bearing1_4,160,,0.0,XJTU-SY
S2_new_records,Bearing1_4,160,,0.0,XJTU-SY
S2_new_records,Bearing1_4,160,,0.0,XJTU-SY
S2_new_records,Bearing1_4,160,,0.0,XJTU-SY
S2_new_records,Bearing1_4,160,,0.0,XJTU-SY
S2_new_records,Bearing1_4,160,,0.0,XJTU-SY
S2_new_records,Bearing1_4,160,,0.0,XJTU-SY
S2_new_records,Bearing1_4,160,,0.0,XJTU-SY
S2_new_records,Bearing1_4,160,,0.0,XJTU-SY
S2_new_records,Bearing1_4,160,,0.0,XJTU-SY
S2_new_records,Bearing1_4,160,,0.0,XJTU-SY
S2_new_records,Bearing1_4,160,,0.0,XJTU-SY
S2_new_records,Bearing1_4,160,,0.0,XJTU-SY
S2_new_records,Bearing1_4,160,,0.0,XJTU-SY
S2_new_records,Bearing1_4,160,,0.0,XJTU-SY
S2_new_records,Bearing1_4,160,,0.0,XJTU-SY
S2_new_records,Bearing1_4,160,,0.0,XJTU-SY
S2_new_records,Bearing1_4,160,,0.0,XJTU-SY
S2_new_records,Bearing1_4,160,,0.0,XJTU-SY
S2_new_records,Bearing1_4,160,,0.0,XJTU-SY
S2_new_records,Bearing1_4,160,,0.0,XJTU-SY
S2_new_records,Bearing1_4,160,,0.0,XJTU-SY
S2_new_records,Bearing1_4,160,,0.0,XJTU-SY
S2_new_records,Bearing1_4,160,,0.0,XJTU-SY
S2_new_records,Bearing1_4,160,,0.0,XJTU-SY
S2_new_records,Bearing1_4,160,,0.0,XJTU-SY
S2_new_records,Bearing1_4,160,,0.0,XJTU-SY
S2_new_records,Bearing1_4,160,,0.0,XJTU-SY
S2_new_records,Bearing1_4,160,,0.0,XJTU-SY
S2_new_records,Bearing1_4,160,,0.0,XJTU-SY
S2_new_records,Bearing1_4,160,,0.0,XJTU-SY
S2_new_records,Bearing1_4,160,,0.0,XJTU-SY
S2_new_records,Bearing1_4,160,,0.0,XJTU-SY
S2_new_records,Bearing1_4,160,,0.0,XJTU-SY
S2_new_records,Bearing2_1,20,,0.0,XJTU-SY
S2_new_records,Bearing2_1,20,,0.0,XJTU-SY
S2_new_records,Bearing2_1,20,,0.0,XJTU-SY
S2_new_records,Bearing2_1,20,,0.0,XJTU-SY
S2_new_records,Bearing2_1,20,,0.0,XJTU-SY
S2_new_records,Bearing2_1,20,,0.0,XJTU-SY
S2_new_records,Bearing2_1,20,,0.0,XJTU-SY
S2_new_records,Bearing2_1,20,,0.0,XJTU-SY
S2_new_records,Bearing2_1,20,,0.0,XJTU-SY
S2_new_records,Bearing2_1,20,,0.0,XJTU-SY
S2_new_records,Bearing2_1,20,,0.0,XJTU-SY
S2_new_records,Bearing2_1,20,,0.0,XJTU-SY
S2_new_records,Bearing2_1,20,,0.0,XJTU-SY
S2_new_records,Bearing2_1,20,,0.0,XJTU-SY
S2_new_records,Bearing2_1,20,,0.0,XJTU-SY
S2_new_records,Bearing2_1,20,,0.0,XJTU-SY
S2_new_records,Bearing2_1,20,,0.0,XJTU-SY
S2_new_records,Bearing2_1,20,,0.0,XJTU-SY
S2_new_records,Bearing2_1,20,,0.0,XJTU-SY
S2_new_records,Bearing2_1,20,,0.0,XJTU-SY
S2_new_records,Bearing2_1,20,,0.0,XJTU-SY
S2_new_records,Bearing2_1,20,,0.0,XJTU-SY
S2_new_records,Bearing2_1,20,,0.0,XJTU-SY
S2_new_records,Bearing2_1,20,,0.0,XJTU-SY
S2_new_records,Bearing2_1,20,,0.0,XJTU-SY
S2_new_records,Bearing2_1,20,,0.0,XJTU-SY
S2_new_records,Bearing2_1,20,,0.0,XJTU-SY
S2_new_records,Bearing2_1,20,,0.0,XJTU-SY
S2_new_records,Bearing2_1,20,,0.0,XJTU-SY
S2_new_records,Bearing2_1,20,,0.0,XJTU-SY
S2_new_records,Bearing2_1,20,,0.0,XJTU-SY
S2_new_records,Bearing2_1,20,,0.0,XJTU-SY
S2_new_records,Bearing2_1,20,,0.0,XJTU-SY
S2_new_records,Bearing2_1,20,,0.0,XJTU-SY
S2_new_records,Bearing2_1,20,,0.0,XJTU-SY
S2_new_records,Bearing2_1,20,,0.0,XJTU-SY
S2_new_records,Bearing2_1,20,,0.0,XJTU-SY
S2_new_records,Bearing2_1,20,,0.0,XJTU-SY
S2_new_records,Bearing2_1,20,,0.0,XJTU-SY
S2_new_records,Bearing2_1,20,,0.0,XJTU-SY
S2_new_records,Bearing2_1,20,,0.0,XJTU-SY
S2_new_records,Bearing2_1,20,,0.0,XJTU-SY
S2_new_records,Bearing2_1,20,,0.0,XJTU-SY
S2_new_records,Bearing2_1,20,,0.0,XJTU-SY
S2_new_records,Bearing2_1,20,,0.0,XJTU-SY
S2_new_records,Bearing2_1,20,,0.0,XJTU-SY
S2_new_records,Bearing2_1,20,,0.0,XJTU-SY
S2_new_records,Bearing2_1,20,,0.0,XJTU-SY
S2_new_records,Bearing2_1,20,,0.0,XJTU-SY
S2_new_records,Bearing2_1,20,,0.0,XJTU-SY
S2_new_records,Bearing2_1,60,,0.0,XJTU-SY
S2_new_records,Bearing2_1,60,,0.0,XJTU-SY
S2_new_records,Bearing2_1,60,,0.0,XJTU-SY
S2_new_records,Bearing2_1,60,,0.0,XJTU-SY
S2_new_records,Bearing2_1,60,,0.0,XJTU-SY
S2_new_records,Bearing2_1,60,,0.0,XJTU-SY
S2_new_records,Bearing2_1,60,,0.0,XJTU-SY
S2_new_records,Bearing2_1,60,,0.0,XJTU-SY
S2_new_records,Bearing2_1,60,,0.0,XJTU-SY
S2_new_records,Bearing2_1,60,,0.0,XJTU-SY
S2_new_records,Bearing2_1,60,,0.0,XJTU-SY
S2_new_records,Bearing2_1,60,,0.0,XJTU-SY
S2_new_records,Bearing2_1,60,,0.0,XJTU-SY
S2_new_records,Bearing2_1,60,,0.0,XJTU-SY
S2_new_records,Bearing2_1,60,,0.0,XJTU-SY
S2_new_records,Bearing2_1,60,,0.0,XJTU-SY
S2_new_records,Bearing2_1,60,,0.0,XJTU-SY
S2_new_records,Bearing2_1,60,,0.0,XJTU-SY
S2_new_records,Bearing2_1,60,,0.0,XJTU-SY
S2_new_records,Bearing2_1,60,,0.0,XJTU-SY
S2_new_records,Bearing2_1,60,,0.0,XJTU-SY
S2_new_records,Bearing2_1,60,,0.0,XJTU-SY
S2_new_records,Bearing2_1,60,,0.0,XJTU-SY
S2_new_records,Bearing2_1,60,,0.0,XJTU-SY
S2_new_records,Bearing2_1,60,,0.0,XJTU-SY
S2_new_records,Bearing2_1,60,,0.0,XJTU-SY
S2_new_records,Bearing2_1,60,,0.0,XJTU-SY
S2_new_records,Bearing2_1,60,,0.0,XJTU-SY
S2_new_records,Bearing2_1,60,,0.0,XJTU-SY
S2_new_records,Bearing2_1,60,,0.0,XJTU-SY
S2_new_records,Bearing2_1,60,,0.0,XJTU-SY
S2_new_records,Bearing2_1,60,,0.0,XJTU-SY
S2_new_records,Bearing2_1,60,,0.0,XJTU-SY
S2_new_records,Bearing2_1,60,,0.0,XJTU-SY
S2_new_records,Bearing2_1,60,,0.0,XJTU-SY
S2_new_records,Bearing2_1,60,,0.0,XJTU-SY
S2_new_records,Bearing2_1,60,,0.0,XJTU-SY
S2_new_records,Bearing2_1,60,,0.0,XJTU-SY
S2_new_records,Bearing2_1,60,,0.0,XJTU-SY
S2_new_records,Bearing2_1,60,,0.0,XJTU-SY
S2_new_records,Bearing2_1,60,,0.0,XJTU-SY
S2_new_records,Bearing2_1,60,,0.0,XJTU-SY
S2_new_records,Bearing2_1,60,,0.0,XJTU-SY
S2_new_records,Bearing2_1,60,,0.0,XJTU-SY
S2_new_records,Bearing2_1,60,,0.0,XJTU-SY
S2_new_records,Bearing2_1,60,,0.0,XJTU-SY
S2_new_records,Bearing2_1,60,,0.0,XJTU-SY
S2_new_records,Bearing2_1,60,,0.0,XJTU-SY
S2_new_records,Bearing2_1,60,,0.0,XJTU-SY
S2_new_records,Bearing2_1,60,,0.0,XJTU-SY
S2_new_records,Bearing2_1,160,,0.0,XJTU-SY
S2_new_records,Bearing2_1,160,,0.0,XJTU-SY
S2_new_records,Bearing2_1,160,,0.0,XJTU-SY
S2_new_records,Bearing2_1,160,,0.0,XJTU-SY
S2_new_records,Bearing2_1,160,,0.0,XJTU-SY
S2_new_records,Bearing2_1,160,,0.0,XJTU-SY
S2_new_records,Bearing2_1,160,,0.0,XJTU-SY
S2_new_records,Bearing2_1,160,,0.0,XJTU-SY
S2_new_records,Bearing2_1,160,,0.0,XJTU-SY
S2_new_records,Bearing2_1,160,,0.0,XJTU-SY
S2_new_records,Bearing2_1,160,,0.0,XJTU-SY
S2_new_records,Bearing2_1,160,,0.0,XJTU-SY
S2_new_records,Bearing2_1,160,,0.0,XJTU-SY
S2_new_records,Bearing2_1,160,,0.0,XJTU-SY
S2_new_records,Bearing2_1,160,,0.0,XJTU-SY
S2_new_records,Bearing2_1,160,,0.0,XJTU-SY
S2_new_records,Bearing2_1,160,,0.0,XJTU-SY
S2_new_records,Bearing2_1,160,,0.0,XJTU-SY
S2_new_records,Bearing2_1,160,,0.0,XJTU-SY
S2_new_records,Bearing2_1,160,,0.0,XJTU-SY
S2_new_records,Bearing2_1,160,,0.0,XJTU-SY
S2_new_records,Bearing2_1,160,,0.0,XJTU-SY
S2_new_records,Bearing2_1,160,,0.0,XJTU-SY
S2_new_records,Bearing2_1,160,,0.0,XJTU-SY
S2_new_records,Bearing2_1,160,,0.0,XJTU-SY
S2_new_records,Bearing2_1,160,,0.0,XJTU-SY
S2_new_records,Bearing2_1,160,,0.0,XJTU-SY
S2_new_records,Bearing2_1,160,,0.0,XJTU-SY
S2_new_records,Bearing2_1,160,,0.0,XJTU-SY
S2_new_records,Bearing2_1,160,,0.0,XJTU-SY
S2_new_records,Bearing2_1,160,,0.0,XJTU-SY
S2_new_records,Bearing2_1,160,,0.0,XJTU-SY
S2_new_records,Bearing2_1,160,,0.0,XJTU-SY
S2_new_records,Bearing2_1,160,,0.0,XJTU-SY
S2_new_records,Bearing2_1,160,,0.0,XJTU-SY
S2_new_records,Bearing2_1,160,,0.0,XJTU-SY
S2_new_records,Bearing2_1,160,,0.0,XJTU-SY
S2_new_records,Bearing2_1,160,,0.0,XJTU-SY
S2_new_records,Bearing2_1,160,,0.0,XJTU-SY
S2_new_records,Bearing2_1,160,,0.0,XJTU-SY
S2_new_records,Bearing2_1,160,,0.0,XJTU-SY
S2_new_records,Bearing2_1,160,,0.0,XJTU-SY
S2_new_records,Bearing2_1,160,,0.0,XJTU-SY
S2_new_records,Bearing2_1,160,,0.0,XJTU-SY
S2_new_records,Bearing2_1,160,,0.0,XJTU-SY
S2_new_records,Bearing2_1,160,,0.0,XJTU-SY
S2_new_records,Bearing2_1,160,,0.0,XJTU-SY
S2_new_records,Bearing2_1,160,,0.0,XJTU-SY
S2_new_records,Bearing2_1,160,,0.0,XJTU-SY
S2_new_records,Bearing2_1,160,,0.0,XJTU-SY
S2_new_records,Bearing2_2,20,,0.0,XJTU-SY
S2_new_records,Bearing2_2,20,,0.0,XJTU-SY
S2_new_records,Bearing2_2,20,,0.0,XJTU-SY
S2_new_records,Bearing2_2,20,,0.0,XJTU-SY
S2_new_records,Bearing2_2,20,,0.0,XJTU-SY
S2_new_records,Bearing2_2,20,,0.0,XJTU-SY
S2_new_records,Bearing2_2,20,,0.0,XJTU-SY
S2_new_records,Bearing2_2,20,,0.0,XJTU-SY
S2_new_records,Bearing2_2,20,,0.0,XJTU-SY
S2_new_records,Bearing2_2,20,,0.0,XJTU-SY
S2_new_records,Bearing2_2,20,,0.0,XJTU-SY
S2_new_records,Bearing2_2,20,,0.0,XJTU-SY
S2_new_records,Bearing2_2,20,,0.0,XJTU-SY
S2_new_records,Bearing2_2,20,,0.0,XJTU-SY
S2_new_records,Bearing2_2,20,,0.0,XJTU-SY
S2_new_records,Bearing2_2,20,,0.0,XJTU-SY
S2_new_records,Bearing2_2,20,,0.0,XJTU-SY
S2_new_records,Bearing2_2,20,,0.0,XJTU-SY
S2_new_records,Bearing2_2,20,,0.0,XJTU-SY
S2_new_records,Bearing2_2,20,,0.0,XJTU-SY
S2_new_records,Bearing2_2,20,,0.0,XJTU-SY
S2_new_records,Bearing2_2,20,,0.0,XJTU-SY
S2_new_records,Bearing2_2,20,,0.0,XJTU-SY
S2_new_records,Bearing2_2,20,,0.0,XJTU-SY
S2_new_records,Bearing2_2,20,,0.0,XJTU-SY
S2_new_records,Bearing2_2,20,,0.0,XJTU-SY
S2_new_records,Bearing2_2,20,,0.0,XJTU-SY
S2_new_records,Bearing2_2,20,,0.0,XJTU-SY
S2_new_records,Bearing2_2,20,,0.0,XJTU-SY
S2_new_records,Bearing2_2,20,,0.0,XJTU-SY
S2_new_records,Bearing2_2,20,,0.0,XJTU-SY
S2_new_records,Bearing2_2,20,,0.0,XJTU-SY
S2_new_records,Bearing2_2,20,,0.0,XJTU-SY
S2_new_records,Bearing2_2,20,,0.0,XJTU-SY
S2_new_records,Bearing2_2,20,,0.0,XJTU-SY
S2_new_records,Bearing2_2,20,,0.0,XJTU-SY
S2_new_records,Bearing2_2,20,,0.0,XJTU-SY
S2_new_records,Bearing2_2,20,,0.0,XJTU-SY
S2_new_records,Bearing2_2,20,,0.0,XJTU-SY
S2_new_records,Bearing2_2,20,,0.0,XJTU-SY
S2_new_records,Bearing2_2,20,,0.0,XJTU-SY
S2_new_records,Bearing2_2,20,,0.0,XJTU-SY
S2_new_records,Bearing2_2,20,,0.0,XJTU-SY
S2_new_records,Bearing2_2,20,,0.0,XJTU-SY
S2_new_records,Bearing2_2,20,,0.0,XJTU-SY
S2_new_records,Bearing2_2,20,,0.0,XJTU-SY
S2_new_records,Bearing2_2,20,,0.0,XJTU-SY
S2_new_records,Bearing2_2,20,,0.0,XJTU-SY
S2_new_records,Bearing2_2,20,,0.0,XJTU-SY
S2_new_records,Bearing2_2,20,,0.0,XJTU-SY
S2_new_records,Bearing2_2,60,,0.0,XJTU-SY
S2_new_records,Bearing2_2,60,,0.0,XJTU-SY
S2_new_records,Bearing2_2,60,,0.0,XJTU-SY
S2_new_records,Bearing2_2,60,,0.0,XJTU-SY
S2_new_records,Bearing2_2,60,,0.0,XJTU-SY
S2_new_records,Bearing2_2,60,,0.0,XJTU-SY
S2_new_records,Bearing2_2,60,,0.0,XJTU-SY
S2_new_records,Bearing2_2,60,,0.0,XJTU-SY
S2_new_records,Bearing2_2,60,,0.0,XJTU-SY
S2_new_records,Bearing2_2,60,,0.0,XJTU-SY
S2_new_records,Bearing2_2,60,,0.0,XJTU-SY
S2_new_records,Bearing2_2,60,,0.0,XJTU-SY
S2_new_records,Bearing2_2,60,,0.0,XJTU-SY
S2_new_records,Bearing2_2,60,,0.0,XJTU-SY
S2_new_records,Bearing2_2,60,,0.0,XJTU-SY
S2_new_records,Bearing2_2,60,,0.0,XJTU-SY
S2_new_records,Bearing2_2,60,,0.0,XJTU-SY
S2_new_records,Bearing2_2,60,,0.0,XJTU-SY
S2_new_records,Bearing2_2,60,,0.0,XJTU-SY
S2_new_records,Bearing2_2,60,,0.0,XJTU-SY
S2_new_records,Bearing2_2,60,,0.0,XJTU-SY
S2_new_records,Bearing2_2,60,,0.0,XJTU-SY
S2_new_records,Bearing2_2,60,,0.0,XJTU-SY
S2_new_records,Bearing2_2,60,,0.0,XJTU-SY
S2_new_records,Bearing2_2,60,,0.0,XJTU-SY
S2_new_records,Bearing2_2,60,,0.0,XJTU-SY
S2_new_records,Bearing2_2,60,,0.0,XJTU-SY
S2_new_records,Bearing2_2,60,,0.0,XJTU-SY
S2_new_records,Bearing2_2,60,,0.0,XJTU-SY
S2_new_records,Bearing2_2,60,,0.0,XJTU-SY
S2_new_records,Bearing2_2,60,,0.0,XJTU-SY
S2_new_records,Bearing2_2,60,,0.0,XJTU-SY
S2_new_records,Bearing2_2,60,,0.0,XJTU-SY
S2_new_records,Bearing2_2,60,,0.0,XJTU-SY
S2_new_records,Bearing2_2,60,,0.0,XJTU-SY
S2_new_records,Bearing2_2,60,,0.0,XJTU-SY
S2_new_records,Bearing2_2,60,,0.0,XJTU-SY
S2_new_records,Bearing2_2,60,,0.0,XJTU-SY
S2_new_records,Bearing2_2,60,,0.0,XJTU-SY
S2_new_records,Bearing2_2,60,,0.0,XJTU-SY
S2_new_records,Bearing2_2,60,,0.0,XJTU-SY
S2_new_records,Bearing2_2,60,,0.0,XJTU-SY
S2_new_records,Bearing2_2,60,,0.0,XJTU-SY
S2_new_records,Bearing2_2,60,,0.0,XJTU-SY
S2_new_records,Bearing2_2,60,,0.0,XJTU-SY
S2_new_records,Bearing2_2,60,,0.0,XJTU-SY
S2_new_records,Bearing2_2,60,,0.0,XJTU-SY
S2_new_records,Bearing2_2,60,,0.0,XJTU-SY
S2_new_records,Bearing2_2,60,,0.0,XJTU-SY
S2_new_records,Bearing2_2,60,,0.0,XJTU-SY
S2_new_records,Bearing2_2,160,,0.0,XJTU-SY
S2_new_records,Bearing2_2,160,,0.0,XJTU-SY
S2_new_records,Bearing2_2,160,,0.0,XJTU-SY
S2_new_records,Bearing2_2,160,,0.0,XJTU-SY
S2_new_records,Bearing2_2,160,,0.0,XJTU-SY
S2_new_records,Bearing2_2,160,,0.0,XJTU-SY
S2_new_records,Bearing2_2,160,,0.0,XJTU-SY
S2_new_records,Bearing2_2,160,,0.0,XJTU-SY
S2_new_records,Bearing2_2,160,,0.0,XJTU-SY
S2_new_records,Bearing2_2,160,,0.0,XJTU-SY
S2_new_records,Bearing2_2,160,,0.0,XJTU-SY
S2_new_records,Bearing2_2,160,,0.0,XJTU-SY
S2_new_records,Bearing2_2,160,,0.0,XJTU-SY
S2_new_records,Bearing2_2,160,,0.0,XJTU-SY
S2_new_records,Bearing2_2,160,,0.0,XJTU-SY
S2_new_records,Bearing2_2,160,,0.0,XJTU-SY
S2_new_records,Bearing2_2,160,,0.0,XJTU-SY
S2_new_records,Bearing2_2,160,,0.0,XJTU-SY
S2_new_records,Bearing2_2,160,,0.0,XJTU-SY
S2_new_records,Bearing2_2,160,,0.0,XJTU-SY
S2_new_records,Bearing2_2,160,,0.0,XJTU-SY
S2_new_records,Bearing2_2,160,,0.0,XJTU-SY
S2_new_records,Bearing2_2,160,,0.0,XJTU-SY
S2_new_records,Bearing2_2,160,,0.0,XJTU-SY
S2_new_records,Bearing2_2,160,,0.0,XJTU-SY
S2_new_records,Bearing2_2,160,,0.0,XJTU-SY
S2_new_records,Bearing2_2,160,,0.0,XJTU-SY
S2_new_records,Bearing2_2,160,,0.0,XJTU-SY
S2_new_records,Bearing2_2,160,,0.0,XJTU-SY
S2_new_records,Bearing2_2,160,,0.0,XJTU-SY
S2_new_records,Bearing2_2,160,,0.0,XJTU-SY
S2_new_records,Bearing2_2,160,,0.0,XJTU-SY
S2_new_records,Bearing2_2,160,,0.0,XJTU-SY
S2_new_records,Bearing2_2,160,,0.0,XJTU-SY
S2_new_records,Bearing2_2,160,,0.0,XJTU-SY
S2_new_records,Bearing2_2,160,,0.0,XJTU-SY
S2_new_records,Bearing2_2,160,,0.0,XJTU-SY
S2_new_records,Bearing2_2,160,,0.0,XJTU-SY
S2_new_records,Bearing2_2,160,,0.0,XJTU-SY
S2_new_records,Bearing2_2,160,,0.0,XJTU-SY
S2_new_records,Bearing2_2,160,,0.0,XJTU-SY
S2_new_records,Bearing2_2,160,,0.0,XJTU-SY
S2_new_records,Bearing2_2,160,,0.0,XJTU-SY
S2_new_records,Bearing2_2,160,,0.0,XJTU-SY
S2_new_records,Bearing2_2,160,,0.0,XJTU-SY
S2_new_records,Bearing2_2,160,,0.0,XJTU-SY
S2_new_records,Bearing2_2,160,,0.0,XJTU-SY
S2_new_records,Bearing2_2,160,,0.0,XJTU-SY
S2_new_records,Bearing2_2,160,,0.0,XJTU-SY
S2_new_records,Bearing2_2,160,,0.0,XJTU-SY
S2_new_records,Bearing2_3,20,,0.0,XJTU-SY
S2_new_records,Bearing2_3,20,,0.0,XJTU-SY
S2_new_records,Bearing2_3,20,,0.0,XJTU-SY
S2_new_records,Bearing2_3,20,,0.0,XJTU-SY
S2_new_records,Bearing2_3,20,,0.0,XJTU-SY
S2_new_records,Bearing2_3,20,,0.0,XJTU-SY
S2_new_records,Bearing2_3,20,,0.0,XJTU-SY
S2_new_records,Bearing2_3,20,,0.0,XJTU-SY
S2_new_records,Bearing2_3,20,,0.0,XJTU-SY
S2_new_records,Bearing2_3,20,,0.0,XJTU-SY
S2_new_records,Bearing2_3,20,,0.0,XJTU-SY
S2_new_records,Bearing2_3,20,,0.0,XJTU-SY
S2_new_records,Bearing2_3,20,,0.0,XJTU-SY
S2_new_records,Bearing2_3,20,,0.0,XJTU-SY
S2_new_records,Bearing2_3,20,,0.0,XJTU-SY
S2_new_records,Bearing2_3,20,,0.0,XJTU-SY
S2_new_records,Bearing2_3,20,,0.0,XJTU-SY
S2_new_records,Bearing2_3,20,,0.0,XJTU-SY
S2_new_records,Bearing2_3,20,,0.0,XJTU-SY
S2_new_records,Bearing2_3,20,,0.0,XJTU-SY
S2_new_records,Bearing2_3,20,,0.0,XJTU-SY
S2_new_records,Bearing2_3,20,,0.0,XJTU-SY
S2_new_records,Bearing2_3,20,,0.0,XJTU-SY
S2_new_records,Bearing2_3,20,,0.0,XJTU-SY
S2_new_records,Bearing2_3,20,,0.0,XJTU-SY
S2_new_records,Bearing2_3,20,,0.0,XJTU-SY
S2_new_records,Bearing2_3,20,,0.0,XJTU-SY
S2_new_records,Bearing2_3,20,,0.0,XJTU-SY
S2_new_records,Bearing2_3,20,,0.0,XJTU-SY
S2_new_records,Bearing2_3,20,,0.0,XJTU-SY
S2_new_records,Bearing2_3,20,,0.0,XJTU-SY
S2_new_records,Bearing2_3,20,,0.0,XJTU-SY
S2_new_records,Bearing2_3,20,,0.0,XJTU-SY
S2_new_records,Bearing2_3,20,,0.0,XJTU-SY
S2_new_records,Bearing2_3,20,,0.0,XJTU-SY
S2_new_records,Bearing2_3,20,,0.0,XJTU-SY
S2_new_records,Bearing2_3,20,,0.0,XJTU-SY
S2_new_records,Bearing2_3,20,,0.0,XJTU-SY
S2_new_records,Bearing2_3,20,,0.0,XJTU-SY
S2_new_records,Bearing2_3,20,,0.0,XJTU-SY
S2_new_records,Bearing2_3,20,,0.0,XJTU-SY
S2_new_records,Bearing2_3,20,,0.0,XJTU-SY
S2_new_records,Bearing2_3,20,,0.0,XJTU-SY
S2_new_records,Bearing2_3,20,,0.0,XJTU-SY
S2_new_records,Bearing2_3,20,,0.0,XJTU-SY
S2_new_records,Bearing2_3,20,,0.0,XJTU-SY
S2_new_records,Bearing2_3,20,,0.0,XJTU-SY
S2_new_records,Bearing2_3,20,,0.0,XJTU-SY
S2_new_records,Bearing2_3,20,,0.0,XJTU-SY
S2_new_records,Bearing2_3,20,,0.0,XJTU-SY
S2_new_records,Bearing2_3,60,,0.0,XJTU-SY
S2_new_records,Bearing2_3,60,,0.0,XJTU-SY
S2_new_records,Bearing2_3,60,,0.0,XJTU-SY
S2_new_records,Bearing2_3,60,,0.0,XJTU-SY
S2_new_records,Bearing2_3,60,,0.0,XJTU-SY
S2_new_records,Bearing2_3,60,,0.0,XJTU-SY
S2_new_records,Bearing2_3,60,,0.0,XJTU-SY
S2_new_records,Bearing2_3,60,,0.0,XJTU-SY
S2_new_records,Bearing2_3,60,,0.0,XJTU-SY
S2_new_records,Bearing2_3,60,,0.0,XJTU-SY
S2_new_records,Bearing2_3,60,,0.0,XJTU-SY
S2_new_records,Bearing2_3,60,,0.0,XJTU-SY
S2_new_records,Bearing2_3,60,,0.0,XJTU-SY
S2_new_records,Bearing2_3,60,,0.0,XJTU-SY
S2_new_records,Bearing2_3,60,,0.0,XJTU-SY
S2_new_records,Bearing2_3,60,,0.0,XJTU-SY
S2_new_records,Bearing2_3,60,,0.0,XJTU-SY
S2_new_records,Bearing2_3,60,,0.0,XJTU-SY
S2_new_records,Bearing2_3,60,,0.0,XJTU-SY
S2_new_records,Bearing2_3,60,,0.0,XJTU-SY
S2_new_records,Bearing2_3,60,,0.0,XJTU-SY
S2_new_records,Bearing2_3,60,,0.0,XJTU-SY
S2_new_records,Bearing2_3,60,,0.0,XJTU-SY
S2_new_records,Bearing2_3,60,,0.0,XJTU-SY
S2_new_records,Bearing2_3,60,,0.0,XJTU-SY
S2_new_records,Bearing2_3,60,,0.0,XJTU-SY
S2_new_records,Bearing2_3,60,,0.0,XJTU-SY
S2_new_records,Bearing2_3,60,,0.0,XJTU-SY
S2_new_records,Bearing2_3,60,,0.0,XJTU-SY
S2_new_records,Bearing2_3,60,,0.0,XJTU-SY
S2_new_records,Bearing2_3,60,,0.0,XJTU-SY
S2_new_records,Bearing2_3,60,,0.0,XJTU-SY
S2_new_records,Bearing2_3,60,,0.0,XJTU-SY
S2_new_records,Bearing2_3,60,,0.0,XJTU-SY
S2_new_records,Bearing2_3,60,,0.0,XJTU-SY
S2_new_records,Bearing2_3,60,,0.0,XJTU-SY
S2_new_records,Bearing2_3,60,,0.0,XJTU-SY
S2_new_records,Bearing2_3,60,,0.0,XJTU-SY
S2_new_records,Bearing2_3,60,,0.0,XJTU-SY
S2_new_records,Bearing2_3,60,,0.0,XJTU-SY
S2_new_records,Bearing2_3,60,,0.0,XJTU-SY
S2_new_records,Bearing2_3,60,,0.0,XJTU-SY
S2_new_records,Bearing2_3,60,,0.0,XJTU-SY
S2_new_records,Bearing2_3,60,,0.0,XJTU-SY
S2_new_records,Bearing2_3,60,,0.0,XJTU-SY
S2_new_records,Bearing2_3,60,,0.0,XJTU-SY
S2_new_records,Bearing2_3,60,,0.0,XJTU-SY
S2_new_records,Bearing2_3,60,,0.0,XJTU-SY
S2_new_records,Bearing2_3,60,,0.0,XJTU-SY
S2_new_records,Bearing2_3,60,,0.0,XJTU-SY
S2_new_records,Bearing2_3,160,,0.0,XJTU-SY
S2_new_records,Bearing2_3,160,,0.0,XJTU-SY
S2_new_records,Bearing2_3,160,,0.0,XJTU-SY
S2_new_records,Bearing2_3,160,,0.0,XJTU-SY
S2_new_records,Bearing2_3,160,,0.0,XJTU-SY
S2_new_records,Bearing2_3,160,,0.0,XJTU-SY
S2_new_records,Bearing2_3,160,,0.0,XJTU-SY
S2_new_records,Bearing2_3,160,,0.0,XJTU-SY
S2_new_records,Bearing2_3,160,,0.0,XJTU-SY
S2_new_records,Bearing2_3,160,,0.0,XJTU-SY
S2_new_records,Bearing2_3,160,,0.0,XJTU-SY
S2_new_records,Bearing2_3,160,,0.0,XJTU-SY
S2_new_records,Bearing2_3,160,,0.0,XJTU-SY
S2_new_records,Bearing2_3,160,,0.0,XJTU-SY
S2_new_records,Bearing2_3,160,,0.0,XJTU-SY
S2_new_records,Bearing2_3,160,,0.0,XJTU-SY
S2_new_records,Bearing2_3,160,,0.0,XJTU-SY
S2_new_records,Bearing2_3,160,,0.0,XJTU-SY
S2_new_records,Bearing2_3,160,,0.0,XJTU-SY
S2_new_records,Bearing2_3,160,,0.0,XJTU-SY
S2_new_records,Bearing2_3,160,,0.0,XJTU-SY
S2_new_records,Bearing2_3,160,,0.0,XJTU-SY
S2_new_records,Bearing2_3,160,,0.0,XJTU-SY
S2_new_records,Bearing2_3,160,,0.0,XJTU-SY
S2_new_records,Bearing2_3,160,,0.0,XJTU-SY
S2_new_records,Bearing2_3,160,,0.0,XJTU-SY
S2_new_records,Bearing2_3,160,,0.0,XJTU-SY
S2_new_records,Bearing2_3,160,,0.0,XJTU-SY
S2_new_records,Bearing2_3,160,,0.0,XJTU-SY
S2_new_records,Bearing2_3,160,,0.0,XJTU-SY
S2_new_records,Bearing2_3,160,,0.0,XJTU-SY
S2_new_records,Bearing2_3,160,,0.0,XJTU-SY
S2_new_records,Bearing2_3,160,,0.0,XJTU-SY
S2_new_records,Bearing2_3,160,,0.0,XJTU-SY
S2_new_records,Bearing2_3,160,,0.0,XJTU-SY
S2_new_records,Bearing2_3,160,,0.0,XJTU-SY
S2_new_records,Bearing2_3,160,,0.0,XJTU-SY
S2_new_records,Bearing2_3,160,,0.0,XJTU-SY
S2_new_records,Bearing2_3,160,,0.0,XJTU-SY
S2_new_records,Bearing2_3,160,,0.0,XJTU-SY
S2_new_records,Bearing2_3,160,,0.0,XJTU-SY
S2_new_records,Bearing2_3,160,,0.0,XJTU-SY
S2_new_records,Bearing2_3,160,,0.0,XJTU-SY
S2_new_records,Bearing2_3,160,,0.0,XJTU-SY
S2_new_records,Bearing2_3,160,,0.0,XJTU-SY
S2_new_records,Bearing2_3,160,,0.0,XJTU-SY
S2_new_records,Bearing2_3,160,,0.0,XJTU-SY
S2_new_records,Bearing2_3,160,,0.0,XJTU-SY
S2_new_records,Bearing2_3,160,,0.0,XJTU-SY
S2_new_records,Bearing2_3,160,,0.0,XJTU-SY
S2_new_records,Bearing2_5,20,,0.0,XJTU-SY
S2_new_records,Bearing2_5,20,,0.0,XJTU-SY
S2_new_records,Bearing2_5,20,,0.0,XJTU-SY
S2_new_records,Bearing2_5,20,,0.030303030303030304,XJTU-SY
S2_new_records,Bearing2_5,20,,0.0,XJTU-SY
S2_new_records,Bearing2_5,20,,0.030303030303030304,XJTU-SY
S2_new_records,Bearing2_5,20,,0.09090909090909091,XJTU-SY
S2_new_records,Bearing2_5,20,,0.8484848484848485,XJTU-SY
S2_new_records,Bearing2_5,20,,0.0,XJTU-SY
S2_new_records,Bearing2_5,20,,0.0,XJTU-SY
S2_new_records,Bearing2_5,20,,0.0,XJTU-SY
S2_new_records,Bearing2_5,20,,0.0,XJTU-SY
S2_new_records,Bearing2_5,20,,0.09090909090909091,XJTU-SY
S2_new_records,Bearing2_5,20,,0.0,XJTU-SY
S2_new_records,Bearing2_5,20,,0.0,XJTU-SY
S2_new_records,Bearing2_5,20,,0.2727272727272727,XJTU-SY
S2_new_records,Bearing2_5,20,,0.0,XJTU-SY
S2_new_records,Bearing2_5,20,,0.030303030303030304,XJTU-SY
S2_new_records,Bearing2_5,20,,0.0,XJTU-SY
S2_new_records,Bearing2_5,20,,0.0,XJTU-SY
S2_new_records,Bearing2_5,20,,0.0,XJTU-SY
S2_new_records,Bearing2_5,20,,0.0,XJTU-SY
S2_new_records,Bearing2_5,20,,0.0,XJTU-SY
S2_new_records,Bearing2_5,20,,0.0,XJTU-SY
S2_new_records,Bearing2_5,20,,0.030303030303030304,XJTU-SY
S2_new_records,Bearing2_5,20,,0.030303030303030304,XJTU-SY
S2_new_records,Bearing2_5,20,,0.0,XJTU-SY
S2_new_records,Bearing2_5,20,,0.30303030303030304,XJTU-SY
S2_new_records,Bearing2_5,20,,0.0,XJTU-SY
S2_new_records,Bearing2_5,20,,0.0,XJTU-SY
S2_new_records,Bearing2_5,20,,0.0,XJTU-SY
S2_new_records,Bearing2_5,20,,0.0,XJTU-SY
S2_new_records,Bearing2_5,20,,0.06060606060606061,XJTU-SY
S2_new_records,Bearing2_5,20,,0.0,XJTU-SY
S2_new_records,Bearing2_5,20,,0.7272727272727273,XJTU-SY
S2_new_records,Bearing2_5,20,,0.0,XJTU-SY
S2_new_records,Bearing2_5,20,,0.2727272727272727,XJTU-SY
S2_new_records,Bearing2_5,20,,0.030303030303030304,XJTU-SY
S2_new_records,Bearing2_5,20,,1.0,XJTU-SY
S2_new_records,Bearing2_5,20,,0.0,XJTU-SY
S2_new_records,Bearing2_5,20,,0.0,XJTU-SY
S2_new_records,Bearing2_5,20,,0.2727272727272727,XJTU-SY
S2_new_records,Bearing2_5,20,,0.0,XJTU-SY
S2_new_records,Bearing2_5,20,,0.0,XJTU-SY
S2_new_records,Bearing2_5,20,,0.0,XJTU-SY
S2_new_records,Bearing2_5,20,,0.0,XJTU-SY
S2_new_records,Bearing2_5,20,,0.21212121212121213,XJTU-SY
S2_new_records,Bearing2_5,20,,0.0,XJTU-SY
S2_new_records,Bearing2_5,20,,0.0,XJTU-SY
S2_new_records,Bearing2_5,20,,0.0,XJTU-SY
S2_new_records,Bearing2_5,60,,0.0,XJTU-SY
S2_new_records,Bearing2_5,60,,0.0,XJTU-SY
S2_new_records,Bearing2_5,60,,0.0,XJTU-SY
S2_new_records,Bearing2_5,60,,0.0,XJTU-SY
S2_new_records,Bearing2_5,60,,0.09090909090909091,XJTU-SY
S2_new_records,Bearing2_5,60,,0.0,XJTU-SY
S2_new_records,Bearing2_5,60,,0.0,XJTU-SY
S2_new_records,Bearing2_5,60,,0.0,XJTU-SY
S2_new_records,Bearing2_5,60,,0.0,XJTU-SY
S2_new_records,Bearing2_5,60,,0.06060606060606061,XJTU-SY
S2_new_records,Bearing2_5,60,,0.0,XJTU-SY
S2_new_records,Bearing2_5,60,,0.0,XJTU-SY
S2_new_records,Bearing2_5,60,,0.0,XJTU-SY
S2_new_records,Bearing2_5,60,,0.0,XJTU-SY
S2_new_records,Bearing2_5,60,,0.0,XJTU-SY
S2_new_records,Bearing2_5,60,,0.0,XJTU-SY
S2_new_records,Bearing2_5,60,,0.9393939393939394,XJTU-SY
S2_new_records,Bearing2_5,60,,0.0,XJTU-SY
S2_new_records,Bearing2_5,60,,0.0,XJTU-SY
S2_new_records,Bearing2_5,60,,0.0,XJTU-SY
S2_new_records,Bearing2_5,60,,0.0,XJTU-SY
S2_new_records,Bearing2_5,60,,0.0,XJTU-SY
S2_new_records,Bearing2_5,60,,0.0,XJTU-SY
S2_new_records,Bearing2_5,60,,0.0,XJTU-SY
S2_new_records,Bearing2_5,60,,0.0,XJTU-SY
S2_new_records,Bearing2_5,60,,0.0,XJTU-SY
S2_new_records,Bearing2_5,60,,0.0,XJTU-SY
S2_new_records,Bearing2_5,60,,0.0,XJTU-SY
S2_new_records,Bearing2_5,60,,0.0,XJTU-SY
S2_new_records,Bearing2_5,60,,0.9090909090909091,XJTU-SY
S2_new_records,Bearing2_5,60,,0.0,XJTU-SY
S2_new_records,Bearing2_5,60,,0.0,XJTU-SY
S2_new_records,Bearing2_5,60,,0.42424242424242425,XJTU-SY
S2_new_records,Bearing2_5,60,,0.3939393939393939,XJTU-SY
S2_new_records,Bearing2_5,60,,0.0,XJTU-SY
S2_new_records,Bearing2_5,60,,0.0,XJTU-SY
S2_new_records,Bearing2_5,60,,0.0,XJTU-SY
S2_new_records,Bearing2_5,60,,0.0,XJTU-SY
S2_new_records,Bearing2_5,60,,0.0,XJTU-SY
S2_new_records,Bearing2_5,60,,0.0,XJTU-SY
S2_new_records,Bearing2_5,60,,0.8787878787878788,XJTU-SY
S2_new_records,Bearing2_5,60,,0.18181818181818182,XJTU-SY
S2_new_records,Bearing2_5,60,,0.0,XJTU-SY
S2_new_records,Bearing2_5,60,,0.0,XJTU-SY
S2_new_records,Bearing2_5,60,,0.0,XJTU-SY
S2_new_records,Bearing2_5,60,,0.0,XJTU-SY
S2_new_records,Bearing2_5,60,,0.21212121212121213,XJTU-SY
S2_new_records,Bearing2_5,60,,0.0,XJTU-SY
S2_new_records,Bearing2_5,60,,0.0,XJTU-SY
S2_new_records,Bearing2_5,60,,0.0,XJTU-SY
S2_new_records,Bearing2_5,160,,0.0,XJTU-SY
S2_new_records,Bearing2_5,160,,0.0,XJTU-SY
S2_new_records,Bearing2_5,160,,0.0,XJTU-SY
S2_new_records,Bearing2_5,160,,0.0,XJTU-SY
S2_new_records,Bearing2_5,160,,0.0,XJTU-SY
S2_new_records,Bearing2_5,160,,0.0,XJTU-SY
S2_new_records,Bearing2_5,160,,0.0,XJTU-SY
S2_new_records,Bearing2_5,160,,0.0,XJTU-SY
S2_new_records,Bearing2_5,160,,0.0,XJTU-SY
S2_new_records,Bearing2_5,160,,0.0,XJTU-SY
S2_new_records,Bearing2_5,160,,0.0,XJTU-SY
S2_new_records,Bearing2_5,160,,0.0,XJTU-SY
S2_new_records,Bearing2_5,160,,0.0,XJTU-SY
S2_new_records,Bearing2_5,160,,0.0,XJTU-SY
S2_new_records,Bearing2_5,160,,0.0,XJTU-SY
S2_new_records,Bearing2_5,160,,0.0,XJTU-SY
S2_new_records,Bearing2_5,160,,0.0,XJTU-SY
S2_new_records,Bearing2_5,160,,0.0,XJTU-SY
S2_new_records,Bearing2_5,160,,0.0,XJTU-SY
S2_new_records,Bearing2_5,160,,0.0,XJTU-SY
S2_new_records,Bearing2_5,160,,0.0,XJTU-SY
S2_new_records,Bearing2_5,160,,0.0,XJTU-SY
S2_new_records,Bearing2_5,160,,0.0,XJTU-SY
S2_new_records,Bearing2_5,160,,0.0,XJTU-SY
S2_new_records,Bearing2_5,160,,0.0,XJTU-SY
S2_new_records,Bearing2_5,160,,0.0,XJTU-SY
S2_new_records,Bearing2_5,160,,0.0,XJTU-SY
S2_new_records,Bearing2_5,160,,0.0,XJTU-SY
S2_new_records,Bearing2_5,160,,0.0,XJTU-SY
S2_new_records,Bearing2_5,160,,0.0,XJTU-SY
S2_new_records,Bearing2_5,160,,0.0,XJTU-SY
S2_new_records,Bearing2_5,160,,0.0,XJTU-SY
S2_new_records,Bearing2_5,160,,0.0,XJTU-SY
S2_new_records,Bearing2_5,160,,0.0,XJTU-SY
S2_new_records,Bearing2_5,160,,0.0,XJTU-SY
S2_new_records,Bearing2_5,160,,0.0,XJTU-SY
S2_new_records,Bearing2_5,160,,0.0,XJTU-SY
S2_new_records,Bearing2_5,160,,0.0,XJTU-SY
S2_new_records,Bearing2_5,160,,0.0,XJTU-SY
S2_new_records,Bearing2_5,160,,0.0,XJTU-SY
S2_new_records,Bearing2_5,160,,0.0,XJTU-SY
S2_new_records,Bearing2_5,160,,0.0,XJTU-SY
S2_new_records,Bearing2_5,160,,0.0,XJTU-SY
S2_new_records,Bearing2_5,160,,0.0,XJTU-SY
S2_new_records,Bearing2_5,160,,0.0,XJTU-SY
S2_new_records,Bearing2_5,160,,0.0,XJTU-SY
S2_new_records,Bearing2_5,160,,0.0,XJTU-SY
S2_new_records,Bearing2_5,160,,0.0,XJTU-SY
S2_new_records,Bearing2_5,160,,0.0,XJTU-SY
S2_new_records,Bearing2_5,160,,0.0,XJTU-SY
S2_new_records,Bearing3_1,20,,0.0,XJTU-SY
S2_new_records,Bearing3_1,20,,0.0,XJTU-SY
S2_new_records,Bearing3_1,20,,0.0,XJTU-SY
S2_new_records,Bearing3_1,20,,0.0,XJTU-SY
S2_new_records,Bearing3_1,20,,0.0,XJTU-SY
S2_new_records,Bearing3_1,20,,0.0,XJTU-SY
S2_new_records,Bearing3_1,20,,0.0,XJTU-SY
S2_new_records,Bearing3_1,20,,0.0,XJTU-SY
S2_new_records,Bearing3_1,20,,0.0,XJTU-SY
S2_new_records,Bearing3_1,20,,0.0,XJTU-SY
S2_new_records,Bearing3_1,20,,0.0,XJTU-SY
S2_new_records,Bearing3_1,20,,0.0,XJTU-SY
S2_new_records,Bearing3_1,20,,0.0,XJTU-SY
S2_new_records,Bearing3_1,20,,0.0,XJTU-SY
S2_new_records,Bearing3_1,20,,0.0,XJTU-SY
S2_new_records,Bearing3_1,20,,0.0,XJTU-SY
S2_new_records,Bearing3_1,20,,0.0,XJTU-SY
S2_new_records,Bearing3_1,20,,0.0,XJTU-SY
S2_new_records,Bearing3_1,20,,0.0,XJTU-SY
S2_new_records,Bearing3_1,20,,0.0,XJTU-SY
S2_new_records,Bearing3_1,20,,0.0,XJTU-SY
S2_new_records,Bearing3_1,20,,0.0,XJTU-SY
S2_new_records,Bearing3_1,20,,0.0,XJTU-SY
S2_new_records,Bearing3_1,20,,0.0,XJTU-SY
S2_new_records,Bearing3_1,20,,0.0,XJTU-SY
S2_new_records,Bearing3_1,20,,0.0,XJTU-SY
S2_new_records,Bearing3_1,20,,0.0,XJTU-SY
S2_new_records,Bearing3_1,20,,0.0,XJTU-SY
S2_new_records,Bearing3_1,20,,0.0,XJTU-SY
S2_new_records,Bearing3_1,20,,0.0,XJTU-SY
S2_new_records,Bearing3_1,20,,0.0,XJTU-SY
S2_new_records,Bearing3_1,20,,0.0,XJTU-SY
S2_new_records,Bearing3_1,20,,0.0,XJTU-SY
S2_new_records,Bearing3_1,20,,0.0,XJTU-SY
S2_new_records,Bearing3_1,20,,0.0,XJTU-SY
S2_new_records,Bearing3_1,20,,0.0,XJTU-SY
S2_new_records,Bearing3_1,20,,0.0,XJTU-SY
S2_new_records,Bearing3_1,20,,0.0,XJTU-SY
S2_new_records,Bearing3_1,20,,0.0,XJTU-SY
S2_new_records,Bearing3_1,20,,0.0,XJTU-SY
S2_new_records,Bearing3_1,20,,0.0,XJTU-SY
S2_new_records,Bearing3_1,20,,0.0,XJTU-SY
S2_new_records,Bearing3_1,20,,0.0,XJTU-SY
S2_new_records,Bearing3_1,20,,0.0,XJTU-SY
S2_new_records,Bearing3_1,20,,0.0,XJTU-SY
S2_new_records,Bearing3_1,20,,0.0,XJTU-SY
S2_new_records,Bearing3_1,20,,0.0,XJTU-SY
S2_new_records,Bearing3_1,20,,0.0,XJTU-SY
S2_new_records,Bearing3_1,20,,0.0,XJTU-SY
S2_new_records,Bearing3_1,20,,0.0,XJTU-SY
S2_new_records,Bearing3_1,60,,0.0,XJTU-SY
S2_new_records,Bearing3_1,60,,0.0,XJTU-SY
S2_new_records,Bearing3_1,60,,0.0,XJTU-SY
S2_new_records,Bearing3_1,60,,0.0,XJTU-SY
S2_new_records,Bearing3_1,60,,0.0,XJTU-SY
S2_new_records,Bearing3_1,60,,0.0,XJTU-SY
S2_new_records,Bearing3_1,60,,0.0,XJTU-SY
S2_new_records,Bearing3_1,60,,0.0,XJTU-SY
S2_new_records,Bearing3_1,60,,0.0,XJTU-SY
S2_new_records,Bearing3_1,60,,0.0,XJTU-SY
S2_new_records,Bearing3_1,60,,0.0,XJTU-SY
S2_new_records,Bearing3_1,60,,0.0,XJTU-SY
S2_new_records,Bearing3_1,60,,0.0,XJTU-SY
S2_new_records,Bearing3_1,60,,0.0,XJTU-SY
S2_new_records,Bearing3_1,60,,0.0,XJTU-SY
S2_new_records,Bearing3_1,60,,0.0,XJTU-SY
S2_new_records,Bearing3_1,60,,0.0,XJTU-SY
S2_new_records,Bearing3_1,60,,0.0,XJTU-SY
S2_new_records,Bearing3_1,60,,0.0,XJTU-SY
S2_new_records,Bearing3_1,60,,0.0,XJTU-SY
S2_new_records,Bearing3_1,60,,0.0,XJTU-SY
S2_new_records,Bearing3_1,60,,0.0,XJTU-SY
S2_new_records,Bearing3_1,60,,0.0,XJTU-SY
S2_new_records,Bearing3_1,60,,0.0,XJTU-SY
S2_new_records,Bearing3_1,60,,0.0,XJTU-SY
S2_new_records,Bearing3_1,60,,0.0,XJTU-SY
S2_new_records,Bearing3_1,60,,0.0,XJTU-SY
S2_new_records,Bearing3_1,60,,0.0,XJTU-SY
S2_new_records,Bearing3_1,60,,0.0,XJTU-SY
S2_new_records,Bearing3_1,60,,0.0,XJTU-SY
S2_new_records,Bearing3_1,60,,0.0,XJTU-SY
S2_new_records,Bearing3_1,60,,0.0,XJTU-SY
S2_new_records,Bearing3_1,60,,0.0,XJTU-SY
S2_new_records,Bearing3_1,60,,0.0,XJTU-SY
S2_new_records,Bearing3_1,60,,0.0,XJTU-SY
S2_new_records,Bearing3_1,60,,0.0,XJTU-SY
S2_new_records,Bearing3_1,60,,0.0,XJTU-SY
S2_new_records,Bearing3_1,60,,0.0,XJTU-SY
S2_new_records,Bearing3_1,60,,0.0,XJTU-SY
S2_new_records,Bearing3_1,60,,0.0,XJTU-SY
S2_new_records,Bearing3_1,60,,0.0,XJTU-SY
S2_new_records,Bearing3_1,60,,0.0,XJTU-SY
S2_new_records,Bearing3_1,60,,0.0,XJTU-SY
S2_new_records,Bearing3_1,60,,0.0,XJTU-SY
S2_new_records,Bearing3_1,60,,0.0,XJTU-SY
S2_new_records,Bearing3_1,60,,0.0,XJTU-SY
S2_new_records,Bearing3_1,60,,0.0,XJTU-SY
S2_new_records,Bearing3_1,60,,0.0,XJTU-SY
S2_new_records,Bearing3_1,60,,0.0,XJTU-SY
S2_new_records,Bearing3_1,60,,0.0,XJTU-SY
S2_new_records,Bearing3_1,160,,0.0,XJTU-SY
S2_new_records,Bearing3_1,160,,0.0,XJTU-SY
S2_new_records,Bearing3_1,160,,0.0,XJTU-SY
S2_new_records,Bearing3_1,160,,0.0,XJTU-SY
S2_new_records,Bearing3_1,160,,0.0,XJTU-SY
S2_new_records,Bearing3_1,160,,0.0,XJTU-SY
S2_new_records,Bearing3_1,160,,0.0,XJTU-SY
S2_new_records,Bearing3_1,160,,0.0,XJTU-SY
S2_new_records,Bearing3_1,160,,0.0,XJTU-SY
S2_new_records,Bearing3_1,160,,0.0,XJTU-SY
S2_new_records,Bearing3_1,160,,0.0,XJTU-SY
S2_new_records,Bearing3_1,160,,0.0,XJTU-SY
S2_new_records,Bearing3_1,160,,0.0,XJTU-SY
S2_new_records,Bearing3_1,160,,0.0,XJTU-SY
S2_new_records,Bearing3_1,160,,0.0,XJTU-SY
S2_new_records,Bearing3_1,160,,0.0,XJTU-SY
S2_new_records,Bearing3_1,160,,0.0,XJTU-SY
S2_new_records,Bearing3_1,160,,0.0,XJTU-SY
S2_new_records,Bearing3_1,160,,0.0,XJTU-SY
S2_new_records,Bearing3_1,160,,0.0,XJTU-SY
S2_new_records,Bearing3_1,160,,0.0,XJTU-SY
S2_new_records,Bearing3_1,160,,0.0,XJTU-SY
S2_new_records,Bearing3_1,160,,0.0,XJTU-SY
S2_new_records,Bearing3_1,160,,0.0,XJTU-SY
S2_new_records,Bearing3_1,160,,0.0,XJTU-SY
S2_new_records,Bearing3_1,160,,0.0,XJTU-SY
S2_new_records,Bearing3_1,160,,0.0,XJTU-SY
S2_new_records,Bearing3_1,160,,0.0,XJTU-SY
S2_new_records,Bearing3_1,160,,0.0,XJTU-SY
S2_new_records,Bearing3_1,160,,0.0,XJTU-SY
S2_new_records,Bearing3_1,160,,0.0,XJTU-SY
S2_new_records,Bearing3_1,160,,0.0,XJTU-SY
S2_new_records,Bearing3_1,160,,0.0,XJTU-SY
S2_new_records,Bearing3_1,160,,0.0,XJTU-SY
S2_new_records,Bearing3_1,160,,0.0,XJTU-SY
S2_new_records,Bearing3_1,160,,0.0,XJTU-SY
S2_new_records,Bearing3_1,160,,0.0,XJTU-SY
S2_new_records,Bearing3_1,160,,0.0,XJTU-SY
S2_new_records,Bearing3_1,160,,0.0,XJTU-SY
S2_new_records,Bearing3_1,160,,0.0,XJTU-SY
S2_new_records,Bearing3_1,160,,0.0,XJTU-SY
S2_new_records,Bearing3_1,160,,0.0,XJTU-SY
S2_new_records,Bearing3_1,160,,0.0,XJTU-SY
S2_new_records,Bearing3_1,160,,0.0,XJTU-SY
S2_new_records,Bearing3_1,160,,0.0,XJTU-SY
S2_new_records,Bearing3_1,160,,0.0,XJTU-SY
S2_new_records,Bearing3_1,160,,0.0,XJTU-SY
S2_new_records,Bearing3_1,160,,0.0,XJTU-SY
S2_new_records,Bearing3_1,160,,0.0,XJTU-SY
S2_new_records,Bearing3_1,160,,0.0,XJTU-SY
S2_new_records,Bearing3_2,20,,0.0,XJTU-SY
S2_new_records,Bearing3_2,20,,0.0,XJTU-SY
S2_new_records,Bearing3_2,20,,0.08333333333333333,XJTU-SY
S2_new_records,Bearing3_2,20,,0.21666666666666667,XJTU-SY
S2_new_records,Bearing3_2,20,,0.0,XJTU-SY
S2_new_records,Bearing3_2,20,,0.1,XJTU-SY
S2_new_records,Bearing3_2,20,,0.06666666666666667,XJTU-SY
S2_new_records,Bearing3_2,20,,0.0,XJTU-SY
S2_new_records,Bearing3_2,20,,0.0,XJTU-SY
S2_new_records,Bearing3_2,20,,0.0,XJTU-SY
S2_new_records,Bearing3_2,20,,0.38333333333333336,XJTU-SY
S2_new_records,Bearing3_2,20,,0.06666666666666667,XJTU-SY
S2_new_records,Bearing3_2,20,,0.0,XJTU-SY
S2_new_records,Bearing3_2,20,,0.3333333333333333,XJTU-SY
S2_new_records,Bearing3_2,20,,0.06666666666666667,XJTU-SY
S2_new_records,Bearing3_2,20,,0.0,XJTU-SY
S2_new_records,Bearing3_2,20,,0.0,XJTU-SY
S2_new_records,Bearing3_2,20,,0.0,XJTU-SY
S2_new_records,Bearing3_2,20,,0.06666666666666667,XJTU-SY
S2_new_records,Bearing3_2,20,,0.0,XJTU-SY
S2_new_records,Bearing3_2,20,,0.15,XJTU-SY
S2_new_records,Bearing3_2,20,,0.0,XJTU-SY
S2_new_records,Bearing3_2,20,,0.0,XJTU-SY
S2_new_records,Bearing3_2,20,,0.11666666666666667,XJTU-SY
S2_new_records,Bearing3_2,20,,0.13333333333333333,XJTU-SY
S2_new_records,Bearing3_2,20,,0.0,XJTU-SY
S2_new_records,Bearing3_2,20,,0.08333333333333333,XJTU-SY
S2_new_records,Bearing3_2,20,,0.08333333333333333,XJTU-SY
S2_new_records,Bearing3_2,20,,0.0,XJTU-SY
S2_new_records,Bearing3_2,20,,0.0,XJTU-SY
S2_new_records,Bearing3_2,20,,0.0,XJTU-SY
S2_new_records,Bearing3_2,20,,0.06666666666666667,XJTU-SY
S2_new_records,Bearing3_2,20,,0.0,XJTU-SY
S2_new_records,Bearing3_2,20,,0.0,XJTU-SY
S2_new_records,Bearing3_2,20,,0.06666666666666667,XJTU-SY
S2_new_records,Bearing3_2,20,,0.0,XJTU-SY
S2_new_records,Bearing3_2,20,,0.26666666666666666,XJTU-SY
S2_new_records,Bearing3_2,20,,0.18333333333333332,XJTU-SY
S2_new_records,Bearing3_2,20,,0.03333333333333333,XJTU-SY
S2_new_records,Bearing3_2,20,,0.0,XJTU-SY
S2_new_records,Bearing3_2,20,,0.13333333333333333,XJTU-SY
S2_new_records,Bearing3_2,20,,0.06666666666666667,XJTU-SY
S2_new_records,Bearing3_2,20,,0.0,XJTU-SY
S2_new_records,Bearing3_2,20,,0.0,XJTU-SY
S2_new_records,Bearing3_2,20,,0.06666666666666667,XJTU-SY
S2_new_records,Bearing3_2,20,,0.06666666666666667,XJTU-SY
S2_new_records,Bearing3_2,20,,0.0,XJTU-SY
S2_new_records,Bearing3_2,20,,0.0,XJTU-SY
S2_new_records,Bearing3_2,20,,0.0,XJTU-SY
S2_new_records,Bearing3_2,20,,0.0,XJTU-SY
S2_new_records,Bearing3_2,60,,0.0,XJTU-SY
S2_new_records,Bearing3_2,60,,0.0,XJTU-SY
S2_new_records,Bearing3_2,60,,0.016666666666666666,XJTU-SY
S2_new_records,Bearing3_2,60,,0.0,XJTU-SY
S2_new_records,Bearing3_2,60,,0.0,XJTU-SY
S2_new_records,Bearing3_2,60,,0.05,XJTU-SY
S2_new_records,Bearing3_2,60,,0.0,XJTU-SY
S2_new_records,Bearing3_2,60,,0.0,XJTU-SY
S2_new_records,Bearing3_2,60,,0.0,XJTU-SY
S2_new_records,Bearing3_2,60,,0.0,XJTU-SY
S2_new_records,Bearing3_2,60,,0.0,XJTU-SY
S2_new_records,Bearing3_2,60,,0.0,XJTU-SY
S2_new_records,Bearing3_2,60,,0.0,XJTU-SY
S2_new_records,Bearing3_2,60,,0.0,XJTU-SY
S2_new_records,Bearing3_2,60,,0.0,XJTU-SY
S2_new_records,Bearing3_2,60,,0.0,XJTU-SY
S2_new_records,Bearing3_2,60,,0.0,XJTU-SY
S2_new_records,Bearing3_2,60,,0.0,XJTU-SY
S2_new_records,Bearing3_2,60,,0.0,XJTU-SY
S2_new_records,Bearing3_2,60,,0.0,XJTU-SY
S2_new_records,Bearing3_2,60,,0.0,XJTU-SY
S2_new_records,Bearing3_2,60,,0.0,XJTU-SY
S2_new_records,Bearing3_2,60,,0.0,XJTU-SY
S2_new_records,Bearing3_2,60,,0.0,XJTU-SY
S2_new_records,Bearing3_2,60,,0.0,XJTU-SY
S2_new_records,Bearing3_2,60,,0.0,XJTU-SY
S2_new_records,Bearing3_2,60,,0.0,XJTU-SY
S2_new_records,Bearing3_2,60,,0.0,XJTU-SY
S2_new_records,Bearing3_2,60,,0.0,XJTU-SY
S2_new_records,Bearing3_2,60,,0.0,XJTU-SY
S2_new_records,Bearing3_2,60,,0.0,XJTU-SY
S2_new_records,Bearing3_2,60,,0.0,XJTU-SY
S2_new_records,Bearing3_2,60,,0.0,XJTU-SY
S2_new_records,Bearing3_2,60,,0.0,XJTU-SY
S2_new_records,Bearing3_2,60,,0.03333333333333333,XJTU-SY
S2_new_records,Bearing3_2,60,,0.0,XJTU-SY
S2_new_records,Bearing3_2,60,,0.05,XJTU-SY
S2_new_records,Bearing3_2,60,,0.0,XJTU-SY
S2_new_records,Bearing3_2,60,,0.0,XJTU-SY
S2_new_records,Bearing3_2,60,,0.0,XJTU-SY
S2_new_records,Bearing3_2,60,,0.0,XJTU-SY
S2_new_records,Bearing3_2,60,,0.0,XJTU-SY
S2_new_records,Bearing3_2,60,,0.1,XJTU-SY
S2_new_records,Bearing3_2,60,,0.0,XJTU-SY
S2_new_records,Bearing3_2,60,,0.0,XJTU-SY
S2_new_records,Bearing3_2,60,,0.0,XJTU-SY
S2_new_records,Bearing3_2,60,,0.0,XJTU-SY
S2_new_records,Bearing3_2,60,,0.0,XJTU-SY
S2_new_records,Bearing3_2,60,,0.0,XJTU-SY
S2_new_records,Bearing3_2,60,,0.0,XJTU-SY
S2_new_records,Bearing3_2,160,,0.0,XJTU-SY
S2_new_records,Bearing3_2,160,,0.0,XJTU-SY
S2_new_records,Bearing3_2,160,,0.0,XJTU-SY
S2_new_records,Bearing3_2,160,,0.0,XJTU-SY
S2_new_records,Bearing3_2,160,,0.0,XJTU-SY
S2_new_records,Bearing3_2,160,,0.0,XJTU-SY
S2_new_records,Bearing3_2,160,,0.0,XJTU-SY
S2_new_records,Bearing3_2,160,,0.0,XJTU-SY
S2_new_records,Bearing3_2,160,,0.0,XJTU-SY
S2_new_records,Bearing3_2,160,,0.0,XJTU-SY
S2_new_records,Bearing3_2,160,,0.0,XJTU-SY
S2_new_records,Bearing3_2,160,,0.0,XJTU-SY
S2_new_records,Bearing3_2,160,,0.0,XJTU-SY
S2_new_records,Bearing3_2,160,,0.0,XJTU-SY
S2_new_records,Bearing3_2,160,,0.0,XJTU-SY
S2_new_records,Bearing3_2,160,,0.0,XJTU-SY
S2_new_records,Bearing3_2,160,,0.0,XJTU-SY
S2_new_records,Bearing3_2,160,,0.0,XJTU-SY
S2_new_records,Bearing3_2,160,,0.0,XJTU-SY
S2_new_records,Bearing3_2,160,,0.0,XJTU-SY
S2_new_records,Bearing3_2,160,,0.0,XJTU-SY
S2_new_records,Bearing3_2,160,,0.0,XJTU-SY
S2_new_records,Bearing3_2,160,,0.0,XJTU-SY
S2_new_records,Bearing3_2,160,,0.0,XJTU-SY
S2_new_records,Bearing3_2,160,,0.0,XJTU-SY
S2_new_records,Bearing3_2,160,,0.0,XJTU-SY
S2_new_records,Bearing3_2,160,,0.0,XJTU-SY
S2_new_records,Bearing3_2,160,,0.0,XJTU-SY
S2_new_records,Bearing3_2,160,,0.0,XJTU-SY
S2_new_records,Bearing3_2,160,,0.0,XJTU-SY
S2_new_records,Bearing3_2,160,,0.0,XJTU-SY
S2_new_records,Bearing3_2,160,,0.0,XJTU-SY
S2_new_records,Bearing3_2,160,,0.0,XJTU-SY
S2_new_records,Bearing3_2,160,,0.0,XJTU-SY
S2_new_records,Bearing3_2,160,,0.0,XJTU-SY
S2_new_records,Bearing3_2,160,,0.0,XJTU-SY
S2_new_records,Bearing3_2,160,,0.0,XJTU-SY
S2_new_records,Bearing3_2,160,,0.0,XJTU-SY
S2_new_records,Bearing3_2,160,,0.0,XJTU-SY
S2_new_records,Bearing3_2,160,,0.0,XJTU-SY
S2_new_records,Bearing3_2,160,,0.0,XJTU-SY
S2_new_records,Bearing3_2,160,,0.0,XJTU-SY
S2_new_records,Bearing3_2,160,,0.0,XJTU-SY
S2_new_records,Bearing3_2,160,,0.0,XJTU-SY
S2_new_records,Bearing3_2,160,,0.0,XJTU-SY
S2_new_records,Bearing3_2,160,,0.0,XJTU-SY
S2_new_records,Bearing3_2,160,,0.0,XJTU-SY
S2_new_records,Bearing3_2,160,,0.0,XJTU-SY
S2_new_records,Bearing3_2,160,,0.0,XJTU-SY
S2_new_records,Bearing3_2,160,,0.0,XJTU-SY
S2_new_records,Bearing3_3,20,,0.0,XJTU-SY
S2_new_records,Bearing3_3,20,,0.0,XJTU-SY
S2_new_records,Bearing3_3,20,,0.0,XJTU-SY
S2_new_records,Bearing3_3,20,,0.0,XJTU-SY
S2_new_records,Bearing3_3,20,,0.0,XJTU-SY
S2_new_records,Bearing3_3,20,,0.0,XJTU-SY
S2_new_records,Bearing3_3,20,,0.0,XJTU-SY
S2_new_records,Bearing3_3,20,,0.0,XJTU-SY
S2_new_records,Bearing3_3,20,,0.0,XJTU-SY
S2_new_records,Bearing3_3,20,,0.0,XJTU-SY
S2_new_records,Bearing3_3,20,,0.0,XJTU-SY
S2_new_records,Bearing3_3,20,,0.0,XJTU-SY
S2_new_records,Bearing3_3,20,,0.0,XJTU-SY
S2_new_records,Bearing3_3,20,,0.0,XJTU-SY
S2_new_records,Bearing3_3,20,,0.0,XJTU-SY
S2_new_records,Bearing3_3,20,,0.0,XJTU-SY
S2_new_records,Bearing3_3,20,,0.0,XJTU-SY
S2_new_records,Bearing3_3,20,,0.0,XJTU-SY
S2_new_records,Bearing3_3,20,,0.0,XJTU-SY
S2_new_records,Bearing3_3,20,,0.0,XJTU-SY
S2_new_records,Bearing3_3,20,,0.0,XJTU-SY
S2_new_records,Bearing3_3,20,,0.0,XJTU-SY
S2_new_records,Bearing3_3,20,,0.0,XJTU-SY
S2_new_records,Bearing3_3,20,,0.0,XJTU-SY
S2_new_records,Bearing3_3,20,,0.0,XJTU-SY
S2_new_records,Bearing3_3,20,,0.0,XJTU-SY
S2_new_records,Bearing3_3,20,,0.0,XJTU-SY
S2_new_records,Bearing3_3,20,,0.0,XJTU-SY
S2_new_records,Bearing3_3,20,,0.0,XJTU-SY
S2_new_records,Bearing3_3,20,,0.0,XJTU-SY
S2_new_records,Bearing3_3,20,,0.0,XJTU-SY
S2_new_records,Bearing3_3,20,,0.0,XJTU-SY
S2_new_records,Bearing3_3,20,,0.0,XJTU-SY
S2_new_records,Bearing3_3,20,,0.0,XJTU-SY
S2_new_records,Bearing3_3,20,,0.0,XJTU-SY
S2_new_records,Bearing3_3,20,,0.0,XJTU-SY
S2_new_records,Bearing3_3,20,,0.0,XJTU-SY
S2_new_records,Bearing3_3,20,,0.0,XJTU-SY
S2_new_records,Bearing3_3,20,,0.0,XJTU-SY
S2_new_records,Bearing3_3,20,,0.0,XJTU-SY
S2_new_records,Bearing3_3,20,,0.0,XJTU-SY
S2_new_records,Bearing3_3,20,,0.0,XJTU-SY
S2_new_records,Bearing3_3,20,,0.0,XJTU-SY
S2_new_records,Bearing3_3,20,,0.0,XJTU-SY
S2_new_records,Bearing3_3,20,,0.0,XJTU-SY
S2_new_records,Bearing3_3,20,,0.0,XJTU-SY
S2_new_records,Bearing3_3,20,,0.0,XJTU-SY
S2_new_records,Bearing3_3,20,,0.0,XJTU-SY
S2_new_records,Bearing3_3,20,,0.0,XJTU-SY
S2_new_records,Bearing3_3,20,,0.0,XJTU-SY
S2_new_records,Bearing3_3,60,,0.0,XJTU-SY
S2_new_records,Bearing3_3,60,,0.0,XJTU-SY
S2_new_records,Bearing3_3,60,,0.0,XJTU-SY
S2_new_records,Bearing3_3,60,,0.0,XJTU-SY
S2_new_records,Bearing3_3,60,,0.0,XJTU-SY
S2_new_records,Bearing3_3,60,,0.0,XJTU-SY
S2_new_records,Bearing3_3,60,,0.0,XJTU-SY
S2_new_records,Bearing3_3,60,,0.0,XJTU-SY
S2_new_records,Bearing3_3,60,,0.0,XJTU-SY
S2_new_records,Bearing3_3,60,,0.0,XJTU-SY
S2_new_records,Bearing3_3,60,,0.0,XJTU-SY
S2_new_records,Bearing3_3,60,,0.0,XJTU-SY
S2_new_records,Bearing3_3,60,,0.0,XJTU-SY
S2_new_records,Bearing3_3,60,,0.0,XJTU-SY
S2_new_records,Bearing3_3,60,,0.0,XJTU-SY
S2_new_records,Bearing3_3,60,,0.0,XJTU-SY
S2_new_records,Bearing3_3,60,,0.0,XJTU-SY
S2_new_records,Bearing3_3,60,,0.0,XJTU-SY
S2_new_records,Bearing3_3,60,,0.0,XJTU-SY
S2_new_records,Bearing3_3,60,,0.0,XJTU-SY
S2_new_records,Bearing3_3,60,,0.0,XJTU-SY
S2_new_records,Bearing3_3,60,,0.0,XJTU-SY
S2_new_records,Bearing3_3,60,,0.0,XJTU-SY
S2_new_records,Bearing3_3,60,,0.0,XJTU-SY
S2_new_records,Bearing3_3,60,,0.0,XJTU-SY
S2_new_records,Bearing3_3,60,,0.0,XJTU-SY
S2_new_records,Bearing3_3,60,,0.0,XJTU-SY
S2_new_records,Bearing3_3,60,,0.0,XJTU-SY
S2_new_records,Bearing3_3,60,,0.0,XJTU-SY
S2_new_records,Bearing3_3,60,,0.0,XJTU-SY
S2_new_records,Bearing3_3,60,,0.0,XJTU-SY
S2_new_records,Bearing3_3,60,,0.0,XJTU-SY
S2_new_records,Bearing3_3,60,,0.0,XJTU-SY
S2_new_records,Bearing3_3,60,,0.0,XJTU-SY
S2_new_records,Bearing3_3,60,,0.0,XJTU-SY
S2_new_records,Bearing3_3,60,,0.0,XJTU-SY
S2_new_records,Bearing3_3,60,,0.0,XJTU-SY
S2_new_records,Bearing3_3,60,,0.0,XJTU-SY
S2_new_records,Bearing3_3,60,,0.0,XJTU-SY
S2_new_records,Bearing3_3,60,,0.0,XJTU-SY
S2_new_records,Bearing3_3,60,,0.0,XJTU-SY
S2_new_records,Bearing3_3,60,,0.0,XJTU-SY
S2_new_records,Bearing3_3,60,,0.0,XJTU-SY
S2_new_records,Bearing3_3,60,,0.0,XJTU-SY
S2_new_records,Bearing3_3,60,,0.0,XJTU-SY
S2_new_records,Bearing3_3,60,,0.0,XJTU-SY
S2_new_records,Bearing3_3,60,,0.0,XJTU-SY
S2_new_records,Bearing3_3,60,,0.0,XJTU-SY
S2_new_records,Bearing3_3,60,,0.0,XJTU-SY
S2_new_records,Bearing3_3,60,,0.0,XJTU-SY
S2_new_records,Bearing3_3,160,,0.0,XJTU-SY
S2_new_records,Bearing3_3,160,,0.0,XJTU-SY
S2_new_records,Bearing3_3,160,,0.0,XJTU-SY
S2_new_records,Bearing3_3,160,,0.0,XJTU-SY
S2_new_records,Bearing3_3,160,,0.0,XJTU-SY
S2_new_records,Bearing3_3,160,,0.0,XJTU-SY
S2_new_records,Bearing3_3,160,,0.0,XJTU-SY
S2_new_records,Bearing3_3,160,,0.0,XJTU-SY
S2_new_records,Bearing3_3,160,,0.0,XJTU-SY
S2_new_records,Bearing3_3,160,,0.0,XJTU-SY
S2_new_records,Bearing3_3,160,,0.0,XJTU-SY
S2_new_records,Bearing3_3,160,,0.0,XJTU-SY
S2_new_records,Bearing3_3,160,,0.0,XJTU-SY
S2_new_records,Bearing3_3,160,,0.0,XJTU-SY
S2_new_records,Bearing3_3,160,,0.0,XJTU-SY
S2_new_records,Bearing3_3,160,,0.0,XJTU-SY
S2_new_records,Bearing3_3,160,,0.0,XJTU-SY
S2_new_records,Bearing3_3,160,,0.0,XJTU-SY
S2_new_records,Bearing3_3,160,,0.0,XJTU-SY
S2_new_records,Bearing3_3,160,,0.0,XJTU-SY
S2_new_records,Bearing3_3,160,,0.0,XJTU-SY
S2_new_records,Bearing3_3,160,,0.0,XJTU-SY
S2_new_records,Bearing3_3,160,,0.0,XJTU-SY
S2_new_records,Bearing3_3,160,,0.0,XJTU-SY
S2_new_records,Bearing3_3,160,,0.0,XJTU-SY
S2_new_records,Bearing3_3,160,,0.0,XJTU-SY
S2_new_records,Bearing3_3,160,,0.0,XJTU-SY
S2_new_records,Bearing3_3,160,,0.0,XJTU-SY
S2_new_records,Bearing3_3,160,,0.0,XJTU-SY
S2_new_records,Bearing3_3,160,,0.0,XJTU-SY
S2_new_records,Bearing3_3,160,,0.0,XJTU-SY
S2_new_records,Bearing3_3,160,,0.0,XJTU-SY
S2_new_records,Bearing3_3,160,,0.0,XJTU-SY
S2_new_records,Bearing3_3,160,,0.0,XJTU-SY
S2_new_records,Bearing3_3,160,,0.0,XJTU-SY
S2_new_records,Bearing3_3,160,,0.0,XJTU-SY
S2_new_records,Bearing3_3,160,,0.0,XJTU-SY
S2_new_records,Bearing3_3,160,,0.0,XJTU-SY
S2_new_records,Bearing3_3,160,,0.0,XJTU-SY
S2_new_records,Bearing3_3,160,,0.0,XJTU-SY
S2_new_records,Bearing3_3,160,,0.0,XJTU-SY
S2_new_records,Bearing3_3,160,,0.0,XJTU-SY
S2_new_records,Bearing3_3,160,,0.0,XJTU-SY
S2_new_records,Bearing3_3,160,,0.0,XJTU-SY
S2_new_records,Bearing3_3,160,,0.0,XJTU-SY
S2_new_records,Bearing3_3,160,,0.0,XJTU-SY
S2_new_records,Bearing3_3,160,,0.0,XJTU-SY
S2_new_records,Bearing3_3,160,,0.0,XJTU-SY
S2_new_records,Bearing3_3,160,,0.0,XJTU-SY
S2_new_records,Bearing3_3,160,,0.0,XJTU-SY
S2_new_records,Bearing3_4,20,,0.0,XJTU-SY
S2_new_records,Bearing3_4,20,,0.0,XJTU-SY
S2_new_records,Bearing3_4,20,,0.0,XJTU-SY
S2_new_records,Bearing3_4,20,,0.0,XJTU-SY
S2_new_records,Bearing3_4,20,,0.0,XJTU-SY
S2_new_records,Bearing3_4,20,,0.0,XJTU-SY
S2_new_records,Bearing3_4,20,,0.0,XJTU-SY
S2_new_records,Bearing3_4,20,,0.6666666666666666,XJTU-SY
S2_new_records,Bearing3_4,20,,0.0,XJTU-SY
S2_new_records,Bearing3_4,20,,0.0,XJTU-SY
S2_new_records,Bearing3_4,20,,0.0,XJTU-SY
S2_new_records,Bearing3_4,20,,0.0,XJTU-SY
S2_new_records,Bearing3_4,20,,0.0,XJTU-SY
S2_new_records,Bearing3_4,20,,0.36666666666666664,XJTU-SY
S2_new_records,Bearing3_4,20,,0.0,XJTU-SY
S2_new_records,Bearing3_4,20,,0.0,XJTU-SY
S2_new_records,Bearing3_4,20,,0.0,XJTU-SY
S2_new_records,Bearing3_4,20,,0.0,XJTU-SY
S2_new_records,Bearing3_4,20,,0.0,XJTU-SY
S2_new_records,Bearing3_4,20,,0.0,XJTU-SY
S2_new_records,Bearing3_4,20,,0.08333333333333333,XJTU-SY
S2_new_records,Bearing3_4,20,,0.0,XJTU-SY
S2_new_records,Bearing3_4,20,,0.0,XJTU-SY
S2_new_records,Bearing3_4,20,,0.0,XJTU-SY
S2_new_records,Bearing3_4,20,,0.0,XJTU-SY
S2_new_records,Bearing3_4,20,,0.0,XJTU-SY
S2_new_records,Bearing3_4,20,,0.0,XJTU-SY
S2_new_records,Bearing3_4,20,,0.0,XJTU-SY
S2_new_records,Bearing3_4,20,,0.0,XJTU-SY
S2_new_records,Bearing3_4,20,,0.0,XJTU-SY
S2_new_records,Bearing3_4,20,,0.0,XJTU-SY
S2_new_records,Bearing3_4,20,,0.0,XJTU-SY
S2_new_records,Bearing3_4,20,,0.0,XJTU-SY
S2_new_records,Bearing3_4,20,,0.0,XJTU-SY
S2_new_records,Bearing3_4,20,,0.0,XJTU-SY
S2_new_records,Bearing3_4,20,,0.0,XJTU-SY
S2_new_records,Bearing3_4,20,,0.0,XJTU-SY
S2_new_records,Bearing3_4,20,,0.0,XJTU-SY
S2_new_records,Bearing3_4,20,,0.0,XJTU-SY
S2_new_records,Bearing3_4,20,,0.0,XJTU-SY
S2_new_records,Bearing3_4,20,,0.0,XJTU-SY
S2_new_records,Bearing3_4,20,,0.0,XJTU-SY
S2_new_records,Bearing3_4,20,,0.21666666666666667,XJTU-SY
S2_new_records,Bearing3_4,20,,0.0,XJTU-SY
S2_new_records,Bearing3_4,20,,0.0,XJTU-SY
S2_new_records,Bearing3_4,20,,0.0,XJTU-SY
S2_new_records,Bearing3_4,20,,0.0,XJTU-SY
S2_new_records,Bearing3_4,20,,0.0,XJTU-SY
S2_new_records,Bearing3_4,20,,0.0,XJTU-SY
S2_new_records,Bearing3_4,20,,0.5,XJTU-SY
S2_new_records,Bearing3_4,60,,0.0,XJTU-SY
S2_new_records,Bearing3_4,60,,0.0,XJTU-SY
S2_new_records,Bearing3_4,60,,0.0,XJTU-SY
S2_new_records,Bearing3_4,60,,0.0,XJTU-SY
S2_new_records,Bearing3_4,60,,0.0,XJTU-SY
S2_new_records,Bearing3_4,60,,0.0,XJTU-SY
S2_new_records,Bearing3_4,60,,0.0,XJTU-SY
S2_new_records,Bearing3_4,60,,0.0,XJTU-SY
S2_new_records,Bearing3_4,60,,0.0,XJTU-SY
S2_new_records,Bearing3_4,60,,0.0,XJTU-SY
S2_new_records,Bearing3_4,60,,0.5,XJTU-SY
S2_new_records,Bearing3_4,60,,0.0,XJTU-SY
S2_new_records,Bearing3_4,60,,0.0,XJTU-SY
S2_new_records,Bearing3_4,60,,0.0,XJTU-SY
S2_new_records,Bearing3_4,60,,0.0,XJTU-SY
S2_new_records,Bearing3_4,60,,0.0,XJTU-SY
S2_new_records,Bearing3_4,60,,0.0,XJTU-SY
S2_new_records,Bearing3_4,60,,0.0,XJTU-SY
S2_new_records,Bearing3_4,60,,0.0,XJTU-SY
S2_new_records,Bearing3_4,60,,0.0,XJTU-SY
S2_new_records,Bearing3_4,60,,0.0,XJTU-SY
S2_new_records,Bearing3_4,60,,0.0,XJTU-SY
S2_new_records,Bearing3_4,60,,0.0,XJTU-SY
S2_new_records,Bearing3_4,60,,0.0,XJTU-SY
S2_new_records,Bearing3_4,60,,0.0,XJTU-SY
S2_new_records,Bearing3_4,60,,0.0,XJTU-SY
S2_new_records,Bearing3_4,60,,0.0,XJTU-SY
S2_new_records,Bearing3_4,60,,0.13333333333333333,XJTU-SY
S2_new_records,Bearing3_4,60,,0.05,XJTU-SY
S2_new_records,Bearing3_4,60,,0.0,XJTU-SY
S2_new_records,Bearing3_4,60,,0.0,XJTU-SY
S2_new_records,Bearing3_4,60,,0.0,XJTU-SY
S2_new_records,Bearing3_4,60,,0.0,XJTU-SY
S2_new_records,Bearing3_4,60,,0.0,XJTU-SY
S2_new_records,Bearing3_4,60,,0.0,XJTU-SY
S2_new_records,Bearing3_4,60,,0.0,XJTU-SY
S2_new_records,Bearing3_4,60,,0.0,XJTU-SY
S2_new_records,Bearing3_4,60,,0.0,XJTU-SY
S2_new_records,Bearing3_4,60,,0.0,XJTU-SY
S2_new_records,Bearing3_4,60,,0.0,XJTU-SY
S2_new_records,Bearing3_4,60,,0.0,XJTU-SY
S2_new_records,Bearing3_4,60,,0.0,XJTU-SY
S2_new_records,Bearing3_4,60,,0.0,XJTU-SY
S2_new_records,Bearing3_4,60,,0.0,XJTU-SY
S2_new_records,Bearing3_4,60,,0.0,XJTU-SY
S2_new_records,Bearing3_4,60,,0.21666666666666667,XJTU-SY
S2_new_records,Bearing3_4,60,,0.0,XJTU-SY
S2_new_records,Bearing3_4,60,,0.0,XJTU-SY
S2_new_records,Bearing3_4,60,,0.0,XJTU-SY
S2_new_records,Bearing3_4,60,,0.0,XJTU-SY
S2_new_records,Bearing3_4,160,,0.0,XJTU-SY
S2_new_records,Bearing3_4,160,,0.0,XJTU-SY
S2_new_records,Bearing3_4,160,,0.0,XJTU-SY
S2_new_records,Bearing3_4,160,,0.0,XJTU-SY
S2_new_records,Bearing3_4,160,,0.0,XJTU-SY
S2_new_records,Bearing3_4,160,,0.0,XJTU-SY
S2_new_records,Bearing3_4,160,,0.0,XJTU-SY
S2_new_records,Bearing3_4,160,,0.0,XJTU-SY
S2_new_records,Bearing3_4,160,,0.0,XJTU-SY
S2_new_records,Bearing3_4,160,,0.0,XJTU-SY
S2_new_records,Bearing3_4,160,,0.0,XJTU-SY
S2_new_records,Bearing3_4,160,,0.0,XJTU-SY
S2_new_records,Bearing3_4,160,,0.0,XJTU-SY
S2_new_records,Bearing3_4,160,,0.0,XJTU-SY
S2_new_records,Bearing3_4,160,,0.0,XJTU-SY
S2_new_records,Bearing3_4,160,,0.0,XJTU-SY
S2_new_records,Bearing3_4,160,,0.0,XJTU-SY
S2_new_records,Bearing3_4,160,,0.0,XJTU-SY
S2_new_records,Bearing3_4,160,,0.0,XJTU-SY
S2_new_records,Bearing3_4,160,,0.0,XJTU-SY
S2_new_records,Bearing3_4,160,,0.0,XJTU-SY
S2_new_records,Bearing3_4,160,,0.0,XJTU-SY
S2_new_records,Bearing3_4,160,,0.0,XJTU-SY
S2_new_records,Bearing3_4,160,,0.0,XJTU-SY
S2_new_records,Bearing3_4,160,,0.0,XJTU-SY
S2_new_records,Bearing3_4,160,,0.0,XJTU-SY
S2_new_records,Bearing3_4,160,,0.0,XJTU-SY
S2_new_records,Bearing3_4,160,,0.0,XJTU-SY
S2_new_records,Bearing3_4,160,,0.0,XJTU-SY
S2_new_records,Bearing3_4,160,,0.0,XJTU-SY
S2_new_records,Bearing3_4,160,,0.0,XJTU-SY
S2_new_records,Bearing3_4,160,,0.0,XJTU-SY
S2_new_records,Bearing3_4,160,,0.0,XJTU-SY
S2_new_records,Bearing3_4,160,,0.0,XJTU-SY
S2_new_records,Bearing3_4,160,,0.0,XJTU-SY
S2_new_records,Bearing3_4,160,,0.0,XJTU-SY
S2_new_records,Bearing3_4,160,,0.0,XJTU-SY
S2_new_records,Bearing3_4,160,,0.0,XJTU-SY
S2_new_records,Bearing3_4,160,,0.0,XJTU-SY
S2_new_records,Bearing3_4,160,,0.0,XJTU-SY
S2_new_records,Bearing3_4,160,,0.0,XJTU-SY
S2_new_records,Bearing3_4,160,,0.0,XJTU-SY
S2_new_records,Bearing3_4,160,,0.0,XJTU-SY
S2_new_records,Bearing3_4,160,,0.0,XJTU-SY
S2_new_records,Bearing3_4,160,,0.0,XJTU-SY
S2_new_records,Bearing3_4,160,,0.0,XJTU-SY
S2_new_records,Bearing3_4,160,,0.0,XJTU-SY
S2_new_records,Bearing3_4,160,,0.0,XJTU-SY
S2_new_records,Bearing3_4,160,,0.0,XJTU-SY
S2_new_records,Bearing3_4,160,,0.0,XJTU-SY
S2_new_records,Bearing3_5,20,,0.0,XJTU-SY
S2_new_records,Bearing3_5,20,,0.0,XJTU-SY
S2_new_records,Bearing3_5,20,,0.05,XJTU-SY
S2_new_records,Bearing3_5,20,,0.35,XJTU-SY
S2_new_records,Bearing3_5,20,,0.0,XJTU-SY
S2_new_records,Bearing3_5,20,,0.0,XJTU-SY
S2_new_records,Bearing3_5,20,,0.0,XJTU-SY
S2_new_records,Bearing3_5,20,,0.5,XJTU-SY
S2_new_records,Bearing3_5,20,,0.05,XJTU-SY
S2_new_records,Bearing3_5,20,,0.0,XJTU-SY
S2_new_records,Bearing3_5,20,,0.0,XJTU-SY
S2_new_records,Bearing3_5,20,,0.0,XJTU-SY
S2_new_records,Bearing3_5,20,,0.0,XJTU-SY
S2_new_records,Bearing3_5,20,,0.0,XJTU-SY
S2_new_records,Bearing3_5,20,,0.0,XJTU-SY
S2_new_records,Bearing3_5,20,,0.0,XJTU-SY
S2_new_records,Bearing3_5,20,,0.05,XJTU-SY
S2_new_records,Bearing3_5,20,,0.0,XJTU-SY
S2_new_records,Bearing3_5,20,,0.5,XJTU-SY
S2_new_records,Bearing3_5,20,,0.0,XJTU-SY
S2_new_records,Bearing3_5,20,,0.0,XJTU-SY
S2_new_records,Bearing3_5,20,,0.0,XJTU-SY
S2_new_records,Bearing3_5,20,,0.0,XJTU-SY
S2_new_records,Bearing3_5,20,,0.0,XJTU-SY
S2_new_records,Bearing3_5,20,,0.0,XJTU-SY
S2_new_records,Bearing3_5,20,,0.0,XJTU-SY
S2_new_records,Bearing3_5,20,,0.05,XJTU-SY
S2_new_records,Bearing3_5,20,,0.0,XJTU-SY
S2_new_records,Bearing3_5,20,,0.05,XJTU-SY
S2_new_records,Bearing3_5,20,,0.0,XJTU-SY
S2_new_records,Bearing3_5,20,,0.0,XJTU-SY
S2_new_records,Bearing3_5,20,,0.0,XJTU-SY
S2_new_records,Bearing3_5,20,,0.0,XJTU-SY
S2_new_records,Bearing3_5,20,,0.0,XJTU-SY
S2_new_records,Bearing3_5,20,,0.6,XJTU-SY
S2_new_records,Bearing3_5,20,,0.0,XJTU-SY
S2_new_records,Bearing3_5,20,,0.0,XJTU-SY
S2_new_records,Bearing3_5,20,,0.0,XJTU-SY
S2_new_records,Bearing3_5,20,,0.0,XJTU-SY
S2_new_records,Bearing3_5,20,,0.0,XJTU-SY
S2_new_records,Bearing3_5,20,,0.5,XJTU-SY
S2_new_records,Bearing3_5,20,,0.0,XJTU-SY
S2_new_records,Bearing3_5,20,,0.0,XJTU-SY
S2_new_records,Bearing3_5,20,,0.0,XJTU-SY
S2_new_records,Bearing3_5,20,,0.05,XJTU-SY
S2_new_records,Bearing3_5,20,,0.0,XJTU-SY
S2_new_records,Bearing3_5,20,,0.0,XJTU-SY
S2_new_records,Bearing3_5,20,,0.0,XJTU-SY
S2_new_records,Bearing3_5,20,,0.05,XJTU-SY
S2_new_records,Bearing3_5,20,,0.5,XJTU-SY
S2_new_records,Bearing3_5,60,,0.0,XJTU-SY
S2_new_records,Bearing3_5,60,,0.0,XJTU-SY
S2_new_records,Bearing3_5,60,,0.0,XJTU-SY
S2_new_records,Bearing3_5,60,,0.45,XJTU-SY
S2_new_records,Bearing3_5,60,,0.35,XJTU-SY
S2_new_records,Bearing3_5,60,,0.0,XJTU-SY
S2_new_records,Bearing3_5,60,,0.0,XJTU-SY
S2_new_records,Bearing3_5,60,,0.25,XJTU-SY
S2_new_records,Bearing3_5,60,,0.0,XJTU-SY
S2_new_records,Bearing3_5,60,,0.0,XJTU-SY
S2_new_records,Bearing3_5,60,,0.0,XJTU-SY
S2_new_records,Bearing3_5,60,,0.0,XJTU-SY
S2_new_records,Bearing3_5,60,,0.0,XJTU-SY
S2_new_records,Bearing3_5,60,,0.0,XJTU-SY
S2_new_records,Bearing3_5,60,,0.0,XJTU-SY
S2_new_records,Bearing3_5,60,,0.0,XJTU-SY
S2_new_records,Bearing3_5,60,,0.0,XJTU-SY
S2_new_records,Bearing3_5,60,,0.0,XJTU-SY
S2_new_records,Bearing3_5,60,,0.0,XJTU-SY
S2_new_records,Bearing3_5,60,,0.0,XJTU-SY
S2_new_records,Bearing3_5,60,,0.0,XJTU-SY
S2_new_records,Bearing3_5,60,,0.0,XJTU-SY
S2_new_records,Bearing3_5,60,,0.0,XJTU-SY
S2_new_records,Bearing3_5,60,,0.4,XJTU-SY
S2_new_records,Bearing3_5,60,,0.0,XJTU-SY
S2_new_records,Bearing3_5,60,,0.35,XJTU-SY
S2_new_records,Bearing3_5,60,,0.0,XJTU-SY
S2_new_records,Bearing3_5,60,,0.0,XJTU-SY
S2_new_records,Bearing3_5,60,,0.45,XJTU-SY
S2_new_records,Bearing3_5,60,,0.0,XJTU-SY
S2_new_records,Bearing3_5,60,,0.0,XJTU-SY
S2_new_records,Bearing3_5,60,,0.0,XJTU-SY
S2_new_records,Bearing3_5,60,,0.35,XJTU-SY
S2_new_records,Bearing3_5,60,,0.0,XJTU-SY
S2_new_records,Bearing3_5,60,,0.0,XJTU-SY
S2_new_records,Bearing3_5,60,,0.0,XJTU-SY
S2_new_records,Bearing3_5,60,,0.0,XJTU-SY
S2_new_records,Bearing3_5,60,,0.0,XJTU-SY
S2_new_records,Bearing3_5,60,,0.0,XJTU-SY
S2_new_records,Bearing3_5,60,,0.0,XJTU-SY
S2_new_records,Bearing3_5,60,,0.0,XJTU-SY
S2_new_records,Bearing3_5,60,,0.0,XJTU-SY
S2_new_records,Bearing3_5,60,,0.0,XJTU-SY
S2_new_records,Bearing3_5,60,,0.4,XJTU-SY
S2_new_records,Bearing3_5,60,,0.0,XJTU-SY
S2_new_records,Bearing3_5,60,,0.0,XJTU-SY
S2_new_records,Bearing3_5,60,,0.0,XJTU-SY
S2_new_records,Bearing3_5,60,,0.0,XJTU-SY
S2_new_records,Bearing3_5,60,,0.0,XJTU-SY
S2_new_records,Bearing3_5,60,,0.0,XJTU-SY
S2_new_records,Bearing3_5,160,,0.0,XJTU-SY
S2_new_records,Bearing3_5,160,,0.5,XJTU-SY
S2_new_records,Bearing3_5,160,,0.0,XJTU-SY
S2_new_records,Bearing3_5,160,,0.0,XJTU-SY
S2_new_records,Bearing3_5,160,,0.0,XJTU-SY
S2_new_records,Bearing3_5,160,,0.0,XJTU-SY
S2_new_records,Bearing3_5,160,,0.0,XJTU-SY
S2_new_records,Bearing3_5,160,,0.5,XJTU-SY
S2_new_records,Bearing3_5,160,,0.0,XJTU-SY
S2_new_records,Bearing3_5,160,,0.0,XJTU-SY
S2_new_records,Bearing3_5,160,,0.0,XJTU-SY
S2_new_records,Bearing3_5,160,,0.0,XJTU-SY
S2_new_records,Bearing3_5,160,,0.0,XJTU-SY
S2_new_records,Bearing3_5,160,,0.0,XJTU-SY
S2_new_records,Bearing3_5,160,,0.0,XJTU-SY
S2_new_records,Bearing3_5,160,,0.35,XJTU-SY
S2_new_records,Bearing3_5,160,,0.0,XJTU-SY
S2_new_records,Bearing3_5,160,,0.0,XJTU-SY
S2_new_records,Bearing3_5,160,,0.0,XJTU-SY
S2_new_records,Bearing3_5,160,,0.0,XJTU-SY
S2_new_records,Bearing3_5,160,,0.0,XJTU-SY
S2_new_records,Bearing3_5,160,,0.0,XJTU-SY
S2_new_records,Bearing3_5,160,,0.0,XJTU-SY
S2_new_records,Bearing3_5,160,,0.35,XJTU-SY
S2_new_records,Bearing3_5,160,,0.0,XJTU-SY
S2_new_records,Bearing3_5,160,,0.0,XJTU-SY
S2_new_records,Bearing3_5,160,,0.0,XJTU-SY
S2_new_records,Bearing3_5,160,,0.0,XJTU-SY
S2_new_records,Bearing3_5,160,,0.0,XJTU-SY
S2_new_records,Bearing3_5,160,,0.5,XJTU-SY
S2_new_records,Bearing3_5,160,,0.0,XJTU-SY
S2_new_records,Bearing3_5,160,,0.0,XJTU-SY
S2_new_records,Bearing3_5,160,,0.0,XJTU-SY
S2_new_records,Bearing3_5,160,,0.0,XJTU-SY
S2_new_records,Bearing3_5,160,,0.0,XJTU-SY
S2_new_records,Bearing3_5,160,,0.0,XJTU-SY
S2_new_records,Bearing3_5,160,,0.5,XJTU-SY
S2_new_records,Bearing3_5,160,,0.0,XJTU-SY
S2_new_records,Bearing3_5,160,,0.0,XJTU-SY
S2_new_records,Bearing3_5,160,,0.0,XJTU-SY
S2_new_records,Bearing3_5,160,,0.45,XJTU-SY
S2_new_records,Bearing3_5,160,,0.0,XJTU-SY
S2_new_records,Bearing3_5,160,,0.0,XJTU-SY
S2_new_records,Bearing3_5,160,,0.0,XJTU-SY
S2_new_records,Bearing3_5,160,,0.0,XJTU-SY
S2_new_records,Bearing3_5,160,,0.0,XJTU-SY
S2_new_records,Bearing3_5,160,,0.0,XJTU-SY
S2_new_records,Bearing3_5,160,,0.0,XJTU-SY
S2_new_records,Bearing3_5,160,,0.0,XJTU-SY
S2_new_records,Bearing3_5,160,,0.0,XJTU-SY
S3_units,Bearing1_1,20,1.0,0.0,XJTU-SY
S3_units,Bearing1_1,20,1.0,1.0,XJTU-SY
S3_units,Bearing1_1,20,1.0,0.5,XJTU-SY
S3_units,Bearing1_1,20,1.0,0.55,XJTU-SY
S3_units,Bearing1_1,20,1.0,1.0,XJTU-SY
S3_units,Bearing1_1,20,1.0,1.0,XJTU-SY
S3_units,Bearing1_1,20,1.0,0.6,XJTU-SY
S3_units,Bearing1_1,20,1.0,1.0,XJTU-SY
S3_units,Bearing1_1,20,1.0,1.0,XJTU-SY
S3_units,Bearing1_1,20,1.0,0.45,XJTU-SY
S3_units,Bearing1_1,20,1.0,0.75,XJTU-SY
S3_units,Bearing1_1,20,1.0,0.5,XJTU-SY
S3_units,Bearing1_1,20,1.0,1.0,XJTU-SY
S3_units,Bearing1_1,20,1.0,0.95,XJTU-SY
S3_units,Bearing1_1,20,1.0,0.55,XJTU-SY
S3_units,Bearing1_1,20,1.0,0.8,XJTU-SY
S3_units,Bearing1_1,20,1.0,0.9,XJTU-SY
S3_units,Bearing1_1,20,1.0,0.0,XJTU-SY
S3_units,Bearing1_1,20,1.0,1.0,XJTU-SY
S3_units,Bearing1_1,20,1.0,1.0,XJTU-SY
S3_units,Bearing1_1,20,1.0,0.9,XJTU-SY
S3_units,Bearing1_1,20,1.0,0.95,XJTU-SY
S3_units,Bearing1_1,20,1.0,0.85,XJTU-SY
S3_units,Bearing1_1,20,1.0,1.0,XJTU-SY
S3_units,Bearing1_1,20,1.0,0.0,XJTU-SY
S3_units,Bearing1_1,20,1.0,0.8,XJTU-SY
S3_units,Bearing1_1,20,1.0,0.95,XJTU-SY
S3_units,Bearing1_1,20,1.0,1.0,XJTU-SY
S3_units,Bearing1_1,20,1.0,0.05,XJTU-SY
S3_units,Bearing1_1,20,1.0,0.8,XJTU-SY
S3_units,Bearing1_1,20,1.0,1.0,XJTU-SY
S3_units,Bearing1_1,20,1.0,0.95,XJTU-SY
S3_units,Bearing1_1,20,1.0,0.95,XJTU-SY
S3_units,Bearing1_1,20,1.0,0.8,XJTU-SY
S3_units,Bearing1_1,20,1.0,0.65,XJTU-SY
S3_units,Bearing1_1,20,1.0,0.05,XJTU-SY
S3_units,Bearing1_1,20,1.0,0.75,XJTU-SY
S3_units,Bearing1_1,20,1.0,1.0,XJTU-SY
S3_units,Bearing1_1,20,1.0,0.95,XJTU-SY
S3_units,Bearing1_1,20,1.0,1.0,XJTU-SY
S3_units,Bearing1_1,20,1.0,0.95,XJTU-SY
S3_units,Bearing1_1,20,1.0,0.55,XJTU-SY
S3_units,Bearing1_1,20,1.0,0.0,XJTU-SY
S3_units,Bearing1_1,20,1.0,0.8,XJTU-SY
S3_units,Bearing1_1,20,1.0,0.5,XJTU-SY
S3_units,Bearing1_1,20,1.0,0.95,XJTU-SY
S3_units,Bearing1_1,20,1.0,0.8,XJTU-SY
S3_units,Bearing1_1,20,1.0,0.65,XJTU-SY
S3_units,Bearing1_1,20,1.0,0.7,XJTU-SY
S3_units,Bearing1_1,20,1.0,0.65,XJTU-SY
S3_units,Bearing1_1,20,4.0,0.45,XJTU-SY
S3_units,Bearing1_1,20,4.0,0.75,XJTU-SY
S3_units,Bearing1_1,20,4.0,0.0,XJTU-SY
S3_units,Bearing1_1,20,4.0,0.15,XJTU-SY
S3_units,Bearing1_1,20,4.0,0.0,XJTU-SY
S3_units,Bearing1_1,20,4.0,0.0,XJTU-SY
S3_units,Bearing1_1,20,4.0,0.45,XJTU-SY
S3_units,Bearing1_1,20,4.0,0.0,XJTU-SY
S3_units,Bearing1_1,20,4.0,0.65,XJTU-SY
S3_units,Bearing1_1,20,4.0,0.0,XJTU-SY
S3_units,Bearing1_1,20,4.0,0.55,XJTU-SY
S3_units,Bearing1_1,20,4.0,0.55,XJTU-SY
S3_units,Bearing1_1,20,4.0,0.0,XJTU-SY
S3_units,Bearing1_1,20,4.0,0.5,XJTU-SY
S3_units,Bearing1_1,20,4.0,0.6,XJTU-SY
S3_units,Bearing1_1,20,4.0,0.45,XJTU-SY
S3_units,Bearing1_1,20,4.0,0.0,XJTU-SY
S3_units,Bearing1_1,20,4.0,0.6,XJTU-SY
S3_units,Bearing1_1,20,4.0,0.45,XJTU-SY
S3_units,Bearing1_1,20,4.0,0.0,XJTU-SY
S3_units,Bearing1_1,20,4.0,0.45,XJTU-SY
S3_units,Bearing1_1,20,4.0,0.0,XJTU-SY
S3_units,Bearing1_1,20,4.0,0.0,XJTU-SY
S3_units,Bearing1_1,20,4.0,0.55,XJTU-SY
S3_units,Bearing1_1,20,4.0,0.45,XJTU-SY
S3_units,Bearing1_1,20,4.0,0.55,XJTU-SY
S3_units,Bearing1_1,20,4.0,0.7,XJTU-SY
S3_units,Bearing1_1,20,4.0,0.4,XJTU-SY
S3_units,Bearing1_1,20,4.0,0.5,XJTU-SY
S3_units,Bearing1_1,20,4.0,0.45,XJTU-SY
S3_units,Bearing1_1,20,4.0,0.5,XJTU-SY
S3_units,Bearing1_1,20,4.0,0.45,XJTU-SY
S3_units,Bearing1_1,20,4.0,0.6,XJTU-SY
S3_units,Bearing1_1,20,4.0,0.6,XJTU-SY
S3_units,Bearing1_1,20,4.0,0.45,XJTU-SY
S3_units,Bearing1_1,20,4.0,0.0,XJTU-SY
S3_units,Bearing1_1,20,4.0,0.0,XJTU-SY
S3_units,Bearing1_1,20,4.0,0.45,XJTU-SY
S3_units,Bearing1_1,20,4.0,0.0,XJTU-SY
S3_units,Bearing1_1,20,4.0,0.7,XJTU-SY
S3_units,Bearing1_1,20,4.0,0.0,XJTU-SY
S3_units,Bearing1_1,20,4.0,0.0,XJTU-SY
S3_units,Bearing1_1,20,4.0,0.0,XJTU-SY
S3_units,Bearing1_1,20,4.0,0.6,XJTU-SY
S3_units,Bearing1_1,20,4.0,0.5,XJTU-SY
S3_units,Bearing1_1,20,4.0,0.0,XJTU-SY
S3_units,Bearing1_1,20,4.0,0.0,XJTU-SY
S3_units,Bearing1_1,20,4.0,0.6,XJTU-SY
S3_units,Bearing1_1,20,4.0,0.4,XJTU-SY
S3_units,Bearing1_1,20,4.0,0.0,XJTU-SY
S3_units,Bearing1_1,12,12.0,0.45,XJTU-SY
S3_units,Bearing1_1,12,12.0,0.45,XJTU-SY
S3_units,Bearing1_1,12,12.0,0.5,XJTU-SY
S3_units,Bearing1_1,12,12.0,0.5,XJTU-SY
S3_units,Bearing1_1,12,12.0,0.0,XJTU-SY
S3_units,Bearing1_1,12,12.0,0.45,XJTU-SY
S3_units,Bearing1_1,12,12.0,0.55,XJTU-SY
S3_units,Bearing1_1,12,12.0,0.0,XJTU-SY
S3_units,Bearing1_1,12,12.0,0.0,XJTU-SY
S3_units,Bearing1_1,12,12.0,0.0,XJTU-SY
S3_units,Bearing1_1,12,12.0,0.6,XJTU-SY
S3_units,Bearing1_1,12,12.0,0.45,XJTU-SY
S3_units,Bearing1_1,12,12.0,0.55,XJTU-SY
S3_units,Bearing1_1,12,12.0,0.6,XJTU-SY
S3_units,Bearing1_1,12,12.0,0.5,XJTU-SY
S3_units,Bearing1_1,12,12.0,0.45,XJTU-SY
S3_units,Bearing1_1,12,12.0,0.5,XJTU-SY
S3_units,Bearing1_1,12,12.0,0.5,XJTU-SY
S3_units,Bearing1_1,12,12.0,0.6,XJTU-SY
S3_units,Bearing1_1,12,12.0,0.4,XJTU-SY
S3_units,Bearing1_1,12,12.0,0.4,XJTU-SY
S3_units,Bearing1_1,12,12.0,0.0,XJTU-SY
S3_units,Bearing1_1,12,12.0,0.5,XJTU-SY
S3_units,Bearing1_1,12,12.0,0.6,XJTU-SY
S3_units,Bearing1_1,12,12.0,0.5,XJTU-SY
S3_units,Bearing1_1,12,12.0,0.45,XJTU-SY
S3_units,Bearing1_1,12,12.0,0.5,XJTU-SY
S3_units,Bearing1_1,12,12.0,0.55,XJTU-SY
S3_units,Bearing1_1,12,12.0,0.45,XJTU-SY
S3_units,Bearing1_1,12,12.0,0.45,XJTU-SY
S3_units,Bearing1_1,12,12.0,0.0,XJTU-SY
S3_units,Bearing1_1,12,12.0,0.5,XJTU-SY
S3_units,Bearing1_1,12,12.0,0.55,XJTU-SY
S3_units,Bearing1_1,12,12.0,0.45,XJTU-SY
S3_units,Bearing1_1,12,12.0,0.55,XJTU-SY
S3_units,Bearing1_1,12,12.0,0.55,XJTU-SY
S3_units,Bearing1_1,12,12.0,0.45,XJTU-SY
S3_units,Bearing1_1,12,12.0,0.45,XJTU-SY
S3_units,Bearing1_1,12,12.0,0.45,XJTU-SY
S3_units,Bearing1_1,12,12.0,0.5,XJTU-SY
S3_units,Bearing1_1,12,12.0,0.45,XJTU-SY
S3_units,Bearing1_1,12,12.0,0.5,XJTU-SY
S3_units,Bearing1_1,12,12.0,0.5,XJTU-SY
S3_units,Bearing1_1,12,12.0,0.55,XJTU-SY
S3_units,Bearing1_1,12,12.0,0.55,XJTU-SY
S3_units,Bearing1_1,12,12.0,0.2,XJTU-SY
S3_units,Bearing1_1,12,12.0,0.55,XJTU-SY
S3_units,Bearing1_1,12,12.0,0.45,XJTU-SY
S3_units,Bearing1_1,12,12.0,0.5,XJTU-SY
S3_units,Bearing1_1,12,12.0,0.0,XJTU-SY
S3_units,Bearing1_2,20,1.0,0.35,XJTU-SY
S3_units,Bearing1_2,20,1.0,0.0,XJTU-SY
S3_units,Bearing1_2,20,1.0,1.0,XJTU-SY
S3_units,Bearing1_2,20,1.0,1.0,XJTU-SY
S3_units,Bearing1_2,20,1.0,0.65,XJTU-SY
S3_units,Bearing1_2,20,1.0,1.0,XJTU-SY
S3_units,Bearing1_2,20,1.0,0.95,XJTU-SY
S3_units,Bearing1_2,20,1.0,0.0,XJTU-SY
S3_units,Bearing1_2,20,1.0,0.1,XJTU-SY
S3_units,Bearing1_2,20,1.0,1.0,XJTU-SY
S3_units,Bearing1_2,20,1.0,1.0,XJTU-SY
S3_units,Bearing1_2,20,1.0,1.0,XJTU-SY
S3_units,Bearing1_2,20,1.0,0.95,XJTU-SY
S3_units,Bearing1_2,20,1.0,1.0,XJTU-SY
S3_units,Bearing1_2,20,1.0,0.55,XJTU-SY
S3_units,Bearing1_2,20,1.0,1.0,XJTU-SY
S3_units,Bearing1_2,20,1.0,1.0,XJTU-SY
S3_units,Bearing1_2,20,1.0,1.0,XJTU-SY
S3_units,Bearing1_2,20,1.0,0.2,XJTU-SY
S3_units,Bearing1_2,20,1.0,0.55,XJTU-SY
S3_units,Bearing1_2,20,1.0,1.0,XJTU-SY
S3_units,Bearing1_2,20,1.0,1.0,XJTU-SY
S3_units,Bearing1_2,20,1.0,1.0,XJTU-SY
S3_units,Bearing1_2,20,1.0,0.0,XJTU-SY
S3_units,Bearing1_2,20,1.0,0.25,XJTU-SY
S3_units,Bearing1_2,20,1.0,0.25,XJTU-SY
S3_units,Bearing1_2,20,1.0,1.0,XJTU-SY
S3_units,Bearing1_2,20,1.0,0.9,XJTU-SY
S3_units,Bearing1_2,20,1.0,1.0,XJTU-SY
S3_units,Bearing1_2,20,1.0,0.0,XJTU-SY
S3_units,Bearing1_2,20,1.0,0.6,XJTU-SY
S3_units,Bearing1_2,20,1.0,0.1,XJTU-SY
S3_units,Bearing1_2,20,1.0,0.65,XJTU-SY
S3_units,Bearing1_2,20,1.0,0.2,XJTU-SY
S3_units,Bearing1_2,20,1.0,0.0,XJTU-SY
S3_units,Bearing1_2,20,1.0,0.0,XJTU-SY
S3_units,Bearing1_2,20,1.0,0.4,XJTU-SY
S3_units,Bearing1_2,20,1.0,1.0,XJTU-SY
S3_units,Bearing1_2,20,1.0,1.0,XJTU-SY
S3_units,Bearing1_2,20,1.0,0.1,XJTU-SY
S3_units,Bearing1_2,20,1.0,1.0,XJTU-SY
S3_units,Bearing1_2,20,1.0,1.0,XJTU-SY
S3_units,Bearing1_2,20,1.0,1.0,XJTU-SY
S3_units,Bearing1_2,20,1.0,1.0,XJTU-SY
S3_units,Bearing1_2,20,1.0,0.85,XJTU-SY
S3_units,Bearing1_2,20,1.0,0.2,XJTU-SY
S3_units,Bearing1_2,20,1.0,1.0,XJTU-SY
S3_units,Bearing1_2,20,1.0,0.0,XJTU-SY
S3_units,Bearing1_2,20,1.0,0.0,XJTU-SY
S3_units,Bearing1_2,20,1.0,1.0,XJTU-SY
S3_units,Bearing1_2,20,4.0,0.0,XJTU-SY
S3_units,Bearing1_2,20,4.0,1.0,XJTU-SY
S3_units,Bearing1_2,20,4.0,0.0,XJTU-SY
S3_units,Bearing1_2,20,4.0,0.05,XJTU-SY
S3_units,Bearing1_2,20,4.0,0.0,XJTU-SY
S3_units,Bearing1_2,20,4.0,0.0,XJTU-SY
S3_units,Bearing1_2,20,4.0,1.0,XJTU-SY
S3_units,Bearing1_2,20,4.0,0.0,XJTU-SY
S3_units,Bearing1_2,20,4.0,0.0,XJTU-SY
S3_units,Bearing1_2,20,4.0,0.0,XJTU-SY
S3_units,Bearing1_2,20,4.0,0.0,XJTU-SY
S3_units,Bearing1_2,20,4.0,0.0,XJTU-SY
S3_units,Bearing1_2,20,4.0,0.2,XJTU-SY
S3_units,Bearing1_2,20,4.0,0.0,XJTU-SY
S3_units,Bearing1_2,20,4.0,0.0,XJTU-SY
S3_units,Bearing1_2,20,4.0,0.0,XJTU-SY
S3_units,Bearing1_2,20,4.0,0.0,XJTU-SY
S3_units,Bearing1_2,20,4.0,0.0,XJTU-SY
S3_units,Bearing1_2,20,4.0,0.0,XJTU-SY
S3_units,Bearing1_2,20,4.0,1.0,XJTU-SY
S3_units,Bearing1_2,20,4.0,0.0,XJTU-SY
S3_units,Bearing1_2,20,4.0,0.0,XJTU-SY
S3_units,Bearing1_2,20,4.0,0.0,XJTU-SY
S3_units,Bearing1_2,20,4.0,0.0,XJTU-SY
S3_units,Bearing1_2,20,4.0,0.0,XJTU-SY
S3_units,Bearing1_2,20,4.0,0.0,XJTU-SY
S3_units,Bearing1_2,20,4.0,0.0,XJTU-SY
S3_units,Bearing1_2,20,4.0,0.25,XJTU-SY
S3_units,Bearing1_2,20,4.0,0.0,XJTU-SY
S3_units,Bearing1_2,20,4.0,0.0,XJTU-SY
S3_units,Bearing1_2,20,4.0,0.0,XJTU-SY
S3_units,Bearing1_2,20,4.0,0.0,XJTU-SY
S3_units,Bearing1_2,20,4.0,0.0,XJTU-SY
S3_units,Bearing1_2,20,4.0,0.0,XJTU-SY
S3_units,Bearing1_2,20,4.0,0.0,XJTU-SY
S3_units,Bearing1_2,20,4.0,0.0,XJTU-SY
S3_units,Bearing1_2,20,4.0,0.0,XJTU-SY
S3_units,Bearing1_2,20,4.0,0.0,XJTU-SY
S3_units,Bearing1_2,20,4.0,0.0,XJTU-SY
S3_units,Bearing1_2,20,4.0,0.0,XJTU-SY
S3_units,Bearing1_2,20,4.0,0.0,XJTU-SY
S3_units,Bearing1_2,20,4.0,0.0,XJTU-SY
S3_units,Bearing1_2,20,4.0,0.0,XJTU-SY
S3_units,Bearing1_2,20,4.0,0.0,XJTU-SY
S3_units,Bearing1_2,20,4.0,0.0,XJTU-SY
S3_units,Bearing1_2,20,4.0,0.0,XJTU-SY
S3_units,Bearing1_2,20,4.0,1.0,XJTU-SY
S3_units,Bearing1_2,20,4.0,0.0,XJTU-SY
S3_units,Bearing1_2,20,4.0,0.0,XJTU-SY
S3_units,Bearing1_2,20,4.0,0.0,XJTU-SY
S3_units,Bearing1_2,12,12.0,0.0,XJTU-SY
S3_units,Bearing1_2,12,12.0,0.1,XJTU-SY
S3_units,Bearing1_2,12,12.0,0.0,XJTU-SY
S3_units,Bearing1_2,12,12.0,0.0,XJTU-SY
S3_units,Bearing1_2,12,12.0,0.0,XJTU-SY
S3_units,Bearing1_2,12,12.0,0.0,XJTU-SY
S3_units,Bearing1_2,12,12.0,0.0,XJTU-SY
S3_units,Bearing1_2,12,12.0,0.0,XJTU-SY
S3_units,Bearing1_2,12,12.0,0.0,XJTU-SY
S3_units,Bearing1_2,12,12.0,0.0,XJTU-SY
S3_units,Bearing1_2,12,12.0,0.0,XJTU-SY
S3_units,Bearing1_2,12,12.0,0.0,XJTU-SY
S3_units,Bearing1_2,12,12.0,0.05,XJTU-SY
S3_units,Bearing1_2,12,12.0,0.0,XJTU-SY
S3_units,Bearing1_2,12,12.0,0.0,XJTU-SY
S3_units,Bearing1_2,12,12.0,0.0,XJTU-SY
S3_units,Bearing1_2,12,12.0,0.0,XJTU-SY
S3_units,Bearing1_2,12,12.0,0.0,XJTU-SY
S3_units,Bearing1_2,12,12.0,0.0,XJTU-SY
S3_units,Bearing1_2,12,12.0,0.0,XJTU-SY
S3_units,Bearing1_2,12,12.0,0.0,XJTU-SY
S3_units,Bearing1_2,12,12.0,0.0,XJTU-SY
S3_units,Bearing1_2,12,12.0,0.0,XJTU-SY
S3_units,Bearing1_2,12,12.0,0.0,XJTU-SY
S3_units,Bearing1_2,12,12.0,0.0,XJTU-SY
S3_units,Bearing1_2,12,12.0,0.0,XJTU-SY
S3_units,Bearing1_2,12,12.0,0.0,XJTU-SY
S3_units,Bearing1_2,12,12.0,0.0,XJTU-SY
S3_units,Bearing1_2,12,12.0,0.0,XJTU-SY
S3_units,Bearing1_2,12,12.0,0.0,XJTU-SY
S3_units,Bearing1_2,12,12.0,0.0,XJTU-SY
S3_units,Bearing1_2,12,12.0,0.0,XJTU-SY
S3_units,Bearing1_2,12,12.0,0.0,XJTU-SY
S3_units,Bearing1_2,12,12.0,0.0,XJTU-SY
S3_units,Bearing1_2,12,12.0,0.0,XJTU-SY
S3_units,Bearing1_2,12,12.0,0.0,XJTU-SY
S3_units,Bearing1_2,12,12.0,0.0,XJTU-SY
S3_units,Bearing1_2,12,12.0,0.0,XJTU-SY
S3_units,Bearing1_2,12,12.0,0.0,XJTU-SY
S3_units,Bearing1_2,12,12.0,0.0,XJTU-SY
S3_units,Bearing1_2,12,12.0,0.0,XJTU-SY
S3_units,Bearing1_2,12,12.0,0.0,XJTU-SY
S3_units,Bearing1_2,12,12.0,0.0,XJTU-SY
S3_units,Bearing1_2,12,12.0,0.0,XJTU-SY
S3_units,Bearing1_2,12,12.0,0.0,XJTU-SY
S3_units,Bearing1_2,12,12.0,0.0,XJTU-SY
S3_units,Bearing1_2,12,12.0,0.0,XJTU-SY
S3_units,Bearing1_2,12,12.0,0.0,XJTU-SY
S3_units,Bearing1_2,12,12.0,0.0,XJTU-SY
S3_units,Bearing1_2,12,12.0,0.0,XJTU-SY
S3_units,Bearing1_3,20,1.0,0.25,XJTU-SY
S3_units,Bearing1_3,20,1.0,0.0,XJTU-SY
S3_units,Bearing1_3,20,1.0,1.0,XJTU-SY
S3_units,Bearing1_3,20,1.0,0.0,XJTU-SY
S3_units,Bearing1_3,20,1.0,0.0,XJTU-SY
S3_units,Bearing1_3,20,1.0,0.35,XJTU-SY
S3_units,Bearing1_3,20,1.0,1.0,XJTU-SY
S3_units,Bearing1_3,20,1.0,0.6,XJTU-SY
S3_units,Bearing1_3,20,1.0,0.1,XJTU-SY
S3_units,Bearing1_3,20,1.0,1.0,XJTU-SY
S3_units,Bearing1_3,20,1.0,0.3,XJTU-SY
S3_units,Bearing1_3,20,1.0,0.0,XJTU-SY
S3_units,Bearing1_3,20,1.0,0.0,XJTU-SY
S3_units,Bearing1_3,20,1.0,0.2,XJTU-SY
S3_units,Bearing1_3,20,1.0,0.5,XJTU-SY
S3_units,Bearing1_3,20,1.0,0.0,XJTU-SY
S3_units,Bearing1_3,20,1.0,0.4,XJTU-SY
S3_units,Bearing1_3,20,1.0,0.15,XJTU-SY
S3_units,Bearing1_3,20,1.0,0.4,XJTU-SY
S3_units,Bearing1_3,20,1.0,0.0,XJTU-SY
S3_units,Bearing1_3,20,1.0,0.0,XJTU-SY
S3_units,Bearing1_3,20,1.0,0.95,XJTU-SY
S3_units,Bearing1_3,20,1.0,0.0,XJTU-SY
S3_units,Bearing1_3,20,1.0,0.2,XJTU-SY
S3_units,Bearing1_3,20,1.0,0.95,XJTU-SY
S3_units,Bearing1_3,20,1.0,0.0,XJTU-SY
S3_units,Bearing1_3,20,1.0,0.0,XJTU-SY
S3_units,Bearing1_3,20,1.0,0.6,XJTU-SY
S3_units,Bearing1_3,20,1.0,0.0,XJTU-SY
S3_units,Bearing1_3,20,1.0,0.15,XJTU-SY
S3_units,Bearing1_3,20,1.0,0.0,XJTU-SY
S3_units,Bearing1_3,20,1.0,0.15,XJTU-SY
S3_units,Bearing1_3,20,1.0,0.0,XJTU-SY
S3_units,Bearing1_3,20,1.0,0.6,XJTU-SY
S3_units,Bearing1_3,20,1.0,0.0,XJTU-SY
S3_units,Bearing1_3,20,1.0,1.0,XJTU-SY
S3_units,Bearing1_3,20,1.0,0.0,XJTU-SY
S3_units,Bearing1_3,20,1.0,0.0,XJTU-SY
S3_units,Bearing1_3,20,1.0,0.0,XJTU-SY
S3_units,Bearing1_3,20,1.0,0.0,XJTU-SY
S3_units,Bearing1_3,20,1.0,0.05,XJTU-SY
S3_units,Bearing1_3,20,1.0,1.0,XJTU-SY
S3_units,Bearing1_3,20,1.0,0.05,XJTU-SY
S3_units,Bearing1_3,20,1.0,0.0,XJTU-SY
S3_units,Bearing1_3,20,1.0,0.1,XJTU-SY
S3_units,Bearing1_3,20,1.0,0.0,XJTU-SY
S3_units,Bearing1_3,20,1.0,1.0,XJTU-SY
S3_units,Bearing1_3,20,1.0,0.0,XJTU-SY
S3_units,Bearing1_3,20,1.0,0.4,XJTU-SY
S3_units,Bearing1_3,20,1.0,0.0,XJTU-SY
S3_units,Bearing1_3,20,4.0,0.0,XJTU-SY
S3_units,Bearing1_3,20,4.0,0.0,XJTU-SY
S3_units,Bearing1_3,20,4.0,0.0,XJTU-SY
S3_units,Bearing1_3,20,4.0,0.0,XJTU-SY
S3_units,Bearing1_3,20,4.0,0.0,XJTU-SY
S3_units,Bearing1_3,20,4.0,0.0,XJTU-SY
S3_units,Bearing1_3,20,4.0,0.0,XJTU-SY
S3_units,Bearing1_3,20,4.0,0.0,XJTU-SY
S3_units,Bearing1_3,20,4.0,0.0,XJTU-SY
S3_units,Bearing1_3,20,4.0,0.0,XJTU-SY
S3_units,Bearing1_3,20,4.0,0.0,XJTU-SY
S3_units,Bearing1_3,20,4.0,0.0,XJTU-SY
S3_units,Bearing1_3,20,4.0,0.0,XJTU-SY
S3_units,Bearing1_3,20,4.0,0.0,XJTU-SY
S3_units,Bearing1_3,20,4.0,0.0,XJTU-SY
S3_units,Bearing1_3,20,4.0,0.0,XJTU-SY
S3_units,Bearing1_3,20,4.0,0.0,XJTU-SY
S3_units,Bearing1_3,20,4.0,0.0,XJTU-SY
S3_units,Bearing1_3,20,4.0,0.0,XJTU-SY
S3_units,Bearing1_3,20,4.0,0.0,XJTU-SY
S3_units,Bearing1_3,20,4.0,0.0,XJTU-SY
S3_units,Bearing1_3,20,4.0,0.0,XJTU-SY
S3_units,Bearing1_3,20,4.0,0.0,XJTU-SY
S3_units,Bearing1_3,20,4.0,0.0,XJTU-SY
S3_units,Bearing1_3,20,4.0,0.0,XJTU-SY
S3_units,Bearing1_3,20,4.0,0.0,XJTU-SY
S3_units,Bearing1_3,20,4.0,0.0,XJTU-SY
S3_units,Bearing1_3,20,4.0,0.0,XJTU-SY
S3_units,Bearing1_3,20,4.0,0.0,XJTU-SY
S3_units,Bearing1_3,20,4.0,0.0,XJTU-SY
S3_units,Bearing1_3,20,4.0,0.0,XJTU-SY
S3_units,Bearing1_3,20,4.0,0.0,XJTU-SY
S3_units,Bearing1_3,20,4.0,0.0,XJTU-SY
S3_units,Bearing1_3,20,4.0,0.0,XJTU-SY
S3_units,Bearing1_3,20,4.0,0.0,XJTU-SY
S3_units,Bearing1_3,20,4.0,0.0,XJTU-SY
S3_units,Bearing1_3,20,4.0,0.0,XJTU-SY
S3_units,Bearing1_3,20,4.0,0.0,XJTU-SY
S3_units,Bearing1_3,20,4.0,0.0,XJTU-SY
S3_units,Bearing1_3,20,4.0,0.0,XJTU-SY
S3_units,Bearing1_3,20,4.0,0.0,XJTU-SY
S3_units,Bearing1_3,20,4.0,0.0,XJTU-SY
S3_units,Bearing1_3,20,4.0,0.0,XJTU-SY
S3_units,Bearing1_3,20,4.0,0.0,XJTU-SY
S3_units,Bearing1_3,20,4.0,0.0,XJTU-SY
S3_units,Bearing1_3,20,4.0,0.0,XJTU-SY
S3_units,Bearing1_3,20,4.0,0.0,XJTU-SY
S3_units,Bearing1_3,20,4.0,0.0,XJTU-SY
S3_units,Bearing1_3,20,4.0,0.0,XJTU-SY
S3_units,Bearing1_3,20,4.0,0.0,XJTU-SY
S3_units,Bearing1_3,12,12.0,0.0,XJTU-SY
S3_units,Bearing1_3,12,12.0,0.0,XJTU-SY
S3_units,Bearing1_3,12,12.0,0.0,XJTU-SY
S3_units,Bearing1_3,12,12.0,0.0,XJTU-SY
S3_units,Bearing1_3,12,12.0,0.0,XJTU-SY
S3_units,Bearing1_3,12,12.0,0.0,XJTU-SY
S3_units,Bearing1_3,12,12.0,0.0,XJTU-SY
S3_units,Bearing1_3,12,12.0,0.0,XJTU-SY
S3_units,Bearing1_3,12,12.0,0.0,XJTU-SY
S3_units,Bearing1_3,12,12.0,0.0,XJTU-SY
S3_units,Bearing1_3,12,12.0,0.0,XJTU-SY
S3_units,Bearing1_3,12,12.0,0.0,XJTU-SY
S3_units,Bearing1_3,12,12.0,0.0,XJTU-SY
S3_units,Bearing1_3,12,12.0,0.0,XJTU-SY
S3_units,Bearing1_3,12,12.0,0.0,XJTU-SY
S3_units,Bearing1_3,12,12.0,0.0,XJTU-SY
S3_units,Bearing1_3,12,12.0,0.0,XJTU-SY
S3_units,Bearing1_3,12,12.0,0.0,XJTU-SY
S3_units,Bearing1_3,12,12.0,0.0,XJTU-SY
S3_units,Bearing1_3,12,12.0,0.0,XJTU-SY
S3_units,Bearing1_3,12,12.0,0.0,XJTU-SY
S3_units,Bearing1_3,12,12.0,0.0,XJTU-SY
S3_units,Bearing1_3,12,12.0,0.0,XJTU-SY
S3_units,Bearing1_3,12,12.0,0.0,XJTU-SY
S3_units,Bearing1_3,12,12.0,0.0,XJTU-SY
S3_units,Bearing1_3,12,12.0,0.0,XJTU-SY
S3_units,Bearing1_3,12,12.0,0.0,XJTU-SY
S3_units,Bearing1_3,12,12.0,0.0,XJTU-SY
S3_units,Bearing1_3,12,12.0,0.0,XJTU-SY
S3_units,Bearing1_3,12,12.0,0.0,XJTU-SY
S3_units,Bearing1_3,12,12.0,0.0,XJTU-SY
S3_units,Bearing1_3,12,12.0,0.0,XJTU-SY
S3_units,Bearing1_3,12,12.0,0.0,XJTU-SY
S3_units,Bearing1_3,12,12.0,0.0,XJTU-SY
S3_units,Bearing1_3,12,12.0,0.0,XJTU-SY
S3_units,Bearing1_3,12,12.0,0.0,XJTU-SY
S3_units,Bearing1_3,12,12.0,0.0,XJTU-SY
S3_units,Bearing1_3,12,12.0,0.0,XJTU-SY
S3_units,Bearing1_3,12,12.0,0.0,XJTU-SY
S3_units,Bearing1_3,12,12.0,0.0,XJTU-SY
S3_units,Bearing1_3,12,12.0,0.0,XJTU-SY
S3_units,Bearing1_3,12,12.0,0.0,XJTU-SY
S3_units,Bearing1_3,12,12.0,0.0,XJTU-SY
S3_units,Bearing1_3,12,12.0,0.0,XJTU-SY
S3_units,Bearing1_3,12,12.0,0.0,XJTU-SY
S3_units,Bearing1_3,12,12.0,0.0,XJTU-SY
S3_units,Bearing1_3,12,12.0,0.0,XJTU-SY
S3_units,Bearing1_3,12,12.0,0.0,XJTU-SY
S3_units,Bearing1_3,12,12.0,0.0,XJTU-SY
S3_units,Bearing1_3,12,12.0,0.0,XJTU-SY
S3_units,Bearing1_4,20,1.0,0.0,XJTU-SY
S3_units,Bearing1_4,20,1.0,0.0,XJTU-SY
S3_units,Bearing1_4,20,1.0,0.0,XJTU-SY
S3_units,Bearing1_4,20,1.0,0.45,XJTU-SY
S3_units,Bearing1_4,20,1.0,0.5,XJTU-SY
S3_units,Bearing1_4,20,1.0,0.0,XJTU-SY
S3_units,Bearing1_4,20,1.0,0.05,XJTU-SY
S3_units,Bearing1_4,20,1.0,0.65,XJTU-SY
S3_units,Bearing1_4,20,1.0,0.55,XJTU-SY
S3_units,Bearing1_4,20,1.0,0.0,XJTU-SY
S3_units,Bearing1_4,20,1.0,0.0,XJTU-SY
S3_units,Bearing1_4,20,1.0,1.0,XJTU-SY
S3_units,Bearing1_4,20,1.0,0.7,XJTU-SY
S3_units,Bearing1_4,20,1.0,1.0,XJTU-SY
S3_units,Bearing1_4,20,1.0,0.65,XJTU-SY
S3_units,Bearing1_4,20,1.0,0.25,XJTU-SY
S3_units,Bearing1_4,20,1.0,0.45,XJTU-SY
S3_units,Bearing1_4,20,1.0,1.0,XJTU-SY
S3_units,Bearing1_4,20,1.0,1.0,XJTU-SY
S3_units,Bearing1_4,20,1.0,0.0,XJTU-SY
S3_units,Bearing1_4,20,1.0,1.0,XJTU-SY
S3_units,Bearing1_4,20,1.0,0.0,XJTU-SY
S3_units,Bearing1_4,20,1.0,0.0,XJTU-SY
S3_units,Bearing1_4,20,1.0,0.6,XJTU-SY
S3_units,Bearing1_4,20,1.0,0.95,XJTU-SY
S3_units,Bearing1_4,20,1.0,0.6,XJTU-SY
S3_units,Bearing1_4,20,1.0,0.0,XJTU-SY
S3_units,Bearing1_4,20,1.0,0.55,XJTU-SY
S3_units,Bearing1_4,20,1.0,1.0,XJTU-SY
S3_units,Bearing1_4,20,1.0,0.0,XJTU-SY
S3_units,Bearing1_4,20,1.0,1.0,XJTU-SY
S3_units,Bearing1_4,20,1.0,0.9,XJTU-SY
S3_units,Bearing1_4,20,1.0,1.0,XJTU-SY
S3_units,Bearing1_4,20,1.0,0.0,XJTU-SY
S3_units,Bearing1_4,20,1.0,0.55,XJTU-SY
S3_units,Bearing1_4,20,1.0,0.65,XJTU-SY
S3_units,Bearing1_4,20,1.0,0.6,XJTU-SY
S3_units,Bearing1_4,20,1.0,0.6,XJTU-SY
S3_units,Bearing1_4,20,1.0,0.1,XJTU-SY
S3_units,Bearing1_4,20,1.0,1.0,XJTU-SY
S3_units,Bearing1_4,20,1.0,0.7,XJTU-SY
S3_units,Bearing1_4,20,1.0,0.0,XJTU-SY
S3_units,Bearing1_4,20,1.0,0.1,XJTU-SY
S3_units,Bearing1_4,20,1.0,1.0,XJTU-SY
S3_units,Bearing1_4,20,1.0,0.45,XJTU-SY
S3_units,Bearing1_4,20,1.0,1.0,XJTU-SY
S3_units,Bearing1_4,20,1.0,0.0,XJTU-SY
S3_units,Bearing1_4,20,1.0,0.6,XJTU-SY
S3_units,Bearing1_4,20,1.0,0.5,XJTU-SY
S3_units,Bearing1_4,20,1.0,0.0,XJTU-SY
S3_units,Bearing1_4,20,4.0,0.0,XJTU-SY
S3_units,Bearing1_4,20,4.0,0.0,XJTU-SY
S3_units,Bearing1_4,20,4.0,0.0,XJTU-SY
S3_units,Bearing1_4,20,4.0,0.15,XJTU-SY
S3_units,Bearing1_4,20,4.0,0.15,XJTU-SY
S3_units,Bearing1_4,20,4.0,0.0,XJTU-SY
S3_units,Bearing1_4,20,4.0,0.0,XJTU-SY
S3_units,Bearing1_4,20,4.0,0.0,XJTU-SY
S3_units,Bearing1_4,20,4.0,0.0,XJTU-SY
S3_units,Bearing1_4,20,4.0,0.0,XJTU-SY
S3_units,Bearing1_4,20,4.0,0.0,XJTU-SY
S3_units,Bearing1_4,20,4.0,0.0,XJTU-SY
S3_units,Bearing1_4,20,4.0,0.0,XJTU-SY
S3_units,Bearing1_4,20,4.0,0.0,XJTU-SY
S3_units,Bearing1_4,20,4.0,0.1,XJTU-SY
S3_units,Bearing1_4,20,4.0,0.0,XJTU-SY
S3_units,Bearing1_4,20,4.0,0.0,XJTU-SY
S3_units,Bearing1_4,20,4.0,0.0,XJTU-SY
S3_units,Bearing1_4,20,4.0,0.0,XJTU-SY
S3_units,Bearing1_4,20,4.0,0.0,XJTU-SY
S3_units,Bearing1_4,20,4.0,0.0,XJTU-SY
S3_units,Bearing1_4,20,4.0,0.0,XJTU-SY
S3_units,Bearing1_4,20,4.0,0.0,XJTU-SY
S3_units,Bearing1_4,20,4.0,0.0,XJTU-SY
S3_units,Bearing1_4,20,4.0,0.0,XJTU-SY
S3_units,Bearing1_4,20,4.0,0.0,XJTU-SY
S3_units,Bearing1_4,20,4.0,0.0,XJTU-SY
S3_units,Bearing1_4,20,4.0,0.15,XJTU-SY
S3_units,Bearing1_4,20,4.0,0.0,XJTU-SY
S3_units,Bearing1_4,20,4.0,0.0,XJTU-SY
S3_units,Bearing1_4,20,4.0,0.0,XJTU-SY
S3_units,Bearing1_4,20,4.0,0.0,XJTU-SY
S3_units,Bearing1_4,20,4.0,0.0,XJTU-SY
S3_units,Bearing1_4,20,4.0,0.0,XJTU-SY
S3_units,Bearing1_4,20,4.0,0.0,XJTU-SY
S3_units,Bearing1_4,20,4.0,0.0,XJTU-SY
S3_units,Bearing1_4,20,4.0,0.0,XJTU-SY
S3_units,Bearing1_4,20,4.0,0.0,XJTU-SY
S3_units,Bearing1_4,20,4.0,0.0,XJTU-SY
S3_units,Bearing1_4,20,4.0,0.0,XJTU-SY
S3_units,Bearing1_4,20,4.0,0.0,XJTU-SY
S3_units,Bearing1_4,20,4.0,0.0,XJTU-SY
S3_units,Bearing1_4,20,4.0,0.0,XJTU-SY
S3_units,Bearing1_4,20,4.0,0.0,XJTU-SY
S3_units,Bearing1_4,20,4.0,0.0,XJTU-SY
S3_units,Bearing1_4,20,4.0,0.0,XJTU-SY
S3_units,Bearing1_4,20,4.0,0.0,XJTU-SY
S3_units,Bearing1_4,20,4.0,0.0,XJTU-SY
S3_units,Bearing1_4,20,4.0,0.0,XJTU-SY
S3_units,Bearing1_4,20,4.0,0.0,XJTU-SY
S3_units,Bearing1_4,12,12.0,0.0,XJTU-SY
S3_units,Bearing1_4,12,12.0,0.0,XJTU-SY
S3_units,Bearing1_4,12,12.0,0.0,XJTU-SY
S3_units,Bearing1_4,12,12.0,0.0,XJTU-SY
S3_units,Bearing1_4,12,12.0,0.0,XJTU-SY
S3_units,Bearing1_4,12,12.0,0.0,XJTU-SY
S3_units,Bearing1_4,12,12.0,0.0,XJTU-SY
S3_units,Bearing1_4,12,12.0,0.0,XJTU-SY
S3_units,Bearing1_4,12,12.0,0.0,XJTU-SY
S3_units,Bearing1_4,12,12.0,0.0,XJTU-SY
S3_units,Bearing1_4,12,12.0,0.0,XJTU-SY
S3_units,Bearing1_4,12,12.0,0.0,XJTU-SY
S3_units,Bearing1_4,12,12.0,0.0,XJTU-SY
S3_units,Bearing1_4,12,12.0,0.0,XJTU-SY
S3_units,Bearing1_4,12,12.0,0.0,XJTU-SY
S3_units,Bearing1_4,12,12.0,0.0,XJTU-SY
S3_units,Bearing1_4,12,12.0,0.0,XJTU-SY
S3_units,Bearing1_4,12,12.0,0.0,XJTU-SY
S3_units,Bearing1_4,12,12.0,0.0,XJTU-SY
S3_units,Bearing1_4,12,12.0,0.0,XJTU-SY
S3_units,Bearing1_4,12,12.0,0.0,XJTU-SY
S3_units,Bearing1_4,12,12.0,0.0,XJTU-SY
S3_units,Bearing1_4,12,12.0,0.0,XJTU-SY
S3_units,Bearing1_4,12,12.0,0.0,XJTU-SY
S3_units,Bearing1_4,12,12.0,0.0,XJTU-SY
S3_units,Bearing1_4,12,12.0,0.0,XJTU-SY
S3_units,Bearing1_4,12,12.0,0.0,XJTU-SY
S3_units,Bearing1_4,12,12.0,0.0,XJTU-SY
S3_units,Bearing1_4,12,12.0,0.0,XJTU-SY
S3_units,Bearing1_4,12,12.0,0.0,XJTU-SY
S3_units,Bearing1_4,12,12.0,0.0,XJTU-SY
S3_units,Bearing1_4,12,12.0,0.0,XJTU-SY
S3_units,Bearing1_4,12,12.0,0.0,XJTU-SY
S3_units,Bearing1_4,12,12.0,0.0,XJTU-SY
S3_units,Bearing1_4,12,12.0,0.0,XJTU-SY
S3_units,Bearing1_4,12,12.0,0.0,XJTU-SY
S3_units,Bearing1_4,12,12.0,0.0,XJTU-SY
S3_units,Bearing1_4,12,12.0,0.0,XJTU-SY
S3_units,Bearing1_4,12,12.0,0.0,XJTU-SY
S3_units,Bearing1_4,12,12.0,0.0,XJTU-SY
S3_units,Bearing1_4,12,12.0,0.0,XJTU-SY
S3_units,Bearing1_4,12,12.0,0.0,XJTU-SY
S3_units,Bearing1_4,12,12.0,0.0,XJTU-SY
S3_units,Bearing1_4,12,12.0,0.0,XJTU-SY
S3_units,Bearing1_4,12,12.0,0.0,XJTU-SY
S3_units,Bearing1_4,12,12.0,0.0,XJTU-SY
S3_units,Bearing1_4,12,12.0,0.0,XJTU-SY
S3_units,Bearing1_4,12,12.0,0.0,XJTU-SY
S3_units,Bearing1_4,12,12.0,0.0,XJTU-SY
S3_units,Bearing1_4,12,12.0,0.0,XJTU-SY
S3_units,Bearing2_1,20,1.0,0.673469387755102,XJTU-SY
S3_units,Bearing2_1,20,1.0,1.0,XJTU-SY
S3_units,Bearing2_1,20,1.0,0.0,XJTU-SY
S3_units,Bearing2_1,20,1.0,0.0,XJTU-SY
S3_units,Bearing2_1,20,1.0,0.0,XJTU-SY
S3_units,Bearing2_1,20,1.0,0.9183673469387755,XJTU-SY
S3_units,Bearing2_1,20,1.0,1.0,XJTU-SY
S3_units,Bearing2_1,20,1.0,1.0,XJTU-SY
S3_units,Bearing2_1,20,1.0,0.12244897959183673,XJTU-SY
S3_units,Bearing2_1,20,1.0,0.7551020408163265,XJTU-SY
S3_units,Bearing2_1,20,1.0,0.9795918367346939,XJTU-SY
S3_units,Bearing2_1,20,1.0,0.673469387755102,XJTU-SY
S3_units,Bearing2_1,20,1.0,0.8571428571428571,XJTU-SY
S3_units,Bearing2_1,20,1.0,0.9591836734693877,XJTU-SY
S3_units,Bearing2_1,20,1.0,1.0,XJTU-SY
S3_units,Bearing2_1,20,1.0,0.0,XJTU-SY
S3_units,Bearing2_1,20,1.0,0.0,XJTU-SY
S3_units,Bearing2_1,20,1.0,0.0,XJTU-SY
S3_units,Bearing2_1,20,1.0,0.061224489795918366,XJTU-SY
S3_units,Bearing2_1,20,1.0,0.32653061224489793,XJTU-SY
S3_units,Bearing2_1,20,1.0,1.0,XJTU-SY
S3_units,Bearing2_1,20,1.0,1.0,XJTU-SY
S3_units,Bearing2_1,20,1.0,0.8367346938775511,XJTU-SY
S3_units,Bearing2_1,20,1.0,0.8163265306122449,XJTU-SY
S3_units,Bearing2_1,20,1.0,0.08163265306122448,XJTU-SY
S3_units,Bearing2_1,20,1.0,0.0,XJTU-SY
S3_units,Bearing2_1,20,1.0,0.8979591836734694,XJTU-SY
S3_units,Bearing2_1,20,1.0,0.9183673469387755,XJTU-SY
S3_units,Bearing2_1,20,1.0,1.0,XJTU-SY
S3_units,Bearing2_1,20,1.0,0.0,XJTU-SY
S3_units,Bearing2_1,20,1.0,0.7142857142857143,XJTU-SY
S3_units,Bearing2_1,20,1.0,0.0,XJTU-SY
S3_units,Bearing2_1,20,1.0,0.7959183673469388,XJTU-SY
S3_units,Bearing2_1,20,1.0,0.0,XJTU-SY
S3_units,Bearing2_1,20,1.0,0.5102040816326531,XJTU-SY
S3_units,Bearing2_1,20,1.0,0.9795918367346939,XJTU-SY
S3_units,Bearing2_1,20,1.0,0.0,XJTU-SY
S3_units,Bearing2_1,20,1.0,0.0,XJTU-SY
S3_units,Bearing2_1,20,1.0,0.0,XJTU-SY
S3_units,Bearing2_1,20,1.0,1.0,XJTU-SY
S3_units,Bearing2_1,20,1.0,0.6326530612244898,XJTU-SY
S3_units,Bearing2_1,20,1.0,0.8571428571428571,XJTU-SY
S3_units,Bearing2_1,20,1.0,0.4897959183673469,XJTU-SY
S3_units,Bearing2_1,20,1.0,0.0,XJTU-SY
S3_units,Bearing2_1,20,1.0,0.04081632653061224,XJTU-SY
S3_units,Bearing2_1,20,1.0,0.7755102040816326,XJTU-SY
S3_units,Bearing2_1,20,1.0,1.0,XJTU-SY
S3_units,Bearing2_1,20,1.0,0.0,XJTU-SY
S3_units,Bearing2_1,20,1.0,0.0,XJTU-SY
S3_units,Bearing2_1,20,1.0,0.0,XJTU-SY
S3_units,Bearing2_1,20,4.0,0.0,XJTU-SY
S3_units,Bearing2_1,20,4.0,0.0,XJTU-SY
S3_units,Bearing2_1,20,4.0,0.0,XJTU-SY
S3_units,Bearing2_1,20,4.0,0.0,XJTU-SY
S3_units,Bearing2_1,20,4.0,0.0,XJTU-SY
S3_units,Bearing2_1,20,4.0,0.0,XJTU-SY
S3_units,Bearing2_1,20,4.0,0.0,XJTU-SY
S3_units,Bearing2_1,20,4.0,0.0,XJTU-SY
S3_units,Bearing2_1,20,4.0,0.0,XJTU-SY
S3_units,Bearing2_1,20,4.0,0.0,XJTU-SY
S3_units,Bearing2_1,20,4.0,0.0,XJTU-SY
S3_units,Bearing2_1,20,4.0,0.0,XJTU-SY
S3_units,Bearing2_1,20,4.0,0.0,XJTU-SY
S3_units,Bearing2_1,20,4.0,0.0,XJTU-SY
S3_units,Bearing2_1,20,4.0,0.0,XJTU-SY
S3_units,Bearing2_1,20,4.0,0.0,XJTU-SY
S3_units,Bearing2_1,20,4.0,0.0,XJTU-SY
S3_units,Bearing2_1,20,4.0,0.0,XJTU-SY
S3_units,Bearing2_1,20,4.0,0.1836734693877551,XJTU-SY
S3_units,Bearing2_1,20,4.0,0.0,XJTU-SY
S3_units,Bearing2_1,20,4.0,0.0,XJTU-SY
S3_units,Bearing2_1,20,4.0,0.0,XJTU-SY
S3_units,Bearing2_1,20,4.0,0.0,XJTU-SY
S3_units,Bearing2_1,20,4.0,0.0,XJTU-SY
S3_units,Bearing2_1,20,4.0,0.0,XJTU-SY
S3_units,Bearing2_1,20,4.0,0.0,XJTU-SY
S3_units,Bearing2_1,20,4.0,0.0,XJTU-SY
S3_units,Bearing2_1,20,4.0,0.0,XJTU-SY
S3_units,Bearing2_1,20,4.0,0.0,XJTU-SY
S3_units,Bearing2_1,20,4.0,0.0,XJTU-SY
S3_units,Bearing2_1,20,4.0,0.0,XJTU-SY
S3_units,Bearing2_1,20,4.0,0.0,XJTU-SY
S3_units,Bearing2_1,20,4.0,0.0,XJTU-SY
S3_units,Bearing2_1,20,4.0,0.0,XJTU-SY
S3_units,Bearing2_1,20,4.0,0.0,XJTU-SY
S3_units,Bearing2_1,20,4.0,0.0,XJTU-SY
S3_units,Bearing2_1,20,4.0,0.0,XJTU-SY
S3_units,Bearing2_1,20,4.0,0.0,XJTU-SY
S3_units,Bearing2_1,20,4.0,0.0,XJTU-SY
S3_units,Bearing2_1,20,4.0,0.0,XJTU-SY
S3_units,Bearing2_1,20,4.0,0.0,XJTU-SY
S3_units,Bearing2_1,20,4.0,0.0,XJTU-SY
S3_units,Bearing2_1,20,4.0,0.0,XJTU-SY
S3_units,Bearing2_1,20,4.0,0.0,XJTU-SY
S3_units,Bearing2_1,20,4.0,0.0,XJTU-SY
S3_units,Bearing2_1,20,4.0,0.0,XJTU-SY
S3_units,Bearing2_1,20,4.0,0.0,XJTU-SY
S3_units,Bearing2_1,20,4.0,0.0,XJTU-SY
S3_units,Bearing2_1,20,4.0,0.0,XJTU-SY
S3_units,Bearing2_1,20,4.0,0.0,XJTU-SY
S3_units,Bearing2_1,12,12.0,0.0,XJTU-SY
S3_units,Bearing2_1,12,12.0,0.0,XJTU-SY
S3_units,Bearing2_1,12,12.0,0.0,XJTU-SY
S3_units,Bearing2_1,12,12.0,0.0,XJTU-SY
S3_units,Bearing2_1,12,12.0,0.0,XJTU-SY
S3_units,Bearing2_1,12,12.0,0.0,XJTU-SY
S3_units,Bearing2_1,12,12.0,0.0,XJTU-SY
S3_units,Bearing2_1,12,12.0,0.0,XJTU-SY
S3_units,Bearing2_1,12,12.0,0.0,XJTU-SY
S3_units,Bearing2_1,12,12.0,0.0,XJTU-SY
S3_units,Bearing2_1,12,12.0,0.0,XJTU-SY
S3_units,Bearing2_1,12,12.0,0.0,XJTU-SY
S3_units,Bearing2_1,12,12.0,0.0,XJTU-SY
S3_units,Bearing2_1,12,12.0,0.0,XJTU-SY
S3_units,Bearing2_1,12,12.0,0.0,XJTU-SY
S3_units,Bearing2_1,12,12.0,0.0,XJTU-SY
S3_units,Bearing2_1,12,12.0,0.0,XJTU-SY
S3_units,Bearing2_1,12,12.0,0.0,XJTU-SY
S3_units,Bearing2_1,12,12.0,0.0,XJTU-SY
S3_units,Bearing2_1,12,12.0,0.0,XJTU-SY
S3_units,Bearing2_1,12,12.0,0.0,XJTU-SY
S3_units,Bearing2_1,12,12.0,0.0,XJTU-SY
S3_units,Bearing2_1,12,12.0,0.0,XJTU-SY
S3_units,Bearing2_1,12,12.0,0.0,XJTU-SY
S3_units,Bearing2_1,12,12.0,0.0,XJTU-SY
S3_units,Bearing2_1,12,12.0,0.0,XJTU-SY
S3_units,Bearing2_1,12,12.0,0.0,XJTU-SY
S3_units,Bearing2_1,12,12.0,0.0,XJTU-SY
S3_units,Bearing2_1,12,12.0,0.0,XJTU-SY
S3_units,Bearing2_1,12,12.0,0.0,XJTU-SY
S3_units,Bearing2_1,12,12.0,0.0,XJTU-SY
S3_units,Bearing2_1,12,12.0,0.0,XJTU-SY
S3_units,Bearing2_1,12,12.0,0.0,XJTU-SY
S3_units,Bearing2_1,12,12.0,0.0,XJTU-SY
S3_units,Bearing2_1,12,12.0,0.0,XJTU-SY
S3_units,Bearing2_1,12,12.0,0.0,XJTU-SY
S3_units,Bearing2_1,12,12.0,0.0,XJTU-SY
S3_units,Bearing2_1,12,12.0,0.0,XJTU-SY
S3_units,Bearing2_1,12,12.0,0.0,XJTU-SY
S3_units,Bearing2_1,12,12.0,0.0,XJTU-SY
S3_units,Bearing2_1,12,12.0,0.0,XJTU-SY
S3_units,Bearing2_1,12,12.0,0.0,XJTU-SY
S3_units,Bearing2_1,12,12.0,0.0,XJTU-SY
S3_units,Bearing2_1,12,12.0,0.0,XJTU-SY
S3_units,Bearing2_1,12,12.0,0.0,XJTU-SY
S3_units,Bearing2_1,12,12.0,0.0,XJTU-SY
S3_units,Bearing2_1,12,12.0,0.0,XJTU-SY
S3_units,Bearing2_1,12,12.0,0.0,XJTU-SY
S3_units,Bearing2_1,12,12.0,0.0,XJTU-SY
S3_units,Bearing2_1,12,12.0,0.0,XJTU-SY
S3_units,Bearing2_2,20,1.0,0.15,XJTU-SY
S3_units,Bearing2_2,20,1.0,0.3,XJTU-SY
S3_units,Bearing2_2,20,1.0,0.0,XJTU-SY
S3_units,Bearing2_2,20,1.0,0.15,XJTU-SY
S3_units,Bearing2_2,20,1.0,0.0,XJTU-SY
S3_units,Bearing2_2,20,1.0,0.25,XJTU-SY
S3_units,Bearing2_2,20,1.0,1.0,XJTU-SY
S3_units,Bearing2_2,20,1.0,0.0,XJTU-SY
S3_units,Bearing2_2,20,1.0,1.0,XJTU-SY
S3_units,Bearing2_2,20,1.0,0.0,XJTU-SY
S3_units,Bearing2_2,20,1.0,0.05,XJTU-SY
S3_units,Bearing2_2,20,1.0,0.3,XJTU-SY
S3_units,Bearing2_2,20,1.0,1.0,XJTU-SY
S3_units,Bearing2_2,20,1.0,1.0,XJTU-SY
S3_units,Bearing2_2,20,1.0,0.25,XJTU-SY
S3_units,Bearing2_2,20,1.0,0.0,XJTU-SY
S3_units,Bearing2_2,20,1.0,0.0,XJTU-SY
S3_units,Bearing2_2,20,1.0,1.0,XJTU-SY
S3_units,Bearing2_2,20,1.0,0.35,XJTU-SY
S3_units,Bearing2_2,20,1.0,0.0,XJTU-SY
S3_units,Bearing2_2,20,1.0,0.25,XJTU-SY
S3_units,Bearing2_2,20,1.0,0.15,XJTU-SY
S3_units,Bearing2_2,20,1.0,1.0,XJTU-SY
S3_units,Bearing2_2,20,1.0,0.0,XJTU-SY
S3_units,Bearing2_2,20,1.0,1.0,XJTU-SY
S3_units,Bearing2_2,20,1.0,1.0,XJTU-SY
S3_units,Bearing2_2,20,1.0,0.25,XJTU-SY
S3_units,Bearing2_2,20,1.0,0.0,XJTU-SY
S3_units,Bearing2_2,20,1.0,0.1,XJTU-SY
S3_units,Bearing2_2,20,1.0,0.9,XJTU-SY
S3_units,Bearing2_2,20,1.0,0.8,XJTU-SY
S3_units,Bearing2_2,20,1.0,0.3,XJTU-SY
S3_units,Bearing2_2,20,1.0,0.15,XJTU-SY
S3_units,Bearing2_2,20,1.0,0.3,XJTU-SY
S3_units,Bearing2_2,20,1.0,0.2,XJTU-SY
S3_units,Bearing2_2,20,1.0,1.0,XJTU-SY
S3_units,Bearing2_2,20,1.0,1.0,XJTU-SY
S3_units,Bearing2_2,20,1.0,0.2,XJTU-SY
S3_units,Bearing2_2,20,1.0,0.3,XJTU-SY
S3_units,Bearing2_2,20,1.0,0.2,XJTU-SY
S3_units,Bearing2_2,20,1.0,0.0,XJTU-SY
S3_units,Bearing2_2,20,1.0,0.25,XJTU-SY
S3_units,Bearing2_2,20,1.0,0.0,XJTU-SY
S3_units,Bearing2_2,20,1.0,0.1,XJTU-SY
S3_units,Bearing2_2,20,1.0,0.4,XJTU-SY
S3_units,Bearing2_2,20,1.0,0.0,XJTU-SY
S3_units,Bearing2_2,20,1.0,0.25,XJTU-SY
S3_units,Bearing2_2,20,1.0,0.05,XJTU-SY
S3_units,Bearing2_2,20,1.0,0.0,XJTU-SY
S3_units,Bearing2_2,20,1.0,0.05,XJTU-SY
S3_units,Bearing2_2,20,4.0,0.1,XJTU-SY
S3_units,Bearing2_2,20,4.0,0.0,XJTU-SY
S3_units,Bearing2_2,20,4.0,0.0,XJTU-SY
S3_units,Bearing2_2,20,4.0,0.0,XJTU-SY
S3_units,Bearing2_2,20,4.0,0.0,XJTU-SY
S3_units,Bearing2_2,20,4.0,0.0,XJTU-SY
S3_units,Bearing2_2,20,4.0,0.0,XJTU-SY
S3_units,Bearing2_2,20,4.0,0.0,XJTU-SY
S3_units,Bearing2_2,20,4.0,0.0,XJTU-SY
S3_units,Bearing2_2,20,4.0,0.0,XJTU-SY
S3_units,Bearing2_2,20,4.0,0.0,XJTU-SY
S3_units,Bearing2_2,20,4.0,0.0,XJTU-SY
S3_units,Bearing2_2,20,4.0,0.0,XJTU-SY
S3_units,Bearing2_2,20,4.0,0.0,XJTU-SY
S3_units,Bearing2_2,20,4.0,0.0,XJTU-SY
S3_units,Bearing2_2,20,4.0,0.0,XJTU-SY
S3_units,Bearing2_2,20,4.0,0.0,XJTU-SY
S3_units,Bearing2_2,20,4.0,0.0,XJTU-SY
S3_units,Bearing2_2,20,4.0,0.0,XJTU-SY
S3_units,Bearing2_2,20,4.0,0.0,XJTU-SY
S3_units,Bearing2_2,20,4.0,0.0,XJTU-SY
S3_units,Bearing2_2,20,4.0,0.0,XJTU-SY
S3_units,Bearing2_2,20,4.0,0.0,XJTU-SY
S3_units,Bearing2_2,20,4.0,0.25,XJTU-SY
S3_units,Bearing2_2,20,4.0,0.0,XJTU-SY
S3_units,Bearing2_2,20,4.0,0.0,XJTU-SY
S3_units,Bearing2_2,20,4.0,0.0,XJTU-SY
S3_units,Bearing2_2,20,4.0,0.0,XJTU-SY
S3_units,Bearing2_2,20,4.0,0.0,XJTU-SY
S3_units,Bearing2_2,20,4.0,0.0,XJTU-SY
S3_units,Bearing2_2,20,4.0,0.05,XJTU-SY
S3_units,Bearing2_2,20,4.0,0.0,XJTU-SY
S3_units,Bearing2_2,20,4.0,0.0,XJTU-SY
S3_units,Bearing2_2,20,4.0,0.0,XJTU-SY
S3_units,Bearing2_2,20,4.0,0.0,XJTU-SY
S3_units,Bearing2_2,20,4.0,0.0,XJTU-SY
S3_units,Bearing2_2,20,4.0,0.0,XJTU-SY
S3_units,Bearing2_2,20,4.0,0.0,XJTU-SY
S3_units,Bearing2_2,20,4.0,0.0,XJTU-SY
S3_units,Bearing2_2,20,4.0,0.0,XJTU-SY
S3_units,Bearing2_2,20,4.0,0.0,XJTU-SY
S3_units,Bearing2_2,20,4.0,0.0,XJTU-SY
S3_units,Bearing2_2,20,4.0,0.0,XJTU-SY
S3_units,Bearing2_2,20,4.0,0.0,XJTU-SY
S3_units,Bearing2_2,20,4.0,0.0,XJTU-SY
S3_units,Bearing2_2,20,4.0,0.0,XJTU-SY
S3_units,Bearing2_2,20,4.0,0.0,XJTU-SY
S3_units,Bearing2_2,20,4.0,0.0,XJTU-SY
S3_units,Bearing2_2,20,4.0,0.0,XJTU-SY
S3_units,Bearing2_2,20,4.0,0.0,XJTU-SY
S3_units,Bearing2_2,12,12.0,0.0,XJTU-SY
S3_units,Bearing2_2,12,12.0,0.0,XJTU-SY
S3_units,Bearing2_2,12,12.0,0.0,XJTU-SY
S3_units,Bearing2_2,12,12.0,0.0,XJTU-SY
S3_units,Bearing2_2,12,12.0,0.0,XJTU-SY
S3_units,Bearing2_2,12,12.0,0.0,XJTU-SY
S3_units,Bearing2_2,12,12.0,0.0,XJTU-SY
S3_units,Bearing2_2,12,12.0,0.0,XJTU-SY
S3_units,Bearing2_2,12,12.0,0.0,XJTU-SY
S3_units,Bearing2_2,12,12.0,0.0,XJTU-SY
S3_units,Bearing2_2,12,12.0,0.0,XJTU-SY
S3_units,Bearing2_2,12,12.0,0.0,XJTU-SY
S3_units,Bearing2_2,12,12.0,0.0,XJTU-SY
S3_units,Bearing2_2,12,12.0,0.0,XJTU-SY
S3_units,Bearing2_2,12,12.0,0.0,XJTU-SY
S3_units,Bearing2_2,12,12.0,0.0,XJTU-SY
S3_units,Bearing2_2,12,12.0,0.0,XJTU-SY
S3_units,Bearing2_2,12,12.0,0.0,XJTU-SY
S3_units,Bearing2_2,12,12.0,0.0,XJTU-SY
S3_units,Bearing2_2,12,12.0,0.0,XJTU-SY
S3_units,Bearing2_2,12,12.0,0.0,XJTU-SY
S3_units,Bearing2_2,12,12.0,0.0,XJTU-SY
S3_units,Bearing2_2,12,12.0,0.0,XJTU-SY
S3_units,Bearing2_2,12,12.0,0.0,XJTU-SY
S3_units,Bearing2_2,12,12.0,0.0,XJTU-SY
S3_units,Bearing2_2,12,12.0,0.0,XJTU-SY
S3_units,Bearing2_2,12,12.0,0.0,XJTU-SY
S3_units,Bearing2_2,12,12.0,0.0,XJTU-SY
S3_units,Bearing2_2,12,12.0,0.0,XJTU-SY
S3_units,Bearing2_2,12,12.0,0.0,XJTU-SY
S3_units,Bearing2_2,12,12.0,0.0,XJTU-SY
S3_units,Bearing2_2,12,12.0,0.0,XJTU-SY
S3_units,Bearing2_2,12,12.0,0.0,XJTU-SY
S3_units,Bearing2_2,12,12.0,0.0,XJTU-SY
S3_units,Bearing2_2,12,12.0,0.0,XJTU-SY
S3_units,Bearing2_2,12,12.0,0.0,XJTU-SY
S3_units,Bearing2_2,12,12.0,0.0,XJTU-SY
S3_units,Bearing2_2,12,12.0,0.0,XJTU-SY
S3_units,Bearing2_2,12,12.0,0.0,XJTU-SY
S3_units,Bearing2_2,12,12.0,0.0,XJTU-SY
S3_units,Bearing2_2,12,12.0,0.0,XJTU-SY
S3_units,Bearing2_2,12,12.0,0.0,XJTU-SY
S3_units,Bearing2_2,12,12.0,0.0,XJTU-SY
S3_units,Bearing2_2,12,12.0,0.0,XJTU-SY
S3_units,Bearing2_2,12,12.0,0.0,XJTU-SY
S3_units,Bearing2_2,12,12.0,0.0,XJTU-SY
S3_units,Bearing2_2,12,12.0,0.0,XJTU-SY
S3_units,Bearing2_2,12,12.0,0.0,XJTU-SY
S3_units,Bearing2_2,12,12.0,0.0,XJTU-SY
S3_units,Bearing2_2,12,12.0,0.0,XJTU-SY
S3_units,Bearing2_3,20,1.0,0.0,XJTU-SY
S3_units,Bearing2_3,20,1.0,0.9433962264150944,XJTU-SY
S3_units,Bearing2_3,20,1.0,0.0,XJTU-SY
S3_units,Bearing2_3,20,1.0,0.22641509433962265,XJTU-SY
S3_units,Bearing2_3,20,1.0,0.0,XJTU-SY
S3_units,Bearing2_3,20,1.0,0.0,XJTU-SY
S3_units,Bearing2_3,20,1.0,1.0,XJTU-SY
S3_units,Bearing2_3,20,1.0,0.0,XJTU-SY
S3_units,Bearing2_3,20,1.0,0.0,XJTU-SY
S3_units,Bearing2_3,20,1.0,0.9433962264150944,XJTU-SY
S3_units,Bearing2_3,20,1.0,0.0,XJTU-SY
S3_units,Bearing2_3,20,1.0,0.5283018867924528,XJTU-SY
S3_units,Bearing2_3,20,1.0,0.03773584905660377,XJTU-SY
S3_units,Bearing2_3,20,1.0,1.0,XJTU-SY
S3_units,Bearing2_3,20,1.0,0.0,XJTU-SY
S3_units,Bearing2_3,20,1.0,0.0,XJTU-SY
S3_units,Bearing2_3,20,1.0,0.1320754716981132,XJTU-SY
S3_units,Bearing2_3,20,1.0,1.0,XJTU-SY
S3_units,Bearing2_3,20,1.0,0.5660377358490566,XJTU-SY
S3_units,Bearing2_3,20,1.0,0.660377358490566,XJTU-SY
S3_units,Bearing2_3,20,1.0,0.0,XJTU-SY
S3_units,Bearing2_3,20,1.0,1.0,XJTU-SY
S3_units,Bearing2_3,20,1.0,0.9245283018867925,XJTU-SY
S3_units,Bearing2_3,20,1.0,0.03773584905660377,XJTU-SY
S3_units,Bearing2_3,20,1.0,0.018867924528301886,XJTU-SY
S3_units,Bearing2_3,20,1.0,0.0,XJTU-SY
S3_units,Bearing2_3,20,1.0,0.6037735849056604,XJTU-SY
S3_units,Bearing2_3,20,1.0,0.0,XJTU-SY
S3_units,Bearing2_3,20,1.0,0.0,XJTU-SY
S3_units,Bearing2_3,20,1.0,0.8113207547169812,XJTU-SY
S3_units,Bearing2_3,20,1.0,0.9433962264150944,XJTU-SY
S3_units,Bearing2_3,20,1.0,0.6415094339622641,XJTU-SY
S3_units,Bearing2_3,20,1.0,0.9433962264150944,XJTU-SY
S3_units,Bearing2_3,20,1.0,0.0,XJTU-SY
S3_units,Bearing2_3,20,1.0,0.0,XJTU-SY
S3_units,Bearing2_3,20,1.0,0.0,XJTU-SY
S3_units,Bearing2_3,20,1.0,0.03773584905660377,XJTU-SY
S3_units,Bearing2_3,20,1.0,0.0,XJTU-SY
S3_units,Bearing2_3,20,1.0,1.0,XJTU-SY
S3_units,Bearing2_3,20,1.0,0.0,XJTU-SY
S3_units,Bearing2_3,20,1.0,0.0,XJTU-SY
S3_units,Bearing2_3,20,1.0,0.1509433962264151,XJTU-SY
S3_units,Bearing2_3,20,1.0,0.018867924528301886,XJTU-SY
S3_units,Bearing2_3,20,1.0,0.6981132075471698,XJTU-SY
S3_units,Bearing2_3,20,1.0,0.0,XJTU-SY
S3_units,Bearing2_3,20,1.0,0.07547169811320754,XJTU-SY
S3_units,Bearing2_3,20,1.0,1.0,XJTU-SY
S3_units,Bearing2_3,20,1.0,0.9433962264150944,XJTU-SY
S3_units,Bearing2_3,20,1.0,0.0,XJTU-SY
S3_units,Bearing2_3,20,1.0,0.0,XJTU-SY
S3_units,Bearing2_3,20,4.0,0.0,XJTU-SY
S3_units,Bearing2_3,20,4.0,0.0,XJTU-SY
S3_units,Bearing2_3,20,4.0,0.0,XJTU-SY
S3_units,Bearing2_3,20,4.0,0.0,XJTU-SY
S3_units,Bearing2_3,20,4.0,0.018867924528301886,XJTU-SY
S3_units,Bearing2_3,20,4.0,0.0,XJTU-SY
S3_units,Bearing2_3,20,4.0,0.0,XJTU-SY
S3_units,Bearing2_3,20,4.0,0.0,XJTU-SY
S3_units,Bearing2_3,20,4.0,0.0,XJTU-SY
S3_units,Bearing2_3,20,4.0,0.0,XJTU-SY
S3_units,Bearing2_3,20,4.0,0.0,XJTU-SY
S3_units,Bearing2_3,20,4.0,0.0,XJTU-SY
S3_units,Bearing2_3,20,4.0,0.0,XJTU-SY
S3_units,Bearing2_3,20,4.0,0.0,XJTU-SY
S3_units,Bearing2_3,20,4.0,0.0,XJTU-SY
S3_units,Bearing2_3,20,4.0,0.0,XJTU-SY
S3_units,Bearing2_3,20,4.0,0.0,XJTU-SY
S3_units,Bearing2_3,20,4.0,0.0,XJTU-SY
S3_units,Bearing2_3,20,4.0,0.0,XJTU-SY
S3_units,Bearing2_3,20,4.0,0.0,XJTU-SY
S3_units,Bearing2_3,20,4.0,0.0,XJTU-SY
S3_units,Bearing2_3,20,4.0,0.0,XJTU-SY
S3_units,Bearing2_3,20,4.0,0.0,XJTU-SY
S3_units,Bearing2_3,20,4.0,0.0,XJTU-SY
S3_units,Bearing2_3,20,4.0,0.0,XJTU-SY
S3_units,Bearing2_3,20,4.0,0.0,XJTU-SY
S3_units,Bearing2_3,20,4.0,0.0,XJTU-SY
S3_units,Bearing2_3,20,4.0,0.0,XJTU-SY
S3_units,Bearing2_3,20,4.0,0.0,XJTU-SY
S3_units,Bearing2_3,20,4.0,0.0,XJTU-SY
S3_units,Bearing2_3,20,4.0,0.0,XJTU-SY
S3_units,Bearing2_3,20,4.0,0.0,XJTU-SY
S3_units,Bearing2_3,20,4.0,0.0,XJTU-SY
S3_units,Bearing2_3,20,4.0,0.0,XJTU-SY
S3_units,Bearing2_3,20,4.0,0.0,XJTU-SY
S3_units,Bearing2_3,20,4.0,0.0,XJTU-SY
S3_units,Bearing2_3,20,4.0,0.0,XJTU-SY
S3_units,Bearing2_3,20,4.0,0.0,XJTU-SY
S3_units,Bearing2_3,20,4.0,0.0,XJTU-SY
S3_units,Bearing2_3,20,4.0,0.0,XJTU-SY
S3_units,Bearing2_3,20,4.0,0.0,XJTU-SY
S3_units,Bearing2_3,20,4.0,0.0,XJTU-SY
S3_units,Bearing2_3,20,4.0,0.0,XJTU-SY
S3_units,Bearing2_3,20,4.0,0.0,XJTU-SY
S3_units,Bearing2_3,20,4.0,0.0,XJTU-SY
S3_units,Bearing2_3,20,4.0,0.0,XJTU-SY
S3_units,Bearing2_3,20,4.0,0.09433962264150944,XJTU-SY
S3_units,Bearing2_3,20,4.0,0.0,XJTU-SY
S3_units,Bearing2_3,20,4.0,0.0,XJTU-SY
S3_units,Bearing2_3,20,4.0,0.0,XJTU-SY
S3_units,Bearing2_3,12,12.0,0.0,XJTU-SY
S3_units,Bearing2_3,12,12.0,0.0,XJTU-SY
S3_units,Bearing2_3,12,12.0,0.0,XJTU-SY
S3_units,Bearing2_3,12,12.0,0.0,XJTU-SY
S3_units,Bearing2_3,12,12.0,0.0,XJTU-SY
S3_units,Bearing2_3,12,12.0,0.0,XJTU-SY
S3_units,Bearing2_3,12,12.0,0.0,XJTU-SY
S3_units,Bearing2_3,12,12.0,0.0,XJTU-SY
S3_units,Bearing2_3,12,12.0,0.0,XJTU-SY
S3_units,Bearing2_3,12,12.0,0.0,XJTU-SY
S3_units,Bearing2_3,12,12.0,0.0,XJTU-SY
S3_units,Bearing2_3,12,12.0,0.0,XJTU-SY
S3_units,Bearing2_3,12,12.0,0.0,XJTU-SY
S3_units,Bearing2_3,12,12.0,0.0,XJTU-SY
S3_units,Bearing2_3,12,12.0,0.0,XJTU-SY
S3_units,Bearing2_3,12,12.0,0.0,XJTU-SY
S3_units,Bearing2_3,12,12.0,0.0,XJTU-SY
S3_units,Bearing2_3,12,12.0,0.0,XJTU-SY
S3_units,Bearing2_3,12,12.0,0.0,XJTU-SY
S3_units,Bearing2_3,12,12.0,0.0,XJTU-SY
S3_units,Bearing2_3,12,12.0,0.0,XJTU-SY
S3_units,Bearing2_3,12,12.0,0.0,XJTU-SY
S3_units,Bearing2_3,12,12.0,0.0,XJTU-SY
S3_units,Bearing2_3,12,12.0,0.0,XJTU-SY
S3_units,Bearing2_3,12,12.0,0.0,XJTU-SY
S3_units,Bearing2_3,12,12.0,0.0,XJTU-SY
S3_units,Bearing2_3,12,12.0,0.0,XJTU-SY
S3_units,Bearing2_3,12,12.0,0.0,XJTU-SY
S3_units,Bearing2_3,12,12.0,0.0,XJTU-SY
S3_units,Bearing2_3,12,12.0,0.0,XJTU-SY
S3_units,Bearing2_3,12,12.0,0.0,XJTU-SY
S3_units,Bearing2_3,12,12.0,0.0,XJTU-SY
S3_units,Bearing2_3,12,12.0,0.0,XJTU-SY
S3_units,Bearing2_3,12,12.0,0.0,XJTU-SY
S3_units,Bearing2_3,12,12.0,0.0,XJTU-SY
S3_units,Bearing2_3,12,12.0,0.0,XJTU-SY
S3_units,Bearing2_3,12,12.0,0.0,XJTU-SY
S3_units,Bearing2_3,12,12.0,0.0,XJTU-SY
S3_units,Bearing2_3,12,12.0,0.0,XJTU-SY
S3_units,Bearing2_3,12,12.0,0.0,XJTU-SY
S3_units,Bearing2_3,12,12.0,0.0,XJTU-SY
S3_units,Bearing2_3,12,12.0,0.0,XJTU-SY
S3_units,Bearing2_3,12,12.0,0.0,XJTU-SY
S3_units,Bearing2_3,12,12.0,0.0,XJTU-SY
S3_units,Bearing2_3,12,12.0,0.0,XJTU-SY
S3_units,Bearing2_3,12,12.0,0.0,XJTU-SY
S3_units,Bearing2_3,12,12.0,0.0,XJTU-SY
S3_units,Bearing2_3,12,12.0,0.0,XJTU-SY
S3_units,Bearing2_3,12,12.0,0.0,XJTU-SY
S3_units,Bearing2_3,12,12.0,0.0,XJTU-SY
S3_units,Bearing2_5,20,1.0,0.0,XJTU-SY
S3_units,Bearing2_5,20,1.0,0.0,XJTU-SY
S3_units,Bearing2_5,20,1.0,0.8787878787878788,XJTU-SY
S3_units,Bearing2_5,20,1.0,0.0,XJTU-SY
S3_units,Bearing2_5,20,1.0,0.6363636363636364,XJTU-SY
S3_units,Bearing2_5,20,1.0,0.0,XJTU-SY
S3_units,Bearing2_5,20,1.0,0.0,XJTU-SY
S3_units,Bearing2_5,20,1.0,1.0,XJTU-SY
S3_units,Bearing2_5,20,1.0,0.0,XJTU-SY
S3_units,Bearing2_5,20,1.0,0.030303030303030304,XJTU-SY
S3_units,Bearing2_5,20,1.0,0.3939393939393939,XJTU-SY
S3_units,Bearing2_5,20,1.0,0.0,XJTU-SY
S3_units,Bearing2_5,20,1.0,1.0,XJTU-SY
S3_units,Bearing2_5,20,1.0,0.0,XJTU-SY
S3_units,Bearing2_5,20,1.0,0.21212121212121213,XJTU-SY
S3_units,Bearing2_5,20,1.0,0.0,XJTU-SY
S3_units,Bearing2_5,20,1.0,0.0,XJTU-SY
S3_units,Bearing2_5,20,1.0,0.0,XJTU-SY
S3_units,Bearing2_5,20,1.0,0.2727272727272727,XJTU-SY
S3_units,Bearing2_5,20,1.0,1.0,XJTU-SY
S3_units,Bearing2_5,20,1.0,1.0,XJTU-SY
S3_units,Bearing2_5,20,1.0,0.0,XJTU-SY
S3_units,Bearing2_5,20,1.0,0.9090909090909091,XJTU-SY
S3_units,Bearing2_5,20,1.0,0.0,XJTU-SY
S3_units,Bearing2_5,20,1.0,0.48484848484848486,XJTU-SY
S3_units,Bearing2_5,20,1.0,0.8787878787878788,XJTU-SY
S3_units,Bearing2_5,20,1.0,1.0,XJTU-SY
S3_units,Bearing2_5,20,1.0,0.9696969696969697,XJTU-SY
S3_units,Bearing2_5,20,1.0,1.0,XJTU-SY
S3_units,Bearing2_5,20,1.0,0.9696969696969697,XJTU-SY
S3_units,Bearing2_5,20,1.0,1.0,XJTU-SY
S3_units,Bearing2_5,20,1.0,0.7878787878787878,XJTU-SY
S3_units,Bearing2_5,20,1.0,1.0,XJTU-SY
S3_units,Bearing2_5,20,1.0,0.0,XJTU-SY
S3_units,Bearing2_5,20,1.0,0.0,XJTU-SY
S3_units,Bearing2_5,20,1.0,0.6666666666666666,XJTU-SY
S3_units,Bearing2_5,20,1.0,0.0,XJTU-SY
S3_units,Bearing2_5,20,1.0,1.0,XJTU-SY
S3_units,Bearing2_5,20,1.0,1.0,XJTU-SY
S3_units,Bearing2_5,20,1.0,0.0,XJTU-SY
S3_units,Bearing2_5,20,1.0,1.0,XJTU-SY
S3_units,Bearing2_5,20,1.0,0.42424242424242425,XJTU-SY
S3_units,Bearing2_5,20,1.0,0.9090909090909091,XJTU-SY
S3_units,Bearing2_5,20,1.0,0.0,XJTU-SY
S3_units,Bearing2_5,20,1.0,1.0,XJTU-SY
S3_units,Bearing2_5,20,1.0,1.0,XJTU-SY
S3_units,Bearing2_5,20,1.0,0.0,XJTU-SY
S3_units,Bearing2_5,20,1.0,0.18181818181818182,XJTU-SY
S3_units,Bearing2_5,20,1.0,0.9696969696969697,XJTU-SY
S3_units,Bearing2_5,20,1.0,0.0,XJTU-SY
S3_units,Bearing2_5,20,4.0,0.0,XJTU-SY
S3_units,Bearing2_5,20,4.0,0.0,XJTU-SY
S3_units,Bearing2_5,20,4.0,0.9696969696969697,XJTU-SY
S3_units,Bearing2_5,20,4.0,0.0,XJTU-SY
S3_units,Bearing2_5,20,4.0,0.06060606060606061,XJTU-SY
S3_units,Bearing2_5,20,4.0,0.0,XJTU-SY
S3_units,Bearing2_5,20,4.0,0.0,XJTU-SY
S3_units,Bearing2_5,20,4.0,0.0,XJTU-SY
S3_units,Bearing2_5,20,4.0,0.0,XJTU-SY
S3_units,Bearing2_5,20,4.0,0.0,XJTU-SY
S3_units,Bearing2_5,20,4.0,0.0,XJTU-SY
S3_units,Bearing2_5,20,4.0,0.0,XJTU-SY
S3_units,Bearing2_5,20,4.0,1.0,XJTU-SY
S3_units,Bearing2_5,20,4.0,0.0,XJTU-SY
S3_units,Bearing2_5,20,4.0,0.6363636363636364,XJTU-SY
S3_units,Bearing2_5,20,4.0,0.0,XJTU-SY
S3_units,Bearing2_5,20,4.0,0.0,XJTU-SY
S3_units,Bearing2_5,20,4.0,0.0,XJTU-SY
S3_units,Bearing2_5,20,4.0,0.0,XJTU-SY
S3_units,Bearing2_5,20,4.0,0.0,XJTU-SY
S3_units,Bearing2_5,20,4.0,0.0,XJTU-SY
S3_units,Bearing2_5,20,4.0,0.0,XJTU-SY
S3_units,Bearing2_5,20,4.0,0.12121212121212122,XJTU-SY
S3_units,Bearing2_5,20,4.0,0.0,XJTU-SY
S3_units,Bearing2_5,20,4.0,0.0,XJTU-SY
S3_units,Bearing2_5,20,4.0,0.0,XJTU-SY
S3_units,Bearing2_5,20,4.0,0.0,XJTU-SY
S3_units,Bearing2_5,20,4.0,0.0,XJTU-SY
S3_units,Bearing2_5,20,4.0,0.0,XJTU-SY
S3_units,Bearing2_5,20,4.0,0.0,XJTU-SY
S3_units,Bearing2_5,20,4.0,0.0,XJTU-SY
S3_units,Bearing2_5,20,4.0,0.0,XJTU-SY
S3_units,Bearing2_5,20,4.0,0.0,XJTU-SY
S3_units,Bearing2_5,20,4.0,0.09090909090909091,XJTU-SY
S3_units,Bearing2_5,20,4.0,0.06060606060606061,XJTU-SY
S3_units,Bearing2_5,20,4.0,0.0,XJTU-SY
S3_units,Bearing2_5,20,4.0,0.0,XJTU-SY
S3_units,Bearing2_5,20,4.0,0.0,XJTU-SY
S3_units,Bearing2_5,20,4.0,0.0,XJTU-SY
S3_units,Bearing2_5,20,4.0,0.0,XJTU-SY
S3_units,Bearing2_5,20,4.0,0.0,XJTU-SY
S3_units,Bearing2_5,20,4.0,0.0,XJTU-SY
S3_units,Bearing2_5,20,4.0,0.030303030303030304,XJTU-SY
S3_units,Bearing2_5,20,4.0,0.0,XJTU-SY
S3_units,Bearing2_5,20,4.0,0.0,XJTU-SY
S3_units,Bearing2_5,20,4.0,0.0,XJTU-SY
S3_units,Bearing2_5,20,4.0,0.0,XJTU-SY
S3_units,Bearing2_5,20,4.0,0.06060606060606061,XJTU-SY
S3_units,Bearing2_5,20,4.0,0.0,XJTU-SY
S3_units,Bearing2_5,20,4.0,0.0,XJTU-SY
S3_units,Bearing2_5,12,12.0,0.0,XJTU-SY
S3_units,Bearing2_5,12,12.0,0.06060606060606061,XJTU-SY
S3_units,Bearing2_5,12,12.0,0.0,XJTU-SY
S3_units,Bearing2_5,12,12.0,0.030303030303030304,XJTU-SY
S3_units,Bearing2_5,12,12.0,0.12121212121212122,XJTU-SY
S3_units,Bearing2_5,12,12.0,0.0,XJTU-SY
S3_units,Bearing2_5,12,12.0,0.0,XJTU-SY
S3_units,Bearing2_5,12,12.0,0.15151515151515152,XJTU-SY
S3_units,Bearing2_5,12,12.0,0.0,XJTU-SY
S3_units,Bearing2_5,12,12.0,0.0,XJTU-SY
S3_units,Bearing2_5,12,12.0,0.18181818181818182,XJTU-SY
S3_units,Bearing2_5,12,12.0,0.030303030303030304,XJTU-SY
S3_units,Bearing2_5,12,12.0,0.0,XJTU-SY
S3_units,Bearing2_5,12,12.0,0.24242424242424243,XJTU-SY
S3_units,Bearing2_5,12,12.0,0.0,XJTU-SY
S3_units,Bearing2_5,12,12.0,0.0,XJTU-SY
S3_units,Bearing2_5,12,12.0,0.0,XJTU-SY
S3_units,Bearing2_5,12,12.0,0.0,XJTU-SY
S3_units,Bearing2_5,12,12.0,0.0,XJTU-SY
S3_units,Bearing2_5,12,12.0,0.0,XJTU-SY
S3_units,Bearing2_5,12,12.0,0.12121212121212122,XJTU-SY
S3_units,Bearing2_5,12,12.0,0.0,XJTU-SY
S3_units,Bearing2_5,12,12.0,0.0,XJTU-SY
S3_units,Bearing2_5,12,12.0,0.06060606060606061,XJTU-SY
S3_units,Bearing2_5,12,12.0,0.0,XJTU-SY
S3_units,Bearing2_5,12,12.0,0.5151515151515151,XJTU-SY
S3_units,Bearing2_5,12,12.0,0.15151515151515152,XJTU-SY
S3_units,Bearing2_5,12,12.0,0.030303030303030304,XJTU-SY
S3_units,Bearing2_5,12,12.0,0.0,XJTU-SY
S3_units,Bearing2_5,12,12.0,0.15151515151515152,XJTU-SY
S3_units,Bearing2_5,12,12.0,0.0,XJTU-SY
S3_units,Bearing2_5,12,12.0,0.0,XJTU-SY
S3_units,Bearing2_5,12,12.0,0.12121212121212122,XJTU-SY
S3_units,Bearing2_5,12,12.0,0.0,XJTU-SY
S3_units,Bearing2_5,12,12.0,0.06060606060606061,XJTU-SY
S3_units,Bearing2_5,12,12.0,0.45454545454545453,XJTU-SY
S3_units,Bearing2_5,12,12.0,0.0,XJTU-SY
S3_units,Bearing2_5,12,12.0,0.5151515151515151,XJTU-SY
S3_units,Bearing2_5,12,12.0,0.030303030303030304,XJTU-SY
S3_units,Bearing2_5,12,12.0,0.0,XJTU-SY
S3_units,Bearing2_5,12,12.0,0.0,XJTU-SY
S3_units,Bearing2_5,12,12.0,0.06060606060606061,XJTU-SY
S3_units,Bearing2_5,12,12.0,0.0,XJTU-SY
S3_units,Bearing2_5,12,12.0,0.0,XJTU-SY
S3_units,Bearing2_5,12,12.0,0.030303030303030304,XJTU-SY
S3_units,Bearing2_5,12,12.0,0.0,XJTU-SY
S3_units,Bearing2_5,12,12.0,0.06060606060606061,XJTU-SY
S3_units,Bearing2_5,12,12.0,0.0,XJTU-SY
S3_units,Bearing2_5,12,12.0,0.0,XJTU-SY
S3_units,Bearing2_5,12,12.0,0.7878787878787878,XJTU-SY
S3_units,Bearing3_1,20,1.0,0.6666666666666666,XJTU-SY
S3_units,Bearing3_1,20,1.0,0.8666666666666667,XJTU-SY
S3_units,Bearing3_1,20,1.0,1.0,XJTU-SY
S3_units,Bearing3_1,20,1.0,1.0,XJTU-SY
S3_units,Bearing3_1,20,1.0,0.35,XJTU-SY
S3_units,Bearing3_1,20,1.0,0.9,XJTU-SY
S3_units,Bearing3_1,20,1.0,0.5333333333333333,XJTU-SY
S3_units,Bearing3_1,20,1.0,0.9166666666666666,XJTU-SY
S3_units,Bearing3_1,20,1.0,0.5666666666666667,XJTU-SY
S3_units,Bearing3_1,20,1.0,0.85,XJTU-SY
S3_units,Bearing3_1,20,1.0,0.6166666666666667,XJTU-SY
S3_units,Bearing3_1,20,1.0,0.6,XJTU-SY
S3_units,Bearing3_1,20,1.0,0.0,XJTU-SY
S3_units,Bearing3_1,20,1.0,0.31666666666666665,XJTU-SY
S3_units,Bearing3_1,20,1.0,0.8666666666666667,XJTU-SY
S3_units,Bearing3_1,20,1.0,0.6166666666666667,XJTU-SY
S3_units,Bearing3_1,20,1.0,0.6666666666666666,XJTU-SY
S3_units,Bearing3_1,20,1.0,0.3333333333333333,XJTU-SY
S3_units,Bearing3_1,20,1.0,0.9833333333333333,XJTU-SY
S3_units,Bearing3_1,20,1.0,0.0,XJTU-SY
S3_units,Bearing3_1,20,1.0,0.11666666666666667,XJTU-SY
S3_units,Bearing3_1,20,1.0,0.6333333333333333,XJTU-SY
S3_units,Bearing3_1,20,1.0,0.13333333333333333,XJTU-SY
S3_units,Bearing3_1,20,1.0,0.7166666666666667,XJTU-SY
S3_units,Bearing3_1,20,1.0,0.9,XJTU-SY
S3_units,Bearing3_1,20,1.0,0.7,XJTU-SY
S3_units,Bearing3_1,20,1.0,0.23333333333333334,XJTU-SY
S3_units,Bearing3_1,20,1.0,0.45,XJTU-SY
S3_units,Bearing3_1,20,1.0,0.31666666666666665,XJTU-SY
S3_units,Bearing3_1,20,1.0,0.25,XJTU-SY
S3_units,Bearing3_1,20,1.0,0.1,XJTU-SY
S3_units,Bearing3_1,20,1.0,0.0,XJTU-SY
S3_units,Bearing3_1,20,1.0,0.2,XJTU-SY
S3_units,Bearing3_1,20,1.0,0.1,XJTU-SY
S3_units,Bearing3_1,20,1.0,0.55,XJTU-SY
S3_units,Bearing3_1,20,1.0,0.08333333333333333,XJTU-SY
S3_units,Bearing3_1,20,1.0,0.08333333333333333,XJTU-SY
S3_units,Bearing3_1,20,1.0,0.65,XJTU-SY
S3_units,Bearing3_1,20,1.0,1.0,XJTU-SY
S3_units,Bearing3_1,20,1.0,0.8833333333333333,XJTU-SY
S3_units,Bearing3_1,20,1.0,0.3,XJTU-SY
S3_units,Bearing3_1,20,1.0,0.7333333333333333,XJTU-SY
S3_units,Bearing3_1,20,1.0,0.0,XJTU-SY
S3_units,Bearing3_1,20,1.0,0.0,XJTU-SY
S3_units,Bearing3_1,20,1.0,0.85,XJTU-SY
S3_units,Bearing3_1,20,1.0,0.0,XJTU-SY
S3_units,Bearing3_1,20,1.0,0.2,XJTU-SY
S3_units,Bearing3_1,20,1.0,0.6166666666666667,XJTU-SY
S3_units,Bearing3_1,20,1.0,0.35,XJTU-SY
S3_units,Bearing3_1,20,1.0,0.2833333333333333,XJTU-SY
S3_units,Bearing3_1,20,4.0,0.0,XJTU-SY
S3_units,Bearing3_1,20,4.0,0.0,XJTU-SY
S3_units,Bearing3_1,20,4.0,0.11666666666666667,XJTU-SY
S3_units,Bearing3_1,20,4.0,0.0,XJTU-SY
S3_units,Bearing3_1,20,4.0,0.0,XJTU-SY
S3_units,Bearing3_1,20,4.0,0.0,XJTU-SY
S3_units,Bearing3_1,20,4.0,0.0,XJTU-SY
S3_units,Bearing3_1,20,4.0,0.0,XJTU-SY
S3_units,Bearing3_1,20,4.0,0.0,XJTU-SY
S3_units,Bearing3_1,20,4.0,0.0,XJTU-SY
S3_units,Bearing3_1,20,4.0,0.0,XJTU-SY
S3_units,Bearing3_1,20,4.0,0.0,XJTU-SY
S3_units,Bearing3_1,20,4.0,0.0,XJTU-SY
S3_units,Bearing3_1,20,4.0,0.0,XJTU-SY
S3_units,Bearing3_1,20,4.0,0.0,XJTU-SY
S3_units,Bearing3_1,20,4.0,0.0,XJTU-SY
S3_units,Bearing3_1,20,4.0,0.0,XJTU-SY
S3_units,Bearing3_1,20,4.0,0.0,XJTU-SY
S3_units,Bearing3_1,20,4.0,0.0,XJTU-SY
S3_units,Bearing3_1,20,4.0,0.0,XJTU-SY
S3_units,Bearing3_1,20,4.0,0.0,XJTU-SY
S3_units,Bearing3_1,20,4.0,0.0,XJTU-SY
S3_units,Bearing3_1,20,4.0,0.0,XJTU-SY
S3_units,Bearing3_1,20,4.0,0.0,XJTU-SY
S3_units,Bearing3_1,20,4.0,0.0,XJTU-SY
S3_units,Bearing3_1,20,4.0,0.0,XJTU-SY
S3_units,Bearing3_1,20,4.0,0.0,XJTU-SY
S3_units,Bearing3_1,20,4.0,0.0,XJTU-SY
S3_units,Bearing3_1,20,4.0,0.0,XJTU-SY
S3_units,Bearing3_1,20,4.0,0.0,XJTU-SY
S3_units,Bearing3_1,20,4.0,0.0,XJTU-SY
S3_units,Bearing3_1,20,4.0,0.0,XJTU-SY
S3_units,Bearing3_1,20,4.0,0.0,XJTU-SY
S3_units,Bearing3_1,20,4.0,0.0,XJTU-SY
S3_units,Bearing3_1,20,4.0,0.0,XJTU-SY
S3_units,Bearing3_1,20,4.0,0.0,XJTU-SY
S3_units,Bearing3_1,20,4.0,0.0,XJTU-SY
S3_units,Bearing3_1,20,4.0,0.0,XJTU-SY
S3_units,Bearing3_1,20,4.0,0.0,XJTU-SY
S3_units,Bearing3_1,20,4.0,0.0,XJTU-SY
S3_units,Bearing3_1,20,4.0,0.0,XJTU-SY
S3_units,Bearing3_1,20,4.0,0.0,XJTU-SY
S3_units,Bearing3_1,20,4.0,0.0,XJTU-SY
S3_units,Bearing3_1,20,4.0,0.0,XJTU-SY
S3_units,Bearing3_1,20,4.0,0.16666666666666666,XJTU-SY
S3_units,Bearing3_1,20,4.0,0.0,XJTU-SY
S3_units,Bearing3_1,20,4.0,0.0,XJTU-SY
S3_units,Bearing3_1,20,4.0,0.0,XJTU-SY
S3_units,Bearing3_1,20,4.0,0.0,XJTU-SY
S3_units,Bearing3_1,20,4.0,0.0,XJTU-SY
S3_units,Bearing3_1,12,12.0,0.0,XJTU-SY
S3_units,Bearing3_1,12,12.0,0.0,XJTU-SY
S3_units,Bearing3_1,12,12.0,0.0,XJTU-SY
S3_units,Bearing3_1,12,12.0,0.0,XJTU-SY
S3_units,Bearing3_1,12,12.0,0.0,XJTU-SY
S3_units,Bearing3_1,12,12.0,0.0,XJTU-SY
S3_units,Bearing3_1,12,12.0,0.0,XJTU-SY
S3_units,Bearing3_1,12,12.0,0.0,XJTU-SY
S3_units,Bearing3_1,12,12.0,0.0,XJTU-SY
S3_units,Bearing3_1,12,12.0,0.0,XJTU-SY
S3_units,Bearing3_1,12,12.0,0.0,XJTU-SY
S3_units,Bearing3_1,12,12.0,0.0,XJTU-SY
S3_units,Bearing3_1,12,12.0,0.0,XJTU-SY
S3_units,Bearing3_1,12,12.0,0.0,XJTU-SY
S3_units,Bearing3_1,12,12.0,0.0,XJTU-SY
S3_units,Bearing3_1,12,12.0,0.0,XJTU-SY
S3_units,Bearing3_1,12,12.0,0.0,XJTU-SY
S3_units,Bearing3_1,12,12.0,0.0,XJTU-SY
S3_units,Bearing3_1,12,12.0,0.0,XJTU-SY
S3_units,Bearing3_1,12,12.0,0.0,XJTU-SY
S3_units,Bearing3_1,12,12.0,0.0,XJTU-SY
S3_units,Bearing3_1,12,12.0,0.0,XJTU-SY
S3_units,Bearing3_1,12,12.0,0.0,XJTU-SY
S3_units,Bearing3_1,12,12.0,0.0,XJTU-SY
S3_units,Bearing3_1,12,12.0,0.0,XJTU-SY
S3_units,Bearing3_1,12,12.0,0.0,XJTU-SY
S3_units,Bearing3_1,12,12.0,0.0,XJTU-SY
S3_units,Bearing3_1,12,12.0,0.0,XJTU-SY
S3_units,Bearing3_1,12,12.0,0.0,XJTU-SY
S3_units,Bearing3_1,12,12.0,0.0,XJTU-SY
S3_units,Bearing3_1,12,12.0,0.0,XJTU-SY
S3_units,Bearing3_1,12,12.0,0.0,XJTU-SY
S3_units,Bearing3_1,12,12.0,0.0,XJTU-SY
S3_units,Bearing3_1,12,12.0,0.0,XJTU-SY
S3_units,Bearing3_1,12,12.0,0.0,XJTU-SY
S3_units,Bearing3_1,12,12.0,0.0,XJTU-SY
S3_units,Bearing3_1,12,12.0,0.0,XJTU-SY
S3_units,Bearing3_1,12,12.0,0.0,XJTU-SY
S3_units,Bearing3_1,12,12.0,0.0,XJTU-SY
S3_units,Bearing3_1,12,12.0,0.0,XJTU-SY
S3_units,Bearing3_1,12,12.0,0.0,XJTU-SY
S3_units,Bearing3_1,12,12.0,0.0,XJTU-SY
S3_units,Bearing3_1,12,12.0,0.0,XJTU-SY
S3_units,Bearing3_1,12,12.0,0.0,XJTU-SY
S3_units,Bearing3_1,12,12.0,0.0,XJTU-SY
S3_units,Bearing3_1,12,12.0,0.0,XJTU-SY
S3_units,Bearing3_1,12,12.0,0.0,XJTU-SY
S3_units,Bearing3_1,12,12.0,0.0,XJTU-SY
S3_units,Bearing3_1,12,12.0,0.0,XJTU-SY
S3_units,Bearing3_1,12,12.0,0.0,XJTU-SY
S3_units,Bearing3_2,20,1.0,0.3333333333333333,XJTU-SY
S3_units,Bearing3_2,20,1.0,0.8833333333333333,XJTU-SY
S3_units,Bearing3_2,20,1.0,0.0,XJTU-SY
S3_units,Bearing3_2,20,1.0,1.0,XJTU-SY
S3_units,Bearing3_2,20,1.0,0.08333333333333333,XJTU-SY
S3_units,Bearing3_2,20,1.0,1.0,XJTU-SY
S3_units,Bearing3_2,20,1.0,0.9333333333333333,XJTU-SY
S3_units,Bearing3_2,20,1.0,0.0,XJTU-SY
S3_units,Bearing3_2,20,1.0,0.0,XJTU-SY
S3_units,Bearing3_2,20,1.0,0.0,XJTU-SY
S3_units,Bearing3_2,20,1.0,1.0,XJTU-SY
S3_units,Bearing3_2,20,1.0,0.0,XJTU-SY
S3_units,Bearing3_2,20,1.0,0.7666666666666667,XJTU-SY
S3_units,Bearing3_2,20,1.0,1.0,XJTU-SY
S3_units,Bearing3_2,20,1.0,0.0,XJTU-SY
S3_units,Bearing3_2,20,1.0,0.8,XJTU-SY
S3_units,Bearing3_2,20,1.0,1.0,XJTU-SY
S3_units,Bearing3_2,20,1.0,0.8166666666666667,XJTU-SY
S3_units,Bearing3_2,20,1.0,1.0,XJTU-SY
S3_units,Bearing3_2,20,1.0,0.3,XJTU-SY
S3_units,Bearing3_2,20,1.0,0.4666666666666667,XJTU-SY
S3_units,Bearing3_2,20,1.0,0.36666666666666664,XJTU-SY
S3_units,Bearing3_2,20,1.0,0.3333333333333333,XJTU-SY
S3_units,Bearing3_2,20,1.0,0.9333333333333333,XJTU-SY
S3_units,Bearing3_2,20,1.0,0.95,XJTU-SY
S3_units,Bearing3_2,20,1.0,0.08333333333333333,XJTU-SY
S3_units,Bearing3_2,20,1.0,0.85,XJTU-SY
S3_units,Bearing3_2,20,1.0,0.6333333333333333,XJTU-SY
S3_units,Bearing3_2,20,1.0,0.5666666666666667,XJTU-SY
S3_units,Bearing3_2,20,1.0,0.0,XJTU-SY
S3_units,Bearing3_2,20,1.0,1.0,XJTU-SY
S3_units,Bearing3_2,20,1.0,0.8833333333333333,XJTU-SY
S3_units,Bearing3_2,20,1.0,0.06666666666666667,XJTU-SY
S3_units,Bearing3_2,20,1.0,0.6333333333333333,XJTU-SY
S3_units,Bearing3_2,20,1.0,0.1,XJTU-SY
S3_units,Bearing3_2,20,1.0,0.08333333333333333,XJTU-SY
S3_units,Bearing3_2,20,1.0,1.0,XJTU-SY
S3_units,Bearing3_2,20,1.0,1.0,XJTU-SY
S3_units,Bearing3_2,20,1.0,0.06666666666666667,XJTU-SY
S3_units,Bearing3_2,20,1.0,1.0,XJTU-SY
S3_units,Bearing3_2,20,1.0,1.0,XJTU-SY
S3_units,Bearing3_2,20,1.0,0.25,XJTU-SY
S3_units,Bearing3_2,20,1.0,0.15,XJTU-SY
S3_units,Bearing3_2,20,1.0,0.55,XJTU-SY
S3_units,Bearing3_2,20,1.0,0.9333333333333333,XJTU-SY
S3_units,Bearing3_2,20,1.0,0.11666666666666667,XJTU-SY
S3_units,Bearing3_2,20,1.0,0.1,XJTU-SY
S3_units,Bearing3_2,20,1.0,1.0,XJTU-SY
S3_units,Bearing3_2,20,1.0,0.08333333333333333,XJTU-SY
S3_units,Bearing3_2,20,1.0,1.0,XJTU-SY
S3_units,Bearing3_2,20,4.0,0.0,XJTU-SY
S3_units,Bearing3_2,20,4.0,0.08333333333333333,XJTU-SY
S3_units,Bearing3_2,20,4.0,0.0,XJTU-SY
S3_units,Bearing3_2,20,4.0,0.0,XJTU-SY
S3_units,Bearing3_2,20,4.0,0.03333333333333333,XJTU-SY
S3_units,Bearing3_2,20,4.0,0.16666666666666666,XJTU-SY
S3_units,Bearing3_2,20,4.0,0.0,XJTU-SY
S3_units,Bearing3_2,20,4.0,0.0,XJTU-SY
S3_units,Bearing3_2,20,4.0,0.0,XJTU-SY
S3_units,Bearing3_2,20,4.0,1.0,XJTU-SY
S3_units,Bearing3_2,20,4.0,0.7833333333333333,XJTU-SY
S3_units,Bearing3_2,20,4.0,0.0,XJTU-SY
S3_units,Bearing3_2,20,4.0,0.0,XJTU-SY
S3_units,Bearing3_2,20,4.0,1.0,XJTU-SY
S3_units,Bearing3_2,20,4.0,0.06666666666666667,XJTU-SY
S3_units,Bearing3_2,20,4.0,0.2833333333333333,XJTU-SY
S3_units,Bearing3_2,20,4.0,0.0,XJTU-SY
S3_units,Bearing3_2,20,4.0,0.0,XJTU-SY
S3_units,Bearing3_2,20,4.0,0.0,XJTU-SY
S3_units,Bearing3_2,20,4.0,0.0,XJTU-SY
S3_units,Bearing3_2,20,4.0,0.0,XJTU-SY
S3_units,Bearing3_2,20,4.0,0.0,XJTU-SY
S3_units,Bearing3_2,20,4.0,0.0,XJTU-SY
S3_units,Bearing3_2,20,4.0,0.0,XJTU-SY
S3_units,Bearing3_2,20,4.0,0.0,XJTU-SY
S3_units,Bearing3_2,20,4.0,0.06666666666666667,XJTU-SY
S3_units,Bearing3_2,20,4.0,0.0,XJTU-SY
S3_units,Bearing3_2,20,4.0,0.0,XJTU-SY
S3_units,Bearing3_2,20,4.0,0.13333333333333333,XJTU-SY
S3_units,Bearing3_2,20,4.0,0.0,XJTU-SY
S3_units,Bearing3_2,20,4.0,0.0,XJTU-SY
S3_units,Bearing3_2,20,4.0,0.0,XJTU-SY
S3_units,Bearing3_2,20,4.0,0.0,XJTU-SY
S3_units,Bearing3_2,20,4.0,0.0,XJTU-SY
S3_units,Bearing3_2,20,4.0,0.0,XJTU-SY
S3_units,Bearing3_2,20,4.0,0.0,XJTU-SY
S3_units,Bearing3_2,20,4.0,0.06666666666666667,XJTU-SY
S3_units,Bearing3_2,20,4.0,0.0,XJTU-SY
S3_units,Bearing3_2,20,4.0,0.0,XJTU-SY
S3_units,Bearing3_2,20,4.0,0.06666666666666667,XJTU-SY
S3_units,Bearing3_2,20,4.0,0.016666666666666666,XJTU-SY
S3_units,Bearing3_2,20,4.0,0.2833333333333333,XJTU-SY
S3_units,Bearing3_2,20,4.0,0.03333333333333333,XJTU-SY
S3_units,Bearing3_2,20,4.0,0.0,XJTU-SY
S3_units,Bearing3_2,20,4.0,0.0,XJTU-SY
S3_units,Bearing3_2,20,4.0,0.11666666666666667,XJTU-SY
S3_units,Bearing3_2,20,4.0,0.016666666666666666,XJTU-SY
S3_units,Bearing3_2,20,4.0,0.2833333333333333,XJTU-SY
S3_units,Bearing3_2,20,4.0,0.0,XJTU-SY
S3_units,Bearing3_2,20,4.0,0.0,XJTU-SY
S3_units,Bearing3_2,12,12.0,0.11666666666666667,XJTU-SY
S3_units,Bearing3_2,12,12.0,0.0,XJTU-SY
S3_units,Bearing3_2,12,12.0,0.0,XJTU-SY
S3_units,Bearing3_2,12,12.0,0.16666666666666666,XJTU-SY
S3_units,Bearing3_2,12,12.0,0.18333333333333332,XJTU-SY
S3_units,Bearing3_2,12,12.0,0.0,XJTU-SY
S3_units,Bearing3_2,12,12.0,0.0,XJTU-SY
S3_units,Bearing3_2,12,12.0,0.0,XJTU-SY
S3_units,Bearing3_2,12,12.0,0.3,XJTU-SY
S3_units,Bearing3_2,12,12.0,0.0,XJTU-SY
S3_units,Bearing3_2,12,12.0,0.08333333333333333,XJTU-SY
S3_units,Bearing3_2,12,12.0,0.23333333333333334,XJTU-SY
S3_units,Bearing3_2,12,12.0,0.0,XJTU-SY
S3_units,Bearing3_2,12,12.0,0.35,XJTU-SY
S3_units,Bearing3_2,12,12.0,0.0,XJTU-SY
S3_units,Bearing3_2,12,12.0,0.0,XJTU-SY
S3_units,Bearing3_2,12,12.0,0.18333333333333332,XJTU-SY
S3_units,Bearing3_2,12,12.0,0.26666666666666666,XJTU-SY
S3_units,Bearing3_2,12,12.0,0.11666666666666667,XJTU-SY
S3_units,Bearing3_2,12,12.0,0.1,XJTU-SY
S3_units,Bearing3_2,12,12.0,0.0,XJTU-SY
S3_units,Bearing3_2,12,12.0,0.0,XJTU-SY
S3_units,Bearing3_2,12,12.0,0.26666666666666666,XJTU-SY
S3_units,Bearing3_2,12,12.0,0.2833333333333333,XJTU-SY
S3_units,Bearing3_2,12,12.0,0.0,XJTU-SY
S3_units,Bearing3_2,12,12.0,0.0,XJTU-SY
S3_units,Bearing3_2,12,12.0,0.38333333333333336,XJTU-SY
S3_units,Bearing3_2,12,12.0,0.0,XJTU-SY
S3_units,Bearing3_2,12,12.0,0.0,XJTU-SY
S3_units,Bearing3_2,12,12.0,0.13333333333333333,XJTU-SY
S3_units,Bearing3_2,12,12.0,0.0,XJTU-SY
S3_units,Bearing3_2,12,12.0,0.016666666666666666,XJTU-SY
S3_units,Bearing3_2,12,12.0,0.0,XJTU-SY
S3_units,Bearing3_2,12,12.0,0.18333333333333332,XJTU-SY
S3_units,Bearing3_2,12,12.0,0.0,XJTU-SY
S3_units,Bearing3_2,12,12.0,0.2833333333333333,XJTU-SY
S3_units,Bearing3_2,12,12.0,0.0,XJTU-SY
S3_units,Bearing3_2,12,12.0,0.08333333333333333,XJTU-SY
S3_units,Bearing3_2,12,12.0,0.0,XJTU-SY
S3_units,Bearing3_2,12,12.0,0.38333333333333336,XJTU-SY
S3_units,Bearing3_2,12,12.0,0.0,XJTU-SY
S3_units,Bearing3_2,12,12.0,0.0,XJTU-SY
S3_units,Bearing3_2,12,12.0,0.0,XJTU-SY
S3_units,Bearing3_2,12,12.0,0.0,XJTU-SY
S3_units,Bearing3_2,12,12.0,0.0,XJTU-SY
S3_units,Bearing3_2,12,12.0,0.0,XJTU-SY
S3_units,Bearing3_2,12,12.0,0.0,XJTU-SY
S3_units,Bearing3_2,12,12.0,0.0,XJTU-SY
S3_units,Bearing3_2,12,12.0,0.05,XJTU-SY
S3_units,Bearing3_2,12,12.0,0.06666666666666667,XJTU-SY
S3_units,Bearing3_3,20,1.0,0.8378378378378378,XJTU-SY
S3_units,Bearing3_3,20,1.0,0.05405405405405406,XJTU-SY
S3_units,Bearing3_3,20,1.0,0.7027027027027027,XJTU-SY
S3_units,Bearing3_3,20,1.0,0.3783783783783784,XJTU-SY
S3_units,Bearing3_3,20,1.0,0.0,XJTU-SY
S3_units,Bearing3_3,20,1.0,0.8108108108108109,XJTU-SY
S3_units,Bearing3_3,20,1.0,0.05405405405405406,XJTU-SY
S3_units,Bearing3_3,20,1.0,0.08108108108108109,XJTU-SY
S3_units,Bearing3_3,20,1.0,0.0,XJTU-SY
S3_units,Bearing3_3,20,1.0,0.05405405405405406,XJTU-SY
S3_units,Bearing3_3,20,1.0,0.8378378378378378,XJTU-SY
S3_units,Bearing3_3,20,1.0,0.0,XJTU-SY
S3_units,Bearing3_3,20,1.0,0.5135135135135135,XJTU-SY
S3_units,Bearing3_3,20,1.0,1.0,XJTU-SY
S3_units,Bearing3_3,20,1.0,0.32432432432432434,XJTU-SY
S3_units,Bearing3_3,20,1.0,0.05405405405405406,XJTU-SY
S3_units,Bearing3_3,20,1.0,1.0,XJTU-SY
S3_units,Bearing3_3,20,1.0,0.05405405405405406,XJTU-SY
S3_units,Bearing3_3,20,1.0,0.08108108108108109,XJTU-SY
S3_units,Bearing3_3,20,1.0,0.08108108108108109,XJTU-SY
S3_units,Bearing3_3,20,1.0,0.05405405405405406,XJTU-SY
S3_units,Bearing3_3,20,1.0,0.02702702702702703,XJTU-SY
S3_units,Bearing3_3,20,1.0,0.8108108108108109,XJTU-SY
S3_units,Bearing3_3,20,1.0,1.0,XJTU-SY
S3_units,Bearing3_3,20,1.0,0.8918918918918919,XJTU-SY
S3_units,Bearing3_3,20,1.0,0.02702702702702703,XJTU-SY
S3_units,Bearing3_3,20,1.0,1.0,XJTU-SY
S3_units,Bearing3_3,20,1.0,1.0,XJTU-SY
S3_units,Bearing3_3,20,1.0,0.02702702702702703,XJTU-SY
S3_units,Bearing3_3,20,1.0,0.40540540540540543,XJTU-SY
S3_units,Bearing3_3,20,1.0,0.8108108108108109,XJTU-SY
S3_units,Bearing3_3,20,1.0,0.0,XJTU-SY
S3_units,Bearing3_3,20,1.0,0.0,XJTU-SY
S3_units,Bearing3_3,20,1.0,0.9459459459459459,XJTU-SY
S3_units,Bearing3_3,20,1.0,0.0,XJTU-SY
S3_units,Bearing3_3,20,1.0,0.35135135135135137,XJTU-SY
S3_units,Bearing3_3,20,1.0,0.5135135135135135,XJTU-SY
S3_units,Bearing3_3,20,1.0,0.0,XJTU-SY
S3_units,Bearing3_3,20,1.0,0.8108108108108109,XJTU-SY
S3_units,Bearing3_3,20,1.0,0.02702702702702703,XJTU-SY
S3_units,Bearing3_3,20,1.0,0.8378378378378378,XJTU-SY
S3_units,Bearing3_3,20,1.0,0.02702702702702703,XJTU-SY
S3_units,Bearing3_3,20,1.0,0.3783783783783784,XJTU-SY
S3_units,Bearing3_3,20,1.0,0.0,XJTU-SY
S3_units,Bearing3_3,20,1.0,0.7567567567567568,XJTU-SY
S3_units,Bearing3_3,20,1.0,0.0,XJTU-SY
S3_units,Bearing3_3,20,1.0,1.0,XJTU-SY
S3_units,Bearing3_3,20,1.0,0.08108108108108109,XJTU-SY
S3_units,Bearing3_3,20,1.0,0.7567567567567568,XJTU-SY
S3_units,Bearing3_3,20,1.0,0.4864864864864865,XJTU-SY
S3_units,Bearing3_3,20,4.0,0.0,XJTU-SY
S3_units,Bearing3_3,20,4.0,0.0,XJTU-SY
S3_units,Bearing3_3,20,4.0,0.0,XJTU-SY
S3_units,Bearing3_3,20,4.0,0.0,XJTU-SY
S3_units,Bearing3_3,20,4.0,0.0,XJTU-SY
S3_units,Bearing3_3,20,4.0,0.0,XJTU-SY
S3_units,Bearing3_3,20,4.0,0.0,XJTU-SY
S3_units,Bearing3_3,20,4.0,0.0,XJTU-SY
S3_units,Bearing3_3,20,4.0,0.0,XJTU-SY
S3_units,Bearing3_3,20,4.0,0.0,XJTU-SY
S3_units,Bearing3_3,20,4.0,0.0,XJTU-SY
S3_units,Bearing3_3,20,4.0,0.0,XJTU-SY
S3_units,Bearing3_3,20,4.0,0.0,XJTU-SY
S3_units,Bearing3_3,20,4.0,0.0,XJTU-SY
S3_units,Bearing3_3,20,4.0,0.0,XJTU-SY
S3_units,Bearing3_3,20,4.0,0.0,XJTU-SY
S3_units,Bearing3_3,20,4.0,0.0,XJTU-SY
S3_units,Bearing3_3,20,4.0,0.0,XJTU-SY
S3_units,Bearing3_3,20,4.0,0.0,XJTU-SY
S3_units,Bearing3_3,20,4.0,0.0,XJTU-SY
S3_units,Bearing3_3,20,4.0,0.0,XJTU-SY
S3_units,Bearing3_3,20,4.0,0.0,XJTU-SY
S3_units,Bearing3_3,20,4.0,0.0,XJTU-SY
S3_units,Bearing3_3,20,4.0,0.0,XJTU-SY
S3_units,Bearing3_3,20,4.0,0.0,XJTU-SY
S3_units,Bearing3_3,20,4.0,0.0,XJTU-SY
S3_units,Bearing3_3,20,4.0,0.0,XJTU-SY
S3_units,Bearing3_3,20,4.0,0.0,XJTU-SY
S3_units,Bearing3_3,20,4.0,0.0,XJTU-SY
S3_units,Bearing3_3,20,4.0,0.0,XJTU-SY
S3_units,Bearing3_3,20,4.0,0.0,XJTU-SY
S3_units,Bearing3_3,20,4.0,0.13513513513513514,XJTU-SY
S3_units,Bearing3_3,20,4.0,0.0,XJTU-SY
S3_units,Bearing3_3,20,4.0,0.0,XJTU-SY
S3_units,Bearing3_3,20,4.0,0.0,XJTU-SY
S3_units,Bearing3_3,20,4.0,0.0,XJTU-SY
S3_units,Bearing3_3,20,4.0,0.0,XJTU-SY
S3_units,Bearing3_3,20,4.0,0.0,XJTU-SY
S3_units,Bearing3_3,20,4.0,0.0,XJTU-SY
S3_units,Bearing3_3,20,4.0,0.0,XJTU-SY
S3_units,Bearing3_3,20,4.0,0.0,XJTU-SY
S3_units,Bearing3_3,20,4.0,0.0,XJTU-SY
S3_units,Bearing3_3,20,4.0,0.0,XJTU-SY
S3_units,Bearing3_3,20,4.0,0.0,XJTU-SY
S3_units,Bearing3_3,20,4.0,0.0,XJTU-SY
S3_units,Bearing3_3,20,4.0,0.0,XJTU-SY
S3_units,Bearing3_3,20,4.0,0.0,XJTU-SY
S3_units,Bearing3_3,20,4.0,0.0,XJTU-SY
S3_units,Bearing3_3,20,4.0,0.0,XJTU-SY
S3_units,Bearing3_3,20,4.0,0.0,XJTU-SY
S3_units,Bearing3_3,12,12.0,0.0,XJTU-SY
S3_units,Bearing3_3,12,12.0,0.0,XJTU-SY
S3_units,Bearing3_3,12,12.0,0.0,XJTU-SY
S3_units,Bearing3_3,12,12.0,0.0,XJTU-SY
S3_units,Bearing3_3,12,12.0,0.0,XJTU-SY
S3_units,Bearing3_3,12,12.0,0.0,XJTU-SY
S3_units,Bearing3_3,12,12.0,0.0,XJTU-SY
S3_units,Bearing3_3,12,12.0,0.0,XJTU-SY
S3_units,Bearing3_3,12,12.0,0.0,XJTU-SY
S3_units,Bearing3_3,12,12.0,0.0,XJTU-SY
S3_units,Bearing3_3,12,12.0,0.0,XJTU-SY
S3_units,Bearing3_3,12,12.0,0.0,XJTU-SY
S3_units,Bearing3_3,12,12.0,0.0,XJTU-SY
S3_units,Bearing3_3,12,12.0,0.0,XJTU-SY
S3_units,Bearing3_3,12,12.0,0.0,XJTU-SY
S3_units,Bearing3_3,12,12.0,0.0,XJTU-SY
S3_units,Bearing3_3,12,12.0,0.0,XJTU-SY
S3_units,Bearing3_3,12,12.0,0.0,XJTU-SY
S3_units,Bearing3_3,12,12.0,0.0,XJTU-SY
S3_units,Bearing3_3,12,12.0,0.0,XJTU-SY
S3_units,Bearing3_3,12,12.0,0.0,XJTU-SY
S3_units,Bearing3_3,12,12.0,0.0,XJTU-SY
S3_units,Bearing3_3,12,12.0,0.0,XJTU-SY
S3_units,Bearing3_3,12,12.0,0.0,XJTU-SY
S3_units,Bearing3_3,12,12.0,0.0,XJTU-SY
S3_units,Bearing3_3,12,12.0,0.0,XJTU-SY
S3_units,Bearing3_3,12,12.0,0.0,XJTU-SY
S3_units,Bearing3_3,12,12.0,0.0,XJTU-SY
S3_units,Bearing3_3,12,12.0,0.0,XJTU-SY
S3_units,Bearing3_3,12,12.0,0.0,XJTU-SY
S3_units,Bearing3_3,12,12.0,0.0,XJTU-SY
S3_units,Bearing3_3,12,12.0,0.0,XJTU-SY
S3_units,Bearing3_3,12,12.0,0.0,XJTU-SY
S3_units,Bearing3_3,12,12.0,0.0,XJTU-SY
S3_units,Bearing3_3,12,12.0,0.0,XJTU-SY
S3_units,Bearing3_3,12,12.0,0.0,XJTU-SY
S3_units,Bearing3_3,12,12.0,0.0,XJTU-SY
S3_units,Bearing3_3,12,12.0,0.0,XJTU-SY
S3_units,Bearing3_3,12,12.0,0.0,XJTU-SY
S3_units,Bearing3_3,12,12.0,0.0,XJTU-SY
S3_units,Bearing3_3,12,12.0,0.0,XJTU-SY
S3_units,Bearing3_3,12,12.0,0.0,XJTU-SY
S3_units,Bearing3_3,12,12.0,0.0,XJTU-SY
S3_units,Bearing3_3,12,12.0,0.0,XJTU-SY
S3_units,Bearing3_3,12,12.0,0.0,XJTU-SY
S3_units,Bearing3_3,12,12.0,0.0,XJTU-SY
S3_units,Bearing3_3,12,12.0,0.0,XJTU-SY
S3_units,Bearing3_3,12,12.0,0.0,XJTU-SY
S3_units,Bearing3_3,12,12.0,0.0,XJTU-SY
S3_units,Bearing3_3,12,12.0,0.0,XJTU-SY
S3_units,Bearing3_4,20,1.0,0.9,XJTU-SY
S3_units,Bearing3_4,20,1.0,0.5,XJTU-SY
S3_units,Bearing3_4,20,1.0,0.5,XJTU-SY
S3_units,Bearing3_4,20,1.0,0.6833333333333333,XJTU-SY
S3_units,Bearing3_4,20,1.0,1.0,XJTU-SY
S3_units,Bearing3_4,20,1.0,1.0,XJTU-SY
S3_units,Bearing3_4,20,1.0,1.0,XJTU-SY
S3_units,Bearing3_4,20,1.0,1.0,XJTU-SY
S3_units,Bearing3_4,20,1.0,0.4666666666666667,XJTU-SY
S3_units,Bearing3_4,20,1.0,0.4666666666666667,XJTU-SY
S3_units,Bearing3_4,20,1.0,0.9833333333333333,XJTU-SY
S3_units,Bearing3_4,20,1.0,0.4666666666666667,XJTU-SY
S3_units,Bearing3_4,20,1.0,1.0,XJTU-SY
S3_units,Bearing3_4,20,1.0,1.0,XJTU-SY
S3_units,Bearing3_4,20,1.0,0.9666666666666667,XJTU-SY
S3_units,Bearing3_4,20,1.0,1.0,XJTU-SY
S3_units,Bearing3_4,20,1.0,1.0,XJTU-SY
S3_units,Bearing3_4,20,1.0,0.7833333333333333,XJTU-SY
S3_units,Bearing3_4,20,1.0,1.0,XJTU-SY
S3_units,Bearing3_4,20,1.0,1.0,XJTU-SY
S3_units,Bearing3_4,20,1.0,1.0,XJTU-SY
S3_units,Bearing3_4,20,1.0,0.9666666666666667,XJTU-SY
S3_units,Bearing3_4,20,1.0,1.0,XJTU-SY
S3_units,Bearing3_4,20,1.0,1.0,XJTU-SY
S3_units,Bearing3_4,20,1.0,1.0,XJTU-SY
S3_units,Bearing3_4,20,1.0,0.0,XJTU-SY
S3_units,Bearing3_4,20,1.0,1.0,XJTU-SY
S3_units,Bearing3_4,20,1.0,1.0,XJTU-SY
S3_units,Bearing3_4,20,1.0,1.0,XJTU-SY
S3_units,Bearing3_4,20,1.0,0.5166666666666667,XJTU-SY
S3_units,Bearing3_4,20,1.0,0.48333333333333334,XJTU-SY
S3_units,Bearing3_4,20,1.0,1.0,XJTU-SY
S3_units,Bearing3_4,20,1.0,0.9833333333333333,XJTU-SY
S3_units,Bearing3_4,20,1.0,0.4666666666666667,XJTU-SY
S3_units,Bearing3_4,20,1.0,1.0,XJTU-SY
S3_units,Bearing3_4,20,1.0,0.5,XJTU-SY
S3_units,Bearing3_4,20,1.0,1.0,XJTU-SY
S3_units,Bearing3_4,20,1.0,1.0,XJTU-SY
S3_units,Bearing3_4,20,1.0,1.0,XJTU-SY
S3_units,Bearing3_4,20,1.0,0.7,XJTU-SY
S3_units,Bearing3_4,20,1.0,0.0,XJTU-SY
S3_units,Bearing3_4,20,1.0,0.48333333333333334,XJTU-SY
S3_units,Bearing3_4,20,1.0,1.0,XJTU-SY
S3_units,Bearing3_4,20,1.0,1.0,XJTU-SY
S3_units,Bearing3_4,20,1.0,0.8833333333333333,XJTU-SY
S3_units,Bearing3_4,20,1.0,1.0,XJTU-SY
S3_units,Bearing3_4,20,1.0,1.0,XJTU-SY
S3_units,Bearing3_4,20,1.0,1.0,XJTU-SY
S3_units,Bearing3_4,20,1.0,1.0,XJTU-SY
S3_units,Bearing3_4,20,1.0,0.7666666666666667,XJTU-SY
S3_units,Bearing3_4,20,4.0,0.0,XJTU-SY
S3_units,Bearing3_4,20,4.0,0.0,XJTU-SY
S3_units,Bearing3_4,20,4.0,0.7833333333333333,XJTU-SY
S3_units,Bearing3_4,20,4.0,0.0,XJTU-SY
S3_units,Bearing3_4,20,4.0,0.0,XJTU-SY
S3_units,Bearing3_4,20,4.0,0.2,XJTU-SY
S3_units,Bearing3_4,20,4.0,0.0,XJTU-SY
S3_units,Bearing3_4,20,4.0,0.0,XJTU-SY
S3_units,Bearing3_4,20,4.0,0.0,XJTU-SY
S3_units,Bearing3_4,20,4.0,0.38333333333333336,XJTU-SY
S3_units,Bearing3_4,20,4.0,0.95,XJTU-SY
S3_units,Bearing3_4,20,4.0,0.0,XJTU-SY
S3_units,Bearing3_4,20,4.0,1.0,XJTU-SY
S3_units,Bearing3_4,20,4.0,0.0,XJTU-SY
S3_units,Bearing3_4,20,4.0,0.0,XJTU-SY
S3_units,Bearing3_4,20,4.0,0.13333333333333333,XJTU-SY
S3_units,Bearing3_4,20,4.0,0.0,XJTU-SY
S3_units,Bearing3_4,20,4.0,0.0,XJTU-SY
S3_units,Bearing3_4,20,4.0,0.0,XJTU-SY
S3_units,Bearing3_4,20,4.0,0.0,XJTU-SY
S3_units,Bearing3_4,20,4.0,0.0,XJTU-SY
S3_units,Bearing3_4,20,4.0,0.0,XJTU-SY
S3_units,Bearing3_4,20,4.0,0.0,XJTU-SY
S3_units,Bearing3_4,20,4.0,0.0,XJTU-SY
S3_units,Bearing3_4,20,4.0,0.016666666666666666,XJTU-SY
S3_units,Bearing3_4,20,4.0,0.0,XJTU-SY
S3_units,Bearing3_4,20,4.0,0.0,XJTU-SY
S3_units,Bearing3_4,20,4.0,0.0,XJTU-SY
S3_units,Bearing3_4,20,4.0,0.0,XJTU-SY
S3_units,Bearing3_4,20,4.0,1.0,XJTU-SY
S3_units,Bearing3_4,20,4.0,0.0,XJTU-SY
S3_units,Bearing3_4,20,4.0,0.0,XJTU-SY
S3_units,Bearing3_4,20,4.0,0.0,XJTU-SY
S3_units,Bearing3_4,20,4.0,0.0,XJTU-SY
S3_units,Bearing3_4,20,4.0,0.0,XJTU-SY
S3_units,Bearing3_4,20,4.0,0.0,XJTU-SY
S3_units,Bearing3_4,20,4.0,0.5833333333333334,XJTU-SY
S3_units,Bearing3_4,20,4.0,0.0,XJTU-SY
S3_units,Bearing3_4,20,4.0,0.3,XJTU-SY
S3_units,Bearing3_4,20,4.0,0.0,XJTU-SY
S3_units,Bearing3_4,20,4.0,0.5166666666666667,XJTU-SY
S3_units,Bearing3_4,20,4.0,0.0,XJTU-SY
S3_units,Bearing3_4,20,4.0,0.0,XJTU-SY
S3_units,Bearing3_4,20,4.0,0.0,XJTU-SY
S3_units,Bearing3_4,20,4.0,0.0,XJTU-SY
S3_units,Bearing3_4,20,4.0,0.0,XJTU-SY
S3_units,Bearing3_4,20,4.0,1.0,XJTU-SY
S3_units,Bearing3_4,20,4.0,0.13333333333333333,XJTU-SY
S3_units,Bearing3_4,20,4.0,0.0,XJTU-SY
S3_units,Bearing3_4,20,4.0,0.0,XJTU-SY
S3_units,Bearing3_4,12,12.0,0.6833333333333333,XJTU-SY
S3_units,Bearing3_4,12,12.0,0.36666666666666664,XJTU-SY
S3_units,Bearing3_4,12,12.0,0.0,XJTU-SY
S3_units,Bearing3_4,12,12.0,0.0,XJTU-SY
S3_units,Bearing3_4,12,12.0,0.0,XJTU-SY
S3_units,Bearing3_4,12,12.0,0.0,XJTU-SY
S3_units,Bearing3_4,12,12.0,0.0,XJTU-SY
S3_units,Bearing3_4,12,12.0,0.0,XJTU-SY
S3_units,Bearing3_4,12,12.0,0.0,XJTU-SY
S3_units,Bearing3_4,12,12.0,0.0,XJTU-SY
S3_units,Bearing3_4,12,12.0,0.0,XJTU-SY
S3_units,Bearing3_4,12,12.0,0.0,XJTU-SY
S3_units,Bearing3_4,12,12.0,0.0,XJTU-SY
S3_units,Bearing3_4,12,12.0,0.0,XJTU-SY
S3_units,Bearing3_4,12,12.0,0.0,XJTU-SY
S3_units,Bearing3_4,12,12.0,0.0,XJTU-SY
S3_units,Bearing3_4,12,12.0,0.0,XJTU-SY
S3_units,Bearing3_4,12,12.0,0.0,XJTU-SY
S3_units,Bearing3_4,12,12.0,0.0,XJTU-SY
S3_units,Bearing3_4,12,12.0,0.0,XJTU-SY
S3_units,Bearing3_4,12,12.0,0.0,XJTU-SY
S3_units,Bearing3_4,12,12.0,0.5166666666666667,XJTU-SY
S3_units,Bearing3_4,12,12.0,0.0,XJTU-SY
S3_units,Bearing3_4,12,12.0,0.0,XJTU-SY
S3_units,Bearing3_4,12,12.0,0.0,XJTU-SY
S3_units,Bearing3_4,12,12.0,0.0,XJTU-SY
S3_units,Bearing3_4,12,12.0,0.0,XJTU-SY
S3_units,Bearing3_4,12,12.0,0.0,XJTU-SY
S3_units,Bearing3_4,12,12.0,0.0,XJTU-SY
S3_units,Bearing3_4,12,12.0,0.13333333333333333,XJTU-SY
S3_units,Bearing3_4,12,12.0,0.0,XJTU-SY
S3_units,Bearing3_4,12,12.0,0.0,XJTU-SY
S3_units,Bearing3_4,12,12.0,0.0,XJTU-SY
S3_units,Bearing3_4,12,12.0,0.0,XJTU-SY
S3_units,Bearing3_4,12,12.0,0.0,XJTU-SY
S3_units,Bearing3_4,12,12.0,0.0,XJTU-SY
S3_units,Bearing3_4,12,12.0,0.0,XJTU-SY
S3_units,Bearing3_4,12,12.0,0.2,XJTU-SY
S3_units,Bearing3_4,12,12.0,0.0,XJTU-SY
S3_units,Bearing3_4,12,12.0,0.0,XJTU-SY
S3_units,Bearing3_4,12,12.0,0.0,XJTU-SY
S3_units,Bearing3_4,12,12.0,0.0,XJTU-SY
S3_units,Bearing3_4,12,12.0,0.0,XJTU-SY
S3_units,Bearing3_4,12,12.0,0.0,XJTU-SY
S3_units,Bearing3_4,12,12.0,0.0,XJTU-SY
S3_units,Bearing3_4,12,12.0,0.0,XJTU-SY
S3_units,Bearing3_4,12,12.0,0.0,XJTU-SY
S3_units,Bearing3_4,12,12.0,0.0,XJTU-SY
S3_units,Bearing3_4,12,12.0,0.0,XJTU-SY
S3_units,Bearing3_4,12,12.0,0.0,XJTU-SY
S3_units,Bearing3_5,20,1.0,0.8,XJTU-SY
S3_units,Bearing3_5,20,1.0,0.95,XJTU-SY
S3_units,Bearing3_5,20,1.0,1.0,XJTU-SY
S3_units,Bearing3_5,20,1.0,0.95,XJTU-SY
S3_units,Bearing3_5,20,1.0,1.0,XJTU-SY
S3_units,Bearing3_5,20,1.0,0.8,XJTU-SY
S3_units,Bearing3_5,20,1.0,0.0,XJTU-SY
S3_units,Bearing3_5,20,1.0,1.0,XJTU-SY
S3_units,Bearing3_5,20,1.0,0.65,XJTU-SY
S3_units,Bearing3_5,20,1.0,0.0,XJTU-SY
S3_units,Bearing3_5,20,1.0,0.95,XJTU-SY
S3_units,Bearing3_5,20,1.0,1.0,XJTU-SY
S3_units,Bearing3_5,20,1.0,0.5,XJTU-SY
S3_units,Bearing3_5,20,1.0,0.55,XJTU-SY
S3_units,Bearing3_5,20,1.0,0.05,XJTU-SY
S3_units,Bearing3_5,20,1.0,0.0,XJTU-SY
S3_units,Bearing3_5,20,1.0,0.55,XJTU-SY
S3_units,Bearing3_5,20,1.0,0.9,XJTU-SY
S3_units,Bearing3_5,20,1.0,1.0,XJTU-SY
S3_units,Bearing3_5,20,1.0,0.55,XJTU-SY
S3_units,Bearing3_5,20,1.0,0.85,XJTU-SY
S3_units,Bearing3_5,20,1.0,0.45,XJTU-SY
S3_units,Bearing3_5,20,1.0,0.0,XJTU-SY
S3_units,Bearing3_5,20,1.0,0.95,XJTU-SY
S3_units,Bearing3_5,20,1.0,0.0,XJTU-SY
S3_units,Bearing3_5,20,1.0,0.25,XJTU-SY
S3_units,Bearing3_5,20,1.0,0.4,XJTU-SY
S3_units,Bearing3_5,20,1.0,0.95,XJTU-SY
S3_units,Bearing3_5,20,1.0,1.0,XJTU-SY
S3_units,Bearing3_5,20,1.0,1.0,XJTU-SY
S3_units,Bearing3_5,20,1.0,0.7,XJTU-SY
S3_units,Bearing3_5,20,1.0,0.95,XJTU-SY
S3_units,Bearing3_5,20,1.0,0.8,XJTU-SY
S3_units,Bearing3_5,20,1.0,0.3,XJTU-SY
S3_units,Bearing3_5,20,1.0,0.25,XJTU-SY
S3_units,Bearing3_5,20,1.0,0.95,XJTU-SY
S3_units,Bearing3_5,20,1.0,0.0,XJTU-SY
S3_units,Bearing3_5,20,1.0,0.6,XJTU-SY
S3_units,Bearing3_5,20,1.0,0.9,XJTU-SY
S3_units,Bearing3_5,20,1.0,0.25,XJTU-SY
S3_units,Bearing3_5,20,1.0,0.25,XJTU-SY
S3_units,Bearing3_5,20,1.0,0.95,XJTU-SY
S3_units,Bearing3_5,20,1.0,0.0,XJTU-SY
S3_units,Bearing3_5,20,1.0,0.95,XJTU-SY
S3_units,Bearing3_5,20,1.0,0.9,XJTU-SY
S3_units,Bearing3_5,20,1.0,0.7,XJTU-SY
S3_units,Bearing3_5,20,1.0,0.5,XJTU-SY
S3_units,Bearing3_5,20,1.0,0.4,XJTU-SY
S3_units,Bearing3_5,20,1.0,0.0,XJTU-SY
S3_units,Bearing3_5,20,1.0,0.55,XJTU-SY
S3_units,Bearing3_5,20,4.0,0.0,XJTU-SY
S3_units,Bearing3_5,20,4.0,0.0,XJTU-SY
S3_units,Bearing3_5,20,4.0,0.0,XJTU-SY
S3_units,Bearing3_5,20,4.0,0.0,XJTU-SY
S3_units,Bearing3_5,20,4.0,0.0,XJTU-SY
S3_units,Bearing3_5,20,4.0,0.0,XJTU-SY
S3_units,Bearing3_5,20,4.0,0.0,XJTU-SY
S3_units,Bearing3_5,20,4.0,0.0,XJTU-SY
S3_units,Bearing3_5,20,4.0,0.0,XJTU-SY
S3_units,Bearing3_5,20,4.0,0.45,XJTU-SY
S3_units,Bearing3_5,20,4.0,0.4,XJTU-SY
S3_units,Bearing3_5,20,4.0,0.25,XJTU-SY
S3_units,Bearing3_5,20,4.0,0.0,XJTU-SY
S3_units,Bearing3_5,20,4.0,0.0,XJTU-SY
S3_units,Bearing3_5,20,4.0,0.0,XJTU-SY
S3_units,Bearing3_5,20,4.0,0.6,XJTU-SY
S3_units,Bearing3_5,20,4.0,0.0,XJTU-SY
S3_units,Bearing3_5,20,4.0,0.0,XJTU-SY
S3_units,Bearing3_5,20,4.0,0.0,XJTU-SY
S3_units,Bearing3_5,20,4.0,0.0,XJTU-SY
S3_units,Bearing3_5,20,4.0,0.0,XJTU-SY
S3_units,Bearing3_5,20,4.0,0.45,XJTU-SY
S3_units,Bearing3_5,20,4.0,0.0,XJTU-SY
S3_units,Bearing3_5,20,4.0,0.0,XJTU-SY
S3_units,Bearing3_5,20,4.0,0.0,XJTU-SY
S3_units,Bearing3_5,20,4.0,0.35,XJTU-SY
S3_units,Bearing3_5,20,4.0,0.0,XJTU-SY
S3_units,Bearing3_5,20,4.0,0.7,XJTU-SY
S3_units,Bearing3_5,20,4.0,0.0,XJTU-SY
S3_units,Bearing3_5,20,4.0,0.55,XJTU-SY
S3_units,Bearing3_5,20,4.0,0.55,XJTU-SY
S3_units,Bearing3_5,20,4.0,0.0,XJTU-SY
S3_units,Bearing3_5,20,4.0,0.0,XJTU-SY
S3_units,Bearing3_5,20,4.0,0.0,XJTU-SY
S3_units,Bearing3_5,20,4.0,0.0,XJTU-SY
S3_units,Bearing3_5,20,4.0,0.0,XJTU-SY
S3_units,Bearing3_5,20,4.0,0.45,XJTU-SY
S3_units,Bearing3_5,20,4.0,0.0,XJTU-SY
S3_units,Bearing3_5,20,4.0,0.25,XJTU-SY
S3_units,Bearing3_5,20,4.0,0.5,XJTU-SY
S3_units,Bearing3_5,20,4.0,0.0,XJTU-SY
S3_units,Bearing3_5,20,4.0,0.0,XJTU-SY
S3_units,Bearing3_5,20,4.0,0.0,XJTU-SY
S3_units,Bearing3_5,20,4.0,0.0,XJTU-SY
S3_units,Bearing3_5,20,4.0,0.85,XJTU-SY
S3_units,Bearing3_5,20,4.0,0.05,XJTU-SY
S3_units,Bearing3_5,20,4.0,0.0,XJTU-SY
S3_units,Bearing3_5,20,4.0,0.55,XJTU-SY
S3_units,Bearing3_5,20,4.0,0.05,XJTU-SY
S3_units,Bearing3_5,20,4.0,0.0,XJTU-SY
S3_units,Bearing3_5,12,12.0,0.05,XJTU-SY
S3_units,Bearing3_5,12,12.0,0.0,XJTU-SY
S3_units,Bearing3_5,12,12.0,0.05,XJTU-SY
S3_units,Bearing3_5,12,12.0,0.0,XJTU-SY
S3_units,Bearing3_5,12,12.0,0.05,XJTU-SY
S3_units,Bearing3_5,12,12.0,0.0,XJTU-SY
S3_units,Bearing3_5,12,12.0,0.0,XJTU-SY
S3_units,Bearing3_5,12,12.0,0.0,XJTU-SY
S3_units,Bearing3_5,12,12.0,0.0,XJTU-SY
S3_units,Bearing3_5,12,12.0,0.0,XJTU-SY
S3_units,Bearing3_5,12,12.0,0.0,XJTU-SY
S3_units,Bearing3_5,12,12.0,0.0,XJTU-SY
S3_units,Bearing3_5,12,12.0,0.0,XJTU-SY
S3_units,Bearing3_5,12,12.0,0.0,XJTU-SY
S3_units,Bearing3_5,12,12.0,0.0,XJTU-SY
S3_units,Bearing3_5,12,12.0,0.0,XJTU-SY
S3_units,Bearing3_5,12,12.0,0.0,XJTU-SY
S3_units,Bearing3_5,12,12.0,0.0,XJTU-SY
S3_units,Bearing3_5,12,12.0,0.0,XJTU-SY
S3_units,Bearing3_5,12,12.0,0.0,XJTU-SY
S3_units,Bearing3_5,12,12.0,0.0,XJTU-SY
S3_units,Bearing3_5,12,12.0,0.0,XJTU-SY
S3_units,Bearing3_5,12,12.0,0.0,XJTU-SY
S3_units,Bearing3_5,12,12.0,0.05,XJTU-SY
S3_units,Bearing3_5,12,12.0,0.0,XJTU-SY
S3_units,Bearing3_5,12,12.0,0.05,XJTU-SY
S3_units,Bearing3_5,12,12.0,0.0,XJTU-SY
S3_units,Bearing3_5,12,12.0,0.05,XJTU-SY
S3_units,Bearing3_5,12,12.0,0.05,XJTU-SY
S3_units,Bearing3_5,12,12.0,0.0,XJTU-SY
S3_units,Bearing3_5,12,12.0,0.0,XJTU-SY
S3_units,Bearing3_5,12,12.0,0.05,XJTU-SY
S3_units,Bearing3_5,12,12.0,0.0,XJTU-SY
S3_units,Bearing3_5,12,12.0,0.0,XJTU-SY
S3_units,Bearing3_5,12,12.0,0.0,XJTU-SY
S3_units,Bearing3_5,12,12.0,0.05,XJTU-SY
S3_units,Bearing3_5,12,12.0,0.0,XJTU-SY
S3_units,Bearing3_5,12,12.0,0.0,XJTU-SY
S3_units,Bearing3_5,12,12.0,0.0,XJTU-SY
S3_units,Bearing3_5,12,12.0,0.0,XJTU-SY
S3_units,Bearing3_5,12,12.0,0.05,XJTU-SY
S3_units,Bearing3_5,12,12.0,0.05,XJTU-SY
S3_units,Bearing3_5,12,12.0,0.0,XJTU-SY
S3_units,Bearing3_5,12,12.0,0.0,XJTU-SY
S3_units,Bearing3_5,12,12.0,0.0,XJTU-SY
S3_units,Bearing3_5,12,12.0,0.0,XJTU-SY
S3_units,Bearing3_5,12,12.0,0.0,XJTU-SY
S3_units,Bearing3_5,12,12.0,0.0,XJTU-SY
S3_units,Bearing3_5,12,12.0,0.0,XJTU-SY
S3_units,Bearing3_5,12,12.0,0.05,XJTU-SY
