arm,held_out,n_train,k_bearings,test_fp,dataset,rule
S3_units,Bearing1_1,20,1,0.0,PRONOSTIA,"(0.05, 20, 60)"
S3_units,Bearing1_1,20,1,0.03333333333333333,PRONOSTIA,"(0.05, 20, 60)"
S3_units,Bearing1_1,20,1,0.55,PRONOSTIA,"(0.05, 20, 60)"
S3_units,Bearing1_1,20,1,0.0,PRONOSTIA,"(0.05, 20, 60)"
S3_units,Bearing1_1,20,1,0.0,PRONOSTIA,"(0.05, 20, 60)"
S3_units,Bearing1_1,20,1,0.0,PRONOSTIA,"(0.05, 20, 60)"
S3_units,Bearing1_1,20,1,0.0,PRONOSTIA,"(0.05, 20, 60)"
S3_units,Bearing1_1,20,1,0.06666666666666667,PRONOSTIA,"(0.05, 20, 60)"
S3_units,Bearing1_1,20,1,0.0,PRONOSTIA,"(0.05, 20, 60)"
S3_units,Bearing1_1,20,1,0.0,PRONOSTIA,"(0.05, 20, 60)"
S3_units,Bearing1_1,20,1,0.48333333333333334,PRONOSTIA,"(0.05, 20, 60)"
S3_units,Bearing1_1,20,1,0.2,PRONOSTIA,"(0.05, 20, 60)"
S3_units,Bearing1_1,20,1,0.0,PRONOSTIA,"(0.05, 20, 60)"
S3_units,Bearing1_1,20,1,0.11666666666666667,PRONOSTIA,"(0.05, 20, 60)"
S3_units,Bearing1_1,20,1,0.0,PRONOSTIA,"(0.05, 20, 60)"
S3_units,Bearing1_1,20,1,0.016666666666666666,PRONOSTIA,"(0.05, 20, 60)"
S3_units,Bearing1_1,20,1,0.03333333333333333,PRONOSTIA,"(0.05, 20, 60)"
S3_units,Bearing1_1,20,1,0.6166666666666667,PRONOSTIA,"(0.05, 20, 60)"
S3_units,Bearing1_1,20,1,0.0,PRONOSTIA,"(0.05, 20, 60)"
S3_units,Bearing1_1,20,1,0.0,PRONOSTIA,"(0.05, 20, 60)"
S3_units,Bearing1_1,20,1,0.0,PRONOSTIA,"(0.05, 20, 60)"
S3_units,Bearing1_1,20,1,0.0,PRONOSTIA,"(0.05, 20, 60)"
S3_units,Bearing1_1,20,1,0.0,PRONOSTIA,"(0.05, 20, 60)"
S3_units,Bearing1_1,20,1,0.08333333333333333,PRONOSTIA,"(0.05, 20, 60)"
S3_units,Bearing1_1,20,1,0.23333333333333334,PRONOSTIA,"(0.05, 20, 60)"
S3_units,Bearing1_1,20,1,0.06666666666666667,PRONOSTIA,"(0.05, 20, 60)"
S3_units,Bearing1_1,20,1,0.016666666666666666,PRONOSTIA,"(0.05, 20, 60)"
S3_units,Bearing1_1,20,1,0.0,PRONOSTIA,"(0.05, 20, 60)"
S3_units,Bearing1_1,20,1,0.0,PRONOSTIA,"(0.05, 20, 60)"
S3_units,Bearing1_1,20,1,0.0,PRONOSTIA,"(0.05, 20, 60)"
S3_units,Bearing1_1,16,16,0.0,PRONOSTIA,"(0.05, 20, 60)"
S3_units,Bearing1_1,16,16,0.0,PRONOSTIA,"(0.05, 20, 60)"
S3_units,Bearing1_1,16,16,0.0,PRONOSTIA,"(0.05, 20, 60)"
S3_units,Bearing1_1,16,16,0.0,PRONOSTIA,"(0.05, 20, 60)"
S3_units,Bearing1_1,16,16,0.016666666666666666,PRONOSTIA,"(0.05, 20, 60)"
S3_units,Bearing1_1,16,16,0.0,PRONOSTIA,"(0.05, 20, 60)"
S3_units,Bearing1_1,16,16,0.0,PRONOSTIA,"(0.05, 20, 60)"
S3_units,Bearing1_1,16,16,0.0,PRONOSTIA,"(0.05, 20, 60)"
S3_units,Bearing1_1,16,16,0.0,PRONOSTIA,"(0.05, 20, 60)"
S3_units,Bearing1_1,16,16,0.0,PRONOSTIA,"(0.05, 20, 60)"
S3_units,Bearing1_1,16,16,0.0,PRONOSTIA,"(0.05, 20, 60)"
S3_units,Bearing1_1,16,16,0.0,PRONOSTIA,"(0.05, 20, 60)"
S3_units,Bearing1_1,16,16,0.0,PRONOSTIA,"(0.05, 20, 60)"
S3_units,Bearing1_1,16,16,0.0,PRONOSTIA,"(0.05, 20, 60)"
S3_units,Bearing1_1,16,16,0.016666666666666666,PRONOSTIA,"(0.05, 20, 60)"
S3_units,Bearing1_1,16,16,0.0,PRONOSTIA,"(0.05, 20, 60)"
S3_units,Bearing1_1,16,16,0.0,PRONOSTIA,"(0.05, 20, 60)"
S3_units,Bearing1_1,16,16,0.0,PRONOSTIA,"(0.05, 20, 60)"
S3_units,Bearing1_1,16,16,0.0,PRONOSTIA,"(0.05, 20, 60)"
S3_units,Bearing1_1,16,16,0.0,PRONOSTIA,"(0.05, 20, 60)"
S3_units,Bearing1_1,16,16,0.0,PRONOSTIA,"(0.05, 20, 60)"
S3_units,Bearing1_1,16,16,0.0,PRONOSTIA,"(0.05, 20, 60)"
S3_units,Bearing1_1,16,16,0.0,PRONOSTIA,"(0.05, 20, 60)"
S3_units,Bearing1_1,16,16,0.0,PRONOSTIA,"(0.05, 20, 60)"
S3_units,Bearing1_1,16,16,0.0,PRONOSTIA,"(0.05, 20, 60)"
S3_units,Bearing1_1,16,16,0.0,PRONOSTIA,"(0.05, 20, 60)"
S3_units,Bearing1_1,16,16,0.0,PRONOSTIA,"(0.05, 20, 60)"
S3_units,Bearing1_1,16,16,0.0,PRONOSTIA,"(0.05, 20, 60)"
S3_units,Bearing1_1,16,16,0.0,PRONOSTIA,"(0.05, 20, 60)"
S3_units,Bearing1_1,16,16,0.0,PRONOSTIA,"(0.05, 20, 60)"
S3_units,Bearing1_2,20,1,0.046511627906976744,PRONOSTIA,"(0.05, 20, 60)"
S3_units,Bearing1_2,20,1,0.046511627906976744,PRONOSTIA,"(0.05, 20, 60)"
S3_units,Bearing1_2,20,1,0.11627906976744186,PRONOSTIA,"(0.05, 20, 60)"
S3_units,Bearing1_2,20,1,0.13953488372093023,PRONOSTIA,"(0.05, 20, 60)"
S3_units,Bearing1_2,20,1,0.11627906976744186,PRONOSTIA,"(0.05, 20, 60)"
S3_units,Bearing1_2,20,1,0.27906976744186046,PRONOSTIA,"(0.05, 20, 60)"
S3_units,Bearing1_2,20,1,0.046511627906976744,PRONOSTIA,"(0.05, 20, 60)"
S3_units,Bearing1_2,20,1,0.3023255813953488,PRONOSTIA,"(0.05, 20, 60)"
S3_units,Bearing1_2,20,1,0.23255813953488372,PRONOSTIA,"(0.05, 20, 60)"
S3_units,Bearing1_2,20,1,0.0,PRONOSTIA,"(0.05, 20, 60)"
S3_units,Bearing1_2,20,1,0.023255813953488372,PRONOSTIA,"(0.05, 20, 60)"
S3_units,Bearing1_2,20,1,0.0,PRONOSTIA,"(0.05, 20, 60)"
S3_units,Bearing1_2,20,1,0.16279069767441862,PRONOSTIA,"(0.05, 20, 60)"
S3_units,Bearing1_2,20,1,0.4883720930232558,PRONOSTIA,"(0.05, 20, 60)"
S3_units,Bearing1_2,20,1,0.16279069767441862,PRONOSTIA,"(0.05, 20, 60)"
S3_units,Bearing1_2,20,1,0.2558139534883721,PRONOSTIA,"(0.05, 20, 60)"
S3_units,Bearing1_2,20,1,0.16279069767441862,PRONOSTIA,"(0.05, 20, 60)"
S3_units,Bearing1_2,20,1,0.06976744186046512,PRONOSTIA,"(0.05, 20, 60)"
S3_units,Bearing1_2,20,1,0.09302325581395349,PRONOSTIA,"(0.05, 20, 60)"
S3_units,Bearing1_2,20,1,0.0,PRONOSTIA,"(0.05, 20, 60)"
S3_units,Bearing1_2,20,1,0.06976744186046512,PRONOSTIA,"(0.05, 20, 60)"
S3_units,Bearing1_2,20,1,0.0,PRONOSTIA,"(0.05, 20, 60)"
S3_units,Bearing1_2,20,1,0.046511627906976744,PRONOSTIA,"(0.05, 20, 60)"
S3_units,Bearing1_2,20,1,0.18604651162790697,PRONOSTIA,"(0.05, 20, 60)"
S3_units,Bearing1_2,20,1,0.06976744186046512,PRONOSTIA,"(0.05, 20, 60)"
S3_units,Bearing1_2,20,1,0.23255813953488372,PRONOSTIA,"(0.05, 20, 60)"
S3_units,Bearing1_2,20,1,0.11627906976744186,PRONOSTIA,"(0.05, 20, 60)"
S3_units,Bearing1_2,20,1,0.3023255813953488,PRONOSTIA,"(0.05, 20, 60)"
S3_units,Bearing1_2,20,1,0.2558139534883721,PRONOSTIA,"(0.05, 20, 60)"
S3_units,Bearing1_2,20,1,0.0,PRONOSTIA,"(0.05, 20, 60)"
S3_units,Bearing1_2,16,16,0.0,PRONOSTIA,"(0.05, 20, 60)"
S3_units,Bearing1_2,16,16,0.046511627906976744,PRONOSTIA,"(0.05, 20, 60)"
S3_units,Bearing1_2,16,16,0.0,PRONOSTIA,"(0.05, 20, 60)"
S3_units,Bearing1_2,16,16,0.06976744186046512,PRONOSTIA,"(0.05, 20, 60)"
S3_units,Bearing1_2,16,16,0.0,PRONOSTIA,"(0.05, 20, 60)"
S3_units,Bearing1_2,16,16,0.0,PRONOSTIA,"(0.05, 20, 60)"
S3_units,Bearing1_2,16,16,0.06976744186046512,PRONOSTIA,"(0.05, 20, 60)"
S3_units,Bearing1_2,16,16,0.0,PRONOSTIA,"(0.05, 20, 60)"
S3_units,Bearing1_2,16,16,0.046511627906976744,PRONOSTIA,"(0.05, 20, 60)"
S3_units,Bearing1_2,16,16,0.0,PRONOSTIA,"(0.05, 20, 60)"
S3_units,Bearing1_2,16,16,0.06976744186046512,PRONOSTIA,"(0.05, 20, 60)"
S3_units,Bearing1_2,16,16,0.06976744186046512,PRONOSTIA,"(0.05, 20, 60)"
S3_units,Bearing1_2,16,16,0.0,PRONOSTIA,"(0.05, 20, 60)"
S3_units,Bearing1_2,16,16,0.046511627906976744,PRONOSTIA,"(0.05, 20, 60)"
S3_units,Bearing1_2,16,16,0.06976744186046512,PRONOSTIA,"(0.05, 20, 60)"
S3_units,Bearing1_2,16,16,0.0,PRONOSTIA,"(0.05, 20, 60)"
S3_units,Bearing1_2,16,16,0.0,PRONOSTIA,"(0.05, 20, 60)"
S3_units,Bearing1_2,16,16,0.023255813953488372,PRONOSTIA,"(0.05, 20, 60)"
S3_units,Bearing1_2,16,16,0.0,PRONOSTIA,"(0.05, 20, 60)"
S3_units,Bearing1_2,16,16,0.0,PRONOSTIA,"(0.05, 20, 60)"
S3_units,Bearing1_2,16,16,0.023255813953488372,PRONOSTIA,"(0.05, 20, 60)"
S3_units,Bearing1_2,16,16,0.023255813953488372,PRONOSTIA,"(0.05, 20, 60)"
S3_units,Bearing1_2,16,16,0.06976744186046512,PRONOSTIA,"(0.05, 20, 60)"
S3_units,Bearing1_2,16,16,0.046511627906976744,PRONOSTIA,"(0.05, 20, 60)"
S3_units,Bearing1_2,16,16,0.0,PRONOSTIA,"(0.05, 20, 60)"
S3_units,Bearing1_2,16,16,0.0,PRONOSTIA,"(0.05, 20, 60)"
S3_units,Bearing1_2,16,16,0.023255813953488372,PRONOSTIA,"(0.05, 20, 60)"
S3_units,Bearing1_2,16,16,0.0,PRONOSTIA,"(0.05, 20, 60)"
S3_units,Bearing1_2,16,16,0.09302325581395349,PRONOSTIA,"(0.05, 20, 60)"
S3_units,Bearing1_2,16,16,0.023255813953488372,PRONOSTIA,"(0.05, 20, 60)"
S3_units,Bearing1_3,20,1,0.26666666666666666,PRONOSTIA,"(0.05, 20, 60)"
S3_units,Bearing1_3,20,1,0.1,PRONOSTIA,"(0.05, 20, 60)"
S3_units,Bearing1_3,20,1,0.13333333333333333,PRONOSTIA,"(0.05, 20, 60)"
S3_units,Bearing1_3,20,1,0.36666666666666664,PRONOSTIA,"(0.05, 20, 60)"
S3_units,Bearing1_3,20,1,0.18333333333333332,PRONOSTIA,"(0.05, 20, 60)"
S3_units,Bearing1_3,20,1,0.016666666666666666,PRONOSTIA,"(0.05, 20, 60)"
S3_units,Bearing1_3,20,1,0.65,PRONOSTIA,"(0.05, 20, 60)"
S3_units,Bearing1_3,20,1,0.13333333333333333,PRONOSTIA,"(0.05, 20, 60)"
S3_units,Bearing1_3,20,1,0.2833333333333333,PRONOSTIA,"(0.05, 20, 60)"
S3_units,Bearing1_3,20,1,0.21666666666666667,PRONOSTIA,"(0.05, 20, 60)"
S3_units,Bearing1_3,20,1,0.15,PRONOSTIA,"(0.05, 20, 60)"
S3_units,Bearing1_3,20,1,0.5833333333333334,PRONOSTIA,"(0.05, 20, 60)"
S3_units,Bearing1_3,20,1,0.5,PRONOSTIA,"(0.05, 20, 60)"
S3_units,Bearing1_3,20,1,0.4,PRONOSTIA,"(0.05, 20, 60)"
S3_units,Bearing1_3,20,1,0.18333333333333332,PRONOSTIA,"(0.05, 20, 60)"
S3_units,Bearing1_3,20,1,0.3,PRONOSTIA,"(0.05, 20, 60)"
S3_units,Bearing1_3,20,1,0.26666666666666666,PRONOSTIA,"(0.05, 20, 60)"
S3_units,Bearing1_3,20,1,0.5666666666666667,PRONOSTIA,"(0.05, 20, 60)"
S3_units,Bearing1_3,20,1,0.31666666666666665,PRONOSTIA,"(0.05, 20, 60)"
S3_units,Bearing1_3,20,1,0.03333333333333333,PRONOSTIA,"(0.05, 20, 60)"
S3_units,Bearing1_3,20,1,0.23333333333333334,PRONOSTIA,"(0.05, 20, 60)"
S3_units,Bearing1_3,20,1,0.23333333333333334,PRONOSTIA,"(0.05, 20, 60)"
S3_units,Bearing1_3,20,1,0.75,PRONOSTIA,"(0.05, 20, 60)"
S3_units,Bearing1_3,20,1,0.0,PRONOSTIA,"(0.05, 20, 60)"
S3_units,Bearing1_3,20,1,0.18333333333333332,PRONOSTIA,"(0.05, 20, 60)"
S3_units,Bearing1_3,20,1,0.2833333333333333,PRONOSTIA,"(0.05, 20, 60)"
S3_units,Bearing1_3,20,1,0.1,PRONOSTIA,"(0.05, 20, 60)"
S3_units,Bearing1_3,20,1,0.0,PRONOSTIA,"(0.05, 20, 60)"
S3_units,Bearing1_3,20,1,0.0,PRONOSTIA,"(0.05, 20, 60)"
S3_units,Bearing1_3,20,1,0.36666666666666664,PRONOSTIA,"(0.05, 20, 60)"
S3_units,Bearing1_3,16,16,0.0,PRONOSTIA,"(0.05, 20, 60)"
S3_units,Bearing1_3,16,16,0.0,PRONOSTIA,"(0.05, 20, 60)"
S3_units,Bearing1_3,16,16,0.0,PRONOSTIA,"(0.05, 20, 60)"
S3_units,Bearing1_3,16,16,0.0,PRONOSTIA,"(0.05, 20, 60)"
S3_units,Bearing1_3,16,16,0.016666666666666666,PRONOSTIA,"(0.05, 20, 60)"
S3_units,Bearing1_3,16,16,0.016666666666666666,PRONOSTIA,"(0.05, 20, 60)"
S3_units,Bearing1_3,16,16,0.016666666666666666,PRONOSTIA,"(0.05, 20, 60)"
S3_units,Bearing1_3,16,16,0.03333333333333333,PRONOSTIA,"(0.05, 20, 60)"
S3_units,Bearing1_3,16,16,0.016666666666666666,PRONOSTIA,"(0.05, 20, 60)"
S3_units,Bearing1_3,16,16,0.0,PRONOSTIA,"(0.05, 20, 60)"
S3_units,Bearing1_3,16,16,0.0,PRONOSTIA,"(0.05, 20, 60)"
S3_units,Bearing1_3,16,16,0.016666666666666666,PRONOSTIA,"(0.05, 20, 60)"
S3_units,Bearing1_3,16,16,0.0,PRONOSTIA,"(0.05, 20, 60)"
S3_units,Bearing1_3,16,16,0.016666666666666666,PRONOSTIA,"(0.05, 20, 60)"
S3_units,Bearing1_3,16,16,0.03333333333333333,PRONOSTIA,"(0.05, 20, 60)"
S3_units,Bearing1_3,16,16,0.05,PRONOSTIA,"(0.05, 20, 60)"
S3_units,Bearing1_3,16,16,0.0,PRONOSTIA,"(0.05, 20, 60)"
S3_units,Bearing1_3,16,16,0.016666666666666666,PRONOSTIA,"(0.05, 20, 60)"
S3_units,Bearing1_3,16,16,0.0,PRONOSTIA,"(0.05, 20, 60)"
S3_units,Bearing1_3,16,16,0.08333333333333333,PRONOSTIA,"(0.05, 20, 60)"
S3_units,Bearing1_3,16,16,0.05,PRONOSTIA,"(0.05, 20, 60)"
S3_units,Bearing1_3,16,16,0.03333333333333333,PRONOSTIA,"(0.05, 20, 60)"
S3_units,Bearing1_3,16,16,0.16666666666666666,PRONOSTIA,"(0.05, 20, 60)"
S3_units,Bearing1_3,16,16,0.0,PRONOSTIA,"(0.05, 20, 60)"
S3_units,Bearing1_3,16,16,0.03333333333333333,PRONOSTIA,"(0.05, 20, 60)"
S3_units,Bearing1_3,16,16,0.2,PRONOSTIA,"(0.05, 20, 60)"
S3_units,Bearing1_3,16,16,0.0,PRONOSTIA,"(0.05, 20, 60)"
S3_units,Bearing1_3,16,16,0.016666666666666666,PRONOSTIA,"(0.05, 20, 60)"
S3_units,Bearing1_3,16,16,0.016666666666666666,PRONOSTIA,"(0.05, 20, 60)"
S3_units,Bearing1_3,16,16,0.05,PRONOSTIA,"(0.05, 20, 60)"
S3_units,Bearing1_4,20,1,0.1,PRONOSTIA,"(0.05, 20, 60)"
S3_units,Bearing1_4,20,1,0.016666666666666666,PRONOSTIA,"(0.05, 20, 60)"
S3_units,Bearing1_4,20,1,0.11666666666666667,PRONOSTIA,"(0.05, 20, 60)"
S3_units,Bearing1_4,20,1,0.016666666666666666,PRONOSTIA,"(0.05, 20, 60)"
S3_units,Bearing1_4,20,1,0.0,PRONOSTIA,"(0.05, 20, 60)"
S3_units,Bearing1_4,20,1,0.0,PRONOSTIA,"(0.05, 20, 60)"
S3_units,Bearing1_4,20,1,0.0,PRONOSTIA,"(0.05, 20, 60)"
S3_units,Bearing1_4,20,1,0.06666666666666667,PRONOSTIA,"(0.05, 20, 60)"
S3_units,Bearing1_4,20,1,0.0,PRONOSTIA,"(0.05, 20, 60)"
S3_units,Bearing1_4,20,1,0.016666666666666666,PRONOSTIA,"(0.05, 20, 60)"
S3_units,Bearing1_4,20,1,0.15,PRONOSTIA,"(0.05, 20, 60)"
S3_units,Bearing1_4,20,1,0.0,PRONOSTIA,"(0.05, 20, 60)"
S3_units,Bearing1_4,20,1,0.0,PRONOSTIA,"(0.05, 20, 60)"
S3_units,Bearing1_4,20,1,0.0,PRONOSTIA,"(0.05, 20, 60)"
S3_units,Bearing1_4,20,1,0.0,PRONOSTIA,"(0.05, 20, 60)"
S3_units,Bearing1_4,20,1,0.4,PRONOSTIA,"(0.05, 20, 60)"
S3_units,Bearing1_4,20,1,0.31666666666666665,PRONOSTIA,"(0.05, 20, 60)"
S3_units,Bearing1_4,20,1,0.016666666666666666,PRONOSTIA,"(0.05, 20, 60)"
S3_units,Bearing1_4,20,1,0.0,PRONOSTIA,"(0.05, 20, 60)"
S3_units,Bearing1_4,20,1,0.0,PRONOSTIA,"(0.05, 20, 60)"
S3_units,Bearing1_4,20,1,0.0,PRONOSTIA,"(0.05, 20, 60)"
S3_units,Bearing1_4,20,1,0.0,PRONOSTIA,"(0.05, 20, 60)"
S3_units,Bearing1_4,20,1,0.95,PRONOSTIA,"(0.05, 20, 60)"
S3_units,Bearing1_4,20,1,0.0,PRONOSTIA,"(0.05, 20, 60)"
S3_units,Bearing1_4,20,1,0.4666666666666667,PRONOSTIA,"(0.05, 20, 60)"
S3_units,Bearing1_4,20,1,0.0,PRONOSTIA,"(0.05, 20, 60)"
S3_units,Bearing1_4,20,1,0.43333333333333335,PRONOSTIA,"(0.05, 20, 60)"
S3_units,Bearing1_4,20,1,0.0,PRONOSTIA,"(0.05, 20, 60)"
S3_units,Bearing1_4,20,1,0.25,PRONOSTIA,"(0.05, 20, 60)"
S3_units,Bearing1_4,20,1,0.016666666666666666,PRONOSTIA,"(0.05, 20, 60)"
S3_units,Bearing1_4,16,16,0.0,PRONOSTIA,"(0.05, 20, 60)"
S3_units,Bearing1_4,16,16,0.0,PRONOSTIA,"(0.05, 20, 60)"
S3_units,Bearing1_4,16,16,0.0,PRONOSTIA,"(0.05, 20, 60)"
S3_units,Bearing1_4,16,16,0.0,PRONOSTIA,"(0.05, 20, 60)"
S3_units,Bearing1_4,16,16,0.0,PRONOSTIA,"(0.05, 20, 60)"
S3_units,Bearing1_4,16,16,0.0,PRONOSTIA,"(0.05, 20, 60)"
S3_units,Bearing1_4,16,16,0.0,PRONOSTIA,"(0.05, 20, 60)"
S3_units,Bearing1_4,16,16,0.0,PRONOSTIA,"(0.05, 20, 60)"
S3_units,Bearing1_4,16,16,0.0,PRONOSTIA,"(0.05, 20, 60)"
S3_units,Bearing1_4,16,16,0.0,PRONOSTIA,"(0.05, 20, 60)"
S3_units,Bearing1_4,16,16,0.0,PRONOSTIA,"(0.05, 20, 60)"
S3_units,Bearing1_4,16,16,0.0,PRONOSTIA,"(0.05, 20, 60)"
S3_units,Bearing1_4,16,16,0.0,PRONOSTIA,"(0.05, 20, 60)"
S3_units,Bearing1_4,16,16,0.0,PRONOSTIA,"(0.05, 20, 60)"
S3_units,Bearing1_4,16,16,0.0,PRONOSTIA,"(0.05, 20, 60)"
S3_units,Bearing1_4,16,16,0.0,PRONOSTIA,"(0.05, 20, 60)"
S3_units,Bearing1_4,16,16,0.2,PRONOSTIA,"(0.05, 20, 60)"
S3_units,Bearing1_4,16,16,0.2,PRONOSTIA,"(0.05, 20, 60)"
S3_units,Bearing1_4,16,16,0.0,PRONOSTIA,"(0.05, 20, 60)"
S3_units,Bearing1_4,16,16,0.0,PRONOSTIA,"(0.05, 20, 60)"
S3_units,Bearing1_4,16,16,0.0,PRONOSTIA,"(0.05, 20, 60)"
S3_units,Bearing1_4,16,16,0.0,PRONOSTIA,"(0.05, 20, 60)"
S3_units,Bearing1_4,16,16,0.0,PRONOSTIA,"(0.05, 20, 60)"
S3_units,Bearing1_4,16,16,0.0,PRONOSTIA,"(0.05, 20, 60)"
S3_units,Bearing1_4,16,16,0.0,PRONOSTIA,"(0.05, 20, 60)"
S3_units,Bearing1_4,16,16,0.0,PRONOSTIA,"(0.05, 20, 60)"
S3_units,Bearing1_4,16,16,0.0,PRONOSTIA,"(0.05, 20, 60)"
S3_units,Bearing1_4,16,16,0.0,PRONOSTIA,"(0.05, 20, 60)"
S3_units,Bearing1_4,16,16,0.0,PRONOSTIA,"(0.05, 20, 60)"
S3_units,Bearing1_4,16,16,0.0,PRONOSTIA,"(0.05, 20, 60)"
S3_units,Bearing1_5,20,1,0.0,PRONOSTIA,"(0.05, 20, 60)"
S3_units,Bearing1_5,20,1,0.13333333333333333,PRONOSTIA,"(0.05, 20, 60)"
S3_units,Bearing1_5,20,1,0.0,PRONOSTIA,"(0.05, 20, 60)"
S3_units,Bearing1_5,20,1,0.0,PRONOSTIA,"(0.05, 20, 60)"
S3_units,Bearing1_5,20,1,0.26666666666666666,PRONOSTIA,"(0.05, 20, 60)"
S3_units,Bearing1_5,20,1,0.03333333333333333,PRONOSTIA,"(0.05, 20, 60)"
S3_units,Bearing1_5,20,1,0.25,PRONOSTIA,"(0.05, 20, 60)"
S3_units,Bearing1_5,20,1,0.0,PRONOSTIA,"(0.05, 20, 60)"
S3_units,Bearing1_5,20,1,0.05,PRONOSTIA,"(0.05, 20, 60)"
S3_units,Bearing1_5,20,1,0.0,PRONOSTIA,"(0.05, 20, 60)"
S3_units,Bearing1_5,20,1,0.016666666666666666,PRONOSTIA,"(0.05, 20, 60)"
S3_units,Bearing1_5,20,1,0.2833333333333333,PRONOSTIA,"(0.05, 20, 60)"
S3_units,Bearing1_5,20,1,0.0,PRONOSTIA,"(0.05, 20, 60)"
S3_units,Bearing1_5,20,1,0.15,PRONOSTIA,"(0.05, 20, 60)"
S3_units,Bearing1_5,20,1,0.15,PRONOSTIA,"(0.05, 20, 60)"
S3_units,Bearing1_5,20,1,0.0,PRONOSTIA,"(0.05, 20, 60)"
S3_units,Bearing1_5,20,1,0.0,PRONOSTIA,"(0.05, 20, 60)"
S3_units,Bearing1_5,20,1,0.0,PRONOSTIA,"(0.05, 20, 60)"
S3_units,Bearing1_5,20,1,0.2,PRONOSTIA,"(0.05, 20, 60)"
S3_units,Bearing1_5,20,1,0.0,PRONOSTIA,"(0.05, 20, 60)"
S3_units,Bearing1_5,20,1,0.3333333333333333,PRONOSTIA,"(0.05, 20, 60)"
S3_units,Bearing1_5,20,1,0.9166666666666666,PRONOSTIA,"(0.05, 20, 60)"
S3_units,Bearing1_5,20,1,0.15,PRONOSTIA,"(0.05, 20, 60)"
S3_units,Bearing1_5,20,1,0.85,PRONOSTIA,"(0.05, 20, 60)"
S3_units,Bearing1_5,20,1,0.06666666666666667,PRONOSTIA,"(0.05, 20, 60)"
S3_units,Bearing1_5,20,1,0.15,PRONOSTIA,"(0.05, 20, 60)"
S3_units,Bearing1_5,20,1,0.0,PRONOSTIA,"(0.05, 20, 60)"
S3_units,Bearing1_5,20,1,0.15,PRONOSTIA,"(0.05, 20, 60)"
S3_units,Bearing1_5,20,1,0.8,PRONOSTIA,"(0.05, 20, 60)"
S3_units,Bearing1_5,20,1,0.03333333333333333,PRONOSTIA,"(0.05, 20, 60)"
S3_units,Bearing1_5,16,16,0.016666666666666666,PRONOSTIA,"(0.05, 20, 60)"
S3_units,Bearing1_5,16,16,0.0,PRONOSTIA,"(0.05, 20, 60)"
S3_units,Bearing1_5,16,16,0.18333333333333332,PRONOSTIA,"(0.05, 20, 60)"
S3_units,Bearing1_5,16,16,0.0,PRONOSTIA,"(0.05, 20, 60)"
S3_units,Bearing1_5,16,16,0.0,PRONOSTIA,"(0.05, 20, 60)"
S3_units,Bearing1_5,16,16,0.016666666666666666,PRONOSTIA,"(0.05, 20, 60)"
S3_units,Bearing1_5,16,16,0.0,PRONOSTIA,"(0.05, 20, 60)"
S3_units,Bearing1_5,16,16,0.0,PRONOSTIA,"(0.05, 20, 60)"
S3_units,Bearing1_5,16,16,0.03333333333333333,PRONOSTIA,"(0.05, 20, 60)"
S3_units,Bearing1_5,16,16,0.0,PRONOSTIA,"(0.05, 20, 60)"
S3_units,Bearing1_5,16,16,0.05,PRONOSTIA,"(0.05, 20, 60)"
S3_units,Bearing1_5,16,16,0.0,PRONOSTIA,"(0.05, 20, 60)"
S3_units,Bearing1_5,16,16,0.0,PRONOSTIA,"(0.05, 20, 60)"
S3_units,Bearing1_5,16,16,0.0,PRONOSTIA,"(0.05, 20, 60)"
S3_units,Bearing1_5,16,16,0.0,PRONOSTIA,"(0.05, 20, 60)"
S3_units,Bearing1_5,16,16,0.0,PRONOSTIA,"(0.05, 20, 60)"
S3_units,Bearing1_5,16,16,0.03333333333333333,PRONOSTIA,"(0.05, 20, 60)"
S3_units,Bearing1_5,16,16,0.0,PRONOSTIA,"(0.05, 20, 60)"
S3_units,Bearing1_5,16,16,0.0,PRONOSTIA,"(0.05, 20, 60)"
S3_units,Bearing1_5,16,16,0.0,PRONOSTIA,"(0.05, 20, 60)"
S3_units,Bearing1_5,16,16,0.0,PRONOSTIA,"(0.05, 20, 60)"
S3_units,Bearing1_5,16,16,0.0,PRONOSTIA,"(0.05, 20, 60)"
S3_units,Bearing1_5,16,16,0.0,PRONOSTIA,"(0.05, 20, 60)"
S3_units,Bearing1_5,16,16,0.03333333333333333,PRONOSTIA,"(0.05, 20, 60)"
S3_units,Bearing1_5,16,16,0.0,PRONOSTIA,"(0.05, 20, 60)"
S3_units,Bearing1_5,16,16,0.03333333333333333,PRONOSTIA,"(0.05, 20, 60)"
S3_units,Bearing1_5,16,16,0.0,PRONOSTIA,"(0.05, 20, 60)"
S3_units,Bearing1_5,16,16,0.0,PRONOSTIA,"(0.05, 20, 60)"
S3_units,Bearing1_5,16,16,0.0,PRONOSTIA,"(0.05, 20, 60)"
S3_units,Bearing1_5,16,16,0.03333333333333333,PRONOSTIA,"(0.05, 20, 60)"
S3_units,Bearing1_6,20,1,0.8,PRONOSTIA,"(0.05, 20, 60)"
S3_units,Bearing1_6,20,1,0.0,PRONOSTIA,"(0.05, 20, 60)"
S3_units,Bearing1_6,20,1,0.05,PRONOSTIA,"(0.05, 20, 60)"
S3_units,Bearing1_6,20,1,0.1,PRONOSTIA,"(0.05, 20, 60)"
S3_units,Bearing1_6,20,1,0.3,PRONOSTIA,"(0.05, 20, 60)"
S3_units,Bearing1_6,20,1,0.3333333333333333,PRONOSTIA,"(0.05, 20, 60)"
S3_units,Bearing1_6,20,1,0.05,PRONOSTIA,"(0.05, 20, 60)"
S3_units,Bearing1_6,20,1,0.6333333333333333,PRONOSTIA,"(0.05, 20, 60)"
S3_units,Bearing1_6,20,1,0.35,PRONOSTIA,"(0.05, 20, 60)"
S3_units,Bearing1_6,20,1,0.3,PRONOSTIA,"(0.05, 20, 60)"
S3_units,Bearing1_6,20,1,0.0,PRONOSTIA,"(0.05, 20, 60)"
S3_units,Bearing1_6,20,1,0.0,PRONOSTIA,"(0.05, 20, 60)"
S3_units,Bearing1_6,20,1,0.31666666666666665,PRONOSTIA,"(0.05, 20, 60)"
S3_units,Bearing1_6,20,1,0.0,PRONOSTIA,"(0.05, 20, 60)"
S3_units,Bearing1_6,20,1,0.6166666666666667,PRONOSTIA,"(0.05, 20, 60)"
S3_units,Bearing1_6,20,1,0.75,PRONOSTIA,"(0.05, 20, 60)"
S3_units,Bearing1_6,20,1,0.15,PRONOSTIA,"(0.05, 20, 60)"
S3_units,Bearing1_6,20,1,0.05,PRONOSTIA,"(0.05, 20, 60)"
S3_units,Bearing1_6,20,1,0.0,PRONOSTIA,"(0.05, 20, 60)"
S3_units,Bearing1_6,20,1,0.0,PRONOSTIA,"(0.05, 20, 60)"
S3_units,Bearing1_6,20,1,0.8333333333333334,PRONOSTIA,"(0.05, 20, 60)"
S3_units,Bearing1_6,20,1,0.55,PRONOSTIA,"(0.05, 20, 60)"
S3_units,Bearing1_6,20,1,0.06666666666666667,PRONOSTIA,"(0.05, 20, 60)"
S3_units,Bearing1_6,20,1,0.0,PRONOSTIA,"(0.05, 20, 60)"
S3_units,Bearing1_6,20,1,0.6,PRONOSTIA,"(0.05, 20, 60)"
S3_units,Bearing1_6,20,1,0.18333333333333332,PRONOSTIA,"(0.05, 20, 60)"
S3_units,Bearing1_6,20,1,0.0,PRONOSTIA,"(0.05, 20, 60)"
S3_units,Bearing1_6,20,1,0.7833333333333333,PRONOSTIA,"(0.05, 20, 60)"
S3_units,Bearing1_6,20,1,0.05,PRONOSTIA,"(0.05, 20, 60)"
S3_units,Bearing1_6,20,1,0.016666666666666666,PRONOSTIA,"(0.05, 20, 60)"
S3_units,Bearing1_6,16,16,0.016666666666666666,PRONOSTIA,"(0.05, 20, 60)"
S3_units,Bearing1_6,16,16,0.03333333333333333,PRONOSTIA,"(0.05, 20, 60)"
S3_units,Bearing1_6,16,16,0.016666666666666666,PRONOSTIA,"(0.05, 20, 60)"
S3_units,Bearing1_6,16,16,0.05,PRONOSTIA,"(0.05, 20, 60)"
S3_units,Bearing1_6,16,16,0.16666666666666666,PRONOSTIA,"(0.05, 20, 60)"
S3_units,Bearing1_6,16,16,0.05,PRONOSTIA,"(0.05, 20, 60)"
S3_units,Bearing1_6,16,16,0.0,PRONOSTIA,"(0.05, 20, 60)"
S3_units,Bearing1_6,16,16,0.016666666666666666,PRONOSTIA,"(0.05, 20, 60)"
S3_units,Bearing1_6,16,16,0.05,PRONOSTIA,"(0.05, 20, 60)"
S3_units,Bearing1_6,16,16,0.0,PRONOSTIA,"(0.05, 20, 60)"
S3_units,Bearing1_6,16,16,0.0,PRONOSTIA,"(0.05, 20, 60)"
S3_units,Bearing1_6,16,16,0.0,PRONOSTIA,"(0.05, 20, 60)"
S3_units,Bearing1_6,16,16,0.06666666666666667,PRONOSTIA,"(0.05, 20, 60)"
S3_units,Bearing1_6,16,16,0.0,PRONOSTIA,"(0.05, 20, 60)"
S3_units,Bearing1_6,16,16,0.03333333333333333,PRONOSTIA,"(0.05, 20, 60)"
S3_units,Bearing1_6,16,16,0.0,PRONOSTIA,"(0.05, 20, 60)"
S3_units,Bearing1_6,16,16,0.0,PRONOSTIA,"(0.05, 20, 60)"
S3_units,Bearing1_6,16,16,0.25,PRONOSTIA,"(0.05, 20, 60)"
S3_units,Bearing1_6,16,16,0.016666666666666666,PRONOSTIA,"(0.05, 20, 60)"
S3_units,Bearing1_6,16,16,0.0,PRONOSTIA,"(0.05, 20, 60)"
S3_units,Bearing1_6,16,16,0.05,PRONOSTIA,"(0.05, 20, 60)"
S3_units,Bearing1_6,16,16,0.0,PRONOSTIA,"(0.05, 20, 60)"
S3_units,Bearing1_6,16,16,0.0,PRONOSTIA,"(0.05, 20, 60)"
S3_units,Bearing1_6,16,16,0.016666666666666666,PRONOSTIA,"(0.05, 20, 60)"
S3_units,Bearing1_6,16,16,0.016666666666666666,PRONOSTIA,"(0.05, 20, 60)"
S3_units,Bearing1_6,16,16,0.016666666666666666,PRONOSTIA,"(0.05, 20, 60)"
S3_units,Bearing1_6,16,16,0.0,PRONOSTIA,"(0.05, 20, 60)"
S3_units,Bearing1_6,16,16,0.0,PRONOSTIA,"(0.05, 20, 60)"
S3_units,Bearing1_6,16,16,0.016666666666666666,PRONOSTIA,"(0.05, 20, 60)"
S3_units,Bearing1_6,16,16,0.0,PRONOSTIA,"(0.05, 20, 60)"
S3_units,Bearing1_7,20,1,0.31666666666666665,PRONOSTIA,"(0.05, 20, 60)"
S3_units,Bearing1_7,20,1,0.55,PRONOSTIA,"(0.05, 20, 60)"
S3_units,Bearing1_7,20,1,0.016666666666666666,PRONOSTIA,"(0.05, 20, 60)"
S3_units,Bearing1_7,20,1,0.2,PRONOSTIA,"(0.05, 20, 60)"
S3_units,Bearing1_7,20,1,0.0,PRONOSTIA,"(0.05, 20, 60)"
S3_units,Bearing1_7,20,1,0.6166666666666667,PRONOSTIA,"(0.05, 20, 60)"
S3_units,Bearing1_7,20,1,0.5,PRONOSTIA,"(0.05, 20, 60)"
S3_units,Bearing1_7,20,1,0.35,PRONOSTIA,"(0.05, 20, 60)"
S3_units,Bearing1_7,20,1,0.5166666666666667,PRONOSTIA,"(0.05, 20, 60)"
S3_units,Bearing1_7,20,1,0.4666666666666667,PRONOSTIA,"(0.05, 20, 60)"
S3_units,Bearing1_7,20,1,0.43333333333333335,PRONOSTIA,"(0.05, 20, 60)"
S3_units,Bearing1_7,20,1,0.016666666666666666,PRONOSTIA,"(0.05, 20, 60)"
S3_units,Bearing1_7,20,1,0.31666666666666665,PRONOSTIA,"(0.05, 20, 60)"
S3_units,Bearing1_7,20,1,0.2833333333333333,PRONOSTIA,"(0.05, 20, 60)"
S3_units,Bearing1_7,20,1,0.0,PRONOSTIA,"(0.05, 20, 60)"
S3_units,Bearing1_7,20,1,0.2,PRONOSTIA,"(0.05, 20, 60)"
S3_units,Bearing1_7,20,1,0.0,PRONOSTIA,"(0.05, 20, 60)"
S3_units,Bearing1_7,20,1,0.15,PRONOSTIA,"(0.05, 20, 60)"
S3_units,Bearing1_7,20,1,0.0,PRONOSTIA,"(0.05, 20, 60)"
S3_units,Bearing1_7,20,1,0.3,PRONOSTIA,"(0.05, 20, 60)"
S3_units,Bearing1_7,20,1,0.0,PRONOSTIA,"(0.05, 20, 60)"
S3_units,Bearing1_7,20,1,0.18333333333333332,PRONOSTIA,"(0.05, 20, 60)"
S3_units,Bearing1_7,20,1,0.03333333333333333,PRONOSTIA,"(0.05, 20, 60)"
S3_units,Bearing1_7,20,1,0.38333333333333336,PRONOSTIA,"(0.05, 20, 60)"
S3_units,Bearing1_7,20,1,0.35,PRONOSTIA,"(0.05, 20, 60)"
S3_units,Bearing1_7,20,1,0.16666666666666666,PRONOSTIA,"(0.05, 20, 60)"
S3_units,Bearing1_7,20,1,0.8333333333333334,PRONOSTIA,"(0.05, 20, 60)"
S3_units,Bearing1_7,20,1,0.0,PRONOSTIA,"(0.05, 20, 60)"
S3_units,Bearing1_7,20,1,0.3,PRONOSTIA,"(0.05, 20, 60)"
S3_units,Bearing1_7,20,1,0.45,PRONOSTIA,"(0.05, 20, 60)"
S3_units,Bearing1_7,16,16,0.0,PRONOSTIA,"(0.05, 20, 60)"
S3_units,Bearing1_7,16,16,0.0,PRONOSTIA,"(0.05, 20, 60)"
S3_units,Bearing1_7,16,16,0.0,PRONOSTIA,"(0.05, 20, 60)"
S3_units,Bearing1_7,16,16,0.0,PRONOSTIA,"(0.05, 20, 60)"
S3_units,Bearing1_7,16,16,0.03333333333333333,PRONOSTIA,"(0.05, 20, 60)"
S3_units,Bearing1_7,16,16,0.0,PRONOSTIA,"(0.05, 20, 60)"
S3_units,Bearing1_7,16,16,0.016666666666666666,PRONOSTIA,"(0.05, 20, 60)"
S3_units,Bearing1_7,16,16,0.0,PRONOSTIA,"(0.05, 20, 60)"
S3_units,Bearing1_7,16,16,0.0,PRONOSTIA,"(0.05, 20, 60)"
S3_units,Bearing1_7,16,16,0.0,PRONOSTIA,"(0.05, 20, 60)"
S3_units,Bearing1_7,16,16,0.03333333333333333,PRONOSTIA,"(0.05, 20, 60)"
S3_units,Bearing1_7,16,16,0.0,PRONOSTIA,"(0.05, 20, 60)"
S3_units,Bearing1_7,16,16,0.0,PRONOSTIA,"(0.05, 20, 60)"
S3_units,Bearing1_7,16,16,0.0,PRONOSTIA,"(0.05, 20, 60)"
S3_units,Bearing1_7,16,16,0.0,PRONOSTIA,"(0.05, 20, 60)"
S3_units,Bearing1_7,16,16,0.0,PRONOSTIA,"(0.05, 20, 60)"
S3_units,Bearing1_7,16,16,0.0,PRONOSTIA,"(0.05, 20, 60)"
S3_units,Bearing1_7,16,16,0.0,PRONOSTIA,"(0.05, 20, 60)"
S3_units,Bearing1_7,16,16,0.0,PRONOSTIA,"(0.05, 20, 60)"
S3_units,Bearing1_7,16,16,0.0,PRONOSTIA,"(0.05, 20, 60)"
S3_units,Bearing1_7,16,16,0.0,PRONOSTIA,"(0.05, 20, 60)"
S3_units,Bearing1_7,16,16,0.0,PRONOSTIA,"(0.05, 20, 60)"
S3_units,Bearing1_7,16,16,0.0,PRONOSTIA,"(0.05, 20, 60)"
S3_units,Bearing1_7,16,16,0.03333333333333333,PRONOSTIA,"(0.05, 20, 60)"
S3_units,Bearing1_7,16,16,0.016666666666666666,PRONOSTIA,"(0.05, 20, 60)"
S3_units,Bearing1_7,16,16,0.0,PRONOSTIA,"(0.05, 20, 60)"
S3_units,Bearing1_7,16,16,0.0,PRONOSTIA,"(0.05, 20, 60)"
S3_units,Bearing1_7,16,16,0.0,PRONOSTIA,"(0.05, 20, 60)"
S3_units,Bearing1_7,16,16,0.0,PRONOSTIA,"(0.05, 20, 60)"
S3_units,Bearing1_7,16,16,0.0,PRONOSTIA,"(0.05, 20, 60)"
S3_units,Bearing2_1,20,1,0.7333333333333333,PRONOSTIA,"(0.05, 20, 60)"
S3_units,Bearing2_1,20,1,0.08888888888888889,PRONOSTIA,"(0.05, 20, 60)"
S3_units,Bearing2_1,20,1,0.17777777777777778,PRONOSTIA,"(0.05, 20, 60)"
S3_units,Bearing2_1,20,1,0.044444444444444446,PRONOSTIA,"(0.05, 20, 60)"
S3_units,Bearing2_1,20,1,0.022222222222222223,PRONOSTIA,"(0.05, 20, 60)"
S3_units,Bearing2_1,20,1,0.2222222222222222,PRONOSTIA,"(0.05, 20, 60)"
S3_units,Bearing2_1,20,1,0.17777777777777778,PRONOSTIA,"(0.05, 20, 60)"
S3_units,Bearing2_1,20,1,0.022222222222222223,PRONOSTIA,"(0.05, 20, 60)"
S3_units,Bearing2_1,20,1,0.24444444444444444,PRONOSTIA,"(0.05, 20, 60)"
S3_units,Bearing2_1,20,1,0.022222222222222223,PRONOSTIA,"(0.05, 20, 60)"
S3_units,Bearing2_1,20,1,0.022222222222222223,PRONOSTIA,"(0.05, 20, 60)"
S3_units,Bearing2_1,20,1,0.2,PRONOSTIA,"(0.05, 20, 60)"
S3_units,Bearing2_1,20,1,0.15555555555555556,PRONOSTIA,"(0.05, 20, 60)"
S3_units,Bearing2_1,20,1,0.022222222222222223,PRONOSTIA,"(0.05, 20, 60)"
S3_units,Bearing2_1,20,1,0.044444444444444446,PRONOSTIA,"(0.05, 20, 60)"
S3_units,Bearing2_1,20,1,0.2,PRONOSTIA,"(0.05, 20, 60)"
S3_units,Bearing2_1,20,1,0.4,PRONOSTIA,"(0.05, 20, 60)"
S3_units,Bearing2_1,20,1,0.08888888888888889,PRONOSTIA,"(0.05, 20, 60)"
S3_units,Bearing2_1,20,1,0.1111111111111111,PRONOSTIA,"(0.05, 20, 60)"
S3_units,Bearing2_1,20,1,0.15555555555555556,PRONOSTIA,"(0.05, 20, 60)"
S3_units,Bearing2_1,20,1,0.8222222222222222,PRONOSTIA,"(0.05, 20, 60)"
S3_units,Bearing2_1,20,1,0.9555555555555556,PRONOSTIA,"(0.05, 20, 60)"
S3_units,Bearing2_1,20,1,0.1111111111111111,PRONOSTIA,"(0.05, 20, 60)"
S3_units,Bearing2_1,20,1,0.06666666666666667,PRONOSTIA,"(0.05, 20, 60)"
S3_units,Bearing2_1,20,1,0.15555555555555556,PRONOSTIA,"(0.05, 20, 60)"
S3_units,Bearing2_1,20,1,0.2,PRONOSTIA,"(0.05, 20, 60)"
S3_units,Bearing2_1,20,1,0.044444444444444446,PRONOSTIA,"(0.05, 20, 60)"
S3_units,Bearing2_1,20,1,0.4888888888888889,PRONOSTIA,"(0.05, 20, 60)"
S3_units,Bearing2_1,20,1,0.022222222222222223,PRONOSTIA,"(0.05, 20, 60)"
S3_units,Bearing2_1,20,1,0.13333333333333333,PRONOSTIA,"(0.05, 20, 60)"
S3_units,Bearing2_1,16,16,0.044444444444444446,PRONOSTIA,"(0.05, 20, 60)"
S3_units,Bearing2_1,16,16,0.06666666666666667,PRONOSTIA,"(0.05, 20, 60)"
S3_units,Bearing2_1,16,16,0.022222222222222223,PRONOSTIA,"(0.05, 20, 60)"
S3_units,Bearing2_1,16,16,0.1111111111111111,PRONOSTIA,"(0.05, 20, 60)"
S3_units,Bearing2_1,16,16,0.08888888888888889,PRONOSTIA,"(0.05, 20, 60)"
S3_units,Bearing2_1,16,16,0.15555555555555556,PRONOSTIA,"(0.05, 20, 60)"
S3_units,Bearing2_1,16,16,0.08888888888888889,PRONOSTIA,"(0.05, 20, 60)"
S3_units,Bearing2_1,16,16,0.06666666666666667,PRONOSTIA,"(0.05, 20, 60)"
S3_units,Bearing2_1,16,16,0.08888888888888889,PRONOSTIA,"(0.05, 20, 60)"
S3_units,Bearing2_1,16,16,0.044444444444444446,PRONOSTIA,"(0.05, 20, 60)"
S3_units,Bearing2_1,16,16,0.08888888888888889,PRONOSTIA,"(0.05, 20, 60)"
S3_units,Bearing2_1,16,16,0.044444444444444446,PRONOSTIA,"(0.05, 20, 60)"
S3_units,Bearing2_1,16,16,0.08888888888888889,PRONOSTIA,"(0.05, 20, 60)"
S3_units,Bearing2_1,16,16,0.15555555555555556,PRONOSTIA,"(0.05, 20, 60)"
S3_units,Bearing2_1,16,16,0.044444444444444446,PRONOSTIA,"(0.05, 20, 60)"
S3_units,Bearing2_1,16,16,0.08888888888888889,PRONOSTIA,"(0.05, 20, 60)"
S3_units,Bearing2_1,16,16,0.022222222222222223,PRONOSTIA,"(0.05, 20, 60)"
S3_units,Bearing2_1,16,16,0.06666666666666667,PRONOSTIA,"(0.05, 20, 60)"
S3_units,Bearing2_1,16,16,0.08888888888888889,PRONOSTIA,"(0.05, 20, 60)"
S3_units,Bearing2_1,16,16,0.06666666666666667,PRONOSTIA,"(0.05, 20, 60)"
S3_units,Bearing2_1,16,16,0.08888888888888889,PRONOSTIA,"(0.05, 20, 60)"
S3_units,Bearing2_1,16,16,0.06666666666666667,PRONOSTIA,"(0.05, 20, 60)"
S3_units,Bearing2_1,16,16,0.044444444444444446,PRONOSTIA,"(0.05, 20, 60)"
S3_units,Bearing2_1,16,16,0.022222222222222223,PRONOSTIA,"(0.05, 20, 60)"
S3_units,Bearing2_1,16,16,0.08888888888888889,PRONOSTIA,"(0.05, 20, 60)"
S3_units,Bearing2_1,16,16,0.1111111111111111,PRONOSTIA,"(0.05, 20, 60)"
S3_units,Bearing2_1,16,16,0.022222222222222223,PRONOSTIA,"(0.05, 20, 60)"
S3_units,Bearing2_1,16,16,0.08888888888888889,PRONOSTIA,"(0.05, 20, 60)"
S3_units,Bearing2_1,16,16,0.08888888888888889,PRONOSTIA,"(0.05, 20, 60)"
S3_units,Bearing2_1,16,16,0.08888888888888889,PRONOSTIA,"(0.05, 20, 60)"
S3_units,Bearing2_2,20,1,0.3333333333333333,PRONOSTIA,"(0.05, 20, 60)"
S3_units,Bearing2_2,20,1,0.0,PRONOSTIA,"(0.05, 20, 60)"
S3_units,Bearing2_2,20,1,0.0,PRONOSTIA,"(0.05, 20, 60)"
S3_units,Bearing2_2,20,1,0.5641025641025641,PRONOSTIA,"(0.05, 20, 60)"
S3_units,Bearing2_2,20,1,0.2564102564102564,PRONOSTIA,"(0.05, 20, 60)"
S3_units,Bearing2_2,20,1,0.38461538461538464,PRONOSTIA,"(0.05, 20, 60)"
S3_units,Bearing2_2,20,1,0.0,PRONOSTIA,"(0.05, 20, 60)"
S3_units,Bearing2_2,20,1,0.02564102564102564,PRONOSTIA,"(0.05, 20, 60)"
S3_units,Bearing2_2,20,1,0.1794871794871795,PRONOSTIA,"(0.05, 20, 60)"
S3_units,Bearing2_2,20,1,0.0,PRONOSTIA,"(0.05, 20, 60)"
S3_units,Bearing2_2,20,1,0.3076923076923077,PRONOSTIA,"(0.05, 20, 60)"
S3_units,Bearing2_2,20,1,0.0,PRONOSTIA,"(0.05, 20, 60)"
S3_units,Bearing2_2,20,1,0.0,PRONOSTIA,"(0.05, 20, 60)"
S3_units,Bearing2_2,20,1,0.0,PRONOSTIA,"(0.05, 20, 60)"
S3_units,Bearing2_2,20,1,0.0,PRONOSTIA,"(0.05, 20, 60)"
S3_units,Bearing2_2,20,1,0.0,PRONOSTIA,"(0.05, 20, 60)"
S3_units,Bearing2_2,20,1,0.05128205128205128,PRONOSTIA,"(0.05, 20, 60)"
S3_units,Bearing2_2,20,1,0.0,PRONOSTIA,"(0.05, 20, 60)"
S3_units,Bearing2_2,20,1,0.0,PRONOSTIA,"(0.05, 20, 60)"
S3_units,Bearing2_2,20,1,0.23076923076923078,PRONOSTIA,"(0.05, 20, 60)"
S3_units,Bearing2_2,20,1,0.0,PRONOSTIA,"(0.05, 20, 60)"
S3_units,Bearing2_2,20,1,0.0,PRONOSTIA,"(0.05, 20, 60)"
S3_units,Bearing2_2,20,1,0.0,PRONOSTIA,"(0.05, 20, 60)"
S3_units,Bearing2_2,20,1,0.0,PRONOSTIA,"(0.05, 20, 60)"
S3_units,Bearing2_2,20,1,0.3076923076923077,PRONOSTIA,"(0.05, 20, 60)"
S3_units,Bearing2_2,20,1,0.0,PRONOSTIA,"(0.05, 20, 60)"
S3_units,Bearing2_2,20,1,0.0,PRONOSTIA,"(0.05, 20, 60)"
S3_units,Bearing2_2,20,1,0.3333333333333333,PRONOSTIA,"(0.05, 20, 60)"
S3_units,Bearing2_2,20,1,0.0,PRONOSTIA,"(0.05, 20, 60)"
S3_units,Bearing2_2,20,1,0.3333333333333333,PRONOSTIA,"(0.05, 20, 60)"
S3_units,Bearing2_2,16,16,0.0,PRONOSTIA,"(0.05, 20, 60)"
S3_units,Bearing2_2,16,16,0.0,PRONOSTIA,"(0.05, 20, 60)"
S3_units,Bearing2_2,16,16,0.0,PRONOSTIA,"(0.05, 20, 60)"
S3_units,Bearing2_2,16,16,0.0,PRONOSTIA,"(0.05, 20, 60)"
S3_units,Bearing2_2,16,16,0.0,PRONOSTIA,"(0.05, 20, 60)"
S3_units,Bearing2_2,16,16,0.0,PRONOSTIA,"(0.05, 20, 60)"
S3_units,Bearing2_2,16,16,0.0,PRONOSTIA,"(0.05, 20, 60)"
S3_units,Bearing2_2,16,16,0.0,PRONOSTIA,"(0.05, 20, 60)"
S3_units,Bearing2_2,16,16,0.0,PRONOSTIA,"(0.05, 20, 60)"
S3_units,Bearing2_2,16,16,0.0,PRONOSTIA,"(0.05, 20, 60)"
S3_units,Bearing2_2,16,16,0.0,PRONOSTIA,"(0.05, 20, 60)"
S3_units,Bearing2_2,16,16,0.0,PRONOSTIA,"(0.05, 20, 60)"
S3_units,Bearing2_2,16,16,0.0,PRONOSTIA,"(0.05, 20, 60)"
S3_units,Bearing2_2,16,16,0.0,PRONOSTIA,"(0.05, 20, 60)"
S3_units,Bearing2_2,16,16,0.0,PRONOSTIA,"(0.05, 20, 60)"
S3_units,Bearing2_2,16,16,0.0,PRONOSTIA,"(0.05, 20, 60)"
S3_units,Bearing2_2,16,16,0.0,PRONOSTIA,"(0.05, 20, 60)"
S3_units,Bearing2_2,16,16,0.0,PRONOSTIA,"(0.05, 20, 60)"
S3_units,Bearing2_2,16,16,0.0,PRONOSTIA,"(0.05, 20, 60)"
S3_units,Bearing2_2,16,16,0.0,PRONOSTIA,"(0.05, 20, 60)"
S3_units,Bearing2_2,16,16,0.0,PRONOSTIA,"(0.05, 20, 60)"
S3_units,Bearing2_2,16,16,0.0,PRONOSTIA,"(0.05, 20, 60)"
S3_units,Bearing2_2,16,16,0.0,PRONOSTIA,"(0.05, 20, 60)"
S3_units,Bearing2_2,16,16,0.0,PRONOSTIA,"(0.05, 20, 60)"
S3_units,Bearing2_2,16,16,0.0,PRONOSTIA,"(0.05, 20, 60)"
S3_units,Bearing2_2,16,16,0.0,PRONOSTIA,"(0.05, 20, 60)"
S3_units,Bearing2_2,16,16,0.0,PRONOSTIA,"(0.05, 20, 60)"
S3_units,Bearing2_2,16,16,0.0,PRONOSTIA,"(0.05, 20, 60)"
S3_units,Bearing2_2,16,16,0.0,PRONOSTIA,"(0.05, 20, 60)"
S3_units,Bearing2_2,16,16,0.0,PRONOSTIA,"(0.05, 20, 60)"
S3_units,Bearing2_3,20,1,0.7,PRONOSTIA,"(0.05, 20, 60)"
S3_units,Bearing2_3,20,1,0.3333333333333333,PRONOSTIA,"(0.05, 20, 60)"
S3_units,Bearing2_3,20,1,0.7333333333333333,PRONOSTIA,"(0.05, 20, 60)"
S3_units,Bearing2_3,20,1,0.18333333333333332,PRONOSTIA,"(0.05, 20, 60)"
S3_units,Bearing2_3,20,1,0.5166666666666667,PRONOSTIA,"(0.05, 20, 60)"
S3_units,Bearing2_3,20,1,0.4,PRONOSTIA,"(0.05, 20, 60)"
S3_units,Bearing2_3,20,1,0.3,PRONOSTIA,"(0.05, 20, 60)"
S3_units,Bearing2_3,20,1,0.4,PRONOSTIA,"(0.05, 20, 60)"
S3_units,Bearing2_3,20,1,0.03333333333333333,PRONOSTIA,"(0.05, 20, 60)"
S3_units,Bearing2_3,20,1,0.8166666666666667,PRONOSTIA,"(0.05, 20, 60)"
S3_units,Bearing2_3,20,1,0.9166666666666666,PRONOSTIA,"(0.05, 20, 60)"
S3_units,Bearing2_3,20,1,0.4666666666666667,PRONOSTIA,"(0.05, 20, 60)"
S3_units,Bearing2_3,20,1,0.03333333333333333,PRONOSTIA,"(0.05, 20, 60)"
S3_units,Bearing2_3,20,1,0.7,PRONOSTIA,"(0.05, 20, 60)"
S3_units,Bearing2_3,20,1,0.016666666666666666,PRONOSTIA,"(0.05, 20, 60)"
S3_units,Bearing2_3,20,1,0.3333333333333333,PRONOSTIA,"(0.05, 20, 60)"
S3_units,Bearing2_3,20,1,0.0,PRONOSTIA,"(0.05, 20, 60)"
S3_units,Bearing2_3,20,1,0.6166666666666667,PRONOSTIA,"(0.05, 20, 60)"
S3_units,Bearing2_3,20,1,0.7166666666666667,PRONOSTIA,"(0.05, 20, 60)"
S3_units,Bearing2_3,20,1,0.2833333333333333,PRONOSTIA,"(0.05, 20, 60)"
S3_units,Bearing2_3,20,1,0.4166666666666667,PRONOSTIA,"(0.05, 20, 60)"
S3_units,Bearing2_3,20,1,0.8833333333333333,PRONOSTIA,"(0.05, 20, 60)"
S3_units,Bearing2_3,20,1,0.0,PRONOSTIA,"(0.05, 20, 60)"
S3_units,Bearing2_3,20,1,0.03333333333333333,PRONOSTIA,"(0.05, 20, 60)"
S3_units,Bearing2_3,20,1,0.8666666666666667,PRONOSTIA,"(0.05, 20, 60)"
S3_units,Bearing2_3,20,1,0.7833333333333333,PRONOSTIA,"(0.05, 20, 60)"
S3_units,Bearing2_3,20,1,0.0,PRONOSTIA,"(0.05, 20, 60)"
S3_units,Bearing2_3,20,1,0.7333333333333333,PRONOSTIA,"(0.05, 20, 60)"
S3_units,Bearing2_3,20,1,0.31666666666666665,PRONOSTIA,"(0.05, 20, 60)"
S3_units,Bearing2_3,20,1,0.8,PRONOSTIA,"(0.05, 20, 60)"
S3_units,Bearing2_3,16,16,0.03333333333333333,PRONOSTIA,"(0.05, 20, 60)"
S3_units,Bearing2_3,16,16,0.2,PRONOSTIA,"(0.05, 20, 60)"
S3_units,Bearing2_3,16,16,0.05,PRONOSTIA,"(0.05, 20, 60)"
S3_units,Bearing2_3,16,16,0.15,PRONOSTIA,"(0.05, 20, 60)"
S3_units,Bearing2_3,16,16,0.3,PRONOSTIA,"(0.05, 20, 60)"
S3_units,Bearing2_3,16,16,0.03333333333333333,PRONOSTIA,"(0.05, 20, 60)"
S3_units,Bearing2_3,16,16,0.05,PRONOSTIA,"(0.05, 20, 60)"
S3_units,Bearing2_3,16,16,0.15,PRONOSTIA,"(0.05, 20, 60)"
S3_units,Bearing2_3,16,16,0.13333333333333333,PRONOSTIA,"(0.05, 20, 60)"
S3_units,Bearing2_3,16,16,0.36666666666666664,PRONOSTIA,"(0.05, 20, 60)"
S3_units,Bearing2_3,16,16,0.25,PRONOSTIA,"(0.05, 20, 60)"
S3_units,Bearing2_3,16,16,0.06666666666666667,PRONOSTIA,"(0.05, 20, 60)"
S3_units,Bearing2_3,16,16,0.03333333333333333,PRONOSTIA,"(0.05, 20, 60)"
S3_units,Bearing2_3,16,16,0.3,PRONOSTIA,"(0.05, 20, 60)"
S3_units,Bearing2_3,16,16,0.48333333333333334,PRONOSTIA,"(0.05, 20, 60)"
S3_units,Bearing2_3,16,16,0.15,PRONOSTIA,"(0.05, 20, 60)"
S3_units,Bearing2_3,16,16,0.0,PRONOSTIA,"(0.05, 20, 60)"
S3_units,Bearing2_3,16,16,0.05,PRONOSTIA,"(0.05, 20, 60)"
S3_units,Bearing2_3,16,16,0.15,PRONOSTIA,"(0.05, 20, 60)"
S3_units,Bearing2_3,16,16,0.31666666666666665,PRONOSTIA,"(0.05, 20, 60)"
S3_units,Bearing2_3,16,16,0.13333333333333333,PRONOSTIA,"(0.05, 20, 60)"
S3_units,Bearing2_3,16,16,0.05,PRONOSTIA,"(0.05, 20, 60)"
S3_units,Bearing2_3,16,16,0.25,PRONOSTIA,"(0.05, 20, 60)"
S3_units,Bearing2_3,16,16,0.21666666666666667,PRONOSTIA,"(0.05, 20, 60)"
S3_units,Bearing2_3,16,16,0.31666666666666665,PRONOSTIA,"(0.05, 20, 60)"
S3_units,Bearing2_3,16,16,0.1,PRONOSTIA,"(0.05, 20, 60)"
S3_units,Bearing2_3,16,16,0.31666666666666665,PRONOSTIA,"(0.05, 20, 60)"
S3_units,Bearing2_3,16,16,0.1,PRONOSTIA,"(0.05, 20, 60)"
S3_units,Bearing2_3,16,16,0.0,PRONOSTIA,"(0.05, 20, 60)"
S3_units,Bearing2_3,16,16,0.2833333333333333,PRONOSTIA,"(0.05, 20, 60)"
S3_units,Bearing2_4,20,1,0.02702702702702703,PRONOSTIA,"(0.05, 20, 60)"
S3_units,Bearing2_4,20,1,0.0,PRONOSTIA,"(0.05, 20, 60)"
S3_units,Bearing2_4,20,1,0.02702702702702703,PRONOSTIA,"(0.05, 20, 60)"
S3_units,Bearing2_4,20,1,0.02702702702702703,PRONOSTIA,"(0.05, 20, 60)"
S3_units,Bearing2_4,20,1,0.0,PRONOSTIA,"(0.05, 20, 60)"
S3_units,Bearing2_4,20,1,0.40540540540540543,PRONOSTIA,"(0.05, 20, 60)"
S3_units,Bearing2_4,20,1,0.0,PRONOSTIA,"(0.05, 20, 60)"
S3_units,Bearing2_4,20,1,0.5405405405405406,PRONOSTIA,"(0.05, 20, 60)"
S3_units,Bearing2_4,20,1,0.0,PRONOSTIA,"(0.05, 20, 60)"
S3_units,Bearing2_4,20,1,0.4594594594594595,PRONOSTIA,"(0.05, 20, 60)"
S3_units,Bearing2_4,20,1,0.1891891891891892,PRONOSTIA,"(0.05, 20, 60)"
S3_units,Bearing2_4,20,1,0.0,PRONOSTIA,"(0.05, 20, 60)"
S3_units,Bearing2_4,20,1,0.0,PRONOSTIA,"(0.05, 20, 60)"
S3_units,Bearing2_4,20,1,0.13513513513513514,PRONOSTIA,"(0.05, 20, 60)"
S3_units,Bearing2_4,20,1,0.6216216216216216,PRONOSTIA,"(0.05, 20, 60)"
S3_units,Bearing2_4,20,1,0.0,PRONOSTIA,"(0.05, 20, 60)"
S3_units,Bearing2_4,20,1,0.10810810810810811,PRONOSTIA,"(0.05, 20, 60)"
S3_units,Bearing2_4,20,1,0.0,PRONOSTIA,"(0.05, 20, 60)"
S3_units,Bearing2_4,20,1,0.0,PRONOSTIA,"(0.05, 20, 60)"
S3_units,Bearing2_4,20,1,0.6756756756756757,PRONOSTIA,"(0.05, 20, 60)"
S3_units,Bearing2_4,20,1,0.0,PRONOSTIA,"(0.05, 20, 60)"
S3_units,Bearing2_4,20,1,0.08108108108108109,PRONOSTIA,"(0.05, 20, 60)"
S3_units,Bearing2_4,20,1,0.0,PRONOSTIA,"(0.05, 20, 60)"
S3_units,Bearing2_4,20,1,0.0,PRONOSTIA,"(0.05, 20, 60)"
S3_units,Bearing2_4,20,1,0.32432432432432434,PRONOSTIA,"(0.05, 20, 60)"
S3_units,Bearing2_4,20,1,0.0,PRONOSTIA,"(0.05, 20, 60)"
S3_units,Bearing2_4,20,1,0.02702702702702703,PRONOSTIA,"(0.05, 20, 60)"
S3_units,Bearing2_4,20,1,0.4594594594594595,PRONOSTIA,"(0.05, 20, 60)"
S3_units,Bearing2_4,20,1,0.0,PRONOSTIA,"(0.05, 20, 60)"
S3_units,Bearing2_4,20,1,0.0,PRONOSTIA,"(0.05, 20, 60)"
S3_units,Bearing2_4,16,16,0.0,PRONOSTIA,"(0.05, 20, 60)"
S3_units,Bearing2_4,16,16,0.0,PRONOSTIA,"(0.05, 20, 60)"
S3_units,Bearing2_4,16,16,0.0,PRONOSTIA,"(0.05, 20, 60)"
S3_units,Bearing2_4,16,16,0.0,PRONOSTIA,"(0.05, 20, 60)"
S3_units,Bearing2_4,16,16,0.0,PRONOSTIA,"(0.05, 20, 60)"
S3_units,Bearing2_4,16,16,0.0,PRONOSTIA,"(0.05, 20, 60)"
S3_units,Bearing2_4,16,16,0.0,PRONOSTIA,"(0.05, 20, 60)"
S3_units,Bearing2_4,16,16,0.0,PRONOSTIA,"(0.05, 20, 60)"
S3_units,Bearing2_4,16,16,0.0,PRONOSTIA,"(0.05, 20, 60)"
S3_units,Bearing2_4,16,16,0.0,PRONOSTIA,"(0.05, 20, 60)"
S3_units,Bearing2_4,16,16,0.0,PRONOSTIA,"(0.05, 20, 60)"
S3_units,Bearing2_4,16,16,0.0,PRONOSTIA,"(0.05, 20, 60)"
S3_units,Bearing2_4,16,16,0.0,PRONOSTIA,"(0.05, 20, 60)"
S3_units,Bearing2_4,16,16,0.0,PRONOSTIA,"(0.05, 20, 60)"
S3_units,Bearing2_4,16,16,0.0,PRONOSTIA,"(0.05, 20, 60)"
S3_units,Bearing2_4,16,16,0.0,PRONOSTIA,"(0.05, 20, 60)"
S3_units,Bearing2_4,16,16,0.0,PRONOSTIA,"(0.05, 20, 60)"
S3_units,Bearing2_4,16,16,0.0,PRONOSTIA,"(0.05, 20, 60)"
S3_units,Bearing2_4,16,16,0.0,PRONOSTIA,"(0.05, 20, 60)"
S3_units,Bearing2_4,16,16,0.0,PRONOSTIA,"(0.05, 20, 60)"
S3_units,Bearing2_4,16,16,0.0,PRONOSTIA,"(0.05, 20, 60)"
S3_units,Bearing2_4,16,16,0.0,PRONOSTIA,"(0.05, 20, 60)"
S3_units,Bearing2_4,16,16,0.0,PRONOSTIA,"(0.05, 20, 60)"
S3_units,Bearing2_4,16,16,0.0,PRONOSTIA,"(0.05, 20, 60)"
S3_units,Bearing2_4,16,16,0.0,PRONOSTIA,"(0.05, 20, 60)"
S3_units,Bearing2_4,16,16,0.0,PRONOSTIA,"(0.05, 20, 60)"
S3_units,Bearing2_4,16,16,0.0,PRONOSTIA,"(0.05, 20, 60)"
S3_units,Bearing2_4,16,16,0.08108108108108109,PRONOSTIA,"(0.05, 20, 60)"
S3_units,Bearing2_4,16,16,0.0,PRONOSTIA,"(0.05, 20, 60)"
S3_units,Bearing2_4,16,16,0.0,PRONOSTIA,"(0.05, 20, 60)"
S3_units,Bearing2_5,20,1,0.0,PRONOSTIA,"(0.05, 20, 60)"
S3_units,Bearing2_5,20,1,0.05,PRONOSTIA,"(0.05, 20, 60)"
S3_units,Bearing2_5,20,1,0.0,PRONOSTIA,"(0.05, 20, 60)"
S3_units,Bearing2_5,20,1,0.0,PRONOSTIA,"(0.05, 20, 60)"
S3_units,Bearing2_5,20,1,0.0,PRONOSTIA,"(0.05, 20, 60)"
S3_units,Bearing2_5,20,1,0.5833333333333334,PRONOSTIA,"(0.05, 20, 60)"
S3_units,Bearing2_5,20,1,0.0,PRONOSTIA,"(0.05, 20, 60)"
S3_units,Bearing2_5,20,1,0.0,PRONOSTIA,"(0.05, 20, 60)"
S3_units,Bearing2_5,20,1,0.4666666666666667,PRONOSTIA,"(0.05, 20, 60)"
S3_units,Bearing2_5,20,1,0.9,PRONOSTIA,"(0.05, 20, 60)"
S3_units,Bearing2_5,20,1,0.18333333333333332,PRONOSTIA,"(0.05, 20, 60)"
S3_units,Bearing2_5,20,1,0.2833333333333333,PRONOSTIA,"(0.05, 20, 60)"
S3_units,Bearing2_5,20,1,0.06666666666666667,PRONOSTIA,"(0.05, 20, 60)"
S3_units,Bearing2_5,20,1,0.0,PRONOSTIA,"(0.05, 20, 60)"
S3_units,Bearing2_5,20,1,0.6166666666666667,PRONOSTIA,"(0.05, 20, 60)"
S3_units,Bearing2_5,20,1,0.38333333333333336,PRONOSTIA,"(0.05, 20, 60)"
S3_units,Bearing2_5,20,1,0.38333333333333336,PRONOSTIA,"(0.05, 20, 60)"
S3_units,Bearing2_5,20,1,0.05,PRONOSTIA,"(0.05, 20, 60)"
S3_units,Bearing2_5,20,1,0.0,PRONOSTIA,"(0.05, 20, 60)"
S3_units,Bearing2_5,20,1,0.0,PRONOSTIA,"(0.05, 20, 60)"
S3_units,Bearing2_5,20,1,0.4166666666666667,PRONOSTIA,"(0.05, 20, 60)"
S3_units,Bearing2_5,20,1,0.0,PRONOSTIA,"(0.05, 20, 60)"
S3_units,Bearing2_5,20,1,0.03333333333333333,PRONOSTIA,"(0.05, 20, 60)"
S3_units,Bearing2_5,20,1,0.0,PRONOSTIA,"(0.05, 20, 60)"
S3_units,Bearing2_5,20,1,0.0,PRONOSTIA,"(0.05, 20, 60)"
S3_units,Bearing2_5,20,1,0.05,PRONOSTIA,"(0.05, 20, 60)"
S3_units,Bearing2_5,20,1,0.0,PRONOSTIA,"(0.05, 20, 60)"
S3_units,Bearing2_5,20,1,0.05,PRONOSTIA,"(0.05, 20, 60)"
S3_units,Bearing2_5,20,1,0.6,PRONOSTIA,"(0.05, 20, 60)"
S3_units,Bearing2_5,20,1,0.0,PRONOSTIA,"(0.05, 20, 60)"
S3_units,Bearing2_5,16,16,0.05,PRONOSTIA,"(0.05, 20, 60)"
S3_units,Bearing2_5,16,16,0.0,PRONOSTIA,"(0.05, 20, 60)"
S3_units,Bearing2_5,16,16,0.05,PRONOSTIA,"(0.05, 20, 60)"
S3_units,Bearing2_5,16,16,0.03333333333333333,PRONOSTIA,"(0.05, 20, 60)"
S3_units,Bearing2_5,16,16,0.016666666666666666,PRONOSTIA,"(0.05, 20, 60)"
S3_units,Bearing2_5,16,16,0.05,PRONOSTIA,"(0.05, 20, 60)"
S3_units,Bearing2_5,16,16,0.016666666666666666,PRONOSTIA,"(0.05, 20, 60)"
S3_units,Bearing2_5,16,16,0.03333333333333333,PRONOSTIA,"(0.05, 20, 60)"
S3_units,Bearing2_5,16,16,0.05,PRONOSTIA,"(0.05, 20, 60)"
S3_units,Bearing2_5,16,16,0.0,PRONOSTIA,"(0.05, 20, 60)"
S3_units,Bearing2_5,16,16,0.5333333333333333,PRONOSTIA,"(0.05, 20, 60)"
S3_units,Bearing2_5,16,16,0.18333333333333332,PRONOSTIA,"(0.05, 20, 60)"
S3_units,Bearing2_5,16,16,0.03333333333333333,PRONOSTIA,"(0.05, 20, 60)"
S3_units,Bearing2_5,16,16,0.03333333333333333,PRONOSTIA,"(0.05, 20, 60)"
S3_units,Bearing2_5,16,16,0.18333333333333332,PRONOSTIA,"(0.05, 20, 60)"
S3_units,Bearing2_5,16,16,0.03333333333333333,PRONOSTIA,"(0.05, 20, 60)"
S3_units,Bearing2_5,16,16,0.0,PRONOSTIA,"(0.05, 20, 60)"
S3_units,Bearing2_5,16,16,0.05,PRONOSTIA,"(0.05, 20, 60)"
S3_units,Bearing2_5,16,16,0.7333333333333333,PRONOSTIA,"(0.05, 20, 60)"
S3_units,Bearing2_5,16,16,0.25,PRONOSTIA,"(0.05, 20, 60)"
S3_units,Bearing2_5,16,16,0.0,PRONOSTIA,"(0.05, 20, 60)"
S3_units,Bearing2_5,16,16,0.05,PRONOSTIA,"(0.05, 20, 60)"
S3_units,Bearing2_5,16,16,0.2,PRONOSTIA,"(0.05, 20, 60)"
S3_units,Bearing2_5,16,16,0.05,PRONOSTIA,"(0.05, 20, 60)"
S3_units,Bearing2_5,16,16,0.016666666666666666,PRONOSTIA,"(0.05, 20, 60)"
S3_units,Bearing2_5,16,16,0.0,PRONOSTIA,"(0.05, 20, 60)"
S3_units,Bearing2_5,16,16,0.03333333333333333,PRONOSTIA,"(0.05, 20, 60)"
S3_units,Bearing2_5,16,16,0.43333333333333335,PRONOSTIA,"(0.05, 20, 60)"
S3_units,Bearing2_5,16,16,0.03333333333333333,PRONOSTIA,"(0.05, 20, 60)"
S3_units,Bearing2_5,16,16,0.03333333333333333,PRONOSTIA,"(0.05, 20, 60)"
S3_units,Bearing2_6,20,1,0.0,PRONOSTIA,"(0.05, 20, 60)"
S3_units,Bearing2_6,20,1,0.05714285714285714,PRONOSTIA,"(0.05, 20, 60)"
S3_units,Bearing2_6,20,1,0.0,PRONOSTIA,"(0.05, 20, 60)"
S3_units,Bearing2_6,20,1,0.17142857142857143,PRONOSTIA,"(0.05, 20, 60)"
S3_units,Bearing2_6,20,1,0.5142857142857142,PRONOSTIA,"(0.05, 20, 60)"
S3_units,Bearing2_6,20,1,0.02857142857142857,PRONOSTIA,"(0.05, 20, 60)"
S3_units,Bearing2_6,20,1,0.14285714285714285,PRONOSTIA,"(0.05, 20, 60)"
S3_units,Bearing2_6,20,1,0.0,PRONOSTIA,"(0.05, 20, 60)"
S3_units,Bearing2_6,20,1,0.4,PRONOSTIA,"(0.05, 20, 60)"
S3_units,Bearing2_6,20,1,0.05714285714285714,PRONOSTIA,"(0.05, 20, 60)"
S3_units,Bearing2_6,20,1,0.0,PRONOSTIA,"(0.05, 20, 60)"
S3_units,Bearing2_6,20,1,0.0,PRONOSTIA,"(0.05, 20, 60)"
S3_units,Bearing2_6,20,1,0.6571428571428571,PRONOSTIA,"(0.05, 20, 60)"
S3_units,Bearing2_6,20,1,0.0,PRONOSTIA,"(0.05, 20, 60)"
S3_units,Bearing2_6,20,1,0.22857142857142856,PRONOSTIA,"(0.05, 20, 60)"
S3_units,Bearing2_6,20,1,0.08571428571428572,PRONOSTIA,"(0.05, 20, 60)"
S3_units,Bearing2_6,20,1,0.02857142857142857,PRONOSTIA,"(0.05, 20, 60)"
S3_units,Bearing2_6,20,1,0.05714285714285714,PRONOSTIA,"(0.05, 20, 60)"
S3_units,Bearing2_6,20,1,0.0,PRONOSTIA,"(0.05, 20, 60)"
S3_units,Bearing2_6,20,1,0.0,PRONOSTIA,"(0.05, 20, 60)"
S3_units,Bearing2_6,20,1,0.05714285714285714,PRONOSTIA,"(0.05, 20, 60)"
S3_units,Bearing2_6,20,1,0.0,PRONOSTIA,"(0.05, 20, 60)"
S3_units,Bearing2_6,20,1,0.0,PRONOSTIA,"(0.05, 20, 60)"
S3_units,Bearing2_6,20,1,0.0,PRONOSTIA,"(0.05, 20, 60)"
S3_units,Bearing2_6,20,1,0.02857142857142857,PRONOSTIA,"(0.05, 20, 60)"
S3_units,Bearing2_6,20,1,0.0,PRONOSTIA,"(0.05, 20, 60)"
S3_units,Bearing2_6,20,1,0.0,PRONOSTIA,"(0.05, 20, 60)"
S3_units,Bearing2_6,20,1,0.0,PRONOSTIA,"(0.05, 20, 60)"
S3_units,Bearing2_6,20,1,0.08571428571428572,PRONOSTIA,"(0.05, 20, 60)"
S3_units,Bearing2_6,20,1,0.08571428571428572,PRONOSTIA,"(0.05, 20, 60)"
S3_units,Bearing2_6,16,16,0.0,PRONOSTIA,"(0.05, 20, 60)"
S3_units,Bearing2_6,16,16,0.0,PRONOSTIA,"(0.05, 20, 60)"
S3_units,Bearing2_6,16,16,0.0,PRONOSTIA,"(0.05, 20, 60)"
S3_units,Bearing2_6,16,16,0.0,PRONOSTIA,"(0.05, 20, 60)"
S3_units,Bearing2_6,16,16,0.0,PRONOSTIA,"(0.05, 20, 60)"
S3_units,Bearing2_6,16,16,0.02857142857142857,PRONOSTIA,"(0.05, 20, 60)"
S3_units,Bearing2_6,16,16,0.0,PRONOSTIA,"(0.05, 20, 60)"
S3_units,Bearing2_6,16,16,0.0,PRONOSTIA,"(0.05, 20, 60)"
S3_units,Bearing2_6,16,16,0.0,PRONOSTIA,"(0.05, 20, 60)"
S3_units,Bearing2_6,16,16,0.02857142857142857,PRONOSTIA,"(0.05, 20, 60)"
S3_units,Bearing2_6,16,16,0.0,PRONOSTIA,"(0.05, 20, 60)"
S3_units,Bearing2_6,16,16,0.0,PRONOSTIA,"(0.05, 20, 60)"
S3_units,Bearing2_6,16,16,0.0,PRONOSTIA,"(0.05, 20, 60)"
S3_units,Bearing2_6,16,16,0.0,PRONOSTIA,"(0.05, 20, 60)"
S3_units,Bearing2_6,16,16,0.0,PRONOSTIA,"(0.05, 20, 60)"
S3_units,Bearing2_6,16,16,0.0,PRONOSTIA,"(0.05, 20, 60)"
S3_units,Bearing2_6,16,16,0.0,PRONOSTIA,"(0.05, 20, 60)"
S3_units,Bearing2_6,16,16,0.0,PRONOSTIA,"(0.05, 20, 60)"
S3_units,Bearing2_6,16,16,0.0,PRONOSTIA,"(0.05, 20, 60)"
S3_units,Bearing2_6,16,16,0.0,PRONOSTIA,"(0.05, 20, 60)"
S3_units,Bearing2_6,16,16,0.0,PRONOSTIA,"(0.05, 20, 60)"
S3_units,Bearing2_6,16,16,0.0,PRONOSTIA,"(0.05, 20, 60)"
S3_units,Bearing2_6,16,16,0.0,PRONOSTIA,"(0.05, 20, 60)"
S3_units,Bearing2_6,16,16,0.0,PRONOSTIA,"(0.05, 20, 60)"
S3_units,Bearing2_6,16,16,0.02857142857142857,PRONOSTIA,"(0.05, 20, 60)"
S3_units,Bearing2_6,16,16,0.0,PRONOSTIA,"(0.05, 20, 60)"
S3_units,Bearing2_6,16,16,0.0,PRONOSTIA,"(0.05, 20, 60)"
S3_units,Bearing2_6,16,16,0.0,PRONOSTIA,"(0.05, 20, 60)"
S3_units,Bearing2_6,16,16,0.0,PRONOSTIA,"(0.05, 20, 60)"
S3_units,Bearing2_6,16,16,0.0,PRONOSTIA,"(0.05, 20, 60)"
S3_units,Bearing2_7,20,1,0.0,PRONOSTIA,"(0.05, 20, 60)"
S3_units,Bearing2_7,20,1,0.2,PRONOSTIA,"(0.05, 20, 60)"
S3_units,Bearing2_7,20,1,0.15,PRONOSTIA,"(0.05, 20, 60)"
S3_units,Bearing2_7,20,1,0.35,PRONOSTIA,"(0.05, 20, 60)"
S3_units,Bearing2_7,20,1,0.4,PRONOSTIA,"(0.05, 20, 60)"
S3_units,Bearing2_7,20,1,0.25,PRONOSTIA,"(0.05, 20, 60)"
S3_units,Bearing2_7,20,1,0.0,PRONOSTIA,"(0.05, 20, 60)"
S3_units,Bearing2_7,20,1,0.05,PRONOSTIA,"(0.05, 20, 60)"
S3_units,Bearing2_7,20,1,0.0,PRONOSTIA,"(0.05, 20, 60)"
S3_units,Bearing2_7,20,1,0.0,PRONOSTIA,"(0.05, 20, 60)"
S3_units,Bearing2_7,20,1,0.0,PRONOSTIA,"(0.05, 20, 60)"
S3_units,Bearing2_7,20,1,0.0,PRONOSTIA,"(0.05, 20, 60)"
S3_units,Bearing2_7,20,1,0.55,PRONOSTIA,"(0.05, 20, 60)"
S3_units,Bearing2_7,20,1,0.0,PRONOSTIA,"(0.05, 20, 60)"
S3_units,Bearing2_7,20,1,0.0,PRONOSTIA,"(0.05, 20, 60)"
S3_units,Bearing2_7,20,1,0.1,PRONOSTIA,"(0.05, 20, 60)"
S3_units,Bearing2_7,20,1,0.45,PRONOSTIA,"(0.05, 20, 60)"
S3_units,Bearing2_7,20,1,0.45,PRONOSTIA,"(0.05, 20, 60)"
S3_units,Bearing2_7,20,1,0.35,PRONOSTIA,"(0.05, 20, 60)"
S3_units,Bearing2_7,20,1,0.05,PRONOSTIA,"(0.05, 20, 60)"
S3_units,Bearing2_7,20,1,0.35,PRONOSTIA,"(0.05, 20, 60)"
S3_units,Bearing2_7,20,1,0.55,PRONOSTIA,"(0.05, 20, 60)"
S3_units,Bearing2_7,20,1,0.0,PRONOSTIA,"(0.05, 20, 60)"
S3_units,Bearing2_7,20,1,0.25,PRONOSTIA,"(0.05, 20, 60)"
S3_units,Bearing2_7,20,1,0.0,PRONOSTIA,"(0.05, 20, 60)"
S3_units,Bearing2_7,20,1,0.2,PRONOSTIA,"(0.05, 20, 60)"
S3_units,Bearing2_7,20,1,0.5,PRONOSTIA,"(0.05, 20, 60)"
S3_units,Bearing2_7,20,1,0.2,PRONOSTIA,"(0.05, 20, 60)"
S3_units,Bearing2_7,20,1,0.0,PRONOSTIA,"(0.05, 20, 60)"
S3_units,Bearing2_7,20,1,0.0,PRONOSTIA,"(0.05, 20, 60)"
S3_units,Bearing2_7,16,16,0.0,PRONOSTIA,"(0.05, 20, 60)"
S3_units,Bearing2_7,16,16,0.0,PRONOSTIA,"(0.05, 20, 60)"
S3_units,Bearing2_7,16,16,0.0,PRONOSTIA,"(0.05, 20, 60)"
S3_units,Bearing2_7,16,16,0.0,PRONOSTIA,"(0.05, 20, 60)"
S3_units,Bearing2_7,16,16,0.0,PRONOSTIA,"(0.05, 20, 60)"
S3_units,Bearing2_7,16,16,0.0,PRONOSTIA,"(0.05, 20, 60)"
S3_units,Bearing2_7,16,16,0.0,PRONOSTIA,"(0.05, 20, 60)"
S3_units,Bearing2_7,16,16,0.0,PRONOSTIA,"(0.05, 20, 60)"
S3_units,Bearing2_7,16,16,0.0,PRONOSTIA,"(0.05, 20, 60)"
S3_units,Bearing2_7,16,16,0.0,PRONOSTIA,"(0.05, 20, 60)"
S3_units,Bearing2_7,16,16,0.0,PRONOSTIA,"(0.05, 20, 60)"
S3_units,Bearing2_7,16,16,0.0,PRONOSTIA,"(0.05, 20, 60)"
S3_units,Bearing2_7,16,16,0.0,PRONOSTIA,"(0.05, 20, 60)"
S3_units,Bearing2_7,16,16,0.0,PRONOSTIA,"(0.05, 20, 60)"
S3_units,Bearing2_7,16,16,0.0,PRONOSTIA,"(0.05, 20, 60)"
S3_units,Bearing2_7,16,16,0.0,PRONOSTIA,"(0.05, 20, 60)"
S3_units,Bearing2_7,16,16,0.0,PRONOSTIA,"(0.05, 20, 60)"
S3_units,Bearing2_7,16,16,0.0,PRONOSTIA,"(0.05, 20, 60)"
S3_units,Bearing2_7,16,16,0.0,PRONOSTIA,"(0.05, 20, 60)"
S3_units,Bearing2_7,16,16,0.0,PRONOSTIA,"(0.05, 20, 60)"
S3_units,Bearing2_7,16,16,0.0,PRONOSTIA,"(0.05, 20, 60)"
S3_units,Bearing2_7,16,16,0.0,PRONOSTIA,"(0.05, 20, 60)"
S3_units,Bearing2_7,16,16,0.0,PRONOSTIA,"(0.05, 20, 60)"
S3_units,Bearing2_7,16,16,0.0,PRONOSTIA,"(0.05, 20, 60)"
S3_units,Bearing2_7,16,16,0.0,PRONOSTIA,"(0.05, 20, 60)"
S3_units,Bearing2_7,16,16,0.0,PRONOSTIA,"(0.05, 20, 60)"
S3_units,Bearing2_7,16,16,0.0,PRONOSTIA,"(0.05, 20, 60)"
S3_units,Bearing2_7,16,16,0.0,PRONOSTIA,"(0.05, 20, 60)"
S3_units,Bearing2_7,16,16,0.0,PRONOSTIA,"(0.05, 20, 60)"
S3_units,Bearing2_7,16,16,0.0,PRONOSTIA,"(0.05, 20, 60)"
S3_units,Bearing3_1,20,1,0.0,PRONOSTIA,"(0.05, 20, 60)"
S3_units,Bearing3_1,20,1,0.56,PRONOSTIA,"(0.05, 20, 60)"
S3_units,Bearing3_1,20,1,0.28,PRONOSTIA,"(0.05, 20, 60)"
S3_units,Bearing3_1,20,1,0.0,PRONOSTIA,"(0.05, 20, 60)"
S3_units,Bearing3_1,20,1,0.48,PRONOSTIA,"(0.05, 20, 60)"
S3_units,Bearing3_1,20,1,0.2,PRONOSTIA,"(0.05, 20, 60)"
S3_units,Bearing3_1,20,1,0.92,PRONOSTIA,"(0.05, 20, 60)"
S3_units,Bearing3_1,20,1,0.0,PRONOSTIA,"(0.05, 20, 60)"
S3_units,Bearing3_1,20,1,0.36,PRONOSTIA,"(0.05, 20, 60)"
S3_units,Bearing3_1,20,1,0.04,PRONOSTIA,"(0.05, 20, 60)"
S3_units,Bearing3_1,20,1,0.44,PRONOSTIA,"(0.05, 20, 60)"
S3_units,Bearing3_1,20,1,0.08,PRONOSTIA,"(0.05, 20, 60)"
S3_units,Bearing3_1,20,1,0.0,PRONOSTIA,"(0.05, 20, 60)"
S3_units,Bearing3_1,20,1,0.24,PRONOSTIA,"(0.05, 20, 60)"
S3_units,Bearing3_1,20,1,0.32,PRONOSTIA,"(0.05, 20, 60)"
S3_units,Bearing3_1,20,1,0.2,PRONOSTIA,"(0.05, 20, 60)"
S3_units,Bearing3_1,20,1,0.04,PRONOSTIA,"(0.05, 20, 60)"
S3_units,Bearing3_1,20,1,0.24,PRONOSTIA,"(0.05, 20, 60)"
S3_units,Bearing3_1,20,1,0.32,PRONOSTIA,"(0.05, 20, 60)"
S3_units,Bearing3_1,20,1,0.92,PRONOSTIA,"(0.05, 20, 60)"
S3_units,Bearing3_1,20,1,0.04,PRONOSTIA,"(0.05, 20, 60)"
S3_units,Bearing3_1,20,1,0.0,PRONOSTIA,"(0.05, 20, 60)"
S3_units,Bearing3_1,20,1,0.2,PRONOSTIA,"(0.05, 20, 60)"
S3_units,Bearing3_1,20,1,0.36,PRONOSTIA,"(0.05, 20, 60)"
S3_units,Bearing3_1,20,1,0.04,PRONOSTIA,"(0.05, 20, 60)"
S3_units,Bearing3_1,20,1,0.0,PRONOSTIA,"(0.05, 20, 60)"
S3_units,Bearing3_1,20,1,0.0,PRONOSTIA,"(0.05, 20, 60)"
S3_units,Bearing3_1,20,1,0.0,PRONOSTIA,"(0.05, 20, 60)"
S3_units,Bearing3_1,20,1,0.8,PRONOSTIA,"(0.05, 20, 60)"
S3_units,Bearing3_1,20,1,0.28,PRONOSTIA,"(0.05, 20, 60)"
S3_units,Bearing3_1,16,16,0.0,PRONOSTIA,"(0.05, 20, 60)"
S3_units,Bearing3_1,16,16,0.0,PRONOSTIA,"(0.05, 20, 60)"
S3_units,Bearing3_1,16,16,0.24,PRONOSTIA,"(0.05, 20, 60)"
S3_units,Bearing3_1,16,16,0.2,PRONOSTIA,"(0.05, 20, 60)"
S3_units,Bearing3_1,16,16,0.28,PRONOSTIA,"(0.05, 20, 60)"
S3_units,Bearing3_1,16,16,0.08,PRONOSTIA,"(0.05, 20, 60)"
S3_units,Bearing3_1,16,16,0.04,PRONOSTIA,"(0.05, 20, 60)"
S3_units,Bearing3_1,16,16,0.04,PRONOSTIA,"(0.05, 20, 60)"
S3_units,Bearing3_1,16,16,0.12,PRONOSTIA,"(0.05, 20, 60)"
S3_units,Bearing3_1,16,16,0.04,PRONOSTIA,"(0.05, 20, 60)"
S3_units,Bearing3_1,16,16,0.2,PRONOSTIA,"(0.05, 20, 60)"
S3_units,Bearing3_1,16,16,0.16,PRONOSTIA,"(0.05, 20, 60)"
S3_units,Bearing3_1,16,16,0.04,PRONOSTIA,"(0.05, 20, 60)"
S3_units,Bearing3_1,16,16,0.0,PRONOSTIA,"(0.05, 20, 60)"
S3_units,Bearing3_1,16,16,0.0,PRONOSTIA,"(0.05, 20, 60)"
S3_units,Bearing3_1,16,16,0.0,PRONOSTIA,"(0.05, 20, 60)"
S3_units,Bearing3_1,16,16,0.04,PRONOSTIA,"(0.05, 20, 60)"
S3_units,Bearing3_1,16,16,0.04,PRONOSTIA,"(0.05, 20, 60)"
S3_units,Bearing3_1,16,16,0.04,PRONOSTIA,"(0.05, 20, 60)"
S3_units,Bearing3_1,16,16,0.04,PRONOSTIA,"(0.05, 20, 60)"
S3_units,Bearing3_1,16,16,0.04,PRONOSTIA,"(0.05, 20, 60)"
S3_units,Bearing3_1,16,16,0.0,PRONOSTIA,"(0.05, 20, 60)"
S3_units,Bearing3_1,16,16,0.04,PRONOSTIA,"(0.05, 20, 60)"
S3_units,Bearing3_1,16,16,0.0,PRONOSTIA,"(0.05, 20, 60)"
S3_units,Bearing3_1,16,16,0.0,PRONOSTIA,"(0.05, 20, 60)"
S3_units,Bearing3_1,16,16,0.04,PRONOSTIA,"(0.05, 20, 60)"
S3_units,Bearing3_1,16,16,0.0,PRONOSTIA,"(0.05, 20, 60)"
S3_units,Bearing3_1,16,16,0.2,PRONOSTIA,"(0.05, 20, 60)"
S3_units,Bearing3_1,16,16,0.12,PRONOSTIA,"(0.05, 20, 60)"
S3_units,Bearing3_1,16,16,0.0,PRONOSTIA,"(0.05, 20, 60)"
S3_units,Bearing3_2,20,1,0.0,PRONOSTIA,"(0.05, 20, 60)"
S3_units,Bearing3_2,20,1,0.0,PRONOSTIA,"(0.05, 20, 60)"
S3_units,Bearing3_2,20,1,0.0,PRONOSTIA,"(0.05, 20, 60)"
S3_units,Bearing3_2,20,1,0.0,PRONOSTIA,"(0.05, 20, 60)"
S3_units,Bearing3_2,20,1,0.38333333333333336,PRONOSTIA,"(0.05, 20, 60)"
S3_units,Bearing3_2,20,1,0.15,PRONOSTIA,"(0.05, 20, 60)"
S3_units,Bearing3_2,20,1,0.2,PRONOSTIA,"(0.05, 20, 60)"
S3_units,Bearing3_2,20,1,0.0,PRONOSTIA,"(0.05, 20, 60)"
S3_units,Bearing3_2,20,1,0.0,PRONOSTIA,"(0.05, 20, 60)"
S3_units,Bearing3_2,20,1,0.016666666666666666,PRONOSTIA,"(0.05, 20, 60)"
S3_units,Bearing3_2,20,1,0.11666666666666667,PRONOSTIA,"(0.05, 20, 60)"
S3_units,Bearing3_2,20,1,0.11666666666666667,PRONOSTIA,"(0.05, 20, 60)"
S3_units,Bearing3_2,20,1,0.0,PRONOSTIA,"(0.05, 20, 60)"
S3_units,Bearing3_2,20,1,0.26666666666666666,PRONOSTIA,"(0.05, 20, 60)"
S3_units,Bearing3_2,20,1,0.7833333333333333,PRONOSTIA,"(0.05, 20, 60)"
S3_units,Bearing3_2,20,1,0.0,PRONOSTIA,"(0.05, 20, 60)"
S3_units,Bearing3_2,20,1,0.36666666666666664,PRONOSTIA,"(0.05, 20, 60)"
S3_units,Bearing3_2,20,1,0.016666666666666666,PRONOSTIA,"(0.05, 20, 60)"
S3_units,Bearing3_2,20,1,0.0,PRONOSTIA,"(0.05, 20, 60)"
S3_units,Bearing3_2,20,1,0.0,PRONOSTIA,"(0.05, 20, 60)"
S3_units,Bearing3_2,20,1,0.06666666666666667,PRONOSTIA,"(0.05, 20, 60)"
S3_units,Bearing3_2,20,1,0.0,PRONOSTIA,"(0.05, 20, 60)"
S3_units,Bearing3_2,20,1,0.0,PRONOSTIA,"(0.05, 20, 60)"
S3_units,Bearing3_2,20,1,0.55,PRONOSTIA,"(0.05, 20, 60)"
S3_units,Bearing3_2,20,1,0.13333333333333333,PRONOSTIA,"(0.05, 20, 60)"
S3_units,Bearing3_2,20,1,0.0,PRONOSTIA,"(0.05, 20, 60)"
S3_units,Bearing3_2,20,1,0.0,PRONOSTIA,"(0.05, 20, 60)"
S3_units,Bearing3_2,20,1,0.0,PRONOSTIA,"(0.05, 20, 60)"
S3_units,Bearing3_2,20,1,0.65,PRONOSTIA,"(0.05, 20, 60)"
S3_units,Bearing3_2,20,1,0.0,PRONOSTIA,"(0.05, 20, 60)"
S3_units,Bearing3_2,16,16,0.0,PRONOSTIA,"(0.05, 20, 60)"
S3_units,Bearing3_2,16,16,0.0,PRONOSTIA,"(0.05, 20, 60)"
S3_units,Bearing3_2,16,16,0.0,PRONOSTIA,"(0.05, 20, 60)"
S3_units,Bearing3_2,16,16,0.0,PRONOSTIA,"(0.05, 20, 60)"
S3_units,Bearing3_2,16,16,0.0,PRONOSTIA,"(0.05, 20, 60)"
S3_units,Bearing3_2,16,16,0.0,PRONOSTIA,"(0.05, 20, 60)"
S3_units,Bearing3_2,16,16,0.0,PRONOSTIA,"(0.05, 20, 60)"
S3_units,Bearing3_2,16,16,0.0,PRONOSTIA,"(0.05, 20, 60)"
S3_units,Bearing3_2,16,16,0.08333333333333333,PRONOSTIA,"(0.05, 20, 60)"
S3_units,Bearing3_2,16,16,0.016666666666666666,PRONOSTIA,"(0.05, 20, 60)"
S3_units,Bearing3_2,16,16,0.05,PRONOSTIA,"(0.05, 20, 60)"
S3_units,Bearing3_2,16,16,0.0,PRONOSTIA,"(0.05, 20, 60)"
S3_units,Bearing3_2,16,16,0.0,PRONOSTIA,"(0.05, 20, 60)"
S3_units,Bearing3_2,16,16,0.0,PRONOSTIA,"(0.05, 20, 60)"
S3_units,Bearing3_2,16,16,0.0,PRONOSTIA,"(0.05, 20, 60)"
S3_units,Bearing3_2,16,16,0.0,PRONOSTIA,"(0.05, 20, 60)"
S3_units,Bearing3_2,16,16,0.0,PRONOSTIA,"(0.05, 20, 60)"
S3_units,Bearing3_2,16,16,0.0,PRONOSTIA,"(0.05, 20, 60)"
S3_units,Bearing3_2,16,16,0.0,PRONOSTIA,"(0.05, 20, 60)"
S3_units,Bearing3_2,16,16,0.0,PRONOSTIA,"(0.05, 20, 60)"
S3_units,Bearing3_2,16,16,0.0,PRONOSTIA,"(0.05, 20, 60)"
S3_units,Bearing3_2,16,16,0.0,PRONOSTIA,"(0.05, 20, 60)"
S3_units,Bearing3_2,16,16,0.0,PRONOSTIA,"(0.05, 20, 60)"
S3_units,Bearing3_2,16,16,0.0,PRONOSTIA,"(0.05, 20, 60)"
S3_units,Bearing3_2,16,16,0.0,PRONOSTIA,"(0.05, 20, 60)"
S3_units,Bearing3_2,16,16,0.03333333333333333,PRONOSTIA,"(0.05, 20, 60)"
S3_units,Bearing3_2,16,16,0.0,PRONOSTIA,"(0.05, 20, 60)"
S3_units,Bearing3_2,16,16,0.0,PRONOSTIA,"(0.05, 20, 60)"
S3_units,Bearing3_2,16,16,0.0,PRONOSTIA,"(0.05, 20, 60)"
S3_units,Bearing3_2,16,16,0.0,PRONOSTIA,"(0.05, 20, 60)"
S3_units,Bearing3_3,20,1,0.23809523809523808,PRONOSTIA,"(0.05, 20, 60)"
S3_units,Bearing3_3,20,1,0.0,PRONOSTIA,"(0.05, 20, 60)"
S3_units,Bearing3_3,20,1,0.0,PRONOSTIA,"(0.05, 20, 60)"
S3_units,Bearing3_3,20,1,0.6190476190476191,PRONOSTIA,"(0.05, 20, 60)"
S3_units,Bearing3_3,20,1,0.0,PRONOSTIA,"(0.05, 20, 60)"
S3_units,Bearing3_3,20,1,0.0,PRONOSTIA,"(0.05, 20, 60)"
S3_units,Bearing3_3,20,1,0.0,PRONOSTIA,"(0.05, 20, 60)"
S3_units,Bearing3_3,20,1,0.0,PRONOSTIA,"(0.05, 20, 60)"
S3_units,Bearing3_3,20,1,0.0,PRONOSTIA,"(0.05, 20, 60)"
S3_units,Bearing3_3,20,1,0.0,PRONOSTIA,"(0.05, 20, 60)"
S3_units,Bearing3_3,20,1,0.8095238095238095,PRONOSTIA,"(0.05, 20, 60)"
S3_units,Bearing3_3,20,1,0.14285714285714285,PRONOSTIA,"(0.05, 20, 60)"
S3_units,Bearing3_3,20,1,0.47619047619047616,PRONOSTIA,"(0.05, 20, 60)"
S3_units,Bearing3_3,20,1,0.0,PRONOSTIA,"(0.05, 20, 60)"
S3_units,Bearing3_3,20,1,0.0,PRONOSTIA,"(0.05, 20, 60)"
S3_units,Bearing3_3,20,1,0.47619047619047616,PRONOSTIA,"(0.05, 20, 60)"
S3_units,Bearing3_3,20,1,0.0,PRONOSTIA,"(0.05, 20, 60)"
S3_units,Bearing3_3,20,1,0.0,PRONOSTIA,"(0.05, 20, 60)"
S3_units,Bearing3_3,20,1,0.0,PRONOSTIA,"(0.05, 20, 60)"
S3_units,Bearing3_3,20,1,1.0,PRONOSTIA,"(0.05, 20, 60)"
S3_units,Bearing3_3,20,1,0.0,PRONOSTIA,"(0.05, 20, 60)"
S3_units,Bearing3_3,20,1,0.0,PRONOSTIA,"(0.05, 20, 60)"
S3_units,Bearing3_3,20,1,0.09523809523809523,PRONOSTIA,"(0.05, 20, 60)"
S3_units,Bearing3_3,20,1,0.5238095238095238,PRONOSTIA,"(0.05, 20, 60)"
S3_units,Bearing3_3,20,1,0.0,PRONOSTIA,"(0.05, 20, 60)"
S3_units,Bearing3_3,20,1,0.0,PRONOSTIA,"(0.05, 20, 60)"
S3_units,Bearing3_3,20,1,0.0,PRONOSTIA,"(0.05, 20, 60)"
S3_units,Bearing3_3,20,1,0.0,PRONOSTIA,"(0.05, 20, 60)"
S3_units,Bearing3_3,20,1,0.0,PRONOSTIA,"(0.05, 20, 60)"
S3_units,Bearing3_3,20,1,0.5714285714285714,PRONOSTIA,"(0.05, 20, 60)"
S3_units,Bearing3_3,16,16,0.0,PRONOSTIA,"(0.05, 20, 60)"
S3_units,Bearing3_3,16,16,0.0,PRONOSTIA,"(0.05, 20, 60)"
S3_units,Bearing3_3,16,16,0.0,PRONOSTIA,"(0.05, 20, 60)"
S3_units,Bearing3_3,16,16,0.0,PRONOSTIA,"(0.05, 20, 60)"
S3_units,Bearing3_3,16,16,0.0,PRONOSTIA,"(0.05, 20, 60)"
S3_units,Bearing3_3,16,16,0.0,PRONOSTIA,"(0.05, 20, 60)"
S3_units,Bearing3_3,16,16,0.0,PRONOSTIA,"(0.05, 20, 60)"
S3_units,Bearing3_3,16,16,0.0,PRONOSTIA,"(0.05, 20, 60)"
S3_units,Bearing3_3,16,16,0.0,PRONOSTIA,"(0.05, 20, 60)"
S3_units,Bearing3_3,16,16,0.0,PRONOSTIA,"(0.05, 20, 60)"
S3_units,Bearing3_3,16,16,0.0,PRONOSTIA,"(0.05, 20, 60)"
S3_units,Bearing3_3,16,16,0.0,PRONOSTIA,"(0.05, 20, 60)"
S3_units,Bearing3_3,16,16,0.0,PRONOSTIA,"(0.05, 20, 60)"
S3_units,Bearing3_3,16,16,0.0,PRONOSTIA,"(0.05, 20, 60)"
S3_units,Bearing3_3,16,16,0.0,PRONOSTIA,"(0.05, 20, 60)"
S3_units,Bearing3_3,16,16,0.0,PRONOSTIA,"(0.05, 20, 60)"
S3_units,Bearing3_3,16,16,0.0,PRONOSTIA,"(0.05, 20, 60)"
S3_units,Bearing3_3,16,16,0.0,PRONOSTIA,"(0.05, 20, 60)"
S3_units,Bearing3_3,16,16,0.0,PRONOSTIA,"(0.05, 20, 60)"
S3_units,Bearing3_3,16,16,0.0,PRONOSTIA,"(0.05, 20, 60)"
S3_units,Bearing3_3,16,16,0.0,PRONOSTIA,"(0.05, 20, 60)"
S3_units,Bearing3_3,16,16,0.0,PRONOSTIA,"(0.05, 20, 60)"
S3_units,Bearing3_3,16,16,0.0,PRONOSTIA,"(0.05, 20, 60)"
S3_units,Bearing3_3,16,16,0.0,PRONOSTIA,"(0.05, 20, 60)"
S3_units,Bearing3_3,16,16,0.0,PRONOSTIA,"(0.05, 20, 60)"
S3_units,Bearing3_3,16,16,0.047619047619047616,PRONOSTIA,"(0.05, 20, 60)"
S3_units,Bearing3_3,16,16,0.0,PRONOSTIA,"(0.05, 20, 60)"
S3_units,Bearing3_3,16,16,0.0,PRONOSTIA,"(0.05, 20, 60)"
S3_units,Bearing3_3,16,16,0.0,PRONOSTIA,"(0.05, 20, 60)"
S3_units,Bearing3_3,16,16,0.0,PRONOSTIA,"(0.05, 20, 60)"
S3_units,Bearing1_1,20,1,0.95,XJTU-SY,"(0.05, 20, 60)"
S3_units,Bearing1_1,20,1,0.9,XJTU-SY,"(0.05, 20, 60)"
S3_units,Bearing1_1,20,1,0.75,XJTU-SY,"(0.05, 20, 60)"
S3_units,Bearing1_1,20,1,0.55,XJTU-SY,"(0.05, 20, 60)"
S3_units,Bearing1_1,20,1,0.9,XJTU-SY,"(0.05, 20, 60)"
S3_units,Bearing1_1,20,1,0.95,XJTU-SY,"(0.05, 20, 60)"
S3_units,Bearing1_1,20,1,0.65,XJTU-SY,"(0.05, 20, 60)"
S3_units,Bearing1_1,20,1,1.0,XJTU-SY,"(0.05, 20, 60)"
S3_units,Bearing1_1,20,1,0.45,XJTU-SY,"(0.05, 20, 60)"
S3_units,Bearing1_1,20,1,1.0,XJTU-SY,"(0.05, 20, 60)"
S3_units,Bearing1_1,20,1,1.0,XJTU-SY,"(0.05, 20, 60)"
S3_units,Bearing1_1,20,1,0.5,XJTU-SY,"(0.05, 20, 60)"
S3_units,Bearing1_1,20,1,0.95,XJTU-SY,"(0.05, 20, 60)"
S3_units,Bearing1_1,20,1,0.95,XJTU-SY,"(0.05, 20, 60)"
S3_units,Bearing1_1,20,1,0.45,XJTU-SY,"(0.05, 20, 60)"
S3_units,Bearing1_1,20,1,1.0,XJTU-SY,"(0.05, 20, 60)"
S3_units,Bearing1_1,20,1,1.0,XJTU-SY,"(0.05, 20, 60)"
S3_units,Bearing1_1,20,1,0.0,XJTU-SY,"(0.05, 20, 60)"
S3_units,Bearing1_1,20,1,0.05,XJTU-SY,"(0.05, 20, 60)"
S3_units,Bearing1_1,20,1,0.9,XJTU-SY,"(0.05, 20, 60)"
S3_units,Bearing1_1,20,1,0.95,XJTU-SY,"(0.05, 20, 60)"
S3_units,Bearing1_1,20,1,0.8,XJTU-SY,"(0.05, 20, 60)"
S3_units,Bearing1_1,20,1,0.0,XJTU-SY,"(0.05, 20, 60)"
S3_units,Bearing1_1,20,1,0.75,XJTU-SY,"(0.05, 20, 60)"
S3_units,Bearing1_1,20,1,0.65,XJTU-SY,"(0.05, 20, 60)"
S3_units,Bearing1_1,20,1,0.65,XJTU-SY,"(0.05, 20, 60)"
S3_units,Bearing1_1,20,1,0.55,XJTU-SY,"(0.05, 20, 60)"
S3_units,Bearing1_1,20,1,1.0,XJTU-SY,"(0.05, 20, 60)"
S3_units,Bearing1_1,20,1,0.9,XJTU-SY,"(0.05, 20, 60)"
S3_units,Bearing1_1,20,1,1.0,XJTU-SY,"(0.05, 20, 60)"
S3_units,Bearing1_1,12,12,0.4,XJTU-SY,"(0.05, 20, 60)"
S3_units,Bearing1_1,12,12,0.45,XJTU-SY,"(0.05, 20, 60)"
S3_units,Bearing1_1,12,12,0.5,XJTU-SY,"(0.05, 20, 60)"
S3_units,Bearing1_1,12,12,0.5,XJTU-SY,"(0.05, 20, 60)"
S3_units,Bearing1_1,12,12,0.5,XJTU-SY,"(0.05, 20, 60)"
S3_units,Bearing1_1,12,12,0.5,XJTU-SY,"(0.05, 20, 60)"
S3_units,Bearing1_1,12,12,0.45,XJTU-SY,"(0.05, 20, 60)"
S3_units,Bearing1_1,12,12,0.55,XJTU-SY,"(0.05, 20, 60)"
S3_units,Bearing1_1,12,12,0.6,XJTU-SY,"(0.05, 20, 60)"
S3_units,Bearing1_1,12,12,0.0,XJTU-SY,"(0.05, 20, 60)"
S3_units,Bearing1_1,12,12,0.5,XJTU-SY,"(0.05, 20, 60)"
S3_units,Bearing1_1,12,12,0.5,XJTU-SY,"(0.05, 20, 60)"
S3_units,Bearing1_1,12,12,0.5,XJTU-SY,"(0.05, 20, 60)"
S3_units,Bearing1_1,12,12,0.5,XJTU-SY,"(0.05, 20, 60)"
S3_units,Bearing1_1,12,12,0.55,XJTU-SY,"(0.05, 20, 60)"
S3_units,Bearing1_1,12,12,0.5,XJTU-SY,"(0.05, 20, 60)"
S3_units,Bearing1_1,12,12,0.5,XJTU-SY,"(0.05, 20, 60)"
S3_units,Bearing1_1,12,12,0.6,XJTU-SY,"(0.05, 20, 60)"
S3_units,Bearing1_1,12,12,0.5,XJTU-SY,"(0.05, 20, 60)"
S3_units,Bearing1_1,12,12,0.45,XJTU-SY,"(0.05, 20, 60)"
S3_units,Bearing1_1,12,12,0.45,XJTU-SY,"(0.05, 20, 60)"
S3_units,Bearing1_1,12,12,0.45,XJTU-SY,"(0.05, 20, 60)"
S3_units,Bearing1_1,12,12,0.45,XJTU-SY,"(0.05, 20, 60)"
S3_units,Bearing1_1,12,12,0.45,XJTU-SY,"(0.05, 20, 60)"
S3_units,Bearing1_1,12,12,0.65,XJTU-SY,"(0.05, 20, 60)"
S3_units,Bearing1_1,12,12,0.5,XJTU-SY,"(0.05, 20, 60)"
S3_units,Bearing1_1,12,12,0.45,XJTU-SY,"(0.05, 20, 60)"
S3_units,Bearing1_1,12,12,0.5,XJTU-SY,"(0.05, 20, 60)"
S3_units,Bearing1_1,12,12,0.5,XJTU-SY,"(0.05, 20, 60)"
S3_units,Bearing1_1,12,12,0.0,XJTU-SY,"(0.05, 20, 60)"
S3_units,Bearing1_2,20,1,1.0,XJTU-SY,"(0.05, 20, 60)"
S3_units,Bearing1_2,20,1,1.0,XJTU-SY,"(0.05, 20, 60)"
S3_units,Bearing1_2,20,1,1.0,XJTU-SY,"(0.05, 20, 60)"
S3_units,Bearing1_2,20,1,1.0,XJTU-SY,"(0.05, 20, 60)"
S3_units,Bearing1_2,20,1,0.0,XJTU-SY,"(0.05, 20, 60)"
S3_units,Bearing1_2,20,1,1.0,XJTU-SY,"(0.05, 20, 60)"
S3_units,Bearing1_2,20,1,1.0,XJTU-SY,"(0.05, 20, 60)"
S3_units,Bearing1_2,20,1,1.0,XJTU-SY,"(0.05, 20, 60)"
S3_units,Bearing1_2,20,1,1.0,XJTU-SY,"(0.05, 20, 60)"
S3_units,Bearing1_2,20,1,1.0,XJTU-SY,"(0.05, 20, 60)"
S3_units,Bearing1_2,20,1,0.15,XJTU-SY,"(0.05, 20, 60)"
S3_units,Bearing1_2,20,1,1.0,XJTU-SY,"(0.05, 20, 60)"
S3_units,Bearing1_2,20,1,1.0,XJTU-SY,"(0.05, 20, 60)"
S3_units,Bearing1_2,20,1,1.0,XJTU-SY,"(0.05, 20, 60)"
S3_units,Bearing1_2,20,1,1.0,XJTU-SY,"(0.05, 20, 60)"
S3_units,Bearing1_2,20,1,0.85,XJTU-SY,"(0.05, 20, 60)"
S3_units,Bearing1_2,20,1,1.0,XJTU-SY,"(0.05, 20, 60)"
S3_units,Bearing1_2,20,1,1.0,XJTU-SY,"(0.05, 20, 60)"
S3_units,Bearing1_2,20,1,0.0,XJTU-SY,"(0.05, 20, 60)"
S3_units,Bearing1_2,20,1,0.8,XJTU-SY,"(0.05, 20, 60)"
S3_units,Bearing1_2,20,1,0.0,XJTU-SY,"(0.05, 20, 60)"
S3_units,Bearing1_2,20,1,1.0,XJTU-SY,"(0.05, 20, 60)"
S3_units,Bearing1_2,20,1,1.0,XJTU-SY,"(0.05, 20, 60)"
S3_units,Bearing1_2,20,1,0.85,XJTU-SY,"(0.05, 20, 60)"
S3_units,Bearing1_2,20,1,1.0,XJTU-SY,"(0.05, 20, 60)"
S3_units,Bearing1_2,20,1,0.9,XJTU-SY,"(0.05, 20, 60)"
S3_units,Bearing1_2,20,1,1.0,XJTU-SY,"(0.05, 20, 60)"
S3_units,Bearing1_2,20,1,0.4,XJTU-SY,"(0.05, 20, 60)"
S3_units,Bearing1_2,20,1,1.0,XJTU-SY,"(0.05, 20, 60)"
S3_units,Bearing1_2,20,1,1.0,XJTU-SY,"(0.05, 20, 60)"
S3_units,Bearing1_2,12,12,0.0,XJTU-SY,"(0.05, 20, 60)"
S3_units,Bearing1_2,12,12,0.0,XJTU-SY,"(0.05, 20, 60)"
S3_units,Bearing1_2,12,12,0.0,XJTU-SY,"(0.05, 20, 60)"
S3_units,Bearing1_2,12,12,0.0,XJTU-SY,"(0.05, 20, 60)"
S3_units,Bearing1_2,12,12,0.0,XJTU-SY,"(0.05, 20, 60)"
S3_units,Bearing1_2,12,12,0.05,XJTU-SY,"(0.05, 20, 60)"
S3_units,Bearing1_2,12,12,0.0,XJTU-SY,"(0.05, 20, 60)"
S3_units,Bearing1_2,12,12,0.0,XJTU-SY,"(0.05, 20, 60)"
S3_units,Bearing1_2,12,12,0.05,XJTU-SY,"(0.05, 20, 60)"
S3_units,Bearing1_2,12,12,0.0,XJTU-SY,"(0.05, 20, 60)"
S3_units,Bearing1_2,12,12,0.0,XJTU-SY,"(0.05, 20, 60)"
S3_units,Bearing1_2,12,12,0.0,XJTU-SY,"(0.05, 20, 60)"
S3_units,Bearing1_2,12,12,0.0,XJTU-SY,"(0.05, 20, 60)"
S3_units,Bearing1_2,12,12,0.0,XJTU-SY,"(0.05, 20, 60)"
S3_units,Bearing1_2,12,12,0.0,XJTU-SY,"(0.05, 20, 60)"
S3_units,Bearing1_2,12,12,0.0,XJTU-SY,"(0.05, 20, 60)"
S3_units,Bearing1_2,12,12,0.0,XJTU-SY,"(0.05, 20, 60)"
S3_units,Bearing1_2,12,12,0.0,XJTU-SY,"(0.05, 20, 60)"
S3_units,Bearing1_2,12,12,0.0,XJTU-SY,"(0.05, 20, 60)"
S3_units,Bearing1_2,12,12,0.0,XJTU-SY,"(0.05, 20, 60)"
S3_units,Bearing1_2,12,12,0.0,XJTU-SY,"(0.05, 20, 60)"
S3_units,Bearing1_2,12,12,0.0,XJTU-SY,"(0.05, 20, 60)"
S3_units,Bearing1_2,12,12,0.0,XJTU-SY,"(0.05, 20, 60)"
S3_units,Bearing1_2,12,12,0.0,XJTU-SY,"(0.05, 20, 60)"
S3_units,Bearing1_2,12,12,0.0,XJTU-SY,"(0.05, 20, 60)"
S3_units,Bearing1_2,12,12,0.0,XJTU-SY,"(0.05, 20, 60)"
S3_units,Bearing1_2,12,12,0.0,XJTU-SY,"(0.05, 20, 60)"
S3_units,Bearing1_2,12,12,0.0,XJTU-SY,"(0.05, 20, 60)"
S3_units,Bearing1_2,12,12,0.0,XJTU-SY,"(0.05, 20, 60)"
S3_units,Bearing1_2,12,12,0.0,XJTU-SY,"(0.05, 20, 60)"
S3_units,Bearing1_3,20,1,1.0,XJTU-SY,"(0.05, 20, 60)"
S3_units,Bearing1_3,20,1,1.0,XJTU-SY,"(0.05, 20, 60)"
S3_units,Bearing1_3,20,1,1.0,XJTU-SY,"(0.05, 20, 60)"
S3_units,Bearing1_3,20,1,0.55,XJTU-SY,"(0.05, 20, 60)"
S3_units,Bearing1_3,20,1,0.0,XJTU-SY,"(0.05, 20, 60)"
S3_units,Bearing1_3,20,1,0.0,XJTU-SY,"(0.05, 20, 60)"
S3_units,Bearing1_3,20,1,0.0,XJTU-SY,"(0.05, 20, 60)"
S3_units,Bearing1_3,20,1,0.0,XJTU-SY,"(0.05, 20, 60)"
S3_units,Bearing1_3,20,1,0.15,XJTU-SY,"(0.05, 20, 60)"
S3_units,Bearing1_3,20,1,1.0,XJTU-SY,"(0.05, 20, 60)"
S3_units,Bearing1_3,20,1,0.0,XJTU-SY,"(0.05, 20, 60)"
S3_units,Bearing1_3,20,1,1.0,XJTU-SY,"(0.05, 20, 60)"
S3_units,Bearing1_3,20,1,0.0,XJTU-SY,"(0.05, 20, 60)"
S3_units,Bearing1_3,20,1,0.0,XJTU-SY,"(0.05, 20, 60)"
S3_units,Bearing1_3,20,1,0.4,XJTU-SY,"(0.05, 20, 60)"
S3_units,Bearing1_3,20,1,0.95,XJTU-SY,"(0.05, 20, 60)"
S3_units,Bearing1_3,20,1,0.0,XJTU-SY,"(0.05, 20, 60)"
S3_units,Bearing1_3,20,1,0.0,XJTU-SY,"(0.05, 20, 60)"
S3_units,Bearing1_3,20,1,0.6,XJTU-SY,"(0.05, 20, 60)"
S3_units,Bearing1_3,20,1,1.0,XJTU-SY,"(0.05, 20, 60)"
S3_units,Bearing1_3,20,1,0.0,XJTU-SY,"(0.05, 20, 60)"
S3_units,Bearing1_3,20,1,0.0,XJTU-SY,"(0.05, 20, 60)"
S3_units,Bearing1_3,20,1,1.0,XJTU-SY,"(0.05, 20, 60)"
S3_units,Bearing1_3,20,1,0.05,XJTU-SY,"(0.05, 20, 60)"
S3_units,Bearing1_3,20,1,0.0,XJTU-SY,"(0.05, 20, 60)"
S3_units,Bearing1_3,20,1,1.0,XJTU-SY,"(0.05, 20, 60)"
S3_units,Bearing1_3,20,1,1.0,XJTU-SY,"(0.05, 20, 60)"
S3_units,Bearing1_3,20,1,0.0,XJTU-SY,"(0.05, 20, 60)"
S3_units,Bearing1_3,20,1,1.0,XJTU-SY,"(0.05, 20, 60)"
S3_units,Bearing1_3,20,1,0.0,XJTU-SY,"(0.05, 20, 60)"
S3_units,Bearing1_3,12,12,0.0,XJTU-SY,"(0.05, 20, 60)"
S3_units,Bearing1_3,12,12,0.0,XJTU-SY,"(0.05, 20, 60)"
S3_units,Bearing1_3,12,12,0.0,XJTU-SY,"(0.05, 20, 60)"
S3_units,Bearing1_3,12,12,0.0,XJTU-SY,"(0.05, 20, 60)"
S3_units,Bearing1_3,12,12,0.0,XJTU-SY,"(0.05, 20, 60)"
S3_units,Bearing1_3,12,12,0.0,XJTU-SY,"(0.05, 20, 60)"
S3_units,Bearing1_3,12,12,0.0,XJTU-SY,"(0.05, 20, 60)"
S3_units,Bearing1_3,12,12,0.0,XJTU-SY,"(0.05, 20, 60)"
S3_units,Bearing1_3,12,12,0.0,XJTU-SY,"(0.05, 20, 60)"
S3_units,Bearing1_3,12,12,0.0,XJTU-SY,"(0.05, 20, 60)"
S3_units,Bearing1_3,12,12,0.0,XJTU-SY,"(0.05, 20, 60)"
S3_units,Bearing1_3,12,12,0.0,XJTU-SY,"(0.05, 20, 60)"
S3_units,Bearing1_3,12,12,0.0,XJTU-SY,"(0.05, 20, 60)"
S3_units,Bearing1_3,12,12,0.0,XJTU-SY,"(0.05, 20, 60)"
S3_units,Bearing1_3,12,12,0.0,XJTU-SY,"(0.05, 20, 60)"
S3_units,Bearing1_3,12,12,0.0,XJTU-SY,"(0.05, 20, 60)"
S3_units,Bearing1_3,12,12,0.0,XJTU-SY,"(0.05, 20, 60)"
S3_units,Bearing1_3,12,12,0.0,XJTU-SY,"(0.05, 20, 60)"
S3_units,Bearing1_3,12,12,0.0,XJTU-SY,"(0.05, 20, 60)"
S3_units,Bearing1_3,12,12,0.0,XJTU-SY,"(0.05, 20, 60)"
S3_units,Bearing1_3,12,12,0.0,XJTU-SY,"(0.05, 20, 60)"
S3_units,Bearing1_3,12,12,0.0,XJTU-SY,"(0.05, 20, 60)"
S3_units,Bearing1_3,12,12,0.0,XJTU-SY,"(0.05, 20, 60)"
S3_units,Bearing1_3,12,12,0.0,XJTU-SY,"(0.05, 20, 60)"
S3_units,Bearing1_3,12,12,0.0,XJTU-SY,"(0.05, 20, 60)"
S3_units,Bearing1_3,12,12,0.0,XJTU-SY,"(0.05, 20, 60)"
S3_units,Bearing1_3,12,12,0.0,XJTU-SY,"(0.05, 20, 60)"
S3_units,Bearing1_3,12,12,0.0,XJTU-SY,"(0.05, 20, 60)"
S3_units,Bearing1_3,12,12,0.0,XJTU-SY,"(0.05, 20, 60)"
S3_units,Bearing1_3,12,12,0.0,XJTU-SY,"(0.05, 20, 60)"
S3_units,Bearing1_4,20,1,0.0,XJTU-SY,"(0.05, 20, 60)"
S3_units,Bearing1_4,20,1,0.0,XJTU-SY,"(0.05, 20, 60)"
S3_units,Bearing1_4,20,1,0.65,XJTU-SY,"(0.05, 20, 60)"
S3_units,Bearing1_4,20,1,1.0,XJTU-SY,"(0.05, 20, 60)"
S3_units,Bearing1_4,20,1,0.75,XJTU-SY,"(0.05, 20, 60)"
S3_units,Bearing1_4,20,1,0.95,XJTU-SY,"(0.05, 20, 60)"
S3_units,Bearing1_4,20,1,1.0,XJTU-SY,"(0.05, 20, 60)"
S3_units,Bearing1_4,20,1,0.6,XJTU-SY,"(0.05, 20, 60)"
S3_units,Bearing1_4,20,1,1.0,XJTU-SY,"(0.05, 20, 60)"
S3_units,Bearing1_4,20,1,0.6,XJTU-SY,"(0.05, 20, 60)"
S3_units,Bearing1_4,20,1,0.45,XJTU-SY,"(0.05, 20, 60)"
S3_units,Bearing1_4,20,1,0.45,XJTU-SY,"(0.05, 20, 60)"
S3_units,Bearing1_4,20,1,1.0,XJTU-SY,"(0.05, 20, 60)"
S3_units,Bearing1_4,20,1,0.45,XJTU-SY,"(0.05, 20, 60)"
S3_units,Bearing1_4,20,1,0.0,XJTU-SY,"(0.05, 20, 60)"
S3_units,Bearing1_4,20,1,0.0,XJTU-SY,"(0.05, 20, 60)"
S3_units,Bearing1_4,20,1,0.05,XJTU-SY,"(0.05, 20, 60)"
S3_units,Bearing1_4,20,1,0.0,XJTU-SY,"(0.05, 20, 60)"
S3_units,Bearing1_4,20,1,1.0,XJTU-SY,"(0.05, 20, 60)"
S3_units,Bearing1_4,20,1,0.0,XJTU-SY,"(0.05, 20, 60)"
S3_units,Bearing1_4,20,1,0.65,XJTU-SY,"(0.05, 20, 60)"
S3_units,Bearing1_4,20,1,0.65,XJTU-SY,"(0.05, 20, 60)"
S3_units,Bearing1_4,20,1,0.0,XJTU-SY,"(0.05, 20, 60)"
S3_units,Bearing1_4,20,1,0.6,XJTU-SY,"(0.05, 20, 60)"
S3_units,Bearing1_4,20,1,0.0,XJTU-SY,"(0.05, 20, 60)"
S3_units,Bearing1_4,20,1,0.5,XJTU-SY,"(0.05, 20, 60)"
S3_units,Bearing1_4,20,1,0.75,XJTU-SY,"(0.05, 20, 60)"
S3_units,Bearing1_4,20,1,0.65,XJTU-SY,"(0.05, 20, 60)"
S3_units,Bearing1_4,20,1,0.05,XJTU-SY,"(0.05, 20, 60)"
S3_units,Bearing1_4,20,1,0.7,XJTU-SY,"(0.05, 20, 60)"
S3_units,Bearing1_4,12,12,0.0,XJTU-SY,"(0.05, 20, 60)"
S3_units,Bearing1_4,12,12,0.0,XJTU-SY,"(0.05, 20, 60)"
S3_units,Bearing1_4,12,12,0.0,XJTU-SY,"(0.05, 20, 60)"
S3_units,Bearing1_4,12,12,0.0,XJTU-SY,"(0.05, 20, 60)"
S3_units,Bearing1_4,12,12,0.0,XJTU-SY,"(0.05, 20, 60)"
S3_units,Bearing1_4,12,12,0.0,XJTU-SY,"(0.05, 20, 60)"
S3_units,Bearing1_4,12,12,0.0,XJTU-SY,"(0.05, 20, 60)"
S3_units,Bearing1_4,12,12,0.0,XJTU-SY,"(0.05, 20, 60)"
S3_units,Bearing1_4,12,12,0.0,XJTU-SY,"(0.05, 20, 60)"
S3_units,Bearing1_4,12,12,0.0,XJTU-SY,"(0.05, 20, 60)"
S3_units,Bearing1_4,12,12,0.0,XJTU-SY,"(0.05, 20, 60)"
S3_units,Bearing1_4,12,12,0.0,XJTU-SY,"(0.05, 20, 60)"
S3_units,Bearing1_4,12,12,0.0,XJTU-SY,"(0.05, 20, 60)"
S3_units,Bearing1_4,12,12,0.0,XJTU-SY,"(0.05, 20, 60)"
S3_units,Bearing1_4,12,12,0.0,XJTU-SY,"(0.05, 20, 60)"
S3_units,Bearing1_4,12,12,0.0,XJTU-SY,"(0.05, 20, 60)"
S3_units,Bearing1_4,12,12,0.0,XJTU-SY,"(0.05, 20, 60)"
S3_units,Bearing1_4,12,12,0.0,XJTU-SY,"(0.05, 20, 60)"
S3_units,Bearing1_4,12,12,0.0,XJTU-SY,"(0.05, 20, 60)"
S3_units,Bearing1_4,12,12,0.0,XJTU-SY,"(0.05, 20, 60)"
S3_units,Bearing1_4,12,12,0.0,XJTU-SY,"(0.05, 20, 60)"
S3_units,Bearing1_4,12,12,0.0,XJTU-SY,"(0.05, 20, 60)"
S3_units,Bearing1_4,12,12,0.0,XJTU-SY,"(0.05, 20, 60)"
S3_units,Bearing1_4,12,12,0.0,XJTU-SY,"(0.05, 20, 60)"
S3_units,Bearing1_4,12,12,0.0,XJTU-SY,"(0.05, 20, 60)"
S3_units,Bearing1_4,12,12,0.0,XJTU-SY,"(0.05, 20, 60)"
S3_units,Bearing1_4,12,12,0.0,XJTU-SY,"(0.05, 20, 60)"
S3_units,Bearing1_4,12,12,0.0,XJTU-SY,"(0.05, 20, 60)"
S3_units,Bearing1_4,12,12,0.0,XJTU-SY,"(0.05, 20, 60)"
S3_units,Bearing1_4,12,12,0.0,XJTU-SY,"(0.05, 20, 60)"
S3_units,Bearing2_1,20,1,1.0,XJTU-SY,"(0.05, 20, 60)"
S3_units,Bearing2_1,20,1,1.0,XJTU-SY,"(0.05, 20, 60)"
S3_units,Bearing2_1,20,1,0.0,XJTU-SY,"(0.05, 20, 60)"
S3_units,Bearing2_1,20,1,0.7083333333333334,XJTU-SY,"(0.05, 20, 60)"
S3_units,Bearing2_1,20,1,0.0,XJTU-SY,"(0.05, 20, 60)"
S3_units,Bearing2_1,20,1,1.0,XJTU-SY,"(0.05, 20, 60)"
S3_units,Bearing2_1,20,1,0.0,XJTU-SY,"(0.05, 20, 60)"
S3_units,Bearing2_1,20,1,0.0,XJTU-SY,"(0.05, 20, 60)"
S3_units,Bearing2_1,20,1,0.5833333333333334,XJTU-SY,"(0.05, 20, 60)"
S3_units,Bearing2_1,20,1,0.0,XJTU-SY,"(0.05, 20, 60)"
S3_units,Bearing2_1,20,1,0.0,XJTU-SY,"(0.05, 20, 60)"
S3_units,Bearing2_1,20,1,1.0,XJTU-SY,"(0.05, 20, 60)"
S3_units,Bearing2_1,20,1,0.041666666666666664,XJTU-SY,"(0.05, 20, 60)"
S3_units,Bearing2_1,20,1,0.0,XJTU-SY,"(0.05, 20, 60)"
S3_units,Bearing2_1,20,1,0.0,XJTU-SY,"(0.05, 20, 60)"
S3_units,Bearing2_1,20,1,0.7083333333333334,XJTU-SY,"(0.05, 20, 60)"
S3_units,Bearing2_1,20,1,1.0,XJTU-SY,"(0.05, 20, 60)"
S3_units,Bearing2_1,20,1,0.0,XJTU-SY,"(0.05, 20, 60)"
S3_units,Bearing2_1,20,1,0.0,XJTU-SY,"(0.05, 20, 60)"
S3_units,Bearing2_1,20,1,0.0,XJTU-SY,"(0.05, 20, 60)"
S3_units,Bearing2_1,20,1,1.0,XJTU-SY,"(0.05, 20, 60)"
S3_units,Bearing2_1,20,1,0.0,XJTU-SY,"(0.05, 20, 60)"
S3_units,Bearing2_1,20,1,0.5833333333333334,XJTU-SY,"(0.05, 20, 60)"
S3_units,Bearing2_1,20,1,0.2916666666666667,XJTU-SY,"(0.05, 20, 60)"
S3_units,Bearing2_1,20,1,0.9583333333333334,XJTU-SY,"(0.05, 20, 60)"
S3_units,Bearing2_1,20,1,0.0,XJTU-SY,"(0.05, 20, 60)"
S3_units,Bearing2_1,20,1,1.0,XJTU-SY,"(0.05, 20, 60)"
S3_units,Bearing2_1,20,1,0.6666666666666666,XJTU-SY,"(0.05, 20, 60)"
S3_units,Bearing2_1,20,1,0.0,XJTU-SY,"(0.05, 20, 60)"
S3_units,Bearing2_1,20,1,0.7916666666666666,XJTU-SY,"(0.05, 20, 60)"
S3_units,Bearing2_1,12,12,0.0,XJTU-SY,"(0.05, 20, 60)"
S3_units,Bearing2_1,12,12,0.0,XJTU-SY,"(0.05, 20, 60)"
S3_units,Bearing2_1,12,12,0.0,XJTU-SY,"(0.05, 20, 60)"
S3_units,Bearing2_1,12,12,0.0,XJTU-SY,"(0.05, 20, 60)"
S3_units,Bearing2_1,12,12,0.0,XJTU-SY,"(0.05, 20, 60)"
S3_units,Bearing2_1,12,12,0.0,XJTU-SY,"(0.05, 20, 60)"
S3_units,Bearing2_1,12,12,0.0,XJTU-SY,"(0.05, 20, 60)"
S3_units,Bearing2_1,12,12,0.0,XJTU-SY,"(0.05, 20, 60)"
S3_units,Bearing2_1,12,12,0.0,XJTU-SY,"(0.05, 20, 60)"
S3_units,Bearing2_1,12,12,0.0,XJTU-SY,"(0.05, 20, 60)"
S3_units,Bearing2_1,12,12,0.0,XJTU-SY,"(0.05, 20, 60)"
S3_units,Bearing2_1,12,12,0.0,XJTU-SY,"(0.05, 20, 60)"
S3_units,Bearing2_1,12,12,0.0,XJTU-SY,"(0.05, 20, 60)"
S3_units,Bearing2_1,12,12,0.0,XJTU-SY,"(0.05, 20, 60)"
S3_units,Bearing2_1,12,12,0.0,XJTU-SY,"(0.05, 20, 60)"
S3_units,Bearing2_1,12,12,0.0,XJTU-SY,"(0.05, 20, 60)"
S3_units,Bearing2_1,12,12,0.0,XJTU-SY,"(0.05, 20, 60)"
S3_units,Bearing2_1,12,12,0.0,XJTU-SY,"(0.05, 20, 60)"
S3_units,Bearing2_1,12,12,0.0,XJTU-SY,"(0.05, 20, 60)"
S3_units,Bearing2_1,12,12,0.0,XJTU-SY,"(0.05, 20, 60)"
S3_units,Bearing2_1,12,12,0.0,XJTU-SY,"(0.05, 20, 60)"
S3_units,Bearing2_1,12,12,0.0,XJTU-SY,"(0.05, 20, 60)"
S3_units,Bearing2_1,12,12,0.0,XJTU-SY,"(0.05, 20, 60)"
S3_units,Bearing2_1,12,12,0.0,XJTU-SY,"(0.05, 20, 60)"
S3_units,Bearing2_1,12,12,0.0,XJTU-SY,"(0.05, 20, 60)"
S3_units,Bearing2_1,12,12,0.0,XJTU-SY,"(0.05, 20, 60)"
S3_units,Bearing2_1,12,12,0.0,XJTU-SY,"(0.05, 20, 60)"
S3_units,Bearing2_1,12,12,0.0,XJTU-SY,"(0.05, 20, 60)"
S3_units,Bearing2_1,12,12,0.0,XJTU-SY,"(0.05, 20, 60)"
S3_units,Bearing2_1,12,12,0.0,XJTU-SY,"(0.05, 20, 60)"
S3_units,Bearing2_2,20,1,0.95,XJTU-SY,"(0.05, 20, 60)"
S3_units,Bearing2_2,20,1,0.1,XJTU-SY,"(0.05, 20, 60)"
S3_units,Bearing2_2,20,1,1.0,XJTU-SY,"(0.05, 20, 60)"
S3_units,Bearing2_2,20,1,0.0,XJTU-SY,"(0.05, 20, 60)"
S3_units,Bearing2_2,20,1,0.95,XJTU-SY,"(0.05, 20, 60)"
S3_units,Bearing2_2,20,1,0.15,XJTU-SY,"(0.05, 20, 60)"
S3_units,Bearing2_2,20,1,1.0,XJTU-SY,"(0.05, 20, 60)"
S3_units,Bearing2_2,20,1,1.0,XJTU-SY,"(0.05, 20, 60)"
S3_units,Bearing2_2,20,1,1.0,XJTU-SY,"(0.05, 20, 60)"
S3_units,Bearing2_2,20,1,1.0,XJTU-SY,"(0.05, 20, 60)"
S3_units,Bearing2_2,20,1,0.2,XJTU-SY,"(0.05, 20, 60)"
S3_units,Bearing2_2,20,1,0.0,XJTU-SY,"(0.05, 20, 60)"
S3_units,Bearing2_2,20,1,1.0,XJTU-SY,"(0.05, 20, 60)"
S3_units,Bearing2_2,20,1,0.0,XJTU-SY,"(0.05, 20, 60)"
S3_units,Bearing2_2,20,1,0.0,XJTU-SY,"(0.05, 20, 60)"
S3_units,Bearing2_2,20,1,0.2,XJTU-SY,"(0.05, 20, 60)"
S3_units,Bearing2_2,20,1,0.0,XJTU-SY,"(0.05, 20, 60)"
S3_units,Bearing2_2,20,1,0.35,XJTU-SY,"(0.05, 20, 60)"
S3_units,Bearing2_2,20,1,0.15,XJTU-SY,"(0.05, 20, 60)"
S3_units,Bearing2_2,20,1,0.2,XJTU-SY,"(0.05, 20, 60)"
S3_units,Bearing2_2,20,1,1.0,XJTU-SY,"(0.05, 20, 60)"
S3_units,Bearing2_2,20,1,0.1,XJTU-SY,"(0.05, 20, 60)"
S3_units,Bearing2_2,20,1,0.0,XJTU-SY,"(0.05, 20, 60)"
S3_units,Bearing2_2,20,1,1.0,XJTU-SY,"(0.05, 20, 60)"
S3_units,Bearing2_2,20,1,0.05,XJTU-SY,"(0.05, 20, 60)"
S3_units,Bearing2_2,20,1,0.05,XJTU-SY,"(0.05, 20, 60)"
S3_units,Bearing2_2,20,1,0.0,XJTU-SY,"(0.05, 20, 60)"
S3_units,Bearing2_2,20,1,0.05,XJTU-SY,"(0.05, 20, 60)"
S3_units,Bearing2_2,20,1,1.0,XJTU-SY,"(0.05, 20, 60)"
S3_units,Bearing2_2,20,1,0.0,XJTU-SY,"(0.05, 20, 60)"
S3_units,Bearing2_2,12,12,0.0,XJTU-SY,"(0.05, 20, 60)"
S3_units,Bearing2_2,12,12,0.0,XJTU-SY,"(0.05, 20, 60)"
S3_units,Bearing2_2,12,12,0.0,XJTU-SY,"(0.05, 20, 60)"
S3_units,Bearing2_2,12,12,0.0,XJTU-SY,"(0.05, 20, 60)"
S3_units,Bearing2_2,12,12,0.0,XJTU-SY,"(0.05, 20, 60)"
S3_units,Bearing2_2,12,12,0.0,XJTU-SY,"(0.05, 20, 60)"
S3_units,Bearing2_2,12,12,0.0,XJTU-SY,"(0.05, 20, 60)"
S3_units,Bearing2_2,12,12,0.0,XJTU-SY,"(0.05, 20, 60)"
S3_units,Bearing2_2,12,12,0.0,XJTU-SY,"(0.05, 20, 60)"
S3_units,Bearing2_2,12,12,0.0,XJTU-SY,"(0.05, 20, 60)"
S3_units,Bearing2_2,12,12,0.0,XJTU-SY,"(0.05, 20, 60)"
S3_units,Bearing2_2,12,12,0.0,XJTU-SY,"(0.05, 20, 60)"
S3_units,Bearing2_2,12,12,0.0,XJTU-SY,"(0.05, 20, 60)"
S3_units,Bearing2_2,12,12,0.0,XJTU-SY,"(0.05, 20, 60)"
S3_units,Bearing2_2,12,12,0.0,XJTU-SY,"(0.05, 20, 60)"
S3_units,Bearing2_2,12,12,0.0,XJTU-SY,"(0.05, 20, 60)"
S3_units,Bearing2_2,12,12,0.0,XJTU-SY,"(0.05, 20, 60)"
S3_units,Bearing2_2,12,12,0.0,XJTU-SY,"(0.05, 20, 60)"
S3_units,Bearing2_2,12,12,0.0,XJTU-SY,"(0.05, 20, 60)"
S3_units,Bearing2_2,12,12,0.0,XJTU-SY,"(0.05, 20, 60)"
S3_units,Bearing2_2,12,12,0.0,XJTU-SY,"(0.05, 20, 60)"
S3_units,Bearing2_2,12,12,0.0,XJTU-SY,"(0.05, 20, 60)"
S3_units,Bearing2_2,12,12,0.0,XJTU-SY,"(0.05, 20, 60)"
S3_units,Bearing2_2,12,12,0.0,XJTU-SY,"(0.05, 20, 60)"
S3_units,Bearing2_2,12,12,0.0,XJTU-SY,"(0.05, 20, 60)"
S3_units,Bearing2_2,12,12,0.0,XJTU-SY,"(0.05, 20, 60)"
S3_units,Bearing2_2,12,12,0.0,XJTU-SY,"(0.05, 20, 60)"
S3_units,Bearing2_2,12,12,0.0,XJTU-SY,"(0.05, 20, 60)"
S3_units,Bearing2_2,12,12,0.0,XJTU-SY,"(0.05, 20, 60)"
S3_units,Bearing2_2,12,12,0.0,XJTU-SY,"(0.05, 20, 60)"
S3_units,Bearing2_3,20,1,0.8846153846153846,XJTU-SY,"(0.05, 20, 60)"
S3_units,Bearing2_3,20,1,0.0,XJTU-SY,"(0.05, 20, 60)"
S3_units,Bearing2_3,20,1,0.6538461538461539,XJTU-SY,"(0.05, 20, 60)"
S3_units,Bearing2_3,20,1,0.5384615384615384,XJTU-SY,"(0.05, 20, 60)"
S3_units,Bearing2_3,20,1,0.5384615384615384,XJTU-SY,"(0.05, 20, 60)"
S3_units,Bearing2_3,20,1,0.0,XJTU-SY,"(0.05, 20, 60)"
S3_units,Bearing2_3,20,1,0.11538461538461539,XJTU-SY,"(0.05, 20, 60)"
S3_units,Bearing2_3,20,1,0.0,XJTU-SY,"(0.05, 20, 60)"
S3_units,Bearing2_3,20,1,0.07692307692307693,XJTU-SY,"(0.05, 20, 60)"
S3_units,Bearing2_3,20,1,1.0,XJTU-SY,"(0.05, 20, 60)"
S3_units,Bearing2_3,20,1,0.0,XJTU-SY,"(0.05, 20, 60)"
S3_units,Bearing2_3,20,1,0.6153846153846154,XJTU-SY,"(0.05, 20, 60)"
S3_units,Bearing2_3,20,1,0.34615384615384615,XJTU-SY,"(0.05, 20, 60)"
S3_units,Bearing2_3,20,1,0.0,XJTU-SY,"(0.05, 20, 60)"
S3_units,Bearing2_3,20,1,0.6538461538461539,XJTU-SY,"(0.05, 20, 60)"
S3_units,Bearing2_3,20,1,0.038461538461538464,XJTU-SY,"(0.05, 20, 60)"
S3_units,Bearing2_3,20,1,1.0,XJTU-SY,"(0.05, 20, 60)"
S3_units,Bearing2_3,20,1,0.6538461538461539,XJTU-SY,"(0.05, 20, 60)"
S3_units,Bearing2_3,20,1,0.11538461538461539,XJTU-SY,"(0.05, 20, 60)"
S3_units,Bearing2_3,20,1,0.0,XJTU-SY,"(0.05, 20, 60)"
S3_units,Bearing2_3,20,1,1.0,XJTU-SY,"(0.05, 20, 60)"
S3_units,Bearing2_3,20,1,1.0,XJTU-SY,"(0.05, 20, 60)"
S3_units,Bearing2_3,20,1,0.7307692307692307,XJTU-SY,"(0.05, 20, 60)"
S3_units,Bearing2_3,20,1,0.0,XJTU-SY,"(0.05, 20, 60)"
S3_units,Bearing2_3,20,1,0.0,XJTU-SY,"(0.05, 20, 60)"
S3_units,Bearing2_3,20,1,1.0,XJTU-SY,"(0.05, 20, 60)"
S3_units,Bearing2_3,20,1,1.0,XJTU-SY,"(0.05, 20, 60)"
S3_units,Bearing2_3,20,1,0.0,XJTU-SY,"(0.05, 20, 60)"
S3_units,Bearing2_3,20,1,0.07692307692307693,XJTU-SY,"(0.05, 20, 60)"
S3_units,Bearing2_3,20,1,0.0,XJTU-SY,"(0.05, 20, 60)"
S3_units,Bearing2_3,12,12,0.0,XJTU-SY,"(0.05, 20, 60)"
S3_units,Bearing2_3,12,12,0.0,XJTU-SY,"(0.05, 20, 60)"
S3_units,Bearing2_3,12,12,0.0,XJTU-SY,"(0.05, 20, 60)"
S3_units,Bearing2_3,12,12,0.0,XJTU-SY,"(0.05, 20, 60)"
S3_units,Bearing2_3,12,12,0.0,XJTU-SY,"(0.05, 20, 60)"
S3_units,Bearing2_3,12,12,0.0,XJTU-SY,"(0.05, 20, 60)"
S3_units,Bearing2_3,12,12,0.0,XJTU-SY,"(0.05, 20, 60)"
S3_units,Bearing2_3,12,12,0.0,XJTU-SY,"(0.05, 20, 60)"
S3_units,Bearing2_3,12,12,0.0,XJTU-SY,"(0.05, 20, 60)"
S3_units,Bearing2_3,12,12,0.0,XJTU-SY,"(0.05, 20, 60)"
S3_units,Bearing2_3,12,12,0.0,XJTU-SY,"(0.05, 20, 60)"
S3_units,Bearing2_3,12,12,0.0,XJTU-SY,"(0.05, 20, 60)"
S3_units,Bearing2_3,12,12,0.0,XJTU-SY,"(0.05, 20, 60)"
S3_units,Bearing2_3,12,12,0.0,XJTU-SY,"(0.05, 20, 60)"
S3_units,Bearing2_3,12,12,0.0,XJTU-SY,"(0.05, 20, 60)"
S3_units,Bearing2_3,12,12,0.0,XJTU-SY,"(0.05, 20, 60)"
S3_units,Bearing2_3,12,12,0.0,XJTU-SY,"(0.05, 20, 60)"
S3_units,Bearing2_3,12,12,0.0,XJTU-SY,"(0.05, 20, 60)"
S3_units,Bearing2_3,12,12,0.0,XJTU-SY,"(0.05, 20, 60)"
S3_units,Bearing2_3,12,12,0.0,XJTU-SY,"(0.05, 20, 60)"
S3_units,Bearing2_3,12,12,0.0,XJTU-SY,"(0.05, 20, 60)"
S3_units,Bearing2_3,12,12,0.0,XJTU-SY,"(0.05, 20, 60)"
S3_units,Bearing2_3,12,12,0.0,XJTU-SY,"(0.05, 20, 60)"
S3_units,Bearing2_3,12,12,0.0,XJTU-SY,"(0.05, 20, 60)"
S3_units,Bearing2_3,12,12,0.0,XJTU-SY,"(0.05, 20, 60)"
S3_units,Bearing2_3,12,12,0.0,XJTU-SY,"(0.05, 20, 60)"
S3_units,Bearing2_3,12,12,0.0,XJTU-SY,"(0.05, 20, 60)"
S3_units,Bearing2_3,12,12,0.0,XJTU-SY,"(0.05, 20, 60)"
S3_units,Bearing2_3,12,12,0.0,XJTU-SY,"(0.05, 20, 60)"
S3_units,Bearing2_3,12,12,0.0,XJTU-SY,"(0.05, 20, 60)"
S3_units,Bearing2_5,20,1,0.0,XJTU-SY,"(0.05, 20, 60)"
S3_units,Bearing2_5,20,1,1.0,XJTU-SY,"(0.05, 20, 60)"
S3_units,Bearing2_5,20,1,0.0,XJTU-SY,"(0.05, 20, 60)"
S3_units,Bearing2_5,20,1,0.75,XJTU-SY,"(0.05, 20, 60)"
S3_units,Bearing2_5,20,1,0.0,XJTU-SY,"(0.05, 20, 60)"
S3_units,Bearing2_5,20,1,0.1,XJTU-SY,"(0.05, 20, 60)"
S3_units,Bearing2_5,20,1,0.0,XJTU-SY,"(0.05, 20, 60)"
S3_units,Bearing2_5,20,1,0.0,XJTU-SY,"(0.05, 20, 60)"
S3_units,Bearing2_5,20,1,0.9,XJTU-SY,"(0.05, 20, 60)"
S3_units,Bearing2_5,20,1,0.55,XJTU-SY,"(0.05, 20, 60)"
S3_units,Bearing2_5,20,1,0.2,XJTU-SY,"(0.05, 20, 60)"
S3_units,Bearing2_5,20,1,1.0,XJTU-SY,"(0.05, 20, 60)"
S3_units,Bearing2_5,20,1,0.9,XJTU-SY,"(0.05, 20, 60)"
S3_units,Bearing2_5,20,1,0.55,XJTU-SY,"(0.05, 20, 60)"
S3_units,Bearing2_5,20,1,0.65,XJTU-SY,"(0.05, 20, 60)"
S3_units,Bearing2_5,20,1,0.0,XJTU-SY,"(0.05, 20, 60)"
S3_units,Bearing2_5,20,1,0.0,XJTU-SY,"(0.05, 20, 60)"
S3_units,Bearing2_5,20,1,0.75,XJTU-SY,"(0.05, 20, 60)"
S3_units,Bearing2_5,20,1,0.8,XJTU-SY,"(0.05, 20, 60)"
S3_units,Bearing2_5,20,1,0.15,XJTU-SY,"(0.05, 20, 60)"
S3_units,Bearing2_5,20,1,1.0,XJTU-SY,"(0.05, 20, 60)"
S3_units,Bearing2_5,20,1,0.85,XJTU-SY,"(0.05, 20, 60)"
S3_units,Bearing2_5,20,1,0.45,XJTU-SY,"(0.05, 20, 60)"
S3_units,Bearing2_5,20,1,0.95,XJTU-SY,"(0.05, 20, 60)"
S3_units,Bearing2_5,20,1,0.0,XJTU-SY,"(0.05, 20, 60)"
S3_units,Bearing2_5,20,1,0.0,XJTU-SY,"(0.05, 20, 60)"
S3_units,Bearing2_5,20,1,0.0,XJTU-SY,"(0.05, 20, 60)"
S3_units,Bearing2_5,20,1,0.0,XJTU-SY,"(0.05, 20, 60)"
S3_units,Bearing2_5,20,1,1.0,XJTU-SY,"(0.05, 20, 60)"
S3_units,Bearing2_5,20,1,0.75,XJTU-SY,"(0.05, 20, 60)"
S3_units,Bearing2_5,12,12,0.05,XJTU-SY,"(0.05, 20, 60)"
S3_units,Bearing2_5,12,12,0.0,XJTU-SY,"(0.05, 20, 60)"
S3_units,Bearing2_5,12,12,0.0,XJTU-SY,"(0.05, 20, 60)"
S3_units,Bearing2_5,12,12,0.0,XJTU-SY,"(0.05, 20, 60)"
S3_units,Bearing2_5,12,12,0.0,XJTU-SY,"(0.05, 20, 60)"
S3_units,Bearing2_5,12,12,0.0,XJTU-SY,"(0.05, 20, 60)"
S3_units,Bearing2_5,12,12,0.0,XJTU-SY,"(0.05, 20, 60)"
S3_units,Bearing2_5,12,12,0.15,XJTU-SY,"(0.05, 20, 60)"
S3_units,Bearing2_5,12,12,0.0,XJTU-SY,"(0.05, 20, 60)"
S3_units,Bearing2_5,12,12,0.0,XJTU-SY,"(0.05, 20, 60)"
S3_units,Bearing2_5,12,12,0.0,XJTU-SY,"(0.05, 20, 60)"
S3_units,Bearing2_5,12,12,0.55,XJTU-SY,"(0.05, 20, 60)"
S3_units,Bearing2_5,12,12,0.0,XJTU-SY,"(0.05, 20, 60)"
S3_units,Bearing2_5,12,12,0.0,XJTU-SY,"(0.05, 20, 60)"
S3_units,Bearing2_5,12,12,0.0,XJTU-SY,"(0.05, 20, 60)"
S3_units,Bearing2_5,12,12,0.0,XJTU-SY,"(0.05, 20, 60)"
S3_units,Bearing2_5,12,12,0.3,XJTU-SY,"(0.05, 20, 60)"
S3_units,Bearing2_5,12,12,0.0,XJTU-SY,"(0.05, 20, 60)"
S3_units,Bearing2_5,12,12,0.95,XJTU-SY,"(0.05, 20, 60)"
S3_units,Bearing2_5,12,12,0.0,XJTU-SY,"(0.05, 20, 60)"
S3_units,Bearing2_5,12,12,0.0,XJTU-SY,"(0.05, 20, 60)"
S3_units,Bearing2_5,12,12,0.0,XJTU-SY,"(0.05, 20, 60)"
S3_units,Bearing2_5,12,12,0.05,XJTU-SY,"(0.05, 20, 60)"
S3_units,Bearing2_5,12,12,0.0,XJTU-SY,"(0.05, 20, 60)"
S3_units,Bearing2_5,12,12,0.05,XJTU-SY,"(0.05, 20, 60)"
S3_units,Bearing2_5,12,12,0.0,XJTU-SY,"(0.05, 20, 60)"
S3_units,Bearing2_5,12,12,0.0,XJTU-SY,"(0.05, 20, 60)"
S3_units,Bearing2_5,12,12,0.0,XJTU-SY,"(0.05, 20, 60)"
S3_units,Bearing2_5,12,12,0.2,XJTU-SY,"(0.05, 20, 60)"
S3_units,Bearing2_5,12,12,0.05,XJTU-SY,"(0.05, 20, 60)"
S3_units,Bearing3_1,20,1,0.15,XJTU-SY,"(0.05, 20, 60)"
S3_units,Bearing3_1,20,1,0.0,XJTU-SY,"(0.05, 20, 60)"
S3_units,Bearing3_1,20,1,0.0,XJTU-SY,"(0.05, 20, 60)"
S3_units,Bearing3_1,20,1,0.0,XJTU-SY,"(0.05, 20, 60)"
S3_units,Bearing3_1,20,1,0.4,XJTU-SY,"(0.05, 20, 60)"
S3_units,Bearing3_1,20,1,0.11666666666666667,XJTU-SY,"(0.05, 20, 60)"
S3_units,Bearing3_1,20,1,0.0,XJTU-SY,"(0.05, 20, 60)"
S3_units,Bearing3_1,20,1,0.6,XJTU-SY,"(0.05, 20, 60)"
S3_units,Bearing3_1,20,1,0.7333333333333333,XJTU-SY,"(0.05, 20, 60)"
S3_units,Bearing3_1,20,1,0.0,XJTU-SY,"(0.05, 20, 60)"
S3_units,Bearing3_1,20,1,1.0,XJTU-SY,"(0.05, 20, 60)"
S3_units,Bearing3_1,20,1,0.1,XJTU-SY,"(0.05, 20, 60)"
S3_units,Bearing3_1,20,1,0.3333333333333333,XJTU-SY,"(0.05, 20, 60)"
S3_units,Bearing3_1,20,1,0.7166666666666667,XJTU-SY,"(0.05, 20, 60)"
S3_units,Bearing3_1,20,1,0.15,XJTU-SY,"(0.05, 20, 60)"
S3_units,Bearing3_1,20,1,0.15,XJTU-SY,"(0.05, 20, 60)"
S3_units,Bearing3_1,20,1,0.7166666666666667,XJTU-SY,"(0.05, 20, 60)"
S3_units,Bearing3_1,20,1,0.0,XJTU-SY,"(0.05, 20, 60)"
S3_units,Bearing3_1,20,1,0.26666666666666666,XJTU-SY,"(0.05, 20, 60)"
S3_units,Bearing3_1,20,1,1.0,XJTU-SY,"(0.05, 20, 60)"
S3_units,Bearing3_1,20,1,0.65,XJTU-SY,"(0.05, 20, 60)"
S3_units,Bearing3_1,20,1,1.0,XJTU-SY,"(0.05, 20, 60)"
S3_units,Bearing3_1,20,1,0.13333333333333333,XJTU-SY,"(0.05, 20, 60)"
S3_units,Bearing3_1,20,1,0.9833333333333333,XJTU-SY,"(0.05, 20, 60)"
S3_units,Bearing3_1,20,1,0.1,XJTU-SY,"(0.05, 20, 60)"
S3_units,Bearing3_1,20,1,0.7166666666666667,XJTU-SY,"(0.05, 20, 60)"
S3_units,Bearing3_1,20,1,1.0,XJTU-SY,"(0.05, 20, 60)"
S3_units,Bearing3_1,20,1,0.0,XJTU-SY,"(0.05, 20, 60)"
S3_units,Bearing3_1,20,1,0.11666666666666667,XJTU-SY,"(0.05, 20, 60)"
S3_units,Bearing3_1,20,1,1.0,XJTU-SY,"(0.05, 20, 60)"
S3_units,Bearing3_1,12,12,0.0,XJTU-SY,"(0.05, 20, 60)"
S3_units,Bearing3_1,12,12,0.0,XJTU-SY,"(0.05, 20, 60)"
S3_units,Bearing3_1,12,12,0.0,XJTU-SY,"(0.05, 20, 60)"
S3_units,Bearing3_1,12,12,0.0,XJTU-SY,"(0.05, 20, 60)"
S3_units,Bearing3_1,12,12,0.0,XJTU-SY,"(0.05, 20, 60)"
S3_units,Bearing3_1,12,12,0.0,XJTU-SY,"(0.05, 20, 60)"
S3_units,Bearing3_1,12,12,0.0,XJTU-SY,"(0.05, 20, 60)"
S3_units,Bearing3_1,12,12,0.0,XJTU-SY,"(0.05, 20, 60)"
S3_units,Bearing3_1,12,12,0.0,XJTU-SY,"(0.05, 20, 60)"
S3_units,Bearing3_1,12,12,0.0,XJTU-SY,"(0.05, 20, 60)"
S3_units,Bearing3_1,12,12,0.0,XJTU-SY,"(0.05, 20, 60)"
S3_units,Bearing3_1,12,12,0.0,XJTU-SY,"(0.05, 20, 60)"
S3_units,Bearing3_1,12,12,0.0,XJTU-SY,"(0.05, 20, 60)"
S3_units,Bearing3_1,12,12,0.0,XJTU-SY,"(0.05, 20, 60)"
S3_units,Bearing3_1,12,12,0.0,XJTU-SY,"(0.05, 20, 60)"
S3_units,Bearing3_1,12,12,0.0,XJTU-SY,"(0.05, 20, 60)"
S3_units,Bearing3_1,12,12,0.0,XJTU-SY,"(0.05, 20, 60)"
S3_units,Bearing3_1,12,12,0.0,XJTU-SY,"(0.05, 20, 60)"
S3_units,Bearing3_1,12,12,0.0,XJTU-SY,"(0.05, 20, 60)"
S3_units,Bearing3_1,12,12,0.0,XJTU-SY,"(0.05, 20, 60)"
S3_units,Bearing3_1,12,12,0.0,XJTU-SY,"(0.05, 20, 60)"
S3_units,Bearing3_1,12,12,0.0,XJTU-SY,"(0.05, 20, 60)"
S3_units,Bearing3_1,12,12,0.0,XJTU-SY,"(0.05, 20, 60)"
S3_units,Bearing3_1,12,12,0.0,XJTU-SY,"(0.05, 20, 60)"
S3_units,Bearing3_1,12,12,0.0,XJTU-SY,"(0.05, 20, 60)"
S3_units,Bearing3_1,12,12,0.0,XJTU-SY,"(0.05, 20, 60)"
S3_units,Bearing3_1,12,12,0.0,XJTU-SY,"(0.05, 20, 60)"
S3_units,Bearing3_1,12,12,0.0,XJTU-SY,"(0.05, 20, 60)"
S3_units,Bearing3_1,12,12,0.0,XJTU-SY,"(0.05, 20, 60)"
S3_units,Bearing3_1,12,12,0.0,XJTU-SY,"(0.05, 20, 60)"
S3_units,Bearing3_2,20,1,0.55,XJTU-SY,"(0.05, 20, 60)"
S3_units,Bearing3_2,20,1,0.9333333333333333,XJTU-SY,"(0.05, 20, 60)"
S3_units,Bearing3_2,20,1,0.6333333333333333,XJTU-SY,"(0.05, 20, 60)"
S3_units,Bearing3_2,20,1,0.9666666666666667,XJTU-SY,"(0.05, 20, 60)"
S3_units,Bearing3_2,20,1,0.9833333333333333,XJTU-SY,"(0.05, 20, 60)"
S3_units,Bearing3_2,20,1,0.0,XJTU-SY,"(0.05, 20, 60)"
S3_units,Bearing3_2,20,1,1.0,XJTU-SY,"(0.05, 20, 60)"
S3_units,Bearing3_2,20,1,0.9166666666666666,XJTU-SY,"(0.05, 20, 60)"
S3_units,Bearing3_2,20,1,0.5833333333333334,XJTU-SY,"(0.05, 20, 60)"
S3_units,Bearing3_2,20,1,1.0,XJTU-SY,"(0.05, 20, 60)"
S3_units,Bearing3_2,20,1,0.6833333333333333,XJTU-SY,"(0.05, 20, 60)"
S3_units,Bearing3_2,20,1,0.65,XJTU-SY,"(0.05, 20, 60)"
S3_units,Bearing3_2,20,1,0.9333333333333333,XJTU-SY,"(0.05, 20, 60)"
S3_units,Bearing3_2,20,1,0.65,XJTU-SY,"(0.05, 20, 60)"
S3_units,Bearing3_2,20,1,0.06666666666666667,XJTU-SY,"(0.05, 20, 60)"
S3_units,Bearing3_2,20,1,0.4666666666666667,XJTU-SY,"(0.05, 20, 60)"
S3_units,Bearing3_2,20,1,0.13333333333333333,XJTU-SY,"(0.05, 20, 60)"
S3_units,Bearing3_2,20,1,1.0,XJTU-SY,"(0.05, 20, 60)"
S3_units,Bearing3_2,20,1,1.0,XJTU-SY,"(0.05, 20, 60)"
S3_units,Bearing3_2,20,1,1.0,XJTU-SY,"(0.05, 20, 60)"
S3_units,Bearing3_2,20,1,1.0,XJTU-SY,"(0.05, 20, 60)"
S3_units,Bearing3_2,20,1,0.08333333333333333,XJTU-SY,"(0.05, 20, 60)"
S3_units,Bearing3_2,20,1,0.0,XJTU-SY,"(0.05, 20, 60)"
S3_units,Bearing3_2,20,1,0.0,XJTU-SY,"(0.05, 20, 60)"
S3_units,Bearing3_2,20,1,0.0,XJTU-SY,"(0.05, 20, 60)"
S3_units,Bearing3_2,20,1,0.08333333333333333,XJTU-SY,"(0.05, 20, 60)"
S3_units,Bearing3_2,20,1,1.0,XJTU-SY,"(0.05, 20, 60)"
S3_units,Bearing3_2,20,1,0.0,XJTU-SY,"(0.05, 20, 60)"
S3_units,Bearing3_2,20,1,0.0,XJTU-SY,"(0.05, 20, 60)"
S3_units,Bearing3_2,20,1,0.0,XJTU-SY,"(0.05, 20, 60)"
S3_units,Bearing3_2,12,12,0.0,XJTU-SY,"(0.05, 20, 60)"
S3_units,Bearing3_2,12,12,0.15,XJTU-SY,"(0.05, 20, 60)"
S3_units,Bearing3_2,12,12,0.13333333333333333,XJTU-SY,"(0.05, 20, 60)"
S3_units,Bearing3_2,12,12,0.0,XJTU-SY,"(0.05, 20, 60)"
S3_units,Bearing3_2,12,12,0.1,XJTU-SY,"(0.05, 20, 60)"
S3_units,Bearing3_2,12,12,0.03333333333333333,XJTU-SY,"(0.05, 20, 60)"
S3_units,Bearing3_2,12,12,0.35,XJTU-SY,"(0.05, 20, 60)"
S3_units,Bearing3_2,12,12,0.16666666666666666,XJTU-SY,"(0.05, 20, 60)"
S3_units,Bearing3_2,12,12,0.0,XJTU-SY,"(0.05, 20, 60)"
S3_units,Bearing3_2,12,12,0.16666666666666666,XJTU-SY,"(0.05, 20, 60)"
S3_units,Bearing3_2,12,12,0.0,XJTU-SY,"(0.05, 20, 60)"
S3_units,Bearing3_2,12,12,0.0,XJTU-SY,"(0.05, 20, 60)"
S3_units,Bearing3_2,12,12,0.0,XJTU-SY,"(0.05, 20, 60)"
S3_units,Bearing3_2,12,12,0.0,XJTU-SY,"(0.05, 20, 60)"
S3_units,Bearing3_2,12,12,0.0,XJTU-SY,"(0.05, 20, 60)"
S3_units,Bearing3_2,12,12,0.0,XJTU-SY,"(0.05, 20, 60)"
S3_units,Bearing3_2,12,12,0.03333333333333333,XJTU-SY,"(0.05, 20, 60)"
S3_units,Bearing3_2,12,12,0.0,XJTU-SY,"(0.05, 20, 60)"
S3_units,Bearing3_2,12,12,0.0,XJTU-SY,"(0.05, 20, 60)"
S3_units,Bearing3_2,12,12,0.0,XJTU-SY,"(0.05, 20, 60)"
S3_units,Bearing3_2,12,12,0.0,XJTU-SY,"(0.05, 20, 60)"
S3_units,Bearing3_2,12,12,0.11666666666666667,XJTU-SY,"(0.05, 20, 60)"
S3_units,Bearing3_2,12,12,0.016666666666666666,XJTU-SY,"(0.05, 20, 60)"
S3_units,Bearing3_2,12,12,0.0,XJTU-SY,"(0.05, 20, 60)"
S3_units,Bearing3_2,12,12,0.1,XJTU-SY,"(0.05, 20, 60)"
S3_units,Bearing3_2,12,12,0.31666666666666665,XJTU-SY,"(0.05, 20, 60)"
S3_units,Bearing3_2,12,12,0.03333333333333333,XJTU-SY,"(0.05, 20, 60)"
S3_units,Bearing3_2,12,12,0.06666666666666667,XJTU-SY,"(0.05, 20, 60)"
S3_units,Bearing3_2,12,12,0.0,XJTU-SY,"(0.05, 20, 60)"
S3_units,Bearing3_2,12,12,0.0,XJTU-SY,"(0.05, 20, 60)"
S3_units,Bearing3_3,20,1,0.65,XJTU-SY,"(0.05, 20, 60)"
S3_units,Bearing3_3,20,1,0.45,XJTU-SY,"(0.05, 20, 60)"
S3_units,Bearing3_3,20,1,0.1,XJTU-SY,"(0.05, 20, 60)"
S3_units,Bearing3_3,20,1,0.05,XJTU-SY,"(0.05, 20, 60)"
S3_units,Bearing3_3,20,1,0.2,XJTU-SY,"(0.05, 20, 60)"
S3_units,Bearing3_3,20,1,0.9,XJTU-SY,"(0.05, 20, 60)"
S3_units,Bearing3_3,20,1,0.05,XJTU-SY,"(0.05, 20, 60)"
S3_units,Bearing3_3,20,1,0.0,XJTU-SY,"(0.05, 20, 60)"
S3_units,Bearing3_3,20,1,0.45,XJTU-SY,"(0.05, 20, 60)"
S3_units,Bearing3_3,20,1,0.9,XJTU-SY,"(0.05, 20, 60)"
S3_units,Bearing3_3,20,1,0.05,XJTU-SY,"(0.05, 20, 60)"
S3_units,Bearing3_3,20,1,0.35,XJTU-SY,"(0.05, 20, 60)"
S3_units,Bearing3_3,20,1,1.0,XJTU-SY,"(0.05, 20, 60)"
S3_units,Bearing3_3,20,1,0.0,XJTU-SY,"(0.05, 20, 60)"
S3_units,Bearing3_3,20,1,0.75,XJTU-SY,"(0.05, 20, 60)"
S3_units,Bearing3_3,20,1,0.65,XJTU-SY,"(0.05, 20, 60)"
S3_units,Bearing3_3,20,1,0.55,XJTU-SY,"(0.05, 20, 60)"
S3_units,Bearing3_3,20,1,0.1,XJTU-SY,"(0.05, 20, 60)"
S3_units,Bearing3_3,20,1,0.85,XJTU-SY,"(0.05, 20, 60)"
S3_units,Bearing3_3,20,1,0.1,XJTU-SY,"(0.05, 20, 60)"
S3_units,Bearing3_3,20,1,0.7,XJTU-SY,"(0.05, 20, 60)"
S3_units,Bearing3_3,20,1,0.35,XJTU-SY,"(0.05, 20, 60)"
S3_units,Bearing3_3,20,1,1.0,XJTU-SY,"(0.05, 20, 60)"
S3_units,Bearing3_3,20,1,0.7,XJTU-SY,"(0.05, 20, 60)"
S3_units,Bearing3_3,20,1,1.0,XJTU-SY,"(0.05, 20, 60)"
S3_units,Bearing3_3,20,1,0.1,XJTU-SY,"(0.05, 20, 60)"
S3_units,Bearing3_3,20,1,0.0,XJTU-SY,"(0.05, 20, 60)"
S3_units,Bearing3_3,20,1,0.05,XJTU-SY,"(0.05, 20, 60)"
S3_units,Bearing3_3,20,1,0.35,XJTU-SY,"(0.05, 20, 60)"
S3_units,Bearing3_3,20,1,0.45,XJTU-SY,"(0.05, 20, 60)"
S3_units,Bearing3_3,12,12,0.0,XJTU-SY,"(0.05, 20, 60)"
S3_units,Bearing3_3,12,12,0.0,XJTU-SY,"(0.05, 20, 60)"
S3_units,Bearing3_3,12,12,0.0,XJTU-SY,"(0.05, 20, 60)"
S3_units,Bearing3_3,12,12,0.0,XJTU-SY,"(0.05, 20, 60)"
S3_units,Bearing3_3,12,12,0.0,XJTU-SY,"(0.05, 20, 60)"
S3_units,Bearing3_3,12,12,0.0,XJTU-SY,"(0.05, 20, 60)"
S3_units,Bearing3_3,12,12,0.0,XJTU-SY,"(0.05, 20, 60)"
S3_units,Bearing3_3,12,12,0.0,XJTU-SY,"(0.05, 20, 60)"
S3_units,Bearing3_3,12,12,0.0,XJTU-SY,"(0.05, 20, 60)"
S3_units,Bearing3_3,12,12,0.0,XJTU-SY,"(0.05, 20, 60)"
S3_units,Bearing3_3,12,12,0.0,XJTU-SY,"(0.05, 20, 60)"
S3_units,Bearing3_3,12,12,0.0,XJTU-SY,"(0.05, 20, 60)"
S3_units,Bearing3_3,12,12,0.0,XJTU-SY,"(0.05, 20, 60)"
S3_units,Bearing3_3,12,12,0.0,XJTU-SY,"(0.05, 20, 60)"
S3_units,Bearing3_3,12,12,0.0,XJTU-SY,"(0.05, 20, 60)"
S3_units,Bearing3_3,12,12,0.0,XJTU-SY,"(0.05, 20, 60)"
S3_units,Bearing3_3,12,12,0.0,XJTU-SY,"(0.05, 20, 60)"
S3_units,Bearing3_3,12,12,0.0,XJTU-SY,"(0.05, 20, 60)"
S3_units,Bearing3_3,12,12,0.0,XJTU-SY,"(0.05, 20, 60)"
S3_units,Bearing3_3,12,12,0.0,XJTU-SY,"(0.05, 20, 60)"
S3_units,Bearing3_3,12,12,0.0,XJTU-SY,"(0.05, 20, 60)"
S3_units,Bearing3_3,12,12,0.0,XJTU-SY,"(0.05, 20, 60)"
S3_units,Bearing3_3,12,12,0.0,XJTU-SY,"(0.05, 20, 60)"
S3_units,Bearing3_3,12,12,0.0,XJTU-SY,"(0.05, 20, 60)"
S3_units,Bearing3_3,12,12,0.0,XJTU-SY,"(0.05, 20, 60)"
S3_units,Bearing3_3,12,12,0.0,XJTU-SY,"(0.05, 20, 60)"
S3_units,Bearing3_3,12,12,0.0,XJTU-SY,"(0.05, 20, 60)"
S3_units,Bearing3_3,12,12,0.0,XJTU-SY,"(0.05, 20, 60)"
S3_units,Bearing3_3,12,12,0.0,XJTU-SY,"(0.05, 20, 60)"
S3_units,Bearing3_3,12,12,0.0,XJTU-SY,"(0.05, 20, 60)"
S3_units,Bearing3_4,20,1,0.4666666666666667,XJTU-SY,"(0.05, 20, 60)"
S3_units,Bearing3_4,20,1,0.9833333333333333,XJTU-SY,"(0.05, 20, 60)"
S3_units,Bearing3_4,20,1,1.0,XJTU-SY,"(0.05, 20, 60)"
S3_units,Bearing3_4,20,1,1.0,XJTU-SY,"(0.05, 20, 60)"
S3_units,Bearing3_4,20,1,1.0,XJTU-SY,"(0.05, 20, 60)"
S3_units,Bearing3_4,20,1,1.0,XJTU-SY,"(0.05, 20, 60)"
S3_units,Bearing3_4,20,1,1.0,XJTU-SY,"(0.05, 20, 60)"
S3_units,Bearing3_4,20,1,1.0,XJTU-SY,"(0.05, 20, 60)"
S3_units,Bearing3_4,20,1,1.0,XJTU-SY,"(0.05, 20, 60)"
S3_units,Bearing3_4,20,1,0.0,XJTU-SY,"(0.05, 20, 60)"
S3_units,Bearing3_4,20,1,0.0,XJTU-SY,"(0.05, 20, 60)"
S3_units,Bearing3_4,20,1,1.0,XJTU-SY,"(0.05, 20, 60)"
S3_units,Bearing3_4,20,1,1.0,XJTU-SY,"(0.05, 20, 60)"
S3_units,Bearing3_4,20,1,1.0,XJTU-SY,"(0.05, 20, 60)"
S3_units,Bearing3_4,20,1,0.0,XJTU-SY,"(0.05, 20, 60)"
S3_units,Bearing3_4,20,1,0.0,XJTU-SY,"(0.05, 20, 60)"
S3_units,Bearing3_4,20,1,0.4,XJTU-SY,"(0.05, 20, 60)"
S3_units,Bearing3_4,20,1,1.0,XJTU-SY,"(0.05, 20, 60)"
S3_units,Bearing3_4,20,1,1.0,XJTU-SY,"(0.05, 20, 60)"
S3_units,Bearing3_4,20,1,1.0,XJTU-SY,"(0.05, 20, 60)"
S3_units,Bearing3_4,20,1,1.0,XJTU-SY,"(0.05, 20, 60)"
S3_units,Bearing3_4,20,1,1.0,XJTU-SY,"(0.05, 20, 60)"
S3_units,Bearing3_4,20,1,1.0,XJTU-SY,"(0.05, 20, 60)"
S3_units,Bearing3_4,20,1,0.9833333333333333,XJTU-SY,"(0.05, 20, 60)"
S3_units,Bearing3_4,20,1,1.0,XJTU-SY,"(0.05, 20, 60)"
S3_units,Bearing3_4,20,1,1.0,XJTU-SY,"(0.05, 20, 60)"
S3_units,Bearing3_4,20,1,1.0,XJTU-SY,"(0.05, 20, 60)"
S3_units,Bearing3_4,20,1,1.0,XJTU-SY,"(0.05, 20, 60)"
S3_units,Bearing3_4,20,1,1.0,XJTU-SY,"(0.05, 20, 60)"
S3_units,Bearing3_4,20,1,0.8833333333333333,XJTU-SY,"(0.05, 20, 60)"
S3_units,Bearing3_4,12,12,0.0,XJTU-SY,"(0.05, 20, 60)"
S3_units,Bearing3_4,12,12,0.0,XJTU-SY,"(0.05, 20, 60)"
S3_units,Bearing3_4,12,12,0.0,XJTU-SY,"(0.05, 20, 60)"
S3_units,Bearing3_4,12,12,0.0,XJTU-SY,"(0.05, 20, 60)"
S3_units,Bearing3_4,12,12,0.0,XJTU-SY,"(0.05, 20, 60)"
S3_units,Bearing3_4,12,12,0.0,XJTU-SY,"(0.05, 20, 60)"
S3_units,Bearing3_4,12,12,0.0,XJTU-SY,"(0.05, 20, 60)"
S3_units,Bearing3_4,12,12,0.0,XJTU-SY,"(0.05, 20, 60)"
S3_units,Bearing3_4,12,12,0.0,XJTU-SY,"(0.05, 20, 60)"
S3_units,Bearing3_4,12,12,0.0,XJTU-SY,"(0.05, 20, 60)"
S3_units,Bearing3_4,12,12,0.0,XJTU-SY,"(0.05, 20, 60)"
S3_units,Bearing3_4,12,12,0.0,XJTU-SY,"(0.05, 20, 60)"
S3_units,Bearing3_4,12,12,0.08333333333333333,XJTU-SY,"(0.05, 20, 60)"
S3_units,Bearing3_4,12,12,0.0,XJTU-SY,"(0.05, 20, 60)"
S3_units,Bearing3_4,12,12,0.0,XJTU-SY,"(0.05, 20, 60)"
S3_units,Bearing3_4,12,12,0.0,XJTU-SY,"(0.05, 20, 60)"
S3_units,Bearing3_4,12,12,0.0,XJTU-SY,"(0.05, 20, 60)"
S3_units,Bearing3_4,12,12,0.0,XJTU-SY,"(0.05, 20, 60)"
S3_units,Bearing3_4,12,12,0.0,XJTU-SY,"(0.05, 20, 60)"
S3_units,Bearing3_4,12,12,0.0,XJTU-SY,"(0.05, 20, 60)"
S3_units,Bearing3_4,12,12,0.0,XJTU-SY,"(0.05, 20, 60)"
S3_units,Bearing3_4,12,12,0.0,XJTU-SY,"(0.05, 20, 60)"
S3_units,Bearing3_4,12,12,0.0,XJTU-SY,"(0.05, 20, 60)"
S3_units,Bearing3_4,12,12,0.0,XJTU-SY,"(0.05, 20, 60)"
S3_units,Bearing3_4,12,12,0.0,XJTU-SY,"(0.05, 20, 60)"
S3_units,Bearing3_4,12,12,0.0,XJTU-SY,"(0.05, 20, 60)"
S3_units,Bearing3_4,12,12,0.0,XJTU-SY,"(0.05, 20, 60)"
S3_units,Bearing3_4,12,12,0.0,XJTU-SY,"(0.05, 20, 60)"
S3_units,Bearing3_4,12,12,0.0,XJTU-SY,"(0.05, 20, 60)"
S3_units,Bearing3_4,12,12,0.26666666666666666,XJTU-SY,"(0.05, 20, 60)"
S3_units,Bearing3_5,20,1,0.6,XJTU-SY,"(0.05, 20, 60)"
S3_units,Bearing3_5,20,1,0.0,XJTU-SY,"(0.05, 20, 60)"
S3_units,Bearing3_5,20,1,0.65,XJTU-SY,"(0.05, 20, 60)"
S3_units,Bearing3_5,20,1,1.0,XJTU-SY,"(0.05, 20, 60)"
S3_units,Bearing3_5,20,1,0.55,XJTU-SY,"(0.05, 20, 60)"
S3_units,Bearing3_5,20,1,0.05,XJTU-SY,"(0.05, 20, 60)"
S3_units,Bearing3_5,20,1,1.0,XJTU-SY,"(0.05, 20, 60)"
S3_units,Bearing3_5,20,1,0.6,XJTU-SY,"(0.05, 20, 60)"
S3_units,Bearing3_5,20,1,1.0,XJTU-SY,"(0.05, 20, 60)"
S3_units,Bearing3_5,20,1,0.0,XJTU-SY,"(0.05, 20, 60)"
S3_units,Bearing3_5,20,1,0.4,XJTU-SY,"(0.05, 20, 60)"
S3_units,Bearing3_5,20,1,0.9,XJTU-SY,"(0.05, 20, 60)"
S3_units,Bearing3_5,20,1,0.55,XJTU-SY,"(0.05, 20, 60)"
S3_units,Bearing3_5,20,1,0.4,XJTU-SY,"(0.05, 20, 60)"
S3_units,Bearing3_5,20,1,0.7,XJTU-SY,"(0.05, 20, 60)"
S3_units,Bearing3_5,20,1,0.35,XJTU-SY,"(0.05, 20, 60)"
S3_units,Bearing3_5,20,1,0.65,XJTU-SY,"(0.05, 20, 60)"
S3_units,Bearing3_5,20,1,0.25,XJTU-SY,"(0.05, 20, 60)"
S3_units,Bearing3_5,20,1,0.95,XJTU-SY,"(0.05, 20, 60)"
S3_units,Bearing3_5,20,1,1.0,XJTU-SY,"(0.05, 20, 60)"
S3_units,Bearing3_5,20,1,0.85,XJTU-SY,"(0.05, 20, 60)"
S3_units,Bearing3_5,20,1,0.0,XJTU-SY,"(0.05, 20, 60)"
S3_units,Bearing3_5,20,1,0.15,XJTU-SY,"(0.05, 20, 60)"
S3_units,Bearing3_5,20,1,0.9,XJTU-SY,"(0.05, 20, 60)"
S3_units,Bearing3_5,20,1,1.0,XJTU-SY,"(0.05, 20, 60)"
S3_units,Bearing3_5,20,1,0.65,XJTU-SY,"(0.05, 20, 60)"
S3_units,Bearing3_5,20,1,0.9,XJTU-SY,"(0.05, 20, 60)"
S3_units,Bearing3_5,20,1,1.0,XJTU-SY,"(0.05, 20, 60)"
S3_units,Bearing3_5,20,1,1.0,XJTU-SY,"(0.05, 20, 60)"
S3_units,Bearing3_5,20,1,0.0,XJTU-SY,"(0.05, 20, 60)"
S3_units,Bearing3_5,12,12,0.0,XJTU-SY,"(0.05, 20, 60)"
S3_units,Bearing3_5,12,12,0.0,XJTU-SY,"(0.05, 20, 60)"
S3_units,Bearing3_5,12,12,0.05,XJTU-SY,"(0.05, 20, 60)"
S3_units,Bearing3_5,12,12,0.05,XJTU-SY,"(0.05, 20, 60)"
S3_units,Bearing3_5,12,12,0.0,XJTU-SY,"(0.05, 20, 60)"
S3_units,Bearing3_5,12,12,0.0,XJTU-SY,"(0.05, 20, 60)"
S3_units,Bearing3_5,12,12,0.0,XJTU-SY,"(0.05, 20, 60)"
S3_units,Bearing3_5,12,12,0.0,XJTU-SY,"(0.05, 20, 60)"
S3_units,Bearing3_5,12,12,0.0,XJTU-SY,"(0.05, 20, 60)"
S3_units,Bearing3_5,12,12,0.4,XJTU-SY,"(0.05, 20, 60)"
S3_units,Bearing3_5,12,12,0.0,XJTU-SY,"(0.05, 20, 60)"
S3_units,Bearing3_5,12,12,0.0,XJTU-SY,"(0.05, 20, 60)"
S3_units,Bearing3_5,12,12,0.4,XJTU-SY,"(0.05, 20, 60)"
S3_units,Bearing3_5,12,12,0.05,XJTU-SY,"(0.05, 20, 60)"
S3_units,Bearing3_5,12,12,0.0,XJTU-SY,"(0.05, 20, 60)"
S3_units,Bearing3_5,12,12,0.0,XJTU-SY,"(0.05, 20, 60)"
S3_units,Bearing3_5,12,12,0.05,XJTU-SY,"(0.05, 20, 60)"
S3_units,Bearing3_5,12,12,0.0,XJTU-SY,"(0.05, 20, 60)"
S3_units,Bearing3_5,12,12,0.0,XJTU-SY,"(0.05, 20, 60)"
S3_units,Bearing3_5,12,12,0.0,XJTU-SY,"(0.05, 20, 60)"
S3_units,Bearing3_5,12,12,0.0,XJTU-SY,"(0.05, 20, 60)"
S3_units,Bearing3_5,12,12,0.0,XJTU-SY,"(0.05, 20, 60)"
S3_units,Bearing3_5,12,12,0.0,XJTU-SY,"(0.05, 20, 60)"
S3_units,Bearing3_5,12,12,0.0,XJTU-SY,"(0.05, 20, 60)"
S3_units,Bearing3_5,12,12,0.0,XJTU-SY,"(0.05, 20, 60)"
S3_units,Bearing3_5,12,12,0.0,XJTU-SY,"(0.05, 20, 60)"
S3_units,Bearing3_5,12,12,0.0,XJTU-SY,"(0.05, 20, 60)"
S3_units,Bearing3_5,12,12,0.0,XJTU-SY,"(0.05, 20, 60)"
S3_units,Bearing3_5,12,12,0.0,XJTU-SY,"(0.05, 20, 60)"
S3_units,Bearing3_5,12,12,0.0,XJTU-SY,"(0.05, 20, 60)"
S3_units,Bearing1_1,20,1,0.05,PRONOSTIA,"(0.1, 20, 60)"
S3_units,Bearing1_1,20,1,0.0,PRONOSTIA,"(0.1, 20, 60)"
S3_units,Bearing1_1,20,1,0.0,PRONOSTIA,"(0.1, 20, 60)"
S3_units,Bearing1_1,20,1,0.0,PRONOSTIA,"(0.1, 20, 60)"
S3_units,Bearing1_1,20,1,0.0,PRONOSTIA,"(0.1, 20, 60)"
S3_units,Bearing1_1,20,1,0.0,PRONOSTIA,"(0.1, 20, 60)"
S3_units,Bearing1_1,20,1,0.0,PRONOSTIA,"(0.1, 20, 60)"
S3_units,Bearing1_1,20,1,0.0,PRONOSTIA,"(0.1, 20, 60)"
S3_units,Bearing1_1,20,1,0.03333333333333333,PRONOSTIA,"(0.1, 20, 60)"
S3_units,Bearing1_1,20,1,0.0,PRONOSTIA,"(0.1, 20, 60)"
S3_units,Bearing1_1,20,1,0.0,PRONOSTIA,"(0.1, 20, 60)"
S3_units,Bearing1_1,20,1,0.0,PRONOSTIA,"(0.1, 20, 60)"
S3_units,Bearing1_1,20,1,0.5666666666666667,PRONOSTIA,"(0.1, 20, 60)"
S3_units,Bearing1_1,20,1,0.31666666666666665,PRONOSTIA,"(0.1, 20, 60)"
S3_units,Bearing1_1,20,1,0.1,PRONOSTIA,"(0.1, 20, 60)"
S3_units,Bearing1_1,20,1,0.0,PRONOSTIA,"(0.1, 20, 60)"
S3_units,Bearing1_1,20,1,0.0,PRONOSTIA,"(0.1, 20, 60)"
S3_units,Bearing1_1,20,1,0.16666666666666666,PRONOSTIA,"(0.1, 20, 60)"
S3_units,Bearing1_1,20,1,0.4,PRONOSTIA,"(0.1, 20, 60)"
S3_units,Bearing1_1,20,1,0.0,PRONOSTIA,"(0.1, 20, 60)"
S3_units,Bearing1_1,20,1,0.0,PRONOSTIA,"(0.1, 20, 60)"
S3_units,Bearing1_1,20,1,0.0,PRONOSTIA,"(0.1, 20, 60)"
S3_units,Bearing1_1,20,1,0.0,PRONOSTIA,"(0.1, 20, 60)"
S3_units,Bearing1_1,20,1,0.03333333333333333,PRONOSTIA,"(0.1, 20, 60)"
S3_units,Bearing1_1,20,1,0.06666666666666667,PRONOSTIA,"(0.1, 20, 60)"
S3_units,Bearing1_1,20,1,0.0,PRONOSTIA,"(0.1, 20, 60)"
S3_units,Bearing1_1,20,1,0.0,PRONOSTIA,"(0.1, 20, 60)"
S3_units,Bearing1_1,20,1,0.13333333333333333,PRONOSTIA,"(0.1, 20, 60)"
S3_units,Bearing1_1,20,1,0.0,PRONOSTIA,"(0.1, 20, 60)"
S3_units,Bearing1_1,20,1,0.0,PRONOSTIA,"(0.1, 20, 60)"
S3_units,Bearing1_1,16,16,0.0,PRONOSTIA,"(0.1, 20, 60)"
S3_units,Bearing1_1,16,16,0.016666666666666666,PRONOSTIA,"(0.1, 20, 60)"
S3_units,Bearing1_1,16,16,0.0,PRONOSTIA,"(0.1, 20, 60)"
S3_units,Bearing1_1,16,16,0.0,PRONOSTIA,"(0.1, 20, 60)"
S3_units,Bearing1_1,16,16,0.0,PRONOSTIA,"(0.1, 20, 60)"
S3_units,Bearing1_1,16,16,0.0,PRONOSTIA,"(0.1, 20, 60)"
S3_units,Bearing1_1,16,16,0.0,PRONOSTIA,"(0.1, 20, 60)"
S3_units,Bearing1_1,16,16,0.0,PRONOSTIA,"(0.1, 20, 60)"
S3_units,Bearing1_1,16,16,0.0,PRONOSTIA,"(0.1, 20, 60)"
S3_units,Bearing1_1,16,16,0.0,PRONOSTIA,"(0.1, 20, 60)"
S3_units,Bearing1_1,16,16,0.0,PRONOSTIA,"(0.1, 20, 60)"
S3_units,Bearing1_1,16,16,0.0,PRONOSTIA,"(0.1, 20, 60)"
S3_units,Bearing1_1,16,16,0.0,PRONOSTIA,"(0.1, 20, 60)"
S3_units,Bearing1_1,16,16,0.0,PRONOSTIA,"(0.1, 20, 60)"
S3_units,Bearing1_1,16,16,0.0,PRONOSTIA,"(0.1, 20, 60)"
S3_units,Bearing1_1,16,16,0.0,PRONOSTIA,"(0.1, 20, 60)"
S3_units,Bearing1_1,16,16,0.0,PRONOSTIA,"(0.1, 20, 60)"
S3_units,Bearing1_1,16,16,0.0,PRONOSTIA,"(0.1, 20, 60)"
S3_units,Bearing1_1,16,16,0.0,PRONOSTIA,"(0.1, 20, 60)"
S3_units,Bearing1_1,16,16,0.0,PRONOSTIA,"(0.1, 20, 60)"
S3_units,Bearing1_1,16,16,0.0,PRONOSTIA,"(0.1, 20, 60)"
S3_units,Bearing1_1,16,16,0.0,PRONOSTIA,"(0.1, 20, 60)"
S3_units,Bearing1_1,16,16,0.0,PRONOSTIA,"(0.1, 20, 60)"
S3_units,Bearing1_1,16,16,0.0,PRONOSTIA,"(0.1, 20, 60)"
S3_units,Bearing1_1,16,16,0.0,PRONOSTIA,"(0.1, 20, 60)"
S3_units,Bearing1_1,16,16,0.0,PRONOSTIA,"(0.1, 20, 60)"
S3_units,Bearing1_1,16,16,0.0,PRONOSTIA,"(0.1, 20, 60)"
S3_units,Bearing1_1,16,16,0.0,PRONOSTIA,"(0.1, 20, 60)"
S3_units,Bearing1_1,16,16,0.1,PRONOSTIA,"(0.1, 20, 60)"
S3_units,Bearing1_1,16,16,0.0,PRONOSTIA,"(0.1, 20, 60)"
S3_units,Bearing1_2,20,1,0.2,PRONOSTIA,"(0.1, 20, 60)"
S3_units,Bearing1_2,20,1,0.11666666666666667,PRONOSTIA,"(0.1, 20, 60)"
S3_units,Bearing1_2,20,1,0.0,PRONOSTIA,"(0.1, 20, 60)"
S3_units,Bearing1_2,20,1,0.06666666666666667,PRONOSTIA,"(0.1, 20, 60)"
S3_units,Bearing1_2,20,1,0.1,PRONOSTIA,"(0.1, 20, 60)"
S3_units,Bearing1_2,20,1,0.05,PRONOSTIA,"(0.1, 20, 60)"
S3_units,Bearing1_2,20,1,0.31666666666666665,PRONOSTIA,"(0.1, 20, 60)"
S3_units,Bearing1_2,20,1,0.35,PRONOSTIA,"(0.1, 20, 60)"
S3_units,Bearing1_2,20,1,0.13333333333333333,PRONOSTIA,"(0.1, 20, 60)"
S3_units,Bearing1_2,20,1,0.05,PRONOSTIA,"(0.1, 20, 60)"
S3_units,Bearing1_2,20,1,0.35,PRONOSTIA,"(0.1, 20, 60)"
S3_units,Bearing1_2,20,1,0.016666666666666666,PRONOSTIA,"(0.1, 20, 60)"
S3_units,Bearing1_2,20,1,0.2833333333333333,PRONOSTIA,"(0.1, 20, 60)"
S3_units,Bearing1_2,20,1,0.0,PRONOSTIA,"(0.1, 20, 60)"
S3_units,Bearing1_2,20,1,0.3,PRONOSTIA,"(0.1, 20, 60)"
S3_units,Bearing1_2,20,1,0.4166666666666667,PRONOSTIA,"(0.1, 20, 60)"
S3_units,Bearing1_2,20,1,0.31666666666666665,PRONOSTIA,"(0.1, 20, 60)"
S3_units,Bearing1_2,20,1,0.05,PRONOSTIA,"(0.1, 20, 60)"
S3_units,Bearing1_2,20,1,0.05,PRONOSTIA,"(0.1, 20, 60)"
S3_units,Bearing1_2,20,1,0.03333333333333333,PRONOSTIA,"(0.1, 20, 60)"
S3_units,Bearing1_2,20,1,0.2833333333333333,PRONOSTIA,"(0.1, 20, 60)"
S3_units,Bearing1_2,20,1,0.0,PRONOSTIA,"(0.1, 20, 60)"
S3_units,Bearing1_2,20,1,0.016666666666666666,PRONOSTIA,"(0.1, 20, 60)"
S3_units,Bearing1_2,20,1,0.1,PRONOSTIA,"(0.1, 20, 60)"
S3_units,Bearing1_2,20,1,0.13333333333333333,PRONOSTIA,"(0.1, 20, 60)"
S3_units,Bearing1_2,20,1,0.016666666666666666,PRONOSTIA,"(0.1, 20, 60)"
S3_units,Bearing1_2,20,1,0.05,PRONOSTIA,"(0.1, 20, 60)"
S3_units,Bearing1_2,20,1,0.11666666666666667,PRONOSTIA,"(0.1, 20, 60)"
S3_units,Bearing1_2,20,1,0.05,PRONOSTIA,"(0.1, 20, 60)"
S3_units,Bearing1_2,20,1,0.03333333333333333,PRONOSTIA,"(0.1, 20, 60)"
S3_units,Bearing1_2,16,16,0.03333333333333333,PRONOSTIA,"(0.1, 20, 60)"
S3_units,Bearing1_2,16,16,0.0,PRONOSTIA,"(0.1, 20, 60)"
S3_units,Bearing1_2,16,16,0.0,PRONOSTIA,"(0.1, 20, 60)"
S3_units,Bearing1_2,16,16,0.05,PRONOSTIA,"(0.1, 20, 60)"
S3_units,Bearing1_2,16,16,0.0,PRONOSTIA,"(0.1, 20, 60)"
S3_units,Bearing1_2,16,16,0.05,PRONOSTIA,"(0.1, 20, 60)"
S3_units,Bearing1_2,16,16,0.03333333333333333,PRONOSTIA,"(0.1, 20, 60)"
S3_units,Bearing1_2,16,16,0.0,PRONOSTIA,"(0.1, 20, 60)"
S3_units,Bearing1_2,16,16,0.0,PRONOSTIA,"(0.1, 20, 60)"
S3_units,Bearing1_2,16,16,0.0,PRONOSTIA,"(0.1, 20, 60)"
S3_units,Bearing1_2,16,16,0.05,PRONOSTIA,"(0.1, 20, 60)"
S3_units,Bearing1_2,16,16,0.016666666666666666,PRONOSTIA,"(0.1, 20, 60)"
S3_units,Bearing1_2,16,16,0.0,PRONOSTIA,"(0.1, 20, 60)"
S3_units,Bearing1_2,16,16,0.03333333333333333,PRONOSTIA,"(0.1, 20, 60)"
S3_units,Bearing1_2,16,16,0.0,PRONOSTIA,"(0.1, 20, 60)"
S3_units,Bearing1_2,16,16,0.05,PRONOSTIA,"(0.1, 20, 60)"
S3_units,Bearing1_2,16,16,0.05,PRONOSTIA,"(0.1, 20, 60)"
S3_units,Bearing1_2,16,16,0.0,PRONOSTIA,"(0.1, 20, 60)"
S3_units,Bearing1_2,16,16,0.0,PRONOSTIA,"(0.1, 20, 60)"
S3_units,Bearing1_2,16,16,0.0,PRONOSTIA,"(0.1, 20, 60)"
S3_units,Bearing1_2,16,16,0.05,PRONOSTIA,"(0.1, 20, 60)"
S3_units,Bearing1_2,16,16,0.0,PRONOSTIA,"(0.1, 20, 60)"
S3_units,Bearing1_2,16,16,0.0,PRONOSTIA,"(0.1, 20, 60)"
S3_units,Bearing1_2,16,16,0.0,PRONOSTIA,"(0.1, 20, 60)"
S3_units,Bearing1_2,16,16,0.03333333333333333,PRONOSTIA,"(0.1, 20, 60)"
S3_units,Bearing1_2,16,16,0.016666666666666666,PRONOSTIA,"(0.1, 20, 60)"
S3_units,Bearing1_2,16,16,0.0,PRONOSTIA,"(0.1, 20, 60)"
S3_units,Bearing1_2,16,16,0.1,PRONOSTIA,"(0.1, 20, 60)"
S3_units,Bearing1_2,16,16,0.0,PRONOSTIA,"(0.1, 20, 60)"
S3_units,Bearing1_2,16,16,0.03333333333333333,PRONOSTIA,"(0.1, 20, 60)"
S3_units,Bearing1_3,20,1,0.6333333333333333,PRONOSTIA,"(0.1, 20, 60)"
S3_units,Bearing1_3,20,1,0.016666666666666666,PRONOSTIA,"(0.1, 20, 60)"
S3_units,Bearing1_3,20,1,0.23333333333333334,PRONOSTIA,"(0.1, 20, 60)"
S3_units,Bearing1_3,20,1,0.2,PRONOSTIA,"(0.1, 20, 60)"
S3_units,Bearing1_3,20,1,0.13333333333333333,PRONOSTIA,"(0.1, 20, 60)"
S3_units,Bearing1_3,20,1,0.18333333333333332,PRONOSTIA,"(0.1, 20, 60)"
S3_units,Bearing1_3,20,1,0.0,PRONOSTIA,"(0.1, 20, 60)"
S3_units,Bearing1_3,20,1,0.13333333333333333,PRONOSTIA,"(0.1, 20, 60)"
S3_units,Bearing1_3,20,1,0.15,PRONOSTIA,"(0.1, 20, 60)"
S3_units,Bearing1_3,20,1,0.3333333333333333,PRONOSTIA,"(0.1, 20, 60)"
S3_units,Bearing1_3,20,1,0.0,PRONOSTIA,"(0.1, 20, 60)"
S3_units,Bearing1_3,20,1,0.7333333333333333,PRONOSTIA,"(0.1, 20, 60)"
S3_units,Bearing1_3,20,1,0.0,PRONOSTIA,"(0.1, 20, 60)"
S3_units,Bearing1_3,20,1,0.31666666666666665,PRONOSTIA,"(0.1, 20, 60)"
S3_units,Bearing1_3,20,1,0.0,PRONOSTIA,"(0.1, 20, 60)"
S3_units,Bearing1_3,20,1,0.48333333333333334,PRONOSTIA,"(0.1, 20, 60)"
S3_units,Bearing1_3,20,1,0.15,PRONOSTIA,"(0.1, 20, 60)"
S3_units,Bearing1_3,20,1,0.4166666666666667,PRONOSTIA,"(0.1, 20, 60)"
S3_units,Bearing1_3,20,1,0.21666666666666667,PRONOSTIA,"(0.1, 20, 60)"
S3_units,Bearing1_3,20,1,0.21666666666666667,PRONOSTIA,"(0.1, 20, 60)"
S3_units,Bearing1_3,20,1,0.38333333333333336,PRONOSTIA,"(0.1, 20, 60)"
S3_units,Bearing1_3,20,1,0.016666666666666666,PRONOSTIA,"(0.1, 20, 60)"
S3_units,Bearing1_3,20,1,0.26666666666666666,PRONOSTIA,"(0.1, 20, 60)"
S3_units,Bearing1_3,20,1,0.05,PRONOSTIA,"(0.1, 20, 60)"
S3_units,Bearing1_3,20,1,0.08333333333333333,PRONOSTIA,"(0.1, 20, 60)"
S3_units,Bearing1_3,20,1,0.0,PRONOSTIA,"(0.1, 20, 60)"
S3_units,Bearing1_3,20,1,0.31666666666666665,PRONOSTIA,"(0.1, 20, 60)"
S3_units,Bearing1_3,20,1,0.2,PRONOSTIA,"(0.1, 20, 60)"
S3_units,Bearing1_3,20,1,0.5833333333333334,PRONOSTIA,"(0.1, 20, 60)"
S3_units,Bearing1_3,20,1,0.15,PRONOSTIA,"(0.1, 20, 60)"
S3_units,Bearing1_3,16,16,0.1,PRONOSTIA,"(0.1, 20, 60)"
S3_units,Bearing1_3,16,16,0.0,PRONOSTIA,"(0.1, 20, 60)"
S3_units,Bearing1_3,16,16,0.0,PRONOSTIA,"(0.1, 20, 60)"
S3_units,Bearing1_3,16,16,0.06666666666666667,PRONOSTIA,"(0.1, 20, 60)"
S3_units,Bearing1_3,16,16,0.2,PRONOSTIA,"(0.1, 20, 60)"
S3_units,Bearing1_3,16,16,0.06666666666666667,PRONOSTIA,"(0.1, 20, 60)"
S3_units,Bearing1_3,16,16,0.05,PRONOSTIA,"(0.1, 20, 60)"
S3_units,Bearing1_3,16,16,0.016666666666666666,PRONOSTIA,"(0.1, 20, 60)"
S3_units,Bearing1_3,16,16,0.0,PRONOSTIA,"(0.1, 20, 60)"
S3_units,Bearing1_3,16,16,0.18333333333333332,PRONOSTIA,"(0.1, 20, 60)"
S3_units,Bearing1_3,16,16,0.0,PRONOSTIA,"(0.1, 20, 60)"
S3_units,Bearing1_3,16,16,0.08333333333333333,PRONOSTIA,"(0.1, 20, 60)"
S3_units,Bearing1_3,16,16,0.0,PRONOSTIA,"(0.1, 20, 60)"
S3_units,Bearing1_3,16,16,0.06666666666666667,PRONOSTIA,"(0.1, 20, 60)"
S3_units,Bearing1_3,16,16,0.08333333333333333,PRONOSTIA,"(0.1, 20, 60)"
S3_units,Bearing1_3,16,16,0.15,PRONOSTIA,"(0.1, 20, 60)"
S3_units,Bearing1_3,16,16,0.0,PRONOSTIA,"(0.1, 20, 60)"
S3_units,Bearing1_3,16,16,0.05,PRONOSTIA,"(0.1, 20, 60)"
S3_units,Bearing1_3,16,16,0.03333333333333333,PRONOSTIA,"(0.1, 20, 60)"
S3_units,Bearing1_3,16,16,0.06666666666666667,PRONOSTIA,"(0.1, 20, 60)"
S3_units,Bearing1_3,16,16,0.0,PRONOSTIA,"(0.1, 20, 60)"
S3_units,Bearing1_3,16,16,0.03333333333333333,PRONOSTIA,"(0.1, 20, 60)"
S3_units,Bearing1_3,16,16,0.0,PRONOSTIA,"(0.1, 20, 60)"
S3_units,Bearing1_3,16,16,0.0,PRONOSTIA,"(0.1, 20, 60)"
S3_units,Bearing1_3,16,16,0.1,PRONOSTIA,"(0.1, 20, 60)"
S3_units,Bearing1_3,16,16,0.0,PRONOSTIA,"(0.1, 20, 60)"
S3_units,Bearing1_3,16,16,0.0,PRONOSTIA,"(0.1, 20, 60)"
S3_units,Bearing1_3,16,16,0.15,PRONOSTIA,"(0.1, 20, 60)"
S3_units,Bearing1_3,16,16,0.13333333333333333,PRONOSTIA,"(0.1, 20, 60)"
S3_units,Bearing1_3,16,16,0.2,PRONOSTIA,"(0.1, 20, 60)"
S3_units,Bearing1_4,20,1,0.08333333333333333,PRONOSTIA,"(0.1, 20, 60)"
S3_units,Bearing1_4,20,1,0.4666666666666667,PRONOSTIA,"(0.1, 20, 60)"
S3_units,Bearing1_4,20,1,0.0,PRONOSTIA,"(0.1, 20, 60)"
S3_units,Bearing1_4,20,1,0.08333333333333333,PRONOSTIA,"(0.1, 20, 60)"
S3_units,Bearing1_4,20,1,0.7166666666666667,PRONOSTIA,"(0.1, 20, 60)"
S3_units,Bearing1_4,20,1,0.03333333333333333,PRONOSTIA,"(0.1, 20, 60)"
S3_units,Bearing1_4,20,1,0.0,PRONOSTIA,"(0.1, 20, 60)"
S3_units,Bearing1_4,20,1,0.0,PRONOSTIA,"(0.1, 20, 60)"
S3_units,Bearing1_4,20,1,0.5333333333333333,PRONOSTIA,"(0.1, 20, 60)"
S3_units,Bearing1_4,20,1,0.0,PRONOSTIA,"(0.1, 20, 60)"
S3_units,Bearing1_4,20,1,0.0,PRONOSTIA,"(0.1, 20, 60)"
S3_units,Bearing1_4,20,1,0.9833333333333333,PRONOSTIA,"(0.1, 20, 60)"
S3_units,Bearing1_4,20,1,0.0,PRONOSTIA,"(0.1, 20, 60)"
S3_units,Bearing1_4,20,1,0.0,PRONOSTIA,"(0.1, 20, 60)"
S3_units,Bearing1_4,20,1,0.016666666666666666,PRONOSTIA,"(0.1, 20, 60)"
S3_units,Bearing1_4,20,1,0.3,PRONOSTIA,"(0.1, 20, 60)"
S3_units,Bearing1_4,20,1,0.11666666666666667,PRONOSTIA,"(0.1, 20, 60)"
S3_units,Bearing1_4,20,1,0.05,PRONOSTIA,"(0.1, 20, 60)"
S3_units,Bearing1_4,20,1,0.0,PRONOSTIA,"(0.1, 20, 60)"
S3_units,Bearing1_4,20,1,0.0,PRONOSTIA,"(0.1, 20, 60)"
S3_units,Bearing1_4,20,1,0.05,PRONOSTIA,"(0.1, 20, 60)"
S3_units,Bearing1_4,20,1,0.06666666666666667,PRONOSTIA,"(0.1, 20, 60)"
S3_units,Bearing1_4,20,1,0.0,PRONOSTIA,"(0.1, 20, 60)"
S3_units,Bearing1_4,20,1,0.0,PRONOSTIA,"(0.1, 20, 60)"
S3_units,Bearing1_4,20,1,0.0,PRONOSTIA,"(0.1, 20, 60)"
S3_units,Bearing1_4,20,1,0.0,PRONOSTIA,"(0.1, 20, 60)"
S3_units,Bearing1_4,20,1,0.0,PRONOSTIA,"(0.1, 20, 60)"
S3_units,Bearing1_4,20,1,0.0,PRONOSTIA,"(0.1, 20, 60)"
S3_units,Bearing1_4,20,1,0.0,PRONOSTIA,"(0.1, 20, 60)"
S3_units,Bearing1_4,20,1,0.0,PRONOSTIA,"(0.1, 20, 60)"
S3_units,Bearing1_4,16,16,0.0,PRONOSTIA,"(0.1, 20, 60)"
S3_units,Bearing1_4,16,16,0.0,PRONOSTIA,"(0.1, 20, 60)"
S3_units,Bearing1_4,16,16,0.0,PRONOSTIA,"(0.1, 20, 60)"
S3_units,Bearing1_4,16,16,0.0,PRONOSTIA,"(0.1, 20, 60)"
S3_units,Bearing1_4,16,16,0.0,PRONOSTIA,"(0.1, 20, 60)"
S3_units,Bearing1_4,16,16,0.0,PRONOSTIA,"(0.1, 20, 60)"
S3_units,Bearing1_4,16,16,0.0,PRONOSTIA,"(0.1, 20, 60)"
S3_units,Bearing1_4,16,16,0.0,PRONOSTIA,"(0.1, 20, 60)"
S3_units,Bearing1_4,16,16,0.0,PRONOSTIA,"(0.1, 20, 60)"
S3_units,Bearing1_4,16,16,0.0,PRONOSTIA,"(0.1, 20, 60)"
S3_units,Bearing1_4,16,16,0.0,PRONOSTIA,"(0.1, 20, 60)"
S3_units,Bearing1_4,16,16,0.0,PRONOSTIA,"(0.1, 20, 60)"
S3_units,Bearing1_4,16,16,0.0,PRONOSTIA,"(0.1, 20, 60)"
S3_units,Bearing1_4,16,16,0.0,PRONOSTIA,"(0.1, 20, 60)"
S3_units,Bearing1_4,16,16,0.0,PRONOSTIA,"(0.1, 20, 60)"
S3_units,Bearing1_4,16,16,0.0,PRONOSTIA,"(0.1, 20, 60)"
S3_units,Bearing1_4,16,16,0.0,PRONOSTIA,"(0.1, 20, 60)"
S3_units,Bearing1_4,16,16,0.0,PRONOSTIA,"(0.1, 20, 60)"
S3_units,Bearing1_4,16,16,0.0,PRONOSTIA,"(0.1, 20, 60)"
S3_units,Bearing1_4,16,16,0.0,PRONOSTIA,"(0.1, 20, 60)"
S3_units,Bearing1_4,16,16,0.0,PRONOSTIA,"(0.1, 20, 60)"
S3_units,Bearing1_4,16,16,0.0,PRONOSTIA,"(0.1, 20, 60)"
S3_units,Bearing1_4,16,16,0.0,PRONOSTIA,"(0.1, 20, 60)"
S3_units,Bearing1_4,16,16,0.0,PRONOSTIA,"(0.1, 20, 60)"
S3_units,Bearing1_4,16,16,0.0,PRONOSTIA,"(0.1, 20, 60)"
S3_units,Bearing1_4,16,16,0.0,PRONOSTIA,"(0.1, 20, 60)"
S3_units,Bearing1_4,16,16,0.0,PRONOSTIA,"(0.1, 20, 60)"
S3_units,Bearing1_4,16,16,0.0,PRONOSTIA,"(0.1, 20, 60)"
S3_units,Bearing1_4,16,16,0.0,PRONOSTIA,"(0.1, 20, 60)"
S3_units,Bearing1_4,16,16,0.0,PRONOSTIA,"(0.1, 20, 60)"
S3_units,Bearing1_5,20,1,0.0,PRONOSTIA,"(0.1, 20, 60)"
S3_units,Bearing1_5,20,1,0.0,PRONOSTIA,"(0.1, 20, 60)"
S3_units,Bearing1_5,20,1,0.03333333333333333,PRONOSTIA,"(0.1, 20, 60)"
S3_units,Bearing1_5,20,1,0.1,PRONOSTIA,"(0.1, 20, 60)"
S3_units,Bearing1_5,20,1,0.2,PRONOSTIA,"(0.1, 20, 60)"
S3_units,Bearing1_5,20,1,0.0,PRONOSTIA,"(0.1, 20, 60)"
S3_units,Bearing1_5,20,1,0.0,PRONOSTIA,"(0.1, 20, 60)"
S3_units,Bearing1_5,20,1,0.0,PRONOSTIA,"(0.1, 20, 60)"
S3_units,Bearing1_5,20,1,0.0,PRONOSTIA,"(0.1, 20, 60)"
S3_units,Bearing1_5,20,1,0.0,PRONOSTIA,"(0.1, 20, 60)"
S3_units,Bearing1_5,20,1,0.03333333333333333,PRONOSTIA,"(0.1, 20, 60)"
S3_units,Bearing1_5,20,1,0.0,PRONOSTIA,"(0.1, 20, 60)"
S3_units,Bearing1_5,20,1,0.0,PRONOSTIA,"(0.1, 20, 60)"
S3_units,Bearing1_5,20,1,0.0,PRONOSTIA,"(0.1, 20, 60)"
S3_units,Bearing1_5,20,1,0.06666666666666667,PRONOSTIA,"(0.1, 20, 60)"
S3_units,Bearing1_5,20,1,0.05,PRONOSTIA,"(0.1, 20, 60)"
S3_units,Bearing1_5,20,1,0.1,PRONOSTIA,"(0.1, 20, 60)"
S3_units,Bearing1_5,20,1,0.03333333333333333,PRONOSTIA,"(0.1, 20, 60)"
S3_units,Bearing1_5,20,1,0.0,PRONOSTIA,"(0.1, 20, 60)"
S3_units,Bearing1_5,20,1,0.05,PRONOSTIA,"(0.1, 20, 60)"
S3_units,Bearing1_5,20,1,0.0,PRONOSTIA,"(0.1, 20, 60)"
S3_units,Bearing1_5,20,1,0.0,PRONOSTIA,"(0.1, 20, 60)"
S3_units,Bearing1_5,20,1,0.03333333333333333,PRONOSTIA,"(0.1, 20, 60)"
S3_units,Bearing1_5,20,1,0.03333333333333333,PRONOSTIA,"(0.1, 20, 60)"
S3_units,Bearing1_5,20,1,0.0,PRONOSTIA,"(0.1, 20, 60)"
S3_units,Bearing1_5,20,1,0.1,PRONOSTIA,"(0.1, 20, 60)"
S3_units,Bearing1_5,20,1,0.08333333333333333,PRONOSTIA,"(0.1, 20, 60)"
S3_units,Bearing1_5,20,1,0.03333333333333333,PRONOSTIA,"(0.1, 20, 60)"
S3_units,Bearing1_5,20,1,0.11666666666666667,PRONOSTIA,"(0.1, 20, 60)"
S3_units,Bearing1_5,20,1,0.0,PRONOSTIA,"(0.1, 20, 60)"
S3_units,Bearing1_5,16,16,0.0,PRONOSTIA,"(0.1, 20, 60)"
S3_units,Bearing1_5,16,16,0.0,PRONOSTIA,"(0.1, 20, 60)"
S3_units,Bearing1_5,16,16,0.0,PRONOSTIA,"(0.1, 20, 60)"
S3_units,Bearing1_5,16,16,0.0,PRONOSTIA,"(0.1, 20, 60)"
S3_units,Bearing1_5,16,16,0.0,PRONOSTIA,"(0.1, 20, 60)"
S3_units,Bearing1_5,16,16,0.0,PRONOSTIA,"(0.1, 20, 60)"
S3_units,Bearing1_5,16,16,0.0,PRONOSTIA,"(0.1, 20, 60)"
S3_units,Bearing1_5,16,16,0.0,PRONOSTIA,"(0.1, 20, 60)"
S3_units,Bearing1_5,16,16,0.016666666666666666,PRONOSTIA,"(0.1, 20, 60)"
S3_units,Bearing1_5,16,16,0.0,PRONOSTIA,"(0.1, 20, 60)"
S3_units,Bearing1_5,16,16,0.03333333333333333,PRONOSTIA,"(0.1, 20, 60)"
S3_units,Bearing1_5,16,16,0.0,PRONOSTIA,"(0.1, 20, 60)"
S3_units,Bearing1_5,16,16,0.016666666666666666,PRONOSTIA,"(0.1, 20, 60)"
S3_units,Bearing1_5,16,16,0.0,PRONOSTIA,"(0.1, 20, 60)"
S3_units,Bearing1_5,16,16,0.0,PRONOSTIA,"(0.1, 20, 60)"
S3_units,Bearing1_5,16,16,0.03333333333333333,PRONOSTIA,"(0.1, 20, 60)"
S3_units,Bearing1_5,16,16,0.03333333333333333,PRONOSTIA,"(0.1, 20, 60)"
S3_units,Bearing1_5,16,16,0.03333333333333333,PRONOSTIA,"(0.1, 20, 60)"
S3_units,Bearing1_5,16,16,0.0,PRONOSTIA,"(0.1, 20, 60)"
S3_units,Bearing1_5,16,16,0.0,PRONOSTIA,"(0.1, 20, 60)"
S3_units,Bearing1_5,16,16,0.0,PRONOSTIA,"(0.1, 20, 60)"
S3_units,Bearing1_5,16,16,0.0,PRONOSTIA,"(0.1, 20, 60)"
S3_units,Bearing1_5,16,16,0.0,PRONOSTIA,"(0.1, 20, 60)"
S3_units,Bearing1_5,16,16,0.016666666666666666,PRONOSTIA,"(0.1, 20, 60)"
S3_units,Bearing1_5,16,16,0.0,PRONOSTIA,"(0.1, 20, 60)"
S3_units,Bearing1_5,16,16,0.0,PRONOSTIA,"(0.1, 20, 60)"
S3_units,Bearing1_5,16,16,0.0,PRONOSTIA,"(0.1, 20, 60)"
S3_units,Bearing1_5,16,16,0.0,PRONOSTIA,"(0.1, 20, 60)"
S3_units,Bearing1_5,16,16,0.0,PRONOSTIA,"(0.1, 20, 60)"
S3_units,Bearing1_5,16,16,0.0,PRONOSTIA,"(0.1, 20, 60)"
S3_units,Bearing1_6,20,1,0.8,PRONOSTIA,"(0.1, 20, 60)"
S3_units,Bearing1_6,20,1,0.7166666666666667,PRONOSTIA,"(0.1, 20, 60)"
S3_units,Bearing1_6,20,1,0.5666666666666667,PRONOSTIA,"(0.1, 20, 60)"
S3_units,Bearing1_6,20,1,0.0,PRONOSTIA,"(0.1, 20, 60)"
S3_units,Bearing1_6,20,1,0.016666666666666666,PRONOSTIA,"(0.1, 20, 60)"
S3_units,Bearing1_6,20,1,0.48333333333333334,PRONOSTIA,"(0.1, 20, 60)"
S3_units,Bearing1_6,20,1,0.0,PRONOSTIA,"(0.1, 20, 60)"
S3_units,Bearing1_6,20,1,0.18333333333333332,PRONOSTIA,"(0.1, 20, 60)"
S3_units,Bearing1_6,20,1,0.03333333333333333,PRONOSTIA,"(0.1, 20, 60)"
S3_units,Bearing1_6,20,1,0.3333333333333333,PRONOSTIA,"(0.1, 20, 60)"
S3_units,Bearing1_6,20,1,0.0,PRONOSTIA,"(0.1, 20, 60)"
S3_units,Bearing1_6,20,1,0.7,PRONOSTIA,"(0.1, 20, 60)"
S3_units,Bearing1_6,20,1,0.15,PRONOSTIA,"(0.1, 20, 60)"
S3_units,Bearing1_6,20,1,0.35,PRONOSTIA,"(0.1, 20, 60)"
S3_units,Bearing1_6,20,1,0.3,PRONOSTIA,"(0.1, 20, 60)"
S3_units,Bearing1_6,20,1,0.75,PRONOSTIA,"(0.1, 20, 60)"
S3_units,Bearing1_6,20,1,0.2833333333333333,PRONOSTIA,"(0.1, 20, 60)"
S3_units,Bearing1_6,20,1,0.13333333333333333,PRONOSTIA,"(0.1, 20, 60)"
S3_units,Bearing1_6,20,1,0.4166666666666667,PRONOSTIA,"(0.1, 20, 60)"
S3_units,Bearing1_6,20,1,0.0,PRONOSTIA,"(0.1, 20, 60)"
S3_units,Bearing1_6,20,1,0.0,PRONOSTIA,"(0.1, 20, 60)"
S3_units,Bearing1_6,20,1,0.16666666666666666,PRONOSTIA,"(0.1, 20, 60)"
S3_units,Bearing1_6,20,1,0.6666666666666666,PRONOSTIA,"(0.1, 20, 60)"
S3_units,Bearing1_6,20,1,0.43333333333333335,PRONOSTIA,"(0.1, 20, 60)"
S3_units,Bearing1_6,20,1,0.4,PRONOSTIA,"(0.1, 20, 60)"
S3_units,Bearing1_6,20,1,0.08333333333333333,PRONOSTIA,"(0.1, 20, 60)"
S3_units,Bearing1_6,20,1,0.03333333333333333,PRONOSTIA,"(0.1, 20, 60)"
S3_units,Bearing1_6,20,1,0.0,PRONOSTIA,"(0.1, 20, 60)"
S3_units,Bearing1_6,20,1,0.0,PRONOSTIA,"(0.1, 20, 60)"
S3_units,Bearing1_6,20,1,0.3,PRONOSTIA,"(0.1, 20, 60)"
S3_units,Bearing1_6,16,16,0.0,PRONOSTIA,"(0.1, 20, 60)"
S3_units,Bearing1_6,16,16,0.23333333333333334,PRONOSTIA,"(0.1, 20, 60)"
S3_units,Bearing1_6,16,16,0.0,PRONOSTIA,"(0.1, 20, 60)"
S3_units,Bearing1_6,16,16,0.016666666666666666,PRONOSTIA,"(0.1, 20, 60)"
S3_units,Bearing1_6,16,16,0.016666666666666666,PRONOSTIA,"(0.1, 20, 60)"
S3_units,Bearing1_6,16,16,0.0,PRONOSTIA,"(0.1, 20, 60)"
S3_units,Bearing1_6,16,16,0.0,PRONOSTIA,"(0.1, 20, 60)"
S3_units,Bearing1_6,16,16,0.0,PRONOSTIA,"(0.1, 20, 60)"
S3_units,Bearing1_6,16,16,0.06666666666666667,PRONOSTIA,"(0.1, 20, 60)"
S3_units,Bearing1_6,16,16,0.06666666666666667,PRONOSTIA,"(0.1, 20, 60)"
S3_units,Bearing1_6,16,16,0.0,PRONOSTIA,"(0.1, 20, 60)"
S3_units,Bearing1_6,16,16,0.05,PRONOSTIA,"(0.1, 20, 60)"
S3_units,Bearing1_6,16,16,0.03333333333333333,PRONOSTIA,"(0.1, 20, 60)"
S3_units,Bearing1_6,16,16,0.016666666666666666,PRONOSTIA,"(0.1, 20, 60)"
S3_units,Bearing1_6,16,16,0.0,PRONOSTIA,"(0.1, 20, 60)"
S3_units,Bearing1_6,16,16,0.0,PRONOSTIA,"(0.1, 20, 60)"
S3_units,Bearing1_6,16,16,0.0,PRONOSTIA,"(0.1, 20, 60)"
S3_units,Bearing1_6,16,16,0.0,PRONOSTIA,"(0.1, 20, 60)"
S3_units,Bearing1_6,16,16,0.016666666666666666,PRONOSTIA,"(0.1, 20, 60)"
S3_units,Bearing1_6,16,16,0.08333333333333333,PRONOSTIA,"(0.1, 20, 60)"
S3_units,Bearing1_6,16,16,0.016666666666666666,PRONOSTIA,"(0.1, 20, 60)"
S3_units,Bearing1_6,16,16,0.0,PRONOSTIA,"(0.1, 20, 60)"
S3_units,Bearing1_6,16,16,0.0,PRONOSTIA,"(0.1, 20, 60)"
S3_units,Bearing1_6,16,16,0.05,PRONOSTIA,"(0.1, 20, 60)"
S3_units,Bearing1_6,16,16,0.016666666666666666,PRONOSTIA,"(0.1, 20, 60)"
S3_units,Bearing1_6,16,16,0.0,PRONOSTIA,"(0.1, 20, 60)"
S3_units,Bearing1_6,16,16,0.08333333333333333,PRONOSTIA,"(0.1, 20, 60)"
S3_units,Bearing1_6,16,16,0.0,PRONOSTIA,"(0.1, 20, 60)"
S3_units,Bearing1_6,16,16,0.0,PRONOSTIA,"(0.1, 20, 60)"
S3_units,Bearing1_6,16,16,0.05,PRONOSTIA,"(0.1, 20, 60)"
S3_units,Bearing1_7,20,1,0.0,PRONOSTIA,"(0.1, 20, 60)"
S3_units,Bearing1_7,20,1,0.016666666666666666,PRONOSTIA,"(0.1, 20, 60)"
S3_units,Bearing1_7,20,1,0.1,PRONOSTIA,"(0.1, 20, 60)"
S3_units,Bearing1_7,20,1,0.03333333333333333,PRONOSTIA,"(0.1, 20, 60)"
S3_units,Bearing1_7,20,1,0.13333333333333333,PRONOSTIA,"(0.1, 20, 60)"
S3_units,Bearing1_7,20,1,0.0,PRONOSTIA,"(0.1, 20, 60)"
S3_units,Bearing1_7,20,1,0.15,PRONOSTIA,"(0.1, 20, 60)"
S3_units,Bearing1_7,20,1,0.18333333333333332,PRONOSTIA,"(0.1, 20, 60)"
S3_units,Bearing1_7,20,1,0.13333333333333333,PRONOSTIA,"(0.1, 20, 60)"
S3_units,Bearing1_7,20,1,0.0,PRONOSTIA,"(0.1, 20, 60)"
S3_units,Bearing1_7,20,1,0.0,PRONOSTIA,"(0.1, 20, 60)"
S3_units,Bearing1_7,20,1,0.4666666666666667,PRONOSTIA,"(0.1, 20, 60)"
S3_units,Bearing1_7,20,1,0.016666666666666666,PRONOSTIA,"(0.1, 20, 60)"
S3_units,Bearing1_7,20,1,0.0,PRONOSTIA,"(0.1, 20, 60)"
S3_units,Bearing1_7,20,1,0.2833333333333333,PRONOSTIA,"(0.1, 20, 60)"
S3_units,Bearing1_7,20,1,0.55,PRONOSTIA,"(0.1, 20, 60)"
S3_units,Bearing1_7,20,1,0.0,PRONOSTIA,"(0.1, 20, 60)"
S3_units,Bearing1_7,20,1,0.016666666666666666,PRONOSTIA,"(0.1, 20, 60)"
S3_units,Bearing1_7,20,1,0.38333333333333336,PRONOSTIA,"(0.1, 20, 60)"
S3_units,Bearing1_7,20,1,0.016666666666666666,PRONOSTIA,"(0.1, 20, 60)"
S3_units,Bearing1_7,20,1,0.016666666666666666,PRONOSTIA,"(0.1, 20, 60)"
S3_units,Bearing1_7,20,1,0.0,PRONOSTIA,"(0.1, 20, 60)"
S3_units,Bearing1_7,20,1,0.06666666666666667,PRONOSTIA,"(0.1, 20, 60)"
S3_units,Bearing1_7,20,1,0.2833333333333333,PRONOSTIA,"(0.1, 20, 60)"
S3_units,Bearing1_7,20,1,0.65,PRONOSTIA,"(0.1, 20, 60)"
S3_units,Bearing1_7,20,1,0.4,PRONOSTIA,"(0.1, 20, 60)"
S3_units,Bearing1_7,20,1,0.0,PRONOSTIA,"(0.1, 20, 60)"
S3_units,Bearing1_7,20,1,0.38333333333333336,PRONOSTIA,"(0.1, 20, 60)"
S3_units,Bearing1_7,20,1,0.4,PRONOSTIA,"(0.1, 20, 60)"
S3_units,Bearing1_7,20,1,0.0,PRONOSTIA,"(0.1, 20, 60)"
S3_units,Bearing1_7,16,16,0.0,PRONOSTIA,"(0.1, 20, 60)"
S3_units,Bearing1_7,16,16,0.016666666666666666,PRONOSTIA,"(0.1, 20, 60)"
S3_units,Bearing1_7,16,16,0.0,PRONOSTIA,"(0.1, 20, 60)"
S3_units,Bearing1_7,16,16,0.0,PRONOSTIA,"(0.1, 20, 60)"
S3_units,Bearing1_7,16,16,0.0,PRONOSTIA,"(0.1, 20, 60)"
S3_units,Bearing1_7,16,16,0.0,PRONOSTIA,"(0.1, 20, 60)"
S3_units,Bearing1_7,16,16,0.0,PRONOSTIA,"(0.1, 20, 60)"
S3_units,Bearing1_7,16,16,0.0,PRONOSTIA,"(0.1, 20, 60)"
S3_units,Bearing1_7,16,16,0.0,PRONOSTIA,"(0.1, 20, 60)"
S3_units,Bearing1_7,16,16,0.0,PRONOSTIA,"(0.1, 20, 60)"
S3_units,Bearing1_7,16,16,0.0,PRONOSTIA,"(0.1, 20, 60)"
S3_units,Bearing1_7,16,16,0.0,PRONOSTIA,"(0.1, 20, 60)"
S3_units,Bearing1_7,16,16,0.016666666666666666,PRONOSTIA,"(0.1, 20, 60)"
S3_units,Bearing1_7,16,16,0.0,PRONOSTIA,"(0.1, 20, 60)"
S3_units,Bearing1_7,16,16,0.016666666666666666,PRONOSTIA,"(0.1, 20, 60)"
S3_units,Bearing1_7,16,16,0.0,PRONOSTIA,"(0.1, 20, 60)"
S3_units,Bearing1_7,16,16,0.0,PRONOSTIA,"(0.1, 20, 60)"
S3_units,Bearing1_7,16,16,0.0,PRONOSTIA,"(0.1, 20, 60)"
S3_units,Bearing1_7,16,16,0.0,PRONOSTIA,"(0.1, 20, 60)"
S3_units,Bearing1_7,16,16,0.0,PRONOSTIA,"(0.1, 20, 60)"
S3_units,Bearing1_7,16,16,0.016666666666666666,PRONOSTIA,"(0.1, 20, 60)"
S3_units,Bearing1_7,16,16,0.0,PRONOSTIA,"(0.1, 20, 60)"
S3_units,Bearing1_7,16,16,0.0,PRONOSTIA,"(0.1, 20, 60)"
S3_units,Bearing1_7,16,16,0.0,PRONOSTIA,"(0.1, 20, 60)"
S3_units,Bearing1_7,16,16,0.0,PRONOSTIA,"(0.1, 20, 60)"
S3_units,Bearing1_7,16,16,0.016666666666666666,PRONOSTIA,"(0.1, 20, 60)"
S3_units,Bearing1_7,16,16,0.03333333333333333,PRONOSTIA,"(0.1, 20, 60)"
S3_units,Bearing1_7,16,16,0.0,PRONOSTIA,"(0.1, 20, 60)"
S3_units,Bearing1_7,16,16,0.0,PRONOSTIA,"(0.1, 20, 60)"
S3_units,Bearing1_7,16,16,0.03333333333333333,PRONOSTIA,"(0.1, 20, 60)"
S3_units,Bearing2_1,20,1,0.11666666666666667,PRONOSTIA,"(0.1, 20, 60)"
S3_units,Bearing2_1,20,1,0.016666666666666666,PRONOSTIA,"(0.1, 20, 60)"
S3_units,Bearing2_1,20,1,0.15,PRONOSTIA,"(0.1, 20, 60)"
S3_units,Bearing2_1,20,1,0.13333333333333333,PRONOSTIA,"(0.1, 20, 60)"
S3_units,Bearing2_1,20,1,0.3,PRONOSTIA,"(0.1, 20, 60)"
S3_units,Bearing2_1,20,1,0.1,PRONOSTIA,"(0.1, 20, 60)"
S3_units,Bearing2_1,20,1,0.05,PRONOSTIA,"(0.1, 20, 60)"
S3_units,Bearing2_1,20,1,0.25,PRONOSTIA,"(0.1, 20, 60)"
S3_units,Bearing2_1,20,1,0.8666666666666667,PRONOSTIA,"(0.1, 20, 60)"
S3_units,Bearing2_1,20,1,0.13333333333333333,PRONOSTIA,"(0.1, 20, 60)"
S3_units,Bearing2_1,20,1,0.08333333333333333,PRONOSTIA,"(0.1, 20, 60)"
S3_units,Bearing2_1,20,1,0.16666666666666666,PRONOSTIA,"(0.1, 20, 60)"
S3_units,Bearing2_1,20,1,0.7166666666666667,PRONOSTIA,"(0.1, 20, 60)"
S3_units,Bearing2_1,20,1,0.13333333333333333,PRONOSTIA,"(0.1, 20, 60)"
S3_units,Bearing2_1,20,1,0.4666666666666667,PRONOSTIA,"(0.1, 20, 60)"
S3_units,Bearing2_1,20,1,0.15,PRONOSTIA,"(0.1, 20, 60)"
S3_units,Bearing2_1,20,1,0.11666666666666667,PRONOSTIA,"(0.1, 20, 60)"
S3_units,Bearing2_1,20,1,0.1,PRONOSTIA,"(0.1, 20, 60)"
S3_units,Bearing2_1,20,1,0.13333333333333333,PRONOSTIA,"(0.1, 20, 60)"
S3_units,Bearing2_1,20,1,0.13333333333333333,PRONOSTIA,"(0.1, 20, 60)"
S3_units,Bearing2_1,20,1,0.05,PRONOSTIA,"(0.1, 20, 60)"
S3_units,Bearing2_1,20,1,0.11666666666666667,PRONOSTIA,"(0.1, 20, 60)"
S3_units,Bearing2_1,20,1,0.11666666666666667,PRONOSTIA,"(0.1, 20, 60)"
S3_units,Bearing2_1,20,1,0.11666666666666667,PRONOSTIA,"(0.1, 20, 60)"
S3_units,Bearing2_1,20,1,0.03333333333333333,PRONOSTIA,"(0.1, 20, 60)"
S3_units,Bearing2_1,20,1,0.11666666666666667,PRONOSTIA,"(0.1, 20, 60)"
S3_units,Bearing2_1,20,1,0.05,PRONOSTIA,"(0.1, 20, 60)"
S3_units,Bearing2_1,20,1,0.2833333333333333,PRONOSTIA,"(0.1, 20, 60)"
S3_units,Bearing2_1,20,1,0.4666666666666667,PRONOSTIA,"(0.1, 20, 60)"
S3_units,Bearing2_1,20,1,0.15,PRONOSTIA,"(0.1, 20, 60)"
S3_units,Bearing2_1,16,16,0.08333333333333333,PRONOSTIA,"(0.1, 20, 60)"
S3_units,Bearing2_1,16,16,0.23333333333333334,PRONOSTIA,"(0.1, 20, 60)"
S3_units,Bearing2_1,16,16,0.06666666666666667,PRONOSTIA,"(0.1, 20, 60)"
S3_units,Bearing2_1,16,16,0.06666666666666667,PRONOSTIA,"(0.1, 20, 60)"
S3_units,Bearing2_1,16,16,0.016666666666666666,PRONOSTIA,"(0.1, 20, 60)"
S3_units,Bearing2_1,16,16,0.03333333333333333,PRONOSTIA,"(0.1, 20, 60)"
S3_units,Bearing2_1,16,16,0.03333333333333333,PRONOSTIA,"(0.1, 20, 60)"
S3_units,Bearing2_1,16,16,0.016666666666666666,PRONOSTIA,"(0.1, 20, 60)"
S3_units,Bearing2_1,16,16,0.06666666666666667,PRONOSTIA,"(0.1, 20, 60)"
S3_units,Bearing2_1,16,16,0.05,PRONOSTIA,"(0.1, 20, 60)"
S3_units,Bearing2_1,16,16,0.05,PRONOSTIA,"(0.1, 20, 60)"
S3_units,Bearing2_1,16,16,0.016666666666666666,PRONOSTIA,"(0.1, 20, 60)"
S3_units,Bearing2_1,16,16,0.03333333333333333,PRONOSTIA,"(0.1, 20, 60)"
S3_units,Bearing2_1,16,16,0.06666666666666667,PRONOSTIA,"(0.1, 20, 60)"
S3_units,Bearing2_1,16,16,0.05,PRONOSTIA,"(0.1, 20, 60)"
S3_units,Bearing2_1,16,16,0.06666666666666667,PRONOSTIA,"(0.1, 20, 60)"
S3_units,Bearing2_1,16,16,0.1,PRONOSTIA,"(0.1, 20, 60)"
S3_units,Bearing2_1,16,16,0.05,PRONOSTIA,"(0.1, 20, 60)"
S3_units,Bearing2_1,16,16,0.1,PRONOSTIA,"(0.1, 20, 60)"
S3_units,Bearing2_1,16,16,0.06666666666666667,PRONOSTIA,"(0.1, 20, 60)"
S3_units,Bearing2_1,16,16,0.0,PRONOSTIA,"(0.1, 20, 60)"
S3_units,Bearing2_1,16,16,0.05,PRONOSTIA,"(0.1, 20, 60)"
S3_units,Bearing2_1,16,16,0.05,PRONOSTIA,"(0.1, 20, 60)"
S3_units,Bearing2_1,16,16,0.06666666666666667,PRONOSTIA,"(0.1, 20, 60)"
S3_units,Bearing2_1,16,16,0.06666666666666667,PRONOSTIA,"(0.1, 20, 60)"
S3_units,Bearing2_1,16,16,0.06666666666666667,PRONOSTIA,"(0.1, 20, 60)"
S3_units,Bearing2_1,16,16,0.016666666666666666,PRONOSTIA,"(0.1, 20, 60)"
S3_units,Bearing2_1,16,16,0.016666666666666666,PRONOSTIA,"(0.1, 20, 60)"
S3_units,Bearing2_1,16,16,0.03333333333333333,PRONOSTIA,"(0.1, 20, 60)"
S3_units,Bearing2_1,16,16,0.06666666666666667,PRONOSTIA,"(0.1, 20, 60)"
S3_units,Bearing2_2,20,1,0.26666666666666666,PRONOSTIA,"(0.1, 20, 60)"
S3_units,Bearing2_2,20,1,0.0,PRONOSTIA,"(0.1, 20, 60)"
S3_units,Bearing2_2,20,1,0.0,PRONOSTIA,"(0.1, 20, 60)"
S3_units,Bearing2_2,20,1,0.0,PRONOSTIA,"(0.1, 20, 60)"
S3_units,Bearing2_2,20,1,0.0,PRONOSTIA,"(0.1, 20, 60)"
S3_units,Bearing2_2,20,1,0.0,PRONOSTIA,"(0.1, 20, 60)"
S3_units,Bearing2_2,20,1,0.0,PRONOSTIA,"(0.1, 20, 60)"
S3_units,Bearing2_2,20,1,0.45,PRONOSTIA,"(0.1, 20, 60)"
S3_units,Bearing2_2,20,1,0.08333333333333333,PRONOSTIA,"(0.1, 20, 60)"
S3_units,Bearing2_2,20,1,0.0,PRONOSTIA,"(0.1, 20, 60)"
S3_units,Bearing2_2,20,1,0.0,PRONOSTIA,"(0.1, 20, 60)"
S3_units,Bearing2_2,20,1,0.5166666666666667,PRONOSTIA,"(0.1, 20, 60)"
S3_units,Bearing2_2,20,1,0.0,PRONOSTIA,"(0.1, 20, 60)"
S3_units,Bearing2_2,20,1,0.0,PRONOSTIA,"(0.1, 20, 60)"
S3_units,Bearing2_2,20,1,0.0,PRONOSTIA,"(0.1, 20, 60)"
S3_units,Bearing2_2,20,1,0.0,PRONOSTIA,"(0.1, 20, 60)"
S3_units,Bearing2_2,20,1,0.03333333333333333,PRONOSTIA,"(0.1, 20, 60)"
S3_units,Bearing2_2,20,1,0.5166666666666667,PRONOSTIA,"(0.1, 20, 60)"
S3_units,Bearing2_2,20,1,0.0,PRONOSTIA,"(0.1, 20, 60)"
S3_units,Bearing2_2,20,1,0.0,PRONOSTIA,"(0.1, 20, 60)"
S3_units,Bearing2_2,20,1,0.0,PRONOSTIA,"(0.1, 20, 60)"
S3_units,Bearing2_2,20,1,0.0,PRONOSTIA,"(0.1, 20, 60)"
S3_units,Bearing2_2,20,1,0.0,PRONOSTIA,"(0.1, 20, 60)"
S3_units,Bearing2_2,20,1,0.0,PRONOSTIA,"(0.1, 20, 60)"
S3_units,Bearing2_2,20,1,0.0,PRONOSTIA,"(0.1, 20, 60)"
S3_units,Bearing2_2,20,1,0.43333333333333335,PRONOSTIA,"(0.1, 20, 60)"
S3_units,Bearing2_2,20,1,0.0,PRONOSTIA,"(0.1, 20, 60)"
S3_units,Bearing2_2,20,1,0.0,PRONOSTIA,"(0.1, 20, 60)"
S3_units,Bearing2_2,20,1,0.6833333333333333,PRONOSTIA,"(0.1, 20, 60)"
S3_units,Bearing2_2,20,1,0.0,PRONOSTIA,"(0.1, 20, 60)"
S3_units,Bearing2_2,16,16,0.0,PRONOSTIA,"(0.1, 20, 60)"
S3_units,Bearing2_2,16,16,0.0,PRONOSTIA,"(0.1, 20, 60)"
S3_units,Bearing2_2,16,16,0.0,PRONOSTIA,"(0.1, 20, 60)"
S3_units,Bearing2_2,16,16,0.0,PRONOSTIA,"(0.1, 20, 60)"
S3_units,Bearing2_2,16,16,0.0,PRONOSTIA,"(0.1, 20, 60)"
S3_units,Bearing2_2,16,16,0.0,PRONOSTIA,"(0.1, 20, 60)"
S3_units,Bearing2_2,16,16,0.0,PRONOSTIA,"(0.1, 20, 60)"
S3_units,Bearing2_2,16,16,0.0,PRONOSTIA,"(0.1, 20, 60)"
S3_units,Bearing2_2,16,16,0.0,PRONOSTIA,"(0.1, 20, 60)"
S3_units,Bearing2_2,16,16,0.0,PRONOSTIA,"(0.1, 20, 60)"
S3_units,Bearing2_2,16,16,0.0,PRONOSTIA,"(0.1, 20, 60)"
S3_units,Bearing2_2,16,16,0.0,PRONOSTIA,"(0.1, 20, 60)"
S3_units,Bearing2_2,16,16,0.0,PRONOSTIA,"(0.1, 20, 60)"
S3_units,Bearing2_2,16,16,0.0,PRONOSTIA,"(0.1, 20, 60)"
S3_units,Bearing2_2,16,16,0.0,PRONOSTIA,"(0.1, 20, 60)"
S3_units,Bearing2_2,16,16,0.0,PRONOSTIA,"(0.1, 20, 60)"
S3_units,Bearing2_2,16,16,0.0,PRONOSTIA,"(0.1, 20, 60)"
S3_units,Bearing2_2,16,16,0.0,PRONOSTIA,"(0.1, 20, 60)"
S3_units,Bearing2_2,16,16,0.0,PRONOSTIA,"(0.1, 20, 60)"
S3_units,Bearing2_2,16,16,0.0,PRONOSTIA,"(0.1, 20, 60)"
S3_units,Bearing2_2,16,16,0.0,PRONOSTIA,"(0.1, 20, 60)"
S3_units,Bearing2_2,16,16,0.0,PRONOSTIA,"(0.1, 20, 60)"
S3_units,Bearing2_2,16,16,0.0,PRONOSTIA,"(0.1, 20, 60)"
S3_units,Bearing2_2,16,16,0.0,PRONOSTIA,"(0.1, 20, 60)"
S3_units,Bearing2_2,16,16,0.0,PRONOSTIA,"(0.1, 20, 60)"
S3_units,Bearing2_2,16,16,0.0,PRONOSTIA,"(0.1, 20, 60)"
S3_units,Bearing2_2,16,16,0.0,PRONOSTIA,"(0.1, 20, 60)"
S3_units,Bearing2_2,16,16,0.0,PRONOSTIA,"(0.1, 20, 60)"
S3_units,Bearing2_2,16,16,0.0,PRONOSTIA,"(0.1, 20, 60)"
S3_units,Bearing2_2,16,16,0.0,PRONOSTIA,"(0.1, 20, 60)"
S3_units,Bearing2_3,20,1,0.18333333333333332,PRONOSTIA,"(0.1, 20, 60)"
S3_units,Bearing2_3,20,1,0.5666666666666667,PRONOSTIA,"(0.1, 20, 60)"
S3_units,Bearing2_3,20,1,0.9333333333333333,PRONOSTIA,"(0.1, 20, 60)"
S3_units,Bearing2_3,20,1,0.06666666666666667,PRONOSTIA,"(0.1, 20, 60)"
S3_units,Bearing2_3,20,1,0.1,PRONOSTIA,"(0.1, 20, 60)"
S3_units,Bearing2_3,20,1,0.1,PRONOSTIA,"(0.1, 20, 60)"
S3_units,Bearing2_3,20,1,0.21666666666666667,PRONOSTIA,"(0.1, 20, 60)"
S3_units,Bearing2_3,20,1,0.85,PRONOSTIA,"(0.1, 20, 60)"
S3_units,Bearing2_3,20,1,0.7333333333333333,PRONOSTIA,"(0.1, 20, 60)"
S3_units,Bearing2_3,20,1,0.7666666666666667,PRONOSTIA,"(0.1, 20, 60)"
S3_units,Bearing2_3,20,1,0.18333333333333332,PRONOSTIA,"(0.1, 20, 60)"
S3_units,Bearing2_3,20,1,0.0,PRONOSTIA,"(0.1, 20, 60)"
S3_units,Bearing2_3,20,1,0.8,PRONOSTIA,"(0.1, 20, 60)"
S3_units,Bearing2_3,20,1,0.43333333333333335,PRONOSTIA,"(0.1, 20, 60)"
S3_units,Bearing2_3,20,1,0.4,PRONOSTIA,"(0.1, 20, 60)"
S3_units,Bearing2_3,20,1,0.38333333333333336,PRONOSTIA,"(0.1, 20, 60)"
S3_units,Bearing2_3,20,1,0.21666666666666667,PRONOSTIA,"(0.1, 20, 60)"
S3_units,Bearing2_3,20,1,0.5,PRONOSTIA,"(0.1, 20, 60)"
S3_units,Bearing2_3,20,1,0.43333333333333335,PRONOSTIA,"(0.1, 20, 60)"
S3_units,Bearing2_3,20,1,0.3333333333333333,PRONOSTIA,"(0.1, 20, 60)"
S3_units,Bearing2_3,20,1,0.35,PRONOSTIA,"(0.1, 20, 60)"
S3_units,Bearing2_3,20,1,0.5666666666666667,PRONOSTIA,"(0.1, 20, 60)"
S3_units,Bearing2_3,20,1,0.11666666666666667,PRONOSTIA,"(0.1, 20, 60)"
S3_units,Bearing2_3,20,1,0.1,PRONOSTIA,"(0.1, 20, 60)"
S3_units,Bearing2_3,20,1,0.0,PRONOSTIA,"(0.1, 20, 60)"
S3_units,Bearing2_3,20,1,0.03333333333333333,PRONOSTIA,"(0.1, 20, 60)"
S3_units,Bearing2_3,20,1,0.85,PRONOSTIA,"(0.1, 20, 60)"
S3_units,Bearing2_3,20,1,0.8166666666666667,PRONOSTIA,"(0.1, 20, 60)"
S3_units,Bearing2_3,20,1,0.6166666666666667,PRONOSTIA,"(0.1, 20, 60)"
S3_units,Bearing2_3,20,1,0.7166666666666667,PRONOSTIA,"(0.1, 20, 60)"
S3_units,Bearing2_3,16,16,0.15,PRONOSTIA,"(0.1, 20, 60)"
S3_units,Bearing2_3,16,16,0.0,PRONOSTIA,"(0.1, 20, 60)"
S3_units,Bearing2_3,16,16,0.25,PRONOSTIA,"(0.1, 20, 60)"
S3_units,Bearing2_3,16,16,0.05,PRONOSTIA,"(0.1, 20, 60)"
S3_units,Bearing2_3,16,16,0.06666666666666667,PRONOSTIA,"(0.1, 20, 60)"
S3_units,Bearing2_3,16,16,0.31666666666666665,PRONOSTIA,"(0.1, 20, 60)"
S3_units,Bearing2_3,16,16,0.43333333333333335,PRONOSTIA,"(0.1, 20, 60)"
S3_units,Bearing2_3,16,16,0.18333333333333332,PRONOSTIA,"(0.1, 20, 60)"
S3_units,Bearing2_3,16,16,0.06666666666666667,PRONOSTIA,"(0.1, 20, 60)"
S3_units,Bearing2_3,16,16,0.03333333333333333,PRONOSTIA,"(0.1, 20, 60)"
S3_units,Bearing2_3,16,16,0.1,PRONOSTIA,"(0.1, 20, 60)"
S3_units,Bearing2_3,16,16,0.35,PRONOSTIA,"(0.1, 20, 60)"
S3_units,Bearing2_3,16,16,0.03333333333333333,PRONOSTIA,"(0.1, 20, 60)"
S3_units,Bearing2_3,16,16,0.0,PRONOSTIA,"(0.1, 20, 60)"
S3_units,Bearing2_3,16,16,0.05,PRONOSTIA,"(0.1, 20, 60)"
S3_units,Bearing2_3,16,16,0.48333333333333334,PRONOSTIA,"(0.1, 20, 60)"
S3_units,Bearing2_3,16,16,0.21666666666666667,PRONOSTIA,"(0.1, 20, 60)"
S3_units,Bearing2_3,16,16,0.3,PRONOSTIA,"(0.1, 20, 60)"
S3_units,Bearing2_3,16,16,0.08333333333333333,PRONOSTIA,"(0.1, 20, 60)"
S3_units,Bearing2_3,16,16,0.03333333333333333,PRONOSTIA,"(0.1, 20, 60)"
S3_units,Bearing2_3,16,16,0.2,PRONOSTIA,"(0.1, 20, 60)"
S3_units,Bearing2_3,16,16,0.05,PRONOSTIA,"(0.1, 20, 60)"
S3_units,Bearing2_3,16,16,0.21666666666666667,PRONOSTIA,"(0.1, 20, 60)"
S3_units,Bearing2_3,16,16,0.2,PRONOSTIA,"(0.1, 20, 60)"
S3_units,Bearing2_3,16,16,0.75,PRONOSTIA,"(0.1, 20, 60)"
S3_units,Bearing2_3,16,16,0.13333333333333333,PRONOSTIA,"(0.1, 20, 60)"
S3_units,Bearing2_3,16,16,0.05,PRONOSTIA,"(0.1, 20, 60)"
S3_units,Bearing2_3,16,16,0.23333333333333334,PRONOSTIA,"(0.1, 20, 60)"
S3_units,Bearing2_3,16,16,0.2833333333333333,PRONOSTIA,"(0.1, 20, 60)"
S3_units,Bearing2_3,16,16,0.18333333333333332,PRONOSTIA,"(0.1, 20, 60)"
S3_units,Bearing2_4,20,1,0.0,PRONOSTIA,"(0.1, 20, 60)"
S3_units,Bearing2_4,20,1,0.016666666666666666,PRONOSTIA,"(0.1, 20, 60)"
S3_units,Bearing2_4,20,1,0.016666666666666666,PRONOSTIA,"(0.1, 20, 60)"
S3_units,Bearing2_4,20,1,0.016666666666666666,PRONOSTIA,"(0.1, 20, 60)"
S3_units,Bearing2_4,20,1,0.13333333333333333,PRONOSTIA,"(0.1, 20, 60)"
S3_units,Bearing2_4,20,1,0.23333333333333334,PRONOSTIA,"(0.1, 20, 60)"
S3_units,Bearing2_4,20,1,0.0,PRONOSTIA,"(0.1, 20, 60)"
S3_units,Bearing2_4,20,1,0.45,PRONOSTIA,"(0.1, 20, 60)"
S3_units,Bearing2_4,20,1,0.5333333333333333,PRONOSTIA,"(0.1, 20, 60)"
S3_units,Bearing2_4,20,1,0.0,PRONOSTIA,"(0.1, 20, 60)"
S3_units,Bearing2_4,20,1,0.4,PRONOSTIA,"(0.1, 20, 60)"
S3_units,Bearing2_4,20,1,0.16666666666666666,PRONOSTIA,"(0.1, 20, 60)"
S3_units,Bearing2_4,20,1,0.0,PRONOSTIA,"(0.1, 20, 60)"
S3_units,Bearing2_4,20,1,0.0,PRONOSTIA,"(0.1, 20, 60)"
S3_units,Bearing2_4,20,1,0.8,PRONOSTIA,"(0.1, 20, 60)"
S3_units,Bearing2_4,20,1,0.0,PRONOSTIA,"(0.1, 20, 60)"
S3_units,Bearing2_4,20,1,0.36666666666666664,PRONOSTIA,"(0.1, 20, 60)"
S3_units,Bearing2_4,20,1,0.0,PRONOSTIA,"(0.1, 20, 60)"
S3_units,Bearing2_4,20,1,0.06666666666666667,PRONOSTIA,"(0.1, 20, 60)"
S3_units,Bearing2_4,20,1,0.11666666666666667,PRONOSTIA,"(0.1, 20, 60)"
S3_units,Bearing2_4,20,1,0.0,PRONOSTIA,"(0.1, 20, 60)"
S3_units,Bearing2_4,20,1,0.0,PRONOSTIA,"(0.1, 20, 60)"
S3_units,Bearing2_4,20,1,0.0,PRONOSTIA,"(0.1, 20, 60)"
S3_units,Bearing2_4,20,1,0.0,PRONOSTIA,"(0.1, 20, 60)"
S3_units,Bearing2_4,20,1,0.016666666666666666,PRONOSTIA,"(0.1, 20, 60)"
S3_units,Bearing2_4,20,1,0.03333333333333333,PRONOSTIA,"(0.1, 20, 60)"
S3_units,Bearing2_4,20,1,0.21666666666666667,PRONOSTIA,"(0.1, 20, 60)"
S3_units,Bearing2_4,20,1,0.0,PRONOSTIA,"(0.1, 20, 60)"
S3_units,Bearing2_4,20,1,0.0,PRONOSTIA,"(0.1, 20, 60)"
S3_units,Bearing2_4,20,1,0.38333333333333336,PRONOSTIA,"(0.1, 20, 60)"
S3_units,Bearing2_4,16,16,0.0,PRONOSTIA,"(0.1, 20, 60)"
S3_units,Bearing2_4,16,16,0.0,PRONOSTIA,"(0.1, 20, 60)"
S3_units,Bearing2_4,16,16,0.0,PRONOSTIA,"(0.1, 20, 60)"
S3_units,Bearing2_4,16,16,0.0,PRONOSTIA,"(0.1, 20, 60)"
S3_units,Bearing2_4,16,16,0.0,PRONOSTIA,"(0.1, 20, 60)"
S3_units,Bearing2_4,16,16,0.0,PRONOSTIA,"(0.1, 20, 60)"
S3_units,Bearing2_4,16,16,0.0,PRONOSTIA,"(0.1, 20, 60)"
S3_units,Bearing2_4,16,16,0.0,PRONOSTIA,"(0.1, 20, 60)"
S3_units,Bearing2_4,16,16,0.0,PRONOSTIA,"(0.1, 20, 60)"
S3_units,Bearing2_4,16,16,0.0,PRONOSTIA,"(0.1, 20, 60)"
S3_units,Bearing2_4,16,16,0.0,PRONOSTIA,"(0.1, 20, 60)"
S3_units,Bearing2_4,16,16,0.0,PRONOSTIA,"(0.1, 20, 60)"
S3_units,Bearing2_4,16,16,0.0,PRONOSTIA,"(0.1, 20, 60)"
S3_units,Bearing2_4,16,16,0.0,PRONOSTIA,"(0.1, 20, 60)"
S3_units,Bearing2_4,16,16,0.0,PRONOSTIA,"(0.1, 20, 60)"
S3_units,Bearing2_4,16,16,0.0,PRONOSTIA,"(0.1, 20, 60)"
S3_units,Bearing2_4,16,16,0.0,PRONOSTIA,"(0.1, 20, 60)"
S3_units,Bearing2_4,16,16,0.0,PRONOSTIA,"(0.1, 20, 60)"
S3_units,Bearing2_4,16,16,0.0,PRONOSTIA,"(0.1, 20, 60)"
S3_units,Bearing2_4,16,16,0.0,PRONOSTIA,"(0.1, 20, 60)"
S3_units,Bearing2_4,16,16,0.0,PRONOSTIA,"(0.1, 20, 60)"
S3_units,Bearing2_4,16,16,0.0,PRONOSTIA,"(0.1, 20, 60)"
S3_units,Bearing2_4,16,16,0.0,PRONOSTIA,"(0.1, 20, 60)"
S3_units,Bearing2_4,16,16,0.0,PRONOSTIA,"(0.1, 20, 60)"
S3_units,Bearing2_4,16,16,0.0,PRONOSTIA,"(0.1, 20, 60)"
S3_units,Bearing2_4,16,16,0.0,PRONOSTIA,"(0.1, 20, 60)"
S3_units,Bearing2_4,16,16,0.0,PRONOSTIA,"(0.1, 20, 60)"
S3_units,Bearing2_4,16,16,0.0,PRONOSTIA,"(0.1, 20, 60)"
S3_units,Bearing2_4,16,16,0.0,PRONOSTIA,"(0.1, 20, 60)"
S3_units,Bearing2_4,16,16,0.0,PRONOSTIA,"(0.1, 20, 60)"
S3_units,Bearing2_5,20,1,0.05,PRONOSTIA,"(0.1, 20, 60)"
S3_units,Bearing2_5,20,1,0.05,PRONOSTIA,"(0.1, 20, 60)"
S3_units,Bearing2_5,20,1,0.0,PRONOSTIA,"(0.1, 20, 60)"
S3_units,Bearing2_5,20,1,0.6,PRONOSTIA,"(0.1, 20, 60)"
S3_units,Bearing2_5,20,1,0.5333333333333333,PRONOSTIA,"(0.1, 20, 60)"
S3_units,Bearing2_5,20,1,0.0,PRONOSTIA,"(0.1, 20, 60)"
S3_units,Bearing2_5,20,1,0.5333333333333333,PRONOSTIA,"(0.1, 20, 60)"
S3_units,Bearing2_5,20,1,0.13333333333333333,PRONOSTIA,"(0.1, 20, 60)"
S3_units,Bearing2_5,20,1,0.05,PRONOSTIA,"(0.1, 20, 60)"
S3_units,Bearing2_5,20,1,0.8166666666666667,PRONOSTIA,"(0.1, 20, 60)"
S3_units,Bearing2_5,20,1,0.0,PRONOSTIA,"(0.1, 20, 60)"
S3_units,Bearing2_5,20,1,0.23333333333333334,PRONOSTIA,"(0.1, 20, 60)"
S3_units,Bearing2_5,20,1,0.36666666666666664,PRONOSTIA,"(0.1, 20, 60)"
S3_units,Bearing2_5,20,1,0.05,PRONOSTIA,"(0.1, 20, 60)"
S3_units,Bearing2_5,20,1,0.05,PRONOSTIA,"(0.1, 20, 60)"
S3_units,Bearing2_5,20,1,0.2833333333333333,PRONOSTIA,"(0.1, 20, 60)"
S3_units,Bearing2_5,20,1,0.0,PRONOSTIA,"(0.1, 20, 60)"
S3_units,Bearing2_5,20,1,0.0,PRONOSTIA,"(0.1, 20, 60)"
S3_units,Bearing2_5,20,1,0.05,PRONOSTIA,"(0.1, 20, 60)"
S3_units,Bearing2_5,20,1,0.0,PRONOSTIA,"(0.1, 20, 60)"
S3_units,Bearing2_5,20,1,0.0,PRONOSTIA,"(0.1, 20, 60)"
S3_units,Bearing2_5,20,1,0.03333333333333333,PRONOSTIA,"(0.1, 20, 60)"
S3_units,Bearing2_5,20,1,0.45,PRONOSTIA,"(0.1, 20, 60)"
S3_units,Bearing2_5,20,1,0.3,PRONOSTIA,"(0.1, 20, 60)"
S3_units,Bearing2_5,20,1,0.05,PRONOSTIA,"(0.1, 20, 60)"
S3_units,Bearing2_5,20,1,0.0,PRONOSTIA,"(0.1, 20, 60)"
S3_units,Bearing2_5,20,1,0.5,PRONOSTIA,"(0.1, 20, 60)"
S3_units,Bearing2_5,20,1,0.0,PRONOSTIA,"(0.1, 20, 60)"
S3_units,Bearing2_5,20,1,0.0,PRONOSTIA,"(0.1, 20, 60)"
S3_units,Bearing2_5,20,1,0.0,PRONOSTIA,"(0.1, 20, 60)"
S3_units,Bearing2_5,16,16,0.016666666666666666,PRONOSTIA,"(0.1, 20, 60)"
S3_units,Bearing2_5,16,16,0.0,PRONOSTIA,"(0.1, 20, 60)"
S3_units,Bearing2_5,16,16,0.0,PRONOSTIA,"(0.1, 20, 60)"
S3_units,Bearing2_5,16,16,0.05,PRONOSTIA,"(0.1, 20, 60)"
S3_units,Bearing2_5,16,16,0.0,PRONOSTIA,"(0.1, 20, 60)"
S3_units,Bearing2_5,16,16,0.31666666666666665,PRONOSTIA,"(0.1, 20, 60)"
S3_units,Bearing2_5,16,16,0.0,PRONOSTIA,"(0.1, 20, 60)"
S3_units,Bearing2_5,16,16,0.016666666666666666,PRONOSTIA,"(0.1, 20, 60)"
S3_units,Bearing2_5,16,16,0.25,PRONOSTIA,"(0.1, 20, 60)"
S3_units,Bearing2_5,16,16,0.03333333333333333,PRONOSTIA,"(0.1, 20, 60)"
S3_units,Bearing2_5,16,16,0.0,PRONOSTIA,"(0.1, 20, 60)"
S3_units,Bearing2_5,16,16,0.016666666666666666,PRONOSTIA,"(0.1, 20, 60)"
S3_units,Bearing2_5,16,16,0.45,PRONOSTIA,"(0.1, 20, 60)"
S3_units,Bearing2_5,16,16,0.03333333333333333,PRONOSTIA,"(0.1, 20, 60)"
S3_units,Bearing2_5,16,16,0.05,PRONOSTIA,"(0.1, 20, 60)"
S3_units,Bearing2_5,16,16,0.05,PRONOSTIA,"(0.1, 20, 60)"
S3_units,Bearing2_5,16,16,0.25,PRONOSTIA,"(0.1, 20, 60)"
S3_units,Bearing2_5,16,16,0.4,PRONOSTIA,"(0.1, 20, 60)"
S3_units,Bearing2_5,16,16,0.03333333333333333,PRONOSTIA,"(0.1, 20, 60)"
S3_units,Bearing2_5,16,16,0.48333333333333334,PRONOSTIA,"(0.1, 20, 60)"
S3_units,Bearing2_5,16,16,0.03333333333333333,PRONOSTIA,"(0.1, 20, 60)"
S3_units,Bearing2_5,16,16,0.4666666666666667,PRONOSTIA,"(0.1, 20, 60)"
S3_units,Bearing2_5,16,16,0.0,PRONOSTIA,"(0.1, 20, 60)"
S3_units,Bearing2_5,16,16,0.03333333333333333,PRONOSTIA,"(0.1, 20, 60)"
S3_units,Bearing2_5,16,16,0.016666666666666666,PRONOSTIA,"(0.1, 20, 60)"
S3_units,Bearing2_5,16,16,0.03333333333333333,PRONOSTIA,"(0.1, 20, 60)"
S3_units,Bearing2_5,16,16,0.0,PRONOSTIA,"(0.1, 20, 60)"
S3_units,Bearing2_5,16,16,0.03333333333333333,PRONOSTIA,"(0.1, 20, 60)"
S3_units,Bearing2_5,16,16,0.0,PRONOSTIA,"(0.1, 20, 60)"
S3_units,Bearing2_5,16,16,0.03333333333333333,PRONOSTIA,"(0.1, 20, 60)"
S3_units,Bearing2_6,20,1,0.0,PRONOSTIA,"(0.1, 20, 60)"
S3_units,Bearing2_6,20,1,0.0,PRONOSTIA,"(0.1, 20, 60)"
S3_units,Bearing2_6,20,1,0.0,PRONOSTIA,"(0.1, 20, 60)"
S3_units,Bearing2_6,20,1,0.8333333333333334,PRONOSTIA,"(0.1, 20, 60)"
S3_units,Bearing2_6,20,1,0.0,PRONOSTIA,"(0.1, 20, 60)"
S3_units,Bearing2_6,20,1,0.0,PRONOSTIA,"(0.1, 20, 60)"
S3_units,Bearing2_6,20,1,0.0,PRONOSTIA,"(0.1, 20, 60)"
S3_units,Bearing2_6,20,1,0.0,PRONOSTIA,"(0.1, 20, 60)"
S3_units,Bearing2_6,20,1,0.0,PRONOSTIA,"(0.1, 20, 60)"
S3_units,Bearing2_6,20,1,0.13333333333333333,PRONOSTIA,"(0.1, 20, 60)"
S3_units,Bearing2_6,20,1,0.05,PRONOSTIA,"(0.1, 20, 60)"
S3_units,Bearing2_6,20,1,0.03333333333333333,PRONOSTIA,"(0.1, 20, 60)"
S3_units,Bearing2_6,20,1,0.0,PRONOSTIA,"(0.1, 20, 60)"
S3_units,Bearing2_6,20,1,0.0,PRONOSTIA,"(0.1, 20, 60)"
S3_units,Bearing2_6,20,1,0.0,PRONOSTIA,"(0.1, 20, 60)"
S3_units,Bearing2_6,20,1,0.13333333333333333,PRONOSTIA,"(0.1, 20, 60)"
S3_units,Bearing2_6,20,1,0.0,PRONOSTIA,"(0.1, 20, 60)"
S3_units,Bearing2_6,20,1,0.0,PRONOSTIA,"(0.1, 20, 60)"
S3_units,Bearing2_6,20,1,0.0,PRONOSTIA,"(0.1, 20, 60)"
S3_units,Bearing2_6,20,1,0.0,PRONOSTIA,"(0.1, 20, 60)"
S3_units,Bearing2_6,20,1,0.35,PRONOSTIA,"(0.1, 20, 60)"
S3_units,Bearing2_6,20,1,0.31666666666666665,PRONOSTIA,"(0.1, 20, 60)"
S3_units,Bearing2_6,20,1,0.0,PRONOSTIA,"(0.1, 20, 60)"
S3_units,Bearing2_6,20,1,0.0,PRONOSTIA,"(0.1, 20, 60)"
S3_units,Bearing2_6,20,1,0.0,PRONOSTIA,"(0.1, 20, 60)"
S3_units,Bearing2_6,20,1,0.0,PRONOSTIA,"(0.1, 20, 60)"
S3_units,Bearing2_6,20,1,0.0,PRONOSTIA,"(0.1, 20, 60)"
S3_units,Bearing2_6,20,1,0.11666666666666667,PRONOSTIA,"(0.1, 20, 60)"
S3_units,Bearing2_6,20,1,0.0,PRONOSTIA,"(0.1, 20, 60)"
S3_units,Bearing2_6,20,1,0.0,PRONOSTIA,"(0.1, 20, 60)"
S3_units,Bearing2_6,16,16,0.0,PRONOSTIA,"(0.1, 20, 60)"
S3_units,Bearing2_6,16,16,0.0,PRONOSTIA,"(0.1, 20, 60)"
S3_units,Bearing2_6,16,16,0.0,PRONOSTIA,"(0.1, 20, 60)"
S3_units,Bearing2_6,16,16,0.0,PRONOSTIA,"(0.1, 20, 60)"
S3_units,Bearing2_6,16,16,0.0,PRONOSTIA,"(0.1, 20, 60)"
S3_units,Bearing2_6,16,16,0.0,PRONOSTIA,"(0.1, 20, 60)"
S3_units,Bearing2_6,16,16,0.0,PRONOSTIA,"(0.1, 20, 60)"
S3_units,Bearing2_6,16,16,0.0,PRONOSTIA,"(0.1, 20, 60)"
S3_units,Bearing2_6,16,16,0.0,PRONOSTIA,"(0.1, 20, 60)"
S3_units,Bearing2_6,16,16,0.0,PRONOSTIA,"(0.1, 20, 60)"
S3_units,Bearing2_6,16,16,0.0,PRONOSTIA,"(0.1, 20, 60)"
S3_units,Bearing2_6,16,16,0.0,PRONOSTIA,"(0.1, 20, 60)"
S3_units,Bearing2_6,16,16,0.0,PRONOSTIA,"(0.1, 20, 60)"
S3_units,Bearing2_6,16,16,0.0,PRONOSTIA,"(0.1, 20, 60)"
S3_units,Bearing2_6,16,16,0.016666666666666666,PRONOSTIA,"(0.1, 20, 60)"
S3_units,Bearing2_6,16,16,0.0,PRONOSTIA,"(0.1, 20, 60)"
S3_units,Bearing2_6,16,16,0.0,PRONOSTIA,"(0.1, 20, 60)"
S3_units,Bearing2_6,16,16,0.0,PRONOSTIA,"(0.1, 20, 60)"
S3_units,Bearing2_6,16,16,0.0,PRONOSTIA,"(0.1, 20, 60)"
S3_units,Bearing2_6,16,16,0.0,PRONOSTIA,"(0.1, 20, 60)"
S3_units,Bearing2_6,16,16,0.016666666666666666,PRONOSTIA,"(0.1, 20, 60)"
S3_units,Bearing2_6,16,16,0.0,PRONOSTIA,"(0.1, 20, 60)"
S3_units,Bearing2_6,16,16,0.0,PRONOSTIA,"(0.1, 20, 60)"
S3_units,Bearing2_6,16,16,0.0,PRONOSTIA,"(0.1, 20, 60)"
S3_units,Bearing2_6,16,16,0.0,PRONOSTIA,"(0.1, 20, 60)"
S3_units,Bearing2_6,16,16,0.0,PRONOSTIA,"(0.1, 20, 60)"
S3_units,Bearing2_6,16,16,0.0,PRONOSTIA,"(0.1, 20, 60)"
S3_units,Bearing2_6,16,16,0.0,PRONOSTIA,"(0.1, 20, 60)"
S3_units,Bearing2_6,16,16,0.0,PRONOSTIA,"(0.1, 20, 60)"
S3_units,Bearing2_6,16,16,0.0,PRONOSTIA,"(0.1, 20, 60)"
S3_units,Bearing2_7,20,1,0.0,PRONOSTIA,"(0.1, 20, 60)"
S3_units,Bearing2_7,20,1,0.5652173913043478,PRONOSTIA,"(0.1, 20, 60)"
S3_units,Bearing2_7,20,1,0.17391304347826086,PRONOSTIA,"(0.1, 20, 60)"
S3_units,Bearing2_7,20,1,0.0,PRONOSTIA,"(0.1, 20, 60)"
S3_units,Bearing2_7,20,1,0.13043478260869565,PRONOSTIA,"(0.1, 20, 60)"
S3_units,Bearing2_7,20,1,0.34782608695652173,PRONOSTIA,"(0.1, 20, 60)"
S3_units,Bearing2_7,20,1,0.30434782608695654,PRONOSTIA,"(0.1, 20, 60)"
S3_units,Bearing2_7,20,1,0.21739130434782608,PRONOSTIA,"(0.1, 20, 60)"
S3_units,Bearing2_7,20,1,0.0,PRONOSTIA,"(0.1, 20, 60)"
S3_units,Bearing2_7,20,1,0.4782608695652174,PRONOSTIA,"(0.1, 20, 60)"
S3_units,Bearing2_7,20,1,0.0,PRONOSTIA,"(0.1, 20, 60)"
S3_units,Bearing2_7,20,1,0.0,PRONOSTIA,"(0.1, 20, 60)"
S3_units,Bearing2_7,20,1,0.08695652173913043,PRONOSTIA,"(0.1, 20, 60)"
S3_units,Bearing2_7,20,1,0.30434782608695654,PRONOSTIA,"(0.1, 20, 60)"
S3_units,Bearing2_7,20,1,0.34782608695652173,PRONOSTIA,"(0.1, 20, 60)"
S3_units,Bearing2_7,20,1,0.34782608695652173,PRONOSTIA,"(0.1, 20, 60)"
S3_units,Bearing2_7,20,1,0.0,PRONOSTIA,"(0.1, 20, 60)"
S3_units,Bearing2_7,20,1,0.0,PRONOSTIA,"(0.1, 20, 60)"
S3_units,Bearing2_7,20,1,0.0,PRONOSTIA,"(0.1, 20, 60)"
S3_units,Bearing2_7,20,1,0.0,PRONOSTIA,"(0.1, 20, 60)"
S3_units,Bearing2_7,20,1,0.0,PRONOSTIA,"(0.1, 20, 60)"
S3_units,Bearing2_7,20,1,0.043478260869565216,PRONOSTIA,"(0.1, 20, 60)"
S3_units,Bearing2_7,20,1,0.0,PRONOSTIA,"(0.1, 20, 60)"
S3_units,Bearing2_7,20,1,0.043478260869565216,PRONOSTIA,"(0.1, 20, 60)"
S3_units,Bearing2_7,20,1,0.6086956521739131,PRONOSTIA,"(0.1, 20, 60)"
S3_units,Bearing2_7,20,1,0.0,PRONOSTIA,"(0.1, 20, 60)"
S3_units,Bearing2_7,20,1,0.13043478260869565,PRONOSTIA,"(0.1, 20, 60)"
S3_units,Bearing2_7,20,1,0.0,PRONOSTIA,"(0.1, 20, 60)"
S3_units,Bearing2_7,20,1,0.043478260869565216,PRONOSTIA,"(0.1, 20, 60)"
S3_units,Bearing2_7,20,1,0.30434782608695654,PRONOSTIA,"(0.1, 20, 60)"
S3_units,Bearing2_7,16,16,0.0,PRONOSTIA,"(0.1, 20, 60)"
S3_units,Bearing2_7,16,16,0.0,PRONOSTIA,"(0.1, 20, 60)"
S3_units,Bearing2_7,16,16,0.0,PRONOSTIA,"(0.1, 20, 60)"
S3_units,Bearing2_7,16,16,0.0,PRONOSTIA,"(0.1, 20, 60)"
S3_units,Bearing2_7,16,16,0.0,PRONOSTIA,"(0.1, 20, 60)"
S3_units,Bearing2_7,16,16,0.0,PRONOSTIA,"(0.1, 20, 60)"
S3_units,Bearing2_7,16,16,0.0,PRONOSTIA,"(0.1, 20, 60)"
S3_units,Bearing2_7,16,16,0.0,PRONOSTIA,"(0.1, 20, 60)"
S3_units,Bearing2_7,16,16,0.0,PRONOSTIA,"(0.1, 20, 60)"
S3_units,Bearing2_7,16,16,0.0,PRONOSTIA,"(0.1, 20, 60)"
S3_units,Bearing2_7,16,16,0.0,PRONOSTIA,"(0.1, 20, 60)"
S3_units,Bearing2_7,16,16,0.0,PRONOSTIA,"(0.1, 20, 60)"
S3_units,Bearing2_7,16,16,0.0,PRONOSTIA,"(0.1, 20, 60)"
S3_units,Bearing2_7,16,16,0.0,PRONOSTIA,"(0.1, 20, 60)"
S3_units,Bearing2_7,16,16,0.0,PRONOSTIA,"(0.1, 20, 60)"
S3_units,Bearing2_7,16,16,0.0,PRONOSTIA,"(0.1, 20, 60)"
S3_units,Bearing2_7,16,16,0.0,PRONOSTIA,"(0.1, 20, 60)"
S3_units,Bearing2_7,16,16,0.0,PRONOSTIA,"(0.1, 20, 60)"
S3_units,Bearing2_7,16,16,0.0,PRONOSTIA,"(0.1, 20, 60)"
S3_units,Bearing2_7,16,16,0.0,PRONOSTIA,"(0.1, 20, 60)"
S3_units,Bearing2_7,16,16,0.0,PRONOSTIA,"(0.1, 20, 60)"
S3_units,Bearing2_7,16,16,0.0,PRONOSTIA,"(0.1, 20, 60)"
S3_units,Bearing2_7,16,16,0.0,PRONOSTIA,"(0.1, 20, 60)"
S3_units,Bearing2_7,16,16,0.0,PRONOSTIA,"(0.1, 20, 60)"
S3_units,Bearing2_7,16,16,0.0,PRONOSTIA,"(0.1, 20, 60)"
S3_units,Bearing2_7,16,16,0.0,PRONOSTIA,"(0.1, 20, 60)"
S3_units,Bearing2_7,16,16,0.0,PRONOSTIA,"(0.1, 20, 60)"
S3_units,Bearing2_7,16,16,0.0,PRONOSTIA,"(0.1, 20, 60)"
S3_units,Bearing2_7,16,16,0.0,PRONOSTIA,"(0.1, 20, 60)"
S3_units,Bearing2_7,16,16,0.0,PRONOSTIA,"(0.1, 20, 60)"
S3_units,Bearing3_1,20,1,0.0,PRONOSTIA,"(0.1, 20, 60)"
S3_units,Bearing3_1,20,1,0.6470588235294118,PRONOSTIA,"(0.1, 20, 60)"
S3_units,Bearing3_1,20,1,0.49019607843137253,PRONOSTIA,"(0.1, 20, 60)"
S3_units,Bearing3_1,20,1,0.0392156862745098,PRONOSTIA,"(0.1, 20, 60)"
S3_units,Bearing3_1,20,1,0.49019607843137253,PRONOSTIA,"(0.1, 20, 60)"
S3_units,Bearing3_1,20,1,0.0,PRONOSTIA,"(0.1, 20, 60)"
S3_units,Bearing3_1,20,1,0.058823529411764705,PRONOSTIA,"(0.1, 20, 60)"
S3_units,Bearing3_1,20,1,0.0,PRONOSTIA,"(0.1, 20, 60)"
S3_units,Bearing3_1,20,1,0.13725490196078433,PRONOSTIA,"(0.1, 20, 60)"
S3_units,Bearing3_1,20,1,0.9803921568627451,PRONOSTIA,"(0.1, 20, 60)"
S3_units,Bearing3_1,20,1,0.2549019607843137,PRONOSTIA,"(0.1, 20, 60)"
S3_units,Bearing3_1,20,1,0.5098039215686274,PRONOSTIA,"(0.1, 20, 60)"
S3_units,Bearing3_1,20,1,0.5882352941176471,PRONOSTIA,"(0.1, 20, 60)"
S3_units,Bearing3_1,20,1,0.0,PRONOSTIA,"(0.1, 20, 60)"
S3_units,Bearing3_1,20,1,0.4117647058823529,PRONOSTIA,"(0.1, 20, 60)"
S3_units,Bearing3_1,20,1,0.803921568627451,PRONOSTIA,"(0.1, 20, 60)"
S3_units,Bearing3_1,20,1,0.0392156862745098,PRONOSTIA,"(0.1, 20, 60)"
S3_units,Bearing3_1,20,1,0.0,PRONOSTIA,"(0.1, 20, 60)"
S3_units,Bearing3_1,20,1,0.29411764705882354,PRONOSTIA,"(0.1, 20, 60)"
S3_units,Bearing3_1,20,1,0.47058823529411764,PRONOSTIA,"(0.1, 20, 60)"
S3_units,Bearing3_1,20,1,0.0,PRONOSTIA,"(0.1, 20, 60)"
S3_units,Bearing3_1,20,1,0.0196078431372549,PRONOSTIA,"(0.1, 20, 60)"
S3_units,Bearing3_1,20,1,0.45098039215686275,PRONOSTIA,"(0.1, 20, 60)"
S3_units,Bearing3_1,20,1,0.6274509803921569,PRONOSTIA,"(0.1, 20, 60)"
S3_units,Bearing3_1,20,1,0.0,PRONOSTIA,"(0.1, 20, 60)"
S3_units,Bearing3_1,20,1,0.43137254901960786,PRONOSTIA,"(0.1, 20, 60)"
S3_units,Bearing3_1,20,1,0.0,PRONOSTIA,"(0.1, 20, 60)"
S3_units,Bearing3_1,20,1,0.0196078431372549,PRONOSTIA,"(0.1, 20, 60)"
S3_units,Bearing3_1,20,1,0.0392156862745098,PRONOSTIA,"(0.1, 20, 60)"
S3_units,Bearing3_1,20,1,0.0,PRONOSTIA,"(0.1, 20, 60)"
S3_units,Bearing3_1,16,16,0.0196078431372549,PRONOSTIA,"(0.1, 20, 60)"
S3_units,Bearing3_1,16,16,0.09803921568627451,PRONOSTIA,"(0.1, 20, 60)"
S3_units,Bearing3_1,16,16,0.0784313725490196,PRONOSTIA,"(0.1, 20, 60)"
S3_units,Bearing3_1,16,16,0.0392156862745098,PRONOSTIA,"(0.1, 20, 60)"
S3_units,Bearing3_1,16,16,0.09803921568627451,PRONOSTIA,"(0.1, 20, 60)"
S3_units,Bearing3_1,16,16,0.0196078431372549,PRONOSTIA,"(0.1, 20, 60)"
S3_units,Bearing3_1,16,16,0.0196078431372549,PRONOSTIA,"(0.1, 20, 60)"
S3_units,Bearing3_1,16,16,0.0392156862745098,PRONOSTIA,"(0.1, 20, 60)"
S3_units,Bearing3_1,16,16,0.1568627450980392,PRONOSTIA,"(0.1, 20, 60)"
S3_units,Bearing3_1,16,16,0.0,PRONOSTIA,"(0.1, 20, 60)"
S3_units,Bearing3_1,16,16,0.0196078431372549,PRONOSTIA,"(0.1, 20, 60)"
S3_units,Bearing3_1,16,16,0.0,PRONOSTIA,"(0.1, 20, 60)"
S3_units,Bearing3_1,16,16,0.0,PRONOSTIA,"(0.1, 20, 60)"
S3_units,Bearing3_1,16,16,0.0196078431372549,PRONOSTIA,"(0.1, 20, 60)"
S3_units,Bearing3_1,16,16,0.0392156862745098,PRONOSTIA,"(0.1, 20, 60)"
S3_units,Bearing3_1,16,16,0.0392156862745098,PRONOSTIA,"(0.1, 20, 60)"
S3_units,Bearing3_1,16,16,0.13725490196078433,PRONOSTIA,"(0.1, 20, 60)"
S3_units,Bearing3_1,16,16,0.0,PRONOSTIA,"(0.1, 20, 60)"
S3_units,Bearing3_1,16,16,0.058823529411764705,PRONOSTIA,"(0.1, 20, 60)"
S3_units,Bearing3_1,16,16,0.0392156862745098,PRONOSTIA,"(0.1, 20, 60)"
S3_units,Bearing3_1,16,16,0.058823529411764705,PRONOSTIA,"(0.1, 20, 60)"
S3_units,Bearing3_1,16,16,0.0,PRONOSTIA,"(0.1, 20, 60)"
S3_units,Bearing3_1,16,16,0.0196078431372549,PRONOSTIA,"(0.1, 20, 60)"
S3_units,Bearing3_1,16,16,0.0196078431372549,PRONOSTIA,"(0.1, 20, 60)"
S3_units,Bearing3_1,16,16,0.13725490196078433,PRONOSTIA,"(0.1, 20, 60)"
S3_units,Bearing3_1,16,16,0.0,PRONOSTIA,"(0.1, 20, 60)"
S3_units,Bearing3_1,16,16,0.0392156862745098,PRONOSTIA,"(0.1, 20, 60)"
S3_units,Bearing3_1,16,16,0.0196078431372549,PRONOSTIA,"(0.1, 20, 60)"
S3_units,Bearing3_1,16,16,0.058823529411764705,PRONOSTIA,"(0.1, 20, 60)"
S3_units,Bearing3_1,16,16,0.0,PRONOSTIA,"(0.1, 20, 60)"
S3_units,Bearing3_2,20,1,0.08333333333333333,PRONOSTIA,"(0.1, 20, 60)"
S3_units,Bearing3_2,20,1,0.06666666666666667,PRONOSTIA,"(0.1, 20, 60)"
S3_units,Bearing3_2,20,1,0.0,PRONOSTIA,"(0.1, 20, 60)"
S3_units,Bearing3_2,20,1,0.0,PRONOSTIA,"(0.1, 20, 60)"
S3_units,Bearing3_2,20,1,0.45,PRONOSTIA,"(0.1, 20, 60)"
S3_units,Bearing3_2,20,1,0.5,PRONOSTIA,"(0.1, 20, 60)"
S3_units,Bearing3_2,20,1,0.0,PRONOSTIA,"(0.1, 20, 60)"
S3_units,Bearing3_2,20,1,0.06666666666666667,PRONOSTIA,"(0.1, 20, 60)"
S3_units,Bearing3_2,20,1,0.65,PRONOSTIA,"(0.1, 20, 60)"
S3_units,Bearing3_2,20,1,0.31666666666666665,PRONOSTIA,"(0.1, 20, 60)"
S3_units,Bearing3_2,20,1,0.016666666666666666,PRONOSTIA,"(0.1, 20, 60)"
S3_units,Bearing3_2,20,1,0.0,PRONOSTIA,"(0.1, 20, 60)"
S3_units,Bearing3_2,20,1,0.11666666666666667,PRONOSTIA,"(0.1, 20, 60)"
S3_units,Bearing3_2,20,1,0.03333333333333333,PRONOSTIA,"(0.1, 20, 60)"
S3_units,Bearing3_2,20,1,0.11666666666666667,PRONOSTIA,"(0.1, 20, 60)"
S3_units,Bearing3_2,20,1,1.0,PRONOSTIA,"(0.1, 20, 60)"
S3_units,Bearing3_2,20,1,0.15,PRONOSTIA,"(0.1, 20, 60)"
S3_units,Bearing3_2,20,1,0.35,PRONOSTIA,"(0.1, 20, 60)"
S3_units,Bearing3_2,20,1,0.06666666666666667,PRONOSTIA,"(0.1, 20, 60)"
S3_units,Bearing3_2,20,1,0.18333333333333332,PRONOSTIA,"(0.1, 20, 60)"
S3_units,Bearing3_2,20,1,0.0,PRONOSTIA,"(0.1, 20, 60)"
S3_units,Bearing3_2,20,1,0.0,PRONOSTIA,"(0.1, 20, 60)"
S3_units,Bearing3_2,20,1,0.16666666666666666,PRONOSTIA,"(0.1, 20, 60)"
S3_units,Bearing3_2,20,1,0.5333333333333333,PRONOSTIA,"(0.1, 20, 60)"
S3_units,Bearing3_2,20,1,0.7,PRONOSTIA,"(0.1, 20, 60)"
S3_units,Bearing3_2,20,1,0.0,PRONOSTIA,"(0.1, 20, 60)"
S3_units,Bearing3_2,20,1,0.2,PRONOSTIA,"(0.1, 20, 60)"
S3_units,Bearing3_2,20,1,0.0,PRONOSTIA,"(0.1, 20, 60)"
S3_units,Bearing3_2,20,1,0.08333333333333333,PRONOSTIA,"(0.1, 20, 60)"
S3_units,Bearing3_2,20,1,0.016666666666666666,PRONOSTIA,"(0.1, 20, 60)"
S3_units,Bearing3_2,16,16,0.0,PRONOSTIA,"(0.1, 20, 60)"
S3_units,Bearing3_2,16,16,0.0,PRONOSTIA,"(0.1, 20, 60)"
S3_units,Bearing3_2,16,16,0.0,PRONOSTIA,"(0.1, 20, 60)"
S3_units,Bearing3_2,16,16,0.0,PRONOSTIA,"(0.1, 20, 60)"
S3_units,Bearing3_2,16,16,0.0,PRONOSTIA,"(0.1, 20, 60)"
S3_units,Bearing3_2,16,16,0.0,PRONOSTIA,"(0.1, 20, 60)"
S3_units,Bearing3_2,16,16,0.0,PRONOSTIA,"(0.1, 20, 60)"
S3_units,Bearing3_2,16,16,0.016666666666666666,PRONOSTIA,"(0.1, 20, 60)"
S3_units,Bearing3_2,16,16,0.03333333333333333,PRONOSTIA,"(0.1, 20, 60)"
S3_units,Bearing3_2,16,16,0.0,PRONOSTIA,"(0.1, 20, 60)"
S3_units,Bearing3_2,16,16,0.0,PRONOSTIA,"(0.1, 20, 60)"
S3_units,Bearing3_2,16,16,0.0,PRONOSTIA,"(0.1, 20, 60)"
S3_units,Bearing3_2,16,16,0.0,PRONOSTIA,"(0.1, 20, 60)"
S3_units,Bearing3_2,16,16,0.03333333333333333,PRONOSTIA,"(0.1, 20, 60)"
S3_units,Bearing3_2,16,16,0.0,PRONOSTIA,"(0.1, 20, 60)"
S3_units,Bearing3_2,16,16,0.0,PRONOSTIA,"(0.1, 20, 60)"
S3_units,Bearing3_2,16,16,0.0,PRONOSTIA,"(0.1, 20, 60)"
S3_units,Bearing3_2,16,16,0.0,PRONOSTIA,"(0.1, 20, 60)"
S3_units,Bearing3_2,16,16,0.0,PRONOSTIA,"(0.1, 20, 60)"
S3_units,Bearing3_2,16,16,0.08333333333333333,PRONOSTIA,"(0.1, 20, 60)"
S3_units,Bearing3_2,16,16,0.0,PRONOSTIA,"(0.1, 20, 60)"
S3_units,Bearing3_2,16,16,0.0,PRONOSTIA,"(0.1, 20, 60)"
S3_units,Bearing3_2,16,16,0.016666666666666666,PRONOSTIA,"(0.1, 20, 60)"
S3_units,Bearing3_2,16,16,0.016666666666666666,PRONOSTIA,"(0.1, 20, 60)"
S3_units,Bearing3_2,16,16,0.0,PRONOSTIA,"(0.1, 20, 60)"
S3_units,Bearing3_2,16,16,0.0,PRONOSTIA,"(0.1, 20, 60)"
S3_units,Bearing3_2,16,16,0.0,PRONOSTIA,"(0.1, 20, 60)"
S3_units,Bearing3_2,16,16,0.0,PRONOSTIA,"(0.1, 20, 60)"
S3_units,Bearing3_2,16,16,0.0,PRONOSTIA,"(0.1, 20, 60)"
S3_units,Bearing3_2,16,16,0.0,PRONOSTIA,"(0.1, 20, 60)"
S3_units,Bearing3_3,20,1,0.3953488372093023,PRONOSTIA,"(0.1, 20, 60)"
S3_units,Bearing3_3,20,1,0.023255813953488372,PRONOSTIA,"(0.1, 20, 60)"
S3_units,Bearing3_3,20,1,0.09302325581395349,PRONOSTIA,"(0.1, 20, 60)"
S3_units,Bearing3_3,20,1,0.046511627906976744,PRONOSTIA,"(0.1, 20, 60)"
S3_units,Bearing3_3,20,1,0.046511627906976744,PRONOSTIA,"(0.1, 20, 60)"
S3_units,Bearing3_3,20,1,0.0,PRONOSTIA,"(0.1, 20, 60)"
S3_units,Bearing3_3,20,1,0.09302325581395349,PRONOSTIA,"(0.1, 20, 60)"
S3_units,Bearing3_3,20,1,0.627906976744186,PRONOSTIA,"(0.1, 20, 60)"
S3_units,Bearing3_3,20,1,0.4883720930232558,PRONOSTIA,"(0.1, 20, 60)"
S3_units,Bearing3_3,20,1,0.16279069767441862,PRONOSTIA,"(0.1, 20, 60)"
S3_units,Bearing3_3,20,1,0.23255813953488372,PRONOSTIA,"(0.1, 20, 60)"
S3_units,Bearing3_3,20,1,0.09302325581395349,PRONOSTIA,"(0.1, 20, 60)"
S3_units,Bearing3_3,20,1,0.046511627906976744,PRONOSTIA,"(0.1, 20, 60)"
S3_units,Bearing3_3,20,1,0.023255813953488372,PRONOSTIA,"(0.1, 20, 60)"
S3_units,Bearing3_3,20,1,0.20930232558139536,PRONOSTIA,"(0.1, 20, 60)"
S3_units,Bearing3_3,20,1,0.046511627906976744,PRONOSTIA,"(0.1, 20, 60)"
S3_units,Bearing3_3,20,1,0.5116279069767442,PRONOSTIA,"(0.1, 20, 60)"
S3_units,Bearing3_3,20,1,0.5348837209302325,PRONOSTIA,"(0.1, 20, 60)"
S3_units,Bearing3_3,20,1,0.046511627906976744,PRONOSTIA,"(0.1, 20, 60)"
S3_units,Bearing3_3,20,1,0.5116279069767442,PRONOSTIA,"(0.1, 20, 60)"
S3_units,Bearing3_3,20,1,0.2558139534883721,PRONOSTIA,"(0.1, 20, 60)"
S3_units,Bearing3_3,20,1,0.046511627906976744,PRONOSTIA,"(0.1, 20, 60)"
S3_units,Bearing3_3,20,1,0.023255813953488372,PRONOSTIA,"(0.1, 20, 60)"
S3_units,Bearing3_3,20,1,0.0,PRONOSTIA,"(0.1, 20, 60)"
S3_units,Bearing3_3,20,1,0.11627906976744186,PRONOSTIA,"(0.1, 20, 60)"
S3_units,Bearing3_3,20,1,0.06976744186046512,PRONOSTIA,"(0.1, 20, 60)"
S3_units,Bearing3_3,20,1,0.023255813953488372,PRONOSTIA,"(0.1, 20, 60)"
S3_units,Bearing3_3,20,1,0.6046511627906976,PRONOSTIA,"(0.1, 20, 60)"
S3_units,Bearing3_3,20,1,0.20930232558139536,PRONOSTIA,"(0.1, 20, 60)"
S3_units,Bearing3_3,20,1,0.0,PRONOSTIA,"(0.1, 20, 60)"
S3_units,Bearing3_3,16,16,0.0,PRONOSTIA,"(0.1, 20, 60)"
S3_units,Bearing3_3,16,16,0.0,PRONOSTIA,"(0.1, 20, 60)"
S3_units,Bearing3_3,16,16,0.0,PRONOSTIA,"(0.1, 20, 60)"
S3_units,Bearing3_3,16,16,0.13953488372093023,PRONOSTIA,"(0.1, 20, 60)"
S3_units,Bearing3_3,16,16,0.023255813953488372,PRONOSTIA,"(0.1, 20, 60)"
S3_units,Bearing3_3,16,16,0.046511627906976744,PRONOSTIA,"(0.1, 20, 60)"
S3_units,Bearing3_3,16,16,0.0,PRONOSTIA,"(0.1, 20, 60)"
S3_units,Bearing3_3,16,16,0.046511627906976744,PRONOSTIA,"(0.1, 20, 60)"
S3_units,Bearing3_3,16,16,0.0,PRONOSTIA,"(0.1, 20, 60)"
S3_units,Bearing3_3,16,16,0.0,PRONOSTIA,"(0.1, 20, 60)"
S3_units,Bearing3_3,16,16,0.0,PRONOSTIA,"(0.1, 20, 60)"
S3_units,Bearing3_3,16,16,0.0,PRONOSTIA,"(0.1, 20, 60)"
S3_units,Bearing3_3,16,16,0.0,PRONOSTIA,"(0.1, 20, 60)"
S3_units,Bearing3_3,16,16,0.0,PRONOSTIA,"(0.1, 20, 60)"
S3_units,Bearing3_3,16,16,0.023255813953488372,PRONOSTIA,"(0.1, 20, 60)"
S3_units,Bearing3_3,16,16,0.0,PRONOSTIA,"(0.1, 20, 60)"
S3_units,Bearing3_3,16,16,0.0,PRONOSTIA,"(0.1, 20, 60)"
S3_units,Bearing3_3,16,16,0.0,PRONOSTIA,"(0.1, 20, 60)"
S3_units,Bearing3_3,16,16,0.0,PRONOSTIA,"(0.1, 20, 60)"
S3_units,Bearing3_3,16,16,0.0,PRONOSTIA,"(0.1, 20, 60)"
S3_units,Bearing3_3,16,16,0.0,PRONOSTIA,"(0.1, 20, 60)"
S3_units,Bearing3_3,16,16,0.20930232558139536,PRONOSTIA,"(0.1, 20, 60)"
S3_units,Bearing3_3,16,16,0.16279069767441862,PRONOSTIA,"(0.1, 20, 60)"
S3_units,Bearing3_3,16,16,0.06976744186046512,PRONOSTIA,"(0.1, 20, 60)"
S3_units,Bearing3_3,16,16,0.046511627906976744,PRONOSTIA,"(0.1, 20, 60)"
S3_units,Bearing3_3,16,16,0.0,PRONOSTIA,"(0.1, 20, 60)"
S3_units,Bearing3_3,16,16,0.046511627906976744,PRONOSTIA,"(0.1, 20, 60)"
S3_units,Bearing3_3,16,16,0.0,PRONOSTIA,"(0.1, 20, 60)"
S3_units,Bearing3_3,16,16,0.06976744186046512,PRONOSTIA,"(0.1, 20, 60)"
S3_units,Bearing3_3,16,16,0.0,PRONOSTIA,"(0.1, 20, 60)"
S3_units,Bearing1_1,20,1,1.0,XJTU-SY,"(0.1, 20, 60)"
S3_units,Bearing1_1,20,1,1.0,XJTU-SY,"(0.1, 20, 60)"
S3_units,Bearing1_1,20,1,0.7,XJTU-SY,"(0.1, 20, 60)"
S3_units,Bearing1_1,20,1,1.0,XJTU-SY,"(0.1, 20, 60)"
S3_units,Bearing1_1,20,1,0.1,XJTU-SY,"(0.1, 20, 60)"
S3_units,Bearing1_1,20,1,1.0,XJTU-SY,"(0.1, 20, 60)"
S3_units,Bearing1_1,20,1,0.95,XJTU-SY,"(0.1, 20, 60)"
S3_units,Bearing1_1,20,1,0.55,XJTU-SY,"(0.1, 20, 60)"
S3_units,Bearing1_1,20,1,0.0,XJTU-SY,"(0.1, 20, 60)"
S3_units,Bearing1_1,20,1,1.0,XJTU-SY,"(0.1, 20, 60)"
S3_units,Bearing1_1,20,1,0.95,XJTU-SY,"(0.1, 20, 60)"
S3_units,Bearing1_1,20,1,0.95,XJTU-SY,"(0.1, 20, 60)"
S3_units,Bearing1_1,20,1,0.45,XJTU-SY,"(0.1, 20, 60)"
S3_units,Bearing1_1,20,1,1.0,XJTU-SY,"(0.1, 20, 60)"
S3_units,Bearing1_1,20,1,0.8,XJTU-SY,"(0.1, 20, 60)"
S3_units,Bearing1_1,20,1,0.1,XJTU-SY,"(0.1, 20, 60)"
S3_units,Bearing1_1,20,1,1.0,XJTU-SY,"(0.1, 20, 60)"
S3_units,Bearing1_1,20,1,1.0,XJTU-SY,"(0.1, 20, 60)"
S3_units,Bearing1_1,20,1,1.0,XJTU-SY,"(0.1, 20, 60)"
S3_units,Bearing1_1,20,1,0.05,XJTU-SY,"(0.1, 20, 60)"
S3_units,Bearing1_1,20,1,0.8,XJTU-SY,"(0.1, 20, 60)"
S3_units,Bearing1_1,20,1,0.65,XJTU-SY,"(0.1, 20, 60)"
S3_units,Bearing1_1,20,1,1.0,XJTU-SY,"(0.1, 20, 60)"
S3_units,Bearing1_1,20,1,0.0,XJTU-SY,"(0.1, 20, 60)"
S3_units,Bearing1_1,20,1,0.85,XJTU-SY,"(0.1, 20, 60)"
S3_units,Bearing1_1,20,1,0.65,XJTU-SY,"(0.1, 20, 60)"
S3_units,Bearing1_1,20,1,0.9,XJTU-SY,"(0.1, 20, 60)"
S3_units,Bearing1_1,20,1,0.9,XJTU-SY,"(0.1, 20, 60)"
S3_units,Bearing1_1,20,1,0.9,XJTU-SY,"(0.1, 20, 60)"
S3_units,Bearing1_1,20,1,0.75,XJTU-SY,"(0.1, 20, 60)"
S3_units,Bearing1_1,12,12,0.5,XJTU-SY,"(0.1, 20, 60)"
S3_units,Bearing1_1,12,12,0.5,XJTU-SY,"(0.1, 20, 60)"
S3_units,Bearing1_1,12,12,0.45,XJTU-SY,"(0.1, 20, 60)"
S3_units,Bearing1_1,12,12,0.0,XJTU-SY,"(0.1, 20, 60)"
S3_units,Bearing1_1,12,12,0.45,XJTU-SY,"(0.1, 20, 60)"
S3_units,Bearing1_1,12,12,0.6,XJTU-SY,"(0.1, 20, 60)"
S3_units,Bearing1_1,12,12,0.55,XJTU-SY,"(0.1, 20, 60)"
S3_units,Bearing1_1,12,12,0.55,XJTU-SY,"(0.1, 20, 60)"
S3_units,Bearing1_1,12,12,0.45,XJTU-SY,"(0.1, 20, 60)"
S3_units,Bearing1_1,12,12,0.6,XJTU-SY,"(0.1, 20, 60)"
S3_units,Bearing1_1,12,12,0.5,XJTU-SY,"(0.1, 20, 60)"
S3_units,Bearing1_1,12,12,0.55,XJTU-SY,"(0.1, 20, 60)"
S3_units,Bearing1_1,12,12,0.45,XJTU-SY,"(0.1, 20, 60)"
S3_units,Bearing1_1,12,12,0.55,XJTU-SY,"(0.1, 20, 60)"
S3_units,Bearing1_1,12,12,0.5,XJTU-SY,"(0.1, 20, 60)"
S3_units,Bearing1_1,12,12,0.6,XJTU-SY,"(0.1, 20, 60)"
S3_units,Bearing1_1,12,12,0.65,XJTU-SY,"(0.1, 20, 60)"
S3_units,Bearing1_1,12,12,0.5,XJTU-SY,"(0.1, 20, 60)"
S3_units,Bearing1_1,12,12,0.5,XJTU-SY,"(0.1, 20, 60)"
S3_units,Bearing1_1,12,12,0.0,XJTU-SY,"(0.1, 20, 60)"
S3_units,Bearing1_1,12,12,0.55,XJTU-SY,"(0.1, 20, 60)"
S3_units,Bearing1_1,12,12,0.45,XJTU-SY,"(0.1, 20, 60)"
S3_units,Bearing1_1,12,12,0.6,XJTU-SY,"(0.1, 20, 60)"
S3_units,Bearing1_1,12,12,0.6,XJTU-SY,"(0.1, 20, 60)"
S3_units,Bearing1_1,12,12,0.55,XJTU-SY,"(0.1, 20, 60)"
S3_units,Bearing1_1,12,12,0.15,XJTU-SY,"(0.1, 20, 60)"
S3_units,Bearing1_1,12,12,0.45,XJTU-SY,"(0.1, 20, 60)"
S3_units,Bearing1_1,12,12,0.5,XJTU-SY,"(0.1, 20, 60)"
S3_units,Bearing1_1,12,12,0.5,XJTU-SY,"(0.1, 20, 60)"
S3_units,Bearing1_1,12,12,0.5,XJTU-SY,"(0.1, 20, 60)"
S3_units,Bearing1_2,20,1,1.0,XJTU-SY,"(0.1, 20, 60)"
S3_units,Bearing1_2,20,1,1.0,XJTU-SY,"(0.1, 20, 60)"
S3_units,Bearing1_2,20,1,1.0,XJTU-SY,"(0.1, 20, 60)"
S3_units,Bearing1_2,20,1,1.0,XJTU-SY,"(0.1, 20, 60)"
S3_units,Bearing1_2,20,1,0.0,XJTU-SY,"(0.1, 20, 60)"
S3_units,Bearing1_2,20,1,0.0,XJTU-SY,"(0.1, 20, 60)"
S3_units,Bearing1_2,20,1,0.15,XJTU-SY,"(0.1, 20, 60)"
S3_units,Bearing1_2,20,1,1.0,XJTU-SY,"(0.1, 20, 60)"
S3_units,Bearing1_2,20,1,0.0,XJTU-SY,"(0.1, 20, 60)"
S3_units,Bearing1_2,20,1,1.0,XJTU-SY,"(0.1, 20, 60)"
S3_units,Bearing1_2,20,1,1.0,XJTU-SY,"(0.1, 20, 60)"
S3_units,Bearing1_2,20,1,1.0,XJTU-SY,"(0.1, 20, 60)"
S3_units,Bearing1_2,20,1,0.0,XJTU-SY,"(0.1, 20, 60)"
S3_units,Bearing1_2,20,1,1.0,XJTU-SY,"(0.1, 20, 60)"
S3_units,Bearing1_2,20,1,1.0,XJTU-SY,"(0.1, 20, 60)"
S3_units,Bearing1_2,20,1,0.25,XJTU-SY,"(0.1, 20, 60)"
S3_units,Bearing1_2,20,1,0.0,XJTU-SY,"(0.1, 20, 60)"
S3_units,Bearing1_2,20,1,1.0,XJTU-SY,"(0.1, 20, 60)"
S3_units,Bearing1_2,20,1,0.0,XJTU-SY,"(0.1, 20, 60)"
S3_units,Bearing1_2,20,1,0.0,XJTU-SY,"(0.1, 20, 60)"
S3_units,Bearing1_2,20,1,1.0,XJTU-SY,"(0.1, 20, 60)"
S3_units,Bearing1_2,20,1,0.45,XJTU-SY,"(0.1, 20, 60)"
S3_units,Bearing1_2,20,1,0.0,XJTU-SY,"(0.1, 20, 60)"
S3_units,Bearing1_2,20,1,0.75,XJTU-SY,"(0.1, 20, 60)"
S3_units,Bearing1_2,20,1,0.35,XJTU-SY,"(0.1, 20, 60)"
S3_units,Bearing1_2,20,1,0.15,XJTU-SY,"(0.1, 20, 60)"
S3_units,Bearing1_2,20,1,0.0,XJTU-SY,"(0.1, 20, 60)"
S3_units,Bearing1_2,20,1,1.0,XJTU-SY,"(0.1, 20, 60)"
S3_units,Bearing1_2,20,1,0.0,XJTU-SY,"(0.1, 20, 60)"
S3_units,Bearing1_2,20,1,1.0,XJTU-SY,"(0.1, 20, 60)"
S3_units,Bearing1_2,12,12,0.0,XJTU-SY,"(0.1, 20, 60)"
S3_units,Bearing1_2,12,12,0.1,XJTU-SY,"(0.1, 20, 60)"
S3_units,Bearing1_2,12,12,0.0,XJTU-SY,"(0.1, 20, 60)"
S3_units,Bearing1_2,12,12,0.0,XJTU-SY,"(0.1, 20, 60)"
S3_units,Bearing1_2,12,12,0.0,XJTU-SY,"(0.1, 20, 60)"
S3_units,Bearing1_2,12,12,0.05,XJTU-SY,"(0.1, 20, 60)"
S3_units,Bearing1_2,12,12,0.0,XJTU-SY,"(0.1, 20, 60)"
S3_units,Bearing1_2,12,12,0.0,XJTU-SY,"(0.1, 20, 60)"
S3_units,Bearing1_2,12,12,0.0,XJTU-SY,"(0.1, 20, 60)"
S3_units,Bearing1_2,12,12,0.0,XJTU-SY,"(0.1, 20, 60)"
S3_units,Bearing1_2,12,12,0.1,XJTU-SY,"(0.1, 20, 60)"
S3_units,Bearing1_2,12,12,0.0,XJTU-SY,"(0.1, 20, 60)"
S3_units,Bearing1_2,12,12,0.0,XJTU-SY,"(0.1, 20, 60)"
S3_units,Bearing1_2,12,12,0.0,XJTU-SY,"(0.1, 20, 60)"
S3_units,Bearing1_2,12,12,0.0,XJTU-SY,"(0.1, 20, 60)"
S3_units,Bearing1_2,12,12,0.0,XJTU-SY,"(0.1, 20, 60)"
S3_units,Bearing1_2,12,12,0.0,XJTU-SY,"(0.1, 20, 60)"
S3_units,Bearing1_2,12,12,0.0,XJTU-SY,"(0.1, 20, 60)"
S3_units,Bearing1_2,12,12,0.0,XJTU-SY,"(0.1, 20, 60)"
S3_units,Bearing1_2,12,12,0.0,XJTU-SY,"(0.1, 20, 60)"
S3_units,Bearing1_2,12,12,0.0,XJTU-SY,"(0.1, 20, 60)"
S3_units,Bearing1_2,12,12,0.0,XJTU-SY,"(0.1, 20, 60)"
S3_units,Bearing1_2,12,12,0.0,XJTU-SY,"(0.1, 20, 60)"
S3_units,Bearing1_2,12,12,0.0,XJTU-SY,"(0.1, 20, 60)"
S3_units,Bearing1_2,12,12,0.0,XJTU-SY,"(0.1, 20, 60)"
S3_units,Bearing1_2,12,12,0.0,XJTU-SY,"(0.1, 20, 60)"
S3_units,Bearing1_2,12,12,0.05,XJTU-SY,"(0.1, 20, 60)"
S3_units,Bearing1_2,12,12,0.0,XJTU-SY,"(0.1, 20, 60)"
S3_units,Bearing1_2,12,12,0.0,XJTU-SY,"(0.1, 20, 60)"
S3_units,Bearing1_2,12,12,0.0,XJTU-SY,"(0.1, 20, 60)"
S3_units,Bearing1_3,20,1,0.0,XJTU-SY,"(0.1, 20, 60)"
S3_units,Bearing1_3,20,1,0.0,XJTU-SY,"(0.1, 20, 60)"
S3_units,Bearing1_3,20,1,0.75,XJTU-SY,"(0.1, 20, 60)"
S3_units,Bearing1_3,20,1,1.0,XJTU-SY,"(0.1, 20, 60)"
S3_units,Bearing1_3,20,1,1.0,XJTU-SY,"(0.1, 20, 60)"
S3_units,Bearing1_3,20,1,1.0,XJTU-SY,"(0.1, 20, 60)"
S3_units,Bearing1_3,20,1,0.0,XJTU-SY,"(0.1, 20, 60)"
S3_units,Bearing1_3,20,1,0.75,XJTU-SY,"(0.1, 20, 60)"
S3_units,Bearing1_3,20,1,0.0,XJTU-SY,"(0.1, 20, 60)"
S3_units,Bearing1_3,20,1,0.0,XJTU-SY,"(0.1, 20, 60)"
S3_units,Bearing1_3,20,1,0.0,XJTU-SY,"(0.1, 20, 60)"
S3_units,Bearing1_3,20,1,0.9,XJTU-SY,"(0.1, 20, 60)"
S3_units,Bearing1_3,20,1,0.0,XJTU-SY,"(0.1, 20, 60)"
S3_units,Bearing1_3,20,1,1.0,XJTU-SY,"(0.1, 20, 60)"
S3_units,Bearing1_3,20,1,0.0,XJTU-SY,"(0.1, 20, 60)"
S3_units,Bearing1_3,20,1,0.85,XJTU-SY,"(0.1, 20, 60)"
S3_units,Bearing1_3,20,1,0.9,XJTU-SY,"(0.1, 20, 60)"
S3_units,Bearing1_3,20,1,0.0,XJTU-SY,"(0.1, 20, 60)"
S3_units,Bearing1_3,20,1,0.0,XJTU-SY,"(0.1, 20, 60)"
S3_units,Bearing1_3,20,1,0.0,XJTU-SY,"(0.1, 20, 60)"
S3_units,Bearing1_3,20,1,0.0,XJTU-SY,"(0.1, 20, 60)"
S3_units,Bearing1_3,20,1,0.0,XJTU-SY,"(0.1, 20, 60)"
S3_units,Bearing1_3,20,1,0.7,XJTU-SY,"(0.1, 20, 60)"
S3_units,Bearing1_3,20,1,1.0,XJTU-SY,"(0.1, 20, 60)"
S3_units,Bearing1_3,20,1,1.0,XJTU-SY,"(0.1, 20, 60)"
S3_units,Bearing1_3,20,1,0.0,XJTU-SY,"(0.1, 20, 60)"
S3_units,Bearing1_3,20,1,0.0,XJTU-SY,"(0.1, 20, 60)"
S3_units,Bearing1_3,20,1,1.0,XJTU-SY,"(0.1, 20, 60)"
S3_units,Bearing1_3,20,1,0.0,XJTU-SY,"(0.1, 20, 60)"
S3_units,Bearing1_3,20,1,0.0,XJTU-SY,"(0.1, 20, 60)"
S3_units,Bearing1_3,12,12,0.0,XJTU-SY,"(0.1, 20, 60)"
S3_units,Bearing1_3,12,12,0.0,XJTU-SY,"(0.1, 20, 60)"
S3_units,Bearing1_3,12,12,0.0,XJTU-SY,"(0.1, 20, 60)"
S3_units,Bearing1_3,12,12,0.0,XJTU-SY,"(0.1, 20, 60)"
S3_units,Bearing1_3,12,12,0.0,XJTU-SY,"(0.1, 20, 60)"
S3_units,Bearing1_3,12,12,0.0,XJTU-SY,"(0.1, 20, 60)"
S3_units,Bearing1_3,12,12,0.0,XJTU-SY,"(0.1, 20, 60)"
S3_units,Bearing1_3,12,12,0.0,XJTU-SY,"(0.1, 20, 60)"
S3_units,Bearing1_3,12,12,0.0,XJTU-SY,"(0.1, 20, 60)"
S3_units,Bearing1_3,12,12,0.0,XJTU-SY,"(0.1, 20, 60)"
S3_units,Bearing1_3,12,12,0.0,XJTU-SY,"(0.1, 20, 60)"
S3_units,Bearing1_3,12,12,0.0,XJTU-SY,"(0.1, 20, 60)"
S3_units,Bearing1_3,12,12,0.0,XJTU-SY,"(0.1, 20, 60)"
S3_units,Bearing1_3,12,12,0.0,XJTU-SY,"(0.1, 20, 60)"
S3_units,Bearing1_3,12,12,0.0,XJTU-SY,"(0.1, 20, 60)"
S3_units,Bearing1_3,12,12,0.0,XJTU-SY,"(0.1, 20, 60)"
S3_units,Bearing1_3,12,12,0.0,XJTU-SY,"(0.1, 20, 60)"
S3_units,Bearing1_3,12,12,0.0,XJTU-SY,"(0.1, 20, 60)"
S3_units,Bearing1_3,12,12,0.0,XJTU-SY,"(0.1, 20, 60)"
S3_units,Bearing1_3,12,12,0.0,XJTU-SY,"(0.1, 20, 60)"
S3_units,Bearing1_3,12,12,0.0,XJTU-SY,"(0.1, 20, 60)"
S3_units,Bearing1_3,12,12,0.0,XJTU-SY,"(0.1, 20, 60)"
S3_units,Bearing1_3,12,12,0.0,XJTU-SY,"(0.1, 20, 60)"
S3_units,Bearing1_3,12,12,0.0,XJTU-SY,"(0.1, 20, 60)"
S3_units,Bearing1_3,12,12,0.0,XJTU-SY,"(0.1, 20, 60)"
S3_units,Bearing1_3,12,12,0.0,XJTU-SY,"(0.1, 20, 60)"
S3_units,Bearing1_3,12,12,0.0,XJTU-SY,"(0.1, 20, 60)"
S3_units,Bearing1_3,12,12,0.0,XJTU-SY,"(0.1, 20, 60)"
S3_units,Bearing1_3,12,12,0.0,XJTU-SY,"(0.1, 20, 60)"
S3_units,Bearing1_3,12,12,0.0,XJTU-SY,"(0.1, 20, 60)"
S3_units,Bearing1_4,20,1,0.75,XJTU-SY,"(0.1, 20, 60)"
S3_units,Bearing1_4,20,1,1.0,XJTU-SY,"(0.1, 20, 60)"
S3_units,Bearing1_4,20,1,0.0,XJTU-SY,"(0.1, 20, 60)"
S3_units,Bearing1_4,20,1,1.0,XJTU-SY,"(0.1, 20, 60)"
S3_units,Bearing1_4,20,1,0.0,XJTU-SY,"(0.1, 20, 60)"
S3_units,Bearing1_4,20,1,0.15,XJTU-SY,"(0.1, 20, 60)"
S3_units,Bearing1_4,20,1,1.0,XJTU-SY,"(0.1, 20, 60)"
S3_units,Bearing1_4,20,1,0.0,XJTU-SY,"(0.1, 20, 60)"
S3_units,Bearing1_4,20,1,0.55,XJTU-SY,"(0.1, 20, 60)"
S3_units,Bearing1_4,20,1,0.1,XJTU-SY,"(0.1, 20, 60)"
S3_units,Bearing1_4,20,1,0.35,XJTU-SY,"(0.1, 20, 60)"
S3_units,Bearing1_4,20,1,1.0,XJTU-SY,"(0.1, 20, 60)"
S3_units,Bearing1_4,20,1,1.0,XJTU-SY,"(0.1, 20, 60)"
S3_units,Bearing1_4,20,1,0.05,XJTU-SY,"(0.1, 20, 60)"
S3_units,Bearing1_4,20,1,0.6,XJTU-SY,"(0.1, 20, 60)"
S3_units,Bearing1_4,20,1,0.9,XJTU-SY,"(0.1, 20, 60)"
S3_units,Bearing1_4,20,1,0.7,XJTU-SY,"(0.1, 20, 60)"
S3_units,Bearing1_4,20,1,0.0,XJTU-SY,"(0.1, 20, 60)"
S3_units,Bearing1_4,20,1,1.0,XJTU-SY,"(0.1, 20, 60)"
S3_units,Bearing1_4,20,1,0.0,XJTU-SY,"(0.1, 20, 60)"
S3_units,Bearing1_4,20,1,0.95,XJTU-SY,"(0.1, 20, 60)"
S3_units,Bearing1_4,20,1,0.0,XJTU-SY,"(0.1, 20, 60)"
S3_units,Bearing1_4,20,1,0.0,XJTU-SY,"(0.1, 20, 60)"
S3_units,Bearing1_4,20,1,0.15,XJTU-SY,"(0.1, 20, 60)"
S3_units,Bearing1_4,20,1,0.0,XJTU-SY,"(0.1, 20, 60)"
S3_units,Bearing1_4,20,1,0.0,XJTU-SY,"(0.1, 20, 60)"
S3_units,Bearing1_4,20,1,0.1,XJTU-SY,"(0.1, 20, 60)"
S3_units,Bearing1_4,20,1,1.0,XJTU-SY,"(0.1, 20, 60)"
S3_units,Bearing1_4,20,1,1.0,XJTU-SY,"(0.1, 20, 60)"
S3_units,Bearing1_4,20,1,0.0,XJTU-SY,"(0.1, 20, 60)"
S3_units,Bearing1_4,12,12,0.0,XJTU-SY,"(0.1, 20, 60)"
S3_units,Bearing1_4,12,12,0.0,XJTU-SY,"(0.1, 20, 60)"
S3_units,Bearing1_4,12,12,0.0,XJTU-SY,"(0.1, 20, 60)"
S3_units,Bearing1_4,12,12,0.0,XJTU-SY,"(0.1, 20, 60)"
S3_units,Bearing1_4,12,12,0.0,XJTU-SY,"(0.1, 20, 60)"
S3_units,Bearing1_4,12,12,0.0,XJTU-SY,"(0.1, 20, 60)"
S3_units,Bearing1_4,12,12,0.0,XJTU-SY,"(0.1, 20, 60)"
S3_units,Bearing1_4,12,12,0.0,XJTU-SY,"(0.1, 20, 60)"
S3_units,Bearing1_4,12,12,0.0,XJTU-SY,"(0.1, 20, 60)"
S3_units,Bearing1_4,12,12,0.0,XJTU-SY,"(0.1, 20, 60)"
S3_units,Bearing1_4,12,12,0.0,XJTU-SY,"(0.1, 20, 60)"
S3_units,Bearing1_4,12,12,0.0,XJTU-SY,"(0.1, 20, 60)"
S3_units,Bearing1_4,12,12,0.0,XJTU-SY,"(0.1, 20, 60)"
S3_units,Bearing1_4,12,12,0.0,XJTU-SY,"(0.1, 20, 60)"
S3_units,Bearing1_4,12,12,0.0,XJTU-SY,"(0.1, 20, 60)"
S3_units,Bearing1_4,12,12,0.0,XJTU-SY,"(0.1, 20, 60)"
S3_units,Bearing1_4,12,12,0.0,XJTU-SY,"(0.1, 20, 60)"
S3_units,Bearing1_4,12,12,0.0,XJTU-SY,"(0.1, 20, 60)"
S3_units,Bearing1_4,12,12,0.0,XJTU-SY,"(0.1, 20, 60)"
S3_units,Bearing1_4,12,12,0.0,XJTU-SY,"(0.1, 20, 60)"
S3_units,Bearing1_4,12,12,0.0,XJTU-SY,"(0.1, 20, 60)"
S3_units,Bearing1_4,12,12,0.0,XJTU-SY,"(0.1, 20, 60)"
S3_units,Bearing1_4,12,12,0.0,XJTU-SY,"(0.1, 20, 60)"
S3_units,Bearing1_4,12,12,0.0,XJTU-SY,"(0.1, 20, 60)"
S3_units,Bearing1_4,12,12,0.0,XJTU-SY,"(0.1, 20, 60)"
S3_units,Bearing1_4,12,12,0.0,XJTU-SY,"(0.1, 20, 60)"
S3_units,Bearing1_4,12,12,0.0,XJTU-SY,"(0.1, 20, 60)"
S3_units,Bearing1_4,12,12,0.0,XJTU-SY,"(0.1, 20, 60)"
S3_units,Bearing1_4,12,12,0.0,XJTU-SY,"(0.1, 20, 60)"
S3_units,Bearing1_4,12,12,0.0,XJTU-SY,"(0.1, 20, 60)"
S3_units,Bearing2_1,20,1,0.0,XJTU-SY,"(0.1, 20, 60)"
S3_units,Bearing2_1,20,1,0.14285714285714285,XJTU-SY,"(0.1, 20, 60)"
S3_units,Bearing2_1,20,1,0.6122448979591837,XJTU-SY,"(0.1, 20, 60)"
S3_units,Bearing2_1,20,1,0.0,XJTU-SY,"(0.1, 20, 60)"
S3_units,Bearing2_1,20,1,0.9591836734693877,XJTU-SY,"(0.1, 20, 60)"
S3_units,Bearing2_1,20,1,0.6938775510204082,XJTU-SY,"(0.1, 20, 60)"
S3_units,Bearing2_1,20,1,0.04081632653061224,XJTU-SY,"(0.1, 20, 60)"
S3_units,Bearing2_1,20,1,0.22448979591836735,XJTU-SY,"(0.1, 20, 60)"
S3_units,Bearing2_1,20,1,1.0,XJTU-SY,"(0.1, 20, 60)"
S3_units,Bearing2_1,20,1,0.6530612244897959,XJTU-SY,"(0.1, 20, 60)"
S3_units,Bearing2_1,20,1,0.673469387755102,XJTU-SY,"(0.1, 20, 60)"
S3_units,Bearing2_1,20,1,0.9795918367346939,XJTU-SY,"(0.1, 20, 60)"
S3_units,Bearing2_1,20,1,0.8571428571428571,XJTU-SY,"(0.1, 20, 60)"
S3_units,Bearing2_1,20,1,0.0,XJTU-SY,"(0.1, 20, 60)"
S3_units,Bearing2_1,20,1,0.0,XJTU-SY,"(0.1, 20, 60)"
S3_units,Bearing2_1,20,1,0.0,XJTU-SY,"(0.1, 20, 60)"
S3_units,Bearing2_1,20,1,1.0,XJTU-SY,"(0.1, 20, 60)"
S3_units,Bearing2_1,20,1,0.6938775510204082,XJTU-SY,"(0.1, 20, 60)"
S3_units,Bearing2_1,20,1,0.7551020408163265,XJTU-SY,"(0.1, 20, 60)"
S3_units,Bearing2_1,20,1,0.0,XJTU-SY,"(0.1, 20, 60)"
S3_units,Bearing2_1,20,1,0.7142857142857143,XJTU-SY,"(0.1, 20, 60)"
S3_units,Bearing2_1,20,1,0.8775510204081632,XJTU-SY,"(0.1, 20, 60)"
S3_units,Bearing2_1,20,1,0.0,XJTU-SY,"(0.1, 20, 60)"
S3_units,Bearing2_1,20,1,0.0,XJTU-SY,"(0.1, 20, 60)"
S3_units,Bearing2_1,20,1,1.0,XJTU-SY,"(0.1, 20, 60)"
S3_units,Bearing2_1,20,1,0.8775510204081632,XJTU-SY,"(0.1, 20, 60)"
S3_units,Bearing2_1,20,1,0.0,XJTU-SY,"(0.1, 20, 60)"
S3_units,Bearing2_1,20,1,0.0,XJTU-SY,"(0.1, 20, 60)"
S3_units,Bearing2_1,20,1,1.0,XJTU-SY,"(0.1, 20, 60)"
S3_units,Bearing2_1,20,1,0.0,XJTU-SY,"(0.1, 20, 60)"
S3_units,Bearing2_1,12,12,0.0,XJTU-SY,"(0.1, 20, 60)"
S3_units,Bearing2_1,12,12,0.0,XJTU-SY,"(0.1, 20, 60)"
S3_units,Bearing2_1,12,12,0.0,XJTU-SY,"(0.1, 20, 60)"
S3_units,Bearing2_1,12,12,0.0,XJTU-SY,"(0.1, 20, 60)"
S3_units,Bearing2_1,12,12,0.0,XJTU-SY,"(0.1, 20, 60)"
S3_units,Bearing2_1,12,12,0.0,XJTU-SY,"(0.1, 20, 60)"
S3_units,Bearing2_1,12,12,0.0,XJTU-SY,"(0.1, 20, 60)"
S3_units,Bearing2_1,12,12,0.0,XJTU-SY,"(0.1, 20, 60)"
S3_units,Bearing2_1,12,12,0.0,XJTU-SY,"(0.1, 20, 60)"
S3_units,Bearing2_1,12,12,0.0,XJTU-SY,"(0.1, 20, 60)"
S3_units,Bearing2_1,12,12,0.0,XJTU-SY,"(0.1, 20, 60)"
S3_units,Bearing2_1,12,12,0.0,XJTU-SY,"(0.1, 20, 60)"
S3_units,Bearing2_1,12,12,0.0,XJTU-SY,"(0.1, 20, 60)"
S3_units,Bearing2_1,12,12,0.0,XJTU-SY,"(0.1, 20, 60)"
S3_units,Bearing2_1,12,12,0.0,XJTU-SY,"(0.1, 20, 60)"
S3_units,Bearing2_1,12,12,0.0,XJTU-SY,"(0.1, 20, 60)"
S3_units,Bearing2_1,12,12,0.0,XJTU-SY,"(0.1, 20, 60)"
S3_units,Bearing2_1,12,12,0.0,XJTU-SY,"(0.1, 20, 60)"
S3_units,Bearing2_1,12,12,0.0,XJTU-SY,"(0.1, 20, 60)"
S3_units,Bearing2_1,12,12,0.0,XJTU-SY,"(0.1, 20, 60)"
S3_units,Bearing2_1,12,12,0.0,XJTU-SY,"(0.1, 20, 60)"
S3_units,Bearing2_1,12,12,0.0,XJTU-SY,"(0.1, 20, 60)"
S3_units,Bearing2_1,12,12,0.0,XJTU-SY,"(0.1, 20, 60)"
S3_units,Bearing2_1,12,12,0.0,XJTU-SY,"(0.1, 20, 60)"
S3_units,Bearing2_1,12,12,0.0,XJTU-SY,"(0.1, 20, 60)"
S3_units,Bearing2_1,12,12,0.0,XJTU-SY,"(0.1, 20, 60)"
S3_units,Bearing2_1,12,12,0.0,XJTU-SY,"(0.1, 20, 60)"
S3_units,Bearing2_1,12,12,0.0,XJTU-SY,"(0.1, 20, 60)"
S3_units,Bearing2_1,12,12,0.0,XJTU-SY,"(0.1, 20, 60)"
S3_units,Bearing2_1,12,12,0.0,XJTU-SY,"(0.1, 20, 60)"
S3_units,Bearing2_2,20,1,1.0,XJTU-SY,"(0.1, 20, 60)"
S3_units,Bearing2_2,20,1,0.8,XJTU-SY,"(0.1, 20, 60)"
S3_units,Bearing2_2,20,1,0.0,XJTU-SY,"(0.1, 20, 60)"
S3_units,Bearing2_2,20,1,0.25,XJTU-SY,"(0.1, 20, 60)"
S3_units,Bearing2_2,20,1,0.0,XJTU-SY,"(0.1, 20, 60)"
S3_units,Bearing2_2,20,1,0.25,XJTU-SY,"(0.1, 20, 60)"
S3_units,Bearing2_2,20,1,0.2,XJTU-SY,"(0.1, 20, 60)"
S3_units,Bearing2_2,20,1,1.0,XJTU-SY,"(0.1, 20, 60)"
S3_units,Bearing2_2,20,1,1.0,XJTU-SY,"(0.1, 20, 60)"
S3_units,Bearing2_2,20,1,0.85,XJTU-SY,"(0.1, 20, 60)"
S3_units,Bearing2_2,20,1,0.25,XJTU-SY,"(0.1, 20, 60)"
S3_units,Bearing2_2,20,1,0.0,XJTU-SY,"(0.1, 20, 60)"
S3_units,Bearing2_2,20,1,1.0,XJTU-SY,"(0.1, 20, 60)"
S3_units,Bearing2_2,20,1,0.95,XJTU-SY,"(0.1, 20, 60)"
S3_units,Bearing2_2,20,1,0.85,XJTU-SY,"(0.1, 20, 60)"
S3_units,Bearing2_2,20,1,0.0,XJTU-SY,"(0.1, 20, 60)"
S3_units,Bearing2_2,20,1,0.25,XJTU-SY,"(0.1, 20, 60)"
S3_units,Bearing2_2,20,1,0.4,XJTU-SY,"(0.1, 20, 60)"
S3_units,Bearing2_2,20,1,1.0,XJTU-SY,"(0.1, 20, 60)"
S3_units,Bearing2_2,20,1,0.25,XJTU-SY,"(0.1, 20, 60)"
S3_units,Bearing2_2,20,1,0.0,XJTU-SY,"(0.1, 20, 60)"
S3_units,Bearing2_2,20,1,0.4,XJTU-SY,"(0.1, 20, 60)"
S3_units,Bearing2_2,20,1,0.0,XJTU-SY,"(0.1, 20, 60)"
S3_units,Bearing2_2,20,1,0.0,XJTU-SY,"(0.1, 20, 60)"
S3_units,Bearing2_2,20,1,0.6,XJTU-SY,"(0.1, 20, 60)"
S3_units,Bearing2_2,20,1,0.0,XJTU-SY,"(0.1, 20, 60)"
S3_units,Bearing2_2,20,1,0.0,XJTU-SY,"(0.1, 20, 60)"
S3_units,Bearing2_2,20,1,0.9,XJTU-SY,"(0.1, 20, 60)"
S3_units,Bearing2_2,20,1,0.0,XJTU-SY,"(0.1, 20, 60)"
S3_units,Bearing2_2,20,1,0.25,XJTU-SY,"(0.1, 20, 60)"
S3_units,Bearing2_2,12,12,0.0,XJTU-SY,"(0.1, 20, 60)"
S3_units,Bearing2_2,12,12,0.0,XJTU-SY,"(0.1, 20, 60)"
S3_units,Bearing2_2,12,12,0.0,XJTU-SY,"(0.1, 20, 60)"
S3_units,Bearing2_2,12,12,0.0,XJTU-SY,"(0.1, 20, 60)"
S3_units,Bearing2_2,12,12,0.0,XJTU-SY,"(0.1, 20, 60)"
S3_units,Bearing2_2,12,12,0.0,XJTU-SY,"(0.1, 20, 60)"
S3_units,Bearing2_2,12,12,0.0,XJTU-SY,"(0.1, 20, 60)"
S3_units,Bearing2_2,12,12,0.0,XJTU-SY,"(0.1, 20, 60)"
S3_units,Bearing2_2,12,12,0.0,XJTU-SY,"(0.1, 20, 60)"
S3_units,Bearing2_2,12,12,0.0,XJTU-SY,"(0.1, 20, 60)"
S3_units,Bearing2_2,12,12,0.0,XJTU-SY,"(0.1, 20, 60)"
S3_units,Bearing2_2,12,12,0.0,XJTU-SY,"(0.1, 20, 60)"
S3_units,Bearing2_2,12,12,0.0,XJTU-SY,"(0.1, 20, 60)"
S3_units,Bearing2_2,12,12,0.0,XJTU-SY,"(0.1, 20, 60)"
S3_units,Bearing2_2,12,12,0.0,XJTU-SY,"(0.1, 20, 60)"
S3_units,Bearing2_2,12,12,0.0,XJTU-SY,"(0.1, 20, 60)"
S3_units,Bearing2_2,12,12,0.0,XJTU-SY,"(0.1, 20, 60)"
S3_units,Bearing2_2,12,12,0.0,XJTU-SY,"(0.1, 20, 60)"
S3_units,Bearing2_2,12,12,0.0,XJTU-SY,"(0.1, 20, 60)"
S3_units,Bearing2_2,12,12,0.0,XJTU-SY,"(0.1, 20, 60)"
S3_units,Bearing2_2,12,12,0.0,XJTU-SY,"(0.1, 20, 60)"
S3_units,Bearing2_2,12,12,0.0,XJTU-SY,"(0.1, 20, 60)"
S3_units,Bearing2_2,12,12,0.0,XJTU-SY,"(0.1, 20, 60)"
S3_units,Bearing2_2,12,12,0.0,XJTU-SY,"(0.1, 20, 60)"
S3_units,Bearing2_2,12,12,0.0,XJTU-SY,"(0.1, 20, 60)"
S3_units,Bearing2_2,12,12,0.0,XJTU-SY,"(0.1, 20, 60)"
S3_units,Bearing2_2,12,12,0.0,XJTU-SY,"(0.1, 20, 60)"
S3_units,Bearing2_2,12,12,0.0,XJTU-SY,"(0.1, 20, 60)"
S3_units,Bearing2_2,12,12,0.0,XJTU-SY,"(0.1, 20, 60)"
S3_units,Bearing2_2,12,12,0.0,XJTU-SY,"(0.1, 20, 60)"
S3_units,Bearing2_3,20,1,0.0,XJTU-SY,"(0.1, 20, 60)"
S3_units,Bearing2_3,20,1,0.0,XJTU-SY,"(0.1, 20, 60)"
S3_units,Bearing2_3,20,1,1.0,XJTU-SY,"(0.1, 20, 60)"
S3_units,Bearing2_3,20,1,0.0,XJTU-SY,"(0.1, 20, 60)"
S3_units,Bearing2_3,20,1,0.0,XJTU-SY,"(0.1, 20, 60)"
S3_units,Bearing2_3,20,1,1.0,XJTU-SY,"(0.1, 20, 60)"
S3_units,Bearing2_3,20,1,1.0,XJTU-SY,"(0.1, 20, 60)"
S3_units,Bearing2_3,20,1,1.0,XJTU-SY,"(0.1, 20, 60)"
S3_units,Bearing2_3,20,1,0.0,XJTU-SY,"(0.1, 20, 60)"
S3_units,Bearing2_3,20,1,0.0,XJTU-SY,"(0.1, 20, 60)"
S3_units,Bearing2_3,20,1,1.0,XJTU-SY,"(0.1, 20, 60)"
S3_units,Bearing2_3,20,1,0.07547169811320754,XJTU-SY,"(0.1, 20, 60)"
S3_units,Bearing2_3,20,1,0.0,XJTU-SY,"(0.1, 20, 60)"
S3_units,Bearing2_3,20,1,0.0,XJTU-SY,"(0.1, 20, 60)"
S3_units,Bearing2_3,20,1,1.0,XJTU-SY,"(0.1, 20, 60)"
S3_units,Bearing2_3,20,1,1.0,XJTU-SY,"(0.1, 20, 60)"
S3_units,Bearing2_3,20,1,0.5849056603773585,XJTU-SY,"(0.1, 20, 60)"
S3_units,Bearing2_3,20,1,0.7735849056603774,XJTU-SY,"(0.1, 20, 60)"
S3_units,Bearing2_3,20,1,0.05660377358490566,XJTU-SY,"(0.1, 20, 60)"
S3_units,Bearing2_3,20,1,1.0,XJTU-SY,"(0.1, 20, 60)"
S3_units,Bearing2_3,20,1,0.6226415094339622,XJTU-SY,"(0.1, 20, 60)"
S3_units,Bearing2_3,20,1,0.5094339622641509,XJTU-SY,"(0.1, 20, 60)"
S3_units,Bearing2_3,20,1,0.03773584905660377,XJTU-SY,"(0.1, 20, 60)"
S3_units,Bearing2_3,20,1,0.39622641509433965,XJTU-SY,"(0.1, 20, 60)"
S3_units,Bearing2_3,20,1,0.0,XJTU-SY,"(0.1, 20, 60)"
S3_units,Bearing2_3,20,1,1.0,XJTU-SY,"(0.1, 20, 60)"
S3_units,Bearing2_3,20,1,1.0,XJTU-SY,"(0.1, 20, 60)"
S3_units,Bearing2_3,20,1,0.0,XJTU-SY,"(0.1, 20, 60)"
S3_units,Bearing2_3,20,1,0.0,XJTU-SY,"(0.1, 20, 60)"
S3_units,Bearing2_3,20,1,0.0,XJTU-SY,"(0.1, 20, 60)"
S3_units,Bearing2_3,12,12,0.0,XJTU-SY,"(0.1, 20, 60)"
S3_units,Bearing2_3,12,12,0.0,XJTU-SY,"(0.1, 20, 60)"
S3_units,Bearing2_3,12,12,0.0,XJTU-SY,"(0.1, 20, 60)"
S3_units,Bearing2_3,12,12,0.0,XJTU-SY,"(0.1, 20, 60)"
S3_units,Bearing2_3,12,12,0.0,XJTU-SY,"(0.1, 20, 60)"
S3_units,Bearing2_3,12,12,0.0,XJTU-SY,"(0.1, 20, 60)"
S3_units,Bearing2_3,12,12,0.0,XJTU-SY,"(0.1, 20, 60)"
S3_units,Bearing2_3,12,12,0.0,XJTU-SY,"(0.1, 20, 60)"
S3_units,Bearing2_3,12,12,0.0,XJTU-SY,"(0.1, 20, 60)"
S3_units,Bearing2_3,12,12,0.0,XJTU-SY,"(0.1, 20, 60)"
S3_units,Bearing2_3,12,12,0.0,XJTU-SY,"(0.1, 20, 60)"
S3_units,Bearing2_3,12,12,0.0,XJTU-SY,"(0.1, 20, 60)"
S3_units,Bearing2_3,12,12,0.0,XJTU-SY,"(0.1, 20, 60)"
S3_units,Bearing2_3,12,12,0.0,XJTU-SY,"(0.1, 20, 60)"
S3_units,Bearing2_3,12,12,0.0,XJTU-SY,"(0.1, 20, 60)"
S3_units,Bearing2_3,12,12,0.0,XJTU-SY,"(0.1, 20, 60)"
S3_units,Bearing2_3,12,12,0.0,XJTU-SY,"(0.1, 20, 60)"
S3_units,Bearing2_3,12,12,0.0,XJTU-SY,"(0.1, 20, 60)"
S3_units,Bearing2_3,12,12,0.0,XJTU-SY,"(0.1, 20, 60)"
S3_units,Bearing2_3,12,12,0.0,XJTU-SY,"(0.1, 20, 60)"
S3_units,Bearing2_3,12,12,0.0,XJTU-SY,"(0.1, 20, 60)"
S3_units,Bearing2_3,12,12,0.0,XJTU-SY,"(0.1, 20, 60)"
S3_units,Bearing2_3,12,12,0.0,XJTU-SY,"(0.1, 20, 60)"
S3_units,Bearing2_3,12,12,0.0,XJTU-SY,"(0.1, 20, 60)"
S3_units,Bearing2_3,12,12,0.0,XJTU-SY,"(0.1, 20, 60)"
S3_units,Bearing2_3,12,12,0.0,XJTU-SY,"(0.1, 20, 60)"
S3_units,Bearing2_3,12,12,0.0,XJTU-SY,"(0.1, 20, 60)"
S3_units,Bearing2_3,12,12,0.0,XJTU-SY,"(0.1, 20, 60)"
S3_units,Bearing2_3,12,12,0.0,XJTU-SY,"(0.1, 20, 60)"
S3_units,Bearing2_3,12,12,0.0,XJTU-SY,"(0.1, 20, 60)"
S3_units,Bearing2_5,20,1,0.0,XJTU-SY,"(0.1, 20, 60)"
S3_units,Bearing2_5,20,1,0.0,XJTU-SY,"(0.1, 20, 60)"
S3_units,Bearing2_5,20,1,0.030303030303030304,XJTU-SY,"(0.1, 20, 60)"
S3_units,Bearing2_5,20,1,0.0,XJTU-SY,"(0.1, 20, 60)"
S3_units,Bearing2_5,20,1,1.0,XJTU-SY,"(0.1, 20, 60)"
S3_units,Bearing2_5,20,1,0.0,XJTU-SY,"(0.1, 20, 60)"
S3_units,Bearing2_5,20,1,0.9090909090909091,XJTU-SY,"(0.1, 20, 60)"
S3_units,Bearing2_5,20,1,0.696969696969697,XJTU-SY,"(0.1, 20, 60)"
S3_units,Bearing2_5,20,1,0.8787878787878788,XJTU-SY,"(0.1, 20, 60)"
S3_units,Bearing2_5,20,1,0.8181818181818182,XJTU-SY,"(0.1, 20, 60)"
S3_units,Bearing2_5,20,1,0.09090909090909091,XJTU-SY,"(0.1, 20, 60)"
S3_units,Bearing2_5,20,1,1.0,XJTU-SY,"(0.1, 20, 60)"
S3_units,Bearing2_5,20,1,0.7878787878787878,XJTU-SY,"(0.1, 20, 60)"
S3_units,Bearing2_5,20,1,0.0,XJTU-SY,"(0.1, 20, 60)"
S3_units,Bearing2_5,20,1,0.8787878787878788,XJTU-SY,"(0.1, 20, 60)"
S3_units,Bearing2_5,20,1,0.9090909090909091,XJTU-SY,"(0.1, 20, 60)"
S3_units,Bearing2_5,20,1,0.6666666666666666,XJTU-SY,"(0.1, 20, 60)"
S3_units,Bearing2_5,20,1,0.0,XJTU-SY,"(0.1, 20, 60)"
S3_units,Bearing2_5,20,1,0.0,XJTU-SY,"(0.1, 20, 60)"
S3_units,Bearing2_5,20,1,0.5757575757575758,XJTU-SY,"(0.1, 20, 60)"
S3_units,Bearing2_5,20,1,0.5151515151515151,XJTU-SY,"(0.1, 20, 60)"
S3_units,Bearing2_5,20,1,0.0,XJTU-SY,"(0.1, 20, 60)"
S3_units,Bearing2_5,20,1,1.0,XJTU-SY,"(0.1, 20, 60)"
S3_units,Bearing2_5,20,1,1.0,XJTU-SY,"(0.1, 20, 60)"
S3_units,Bearing2_5,20,1,1.0,XJTU-SY,"(0.1, 20, 60)"
S3_units,Bearing2_5,20,1,1.0,XJTU-SY,"(0.1, 20, 60)"
S3_units,Bearing2_5,20,1,0.0,XJTU-SY,"(0.1, 20, 60)"
S3_units,Bearing2_5,20,1,0.0,XJTU-SY,"(0.1, 20, 60)"
S3_units,Bearing2_5,20,1,0.9090909090909091,XJTU-SY,"(0.1, 20, 60)"
S3_units,Bearing2_5,20,1,1.0,XJTU-SY,"(0.1, 20, 60)"
S3_units,Bearing2_5,12,12,0.18181818181818182,XJTU-SY,"(0.1, 20, 60)"
S3_units,Bearing2_5,12,12,0.0,XJTU-SY,"(0.1, 20, 60)"
S3_units,Bearing2_5,12,12,0.0,XJTU-SY,"(0.1, 20, 60)"
S3_units,Bearing2_5,12,12,0.15151515151515152,XJTU-SY,"(0.1, 20, 60)"
S3_units,Bearing2_5,12,12,0.0,XJTU-SY,"(0.1, 20, 60)"
S3_units,Bearing2_5,12,12,0.0,XJTU-SY,"(0.1, 20, 60)"
S3_units,Bearing2_5,12,12,0.0,XJTU-SY,"(0.1, 20, 60)"
S3_units,Bearing2_5,12,12,0.45454545454545453,XJTU-SY,"(0.1, 20, 60)"
S3_units,Bearing2_5,12,12,0.24242424242424243,XJTU-SY,"(0.1, 20, 60)"
S3_units,Bearing2_5,12,12,0.0,XJTU-SY,"(0.1, 20, 60)"
S3_units,Bearing2_5,12,12,0.030303030303030304,XJTU-SY,"(0.1, 20, 60)"
S3_units,Bearing2_5,12,12,0.3333333333333333,XJTU-SY,"(0.1, 20, 60)"
S3_units,Bearing2_5,12,12,0.0,XJTU-SY,"(0.1, 20, 60)"
S3_units,Bearing2_5,12,12,0.0,XJTU-SY,"(0.1, 20, 60)"
S3_units,Bearing2_5,12,12,0.0,XJTU-SY,"(0.1, 20, 60)"
S3_units,Bearing2_5,12,12,0.0,XJTU-SY,"(0.1, 20, 60)"
S3_units,Bearing2_5,12,12,0.0,XJTU-SY,"(0.1, 20, 60)"
S3_units,Bearing2_5,12,12,0.3939393939393939,XJTU-SY,"(0.1, 20, 60)"
S3_units,Bearing2_5,12,12,0.0,XJTU-SY,"(0.1, 20, 60)"
S3_units,Bearing2_5,12,12,0.030303030303030304,XJTU-SY,"(0.1, 20, 60)"
S3_units,Bearing2_5,12,12,0.2727272727272727,XJTU-SY,"(0.1, 20, 60)"
S3_units,Bearing2_5,12,12,0.0,XJTU-SY,"(0.1, 20, 60)"
S3_units,Bearing2_5,12,12,0.0,XJTU-SY,"(0.1, 20, 60)"
S3_units,Bearing2_5,12,12,0.9696969696969697,XJTU-SY,"(0.1, 20, 60)"
S3_units,Bearing2_5,12,12,0.0,XJTU-SY,"(0.1, 20, 60)"
S3_units,Bearing2_5,12,12,0.09090909090909091,XJTU-SY,"(0.1, 20, 60)"
S3_units,Bearing2_5,12,12,0.0,XJTU-SY,"(0.1, 20, 60)"
S3_units,Bearing2_5,12,12,0.9696969696969697,XJTU-SY,"(0.1, 20, 60)"
S3_units,Bearing2_5,12,12,0.0,XJTU-SY,"(0.1, 20, 60)"
S3_units,Bearing2_5,12,12,0.030303030303030304,XJTU-SY,"(0.1, 20, 60)"
S3_units,Bearing3_1,20,1,0.0,XJTU-SY,"(0.1, 20, 60)"
S3_units,Bearing3_1,20,1,0.3333333333333333,XJTU-SY,"(0.1, 20, 60)"
S3_units,Bearing3_1,20,1,0.4666666666666667,XJTU-SY,"(0.1, 20, 60)"
S3_units,Bearing3_1,20,1,0.13333333333333333,XJTU-SY,"(0.1, 20, 60)"
S3_units,Bearing3_1,20,1,1.0,XJTU-SY,"(0.1, 20, 60)"
S3_units,Bearing3_1,20,1,0.0,XJTU-SY,"(0.1, 20, 60)"
S3_units,Bearing3_1,20,1,1.0,XJTU-SY,"(0.1, 20, 60)"
S3_units,Bearing3_1,20,1,1.0,XJTU-SY,"(0.1, 20, 60)"
S3_units,Bearing3_1,20,1,0.26666666666666666,XJTU-SY,"(0.1, 20, 60)"
S3_units,Bearing3_1,20,1,0.18333333333333332,XJTU-SY,"(0.1, 20, 60)"
S3_units,Bearing3_1,20,1,0.0,XJTU-SY,"(0.1, 20, 60)"
S3_units,Bearing3_1,20,1,0.18333333333333332,XJTU-SY,"(0.1, 20, 60)"
S3_units,Bearing3_1,20,1,0.9833333333333333,XJTU-SY,"(0.1, 20, 60)"
S3_units,Bearing3_1,20,1,0.4666666666666667,XJTU-SY,"(0.1, 20, 60)"
S3_units,Bearing3_1,20,1,1.0,XJTU-SY,"(0.1, 20, 60)"
S3_units,Bearing3_1,20,1,1.0,XJTU-SY,"(0.1, 20, 60)"
S3_units,Bearing3_1,20,1,0.0,XJTU-SY,"(0.1, 20, 60)"
S3_units,Bearing3_1,20,1,0.0,XJTU-SY,"(0.1, 20, 60)"
S3_units,Bearing3_1,20,1,0.9833333333333333,XJTU-SY,"(0.1, 20, 60)"
S3_units,Bearing3_1,20,1,1.0,XJTU-SY,"(0.1, 20, 60)"
S3_units,Bearing3_1,20,1,0.16666666666666666,XJTU-SY,"(0.1, 20, 60)"
S3_units,Bearing3_1,20,1,0.7,XJTU-SY,"(0.1, 20, 60)"
S3_units,Bearing3_1,20,1,0.7,XJTU-SY,"(0.1, 20, 60)"
S3_units,Bearing3_1,20,1,0.0,XJTU-SY,"(0.1, 20, 60)"
S3_units,Bearing3_1,20,1,0.0,XJTU-SY,"(0.1, 20, 60)"
S3_units,Bearing3_1,20,1,0.0,XJTU-SY,"(0.1, 20, 60)"
S3_units,Bearing3_1,20,1,0.13333333333333333,XJTU-SY,"(0.1, 20, 60)"
S3_units,Bearing3_1,20,1,0.0,XJTU-SY,"(0.1, 20, 60)"
S3_units,Bearing3_1,20,1,0.11666666666666667,XJTU-SY,"(0.1, 20, 60)"
S3_units,Bearing3_1,20,1,0.43333333333333335,XJTU-SY,"(0.1, 20, 60)"
S3_units,Bearing3_1,12,12,0.0,XJTU-SY,"(0.1, 20, 60)"
S3_units,Bearing3_1,12,12,0.0,XJTU-SY,"(0.1, 20, 60)"
S3_units,Bearing3_1,12,12,0.0,XJTU-SY,"(0.1, 20, 60)"
S3_units,Bearing3_1,12,12,0.0,XJTU-SY,"(0.1, 20, 60)"
S3_units,Bearing3_1,12,12,0.0,XJTU-SY,"(0.1, 20, 60)"
S3_units,Bearing3_1,12,12,0.0,XJTU-SY,"(0.1, 20, 60)"
S3_units,Bearing3_1,12,12,0.0,XJTU-SY,"(0.1, 20, 60)"
S3_units,Bearing3_1,12,12,0.0,XJTU-SY,"(0.1, 20, 60)"
S3_units,Bearing3_1,12,12,0.0,XJTU-SY,"(0.1, 20, 60)"
S3_units,Bearing3_1,12,12,0.0,XJTU-SY,"(0.1, 20, 60)"
S3_units,Bearing3_1,12,12,0.0,XJTU-SY,"(0.1, 20, 60)"
S3_units,Bearing3_1,12,12,0.0,XJTU-SY,"(0.1, 20, 60)"
S3_units,Bearing3_1,12,12,0.0,XJTU-SY,"(0.1, 20, 60)"
S3_units,Bearing3_1,12,12,0.0,XJTU-SY,"(0.1, 20, 60)"
S3_units,Bearing3_1,12,12,0.0,XJTU-SY,"(0.1, 20, 60)"
S3_units,Bearing3_1,12,12,0.0,XJTU-SY,"(0.1, 20, 60)"
S3_units,Bearing3_1,12,12,0.0,XJTU-SY,"(0.1, 20, 60)"
S3_units,Bearing3_1,12,12,0.0,XJTU-SY,"(0.1, 20, 60)"
S3_units,Bearing3_1,12,12,0.0,XJTU-SY,"(0.1, 20, 60)"
S3_units,Bearing3_1,12,12,0.0,XJTU-SY,"(0.1, 20, 60)"
S3_units,Bearing3_1,12,12,0.0,XJTU-SY,"(0.1, 20, 60)"
S3_units,Bearing3_1,12,12,0.0,XJTU-SY,"(0.1, 20, 60)"
S3_units,Bearing3_1,12,12,0.0,XJTU-SY,"(0.1, 20, 60)"
S3_units,Bearing3_1,12,12,0.0,XJTU-SY,"(0.1, 20, 60)"
S3_units,Bearing3_1,12,12,0.0,XJTU-SY,"(0.1, 20, 60)"
S3_units,Bearing3_1,12,12,0.0,XJTU-SY,"(0.1, 20, 60)"
S3_units,Bearing3_1,12,12,0.0,XJTU-SY,"(0.1, 20, 60)"
S3_units,Bearing3_1,12,12,0.0,XJTU-SY,"(0.1, 20, 60)"
S3_units,Bearing3_1,12,12,0.0,XJTU-SY,"(0.1, 20, 60)"
S3_units,Bearing3_1,12,12,0.0,XJTU-SY,"(0.1, 20, 60)"
S3_units,Bearing3_2,20,1,0.18333333333333332,XJTU-SY,"(0.1, 20, 60)"
S3_units,Bearing3_2,20,1,1.0,XJTU-SY,"(0.1, 20, 60)"
S3_units,Bearing3_2,20,1,1.0,XJTU-SY,"(0.1, 20, 60)"
S3_units,Bearing3_2,20,1,0.8333333333333334,XJTU-SY,"(0.1, 20, 60)"
S3_units,Bearing3_2,20,1,1.0,XJTU-SY,"(0.1, 20, 60)"
S3_units,Bearing3_2,20,1,0.6333333333333333,XJTU-SY,"(0.1, 20, 60)"
S3_units,Bearing3_2,20,1,0.6833333333333333,XJTU-SY,"(0.1, 20, 60)"
S3_units,Bearing3_2,20,1,0.2833333333333333,XJTU-SY,"(0.1, 20, 60)"
S3_units,Bearing3_2,20,1,0.0,XJTU-SY,"(0.1, 20, 60)"
S3_units,Bearing3_2,20,1,0.8833333333333333,XJTU-SY,"(0.1, 20, 60)"
S3_units,Bearing3_2,20,1,1.0,XJTU-SY,"(0.1, 20, 60)"
S3_units,Bearing3_2,20,1,0.0,XJTU-SY,"(0.1, 20, 60)"
S3_units,Bearing3_2,20,1,0.0,XJTU-SY,"(0.1, 20, 60)"
S3_units,Bearing3_2,20,1,0.0,XJTU-SY,"(0.1, 20, 60)"
S3_units,Bearing3_2,20,1,0.9333333333333333,XJTU-SY,"(0.1, 20, 60)"
S3_units,Bearing3_2,20,1,0.0,XJTU-SY,"(0.1, 20, 60)"
S3_units,Bearing3_2,20,1,1.0,XJTU-SY,"(0.1, 20, 60)"
S3_units,Bearing3_2,20,1,0.0,XJTU-SY,"(0.1, 20, 60)"
S3_units,Bearing3_2,20,1,0.2,XJTU-SY,"(0.1, 20, 60)"
S3_units,Bearing3_2,20,1,0.4666666666666667,XJTU-SY,"(0.1, 20, 60)"
S3_units,Bearing3_2,20,1,1.0,XJTU-SY,"(0.1, 20, 60)"
S3_units,Bearing3_2,20,1,0.0,XJTU-SY,"(0.1, 20, 60)"
S3_units,Bearing3_2,20,1,1.0,XJTU-SY,"(0.1, 20, 60)"
S3_units,Bearing3_2,20,1,0.5333333333333333,XJTU-SY,"(0.1, 20, 60)"
S3_units,Bearing3_2,20,1,1.0,XJTU-SY,"(0.1, 20, 60)"
S3_units,Bearing3_2,20,1,0.9333333333333333,XJTU-SY,"(0.1, 20, 60)"
S3_units,Bearing3_2,20,1,0.016666666666666666,XJTU-SY,"(0.1, 20, 60)"
S3_units,Bearing3_2,20,1,0.15,XJTU-SY,"(0.1, 20, 60)"
S3_units,Bearing3_2,20,1,0.3333333333333333,XJTU-SY,"(0.1, 20, 60)"
S3_units,Bearing3_2,20,1,0.9333333333333333,XJTU-SY,"(0.1, 20, 60)"
S3_units,Bearing3_2,12,12,0.0,XJTU-SY,"(0.1, 20, 60)"
S3_units,Bearing3_2,12,12,0.016666666666666666,XJTU-SY,"(0.1, 20, 60)"
S3_units,Bearing3_2,12,12,0.3333333333333333,XJTU-SY,"(0.1, 20, 60)"
S3_units,Bearing3_2,12,12,0.0,XJTU-SY,"(0.1, 20, 60)"
S3_units,Bearing3_2,12,12,0.0,XJTU-SY,"(0.1, 20, 60)"
S3_units,Bearing3_2,12,12,0.0,XJTU-SY,"(0.1, 20, 60)"
S3_units,Bearing3_2,12,12,0.0,XJTU-SY,"(0.1, 20, 60)"
S3_units,Bearing3_2,12,12,0.15,XJTU-SY,"(0.1, 20, 60)"
S3_units,Bearing3_2,12,12,0.1,XJTU-SY,"(0.1, 20, 60)"
S3_units,Bearing3_2,12,12,0.1,XJTU-SY,"(0.1, 20, 60)"
S3_units,Bearing3_2,12,12,0.0,XJTU-SY,"(0.1, 20, 60)"
S3_units,Bearing3_2,12,12,0.0,XJTU-SY,"(0.1, 20, 60)"
S3_units,Bearing3_2,12,12,0.0,XJTU-SY,"(0.1, 20, 60)"
S3_units,Bearing3_2,12,12,0.0,XJTU-SY,"(0.1, 20, 60)"
S3_units,Bearing3_2,12,12,0.06666666666666667,XJTU-SY,"(0.1, 20, 60)"
S3_units,Bearing3_2,12,12,0.06666666666666667,XJTU-SY,"(0.1, 20, 60)"
S3_units,Bearing3_2,12,12,0.08333333333333333,XJTU-SY,"(0.1, 20, 60)"
S3_units,Bearing3_2,12,12,0.0,XJTU-SY,"(0.1, 20, 60)"
S3_units,Bearing3_2,12,12,0.0,XJTU-SY,"(0.1, 20, 60)"
S3_units,Bearing3_2,12,12,0.0,XJTU-SY,"(0.1, 20, 60)"
S3_units,Bearing3_2,12,12,0.15,XJTU-SY,"(0.1, 20, 60)"
S3_units,Bearing3_2,12,12,0.0,XJTU-SY,"(0.1, 20, 60)"
S3_units,Bearing3_2,12,12,0.0,XJTU-SY,"(0.1, 20, 60)"
S3_units,Bearing3_2,12,12,0.15,XJTU-SY,"(0.1, 20, 60)"
S3_units,Bearing3_2,12,12,0.3,XJTU-SY,"(0.1, 20, 60)"
S3_units,Bearing3_2,12,12,0.3333333333333333,XJTU-SY,"(0.1, 20, 60)"
S3_units,Bearing3_2,12,12,0.0,XJTU-SY,"(0.1, 20, 60)"
S3_units,Bearing3_2,12,12,0.0,XJTU-SY,"(0.1, 20, 60)"
S3_units,Bearing3_2,12,12,0.08333333333333333,XJTU-SY,"(0.1, 20, 60)"
S3_units,Bearing3_2,12,12,0.13333333333333333,XJTU-SY,"(0.1, 20, 60)"
S3_units,Bearing3_3,20,1,0.05405405405405406,XJTU-SY,"(0.1, 20, 60)"
S3_units,Bearing3_3,20,1,0.8108108108108109,XJTU-SY,"(0.1, 20, 60)"
S3_units,Bearing3_3,20,1,0.02702702702702703,XJTU-SY,"(0.1, 20, 60)"
S3_units,Bearing3_3,20,1,0.0,XJTU-SY,"(0.1, 20, 60)"
S3_units,Bearing3_3,20,1,0.0,XJTU-SY,"(0.1, 20, 60)"
S3_units,Bearing3_3,20,1,0.05405405405405406,XJTU-SY,"(0.1, 20, 60)"
S3_units,Bearing3_3,20,1,0.32432432432432434,XJTU-SY,"(0.1, 20, 60)"
S3_units,Bearing3_3,20,1,0.0,XJTU-SY,"(0.1, 20, 60)"
S3_units,Bearing3_3,20,1,0.7297297297297297,XJTU-SY,"(0.1, 20, 60)"
S3_units,Bearing3_3,20,1,0.02702702702702703,XJTU-SY,"(0.1, 20, 60)"
S3_units,Bearing3_3,20,1,0.0,XJTU-SY,"(0.1, 20, 60)"
S3_units,Bearing3_3,20,1,0.40540540540540543,XJTU-SY,"(0.1, 20, 60)"
S3_units,Bearing3_3,20,1,0.7297297297297297,XJTU-SY,"(0.1, 20, 60)"
S3_units,Bearing3_3,20,1,0.8108108108108109,XJTU-SY,"(0.1, 20, 60)"
S3_units,Bearing3_3,20,1,0.05405405405405406,XJTU-SY,"(0.1, 20, 60)"
S3_units,Bearing3_3,20,1,0.0,XJTU-SY,"(0.1, 20, 60)"
S3_units,Bearing3_3,20,1,0.5945945945945946,XJTU-SY,"(0.1, 20, 60)"
S3_units,Bearing3_3,20,1,0.7837837837837838,XJTU-SY,"(0.1, 20, 60)"
S3_units,Bearing3_3,20,1,0.7297297297297297,XJTU-SY,"(0.1, 20, 60)"
S3_units,Bearing3_3,20,1,0.08108108108108109,XJTU-SY,"(0.1, 20, 60)"
S3_units,Bearing3_3,20,1,0.6756756756756757,XJTU-SY,"(0.1, 20, 60)"
S3_units,Bearing3_3,20,1,0.02702702702702703,XJTU-SY,"(0.1, 20, 60)"
S3_units,Bearing3_3,20,1,0.05405405405405406,XJTU-SY,"(0.1, 20, 60)"
S3_units,Bearing3_3,20,1,0.7837837837837838,XJTU-SY,"(0.1, 20, 60)"
S3_units,Bearing3_3,20,1,0.972972972972973,XJTU-SY,"(0.1, 20, 60)"
S3_units,Bearing3_3,20,1,0.0,XJTU-SY,"(0.1, 20, 60)"
S3_units,Bearing3_3,20,1,0.8378378378378378,XJTU-SY,"(0.1, 20, 60)"
S3_units,Bearing3_3,20,1,0.05405405405405406,XJTU-SY,"(0.1, 20, 60)"
S3_units,Bearing3_3,20,1,0.7837837837837838,XJTU-SY,"(0.1, 20, 60)"
S3_units,Bearing3_3,20,1,0.8918918918918919,XJTU-SY,"(0.1, 20, 60)"
S3_units,Bearing3_3,12,12,0.0,XJTU-SY,"(0.1, 20, 60)"
S3_units,Bearing3_3,12,12,0.0,XJTU-SY,"(0.1, 20, 60)"
S3_units,Bearing3_3,12,12,0.0,XJTU-SY,"(0.1, 20, 60)"
S3_units,Bearing3_3,12,12,0.0,XJTU-SY,"(0.1, 20, 60)"
S3_units,Bearing3_3,12,12,0.0,XJTU-SY,"(0.1, 20, 60)"
S3_units,Bearing3_3,12,12,0.0,XJTU-SY,"(0.1, 20, 60)"
S3_units,Bearing3_3,12,12,0.0,XJTU-SY,"(0.1, 20, 60)"
S3_units,Bearing3_3,12,12,0.0,XJTU-SY,"(0.1, 20, 60)"
S3_units,Bearing3_3,12,12,0.0,XJTU-SY,"(0.1, 20, 60)"
S3_units,Bearing3_3,12,12,0.0,XJTU-SY,"(0.1, 20, 60)"
S3_units,Bearing3_3,12,12,0.0,XJTU-SY,"(0.1, 20, 60)"
S3_units,Bearing3_3,12,12,0.0,XJTU-SY,"(0.1, 20, 60)"
S3_units,Bearing3_3,12,12,0.0,XJTU-SY,"(0.1, 20, 60)"
S3_units,Bearing3_3,12,12,0.0,XJTU-SY,"(0.1, 20, 60)"
S3_units,Bearing3_3,12,12,0.0,XJTU-SY,"(0.1, 20, 60)"
S3_units,Bearing3_3,12,12,0.0,XJTU-SY,"(0.1, 20, 60)"
S3_units,Bearing3_3,12,12,0.0,XJTU-SY,"(0.1, 20, 60)"
S3_units,Bearing3_3,12,12,0.0,XJTU-SY,"(0.1, 20, 60)"
S3_units,Bearing3_3,12,12,0.0,XJTU-SY,"(0.1, 20, 60)"
S3_units,Bearing3_3,12,12,0.0,XJTU-SY,"(0.1, 20, 60)"
S3_units,Bearing3_3,12,12,0.0,XJTU-SY,"(0.1, 20, 60)"
S3_units,Bearing3_3,12,12,0.0,XJTU-SY,"(0.1, 20, 60)"
S3_units,Bearing3_3,12,12,0.0,XJTU-SY,"(0.1, 20, 60)"
S3_units,Bearing3_3,12,12,0.0,XJTU-SY,"(0.1, 20, 60)"
S3_units,Bearing3_3,12,12,0.0,XJTU-SY,"(0.1, 20, 60)"
S3_units,Bearing3_3,12,12,0.0,XJTU-SY,"(0.1, 20, 60)"
S3_units,Bearing3_3,12,12,0.0,XJTU-SY,"(0.1, 20, 60)"
S3_units,Bearing3_3,12,12,0.0,XJTU-SY,"(0.1, 20, 60)"
S3_units,Bearing3_3,12,12,0.0,XJTU-SY,"(0.1, 20, 60)"
S3_units,Bearing3_3,12,12,0.0,XJTU-SY,"(0.1, 20, 60)"
S3_units,Bearing3_4,20,1,1.0,XJTU-SY,"(0.1, 20, 60)"
S3_units,Bearing3_4,20,1,0.9833333333333333,XJTU-SY,"(0.1, 20, 60)"
S3_units,Bearing3_4,20,1,0.48333333333333334,XJTU-SY,"(0.1, 20, 60)"
S3_units,Bearing3_4,20,1,0.9833333333333333,XJTU-SY,"(0.1, 20, 60)"
S3_units,Bearing3_4,20,1,1.0,XJTU-SY,"(0.1, 20, 60)"
S3_units,Bearing3_4,20,1,0.9833333333333333,XJTU-SY,"(0.1, 20, 60)"
S3_units,Bearing3_4,20,1,0.0,XJTU-SY,"(0.1, 20, 60)"
S3_units,Bearing3_4,20,1,0.5166666666666667,XJTU-SY,"(0.1, 20, 60)"
S3_units,Bearing3_4,20,1,1.0,XJTU-SY,"(0.1, 20, 60)"
S3_units,Bearing3_4,20,1,0.5166666666666667,XJTU-SY,"(0.1, 20, 60)"
S3_units,Bearing3_4,20,1,0.5,XJTU-SY,"(0.1, 20, 60)"
S3_units,Bearing3_4,20,1,1.0,XJTU-SY,"(0.1, 20, 60)"
S3_units,Bearing3_4,20,1,1.0,XJTU-SY,"(0.1, 20, 60)"
S3_units,Bearing3_4,20,1,1.0,XJTU-SY,"(0.1, 20, 60)"
S3_units,Bearing3_4,20,1,1.0,XJTU-SY,"(0.1, 20, 60)"
S3_units,Bearing3_4,20,1,0.6666666666666666,XJTU-SY,"(0.1, 20, 60)"
S3_units,Bearing3_4,20,1,1.0,XJTU-SY,"(0.1, 20, 60)"
S3_units,Bearing3_4,20,1,0.6666666666666666,XJTU-SY,"(0.1, 20, 60)"
S3_units,Bearing3_4,20,1,0.4,XJTU-SY,"(0.1, 20, 60)"
S3_units,Bearing3_4,20,1,1.0,XJTU-SY,"(0.1, 20, 60)"
S3_units,Bearing3_4,20,1,0.7833333333333333,XJTU-SY,"(0.1, 20, 60)"
S3_units,Bearing3_4,20,1,1.0,XJTU-SY,"(0.1, 20, 60)"
S3_units,Bearing3_4,20,1,0.4666666666666667,XJTU-SY,"(0.1, 20, 60)"
S3_units,Bearing3_4,20,1,0.9833333333333333,XJTU-SY,"(0.1, 20, 60)"
S3_units,Bearing3_4,20,1,0.9833333333333333,XJTU-SY,"(0.1, 20, 60)"
S3_units,Bearing3_4,20,1,1.0,XJTU-SY,"(0.1, 20, 60)"
S3_units,Bearing3_4,20,1,1.0,XJTU-SY,"(0.1, 20, 60)"
S3_units,Bearing3_4,20,1,0.85,XJTU-SY,"(0.1, 20, 60)"
S3_units,Bearing3_4,20,1,0.5166666666666667,XJTU-SY,"(0.1, 20, 60)"
S3_units,Bearing3_4,20,1,0.16666666666666666,XJTU-SY,"(0.1, 20, 60)"
S3_units,Bearing3_4,12,12,0.0,XJTU-SY,"(0.1, 20, 60)"
S3_units,Bearing3_4,12,12,0.0,XJTU-SY,"(0.1, 20, 60)"
S3_units,Bearing3_4,12,12,0.0,XJTU-SY,"(0.1, 20, 60)"
S3_units,Bearing3_4,12,12,0.0,XJTU-SY,"(0.1, 20, 60)"
S3_units,Bearing3_4,12,12,0.0,XJTU-SY,"(0.1, 20, 60)"
S3_units,Bearing3_4,12,12,0.0,XJTU-SY,"(0.1, 20, 60)"
S3_units,Bearing3_4,12,12,0.0,XJTU-SY,"(0.1, 20, 60)"
S3_units,Bearing3_4,12,12,0.0,XJTU-SY,"(0.1, 20, 60)"
S3_units,Bearing3_4,12,12,0.0,XJTU-SY,"(0.1, 20, 60)"
S3_units,Bearing3_4,12,12,0.0,XJTU-SY,"(0.1, 20, 60)"
S3_units,Bearing3_4,12,12,0.0,XJTU-SY,"(0.1, 20, 60)"
S3_units,Bearing3_4,12,12,0.0,XJTU-SY,"(0.1, 20, 60)"
S3_units,Bearing3_4,12,12,0.0,XJTU-SY,"(0.1, 20, 60)"
S3_units,Bearing3_4,12,12,0.0,XJTU-SY,"(0.1, 20, 60)"
S3_units,Bearing3_4,12,12,0.0,XJTU-SY,"(0.1, 20, 60)"
S3_units,Bearing3_4,12,12,0.0,XJTU-SY,"(0.1, 20, 60)"
S3_units,Bearing3_4,12,12,0.0,XJTU-SY,"(0.1, 20, 60)"
S3_units,Bearing3_4,12,12,0.0,XJTU-SY,"(0.1, 20, 60)"
S3_units,Bearing3_4,12,12,0.0,XJTU-SY,"(0.1, 20, 60)"
S3_units,Bearing3_4,12,12,0.0,XJTU-SY,"(0.1, 20, 60)"
S3_units,Bearing3_4,12,12,0.0,XJTU-SY,"(0.1, 20, 60)"
S3_units,Bearing3_4,12,12,0.0,XJTU-SY,"(0.1, 20, 60)"
S3_units,Bearing3_4,12,12,0.0,XJTU-SY,"(0.1, 20, 60)"
S3_units,Bearing3_4,12,12,0.0,XJTU-SY,"(0.1, 20, 60)"
S3_units,Bearing3_4,12,12,0.0,XJTU-SY,"(0.1, 20, 60)"
S3_units,Bearing3_4,12,12,0.0,XJTU-SY,"(0.1, 20, 60)"
S3_units,Bearing3_4,12,12,0.0,XJTU-SY,"(0.1, 20, 60)"
S3_units,Bearing3_4,12,12,0.0,XJTU-SY,"(0.1, 20, 60)"
S3_units,Bearing3_4,12,12,0.0,XJTU-SY,"(0.1, 20, 60)"
S3_units,Bearing3_4,12,12,0.0,XJTU-SY,"(0.1, 20, 60)"
S3_units,Bearing3_5,20,1,0.85,XJTU-SY,"(0.1, 20, 60)"
S3_units,Bearing3_5,20,1,0.75,XJTU-SY,"(0.1, 20, 60)"
S3_units,Bearing3_5,20,1,0.7,XJTU-SY,"(0.1, 20, 60)"
S3_units,Bearing3_5,20,1,0.65,XJTU-SY,"(0.1, 20, 60)"
S3_units,Bearing3_5,20,1,0.6,XJTU-SY,"(0.1, 20, 60)"
S3_units,Bearing3_5,20,1,0.4,XJTU-SY,"(0.1, 20, 60)"
S3_units,Bearing3_5,20,1,0.9,XJTU-SY,"(0.1, 20, 60)"
S3_units,Bearing3_5,20,1,0.5,XJTU-SY,"(0.1, 20, 60)"
S3_units,Bearing3_5,20,1,0.2,XJTU-SY,"(0.1, 20, 60)"
S3_units,Bearing3_5,20,1,0.05,XJTU-SY,"(0.1, 20, 60)"
S3_units,Bearing3_5,20,1,0.0,XJTU-SY,"(0.1, 20, 60)"
S3_units,Bearing3_5,20,1,0.0,XJTU-SY,"(0.1, 20, 60)"
S3_units,Bearing3_5,20,1,0.9,XJTU-SY,"(0.1, 20, 60)"
S3_units,Bearing3_5,20,1,0.0,XJTU-SY,"(0.1, 20, 60)"
S3_units,Bearing3_5,20,1,0.6,XJTU-SY,"(0.1, 20, 60)"
S3_units,Bearing3_5,20,1,0.3,XJTU-SY,"(0.1, 20, 60)"
S3_units,Bearing3_5,20,1,0.95,XJTU-SY,"(0.1, 20, 60)"
S3_units,Bearing3_5,20,1,0.45,XJTU-SY,"(0.1, 20, 60)"
S3_units,Bearing3_5,20,1,0.75,XJTU-SY,"(0.1, 20, 60)"
S3_units,Bearing3_5,20,1,0.35,XJTU-SY,"(0.1, 20, 60)"
S3_units,Bearing3_5,20,1,0.55,XJTU-SY,"(0.1, 20, 60)"
S3_units,Bearing3_5,20,1,0.75,XJTU-SY,"(0.1, 20, 60)"
S3_units,Bearing3_5,20,1,0.85,XJTU-SY,"(0.1, 20, 60)"
S3_units,Bearing3_5,20,1,0.8,XJTU-SY,"(0.1, 20, 60)"
S3_units,Bearing3_5,20,1,1.0,XJTU-SY,"(0.1, 20, 60)"
S3_units,Bearing3_5,20,1,0.95,XJTU-SY,"(0.1, 20, 60)"
S3_units,Bearing3_5,20,1,0.85,XJTU-SY,"(0.1, 20, 60)"
S3_units,Bearing3_5,20,1,0.25,XJTU-SY,"(0.1, 20, 60)"
S3_units,Bearing3_5,20,1,1.0,XJTU-SY,"(0.1, 20, 60)"
S3_units,Bearing3_5,20,1,0.75,XJTU-SY,"(0.1, 20, 60)"
S3_units,Bearing3_5,12,12,0.0,XJTU-SY,"(0.1, 20, 60)"
S3_units,Bearing3_5,12,12,0.0,XJTU-SY,"(0.1, 20, 60)"
S3_units,Bearing3_5,12,12,0.0,XJTU-SY,"(0.1, 20, 60)"
S3_units,Bearing3_5,12,12,0.45,XJTU-SY,"(0.1, 20, 60)"
S3_units,Bearing3_5,12,12,0.0,XJTU-SY,"(0.1, 20, 60)"
S3_units,Bearing3_5,12,12,0.0,XJTU-SY,"(0.1, 20, 60)"
S3_units,Bearing3_5,12,12,0.0,XJTU-SY,"(0.1, 20, 60)"
S3_units,Bearing3_5,12,12,0.0,XJTU-SY,"(0.1, 20, 60)"
S3_units,Bearing3_5,12,12,0.0,XJTU-SY,"(0.1, 20, 60)"
S3_units,Bearing3_5,12,12,0.05,XJTU-SY,"(0.1, 20, 60)"
S3_units,Bearing3_5,12,12,0.0,XJTU-SY,"(0.1, 20, 60)"
S3_units,Bearing3_5,12,12,0.0,XJTU-SY,"(0.1, 20, 60)"
S3_units,Bearing3_5,12,12,0.0,XJTU-SY,"(0.1, 20, 60)"
S3_units,Bearing3_5,12,12,0.0,XJTU-SY,"(0.1, 20, 60)"
S3_units,Bearing3_5,12,12,0.0,XJTU-SY,"(0.1, 20, 60)"
S3_units,Bearing3_5,12,12,0.0,XJTU-SY,"(0.1, 20, 60)"
S3_units,Bearing3_5,12,12,0.0,XJTU-SY,"(0.1, 20, 60)"
S3_units,Bearing3_5,12,12,0.0,XJTU-SY,"(0.1, 20, 60)"
S3_units,Bearing3_5,12,12,0.0,XJTU-SY,"(0.1, 20, 60)"
S3_units,Bearing3_5,12,12,0.0,XJTU-SY,"(0.1, 20, 60)"
S3_units,Bearing3_5,12,12,0.0,XJTU-SY,"(0.1, 20, 60)"
S3_units,Bearing3_5,12,12,0.0,XJTU-SY,"(0.1, 20, 60)"
S3_units,Bearing3_5,12,12,0.0,XJTU-SY,"(0.1, 20, 60)"
S3_units,Bearing3_5,12,12,0.0,XJTU-SY,"(0.1, 20, 60)"
S3_units,Bearing3_5,12,12,0.0,XJTU-SY,"(0.1, 20, 60)"
S3_units,Bearing3_5,12,12,0.0,XJTU-SY,"(0.1, 20, 60)"
S3_units,Bearing3_5,12,12,0.05,XJTU-SY,"(0.1, 20, 60)"
S3_units,Bearing3_5,12,12,0.0,XJTU-SY,"(0.1, 20, 60)"
S3_units,Bearing3_5,12,12,0.05,XJTU-SY,"(0.1, 20, 60)"
S3_units,Bearing3_5,12,12,0.05,XJTU-SY,"(0.1, 20, 60)"
S3_units,Bearing1_1,20,1,0.0,PRONOSTIA,"(0.2, 20, 60)"
S3_units,Bearing1_1,20,1,0.65,PRONOSTIA,"(0.2, 20, 60)"
S3_units,Bearing1_1,20,1,0.0,PRONOSTIA,"(0.2, 20, 60)"
S3_units,Bearing1_1,20,1,0.0,PRONOSTIA,"(0.2, 20, 60)"
S3_units,Bearing1_1,20,1,0.0,PRONOSTIA,"(0.2, 20, 60)"
S3_units,Bearing1_1,20,1,0.0,PRONOSTIA,"(0.2, 20, 60)"
S3_units,Bearing1_1,20,1,0.016666666666666666,PRONOSTIA,"(0.2, 20, 60)"
S3_units,Bearing1_1,20,1,0.0,PRONOSTIA,"(0.2, 20, 60)"
S3_units,Bearing1_1,20,1,0.16666666666666666,PRONOSTIA,"(0.2, 20, 60)"
S3_units,Bearing1_1,20,1,0.016666666666666666,PRONOSTIA,"(0.2, 20, 60)"
S3_units,Bearing1_1,20,1,0.0,PRONOSTIA,"(0.2, 20, 60)"
S3_units,Bearing1_1,20,1,0.1,PRONOSTIA,"(0.2, 20, 60)"
S3_units,Bearing1_1,20,1,0.0,PRONOSTIA,"(0.2, 20, 60)"
S3_units,Bearing1_1,20,1,0.016666666666666666,PRONOSTIA,"(0.2, 20, 60)"
S3_units,Bearing1_1,20,1,0.0,PRONOSTIA,"(0.2, 20, 60)"
S3_units,Bearing1_1,20,1,0.0,PRONOSTIA,"(0.2, 20, 60)"
S3_units,Bearing1_1,20,1,0.0,PRONOSTIA,"(0.2, 20, 60)"
S3_units,Bearing1_1,20,1,0.08333333333333333,PRONOSTIA,"(0.2, 20, 60)"
S3_units,Bearing1_1,20,1,0.0,PRONOSTIA,"(0.2, 20, 60)"
S3_units,Bearing1_1,20,1,0.0,PRONOSTIA,"(0.2, 20, 60)"
S3_units,Bearing1_1,20,1,0.15,PRONOSTIA,"(0.2, 20, 60)"
S3_units,Bearing1_1,20,1,0.38333333333333336,PRONOSTIA,"(0.2, 20, 60)"
S3_units,Bearing1_1,20,1,0.0,PRONOSTIA,"(0.2, 20, 60)"
S3_units,Bearing1_1,20,1,0.0,PRONOSTIA,"(0.2, 20, 60)"
S3_units,Bearing1_1,20,1,0.0,PRONOSTIA,"(0.2, 20, 60)"
S3_units,Bearing1_1,20,1,0.016666666666666666,PRONOSTIA,"(0.2, 20, 60)"
S3_units,Bearing1_1,20,1,0.0,PRONOSTIA,"(0.2, 20, 60)"
S3_units,Bearing1_1,20,1,0.0,PRONOSTIA,"(0.2, 20, 60)"
S3_units,Bearing1_1,20,1,0.0,PRONOSTIA,"(0.2, 20, 60)"
S3_units,Bearing1_1,20,1,0.0,PRONOSTIA,"(0.2, 20, 60)"
S3_units,Bearing1_1,16,16,0.0,PRONOSTIA,"(0.2, 20, 60)"
S3_units,Bearing1_1,16,16,0.0,PRONOSTIA,"(0.2, 20, 60)"
S3_units,Bearing1_1,16,16,0.016666666666666666,PRONOSTIA,"(0.2, 20, 60)"
S3_units,Bearing1_1,16,16,0.0,PRONOSTIA,"(0.2, 20, 60)"
S3_units,Bearing1_1,16,16,0.0,PRONOSTIA,"(0.2, 20, 60)"
S3_units,Bearing1_1,16,16,0.0,PRONOSTIA,"(0.2, 20, 60)"
S3_units,Bearing1_1,16,16,0.0,PRONOSTIA,"(0.2, 20, 60)"
S3_units,Bearing1_1,16,16,0.0,PRONOSTIA,"(0.2, 20, 60)"
S3_units,Bearing1_1,16,16,0.0,PRONOSTIA,"(0.2, 20, 60)"
S3_units,Bearing1_1,16,16,0.0,PRONOSTIA,"(0.2, 20, 60)"
S3_units,Bearing1_1,16,16,0.0,PRONOSTIA,"(0.2, 20, 60)"
S3_units,Bearing1_1,16,16,0.0,PRONOSTIA,"(0.2, 20, 60)"
S3_units,Bearing1_1,16,16,0.0,PRONOSTIA,"(0.2, 20, 60)"
S3_units,Bearing1_1,16,16,0.0,PRONOSTIA,"(0.2, 20, 60)"
S3_units,Bearing1_1,16,16,0.03333333333333333,PRONOSTIA,"(0.2, 20, 60)"
S3_units,Bearing1_1,16,16,0.0,PRONOSTIA,"(0.2, 20, 60)"
S3_units,Bearing1_1,16,16,0.0,PRONOSTIA,"(0.2, 20, 60)"
S3_units,Bearing1_1,16,16,0.0,PRONOSTIA,"(0.2, 20, 60)"
S3_units,Bearing1_1,16,16,0.0,PRONOSTIA,"(0.2, 20, 60)"
S3_units,Bearing1_1,16,16,0.0,PRONOSTIA,"(0.2, 20, 60)"
S3_units,Bearing1_1,16,16,0.0,PRONOSTIA,"(0.2, 20, 60)"
S3_units,Bearing1_1,16,16,0.0,PRONOSTIA,"(0.2, 20, 60)"
S3_units,Bearing1_1,16,16,0.0,PRONOSTIA,"(0.2, 20, 60)"
S3_units,Bearing1_1,16,16,0.0,PRONOSTIA,"(0.2, 20, 60)"
S3_units,Bearing1_1,16,16,0.0,PRONOSTIA,"(0.2, 20, 60)"
S3_units,Bearing1_1,16,16,0.0,PRONOSTIA,"(0.2, 20, 60)"
S3_units,Bearing1_1,16,16,0.0,PRONOSTIA,"(0.2, 20, 60)"
S3_units,Bearing1_1,16,16,0.0,PRONOSTIA,"(0.2, 20, 60)"
S3_units,Bearing1_1,16,16,0.0,PRONOSTIA,"(0.2, 20, 60)"
S3_units,Bearing1_1,16,16,0.0,PRONOSTIA,"(0.2, 20, 60)"
S3_units,Bearing1_2,20,1,0.08333333333333333,PRONOSTIA,"(0.2, 20, 60)"
S3_units,Bearing1_2,20,1,0.11666666666666667,PRONOSTIA,"(0.2, 20, 60)"
S3_units,Bearing1_2,20,1,0.23333333333333334,PRONOSTIA,"(0.2, 20, 60)"
S3_units,Bearing1_2,20,1,0.016666666666666666,PRONOSTIA,"(0.2, 20, 60)"
S3_units,Bearing1_2,20,1,0.05,PRONOSTIA,"(0.2, 20, 60)"
S3_units,Bearing1_2,20,1,0.03333333333333333,PRONOSTIA,"(0.2, 20, 60)"
S3_units,Bearing1_2,20,1,0.03333333333333333,PRONOSTIA,"(0.2, 20, 60)"
S3_units,Bearing1_2,20,1,0.08333333333333333,PRONOSTIA,"(0.2, 20, 60)"
S3_units,Bearing1_2,20,1,0.06666666666666667,PRONOSTIA,"(0.2, 20, 60)"
S3_units,Bearing1_2,20,1,0.016666666666666666,PRONOSTIA,"(0.2, 20, 60)"
S3_units,Bearing1_2,20,1,0.31666666666666665,PRONOSTIA,"(0.2, 20, 60)"
S3_units,Bearing1_2,20,1,0.08333333333333333,PRONOSTIA,"(0.2, 20, 60)"
S3_units,Bearing1_2,20,1,0.03333333333333333,PRONOSTIA,"(0.2, 20, 60)"
S3_units,Bearing1_2,20,1,0.05,PRONOSTIA,"(0.2, 20, 60)"
S3_units,Bearing1_2,20,1,0.0,PRONOSTIA,"(0.2, 20, 60)"
S3_units,Bearing1_2,20,1,0.38333333333333336,PRONOSTIA,"(0.2, 20, 60)"
S3_units,Bearing1_2,20,1,0.06666666666666667,PRONOSTIA,"(0.2, 20, 60)"
S3_units,Bearing1_2,20,1,0.06666666666666667,PRONOSTIA,"(0.2, 20, 60)"
S3_units,Bearing1_2,20,1,0.06666666666666667,PRONOSTIA,"(0.2, 20, 60)"
S3_units,Bearing1_2,20,1,0.08333333333333333,PRONOSTIA,"(0.2, 20, 60)"
S3_units,Bearing1_2,20,1,0.03333333333333333,PRONOSTIA,"(0.2, 20, 60)"
S3_units,Bearing1_2,20,1,0.03333333333333333,PRONOSTIA,"(0.2, 20, 60)"
S3_units,Bearing1_2,20,1,0.0,PRONOSTIA,"(0.2, 20, 60)"
S3_units,Bearing1_2,20,1,0.0,PRONOSTIA,"(0.2, 20, 60)"
S3_units,Bearing1_2,20,1,0.05,PRONOSTIA,"(0.2, 20, 60)"
S3_units,Bearing1_2,20,1,0.05,PRONOSTIA,"(0.2, 20, 60)"
S3_units,Bearing1_2,20,1,0.13333333333333333,PRONOSTIA,"(0.2, 20, 60)"
S3_units,Bearing1_2,20,1,0.06666666666666667,PRONOSTIA,"(0.2, 20, 60)"
S3_units,Bearing1_2,20,1,0.21666666666666667,PRONOSTIA,"(0.2, 20, 60)"
S3_units,Bearing1_2,20,1,0.05,PRONOSTIA,"(0.2, 20, 60)"
S3_units,Bearing1_2,16,16,0.0,PRONOSTIA,"(0.2, 20, 60)"
S3_units,Bearing1_2,16,16,0.0,PRONOSTIA,"(0.2, 20, 60)"
S3_units,Bearing1_2,16,16,0.1,PRONOSTIA,"(0.2, 20, 60)"
S3_units,Bearing1_2,16,16,0.0,PRONOSTIA,"(0.2, 20, 60)"
S3_units,Bearing1_2,16,16,0.0,PRONOSTIA,"(0.2, 20, 60)"
S3_units,Bearing1_2,16,16,0.0,PRONOSTIA,"(0.2, 20, 60)"
S3_units,Bearing1_2,16,16,0.05,PRONOSTIA,"(0.2, 20, 60)"
S3_units,Bearing1_2,16,16,0.03333333333333333,PRONOSTIA,"(0.2, 20, 60)"
S3_units,Bearing1_2,16,16,0.0,PRONOSTIA,"(0.2, 20, 60)"
S3_units,Bearing1_2,16,16,0.05,PRONOSTIA,"(0.2, 20, 60)"
S3_units,Bearing1_2,16,16,0.03333333333333333,PRONOSTIA,"(0.2, 20, 60)"
S3_units,Bearing1_2,16,16,0.05,PRONOSTIA,"(0.2, 20, 60)"
S3_units,Bearing1_2,16,16,0.1,PRONOSTIA,"(0.2, 20, 60)"
S3_units,Bearing1_2,16,16,0.0,PRONOSTIA,"(0.2, 20, 60)"
S3_units,Bearing1_2,16,16,0.0,PRONOSTIA,"(0.2, 20, 60)"
S3_units,Bearing1_2,16,16,0.05,PRONOSTIA,"(0.2, 20, 60)"
S3_units,Bearing1_2,16,16,0.016666666666666666,PRONOSTIA,"(0.2, 20, 60)"
S3_units,Bearing1_2,16,16,0.06666666666666667,PRONOSTIA,"(0.2, 20, 60)"
S3_units,Bearing1_2,16,16,0.0,PRONOSTIA,"(0.2, 20, 60)"
S3_units,Bearing1_2,16,16,0.03333333333333333,PRONOSTIA,"(0.2, 20, 60)"
S3_units,Bearing1_2,16,16,0.0,PRONOSTIA,"(0.2, 20, 60)"
S3_units,Bearing1_2,16,16,0.0,PRONOSTIA,"(0.2, 20, 60)"
S3_units,Bearing1_2,16,16,0.0,PRONOSTIA,"(0.2, 20, 60)"
S3_units,Bearing1_2,16,16,0.0,PRONOSTIA,"(0.2, 20, 60)"
S3_units,Bearing1_2,16,16,0.0,PRONOSTIA,"(0.2, 20, 60)"
S3_units,Bearing1_2,16,16,0.0,PRONOSTIA,"(0.2, 20, 60)"
S3_units,Bearing1_2,16,16,0.0,PRONOSTIA,"(0.2, 20, 60)"
S3_units,Bearing1_2,16,16,0.0,PRONOSTIA,"(0.2, 20, 60)"
S3_units,Bearing1_2,16,16,0.03333333333333333,PRONOSTIA,"(0.2, 20, 60)"
S3_units,Bearing1_2,16,16,0.0,PRONOSTIA,"(0.2, 20, 60)"
S3_units,Bearing1_3,20,1,0.21666666666666667,PRONOSTIA,"(0.2, 20, 60)"
S3_units,Bearing1_3,20,1,0.0,PRONOSTIA,"(0.2, 20, 60)"
S3_units,Bearing1_3,20,1,0.15,PRONOSTIA,"(0.2, 20, 60)"
S3_units,Bearing1_3,20,1,0.5166666666666667,PRONOSTIA,"(0.2, 20, 60)"
S3_units,Bearing1_3,20,1,0.18333333333333332,PRONOSTIA,"(0.2, 20, 60)"
S3_units,Bearing1_3,20,1,0.5166666666666667,PRONOSTIA,"(0.2, 20, 60)"
S3_units,Bearing1_3,20,1,0.31666666666666665,PRONOSTIA,"(0.2, 20, 60)"
S3_units,Bearing1_3,20,1,0.26666666666666666,PRONOSTIA,"(0.2, 20, 60)"
S3_units,Bearing1_3,20,1,0.65,PRONOSTIA,"(0.2, 20, 60)"
S3_units,Bearing1_3,20,1,0.0,PRONOSTIA,"(0.2, 20, 60)"
S3_units,Bearing1_3,20,1,0.5666666666666667,PRONOSTIA,"(0.2, 20, 60)"
S3_units,Bearing1_3,20,1,0.13333333333333333,PRONOSTIA,"(0.2, 20, 60)"
S3_units,Bearing1_3,20,1,0.21666666666666667,PRONOSTIA,"(0.2, 20, 60)"
S3_units,Bearing1_3,20,1,0.0,PRONOSTIA,"(0.2, 20, 60)"
S3_units,Bearing1_3,20,1,0.016666666666666666,PRONOSTIA,"(0.2, 20, 60)"
S3_units,Bearing1_3,20,1,0.2833333333333333,PRONOSTIA,"(0.2, 20, 60)"
S3_units,Bearing1_3,20,1,0.016666666666666666,PRONOSTIA,"(0.2, 20, 60)"
S3_units,Bearing1_3,20,1,0.11666666666666667,PRONOSTIA,"(0.2, 20, 60)"
S3_units,Bearing1_3,20,1,0.0,PRONOSTIA,"(0.2, 20, 60)"
S3_units,Bearing1_3,20,1,0.15,PRONOSTIA,"(0.2, 20, 60)"
S3_units,Bearing1_3,20,1,0.13333333333333333,PRONOSTIA,"(0.2, 20, 60)"
S3_units,Bearing1_3,20,1,0.2,PRONOSTIA,"(0.2, 20, 60)"
S3_units,Bearing1_3,20,1,0.16666666666666666,PRONOSTIA,"(0.2, 20, 60)"
S3_units,Bearing1_3,20,1,0.26666666666666666,PRONOSTIA,"(0.2, 20, 60)"
S3_units,Bearing1_3,20,1,0.3,PRONOSTIA,"(0.2, 20, 60)"
S3_units,Bearing1_3,20,1,0.0,PRONOSTIA,"(0.2, 20, 60)"
S3_units,Bearing1_3,20,1,0.13333333333333333,PRONOSTIA,"(0.2, 20, 60)"
S3_units,Bearing1_3,20,1,0.0,PRONOSTIA,"(0.2, 20, 60)"
S3_units,Bearing1_3,20,1,0.15,PRONOSTIA,"(0.2, 20, 60)"
S3_units,Bearing1_3,20,1,0.7166666666666667,PRONOSTIA,"(0.2, 20, 60)"
S3_units,Bearing1_3,16,16,0.05,PRONOSTIA,"(0.2, 20, 60)"
S3_units,Bearing1_3,16,16,0.0,PRONOSTIA,"(0.2, 20, 60)"
S3_units,Bearing1_3,16,16,0.0,PRONOSTIA,"(0.2, 20, 60)"
S3_units,Bearing1_3,16,16,0.0,PRONOSTIA,"(0.2, 20, 60)"
S3_units,Bearing1_3,16,16,0.18333333333333332,PRONOSTIA,"(0.2, 20, 60)"
S3_units,Bearing1_3,16,16,0.0,PRONOSTIA,"(0.2, 20, 60)"
S3_units,Bearing1_3,16,16,0.0,PRONOSTIA,"(0.2, 20, 60)"
S3_units,Bearing1_3,16,16,0.016666666666666666,PRONOSTIA,"(0.2, 20, 60)"
S3_units,Bearing1_3,16,16,0.13333333333333333,PRONOSTIA,"(0.2, 20, 60)"
S3_units,Bearing1_3,16,16,0.016666666666666666,PRONOSTIA,"(0.2, 20, 60)"
S3_units,Bearing1_3,16,16,0.03333333333333333,PRONOSTIA,"(0.2, 20, 60)"
S3_units,Bearing1_3,16,16,0.0,PRONOSTIA,"(0.2, 20, 60)"
S3_units,Bearing1_3,16,16,0.0,PRONOSTIA,"(0.2, 20, 60)"
S3_units,Bearing1_3,16,16,0.18333333333333332,PRONOSTIA,"(0.2, 20, 60)"
S3_units,Bearing1_3,16,16,0.0,PRONOSTIA,"(0.2, 20, 60)"
S3_units,Bearing1_3,16,16,0.0,PRONOSTIA,"(0.2, 20, 60)"
S3_units,Bearing1_3,16,16,0.03333333333333333,PRONOSTIA,"(0.2, 20, 60)"
S3_units,Bearing1_3,16,16,0.0,PRONOSTIA,"(0.2, 20, 60)"
S3_units,Bearing1_3,16,16,0.016666666666666666,PRONOSTIA,"(0.2, 20, 60)"
S3_units,Bearing1_3,16,16,0.05,PRONOSTIA,"(0.2, 20, 60)"
S3_units,Bearing1_3,16,16,0.05,PRONOSTIA,"(0.2, 20, 60)"
S3_units,Bearing1_3,16,16,0.1,PRONOSTIA,"(0.2, 20, 60)"
S3_units,Bearing1_3,16,16,0.0,PRONOSTIA,"(0.2, 20, 60)"
S3_units,Bearing1_3,16,16,0.05,PRONOSTIA,"(0.2, 20, 60)"
S3_units,Bearing1_3,16,16,0.08333333333333333,PRONOSTIA,"(0.2, 20, 60)"
S3_units,Bearing1_3,16,16,0.0,PRONOSTIA,"(0.2, 20, 60)"
S3_units,Bearing1_3,16,16,0.0,PRONOSTIA,"(0.2, 20, 60)"
S3_units,Bearing1_3,16,16,0.0,PRONOSTIA,"(0.2, 20, 60)"
S3_units,Bearing1_3,16,16,0.0,PRONOSTIA,"(0.2, 20, 60)"
S3_units,Bearing1_3,16,16,0.0,PRONOSTIA,"(0.2, 20, 60)"
S3_units,Bearing1_4,20,1,0.11666666666666667,PRONOSTIA,"(0.2, 20, 60)"
S3_units,Bearing1_4,20,1,0.0,PRONOSTIA,"(0.2, 20, 60)"
S3_units,Bearing1_4,20,1,0.0,PRONOSTIA,"(0.2, 20, 60)"
S3_units,Bearing1_4,20,1,0.0,PRONOSTIA,"(0.2, 20, 60)"
S3_units,Bearing1_4,20,1,0.26666666666666666,PRONOSTIA,"(0.2, 20, 60)"
S3_units,Bearing1_4,20,1,0.0,PRONOSTIA,"(0.2, 20, 60)"
S3_units,Bearing1_4,20,1,0.4,PRONOSTIA,"(0.2, 20, 60)"
S3_units,Bearing1_4,20,1,0.0,PRONOSTIA,"(0.2, 20, 60)"
S3_units,Bearing1_4,20,1,0.9833333333333333,PRONOSTIA,"(0.2, 20, 60)"
S3_units,Bearing1_4,20,1,0.0,PRONOSTIA,"(0.2, 20, 60)"
S3_units,Bearing1_4,20,1,0.0,PRONOSTIA,"(0.2, 20, 60)"
S3_units,Bearing1_4,20,1,0.36666666666666664,PRONOSTIA,"(0.2, 20, 60)"
S3_units,Bearing1_4,20,1,0.0,PRONOSTIA,"(0.2, 20, 60)"
S3_units,Bearing1_4,20,1,0.0,PRONOSTIA,"(0.2, 20, 60)"
S3_units,Bearing1_4,20,1,0.0,PRONOSTIA,"(0.2, 20, 60)"
S3_units,Bearing1_4,20,1,0.0,PRONOSTIA,"(0.2, 20, 60)"
S3_units,Bearing1_4,20,1,0.26666666666666666,PRONOSTIA,"(0.2, 20, 60)"
S3_units,Bearing1_4,20,1,0.0,PRONOSTIA,"(0.2, 20, 60)"
S3_units,Bearing1_4,20,1,0.4166666666666667,PRONOSTIA,"(0.2, 20, 60)"
S3_units,Bearing1_4,20,1,0.0,PRONOSTIA,"(0.2, 20, 60)"
S3_units,Bearing1_4,20,1,0.0,PRONOSTIA,"(0.2, 20, 60)"
S3_units,Bearing1_4,20,1,0.0,PRONOSTIA,"(0.2, 20, 60)"
S3_units,Bearing1_4,20,1,0.35,PRONOSTIA,"(0.2, 20, 60)"
S3_units,Bearing1_4,20,1,0.0,PRONOSTIA,"(0.2, 20, 60)"
S3_units,Bearing1_4,20,1,0.0,PRONOSTIA,"(0.2, 20, 60)"
S3_units,Bearing1_4,20,1,0.016666666666666666,PRONOSTIA,"(0.2, 20, 60)"
S3_units,Bearing1_4,20,1,0.0,PRONOSTIA,"(0.2, 20, 60)"
S3_units,Bearing1_4,20,1,0.2,PRONOSTIA,"(0.2, 20, 60)"
S3_units,Bearing1_4,20,1,0.4,PRONOSTIA,"(0.2, 20, 60)"
S3_units,Bearing1_4,20,1,0.0,PRONOSTIA,"(0.2, 20, 60)"
S3_units,Bearing1_4,16,16,0.0,PRONOSTIA,"(0.2, 20, 60)"
S3_units,Bearing1_4,16,16,0.0,PRONOSTIA,"(0.2, 20, 60)"
S3_units,Bearing1_4,16,16,0.0,PRONOSTIA,"(0.2, 20, 60)"
S3_units,Bearing1_4,16,16,0.0,PRONOSTIA,"(0.2, 20, 60)"
S3_units,Bearing1_4,16,16,0.0,PRONOSTIA,"(0.2, 20, 60)"
S3_units,Bearing1_4,16,16,0.0,PRONOSTIA,"(0.2, 20, 60)"
S3_units,Bearing1_4,16,16,0.0,PRONOSTIA,"(0.2, 20, 60)"
S3_units,Bearing1_4,16,16,0.0,PRONOSTIA,"(0.2, 20, 60)"
S3_units,Bearing1_4,16,16,0.0,PRONOSTIA,"(0.2, 20, 60)"
S3_units,Bearing1_4,16,16,0.0,PRONOSTIA,"(0.2, 20, 60)"
S3_units,Bearing1_4,16,16,0.0,PRONOSTIA,"(0.2, 20, 60)"
S3_units,Bearing1_4,16,16,0.0,PRONOSTIA,"(0.2, 20, 60)"
S3_units,Bearing1_4,16,16,0.0,PRONOSTIA,"(0.2, 20, 60)"
S3_units,Bearing1_4,16,16,0.0,PRONOSTIA,"(0.2, 20, 60)"
S3_units,Bearing1_4,16,16,0.0,PRONOSTIA,"(0.2, 20, 60)"
S3_units,Bearing1_4,16,16,0.0,PRONOSTIA,"(0.2, 20, 60)"
S3_units,Bearing1_4,16,16,0.0,PRONOSTIA,"(0.2, 20, 60)"
S3_units,Bearing1_4,16,16,0.0,PRONOSTIA,"(0.2, 20, 60)"
S3_units,Bearing1_4,16,16,0.0,PRONOSTIA,"(0.2, 20, 60)"
S3_units,Bearing1_4,16,16,0.0,PRONOSTIA,"(0.2, 20, 60)"
S3_units,Bearing1_4,16,16,0.0,PRONOSTIA,"(0.2, 20, 60)"
S3_units,Bearing1_4,16,16,0.0,PRONOSTIA,"(0.2, 20, 60)"
S3_units,Bearing1_4,16,16,0.0,PRONOSTIA,"(0.2, 20, 60)"
S3_units,Bearing1_4,16,16,0.0,PRONOSTIA,"(0.2, 20, 60)"
S3_units,Bearing1_4,16,16,0.0,PRONOSTIA,"(0.2, 20, 60)"
S3_units,Bearing1_4,16,16,0.0,PRONOSTIA,"(0.2, 20, 60)"
S3_units,Bearing1_4,16,16,0.0,PRONOSTIA,"(0.2, 20, 60)"
S3_units,Bearing1_4,16,16,0.0,PRONOSTIA,"(0.2, 20, 60)"
S3_units,Bearing1_4,16,16,0.0,PRONOSTIA,"(0.2, 20, 60)"
S3_units,Bearing1_4,16,16,0.0,PRONOSTIA,"(0.2, 20, 60)"
S3_units,Bearing1_5,20,1,0.03333333333333333,PRONOSTIA,"(0.2, 20, 60)"
S3_units,Bearing1_5,20,1,0.0,PRONOSTIA,"(0.2, 20, 60)"
S3_units,Bearing1_5,20,1,0.016666666666666666,PRONOSTIA,"(0.2, 20, 60)"
S3_units,Bearing1_5,20,1,0.0,PRONOSTIA,"(0.2, 20, 60)"
S3_units,Bearing1_5,20,1,0.2,PRONOSTIA,"(0.2, 20, 60)"
S3_units,Bearing1_5,20,1,0.0,PRONOSTIA,"(0.2, 20, 60)"
S3_units,Bearing1_5,20,1,0.03333333333333333,PRONOSTIA,"(0.2, 20, 60)"
S3_units,Bearing1_5,20,1,0.0,PRONOSTIA,"(0.2, 20, 60)"
S3_units,Bearing1_5,20,1,0.0,PRONOSTIA,"(0.2, 20, 60)"
S3_units,Bearing1_5,20,1,0.0,PRONOSTIA,"(0.2, 20, 60)"
S3_units,Bearing1_5,20,1,0.03333333333333333,PRONOSTIA,"(0.2, 20, 60)"
S3_units,Bearing1_5,20,1,0.0,PRONOSTIA,"(0.2, 20, 60)"
S3_units,Bearing1_5,20,1,0.5166666666666667,PRONOSTIA,"(0.2, 20, 60)"
S3_units,Bearing1_5,20,1,0.0,PRONOSTIA,"(0.2, 20, 60)"
S3_units,Bearing1_5,20,1,0.03333333333333333,PRONOSTIA,"(0.2, 20, 60)"
S3_units,Bearing1_5,20,1,0.6666666666666666,PRONOSTIA,"(0.2, 20, 60)"
S3_units,Bearing1_5,20,1,0.03333333333333333,PRONOSTIA,"(0.2, 20, 60)"
S3_units,Bearing1_5,20,1,0.08333333333333333,PRONOSTIA,"(0.2, 20, 60)"
S3_units,Bearing1_5,20,1,0.0,PRONOSTIA,"(0.2, 20, 60)"
S3_units,Bearing1_5,20,1,0.03333333333333333,PRONOSTIA,"(0.2, 20, 60)"
S3_units,Bearing1_5,20,1,0.05,PRONOSTIA,"(0.2, 20, 60)"
S3_units,Bearing1_5,20,1,0.0,PRONOSTIA,"(0.2, 20, 60)"
S3_units,Bearing1_5,20,1,0.03333333333333333,PRONOSTIA,"(0.2, 20, 60)"
S3_units,Bearing1_5,20,1,0.9,PRONOSTIA,"(0.2, 20, 60)"
S3_units,Bearing1_5,20,1,0.06666666666666667,PRONOSTIA,"(0.2, 20, 60)"
S3_units,Bearing1_5,20,1,0.0,PRONOSTIA,"(0.2, 20, 60)"
S3_units,Bearing1_5,20,1,0.3,PRONOSTIA,"(0.2, 20, 60)"
S3_units,Bearing1_5,20,1,0.0,PRONOSTIA,"(0.2, 20, 60)"
S3_units,Bearing1_5,20,1,0.0,PRONOSTIA,"(0.2, 20, 60)"
S3_units,Bearing1_5,20,1,0.06666666666666667,PRONOSTIA,"(0.2, 20, 60)"
S3_units,Bearing1_5,16,16,0.03333333333333333,PRONOSTIA,"(0.2, 20, 60)"
S3_units,Bearing1_5,16,16,0.0,PRONOSTIA,"(0.2, 20, 60)"
S3_units,Bearing1_5,16,16,0.0,PRONOSTIA,"(0.2, 20, 60)"
S3_units,Bearing1_5,16,16,0.03333333333333333,PRONOSTIA,"(0.2, 20, 60)"
S3_units,Bearing1_5,16,16,0.03333333333333333,PRONOSTIA,"(0.2, 20, 60)"
S3_units,Bearing1_5,16,16,0.0,PRONOSTIA,"(0.2, 20, 60)"
S3_units,Bearing1_5,16,16,0.0,PRONOSTIA,"(0.2, 20, 60)"
S3_units,Bearing1_5,16,16,0.0,PRONOSTIA,"(0.2, 20, 60)"
S3_units,Bearing1_5,16,16,0.0,PRONOSTIA,"(0.2, 20, 60)"
S3_units,Bearing1_5,16,16,0.0,PRONOSTIA,"(0.2, 20, 60)"
S3_units,Bearing1_5,16,16,0.0,PRONOSTIA,"(0.2, 20, 60)"
S3_units,Bearing1_5,16,16,0.016666666666666666,PRONOSTIA,"(0.2, 20, 60)"
S3_units,Bearing1_5,16,16,0.0,PRONOSTIA,"(0.2, 20, 60)"
S3_units,Bearing1_5,16,16,0.0,PRONOSTIA,"(0.2, 20, 60)"
S3_units,Bearing1_5,16,16,0.0,PRONOSTIA,"(0.2, 20, 60)"
S3_units,Bearing1_5,16,16,0.03333333333333333,PRONOSTIA,"(0.2, 20, 60)"
S3_units,Bearing1_5,16,16,0.0,PRONOSTIA,"(0.2, 20, 60)"
S3_units,Bearing1_5,16,16,0.05,PRONOSTIA,"(0.2, 20, 60)"
S3_units,Bearing1_5,16,16,0.0,PRONOSTIA,"(0.2, 20, 60)"
S3_units,Bearing1_5,16,16,0.0,PRONOSTIA,"(0.2, 20, 60)"
S3_units,Bearing1_5,16,16,0.0,PRONOSTIA,"(0.2, 20, 60)"
S3_units,Bearing1_5,16,16,0.03333333333333333,PRONOSTIA,"(0.2, 20, 60)"
S3_units,Bearing1_5,16,16,0.0,PRONOSTIA,"(0.2, 20, 60)"
S3_units,Bearing1_5,16,16,0.0,PRONOSTIA,"(0.2, 20, 60)"
S3_units,Bearing1_5,16,16,0.0,PRONOSTIA,"(0.2, 20, 60)"
S3_units,Bearing1_5,16,16,0.016666666666666666,PRONOSTIA,"(0.2, 20, 60)"
S3_units,Bearing1_5,16,16,0.0,PRONOSTIA,"(0.2, 20, 60)"
S3_units,Bearing1_5,16,16,0.0,PRONOSTIA,"(0.2, 20, 60)"
S3_units,Bearing1_5,16,16,0.0,PRONOSTIA,"(0.2, 20, 60)"
S3_units,Bearing1_5,16,16,0.0,PRONOSTIA,"(0.2, 20, 60)"
S3_units,Bearing1_6,20,1,0.0,PRONOSTIA,"(0.2, 20, 60)"
S3_units,Bearing1_6,20,1,0.08333333333333333,PRONOSTIA,"(0.2, 20, 60)"
S3_units,Bearing1_6,20,1,0.35,PRONOSTIA,"(0.2, 20, 60)"
S3_units,Bearing1_6,20,1,0.0,PRONOSTIA,"(0.2, 20, 60)"
S3_units,Bearing1_6,20,1,0.0,PRONOSTIA,"(0.2, 20, 60)"
S3_units,Bearing1_6,20,1,0.38333333333333336,PRONOSTIA,"(0.2, 20, 60)"
S3_units,Bearing1_6,20,1,0.8,PRONOSTIA,"(0.2, 20, 60)"
S3_units,Bearing1_6,20,1,0.7166666666666667,PRONOSTIA,"(0.2, 20, 60)"
S3_units,Bearing1_6,20,1,0.0,PRONOSTIA,"(0.2, 20, 60)"
S3_units,Bearing1_6,20,1,0.0,PRONOSTIA,"(0.2, 20, 60)"
S3_units,Bearing1_6,20,1,0.5833333333333334,PRONOSTIA,"(0.2, 20, 60)"
S3_units,Bearing1_6,20,1,0.0,PRONOSTIA,"(0.2, 20, 60)"
S3_units,Bearing1_6,20,1,0.7833333333333333,PRONOSTIA,"(0.2, 20, 60)"
S3_units,Bearing1_6,20,1,0.0,PRONOSTIA,"(0.2, 20, 60)"
S3_units,Bearing1_6,20,1,0.8333333333333334,PRONOSTIA,"(0.2, 20, 60)"
S3_units,Bearing1_6,20,1,0.21666666666666667,PRONOSTIA,"(0.2, 20, 60)"
S3_units,Bearing1_6,20,1,0.8333333333333334,PRONOSTIA,"(0.2, 20, 60)"
S3_units,Bearing1_6,20,1,0.0,PRONOSTIA,"(0.2, 20, 60)"
S3_units,Bearing1_6,20,1,0.05,PRONOSTIA,"(0.2, 20, 60)"
S3_units,Bearing1_6,20,1,0.0,PRONOSTIA,"(0.2, 20, 60)"
S3_units,Bearing1_6,20,1,0.5166666666666667,PRONOSTIA,"(0.2, 20, 60)"
S3_units,Bearing1_6,20,1,0.1,PRONOSTIA,"(0.2, 20, 60)"
S3_units,Bearing1_6,20,1,0.38333333333333336,PRONOSTIA,"(0.2, 20, 60)"
S3_units,Bearing1_6,20,1,0.55,PRONOSTIA,"(0.2, 20, 60)"
S3_units,Bearing1_6,20,1,0.0,PRONOSTIA,"(0.2, 20, 60)"
S3_units,Bearing1_6,20,1,0.7333333333333333,PRONOSTIA,"(0.2, 20, 60)"
S3_units,Bearing1_6,20,1,0.18333333333333332,PRONOSTIA,"(0.2, 20, 60)"
S3_units,Bearing1_6,20,1,0.3,PRONOSTIA,"(0.2, 20, 60)"
S3_units,Bearing1_6,20,1,0.0,PRONOSTIA,"(0.2, 20, 60)"
S3_units,Bearing1_6,20,1,0.05,PRONOSTIA,"(0.2, 20, 60)"
S3_units,Bearing1_6,16,16,0.0,PRONOSTIA,"(0.2, 20, 60)"
S3_units,Bearing1_6,16,16,0.0,PRONOSTIA,"(0.2, 20, 60)"
S3_units,Bearing1_6,16,16,0.0,PRONOSTIA,"(0.2, 20, 60)"
S3_units,Bearing1_6,16,16,0.0,PRONOSTIA,"(0.2, 20, 60)"
S3_units,Bearing1_6,16,16,0.03333333333333333,PRONOSTIA,"(0.2, 20, 60)"
S3_units,Bearing1_6,16,16,0.0,PRONOSTIA,"(0.2, 20, 60)"
S3_units,Bearing1_6,16,16,0.0,PRONOSTIA,"(0.2, 20, 60)"
S3_units,Bearing1_6,16,16,0.0,PRONOSTIA,"(0.2, 20, 60)"
S3_units,Bearing1_6,16,16,0.05,PRONOSTIA,"(0.2, 20, 60)"
S3_units,Bearing1_6,16,16,0.1,PRONOSTIA,"(0.2, 20, 60)"
S3_units,Bearing1_6,16,16,0.0,PRONOSTIA,"(0.2, 20, 60)"
S3_units,Bearing1_6,16,16,0.05,PRONOSTIA,"(0.2, 20, 60)"
S3_units,Bearing1_6,16,16,0.06666666666666667,PRONOSTIA,"(0.2, 20, 60)"
S3_units,Bearing1_6,16,16,0.21666666666666667,PRONOSTIA,"(0.2, 20, 60)"
S3_units,Bearing1_6,16,16,0.016666666666666666,PRONOSTIA,"(0.2, 20, 60)"
S3_units,Bearing1_6,16,16,0.0,PRONOSTIA,"(0.2, 20, 60)"
S3_units,Bearing1_6,16,16,0.0,PRONOSTIA,"(0.2, 20, 60)"
S3_units,Bearing1_6,16,16,0.016666666666666666,PRONOSTIA,"(0.2, 20, 60)"
S3_units,Bearing1_6,16,16,0.0,PRONOSTIA,"(0.2, 20, 60)"
S3_units,Bearing1_6,16,16,0.13333333333333333,PRONOSTIA,"(0.2, 20, 60)"
S3_units,Bearing1_6,16,16,0.0,PRONOSTIA,"(0.2, 20, 60)"
S3_units,Bearing1_6,16,16,0.0,PRONOSTIA,"(0.2, 20, 60)"
S3_units,Bearing1_6,16,16,0.0,PRONOSTIA,"(0.2, 20, 60)"
S3_units,Bearing1_6,16,16,0.03333333333333333,PRONOSTIA,"(0.2, 20, 60)"
S3_units,Bearing1_6,16,16,0.0,PRONOSTIA,"(0.2, 20, 60)"
S3_units,Bearing1_6,16,16,0.11666666666666667,PRONOSTIA,"(0.2, 20, 60)"
S3_units,Bearing1_6,16,16,0.0,PRONOSTIA,"(0.2, 20, 60)"
S3_units,Bearing1_6,16,16,0.0,PRONOSTIA,"(0.2, 20, 60)"
S3_units,Bearing1_6,16,16,0.0,PRONOSTIA,"(0.2, 20, 60)"
S3_units,Bearing1_6,16,16,0.11666666666666667,PRONOSTIA,"(0.2, 20, 60)"
S3_units,Bearing1_7,20,1,0.08333333333333333,PRONOSTIA,"(0.2, 20, 60)"
S3_units,Bearing1_7,20,1,0.0,PRONOSTIA,"(0.2, 20, 60)"
S3_units,Bearing1_7,20,1,0.31666666666666665,PRONOSTIA,"(0.2, 20, 60)"
S3_units,Bearing1_7,20,1,0.3333333333333333,PRONOSTIA,"(0.2, 20, 60)"
S3_units,Bearing1_7,20,1,0.016666666666666666,PRONOSTIA,"(0.2, 20, 60)"
S3_units,Bearing1_7,20,1,0.16666666666666666,PRONOSTIA,"(0.2, 20, 60)"
S3_units,Bearing1_7,20,1,0.2,PRONOSTIA,"(0.2, 20, 60)"
S3_units,Bearing1_7,20,1,0.05,PRONOSTIA,"(0.2, 20, 60)"
S3_units,Bearing1_7,20,1,0.15,PRONOSTIA,"(0.2, 20, 60)"
S3_units,Bearing1_7,20,1,0.4166666666666667,PRONOSTIA,"(0.2, 20, 60)"
S3_units,Bearing1_7,20,1,0.03333333333333333,PRONOSTIA,"(0.2, 20, 60)"
S3_units,Bearing1_7,20,1,0.08333333333333333,PRONOSTIA,"(0.2, 20, 60)"
S3_units,Bearing1_7,20,1,0.05,PRONOSTIA,"(0.2, 20, 60)"
S3_units,Bearing1_7,20,1,0.0,PRONOSTIA,"(0.2, 20, 60)"
S3_units,Bearing1_7,20,1,0.18333333333333332,PRONOSTIA,"(0.2, 20, 60)"
S3_units,Bearing1_7,20,1,0.0,PRONOSTIA,"(0.2, 20, 60)"
S3_units,Bearing1_7,20,1,0.0,PRONOSTIA,"(0.2, 20, 60)"
S3_units,Bearing1_7,20,1,0.06666666666666667,PRONOSTIA,"(0.2, 20, 60)"
S3_units,Bearing1_7,20,1,0.13333333333333333,PRONOSTIA,"(0.2, 20, 60)"
S3_units,Bearing1_7,20,1,0.0,PRONOSTIA,"(0.2, 20, 60)"
S3_units,Bearing1_7,20,1,0.05,PRONOSTIA,"(0.2, 20, 60)"
S3_units,Bearing1_7,20,1,0.016666666666666666,PRONOSTIA,"(0.2, 20, 60)"
S3_units,Bearing1_7,20,1,0.0,PRONOSTIA,"(0.2, 20, 60)"
S3_units,Bearing1_7,20,1,0.016666666666666666,PRONOSTIA,"(0.2, 20, 60)"
S3_units,Bearing1_7,20,1,0.0,PRONOSTIA,"(0.2, 20, 60)"
S3_units,Bearing1_7,20,1,0.6333333333333333,PRONOSTIA,"(0.2, 20, 60)"
S3_units,Bearing1_7,20,1,0.0,PRONOSTIA,"(0.2, 20, 60)"
S3_units,Bearing1_7,20,1,0.6333333333333333,PRONOSTIA,"(0.2, 20, 60)"
S3_units,Bearing1_7,20,1,0.0,PRONOSTIA,"(0.2, 20, 60)"
S3_units,Bearing1_7,20,1,0.4,PRONOSTIA,"(0.2, 20, 60)"
S3_units,Bearing1_7,16,16,0.016666666666666666,PRONOSTIA,"(0.2, 20, 60)"
S3_units,Bearing1_7,16,16,0.03333333333333333,PRONOSTIA,"(0.2, 20, 60)"
S3_units,Bearing1_7,16,16,0.0,PRONOSTIA,"(0.2, 20, 60)"
S3_units,Bearing1_7,16,16,0.03333333333333333,PRONOSTIA,"(0.2, 20, 60)"
S3_units,Bearing1_7,16,16,0.0,PRONOSTIA,"(0.2, 20, 60)"
S3_units,Bearing1_7,16,16,0.0,PRONOSTIA,"(0.2, 20, 60)"
S3_units,Bearing1_7,16,16,0.0,PRONOSTIA,"(0.2, 20, 60)"
S3_units,Bearing1_7,16,16,0.05,PRONOSTIA,"(0.2, 20, 60)"
S3_units,Bearing1_7,16,16,0.0,PRONOSTIA,"(0.2, 20, 60)"
S3_units,Bearing1_7,16,16,0.03333333333333333,PRONOSTIA,"(0.2, 20, 60)"
S3_units,Bearing1_7,16,16,0.0,PRONOSTIA,"(0.2, 20, 60)"
S3_units,Bearing1_7,16,16,0.0,PRONOSTIA,"(0.2, 20, 60)"
S3_units,Bearing1_7,16,16,0.016666666666666666,PRONOSTIA,"(0.2, 20, 60)"
S3_units,Bearing1_7,16,16,0.0,PRONOSTIA,"(0.2, 20, 60)"
S3_units,Bearing1_7,16,16,0.05,PRONOSTIA,"(0.2, 20, 60)"
S3_units,Bearing1_7,16,16,0.016666666666666666,PRONOSTIA,"(0.2, 20, 60)"
S3_units,Bearing1_7,16,16,0.016666666666666666,PRONOSTIA,"(0.2, 20, 60)"
S3_units,Bearing1_7,16,16,0.0,PRONOSTIA,"(0.2, 20, 60)"
S3_units,Bearing1_7,16,16,0.0,PRONOSTIA,"(0.2, 20, 60)"
S3_units,Bearing1_7,16,16,0.0,PRONOSTIA,"(0.2, 20, 60)"
S3_units,Bearing1_7,16,16,0.016666666666666666,PRONOSTIA,"(0.2, 20, 60)"
S3_units,Bearing1_7,16,16,0.0,PRONOSTIA,"(0.2, 20, 60)"
S3_units,Bearing1_7,16,16,0.0,PRONOSTIA,"(0.2, 20, 60)"
S3_units,Bearing1_7,16,16,0.0,PRONOSTIA,"(0.2, 20, 60)"
S3_units,Bearing1_7,16,16,0.0,PRONOSTIA,"(0.2, 20, 60)"
S3_units,Bearing1_7,16,16,0.0,PRONOSTIA,"(0.2, 20, 60)"
S3_units,Bearing1_7,16,16,0.0,PRONOSTIA,"(0.2, 20, 60)"
S3_units,Bearing1_7,16,16,0.0,PRONOSTIA,"(0.2, 20, 60)"
S3_units,Bearing1_7,16,16,0.0,PRONOSTIA,"(0.2, 20, 60)"
S3_units,Bearing1_7,16,16,0.0,PRONOSTIA,"(0.2, 20, 60)"
S3_units,Bearing2_1,20,1,0.06666666666666667,PRONOSTIA,"(0.2, 20, 60)"
S3_units,Bearing2_1,20,1,0.016666666666666666,PRONOSTIA,"(0.2, 20, 60)"
S3_units,Bearing2_1,20,1,0.11666666666666667,PRONOSTIA,"(0.2, 20, 60)"
S3_units,Bearing2_1,20,1,0.26666666666666666,PRONOSTIA,"(0.2, 20, 60)"
S3_units,Bearing2_1,20,1,0.31666666666666665,PRONOSTIA,"(0.2, 20, 60)"
S3_units,Bearing2_1,20,1,0.8166666666666667,PRONOSTIA,"(0.2, 20, 60)"
S3_units,Bearing2_1,20,1,0.15,PRONOSTIA,"(0.2, 20, 60)"
S3_units,Bearing2_1,20,1,0.08333333333333333,PRONOSTIA,"(0.2, 20, 60)"
S3_units,Bearing2_1,20,1,0.016666666666666666,PRONOSTIA,"(0.2, 20, 60)"
S3_units,Bearing2_1,20,1,0.3333333333333333,PRONOSTIA,"(0.2, 20, 60)"
S3_units,Bearing2_1,20,1,0.26666666666666666,PRONOSTIA,"(0.2, 20, 60)"
S3_units,Bearing2_1,20,1,0.21666666666666667,PRONOSTIA,"(0.2, 20, 60)"
S3_units,Bearing2_1,20,1,0.016666666666666666,PRONOSTIA,"(0.2, 20, 60)"
S3_units,Bearing2_1,20,1,0.1,PRONOSTIA,"(0.2, 20, 60)"
S3_units,Bearing2_1,20,1,0.05,PRONOSTIA,"(0.2, 20, 60)"
S3_units,Bearing2_1,20,1,0.26666666666666666,PRONOSTIA,"(0.2, 20, 60)"
S3_units,Bearing2_1,20,1,0.16666666666666666,PRONOSTIA,"(0.2, 20, 60)"
S3_units,Bearing2_1,20,1,0.4,PRONOSTIA,"(0.2, 20, 60)"
S3_units,Bearing2_1,20,1,0.08333333333333333,PRONOSTIA,"(0.2, 20, 60)"
S3_units,Bearing2_1,20,1,0.45,PRONOSTIA,"(0.2, 20, 60)"
S3_units,Bearing2_1,20,1,0.0,PRONOSTIA,"(0.2, 20, 60)"
S3_units,Bearing2_1,20,1,0.0,PRONOSTIA,"(0.2, 20, 60)"
S3_units,Bearing2_1,20,1,0.1,PRONOSTIA,"(0.2, 20, 60)"
S3_units,Bearing2_1,20,1,0.15,PRONOSTIA,"(0.2, 20, 60)"
S3_units,Bearing2_1,20,1,0.03333333333333333,PRONOSTIA,"(0.2, 20, 60)"
S3_units,Bearing2_1,20,1,0.016666666666666666,PRONOSTIA,"(0.2, 20, 60)"
S3_units,Bearing2_1,20,1,0.15,PRONOSTIA,"(0.2, 20, 60)"
S3_units,Bearing2_1,20,1,0.016666666666666666,PRONOSTIA,"(0.2, 20, 60)"
S3_units,Bearing2_1,20,1,0.08333333333333333,PRONOSTIA,"(0.2, 20, 60)"
S3_units,Bearing2_1,20,1,0.1,PRONOSTIA,"(0.2, 20, 60)"
S3_units,Bearing2_1,16,16,0.05,PRONOSTIA,"(0.2, 20, 60)"
S3_units,Bearing2_1,16,16,0.05,PRONOSTIA,"(0.2, 20, 60)"
S3_units,Bearing2_1,16,16,0.06666666666666667,PRONOSTIA,"(0.2, 20, 60)"
S3_units,Bearing2_1,16,16,0.06666666666666667,PRONOSTIA,"(0.2, 20, 60)"
S3_units,Bearing2_1,16,16,0.06666666666666667,PRONOSTIA,"(0.2, 20, 60)"
S3_units,Bearing2_1,16,16,0.016666666666666666,PRONOSTIA,"(0.2, 20, 60)"
S3_units,Bearing2_1,16,16,0.016666666666666666,PRONOSTIA,"(0.2, 20, 60)"
S3_units,Bearing2_1,16,16,0.05,PRONOSTIA,"(0.2, 20, 60)"
S3_units,Bearing2_1,16,16,0.016666666666666666,PRONOSTIA,"(0.2, 20, 60)"
S3_units,Bearing2_1,16,16,0.05,PRONOSTIA,"(0.2, 20, 60)"
S3_units,Bearing2_1,16,16,0.05,PRONOSTIA,"(0.2, 20, 60)"
S3_units,Bearing2_1,16,16,0.06666666666666667,PRONOSTIA,"(0.2, 20, 60)"
S3_units,Bearing2_1,16,16,0.05,PRONOSTIA,"(0.2, 20, 60)"
S3_units,Bearing2_1,16,16,0.06666666666666667,PRONOSTIA,"(0.2, 20, 60)"
S3_units,Bearing2_1,16,16,0.06666666666666667,PRONOSTIA,"(0.2, 20, 60)"
S3_units,Bearing2_1,16,16,0.016666666666666666,PRONOSTIA,"(0.2, 20, 60)"
S3_units,Bearing2_1,16,16,0.06666666666666667,PRONOSTIA,"(0.2, 20, 60)"
S3_units,Bearing2_1,16,16,0.06666666666666667,PRONOSTIA,"(0.2, 20, 60)"
S3_units,Bearing2_1,16,16,0.05,PRONOSTIA,"(0.2, 20, 60)"
S3_units,Bearing2_1,16,16,0.13333333333333333,PRONOSTIA,"(0.2, 20, 60)"
S3_units,Bearing2_1,16,16,0.05,PRONOSTIA,"(0.2, 20, 60)"
S3_units,Bearing2_1,16,16,0.06666666666666667,PRONOSTIA,"(0.2, 20, 60)"
S3_units,Bearing2_1,16,16,0.05,PRONOSTIA,"(0.2, 20, 60)"
S3_units,Bearing2_1,16,16,0.06666666666666667,PRONOSTIA,"(0.2, 20, 60)"
S3_units,Bearing2_1,16,16,0.06666666666666667,PRONOSTIA,"(0.2, 20, 60)"
S3_units,Bearing2_1,16,16,0.05,PRONOSTIA,"(0.2, 20, 60)"
S3_units,Bearing2_1,16,16,0.05,PRONOSTIA,"(0.2, 20, 60)"
S3_units,Bearing2_1,16,16,0.06666666666666667,PRONOSTIA,"(0.2, 20, 60)"
S3_units,Bearing2_1,16,16,0.06666666666666667,PRONOSTIA,"(0.2, 20, 60)"
S3_units,Bearing2_1,16,16,0.05,PRONOSTIA,"(0.2, 20, 60)"
S3_units,Bearing2_2,20,1,0.0,PRONOSTIA,"(0.2, 20, 60)"
S3_units,Bearing2_2,20,1,0.0,PRONOSTIA,"(0.2, 20, 60)"
S3_units,Bearing2_2,20,1,0.03333333333333333,PRONOSTIA,"(0.2, 20, 60)"
S3_units,Bearing2_2,20,1,0.0,PRONOSTIA,"(0.2, 20, 60)"
S3_units,Bearing2_2,20,1,0.0,PRONOSTIA,"(0.2, 20, 60)"
S3_units,Bearing2_2,20,1,0.0,PRONOSTIA,"(0.2, 20, 60)"
S3_units,Bearing2_2,20,1,0.0,PRONOSTIA,"(0.2, 20, 60)"
S3_units,Bearing2_2,20,1,0.0,PRONOSTIA,"(0.2, 20, 60)"
S3_units,Bearing2_2,20,1,0.15,PRONOSTIA,"(0.2, 20, 60)"
S3_units,Bearing2_2,20,1,0.0,PRONOSTIA,"(0.2, 20, 60)"
S3_units,Bearing2_2,20,1,0.0,PRONOSTIA,"(0.2, 20, 60)"
S3_units,Bearing2_2,20,1,0.0,PRONOSTIA,"(0.2, 20, 60)"
S3_units,Bearing2_2,20,1,0.18333333333333332,PRONOSTIA,"(0.2, 20, 60)"
S3_units,Bearing2_2,20,1,0.03333333333333333,PRONOSTIA,"(0.2, 20, 60)"
S3_units,Bearing2_2,20,1,0.06666666666666667,PRONOSTIA,"(0.2, 20, 60)"
S3_units,Bearing2_2,20,1,0.0,PRONOSTIA,"(0.2, 20, 60)"
S3_units,Bearing2_2,20,1,0.0,PRONOSTIA,"(0.2, 20, 60)"
S3_units,Bearing2_2,20,1,0.0,PRONOSTIA,"(0.2, 20, 60)"
S3_units,Bearing2_2,20,1,0.0,PRONOSTIA,"(0.2, 20, 60)"
S3_units,Bearing2_2,20,1,0.0,PRONOSTIA,"(0.2, 20, 60)"
S3_units,Bearing2_2,20,1,0.0,PRONOSTIA,"(0.2, 20, 60)"
S3_units,Bearing2_2,20,1,0.7833333333333333,PRONOSTIA,"(0.2, 20, 60)"
S3_units,Bearing2_2,20,1,0.21666666666666667,PRONOSTIA,"(0.2, 20, 60)"
S3_units,Bearing2_2,20,1,0.0,PRONOSTIA,"(0.2, 20, 60)"
S3_units,Bearing2_2,20,1,0.3,PRONOSTIA,"(0.2, 20, 60)"
S3_units,Bearing2_2,20,1,0.0,PRONOSTIA,"(0.2, 20, 60)"
S3_units,Bearing2_2,20,1,0.0,PRONOSTIA,"(0.2, 20, 60)"
S3_units,Bearing2_2,20,1,0.0,PRONOSTIA,"(0.2, 20, 60)"
S3_units,Bearing2_2,20,1,0.1,PRONOSTIA,"(0.2, 20, 60)"
S3_units,Bearing2_2,20,1,0.0,PRONOSTIA,"(0.2, 20, 60)"
S3_units,Bearing2_2,16,16,0.0,PRONOSTIA,"(0.2, 20, 60)"
S3_units,Bearing2_2,16,16,0.0,PRONOSTIA,"(0.2, 20, 60)"
S3_units,Bearing2_2,16,16,0.0,PRONOSTIA,"(0.2, 20, 60)"
S3_units,Bearing2_2,16,16,0.0,PRONOSTIA,"(0.2, 20, 60)"
S3_units,Bearing2_2,16,16,0.0,PRONOSTIA,"(0.2, 20, 60)"
S3_units,Bearing2_2,16,16,0.0,PRONOSTIA,"(0.2, 20, 60)"
S3_units,Bearing2_2,16,16,0.03333333333333333,PRONOSTIA,"(0.2, 20, 60)"
S3_units,Bearing2_2,16,16,0.0,PRONOSTIA,"(0.2, 20, 60)"
S3_units,Bearing2_2,16,16,0.0,PRONOSTIA,"(0.2, 20, 60)"
S3_units,Bearing2_2,16,16,0.0,PRONOSTIA,"(0.2, 20, 60)"
S3_units,Bearing2_2,16,16,0.0,PRONOSTIA,"(0.2, 20, 60)"
S3_units,Bearing2_2,16,16,0.0,PRONOSTIA,"(0.2, 20, 60)"
S3_units,Bearing2_2,16,16,0.0,PRONOSTIA,"(0.2, 20, 60)"
S3_units,Bearing2_2,16,16,0.0,PRONOSTIA,"(0.2, 20, 60)"
S3_units,Bearing2_2,16,16,0.0,PRONOSTIA,"(0.2, 20, 60)"
S3_units,Bearing2_2,16,16,0.0,PRONOSTIA,"(0.2, 20, 60)"
S3_units,Bearing2_2,16,16,0.0,PRONOSTIA,"(0.2, 20, 60)"
S3_units,Bearing2_2,16,16,0.0,PRONOSTIA,"(0.2, 20, 60)"
S3_units,Bearing2_2,16,16,0.0,PRONOSTIA,"(0.2, 20, 60)"
S3_units,Bearing2_2,16,16,0.0,PRONOSTIA,"(0.2, 20, 60)"
S3_units,Bearing2_2,16,16,0.0,PRONOSTIA,"(0.2, 20, 60)"
S3_units,Bearing2_2,16,16,0.0,PRONOSTIA,"(0.2, 20, 60)"
S3_units,Bearing2_2,16,16,0.0,PRONOSTIA,"(0.2, 20, 60)"
S3_units,Bearing2_2,16,16,0.0,PRONOSTIA,"(0.2, 20, 60)"
S3_units,Bearing2_2,16,16,0.0,PRONOSTIA,"(0.2, 20, 60)"
S3_units,Bearing2_2,16,16,0.0,PRONOSTIA,"(0.2, 20, 60)"
S3_units,Bearing2_2,16,16,0.0,PRONOSTIA,"(0.2, 20, 60)"
S3_units,Bearing2_2,16,16,0.0,PRONOSTIA,"(0.2, 20, 60)"
S3_units,Bearing2_2,16,16,0.0,PRONOSTIA,"(0.2, 20, 60)"
S3_units,Bearing2_2,16,16,0.0,PRONOSTIA,"(0.2, 20, 60)"
S3_units,Bearing2_3,20,1,0.0,PRONOSTIA,"(0.2, 20, 60)"
S3_units,Bearing2_3,20,1,0.0,PRONOSTIA,"(0.2, 20, 60)"
S3_units,Bearing2_3,20,1,0.55,PRONOSTIA,"(0.2, 20, 60)"
S3_units,Bearing2_3,20,1,0.7666666666666667,PRONOSTIA,"(0.2, 20, 60)"
S3_units,Bearing2_3,20,1,0.23333333333333334,PRONOSTIA,"(0.2, 20, 60)"
S3_units,Bearing2_3,20,1,0.3333333333333333,PRONOSTIA,"(0.2, 20, 60)"
S3_units,Bearing2_3,20,1,0.0,PRONOSTIA,"(0.2, 20, 60)"
S3_units,Bearing2_3,20,1,0.7833333333333333,PRONOSTIA,"(0.2, 20, 60)"
S3_units,Bearing2_3,20,1,0.0,PRONOSTIA,"(0.2, 20, 60)"
S3_units,Bearing2_3,20,1,0.016666666666666666,PRONOSTIA,"(0.2, 20, 60)"
S3_units,Bearing2_3,20,1,0.55,PRONOSTIA,"(0.2, 20, 60)"
S3_units,Bearing2_3,20,1,0.5333333333333333,PRONOSTIA,"(0.2, 20, 60)"
S3_units,Bearing2_3,20,1,0.11666666666666667,PRONOSTIA,"(0.2, 20, 60)"
S3_units,Bearing2_3,20,1,0.3333333333333333,PRONOSTIA,"(0.2, 20, 60)"
S3_units,Bearing2_3,20,1,0.8166666666666667,PRONOSTIA,"(0.2, 20, 60)"
S3_units,Bearing2_3,20,1,0.6833333333333333,PRONOSTIA,"(0.2, 20, 60)"
S3_units,Bearing2_3,20,1,0.2,PRONOSTIA,"(0.2, 20, 60)"
S3_units,Bearing2_3,20,1,0.35,PRONOSTIA,"(0.2, 20, 60)"
S3_units,Bearing2_3,20,1,0.2,PRONOSTIA,"(0.2, 20, 60)"
S3_units,Bearing2_3,20,1,0.5333333333333333,PRONOSTIA,"(0.2, 20, 60)"
S3_units,Bearing2_3,20,1,0.08333333333333333,PRONOSTIA,"(0.2, 20, 60)"
S3_units,Bearing2_3,20,1,0.0,PRONOSTIA,"(0.2, 20, 60)"
S3_units,Bearing2_3,20,1,0.43333333333333335,PRONOSTIA,"(0.2, 20, 60)"
S3_units,Bearing2_3,20,1,0.55,PRONOSTIA,"(0.2, 20, 60)"
S3_units,Bearing2_3,20,1,0.8,PRONOSTIA,"(0.2, 20, 60)"
S3_units,Bearing2_3,20,1,0.06666666666666667,PRONOSTIA,"(0.2, 20, 60)"
S3_units,Bearing2_3,20,1,0.4,PRONOSTIA,"(0.2, 20, 60)"
S3_units,Bearing2_3,20,1,0.6333333333333333,PRONOSTIA,"(0.2, 20, 60)"
S3_units,Bearing2_3,20,1,0.2,PRONOSTIA,"(0.2, 20, 60)"
S3_units,Bearing2_3,20,1,0.03333333333333333,PRONOSTIA,"(0.2, 20, 60)"
S3_units,Bearing2_3,16,16,0.03333333333333333,PRONOSTIA,"(0.2, 20, 60)"
S3_units,Bearing2_3,16,16,0.16666666666666666,PRONOSTIA,"(0.2, 20, 60)"
S3_units,Bearing2_3,16,16,0.4,PRONOSTIA,"(0.2, 20, 60)"
S3_units,Bearing2_3,16,16,0.0,PRONOSTIA,"(0.2, 20, 60)"
S3_units,Bearing2_3,16,16,0.2,PRONOSTIA,"(0.2, 20, 60)"
S3_units,Bearing2_3,16,16,0.23333333333333334,PRONOSTIA,"(0.2, 20, 60)"
S3_units,Bearing2_3,16,16,0.13333333333333333,PRONOSTIA,"(0.2, 20, 60)"
S3_units,Bearing2_3,16,16,0.03333333333333333,PRONOSTIA,"(0.2, 20, 60)"
S3_units,Bearing2_3,16,16,0.016666666666666666,PRONOSTIA,"(0.2, 20, 60)"
S3_units,Bearing2_3,16,16,0.48333333333333334,PRONOSTIA,"(0.2, 20, 60)"
S3_units,Bearing2_3,16,16,0.35,PRONOSTIA,"(0.2, 20, 60)"
S3_units,Bearing2_3,16,16,0.3,PRONOSTIA,"(0.2, 20, 60)"
S3_units,Bearing2_3,16,16,0.03333333333333333,PRONOSTIA,"(0.2, 20, 60)"
S3_units,Bearing2_3,16,16,0.18333333333333332,PRONOSTIA,"(0.2, 20, 60)"
S3_units,Bearing2_3,16,16,0.31666666666666665,PRONOSTIA,"(0.2, 20, 60)"
S3_units,Bearing2_3,16,16,0.1,PRONOSTIA,"(0.2, 20, 60)"
S3_units,Bearing2_3,16,16,0.4166666666666667,PRONOSTIA,"(0.2, 20, 60)"
S3_units,Bearing2_3,16,16,0.15,PRONOSTIA,"(0.2, 20, 60)"
S3_units,Bearing2_3,16,16,0.3333333333333333,PRONOSTIA,"(0.2, 20, 60)"
S3_units,Bearing2_3,16,16,0.35,PRONOSTIA,"(0.2, 20, 60)"
S3_units,Bearing2_3,16,16,0.18333333333333332,PRONOSTIA,"(0.2, 20, 60)"
S3_units,Bearing2_3,16,16,0.1,PRONOSTIA,"(0.2, 20, 60)"
S3_units,Bearing2_3,16,16,0.23333333333333334,PRONOSTIA,"(0.2, 20, 60)"
S3_units,Bearing2_3,16,16,0.03333333333333333,PRONOSTIA,"(0.2, 20, 60)"
S3_units,Bearing2_3,16,16,0.25,PRONOSTIA,"(0.2, 20, 60)"
S3_units,Bearing2_3,16,16,0.8833333333333333,PRONOSTIA,"(0.2, 20, 60)"
S3_units,Bearing2_3,16,16,0.26666666666666666,PRONOSTIA,"(0.2, 20, 60)"
S3_units,Bearing2_3,16,16,0.21666666666666667,PRONOSTIA,"(0.2, 20, 60)"
S3_units,Bearing2_3,16,16,0.08333333333333333,PRONOSTIA,"(0.2, 20, 60)"
S3_units,Bearing2_3,16,16,0.4666666666666667,PRONOSTIA,"(0.2, 20, 60)"
S3_units,Bearing2_4,20,1,0.0,PRONOSTIA,"(0.2, 20, 60)"
S3_units,Bearing2_4,20,1,0.3333333333333333,PRONOSTIA,"(0.2, 20, 60)"
S3_units,Bearing2_4,20,1,0.016666666666666666,PRONOSTIA,"(0.2, 20, 60)"
S3_units,Bearing2_4,20,1,0.03333333333333333,PRONOSTIA,"(0.2, 20, 60)"
S3_units,Bearing2_4,20,1,0.0,PRONOSTIA,"(0.2, 20, 60)"
S3_units,Bearing2_4,20,1,0.08333333333333333,PRONOSTIA,"(0.2, 20, 60)"
S3_units,Bearing2_4,20,1,0.0,PRONOSTIA,"(0.2, 20, 60)"
S3_units,Bearing2_4,20,1,0.0,PRONOSTIA,"(0.2, 20, 60)"
S3_units,Bearing2_4,20,1,0.0,PRONOSTIA,"(0.2, 20, 60)"
S3_units,Bearing2_4,20,1,0.1,PRONOSTIA,"(0.2, 20, 60)"
S3_units,Bearing2_4,20,1,0.11666666666666667,PRONOSTIA,"(0.2, 20, 60)"
S3_units,Bearing2_4,20,1,0.11666666666666667,PRONOSTIA,"(0.2, 20, 60)"
S3_units,Bearing2_4,20,1,0.55,PRONOSTIA,"(0.2, 20, 60)"
S3_units,Bearing2_4,20,1,0.2833333333333333,PRONOSTIA,"(0.2, 20, 60)"
S3_units,Bearing2_4,20,1,0.0,PRONOSTIA,"(0.2, 20, 60)"
S3_units,Bearing2_4,20,1,0.1,PRONOSTIA,"(0.2, 20, 60)"
S3_units,Bearing2_4,20,1,0.0,PRONOSTIA,"(0.2, 20, 60)"
S3_units,Bearing2_4,20,1,0.0,PRONOSTIA,"(0.2, 20, 60)"
S3_units,Bearing2_4,20,1,0.016666666666666666,PRONOSTIA,"(0.2, 20, 60)"
S3_units,Bearing2_4,20,1,0.0,PRONOSTIA,"(0.2, 20, 60)"
S3_units,Bearing2_4,20,1,0.7333333333333333,PRONOSTIA,"(0.2, 20, 60)"
S3_units,Bearing2_4,20,1,0.15,PRONOSTIA,"(0.2, 20, 60)"
S3_units,Bearing2_4,20,1,0.0,PRONOSTIA,"(0.2, 20, 60)"
S3_units,Bearing2_4,20,1,0.06666666666666667,PRONOSTIA,"(0.2, 20, 60)"
S3_units,Bearing2_4,20,1,0.0,PRONOSTIA,"(0.2, 20, 60)"
S3_units,Bearing2_4,20,1,0.0,PRONOSTIA,"(0.2, 20, 60)"
S3_units,Bearing2_4,20,1,0.0,PRONOSTIA,"(0.2, 20, 60)"
S3_units,Bearing2_4,20,1,0.0,PRONOSTIA,"(0.2, 20, 60)"
S3_units,Bearing2_4,20,1,0.0,PRONOSTIA,"(0.2, 20, 60)"
S3_units,Bearing2_4,20,1,0.0,PRONOSTIA,"(0.2, 20, 60)"
S3_units,Bearing2_4,16,16,0.0,PRONOSTIA,"(0.2, 20, 60)"
S3_units,Bearing2_4,16,16,0.03333333333333333,PRONOSTIA,"(0.2, 20, 60)"
S3_units,Bearing2_4,16,16,0.0,PRONOSTIA,"(0.2, 20, 60)"
S3_units,Bearing2_4,16,16,0.0,PRONOSTIA,"(0.2, 20, 60)"
S3_units,Bearing2_4,16,16,0.0,PRONOSTIA,"(0.2, 20, 60)"
S3_units,Bearing2_4,16,16,0.0,PRONOSTIA,"(0.2, 20, 60)"
S3_units,Bearing2_4,16,16,0.0,PRONOSTIA,"(0.2, 20, 60)"
S3_units,Bearing2_4,16,16,0.0,PRONOSTIA,"(0.2, 20, 60)"
S3_units,Bearing2_4,16,16,0.0,PRONOSTIA,"(0.2, 20, 60)"
S3_units,Bearing2_4,16,16,0.0,PRONOSTIA,"(0.2, 20, 60)"
S3_units,Bearing2_4,16,16,0.0,PRONOSTIA,"(0.2, 20, 60)"
S3_units,Bearing2_4,16,16,0.0,PRONOSTIA,"(0.2, 20, 60)"
S3_units,Bearing2_4,16,16,0.0,PRONOSTIA,"(0.2, 20, 60)"
S3_units,Bearing2_4,16,16,0.0,PRONOSTIA,"(0.2, 20, 60)"
S3_units,Bearing2_4,16,16,0.0,PRONOSTIA,"(0.2, 20, 60)"
S3_units,Bearing2_4,16,16,0.0,PRONOSTIA,"(0.2, 20, 60)"
S3_units,Bearing2_4,16,16,0.0,PRONOSTIA,"(0.2, 20, 60)"
S3_units,Bearing2_4,16,16,0.0,PRONOSTIA,"(0.2, 20, 60)"
S3_units,Bearing2_4,16,16,0.0,PRONOSTIA,"(0.2, 20, 60)"
S3_units,Bearing2_4,16,16,0.0,PRONOSTIA,"(0.2, 20, 60)"
S3_units,Bearing2_4,16,16,0.0,PRONOSTIA,"(0.2, 20, 60)"
S3_units,Bearing2_4,16,16,0.0,PRONOSTIA,"(0.2, 20, 60)"
S3_units,Bearing2_4,16,16,0.0,PRONOSTIA,"(0.2, 20, 60)"
S3_units,Bearing2_4,16,16,0.0,PRONOSTIA,"(0.2, 20, 60)"
S3_units,Bearing2_4,16,16,0.0,PRONOSTIA,"(0.2, 20, 60)"
S3_units,Bearing2_4,16,16,0.0,PRONOSTIA,"(0.2, 20, 60)"
S3_units,Bearing2_4,16,16,0.0,PRONOSTIA,"(0.2, 20, 60)"
S3_units,Bearing2_4,16,16,0.0,PRONOSTIA,"(0.2, 20, 60)"
S3_units,Bearing2_4,16,16,0.0,PRONOSTIA,"(0.2, 20, 60)"
S3_units,Bearing2_4,16,16,0.0,PRONOSTIA,"(0.2, 20, 60)"
S3_units,Bearing2_5,20,1,0.05,PRONOSTIA,"(0.2, 20, 60)"
S3_units,Bearing2_5,20,1,0.0,PRONOSTIA,"(0.2, 20, 60)"
S3_units,Bearing2_5,20,1,0.8833333333333333,PRONOSTIA,"(0.2, 20, 60)"
S3_units,Bearing2_5,20,1,0.0,PRONOSTIA,"(0.2, 20, 60)"
S3_units,Bearing2_5,20,1,0.05,PRONOSTIA,"(0.2, 20, 60)"
S3_units,Bearing2_5,20,1,0.8,PRONOSTIA,"(0.2, 20, 60)"
S3_units,Bearing2_5,20,1,1.0,PRONOSTIA,"(0.2, 20, 60)"
S3_units,Bearing2_5,20,1,0.05,PRONOSTIA,"(0.2, 20, 60)"
S3_units,Bearing2_5,20,1,0.0,PRONOSTIA,"(0.2, 20, 60)"
S3_units,Bearing2_5,20,1,0.6333333333333333,PRONOSTIA,"(0.2, 20, 60)"
S3_units,Bearing2_5,20,1,0.9166666666666666,PRONOSTIA,"(0.2, 20, 60)"
S3_units,Bearing2_5,20,1,0.5166666666666667,PRONOSTIA,"(0.2, 20, 60)"
S3_units,Bearing2_5,20,1,0.0,PRONOSTIA,"(0.2, 20, 60)"
S3_units,Bearing2_5,20,1,0.0,PRONOSTIA,"(0.2, 20, 60)"
S3_units,Bearing2_5,20,1,0.0,PRONOSTIA,"(0.2, 20, 60)"
S3_units,Bearing2_5,20,1,0.1,PRONOSTIA,"(0.2, 20, 60)"
S3_units,Bearing2_5,20,1,0.25,PRONOSTIA,"(0.2, 20, 60)"
S3_units,Bearing2_5,20,1,0.6333333333333333,PRONOSTIA,"(0.2, 20, 60)"
S3_units,Bearing2_5,20,1,0.21666666666666667,PRONOSTIA,"(0.2, 20, 60)"
S3_units,Bearing2_5,20,1,0.05,PRONOSTIA,"(0.2, 20, 60)"
S3_units,Bearing2_5,20,1,0.016666666666666666,PRONOSTIA,"(0.2, 20, 60)"
S3_units,Bearing2_5,20,1,0.05,PRONOSTIA,"(0.2, 20, 60)"
S3_units,Bearing2_5,20,1,0.03333333333333333,PRONOSTIA,"(0.2, 20, 60)"
S3_units,Bearing2_5,20,1,0.25,PRONOSTIA,"(0.2, 20, 60)"
S3_units,Bearing2_5,20,1,0.4,PRONOSTIA,"(0.2, 20, 60)"
S3_units,Bearing2_5,20,1,0.0,PRONOSTIA,"(0.2, 20, 60)"
S3_units,Bearing2_5,20,1,0.5666666666666667,PRONOSTIA,"(0.2, 20, 60)"
S3_units,Bearing2_5,20,1,0.0,PRONOSTIA,"(0.2, 20, 60)"
S3_units,Bearing2_5,20,1,0.0,PRONOSTIA,"(0.2, 20, 60)"
S3_units,Bearing2_5,20,1,0.4666666666666667,PRONOSTIA,"(0.2, 20, 60)"
S3_units,Bearing2_5,16,16,0.0,PRONOSTIA,"(0.2, 20, 60)"
S3_units,Bearing2_5,16,16,0.016666666666666666,PRONOSTIA,"(0.2, 20, 60)"
S3_units,Bearing2_5,16,16,0.0,PRONOSTIA,"(0.2, 20, 60)"
S3_units,Bearing2_5,16,16,0.03333333333333333,PRONOSTIA,"(0.2, 20, 60)"
S3_units,Bearing2_5,16,16,0.05,PRONOSTIA,"(0.2, 20, 60)"
S3_units,Bearing2_5,16,16,0.016666666666666666,PRONOSTIA,"(0.2, 20, 60)"
S3_units,Bearing2_5,16,16,0.03333333333333333,PRONOSTIA,"(0.2, 20, 60)"
S3_units,Bearing2_5,16,16,0.0,PRONOSTIA,"(0.2, 20, 60)"
S3_units,Bearing2_5,16,16,0.05,PRONOSTIA,"(0.2, 20, 60)"
S3_units,Bearing2_5,16,16,0.0,PRONOSTIA,"(0.2, 20, 60)"
S3_units,Bearing2_5,16,16,0.0,PRONOSTIA,"(0.2, 20, 60)"
S3_units,Bearing2_5,16,16,0.23333333333333334,PRONOSTIA,"(0.2, 20, 60)"
S3_units,Bearing2_5,16,16,0.8166666666666667,PRONOSTIA,"(0.2, 20, 60)"
S3_units,Bearing2_5,16,16,0.0,PRONOSTIA,"(0.2, 20, 60)"
S3_units,Bearing2_5,16,16,0.0,PRONOSTIA,"(0.2, 20, 60)"
S3_units,Bearing2_5,16,16,0.0,PRONOSTIA,"(0.2, 20, 60)"
S3_units,Bearing2_5,16,16,0.5333333333333333,PRONOSTIA,"(0.2, 20, 60)"
S3_units,Bearing2_5,16,16,0.0,PRONOSTIA,"(0.2, 20, 60)"
S3_units,Bearing2_5,16,16,0.0,PRONOSTIA,"(0.2, 20, 60)"
S3_units,Bearing2_5,16,16,0.03333333333333333,PRONOSTIA,"(0.2, 20, 60)"
S3_units,Bearing2_5,16,16,0.0,PRONOSTIA,"(0.2, 20, 60)"
S3_units,Bearing2_5,16,16,0.6,PRONOSTIA,"(0.2, 20, 60)"
S3_units,Bearing2_5,16,16,0.5666666666666667,PRONOSTIA,"(0.2, 20, 60)"
S3_units,Bearing2_5,16,16,0.0,PRONOSTIA,"(0.2, 20, 60)"
S3_units,Bearing2_5,16,16,0.0,PRONOSTIA,"(0.2, 20, 60)"
S3_units,Bearing2_5,16,16,0.03333333333333333,PRONOSTIA,"(0.2, 20, 60)"
S3_units,Bearing2_5,16,16,0.03333333333333333,PRONOSTIA,"(0.2, 20, 60)"
S3_units,Bearing2_5,16,16,0.05,PRONOSTIA,"(0.2, 20, 60)"
S3_units,Bearing2_5,16,16,0.2833333333333333,PRONOSTIA,"(0.2, 20, 60)"
S3_units,Bearing2_5,16,16,0.03333333333333333,PRONOSTIA,"(0.2, 20, 60)"
S3_units,Bearing2_6,20,1,0.5833333333333334,PRONOSTIA,"(0.2, 20, 60)"
S3_units,Bearing2_6,20,1,0.0,PRONOSTIA,"(0.2, 20, 60)"
S3_units,Bearing2_6,20,1,0.0,PRONOSTIA,"(0.2, 20, 60)"
S3_units,Bearing2_6,20,1,0.0,PRONOSTIA,"(0.2, 20, 60)"
S3_units,Bearing2_6,20,1,0.0,PRONOSTIA,"(0.2, 20, 60)"
S3_units,Bearing2_6,20,1,0.0,PRONOSTIA,"(0.2, 20, 60)"
S3_units,Bearing2_6,20,1,0.0,PRONOSTIA,"(0.2, 20, 60)"
S3_units,Bearing2_6,20,1,0.1,PRONOSTIA,"(0.2, 20, 60)"
S3_units,Bearing2_6,20,1,0.0,PRONOSTIA,"(0.2, 20, 60)"
S3_units,Bearing2_6,20,1,0.0,PRONOSTIA,"(0.2, 20, 60)"
S3_units,Bearing2_6,20,1,0.0,PRONOSTIA,"(0.2, 20, 60)"
S3_units,Bearing2_6,20,1,0.0,PRONOSTIA,"(0.2, 20, 60)"
S3_units,Bearing2_6,20,1,0.05,PRONOSTIA,"(0.2, 20, 60)"
S3_units,Bearing2_6,20,1,0.0,PRONOSTIA,"(0.2, 20, 60)"
S3_units,Bearing2_6,20,1,0.36666666666666664,PRONOSTIA,"(0.2, 20, 60)"
S3_units,Bearing2_6,20,1,0.0,PRONOSTIA,"(0.2, 20, 60)"
S3_units,Bearing2_6,20,1,0.0,PRONOSTIA,"(0.2, 20, 60)"
S3_units,Bearing2_6,20,1,0.0,PRONOSTIA,"(0.2, 20, 60)"
S3_units,Bearing2_6,20,1,0.016666666666666666,PRONOSTIA,"(0.2, 20, 60)"
S3_units,Bearing2_6,20,1,0.2833333333333333,PRONOSTIA,"(0.2, 20, 60)"
S3_units,Bearing2_6,20,1,0.0,PRONOSTIA,"(0.2, 20, 60)"
S3_units,Bearing2_6,20,1,0.08333333333333333,PRONOSTIA,"(0.2, 20, 60)"
S3_units,Bearing2_6,20,1,0.23333333333333334,PRONOSTIA,"(0.2, 20, 60)"
S3_units,Bearing2_6,20,1,0.016666666666666666,PRONOSTIA,"(0.2, 20, 60)"
S3_units,Bearing2_6,20,1,0.75,PRONOSTIA,"(0.2, 20, 60)"
S3_units,Bearing2_6,20,1,0.0,PRONOSTIA,"(0.2, 20, 60)"
S3_units,Bearing2_6,20,1,0.0,PRONOSTIA,"(0.2, 20, 60)"
S3_units,Bearing2_6,20,1,0.03333333333333333,PRONOSTIA,"(0.2, 20, 60)"
S3_units,Bearing2_6,20,1,0.0,PRONOSTIA,"(0.2, 20, 60)"
S3_units,Bearing2_6,20,1,0.0,PRONOSTIA,"(0.2, 20, 60)"
S3_units,Bearing2_6,16,16,0.03333333333333333,PRONOSTIA,"(0.2, 20, 60)"
S3_units,Bearing2_6,16,16,0.0,PRONOSTIA,"(0.2, 20, 60)"
S3_units,Bearing2_6,16,16,0.0,PRONOSTIA,"(0.2, 20, 60)"
S3_units,Bearing2_6,16,16,0.0,PRONOSTIA,"(0.2, 20, 60)"
S3_units,Bearing2_6,16,16,0.0,PRONOSTIA,"(0.2, 20, 60)"
S3_units,Bearing2_6,16,16,0.0,PRONOSTIA,"(0.2, 20, 60)"
S3_units,Bearing2_6,16,16,0.0,PRONOSTIA,"(0.2, 20, 60)"
S3_units,Bearing2_6,16,16,0.0,PRONOSTIA,"(0.2, 20, 60)"
S3_units,Bearing2_6,16,16,0.0,PRONOSTIA,"(0.2, 20, 60)"
S3_units,Bearing2_6,16,16,0.0,PRONOSTIA,"(0.2, 20, 60)"
S3_units,Bearing2_6,16,16,0.0,PRONOSTIA,"(0.2, 20, 60)"
S3_units,Bearing2_6,16,16,0.0,PRONOSTIA,"(0.2, 20, 60)"
S3_units,Bearing2_6,16,16,0.0,PRONOSTIA,"(0.2, 20, 60)"
S3_units,Bearing2_6,16,16,0.0,PRONOSTIA,"(0.2, 20, 60)"
S3_units,Bearing2_6,16,16,0.0,PRONOSTIA,"(0.2, 20, 60)"
S3_units,Bearing2_6,16,16,0.0,PRONOSTIA,"(0.2, 20, 60)"
S3_units,Bearing2_6,16,16,0.0,PRONOSTIA,"(0.2, 20, 60)"
S3_units,Bearing2_6,16,16,0.0,PRONOSTIA,"(0.2, 20, 60)"
S3_units,Bearing2_6,16,16,0.0,PRONOSTIA,"(0.2, 20, 60)"
S3_units,Bearing2_6,16,16,0.0,PRONOSTIA,"(0.2, 20, 60)"
S3_units,Bearing2_6,16,16,0.11666666666666667,PRONOSTIA,"(0.2, 20, 60)"
S3_units,Bearing2_6,16,16,0.0,PRONOSTIA,"(0.2, 20, 60)"
S3_units,Bearing2_6,16,16,0.0,PRONOSTIA,"(0.2, 20, 60)"
S3_units,Bearing2_6,16,16,0.0,PRONOSTIA,"(0.2, 20, 60)"
S3_units,Bearing2_6,16,16,0.0,PRONOSTIA,"(0.2, 20, 60)"
S3_units,Bearing2_6,16,16,0.0,PRONOSTIA,"(0.2, 20, 60)"
S3_units,Bearing2_6,16,16,0.0,PRONOSTIA,"(0.2, 20, 60)"
S3_units,Bearing2_6,16,16,0.0,PRONOSTIA,"(0.2, 20, 60)"
S3_units,Bearing2_6,16,16,0.0,PRONOSTIA,"(0.2, 20, 60)"
S3_units,Bearing2_6,16,16,0.0,PRONOSTIA,"(0.2, 20, 60)"
S3_units,Bearing2_7,20,1,0.0,PRONOSTIA,"(0.2, 20, 60)"
S3_units,Bearing2_7,20,1,0.043478260869565216,PRONOSTIA,"(0.2, 20, 60)"
S3_units,Bearing2_7,20,1,0.30434782608695654,PRONOSTIA,"(0.2, 20, 60)"
S3_units,Bearing2_7,20,1,0.13043478260869565,PRONOSTIA,"(0.2, 20, 60)"
S3_units,Bearing2_7,20,1,0.0,PRONOSTIA,"(0.2, 20, 60)"
S3_units,Bearing2_7,20,1,0.043478260869565216,PRONOSTIA,"(0.2, 20, 60)"
S3_units,Bearing2_7,20,1,0.0,PRONOSTIA,"(0.2, 20, 60)"
S3_units,Bearing2_7,20,1,0.043478260869565216,PRONOSTIA,"(0.2, 20, 60)"
S3_units,Bearing2_7,20,1,0.30434782608695654,PRONOSTIA,"(0.2, 20, 60)"
S3_units,Bearing2_7,20,1,0.21739130434782608,PRONOSTIA,"(0.2, 20, 60)"
S3_units,Bearing2_7,20,1,0.0,PRONOSTIA,"(0.2, 20, 60)"
S3_units,Bearing2_7,20,1,0.0,PRONOSTIA,"(0.2, 20, 60)"
S3_units,Bearing2_7,20,1,0.08695652173913043,PRONOSTIA,"(0.2, 20, 60)"
S3_units,Bearing2_7,20,1,0.06521739130434782,PRONOSTIA,"(0.2, 20, 60)"
S3_units,Bearing2_7,20,1,0.08695652173913043,PRONOSTIA,"(0.2, 20, 60)"
S3_units,Bearing2_7,20,1,0.34782608695652173,PRONOSTIA,"(0.2, 20, 60)"
S3_units,Bearing2_7,20,1,0.0,PRONOSTIA,"(0.2, 20, 60)"
S3_units,Bearing2_7,20,1,0.0,PRONOSTIA,"(0.2, 20, 60)"
S3_units,Bearing2_7,20,1,0.1956521739130435,PRONOSTIA,"(0.2, 20, 60)"
S3_units,Bearing2_7,20,1,0.021739130434782608,PRONOSTIA,"(0.2, 20, 60)"
S3_units,Bearing2_7,20,1,0.0,PRONOSTIA,"(0.2, 20, 60)"
S3_units,Bearing2_7,20,1,0.21739130434782608,PRONOSTIA,"(0.2, 20, 60)"
S3_units,Bearing2_7,20,1,0.0,PRONOSTIA,"(0.2, 20, 60)"
S3_units,Bearing2_7,20,1,0.0,PRONOSTIA,"(0.2, 20, 60)"
S3_units,Bearing2_7,20,1,0.021739130434782608,PRONOSTIA,"(0.2, 20, 60)"
S3_units,Bearing2_7,20,1,0.15217391304347827,PRONOSTIA,"(0.2, 20, 60)"
S3_units,Bearing2_7,20,1,0.0,PRONOSTIA,"(0.2, 20, 60)"
S3_units,Bearing2_7,20,1,0.2391304347826087,PRONOSTIA,"(0.2, 20, 60)"
S3_units,Bearing2_7,20,1,0.06521739130434782,PRONOSTIA,"(0.2, 20, 60)"
S3_units,Bearing2_7,20,1,0.0,PRONOSTIA,"(0.2, 20, 60)"
S3_units,Bearing2_7,16,16,0.0,PRONOSTIA,"(0.2, 20, 60)"
S3_units,Bearing2_7,16,16,0.0,PRONOSTIA,"(0.2, 20, 60)"
S3_units,Bearing2_7,16,16,0.021739130434782608,PRONOSTIA,"(0.2, 20, 60)"
S3_units,Bearing2_7,16,16,0.0,PRONOSTIA,"(0.2, 20, 60)"
S3_units,Bearing2_7,16,16,0.0,PRONOSTIA,"(0.2, 20, 60)"
S3_units,Bearing2_7,16,16,0.0,PRONOSTIA,"(0.2, 20, 60)"
S3_units,Bearing2_7,16,16,0.0,PRONOSTIA,"(0.2, 20, 60)"
S3_units,Bearing2_7,16,16,0.0,PRONOSTIA,"(0.2, 20, 60)"
S3_units,Bearing2_7,16,16,0.0,PRONOSTIA,"(0.2, 20, 60)"
S3_units,Bearing2_7,16,16,0.0,PRONOSTIA,"(0.2, 20, 60)"
S3_units,Bearing2_7,16,16,0.0,PRONOSTIA,"(0.2, 20, 60)"
S3_units,Bearing2_7,16,16,0.0,PRONOSTIA,"(0.2, 20, 60)"
S3_units,Bearing2_7,16,16,0.0,PRONOSTIA,"(0.2, 20, 60)"
S3_units,Bearing2_7,16,16,0.0,PRONOSTIA,"(0.2, 20, 60)"
S3_units,Bearing2_7,16,16,0.0,PRONOSTIA,"(0.2, 20, 60)"
S3_units,Bearing2_7,16,16,0.0,PRONOSTIA,"(0.2, 20, 60)"
S3_units,Bearing2_7,16,16,0.0,PRONOSTIA,"(0.2, 20, 60)"
S3_units,Bearing2_7,16,16,0.0,PRONOSTIA,"(0.2, 20, 60)"
S3_units,Bearing2_7,16,16,0.0,PRONOSTIA,"(0.2, 20, 60)"
S3_units,Bearing2_7,16,16,0.0,PRONOSTIA,"(0.2, 20, 60)"
S3_units,Bearing2_7,16,16,0.0,PRONOSTIA,"(0.2, 20, 60)"
S3_units,Bearing2_7,16,16,0.0,PRONOSTIA,"(0.2, 20, 60)"
S3_units,Bearing2_7,16,16,0.0,PRONOSTIA,"(0.2, 20, 60)"
S3_units,Bearing2_7,16,16,0.0,PRONOSTIA,"(0.2, 20, 60)"
S3_units,Bearing2_7,16,16,0.0,PRONOSTIA,"(0.2, 20, 60)"
S3_units,Bearing2_7,16,16,0.0,PRONOSTIA,"(0.2, 20, 60)"
S3_units,Bearing2_7,16,16,0.0,PRONOSTIA,"(0.2, 20, 60)"
S3_units,Bearing2_7,16,16,0.0,PRONOSTIA,"(0.2, 20, 60)"
S3_units,Bearing2_7,16,16,0.0,PRONOSTIA,"(0.2, 20, 60)"
S3_units,Bearing2_7,16,16,0.0,PRONOSTIA,"(0.2, 20, 60)"
S3_units,Bearing3_1,20,1,0.0,PRONOSTIA,"(0.2, 20, 60)"
S3_units,Bearing3_1,20,1,0.38333333333333336,PRONOSTIA,"(0.2, 20, 60)"
S3_units,Bearing3_1,20,1,0.0,PRONOSTIA,"(0.2, 20, 60)"
S3_units,Bearing3_1,20,1,0.65,PRONOSTIA,"(0.2, 20, 60)"
S3_units,Bearing3_1,20,1,0.0,PRONOSTIA,"(0.2, 20, 60)"
S3_units,Bearing3_1,20,1,0.7666666666666667,PRONOSTIA,"(0.2, 20, 60)"
S3_units,Bearing3_1,20,1,0.0,PRONOSTIA,"(0.2, 20, 60)"
S3_units,Bearing3_1,20,1,0.1,PRONOSTIA,"(0.2, 20, 60)"
S3_units,Bearing3_1,20,1,0.13333333333333333,PRONOSTIA,"(0.2, 20, 60)"
S3_units,Bearing3_1,20,1,0.6666666666666666,PRONOSTIA,"(0.2, 20, 60)"
S3_units,Bearing3_1,20,1,0.36666666666666664,PRONOSTIA,"(0.2, 20, 60)"
S3_units,Bearing3_1,20,1,0.3,PRONOSTIA,"(0.2, 20, 60)"
S3_units,Bearing3_1,20,1,0.15,PRONOSTIA,"(0.2, 20, 60)"
S3_units,Bearing3_1,20,1,0.05,PRONOSTIA,"(0.2, 20, 60)"
S3_units,Bearing3_1,20,1,0.23333333333333334,PRONOSTIA,"(0.2, 20, 60)"
S3_units,Bearing3_1,20,1,0.26666666666666666,PRONOSTIA,"(0.2, 20, 60)"
S3_units,Bearing3_1,20,1,0.21666666666666667,PRONOSTIA,"(0.2, 20, 60)"
S3_units,Bearing3_1,20,1,0.36666666666666664,PRONOSTIA,"(0.2, 20, 60)"
S3_units,Bearing3_1,20,1,0.1,PRONOSTIA,"(0.2, 20, 60)"
S3_units,Bearing3_1,20,1,0.0,PRONOSTIA,"(0.2, 20, 60)"
S3_units,Bearing3_1,20,1,0.25,PRONOSTIA,"(0.2, 20, 60)"
S3_units,Bearing3_1,20,1,0.3333333333333333,PRONOSTIA,"(0.2, 20, 60)"
S3_units,Bearing3_1,20,1,0.0,PRONOSTIA,"(0.2, 20, 60)"
S3_units,Bearing3_1,20,1,0.1,PRONOSTIA,"(0.2, 20, 60)"
S3_units,Bearing3_1,20,1,0.0,PRONOSTIA,"(0.2, 20, 60)"
S3_units,Bearing3_1,20,1,0.6666666666666666,PRONOSTIA,"(0.2, 20, 60)"
S3_units,Bearing3_1,20,1,0.3333333333333333,PRONOSTIA,"(0.2, 20, 60)"
S3_units,Bearing3_1,20,1,0.0,PRONOSTIA,"(0.2, 20, 60)"
S3_units,Bearing3_1,20,1,0.016666666666666666,PRONOSTIA,"(0.2, 20, 60)"
S3_units,Bearing3_1,20,1,0.6333333333333333,PRONOSTIA,"(0.2, 20, 60)"
S3_units,Bearing3_1,16,16,0.0,PRONOSTIA,"(0.2, 20, 60)"
S3_units,Bearing3_1,16,16,0.0,PRONOSTIA,"(0.2, 20, 60)"
S3_units,Bearing3_1,16,16,0.15,PRONOSTIA,"(0.2, 20, 60)"
S3_units,Bearing3_1,16,16,0.35,PRONOSTIA,"(0.2, 20, 60)"
S3_units,Bearing3_1,16,16,0.0,PRONOSTIA,"(0.2, 20, 60)"
S3_units,Bearing3_1,16,16,0.03333333333333333,PRONOSTIA,"(0.2, 20, 60)"
S3_units,Bearing3_1,16,16,0.016666666666666666,PRONOSTIA,"(0.2, 20, 60)"
S3_units,Bearing3_1,16,16,0.0,PRONOSTIA,"(0.2, 20, 60)"
S3_units,Bearing3_1,16,16,0.016666666666666666,PRONOSTIA,"(0.2, 20, 60)"
S3_units,Bearing3_1,16,16,0.0,PRONOSTIA,"(0.2, 20, 60)"
S3_units,Bearing3_1,16,16,0.0,PRONOSTIA,"(0.2, 20, 60)"
S3_units,Bearing3_1,16,16,0.0,PRONOSTIA,"(0.2, 20, 60)"
S3_units,Bearing3_1,16,16,0.05,PRONOSTIA,"(0.2, 20, 60)"
S3_units,Bearing3_1,16,16,0.0,PRONOSTIA,"(0.2, 20, 60)"
S3_units,Bearing3_1,16,16,0.0,PRONOSTIA,"(0.2, 20, 60)"
S3_units,Bearing3_1,16,16,0.13333333333333333,PRONOSTIA,"(0.2, 20, 60)"
S3_units,Bearing3_1,16,16,0.08333333333333333,PRONOSTIA,"(0.2, 20, 60)"
S3_units,Bearing3_1,16,16,0.05,PRONOSTIA,"(0.2, 20, 60)"
S3_units,Bearing3_1,16,16,0.0,PRONOSTIA,"(0.2, 20, 60)"
S3_units,Bearing3_1,16,16,0.016666666666666666,PRONOSTIA,"(0.2, 20, 60)"
S3_units,Bearing3_1,16,16,0.016666666666666666,PRONOSTIA,"(0.2, 20, 60)"
S3_units,Bearing3_1,16,16,0.08333333333333333,PRONOSTIA,"(0.2, 20, 60)"
S3_units,Bearing3_1,16,16,0.16666666666666666,PRONOSTIA,"(0.2, 20, 60)"
S3_units,Bearing3_1,16,16,0.25,PRONOSTIA,"(0.2, 20, 60)"
S3_units,Bearing3_1,16,16,0.016666666666666666,PRONOSTIA,"(0.2, 20, 60)"
S3_units,Bearing3_1,16,16,0.3,PRONOSTIA,"(0.2, 20, 60)"
S3_units,Bearing3_1,16,16,0.0,PRONOSTIA,"(0.2, 20, 60)"
S3_units,Bearing3_1,16,16,0.0,PRONOSTIA,"(0.2, 20, 60)"
S3_units,Bearing3_1,16,16,0.26666666666666666,PRONOSTIA,"(0.2, 20, 60)"
S3_units,Bearing3_1,16,16,0.016666666666666666,PRONOSTIA,"(0.2, 20, 60)"
S3_units,Bearing3_2,20,1,0.0,PRONOSTIA,"(0.2, 20, 60)"
S3_units,Bearing3_2,20,1,0.0,PRONOSTIA,"(0.2, 20, 60)"
S3_units,Bearing3_2,20,1,0.3,PRONOSTIA,"(0.2, 20, 60)"
S3_units,Bearing3_2,20,1,0.06666666666666667,PRONOSTIA,"(0.2, 20, 60)"
S3_units,Bearing3_2,20,1,0.0,PRONOSTIA,"(0.2, 20, 60)"
S3_units,Bearing3_2,20,1,0.03333333333333333,PRONOSTIA,"(0.2, 20, 60)"
S3_units,Bearing3_2,20,1,0.0,PRONOSTIA,"(0.2, 20, 60)"
S3_units,Bearing3_2,20,1,0.15,PRONOSTIA,"(0.2, 20, 60)"
S3_units,Bearing3_2,20,1,0.08333333333333333,PRONOSTIA,"(0.2, 20, 60)"
S3_units,Bearing3_2,20,1,0.11666666666666667,PRONOSTIA,"(0.2, 20, 60)"
S3_units,Bearing3_2,20,1,0.36666666666666664,PRONOSTIA,"(0.2, 20, 60)"
S3_units,Bearing3_2,20,1,0.0,PRONOSTIA,"(0.2, 20, 60)"
S3_units,Bearing3_2,20,1,0.016666666666666666,PRONOSTIA,"(0.2, 20, 60)"
S3_units,Bearing3_2,20,1,0.0,PRONOSTIA,"(0.2, 20, 60)"
S3_units,Bearing3_2,20,1,0.1,PRONOSTIA,"(0.2, 20, 60)"
S3_units,Bearing3_2,20,1,0.0,PRONOSTIA,"(0.2, 20, 60)"
S3_units,Bearing3_2,20,1,0.16666666666666666,PRONOSTIA,"(0.2, 20, 60)"
S3_units,Bearing3_2,20,1,0.0,PRONOSTIA,"(0.2, 20, 60)"
S3_units,Bearing3_2,20,1,0.0,PRONOSTIA,"(0.2, 20, 60)"
S3_units,Bearing3_2,20,1,0.08333333333333333,PRONOSTIA,"(0.2, 20, 60)"
S3_units,Bearing3_2,20,1,0.0,PRONOSTIA,"(0.2, 20, 60)"
S3_units,Bearing3_2,20,1,0.4,PRONOSTIA,"(0.2, 20, 60)"
S3_units,Bearing3_2,20,1,0.08333333333333333,PRONOSTIA,"(0.2, 20, 60)"
S3_units,Bearing3_2,20,1,0.38333333333333336,PRONOSTIA,"(0.2, 20, 60)"
S3_units,Bearing3_2,20,1,0.0,PRONOSTIA,"(0.2, 20, 60)"
S3_units,Bearing3_2,20,1,0.0,PRONOSTIA,"(0.2, 20, 60)"
S3_units,Bearing3_2,20,1,0.0,PRONOSTIA,"(0.2, 20, 60)"
S3_units,Bearing3_2,20,1,0.13333333333333333,PRONOSTIA,"(0.2, 20, 60)"
S3_units,Bearing3_2,20,1,0.06666666666666667,PRONOSTIA,"(0.2, 20, 60)"
S3_units,Bearing3_2,20,1,0.0,PRONOSTIA,"(0.2, 20, 60)"
S3_units,Bearing3_2,16,16,0.0,PRONOSTIA,"(0.2, 20, 60)"
S3_units,Bearing3_2,16,16,0.0,PRONOSTIA,"(0.2, 20, 60)"
S3_units,Bearing3_2,16,16,0.0,PRONOSTIA,"(0.2, 20, 60)"
S3_units,Bearing3_2,16,16,0.0,PRONOSTIA,"(0.2, 20, 60)"
S3_units,Bearing3_2,16,16,0.0,PRONOSTIA,"(0.2, 20, 60)"
S3_units,Bearing3_2,16,16,0.0,PRONOSTIA,"(0.2, 20, 60)"
S3_units,Bearing3_2,16,16,0.0,PRONOSTIA,"(0.2, 20, 60)"
S3_units,Bearing3_2,16,16,0.0,PRONOSTIA,"(0.2, 20, 60)"
S3_units,Bearing3_2,16,16,0.0,PRONOSTIA,"(0.2, 20, 60)"
S3_units,Bearing3_2,16,16,0.11666666666666667,PRONOSTIA,"(0.2, 20, 60)"
S3_units,Bearing3_2,16,16,0.0,PRONOSTIA,"(0.2, 20, 60)"
S3_units,Bearing3_2,16,16,0.0,PRONOSTIA,"(0.2, 20, 60)"
S3_units,Bearing3_2,16,16,0.0,PRONOSTIA,"(0.2, 20, 60)"
S3_units,Bearing3_2,16,16,0.0,PRONOSTIA,"(0.2, 20, 60)"
S3_units,Bearing3_2,16,16,0.0,PRONOSTIA,"(0.2, 20, 60)"
S3_units,Bearing3_2,16,16,0.0,PRONOSTIA,"(0.2, 20, 60)"
S3_units,Bearing3_2,16,16,0.0,PRONOSTIA,"(0.2, 20, 60)"
S3_units,Bearing3_2,16,16,0.0,PRONOSTIA,"(0.2, 20, 60)"
S3_units,Bearing3_2,16,16,0.0,PRONOSTIA,"(0.2, 20, 60)"
S3_units,Bearing3_2,16,16,0.0,PRONOSTIA,"(0.2, 20, 60)"
S3_units,Bearing3_2,16,16,0.0,PRONOSTIA,"(0.2, 20, 60)"
S3_units,Bearing3_2,16,16,0.0,PRONOSTIA,"(0.2, 20, 60)"
S3_units,Bearing3_2,16,16,0.0,PRONOSTIA,"(0.2, 20, 60)"
S3_units,Bearing3_2,16,16,0.0,PRONOSTIA,"(0.2, 20, 60)"
S3_units,Bearing3_2,16,16,0.0,PRONOSTIA,"(0.2, 20, 60)"
S3_units,Bearing3_2,16,16,0.0,PRONOSTIA,"(0.2, 20, 60)"
S3_units,Bearing3_2,16,16,0.0,PRONOSTIA,"(0.2, 20, 60)"
S3_units,Bearing3_2,16,16,0.0,PRONOSTIA,"(0.2, 20, 60)"
S3_units,Bearing3_2,16,16,0.0,PRONOSTIA,"(0.2, 20, 60)"
S3_units,Bearing3_2,16,16,0.016666666666666666,PRONOSTIA,"(0.2, 20, 60)"
S3_units,Bearing3_3,20,1,0.0,PRONOSTIA,"(0.2, 20, 60)"
S3_units,Bearing3_3,20,1,0.0,PRONOSTIA,"(0.2, 20, 60)"
S3_units,Bearing3_3,20,1,0.0,PRONOSTIA,"(0.2, 20, 60)"
S3_units,Bearing3_3,20,1,0.0,PRONOSTIA,"(0.2, 20, 60)"
S3_units,Bearing3_3,20,1,0.0,PRONOSTIA,"(0.2, 20, 60)"
S3_units,Bearing3_3,20,1,0.48333333333333334,PRONOSTIA,"(0.2, 20, 60)"
S3_units,Bearing3_3,20,1,0.0,PRONOSTIA,"(0.2, 20, 60)"
S3_units,Bearing3_3,20,1,0.06666666666666667,PRONOSTIA,"(0.2, 20, 60)"
S3_units,Bearing3_3,20,1,0.21666666666666667,PRONOSTIA,"(0.2, 20, 60)"
S3_units,Bearing3_3,20,1,0.0,PRONOSTIA,"(0.2, 20, 60)"
S3_units,Bearing3_3,20,1,0.4,PRONOSTIA,"(0.2, 20, 60)"
S3_units,Bearing3_3,20,1,0.0,PRONOSTIA,"(0.2, 20, 60)"
S3_units,Bearing3_3,20,1,0.0,PRONOSTIA,"(0.2, 20, 60)"
S3_units,Bearing3_3,20,1,0.0,PRONOSTIA,"(0.2, 20, 60)"
S3_units,Bearing3_3,20,1,0.5833333333333334,PRONOSTIA,"(0.2, 20, 60)"
S3_units,Bearing3_3,20,1,0.0,PRONOSTIA,"(0.2, 20, 60)"
S3_units,Bearing3_3,20,1,0.08333333333333333,PRONOSTIA,"(0.2, 20, 60)"
S3_units,Bearing3_3,20,1,0.1,PRONOSTIA,"(0.2, 20, 60)"
S3_units,Bearing3_3,20,1,0.0,PRONOSTIA,"(0.2, 20, 60)"
S3_units,Bearing3_3,20,1,0.08333333333333333,PRONOSTIA,"(0.2, 20, 60)"
S3_units,Bearing3_3,20,1,0.0,PRONOSTIA,"(0.2, 20, 60)"
S3_units,Bearing3_3,20,1,0.18333333333333332,PRONOSTIA,"(0.2, 20, 60)"
S3_units,Bearing3_3,20,1,0.23333333333333334,PRONOSTIA,"(0.2, 20, 60)"
S3_units,Bearing3_3,20,1,0.0,PRONOSTIA,"(0.2, 20, 60)"
S3_units,Bearing3_3,20,1,0.0,PRONOSTIA,"(0.2, 20, 60)"
S3_units,Bearing3_3,20,1,0.35,PRONOSTIA,"(0.2, 20, 60)"
S3_units,Bearing3_3,20,1,0.43333333333333335,PRONOSTIA,"(0.2, 20, 60)"
S3_units,Bearing3_3,20,1,0.2833333333333333,PRONOSTIA,"(0.2, 20, 60)"
S3_units,Bearing3_3,20,1,0.08333333333333333,PRONOSTIA,"(0.2, 20, 60)"
S3_units,Bearing3_3,20,1,0.23333333333333334,PRONOSTIA,"(0.2, 20, 60)"
S3_units,Bearing3_3,16,16,0.016666666666666666,PRONOSTIA,"(0.2, 20, 60)"
S3_units,Bearing3_3,16,16,0.0,PRONOSTIA,"(0.2, 20, 60)"
S3_units,Bearing3_3,16,16,0.0,PRONOSTIA,"(0.2, 20, 60)"
S3_units,Bearing3_3,16,16,0.0,PRONOSTIA,"(0.2, 20, 60)"
S3_units,Bearing3_3,16,16,0.03333333333333333,PRONOSTIA,"(0.2, 20, 60)"
S3_units,Bearing3_3,16,16,0.0,PRONOSTIA,"(0.2, 20, 60)"
S3_units,Bearing3_3,16,16,0.25,PRONOSTIA,"(0.2, 20, 60)"
S3_units,Bearing3_3,16,16,0.0,PRONOSTIA,"(0.2, 20, 60)"
S3_units,Bearing3_3,16,16,0.0,PRONOSTIA,"(0.2, 20, 60)"
S3_units,Bearing3_3,16,16,0.0,PRONOSTIA,"(0.2, 20, 60)"
S3_units,Bearing3_3,16,16,0.1,PRONOSTIA,"(0.2, 20, 60)"
S3_units,Bearing3_3,16,16,0.0,PRONOSTIA,"(0.2, 20, 60)"
S3_units,Bearing3_3,16,16,0.06666666666666667,PRONOSTIA,"(0.2, 20, 60)"
S3_units,Bearing3_3,16,16,0.0,PRONOSTIA,"(0.2, 20, 60)"
S3_units,Bearing3_3,16,16,0.016666666666666666,PRONOSTIA,"(0.2, 20, 60)"
S3_units,Bearing3_3,16,16,0.0,PRONOSTIA,"(0.2, 20, 60)"
S3_units,Bearing3_3,16,16,0.06666666666666667,PRONOSTIA,"(0.2, 20, 60)"
S3_units,Bearing3_3,16,16,0.0,PRONOSTIA,"(0.2, 20, 60)"
S3_units,Bearing3_3,16,16,0.0,PRONOSTIA,"(0.2, 20, 60)"
S3_units,Bearing3_3,16,16,0.0,PRONOSTIA,"(0.2, 20, 60)"
S3_units,Bearing3_3,16,16,0.0,PRONOSTIA,"(0.2, 20, 60)"
S3_units,Bearing3_3,16,16,0.0,PRONOSTIA,"(0.2, 20, 60)"
S3_units,Bearing3_3,16,16,0.016666666666666666,PRONOSTIA,"(0.2, 20, 60)"
S3_units,Bearing3_3,16,16,0.0,PRONOSTIA,"(0.2, 20, 60)"
S3_units,Bearing3_3,16,16,0.1,PRONOSTIA,"(0.2, 20, 60)"
S3_units,Bearing3_3,16,16,0.0,PRONOSTIA,"(0.2, 20, 60)"
S3_units,Bearing3_3,16,16,0.0,PRONOSTIA,"(0.2, 20, 60)"
S3_units,Bearing3_3,16,16,0.0,PRONOSTIA,"(0.2, 20, 60)"
S3_units,Bearing3_3,16,16,0.0,PRONOSTIA,"(0.2, 20, 60)"
S3_units,Bearing3_3,16,16,0.0,PRONOSTIA,"(0.2, 20, 60)"
S3_units,Bearing1_1,20,1,0.9583333333333334,XJTU-SY,"(0.2, 20, 60)"
S3_units,Bearing1_1,20,1,0.0,XJTU-SY,"(0.2, 20, 60)"
S3_units,Bearing1_1,20,1,1.0,XJTU-SY,"(0.2, 20, 60)"
S3_units,Bearing1_1,20,1,0.7083333333333334,XJTU-SY,"(0.2, 20, 60)"
S3_units,Bearing1_1,20,1,0.5,XJTU-SY,"(0.2, 20, 60)"
S3_units,Bearing1_1,20,1,0.041666666666666664,XJTU-SY,"(0.2, 20, 60)"
S3_units,Bearing1_1,20,1,0.7916666666666666,XJTU-SY,"(0.2, 20, 60)"
S3_units,Bearing1_1,20,1,0.9583333333333334,XJTU-SY,"(0.2, 20, 60)"
S3_units,Bearing1_1,20,1,1.0,XJTU-SY,"(0.2, 20, 60)"
S3_units,Bearing1_1,20,1,0.9583333333333334,XJTU-SY,"(0.2, 20, 60)"
S3_units,Bearing1_1,20,1,0.75,XJTU-SY,"(0.2, 20, 60)"
S3_units,Bearing1_1,20,1,0.16666666666666666,XJTU-SY,"(0.2, 20, 60)"
S3_units,Bearing1_1,20,1,0.0,XJTU-SY,"(0.2, 20, 60)"
S3_units,Bearing1_1,20,1,0.16666666666666666,XJTU-SY,"(0.2, 20, 60)"
S3_units,Bearing1_1,20,1,0.0,XJTU-SY,"(0.2, 20, 60)"
S3_units,Bearing1_1,20,1,0.9583333333333334,XJTU-SY,"(0.2, 20, 60)"
S3_units,Bearing1_1,20,1,0.9583333333333334,XJTU-SY,"(0.2, 20, 60)"
S3_units,Bearing1_1,20,1,0.625,XJTU-SY,"(0.2, 20, 60)"
S3_units,Bearing1_1,20,1,0.8333333333333334,XJTU-SY,"(0.2, 20, 60)"
S3_units,Bearing1_1,20,1,0.625,XJTU-SY,"(0.2, 20, 60)"
S3_units,Bearing1_1,20,1,0.625,XJTU-SY,"(0.2, 20, 60)"
S3_units,Bearing1_1,20,1,0.0,XJTU-SY,"(0.2, 20, 60)"
S3_units,Bearing1_1,20,1,1.0,XJTU-SY,"(0.2, 20, 60)"
S3_units,Bearing1_1,20,1,0.5416666666666666,XJTU-SY,"(0.2, 20, 60)"
S3_units,Bearing1_1,20,1,0.9583333333333334,XJTU-SY,"(0.2, 20, 60)"
S3_units,Bearing1_1,20,1,0.9583333333333334,XJTU-SY,"(0.2, 20, 60)"
S3_units,Bearing1_1,20,1,0.8333333333333334,XJTU-SY,"(0.2, 20, 60)"
S3_units,Bearing1_1,20,1,1.0,XJTU-SY,"(0.2, 20, 60)"
S3_units,Bearing1_1,20,1,0.7083333333333334,XJTU-SY,"(0.2, 20, 60)"
S3_units,Bearing1_1,20,1,0.625,XJTU-SY,"(0.2, 20, 60)"
S3_units,Bearing1_1,12,12,0.75,XJTU-SY,"(0.2, 20, 60)"
S3_units,Bearing1_1,12,12,0.5416666666666666,XJTU-SY,"(0.2, 20, 60)"
S3_units,Bearing1_1,12,12,0.625,XJTU-SY,"(0.2, 20, 60)"
S3_units,Bearing1_1,12,12,0.5416666666666666,XJTU-SY,"(0.2, 20, 60)"
S3_units,Bearing1_1,12,12,0.6666666666666666,XJTU-SY,"(0.2, 20, 60)"
S3_units,Bearing1_1,12,12,0.5416666666666666,XJTU-SY,"(0.2, 20, 60)"
S3_units,Bearing1_1,12,12,0.5833333333333334,XJTU-SY,"(0.2, 20, 60)"
S3_units,Bearing1_1,12,12,0.5416666666666666,XJTU-SY,"(0.2, 20, 60)"
S3_units,Bearing1_1,12,12,0.625,XJTU-SY,"(0.2, 20, 60)"
S3_units,Bearing1_1,12,12,0.625,XJTU-SY,"(0.2, 20, 60)"
S3_units,Bearing1_1,12,12,0.5416666666666666,XJTU-SY,"(0.2, 20, 60)"
S3_units,Bearing1_1,12,12,0.625,XJTU-SY,"(0.2, 20, 60)"
S3_units,Bearing1_1,12,12,0.7083333333333334,XJTU-SY,"(0.2, 20, 60)"
S3_units,Bearing1_1,12,12,0.5416666666666666,XJTU-SY,"(0.2, 20, 60)"
S3_units,Bearing1_1,12,12,0.625,XJTU-SY,"(0.2, 20, 60)"
S3_units,Bearing1_1,12,12,0.5416666666666666,XJTU-SY,"(0.2, 20, 60)"
S3_units,Bearing1_1,12,12,0.5416666666666666,XJTU-SY,"(0.2, 20, 60)"
S3_units,Bearing1_1,12,12,0.5416666666666666,XJTU-SY,"(0.2, 20, 60)"
S3_units,Bearing1_1,12,12,0.625,XJTU-SY,"(0.2, 20, 60)"
S3_units,Bearing1_1,12,12,0.5833333333333334,XJTU-SY,"(0.2, 20, 60)"
S3_units,Bearing1_1,12,12,0.0,XJTU-SY,"(0.2, 20, 60)"
S3_units,Bearing1_1,12,12,0.5833333333333334,XJTU-SY,"(0.2, 20, 60)"
S3_units,Bearing1_1,12,12,0.7083333333333334,XJTU-SY,"(0.2, 20, 60)"
S3_units,Bearing1_1,12,12,0.7083333333333334,XJTU-SY,"(0.2, 20, 60)"
S3_units,Bearing1_1,12,12,0.0,XJTU-SY,"(0.2, 20, 60)"
S3_units,Bearing1_1,12,12,0.5,XJTU-SY,"(0.2, 20, 60)"
S3_units,Bearing1_1,12,12,0.7083333333333334,XJTU-SY,"(0.2, 20, 60)"
S3_units,Bearing1_1,12,12,0.5833333333333334,XJTU-SY,"(0.2, 20, 60)"
S3_units,Bearing1_1,12,12,0.5833333333333334,XJTU-SY,"(0.2, 20, 60)"
S3_units,Bearing1_1,12,12,0.625,XJTU-SY,"(0.2, 20, 60)"
S3_units,Bearing1_2,20,1,1.0,XJTU-SY,"(0.2, 20, 60)"
S3_units,Bearing1_2,20,1,0.0,XJTU-SY,"(0.2, 20, 60)"
S3_units,Bearing1_2,20,1,0.96875,XJTU-SY,"(0.2, 20, 60)"
S3_units,Bearing1_2,20,1,0.1875,XJTU-SY,"(0.2, 20, 60)"
S3_units,Bearing1_2,20,1,1.0,XJTU-SY,"(0.2, 20, 60)"
S3_units,Bearing1_2,20,1,0.25,XJTU-SY,"(0.2, 20, 60)"
S3_units,Bearing1_2,20,1,1.0,XJTU-SY,"(0.2, 20, 60)"
S3_units,Bearing1_2,20,1,0.0,XJTU-SY,"(0.2, 20, 60)"
S3_units,Bearing1_2,20,1,0.0,XJTU-SY,"(0.2, 20, 60)"
S3_units,Bearing1_2,20,1,0.9375,XJTU-SY,"(0.2, 20, 60)"
S3_units,Bearing1_2,20,1,1.0,XJTU-SY,"(0.2, 20, 60)"
S3_units,Bearing1_2,20,1,1.0,XJTU-SY,"(0.2, 20, 60)"
S3_units,Bearing1_2,20,1,0.0,XJTU-SY,"(0.2, 20, 60)"
S3_units,Bearing1_2,20,1,0.0,XJTU-SY,"(0.2, 20, 60)"
S3_units,Bearing1_2,20,1,1.0,XJTU-SY,"(0.2, 20, 60)"
S3_units,Bearing1_2,20,1,0.96875,XJTU-SY,"(0.2, 20, 60)"
S3_units,Bearing1_2,20,1,0.0,XJTU-SY,"(0.2, 20, 60)"
S3_units,Bearing1_2,20,1,0.0,XJTU-SY,"(0.2, 20, 60)"
S3_units,Bearing1_2,20,1,1.0,XJTU-SY,"(0.2, 20, 60)"
S3_units,Bearing1_2,20,1,1.0,XJTU-SY,"(0.2, 20, 60)"
S3_units,Bearing1_2,20,1,0.96875,XJTU-SY,"(0.2, 20, 60)"
S3_units,Bearing1_2,20,1,1.0,XJTU-SY,"(0.2, 20, 60)"
S3_units,Bearing1_2,20,1,0.0,XJTU-SY,"(0.2, 20, 60)"
S3_units,Bearing1_2,20,1,0.21875,XJTU-SY,"(0.2, 20, 60)"
S3_units,Bearing1_2,20,1,1.0,XJTU-SY,"(0.2, 20, 60)"
S3_units,Bearing1_2,20,1,0.03125,XJTU-SY,"(0.2, 20, 60)"
S3_units,Bearing1_2,20,1,1.0,XJTU-SY,"(0.2, 20, 60)"
S3_units,Bearing1_2,20,1,1.0,XJTU-SY,"(0.2, 20, 60)"
S3_units,Bearing1_2,20,1,1.0,XJTU-SY,"(0.2, 20, 60)"
S3_units,Bearing1_2,20,1,0.375,XJTU-SY,"(0.2, 20, 60)"
S3_units,Bearing1_2,12,12,0.0,XJTU-SY,"(0.2, 20, 60)"
S3_units,Bearing1_2,12,12,0.0,XJTU-SY,"(0.2, 20, 60)"
S3_units,Bearing1_2,12,12,0.0,XJTU-SY,"(0.2, 20, 60)"
S3_units,Bearing1_2,12,12,0.0,XJTU-SY,"(0.2, 20, 60)"
S3_units,Bearing1_2,12,12,0.0,XJTU-SY,"(0.2, 20, 60)"
S3_units,Bearing1_2,12,12,0.0,XJTU-SY,"(0.2, 20, 60)"
S3_units,Bearing1_2,12,12,0.0,XJTU-SY,"(0.2, 20, 60)"
S3_units,Bearing1_2,12,12,0.0,XJTU-SY,"(0.2, 20, 60)"
S3_units,Bearing1_2,12,12,0.0,XJTU-SY,"(0.2, 20, 60)"
S3_units,Bearing1_2,12,12,0.0,XJTU-SY,"(0.2, 20, 60)"
S3_units,Bearing1_2,12,12,0.0,XJTU-SY,"(0.2, 20, 60)"
S3_units,Bearing1_2,12,12,0.0,XJTU-SY,"(0.2, 20, 60)"
S3_units,Bearing1_2,12,12,0.0,XJTU-SY,"(0.2, 20, 60)"
S3_units,Bearing1_2,12,12,0.0,XJTU-SY,"(0.2, 20, 60)"
S3_units,Bearing1_2,12,12,0.0,XJTU-SY,"(0.2, 20, 60)"
S3_units,Bearing1_2,12,12,0.0,XJTU-SY,"(0.2, 20, 60)"
S3_units,Bearing1_2,12,12,0.0,XJTU-SY,"(0.2, 20, 60)"
S3_units,Bearing1_2,12,12,0.0,XJTU-SY,"(0.2, 20, 60)"
S3_units,Bearing1_2,12,12,0.0,XJTU-SY,"(0.2, 20, 60)"
S3_units,Bearing1_2,12,12,0.0,XJTU-SY,"(0.2, 20, 60)"
S3_units,Bearing1_2,12,12,0.0,XJTU-SY,"(0.2, 20, 60)"
S3_units,Bearing1_2,12,12,0.0,XJTU-SY,"(0.2, 20, 60)"
S3_units,Bearing1_2,12,12,0.0,XJTU-SY,"(0.2, 20, 60)"
S3_units,Bearing1_2,12,12,0.0,XJTU-SY,"(0.2, 20, 60)"
S3_units,Bearing1_2,12,12,0.0,XJTU-SY,"(0.2, 20, 60)"
S3_units,Bearing1_2,12,12,0.0,XJTU-SY,"(0.2, 20, 60)"
S3_units,Bearing1_2,12,12,0.0,XJTU-SY,"(0.2, 20, 60)"
S3_units,Bearing1_2,12,12,0.0,XJTU-SY,"(0.2, 20, 60)"
S3_units,Bearing1_2,12,12,0.0,XJTU-SY,"(0.2, 20, 60)"
S3_units,Bearing1_2,12,12,0.0625,XJTU-SY,"(0.2, 20, 60)"
S3_units,Bearing1_3,20,1,0.0,XJTU-SY,"(0.2, 20, 60)"
S3_units,Bearing1_3,20,1,0.7741935483870968,XJTU-SY,"(0.2, 20, 60)"
S3_units,Bearing1_3,20,1,0.3870967741935484,XJTU-SY,"(0.2, 20, 60)"
S3_units,Bearing1_3,20,1,1.0,XJTU-SY,"(0.2, 20, 60)"
S3_units,Bearing1_3,20,1,0.0,XJTU-SY,"(0.2, 20, 60)"
S3_units,Bearing1_3,20,1,0.0,XJTU-SY,"(0.2, 20, 60)"
S3_units,Bearing1_3,20,1,0.0,XJTU-SY,"(0.2, 20, 60)"
S3_units,Bearing1_3,20,1,0.0,XJTU-SY,"(0.2, 20, 60)"
S3_units,Bearing1_3,20,1,1.0,XJTU-SY,"(0.2, 20, 60)"
S3_units,Bearing1_3,20,1,1.0,XJTU-SY,"(0.2, 20, 60)"
S3_units,Bearing1_3,20,1,0.2903225806451613,XJTU-SY,"(0.2, 20, 60)"
S3_units,Bearing1_3,20,1,0.16129032258064516,XJTU-SY,"(0.2, 20, 60)"
S3_units,Bearing1_3,20,1,0.0,XJTU-SY,"(0.2, 20, 60)"
S3_units,Bearing1_3,20,1,0.0,XJTU-SY,"(0.2, 20, 60)"
S3_units,Bearing1_3,20,1,0.0,XJTU-SY,"(0.2, 20, 60)"
S3_units,Bearing1_3,20,1,0.0,XJTU-SY,"(0.2, 20, 60)"
S3_units,Bearing1_3,20,1,0.0,XJTU-SY,"(0.2, 20, 60)"
S3_units,Bearing1_3,20,1,0.0,XJTU-SY,"(0.2, 20, 60)"
S3_units,Bearing1_3,20,1,0.0,XJTU-SY,"(0.2, 20, 60)"
S3_units,Bearing1_3,20,1,0.0,XJTU-SY,"(0.2, 20, 60)"
S3_units,Bearing1_3,20,1,0.3548387096774194,XJTU-SY,"(0.2, 20, 60)"
S3_units,Bearing1_3,20,1,0.0,XJTU-SY,"(0.2, 20, 60)"
S3_units,Bearing1_3,20,1,0.8709677419354839,XJTU-SY,"(0.2, 20, 60)"
S3_units,Bearing1_3,20,1,0.0,XJTU-SY,"(0.2, 20, 60)"
S3_units,Bearing1_3,20,1,0.0,XJTU-SY,"(0.2, 20, 60)"
S3_units,Bearing1_3,20,1,1.0,XJTU-SY,"(0.2, 20, 60)"
S3_units,Bearing1_3,20,1,1.0,XJTU-SY,"(0.2, 20, 60)"
S3_units,Bearing1_3,20,1,0.9354838709677419,XJTU-SY,"(0.2, 20, 60)"
S3_units,Bearing1_3,20,1,0.3870967741935484,XJTU-SY,"(0.2, 20, 60)"
S3_units,Bearing1_3,20,1,0.0967741935483871,XJTU-SY,"(0.2, 20, 60)"
S3_units,Bearing1_3,12,12,0.0,XJTU-SY,"(0.2, 20, 60)"
S3_units,Bearing1_3,12,12,0.0,XJTU-SY,"(0.2, 20, 60)"
S3_units,Bearing1_3,12,12,0.0,XJTU-SY,"(0.2, 20, 60)"
S3_units,Bearing1_3,12,12,0.0,XJTU-SY,"(0.2, 20, 60)"
S3_units,Bearing1_3,12,12,0.0,XJTU-SY,"(0.2, 20, 60)"
S3_units,Bearing1_3,12,12,0.0,XJTU-SY,"(0.2, 20, 60)"
S3_units,Bearing1_3,12,12,0.0,XJTU-SY,"(0.2, 20, 60)"
S3_units,Bearing1_3,12,12,0.0,XJTU-SY,"(0.2, 20, 60)"
S3_units,Bearing1_3,12,12,0.0,XJTU-SY,"(0.2, 20, 60)"
S3_units,Bearing1_3,12,12,0.0,XJTU-SY,"(0.2, 20, 60)"
S3_units,Bearing1_3,12,12,0.0,XJTU-SY,"(0.2, 20, 60)"
S3_units,Bearing1_3,12,12,0.0,XJTU-SY,"(0.2, 20, 60)"
S3_units,Bearing1_3,12,12,0.0,XJTU-SY,"(0.2, 20, 60)"
S3_units,Bearing1_3,12,12,0.0,XJTU-SY,"(0.2, 20, 60)"
S3_units,Bearing1_3,12,12,0.0,XJTU-SY,"(0.2, 20, 60)"
S3_units,Bearing1_3,12,12,0.0,XJTU-SY,"(0.2, 20, 60)"
S3_units,Bearing1_3,12,12,0.0,XJTU-SY,"(0.2, 20, 60)"
S3_units,Bearing1_3,12,12,0.0,XJTU-SY,"(0.2, 20, 60)"
S3_units,Bearing1_3,12,12,0.0,XJTU-SY,"(0.2, 20, 60)"
S3_units,Bearing1_3,12,12,0.0,XJTU-SY,"(0.2, 20, 60)"
S3_units,Bearing1_3,12,12,0.0,XJTU-SY,"(0.2, 20, 60)"
S3_units,Bearing1_3,12,12,0.0,XJTU-SY,"(0.2, 20, 60)"
S3_units,Bearing1_3,12,12,0.0,XJTU-SY,"(0.2, 20, 60)"
S3_units,Bearing1_3,12,12,0.0,XJTU-SY,"(0.2, 20, 60)"
S3_units,Bearing1_3,12,12,0.0,XJTU-SY,"(0.2, 20, 60)"
S3_units,Bearing1_3,12,12,0.0,XJTU-SY,"(0.2, 20, 60)"
S3_units,Bearing1_3,12,12,0.0,XJTU-SY,"(0.2, 20, 60)"
S3_units,Bearing1_3,12,12,0.0,XJTU-SY,"(0.2, 20, 60)"
S3_units,Bearing1_3,12,12,0.0,XJTU-SY,"(0.2, 20, 60)"
S3_units,Bearing1_3,12,12,0.0,XJTU-SY,"(0.2, 20, 60)"
S3_units,Bearing1_4,20,1,0.0,XJTU-SY,"(0.2, 20, 60)"
S3_units,Bearing1_4,20,1,0.5416666666666666,XJTU-SY,"(0.2, 20, 60)"
S3_units,Bearing1_4,20,1,1.0,XJTU-SY,"(0.2, 20, 60)"
S3_units,Bearing1_4,20,1,0.16666666666666666,XJTU-SY,"(0.2, 20, 60)"
S3_units,Bearing1_4,20,1,0.0,XJTU-SY,"(0.2, 20, 60)"
S3_units,Bearing1_4,20,1,0.0,XJTU-SY,"(0.2, 20, 60)"
S3_units,Bearing1_4,20,1,0.0,XJTU-SY,"(0.2, 20, 60)"
S3_units,Bearing1_4,20,1,0.0,XJTU-SY,"(0.2, 20, 60)"
S3_units,Bearing1_4,20,1,0.25,XJTU-SY,"(0.2, 20, 60)"
S3_units,Bearing1_4,20,1,0.25,XJTU-SY,"(0.2, 20, 60)"
S3_units,Bearing1_4,20,1,0.4166666666666667,XJTU-SY,"(0.2, 20, 60)"
S3_units,Bearing1_4,20,1,0.08333333333333333,XJTU-SY,"(0.2, 20, 60)"
S3_units,Bearing1_4,20,1,0.08333333333333333,XJTU-SY,"(0.2, 20, 60)"
S3_units,Bearing1_4,20,1,0.08333333333333333,XJTU-SY,"(0.2, 20, 60)"
S3_units,Bearing1_4,20,1,0.16666666666666666,XJTU-SY,"(0.2, 20, 60)"
S3_units,Bearing1_4,20,1,0.041666666666666664,XJTU-SY,"(0.2, 20, 60)"
S3_units,Bearing1_4,20,1,1.0,XJTU-SY,"(0.2, 20, 60)"
S3_units,Bearing1_4,20,1,0.0,XJTU-SY,"(0.2, 20, 60)"
S3_units,Bearing1_4,20,1,0.08333333333333333,XJTU-SY,"(0.2, 20, 60)"
S3_units,Bearing1_4,20,1,0.0,XJTU-SY,"(0.2, 20, 60)"
S3_units,Bearing1_4,20,1,0.0,XJTU-SY,"(0.2, 20, 60)"
S3_units,Bearing1_4,20,1,1.0,XJTU-SY,"(0.2, 20, 60)"
S3_units,Bearing1_4,20,1,0.0,XJTU-SY,"(0.2, 20, 60)"
S3_units,Bearing1_4,20,1,0.125,XJTU-SY,"(0.2, 20, 60)"
S3_units,Bearing1_4,20,1,0.6666666666666666,XJTU-SY,"(0.2, 20, 60)"
S3_units,Bearing1_4,20,1,1.0,XJTU-SY,"(0.2, 20, 60)"
S3_units,Bearing1_4,20,1,0.0,XJTU-SY,"(0.2, 20, 60)"
S3_units,Bearing1_4,20,1,0.0,XJTU-SY,"(0.2, 20, 60)"
S3_units,Bearing1_4,20,1,0.0,XJTU-SY,"(0.2, 20, 60)"
S3_units,Bearing1_4,20,1,0.0,XJTU-SY,"(0.2, 20, 60)"
S3_units,Bearing1_4,12,12,0.0,XJTU-SY,"(0.2, 20, 60)"
S3_units,Bearing1_4,12,12,0.0,XJTU-SY,"(0.2, 20, 60)"
S3_units,Bearing1_4,12,12,0.0,XJTU-SY,"(0.2, 20, 60)"
S3_units,Bearing1_4,12,12,0.0,XJTU-SY,"(0.2, 20, 60)"
S3_units,Bearing1_4,12,12,0.0,XJTU-SY,"(0.2, 20, 60)"
S3_units,Bearing1_4,12,12,0.0,XJTU-SY,"(0.2, 20, 60)"
S3_units,Bearing1_4,12,12,0.0,XJTU-SY,"(0.2, 20, 60)"
S3_units,Bearing1_4,12,12,0.0,XJTU-SY,"(0.2, 20, 60)"
S3_units,Bearing1_4,12,12,0.0,XJTU-SY,"(0.2, 20, 60)"
S3_units,Bearing1_4,12,12,0.0,XJTU-SY,"(0.2, 20, 60)"
S3_units,Bearing1_4,12,12,0.0,XJTU-SY,"(0.2, 20, 60)"
S3_units,Bearing1_4,12,12,0.0,XJTU-SY,"(0.2, 20, 60)"
S3_units,Bearing1_4,12,12,0.0,XJTU-SY,"(0.2, 20, 60)"
S3_units,Bearing1_4,12,12,0.0,XJTU-SY,"(0.2, 20, 60)"
S3_units,Bearing1_4,12,12,0.0,XJTU-SY,"(0.2, 20, 60)"
S3_units,Bearing1_4,12,12,0.0,XJTU-SY,"(0.2, 20, 60)"
S3_units,Bearing1_4,12,12,0.0,XJTU-SY,"(0.2, 20, 60)"
S3_units,Bearing1_4,12,12,0.0,XJTU-SY,"(0.2, 20, 60)"
S3_units,Bearing1_4,12,12,0.0,XJTU-SY,"(0.2, 20, 60)"
S3_units,Bearing1_4,12,12,0.0,XJTU-SY,"(0.2, 20, 60)"
S3_units,Bearing1_4,12,12,0.0,XJTU-SY,"(0.2, 20, 60)"
S3_units,Bearing1_4,12,12,0.0,XJTU-SY,"(0.2, 20, 60)"
S3_units,Bearing1_4,12,12,0.0,XJTU-SY,"(0.2, 20, 60)"
S3_units,Bearing1_4,12,12,0.0,XJTU-SY,"(0.2, 20, 60)"
S3_units,Bearing1_4,12,12,0.0,XJTU-SY,"(0.2, 20, 60)"
S3_units,Bearing1_4,12,12,0.0,XJTU-SY,"(0.2, 20, 60)"
S3_units,Bearing1_4,12,12,0.0,XJTU-SY,"(0.2, 20, 60)"
S3_units,Bearing1_4,12,12,0.0,XJTU-SY,"(0.2, 20, 60)"
S3_units,Bearing1_4,12,12,0.0,XJTU-SY,"(0.2, 20, 60)"
S3_units,Bearing1_4,12,12,0.0,XJTU-SY,"(0.2, 20, 60)"
S3_units,Bearing2_1,20,1,0.8666666666666667,XJTU-SY,"(0.2, 20, 60)"
S3_units,Bearing2_1,20,1,0.0,XJTU-SY,"(0.2, 20, 60)"
S3_units,Bearing2_1,20,1,0.03333333333333333,XJTU-SY,"(0.2, 20, 60)"
S3_units,Bearing2_1,20,1,0.0,XJTU-SY,"(0.2, 20, 60)"
S3_units,Bearing2_1,20,1,0.08333333333333333,XJTU-SY,"(0.2, 20, 60)"
S3_units,Bearing2_1,20,1,0.0,XJTU-SY,"(0.2, 20, 60)"
S3_units,Bearing2_1,20,1,0.0,XJTU-SY,"(0.2, 20, 60)"
S3_units,Bearing2_1,20,1,0.0,XJTU-SY,"(0.2, 20, 60)"
S3_units,Bearing2_1,20,1,0.0,XJTU-SY,"(0.2, 20, 60)"
S3_units,Bearing2_1,20,1,0.5,XJTU-SY,"(0.2, 20, 60)"
S3_units,Bearing2_1,20,1,0.03333333333333333,XJTU-SY,"(0.2, 20, 60)"
S3_units,Bearing2_1,20,1,0.0,XJTU-SY,"(0.2, 20, 60)"
S3_units,Bearing2_1,20,1,0.03333333333333333,XJTU-SY,"(0.2, 20, 60)"
S3_units,Bearing2_1,20,1,0.7333333333333333,XJTU-SY,"(0.2, 20, 60)"
S3_units,Bearing2_1,20,1,0.85,XJTU-SY,"(0.2, 20, 60)"
S3_units,Bearing2_1,20,1,0.05,XJTU-SY,"(0.2, 20, 60)"
S3_units,Bearing2_1,20,1,0.0,XJTU-SY,"(0.2, 20, 60)"
S3_units,Bearing2_1,20,1,0.9833333333333333,XJTU-SY,"(0.2, 20, 60)"
S3_units,Bearing2_1,20,1,0.9,XJTU-SY,"(0.2, 20, 60)"
S3_units,Bearing2_1,20,1,0.0,XJTU-SY,"(0.2, 20, 60)"
S3_units,Bearing2_1,20,1,0.9166666666666666,XJTU-SY,"(0.2, 20, 60)"
S3_units,Bearing2_1,20,1,0.0,XJTU-SY,"(0.2, 20, 60)"
S3_units,Bearing2_1,20,1,0.36666666666666664,XJTU-SY,"(0.2, 20, 60)"
S3_units,Bearing2_1,20,1,0.0,XJTU-SY,"(0.2, 20, 60)"
S3_units,Bearing2_1,20,1,1.0,XJTU-SY,"(0.2, 20, 60)"
S3_units,Bearing2_1,20,1,0.6,XJTU-SY,"(0.2, 20, 60)"
S3_units,Bearing2_1,20,1,0.0,XJTU-SY,"(0.2, 20, 60)"
S3_units,Bearing2_1,20,1,0.0,XJTU-SY,"(0.2, 20, 60)"
S3_units,Bearing2_1,20,1,1.0,XJTU-SY,"(0.2, 20, 60)"
S3_units,Bearing2_1,20,1,0.9,XJTU-SY,"(0.2, 20, 60)"
S3_units,Bearing2_1,12,12,0.0,XJTU-SY,"(0.2, 20, 60)"
S3_units,Bearing2_1,12,12,0.0,XJTU-SY,"(0.2, 20, 60)"
S3_units,Bearing2_1,12,12,0.0,XJTU-SY,"(0.2, 20, 60)"
S3_units,Bearing2_1,12,12,0.0,XJTU-SY,"(0.2, 20, 60)"
S3_units,Bearing2_1,12,12,0.0,XJTU-SY,"(0.2, 20, 60)"
S3_units,Bearing2_1,12,12,0.0,XJTU-SY,"(0.2, 20, 60)"
S3_units,Bearing2_1,12,12,0.0,XJTU-SY,"(0.2, 20, 60)"
S3_units,Bearing2_1,12,12,0.0,XJTU-SY,"(0.2, 20, 60)"
S3_units,Bearing2_1,12,12,0.0,XJTU-SY,"(0.2, 20, 60)"
S3_units,Bearing2_1,12,12,0.0,XJTU-SY,"(0.2, 20, 60)"
S3_units,Bearing2_1,12,12,0.0,XJTU-SY,"(0.2, 20, 60)"
S3_units,Bearing2_1,12,12,0.0,XJTU-SY,"(0.2, 20, 60)"
S3_units,Bearing2_1,12,12,0.0,XJTU-SY,"(0.2, 20, 60)"
S3_units,Bearing2_1,12,12,0.0,XJTU-SY,"(0.2, 20, 60)"
S3_units,Bearing2_1,12,12,0.0,XJTU-SY,"(0.2, 20, 60)"
S3_units,Bearing2_1,12,12,0.0,XJTU-SY,"(0.2, 20, 60)"
S3_units,Bearing2_1,12,12,0.0,XJTU-SY,"(0.2, 20, 60)"
S3_units,Bearing2_1,12,12,0.0,XJTU-SY,"(0.2, 20, 60)"
S3_units,Bearing2_1,12,12,0.0,XJTU-SY,"(0.2, 20, 60)"
S3_units,Bearing2_1,12,12,0.0,XJTU-SY,"(0.2, 20, 60)"
S3_units,Bearing2_1,12,12,0.0,XJTU-SY,"(0.2, 20, 60)"
S3_units,Bearing2_1,12,12,0.0,XJTU-SY,"(0.2, 20, 60)"
S3_units,Bearing2_1,12,12,0.0,XJTU-SY,"(0.2, 20, 60)"
S3_units,Bearing2_1,12,12,0.0,XJTU-SY,"(0.2, 20, 60)"
S3_units,Bearing2_1,12,12,0.0,XJTU-SY,"(0.2, 20, 60)"
S3_units,Bearing2_1,12,12,0.0,XJTU-SY,"(0.2, 20, 60)"
S3_units,Bearing2_1,12,12,0.0,XJTU-SY,"(0.2, 20, 60)"
S3_units,Bearing2_1,12,12,0.0,XJTU-SY,"(0.2, 20, 60)"
S3_units,Bearing2_1,12,12,0.0,XJTU-SY,"(0.2, 20, 60)"
S3_units,Bearing2_1,12,12,0.0,XJTU-SY,"(0.2, 20, 60)"
S3_units,Bearing2_2,20,1,0.125,XJTU-SY,"(0.2, 20, 60)"
S3_units,Bearing2_2,20,1,0.09375,XJTU-SY,"(0.2, 20, 60)"
S3_units,Bearing2_2,20,1,0.0,XJTU-SY,"(0.2, 20, 60)"
S3_units,Bearing2_2,20,1,0.59375,XJTU-SY,"(0.2, 20, 60)"
S3_units,Bearing2_2,20,1,0.96875,XJTU-SY,"(0.2, 20, 60)"
S3_units,Bearing2_2,20,1,0.0,XJTU-SY,"(0.2, 20, 60)"
S3_units,Bearing2_2,20,1,0.0,XJTU-SY,"(0.2, 20, 60)"
S3_units,Bearing2_2,20,1,0.96875,XJTU-SY,"(0.2, 20, 60)"
S3_units,Bearing2_2,20,1,0.0625,XJTU-SY,"(0.2, 20, 60)"
S3_units,Bearing2_2,20,1,0.0,XJTU-SY,"(0.2, 20, 60)"
S3_units,Bearing2_2,20,1,1.0,XJTU-SY,"(0.2, 20, 60)"
S3_units,Bearing2_2,20,1,0.125,XJTU-SY,"(0.2, 20, 60)"
S3_units,Bearing2_2,20,1,1.0,XJTU-SY,"(0.2, 20, 60)"
S3_units,Bearing2_2,20,1,0.0,XJTU-SY,"(0.2, 20, 60)"
S3_units,Bearing2_2,20,1,0.03125,XJTU-SY,"(0.2, 20, 60)"
S3_units,Bearing2_2,20,1,0.1875,XJTU-SY,"(0.2, 20, 60)"
S3_units,Bearing2_2,20,1,0.1875,XJTU-SY,"(0.2, 20, 60)"
S3_units,Bearing2_2,20,1,0.0,XJTU-SY,"(0.2, 20, 60)"
S3_units,Bearing2_2,20,1,1.0,XJTU-SY,"(0.2, 20, 60)"
S3_units,Bearing2_2,20,1,0.40625,XJTU-SY,"(0.2, 20, 60)"
S3_units,Bearing2_2,20,1,0.1875,XJTU-SY,"(0.2, 20, 60)"
S3_units,Bearing2_2,20,1,1.0,XJTU-SY,"(0.2, 20, 60)"
S3_units,Bearing2_2,20,1,0.0,XJTU-SY,"(0.2, 20, 60)"
S3_units,Bearing2_2,20,1,0.0,XJTU-SY,"(0.2, 20, 60)"
S3_units,Bearing2_2,20,1,0.0,XJTU-SY,"(0.2, 20, 60)"
S3_units,Bearing2_2,20,1,0.59375,XJTU-SY,"(0.2, 20, 60)"
S3_units,Bearing2_2,20,1,0.15625,XJTU-SY,"(0.2, 20, 60)"
S3_units,Bearing2_2,20,1,0.1875,XJTU-SY,"(0.2, 20, 60)"
S3_units,Bearing2_2,20,1,0.09375,XJTU-SY,"(0.2, 20, 60)"
S3_units,Bearing2_2,20,1,0.4375,XJTU-SY,"(0.2, 20, 60)"
S3_units,Bearing2_2,12,12,0.0,XJTU-SY,"(0.2, 20, 60)"
S3_units,Bearing2_2,12,12,0.0,XJTU-SY,"(0.2, 20, 60)"
S3_units,Bearing2_2,12,12,0.0,XJTU-SY,"(0.2, 20, 60)"
S3_units,Bearing2_2,12,12,0.0,XJTU-SY,"(0.2, 20, 60)"
S3_units,Bearing2_2,12,12,0.0,XJTU-SY,"(0.2, 20, 60)"
S3_units,Bearing2_2,12,12,0.0,XJTU-SY,"(0.2, 20, 60)"
S3_units,Bearing2_2,12,12,0.0,XJTU-SY,"(0.2, 20, 60)"
S3_units,Bearing2_2,12,12,0.0,XJTU-SY,"(0.2, 20, 60)"
S3_units,Bearing2_2,12,12,0.0,XJTU-SY,"(0.2, 20, 60)"
S3_units,Bearing2_2,12,12,0.0,XJTU-SY,"(0.2, 20, 60)"
S3_units,Bearing2_2,12,12,0.0,XJTU-SY,"(0.2, 20, 60)"
S3_units,Bearing2_2,12,12,0.0,XJTU-SY,"(0.2, 20, 60)"
S3_units,Bearing2_2,12,12,0.0,XJTU-SY,"(0.2, 20, 60)"
S3_units,Bearing2_2,12,12,0.0,XJTU-SY,"(0.2, 20, 60)"
S3_units,Bearing2_2,12,12,0.0,XJTU-SY,"(0.2, 20, 60)"
S3_units,Bearing2_2,12,12,0.0,XJTU-SY,"(0.2, 20, 60)"
S3_units,Bearing2_2,12,12,0.0,XJTU-SY,"(0.2, 20, 60)"
S3_units,Bearing2_2,12,12,0.0,XJTU-SY,"(0.2, 20, 60)"
S3_units,Bearing2_2,12,12,0.0,XJTU-SY,"(0.2, 20, 60)"
S3_units,Bearing2_2,12,12,0.0,XJTU-SY,"(0.2, 20, 60)"
S3_units,Bearing2_2,12,12,0.0,XJTU-SY,"(0.2, 20, 60)"
S3_units,Bearing2_2,12,12,0.0,XJTU-SY,"(0.2, 20, 60)"
S3_units,Bearing2_2,12,12,0.0,XJTU-SY,"(0.2, 20, 60)"
S3_units,Bearing2_2,12,12,0.0,XJTU-SY,"(0.2, 20, 60)"
S3_units,Bearing2_2,12,12,0.0,XJTU-SY,"(0.2, 20, 60)"
S3_units,Bearing2_2,12,12,0.0,XJTU-SY,"(0.2, 20, 60)"
S3_units,Bearing2_2,12,12,0.0,XJTU-SY,"(0.2, 20, 60)"
S3_units,Bearing2_2,12,12,0.0,XJTU-SY,"(0.2, 20, 60)"
S3_units,Bearing2_2,12,12,0.0,XJTU-SY,"(0.2, 20, 60)"
S3_units,Bearing2_2,12,12,0.0,XJTU-SY,"(0.2, 20, 60)"
S3_units,Bearing2_3,20,1,0.0,XJTU-SY,"(0.2, 20, 60)"
S3_units,Bearing2_3,20,1,1.0,XJTU-SY,"(0.2, 20, 60)"
S3_units,Bearing2_3,20,1,1.0,XJTU-SY,"(0.2, 20, 60)"
S3_units,Bearing2_3,20,1,0.9833333333333333,XJTU-SY,"(0.2, 20, 60)"
S3_units,Bearing2_3,20,1,0.35,XJTU-SY,"(0.2, 20, 60)"
S3_units,Bearing2_3,20,1,0.85,XJTU-SY,"(0.2, 20, 60)"
S3_units,Bearing2_3,20,1,0.0,XJTU-SY,"(0.2, 20, 60)"
S3_units,Bearing2_3,20,1,0.0,XJTU-SY,"(0.2, 20, 60)"
S3_units,Bearing2_3,20,1,0.15,XJTU-SY,"(0.2, 20, 60)"
S3_units,Bearing2_3,20,1,0.0,XJTU-SY,"(0.2, 20, 60)"
S3_units,Bearing2_3,20,1,0.9333333333333333,XJTU-SY,"(0.2, 20, 60)"
S3_units,Bearing2_3,20,1,0.0,XJTU-SY,"(0.2, 20, 60)"
S3_units,Bearing2_3,20,1,0.05,XJTU-SY,"(0.2, 20, 60)"
S3_units,Bearing2_3,20,1,0.7,XJTU-SY,"(0.2, 20, 60)"
S3_units,Bearing2_3,20,1,0.8833333333333333,XJTU-SY,"(0.2, 20, 60)"
S3_units,Bearing2_3,20,1,0.016666666666666666,XJTU-SY,"(0.2, 20, 60)"
S3_units,Bearing2_3,20,1,0.0,XJTU-SY,"(0.2, 20, 60)"
S3_units,Bearing2_3,20,1,0.4166666666666667,XJTU-SY,"(0.2, 20, 60)"
S3_units,Bearing2_3,20,1,0.0,XJTU-SY,"(0.2, 20, 60)"
S3_units,Bearing2_3,20,1,0.0,XJTU-SY,"(0.2, 20, 60)"
S3_units,Bearing2_3,20,1,0.0,XJTU-SY,"(0.2, 20, 60)"
S3_units,Bearing2_3,20,1,1.0,XJTU-SY,"(0.2, 20, 60)"
S3_units,Bearing2_3,20,1,0.95,XJTU-SY,"(0.2, 20, 60)"
S3_units,Bearing2_3,20,1,0.0,XJTU-SY,"(0.2, 20, 60)"
S3_units,Bearing2_3,20,1,0.48333333333333334,XJTU-SY,"(0.2, 20, 60)"
S3_units,Bearing2_3,20,1,0.0,XJTU-SY,"(0.2, 20, 60)"
S3_units,Bearing2_3,20,1,0.9666666666666667,XJTU-SY,"(0.2, 20, 60)"
S3_units,Bearing2_3,20,1,1.0,XJTU-SY,"(0.2, 20, 60)"
S3_units,Bearing2_3,20,1,0.03333333333333333,XJTU-SY,"(0.2, 20, 60)"
S3_units,Bearing2_3,20,1,1.0,XJTU-SY,"(0.2, 20, 60)"
S3_units,Bearing2_3,12,12,0.0,XJTU-SY,"(0.2, 20, 60)"
S3_units,Bearing2_3,12,12,0.0,XJTU-SY,"(0.2, 20, 60)"
S3_units,Bearing2_3,12,12,0.0,XJTU-SY,"(0.2, 20, 60)"
S3_units,Bearing2_3,12,12,0.0,XJTU-SY,"(0.2, 20, 60)"
S3_units,Bearing2_3,12,12,0.0,XJTU-SY,"(0.2, 20, 60)"
S3_units,Bearing2_3,12,12,0.0,XJTU-SY,"(0.2, 20, 60)"
S3_units,Bearing2_3,12,12,0.0,XJTU-SY,"(0.2, 20, 60)"
S3_units,Bearing2_3,12,12,0.0,XJTU-SY,"(0.2, 20, 60)"
S3_units,Bearing2_3,12,12,0.0,XJTU-SY,"(0.2, 20, 60)"
S3_units,Bearing2_3,12,12,0.0,XJTU-SY,"(0.2, 20, 60)"
S3_units,Bearing2_3,12,12,0.0,XJTU-SY,"(0.2, 20, 60)"
S3_units,Bearing2_3,12,12,0.0,XJTU-SY,"(0.2, 20, 60)"
S3_units,Bearing2_3,12,12,0.0,XJTU-SY,"(0.2, 20, 60)"
S3_units,Bearing2_3,12,12,0.0,XJTU-SY,"(0.2, 20, 60)"
S3_units,Bearing2_3,12,12,0.0,XJTU-SY,"(0.2, 20, 60)"
S3_units,Bearing2_3,12,12,0.0,XJTU-SY,"(0.2, 20, 60)"
S3_units,Bearing2_3,12,12,0.0,XJTU-SY,"(0.2, 20, 60)"
S3_units,Bearing2_3,12,12,0.0,XJTU-SY,"(0.2, 20, 60)"
S3_units,Bearing2_3,12,12,0.0,XJTU-SY,"(0.2, 20, 60)"
S3_units,Bearing2_3,12,12,0.0,XJTU-SY,"(0.2, 20, 60)"
S3_units,Bearing2_3,12,12,0.0,XJTU-SY,"(0.2, 20, 60)"
S3_units,Bearing2_3,12,12,0.0,XJTU-SY,"(0.2, 20, 60)"
S3_units,Bearing2_3,12,12,0.0,XJTU-SY,"(0.2, 20, 60)"
S3_units,Bearing2_3,12,12,0.0,XJTU-SY,"(0.2, 20, 60)"
S3_units,Bearing2_3,12,12,0.0,XJTU-SY,"(0.2, 20, 60)"
S3_units,Bearing2_3,12,12,0.0,XJTU-SY,"(0.2, 20, 60)"
S3_units,Bearing2_3,12,12,0.0,XJTU-SY,"(0.2, 20, 60)"
S3_units,Bearing2_3,12,12,0.0,XJTU-SY,"(0.2, 20, 60)"
S3_units,Bearing2_3,12,12,0.0,XJTU-SY,"(0.2, 20, 60)"
S3_units,Bearing2_3,12,12,0.0,XJTU-SY,"(0.2, 20, 60)"
S3_units,Bearing2_5,20,1,0.9833333333333333,XJTU-SY,"(0.2, 20, 60)"
S3_units,Bearing2_5,20,1,0.016666666666666666,XJTU-SY,"(0.2, 20, 60)"
S3_units,Bearing2_5,20,1,0.9666666666666667,XJTU-SY,"(0.2, 20, 60)"
S3_units,Bearing2_5,20,1,0.03333333333333333,XJTU-SY,"(0.2, 20, 60)"
S3_units,Bearing2_5,20,1,1.0,XJTU-SY,"(0.2, 20, 60)"
S3_units,Bearing2_5,20,1,1.0,XJTU-SY,"(0.2, 20, 60)"
S3_units,Bearing2_5,20,1,0.0,XJTU-SY,"(0.2, 20, 60)"
S3_units,Bearing2_5,20,1,0.0,XJTU-SY,"(0.2, 20, 60)"
S3_units,Bearing2_5,20,1,0.6833333333333333,XJTU-SY,"(0.2, 20, 60)"
S3_units,Bearing2_5,20,1,1.0,XJTU-SY,"(0.2, 20, 60)"
S3_units,Bearing2_5,20,1,1.0,XJTU-SY,"(0.2, 20, 60)"
S3_units,Bearing2_5,20,1,0.8,XJTU-SY,"(0.2, 20, 60)"
S3_units,Bearing2_5,20,1,0.0,XJTU-SY,"(0.2, 20, 60)"
S3_units,Bearing2_5,20,1,0.0,XJTU-SY,"(0.2, 20, 60)"
S3_units,Bearing2_5,20,1,0.0,XJTU-SY,"(0.2, 20, 60)"
S3_units,Bearing2_5,20,1,0.0,XJTU-SY,"(0.2, 20, 60)"
S3_units,Bearing2_5,20,1,0.9333333333333333,XJTU-SY,"(0.2, 20, 60)"
S3_units,Bearing2_5,20,1,0.0,XJTU-SY,"(0.2, 20, 60)"
S3_units,Bearing2_5,20,1,0.0,XJTU-SY,"(0.2, 20, 60)"
S3_units,Bearing2_5,20,1,0.9166666666666666,XJTU-SY,"(0.2, 20, 60)"
S3_units,Bearing2_5,20,1,0.6666666666666666,XJTU-SY,"(0.2, 20, 60)"
S3_units,Bearing2_5,20,1,0.9,XJTU-SY,"(0.2, 20, 60)"
S3_units,Bearing2_5,20,1,0.8,XJTU-SY,"(0.2, 20, 60)"
S3_units,Bearing2_5,20,1,1.0,XJTU-SY,"(0.2, 20, 60)"
S3_units,Bearing2_5,20,1,0.0,XJTU-SY,"(0.2, 20, 60)"
S3_units,Bearing2_5,20,1,0.7666666666666667,XJTU-SY,"(0.2, 20, 60)"
S3_units,Bearing2_5,20,1,0.0,XJTU-SY,"(0.2, 20, 60)"
S3_units,Bearing2_5,20,1,0.35,XJTU-SY,"(0.2, 20, 60)"
S3_units,Bearing2_5,20,1,0.9333333333333333,XJTU-SY,"(0.2, 20, 60)"
S3_units,Bearing2_5,20,1,0.9833333333333333,XJTU-SY,"(0.2, 20, 60)"
S3_units,Bearing2_5,12,12,0.0,XJTU-SY,"(0.2, 20, 60)"
S3_units,Bearing2_5,12,12,0.0,XJTU-SY,"(0.2, 20, 60)"
S3_units,Bearing2_5,12,12,0.05,XJTU-SY,"(0.2, 20, 60)"
S3_units,Bearing2_5,12,12,0.0,XJTU-SY,"(0.2, 20, 60)"
S3_units,Bearing2_5,12,12,0.0,XJTU-SY,"(0.2, 20, 60)"
S3_units,Bearing2_5,12,12,0.0,XJTU-SY,"(0.2, 20, 60)"
S3_units,Bearing2_5,12,12,0.0,XJTU-SY,"(0.2, 20, 60)"
S3_units,Bearing2_5,12,12,0.0,XJTU-SY,"(0.2, 20, 60)"
S3_units,Bearing2_5,12,12,0.0,XJTU-SY,"(0.2, 20, 60)"
S3_units,Bearing2_5,12,12,0.03333333333333333,XJTU-SY,"(0.2, 20, 60)"
S3_units,Bearing2_5,12,12,0.0,XJTU-SY,"(0.2, 20, 60)"
S3_units,Bearing2_5,12,12,0.1,XJTU-SY,"(0.2, 20, 60)"
S3_units,Bearing2_5,12,12,0.0,XJTU-SY,"(0.2, 20, 60)"
S3_units,Bearing2_5,12,12,0.0,XJTU-SY,"(0.2, 20, 60)"
S3_units,Bearing2_5,12,12,0.0,XJTU-SY,"(0.2, 20, 60)"
S3_units,Bearing2_5,12,12,0.0,XJTU-SY,"(0.2, 20, 60)"
S3_units,Bearing2_5,12,12,0.05,XJTU-SY,"(0.2, 20, 60)"
S3_units,Bearing2_5,12,12,0.0,XJTU-SY,"(0.2, 20, 60)"
S3_units,Bearing2_5,12,12,0.21666666666666667,XJTU-SY,"(0.2, 20, 60)"
S3_units,Bearing2_5,12,12,0.16666666666666666,XJTU-SY,"(0.2, 20, 60)"
S3_units,Bearing2_5,12,12,0.016666666666666666,XJTU-SY,"(0.2, 20, 60)"
S3_units,Bearing2_5,12,12,0.016666666666666666,XJTU-SY,"(0.2, 20, 60)"
S3_units,Bearing2_5,12,12,0.0,XJTU-SY,"(0.2, 20, 60)"
S3_units,Bearing2_5,12,12,0.05,XJTU-SY,"(0.2, 20, 60)"
S3_units,Bearing2_5,12,12,0.0,XJTU-SY,"(0.2, 20, 60)"
S3_units,Bearing2_5,12,12,0.0,XJTU-SY,"(0.2, 20, 60)"
S3_units,Bearing2_5,12,12,0.0,XJTU-SY,"(0.2, 20, 60)"
S3_units,Bearing2_5,12,12,0.0,XJTU-SY,"(0.2, 20, 60)"
S3_units,Bearing2_5,12,12,0.0,XJTU-SY,"(0.2, 20, 60)"
S3_units,Bearing2_5,12,12,0.0,XJTU-SY,"(0.2, 20, 60)"
S3_units,Bearing3_1,20,1,0.8666666666666667,XJTU-SY,"(0.2, 20, 60)"
S3_units,Bearing3_1,20,1,0.0,XJTU-SY,"(0.2, 20, 60)"
S3_units,Bearing3_1,20,1,0.8666666666666667,XJTU-SY,"(0.2, 20, 60)"
S3_units,Bearing3_1,20,1,0.016666666666666666,XJTU-SY,"(0.2, 20, 60)"
S3_units,Bearing3_1,20,1,0.8166666666666667,XJTU-SY,"(0.2, 20, 60)"
S3_units,Bearing3_1,20,1,0.55,XJTU-SY,"(0.2, 20, 60)"
S3_units,Bearing3_1,20,1,0.43333333333333335,XJTU-SY,"(0.2, 20, 60)"
S3_units,Bearing3_1,20,1,0.45,XJTU-SY,"(0.2, 20, 60)"
S3_units,Bearing3_1,20,1,1.0,XJTU-SY,"(0.2, 20, 60)"
S3_units,Bearing3_1,20,1,0.0,XJTU-SY,"(0.2, 20, 60)"
S3_units,Bearing3_1,20,1,0.11666666666666667,XJTU-SY,"(0.2, 20, 60)"
S3_units,Bearing3_1,20,1,0.03333333333333333,XJTU-SY,"(0.2, 20, 60)"
S3_units,Bearing3_1,20,1,1.0,XJTU-SY,"(0.2, 20, 60)"
S3_units,Bearing3_1,20,1,0.0,XJTU-SY,"(0.2, 20, 60)"
S3_units,Bearing3_1,20,1,1.0,XJTU-SY,"(0.2, 20, 60)"
S3_units,Bearing3_1,20,1,0.9,XJTU-SY,"(0.2, 20, 60)"
S3_units,Bearing3_1,20,1,1.0,XJTU-SY,"(0.2, 20, 60)"
S3_units,Bearing3_1,20,1,0.0,XJTU-SY,"(0.2, 20, 60)"
S3_units,Bearing3_1,20,1,0.9166666666666666,XJTU-SY,"(0.2, 20, 60)"
S3_units,Bearing3_1,20,1,0.0,XJTU-SY,"(0.2, 20, 60)"
S3_units,Bearing3_1,20,1,0.8833333333333333,XJTU-SY,"(0.2, 20, 60)"
S3_units,Bearing3_1,20,1,0.0,XJTU-SY,"(0.2, 20, 60)"
S3_units,Bearing3_1,20,1,0.0,XJTU-SY,"(0.2, 20, 60)"
S3_units,Bearing3_1,20,1,0.7,XJTU-SY,"(0.2, 20, 60)"
S3_units,Bearing3_1,20,1,0.8833333333333333,XJTU-SY,"(0.2, 20, 60)"
S3_units,Bearing3_1,20,1,0.8833333333333333,XJTU-SY,"(0.2, 20, 60)"
S3_units,Bearing3_1,20,1,0.0,XJTU-SY,"(0.2, 20, 60)"
S3_units,Bearing3_1,20,1,1.0,XJTU-SY,"(0.2, 20, 60)"
S3_units,Bearing3_1,20,1,0.9666666666666667,XJTU-SY,"(0.2, 20, 60)"
S3_units,Bearing3_1,20,1,0.08333333333333333,XJTU-SY,"(0.2, 20, 60)"
S3_units,Bearing3_1,12,12,0.0,XJTU-SY,"(0.2, 20, 60)"
S3_units,Bearing3_1,12,12,0.0,XJTU-SY,"(0.2, 20, 60)"
S3_units,Bearing3_1,12,12,0.0,XJTU-SY,"(0.2, 20, 60)"
S3_units,Bearing3_1,12,12,0.0,XJTU-SY,"(0.2, 20, 60)"
S3_units,Bearing3_1,12,12,0.0,XJTU-SY,"(0.2, 20, 60)"
S3_units,Bearing3_1,12,12,0.0,XJTU-SY,"(0.2, 20, 60)"
S3_units,Bearing3_1,12,12,0.0,XJTU-SY,"(0.2, 20, 60)"
S3_units,Bearing3_1,12,12,0.0,XJTU-SY,"(0.2, 20, 60)"
S3_units,Bearing3_1,12,12,0.0,XJTU-SY,"(0.2, 20, 60)"
S3_units,Bearing3_1,12,12,0.0,XJTU-SY,"(0.2, 20, 60)"
S3_units,Bearing3_1,12,12,0.0,XJTU-SY,"(0.2, 20, 60)"
S3_units,Bearing3_1,12,12,0.0,XJTU-SY,"(0.2, 20, 60)"
S3_units,Bearing3_1,12,12,0.0,XJTU-SY,"(0.2, 20, 60)"
S3_units,Bearing3_1,12,12,0.0,XJTU-SY,"(0.2, 20, 60)"
S3_units,Bearing3_1,12,12,0.0,XJTU-SY,"(0.2, 20, 60)"
S3_units,Bearing3_1,12,12,0.0,XJTU-SY,"(0.2, 20, 60)"
S3_units,Bearing3_1,12,12,0.0,XJTU-SY,"(0.2, 20, 60)"
S3_units,Bearing3_1,12,12,0.0,XJTU-SY,"(0.2, 20, 60)"
S3_units,Bearing3_1,12,12,0.0,XJTU-SY,"(0.2, 20, 60)"
S3_units,Bearing3_1,12,12,0.0,XJTU-SY,"(0.2, 20, 60)"
S3_units,Bearing3_1,12,12,0.0,XJTU-SY,"(0.2, 20, 60)"
S3_units,Bearing3_1,12,12,0.0,XJTU-SY,"(0.2, 20, 60)"
S3_units,Bearing3_1,12,12,0.0,XJTU-SY,"(0.2, 20, 60)"
S3_units,Bearing3_1,12,12,0.0,XJTU-SY,"(0.2, 20, 60)"
S3_units,Bearing3_1,12,12,0.0,XJTU-SY,"(0.2, 20, 60)"
S3_units,Bearing3_1,12,12,0.0,XJTU-SY,"(0.2, 20, 60)"
S3_units,Bearing3_1,12,12,0.0,XJTU-SY,"(0.2, 20, 60)"
S3_units,Bearing3_1,12,12,0.0,XJTU-SY,"(0.2, 20, 60)"
S3_units,Bearing3_1,12,12,0.0,XJTU-SY,"(0.2, 20, 60)"
S3_units,Bearing3_1,12,12,0.0,XJTU-SY,"(0.2, 20, 60)"
S3_units,Bearing3_2,20,1,1.0,XJTU-SY,"(0.2, 20, 60)"
S3_units,Bearing3_2,20,1,0.08333333333333333,XJTU-SY,"(0.2, 20, 60)"
S3_units,Bearing3_2,20,1,1.0,XJTU-SY,"(0.2, 20, 60)"
S3_units,Bearing3_2,20,1,1.0,XJTU-SY,"(0.2, 20, 60)"
S3_units,Bearing3_2,20,1,0.48333333333333334,XJTU-SY,"(0.2, 20, 60)"
S3_units,Bearing3_2,20,1,0.15,XJTU-SY,"(0.2, 20, 60)"
S3_units,Bearing3_2,20,1,0.9833333333333333,XJTU-SY,"(0.2, 20, 60)"
S3_units,Bearing3_2,20,1,1.0,XJTU-SY,"(0.2, 20, 60)"
S3_units,Bearing3_2,20,1,0.6333333333333333,XJTU-SY,"(0.2, 20, 60)"
S3_units,Bearing3_2,20,1,0.0,XJTU-SY,"(0.2, 20, 60)"
S3_units,Bearing3_2,20,1,1.0,XJTU-SY,"(0.2, 20, 60)"
S3_units,Bearing3_2,20,1,0.7833333333333333,XJTU-SY,"(0.2, 20, 60)"
S3_units,Bearing3_2,20,1,1.0,XJTU-SY,"(0.2, 20, 60)"
S3_units,Bearing3_2,20,1,0.5833333333333334,XJTU-SY,"(0.2, 20, 60)"
S3_units,Bearing3_2,20,1,0.0,XJTU-SY,"(0.2, 20, 60)"
S3_units,Bearing3_2,20,1,0.7666666666666667,XJTU-SY,"(0.2, 20, 60)"
S3_units,Bearing3_2,20,1,1.0,XJTU-SY,"(0.2, 20, 60)"
S3_units,Bearing3_2,20,1,0.2,XJTU-SY,"(0.2, 20, 60)"
S3_units,Bearing3_2,20,1,0.7333333333333333,XJTU-SY,"(0.2, 20, 60)"
S3_units,Bearing3_2,20,1,1.0,XJTU-SY,"(0.2, 20, 60)"
S3_units,Bearing3_2,20,1,0.2,XJTU-SY,"(0.2, 20, 60)"
S3_units,Bearing3_2,20,1,1.0,XJTU-SY,"(0.2, 20, 60)"
S3_units,Bearing3_2,20,1,0.15,XJTU-SY,"(0.2, 20, 60)"
S3_units,Bearing3_2,20,1,1.0,XJTU-SY,"(0.2, 20, 60)"
S3_units,Bearing3_2,20,1,0.6666666666666666,XJTU-SY,"(0.2, 20, 60)"
S3_units,Bearing3_2,20,1,0.13333333333333333,XJTU-SY,"(0.2, 20, 60)"
S3_units,Bearing3_2,20,1,0.9,XJTU-SY,"(0.2, 20, 60)"
S3_units,Bearing3_2,20,1,0.016666666666666666,XJTU-SY,"(0.2, 20, 60)"
S3_units,Bearing3_2,20,1,0.2833333333333333,XJTU-SY,"(0.2, 20, 60)"
S3_units,Bearing3_2,20,1,0.6,XJTU-SY,"(0.2, 20, 60)"
S3_units,Bearing3_2,12,12,0.0,XJTU-SY,"(0.2, 20, 60)"
S3_units,Bearing3_2,12,12,0.38333333333333336,XJTU-SY,"(0.2, 20, 60)"
S3_units,Bearing3_2,12,12,0.0,XJTU-SY,"(0.2, 20, 60)"
S3_units,Bearing3_2,12,12,0.0,XJTU-SY,"(0.2, 20, 60)"
S3_units,Bearing3_2,12,12,0.08333333333333333,XJTU-SY,"(0.2, 20, 60)"
S3_units,Bearing3_2,12,12,0.0,XJTU-SY,"(0.2, 20, 60)"
S3_units,Bearing3_2,12,12,0.15,XJTU-SY,"(0.2, 20, 60)"
S3_units,Bearing3_2,12,12,0.0,XJTU-SY,"(0.2, 20, 60)"
S3_units,Bearing3_2,12,12,0.0,XJTU-SY,"(0.2, 20, 60)"
S3_units,Bearing3_2,12,12,0.0,XJTU-SY,"(0.2, 20, 60)"
S3_units,Bearing3_2,12,12,0.0,XJTU-SY,"(0.2, 20, 60)"
S3_units,Bearing3_2,12,12,0.0,XJTU-SY,"(0.2, 20, 60)"
S3_units,Bearing3_2,12,12,0.18333333333333332,XJTU-SY,"(0.2, 20, 60)"
S3_units,Bearing3_2,12,12,0.0,XJTU-SY,"(0.2, 20, 60)"
S3_units,Bearing3_2,12,12,0.0,XJTU-SY,"(0.2, 20, 60)"
S3_units,Bearing3_2,12,12,0.0,XJTU-SY,"(0.2, 20, 60)"
S3_units,Bearing3_2,12,12,0.0,XJTU-SY,"(0.2, 20, 60)"
S3_units,Bearing3_2,12,12,0.23333333333333334,XJTU-SY,"(0.2, 20, 60)"
S3_units,Bearing3_2,12,12,0.0,XJTU-SY,"(0.2, 20, 60)"
S3_units,Bearing3_2,12,12,0.0,XJTU-SY,"(0.2, 20, 60)"
S3_units,Bearing3_2,12,12,0.0,XJTU-SY,"(0.2, 20, 60)"
S3_units,Bearing3_2,12,12,0.0,XJTU-SY,"(0.2, 20, 60)"
S3_units,Bearing3_2,12,12,0.0,XJTU-SY,"(0.2, 20, 60)"
S3_units,Bearing3_2,12,12,0.0,XJTU-SY,"(0.2, 20, 60)"
S3_units,Bearing3_2,12,12,0.13333333333333333,XJTU-SY,"(0.2, 20, 60)"
S3_units,Bearing3_2,12,12,0.13333333333333333,XJTU-SY,"(0.2, 20, 60)"
S3_units,Bearing3_2,12,12,0.0,XJTU-SY,"(0.2, 20, 60)"
S3_units,Bearing3_2,12,12,0.0,XJTU-SY,"(0.2, 20, 60)"
S3_units,Bearing3_2,12,12,0.03333333333333333,XJTU-SY,"(0.2, 20, 60)"
S3_units,Bearing3_2,12,12,0.0,XJTU-SY,"(0.2, 20, 60)"
S3_units,Bearing3_3,20,1,0.85,XJTU-SY,"(0.2, 20, 60)"
S3_units,Bearing3_3,20,1,0.0,XJTU-SY,"(0.2, 20, 60)"
S3_units,Bearing3_3,20,1,0.0,XJTU-SY,"(0.2, 20, 60)"
S3_units,Bearing3_3,20,1,0.03333333333333333,XJTU-SY,"(0.2, 20, 60)"
S3_units,Bearing3_3,20,1,0.4666666666666667,XJTU-SY,"(0.2, 20, 60)"
S3_units,Bearing3_3,20,1,0.0,XJTU-SY,"(0.2, 20, 60)"
S3_units,Bearing3_3,20,1,0.45,XJTU-SY,"(0.2, 20, 60)"
S3_units,Bearing3_3,20,1,0.85,XJTU-SY,"(0.2, 20, 60)"
S3_units,Bearing3_3,20,1,0.03333333333333333,XJTU-SY,"(0.2, 20, 60)"
S3_units,Bearing3_3,20,1,0.03333333333333333,XJTU-SY,"(0.2, 20, 60)"
S3_units,Bearing3_3,20,1,0.6666666666666666,XJTU-SY,"(0.2, 20, 60)"
S3_units,Bearing3_3,20,1,0.0,XJTU-SY,"(0.2, 20, 60)"
S3_units,Bearing3_3,20,1,0.016666666666666666,XJTU-SY,"(0.2, 20, 60)"
S3_units,Bearing3_3,20,1,1.0,XJTU-SY,"(0.2, 20, 60)"
S3_units,Bearing3_3,20,1,0.7833333333333333,XJTU-SY,"(0.2, 20, 60)"
S3_units,Bearing3_3,20,1,0.0,XJTU-SY,"(0.2, 20, 60)"
S3_units,Bearing3_3,20,1,0.0,XJTU-SY,"(0.2, 20, 60)"
S3_units,Bearing3_3,20,1,0.95,XJTU-SY,"(0.2, 20, 60)"
S3_units,Bearing3_3,20,1,0.0,XJTU-SY,"(0.2, 20, 60)"
S3_units,Bearing3_3,20,1,0.4166666666666667,XJTU-SY,"(0.2, 20, 60)"
S3_units,Bearing3_3,20,1,0.11666666666666667,XJTU-SY,"(0.2, 20, 60)"
S3_units,Bearing3_3,20,1,0.9666666666666667,XJTU-SY,"(0.2, 20, 60)"
S3_units,Bearing3_3,20,1,0.0,XJTU-SY,"(0.2, 20, 60)"
S3_units,Bearing3_3,20,1,0.9833333333333333,XJTU-SY,"(0.2, 20, 60)"
S3_units,Bearing3_3,20,1,0.0,XJTU-SY,"(0.2, 20, 60)"
S3_units,Bearing3_3,20,1,0.8166666666666667,XJTU-SY,"(0.2, 20, 60)"
S3_units,Bearing3_3,20,1,0.3333333333333333,XJTU-SY,"(0.2, 20, 60)"
S3_units,Bearing3_3,20,1,0.0,XJTU-SY,"(0.2, 20, 60)"
S3_units,Bearing3_3,20,1,0.03333333333333333,XJTU-SY,"(0.2, 20, 60)"
S3_units,Bearing3_3,20,1,0.6666666666666666,XJTU-SY,"(0.2, 20, 60)"
S3_units,Bearing3_3,12,12,0.0,XJTU-SY,"(0.2, 20, 60)"
S3_units,Bearing3_3,12,12,0.0,XJTU-SY,"(0.2, 20, 60)"
S3_units,Bearing3_3,12,12,0.0,XJTU-SY,"(0.2, 20, 60)"
S3_units,Bearing3_3,12,12,0.0,XJTU-SY,"(0.2, 20, 60)"
S3_units,Bearing3_3,12,12,0.0,XJTU-SY,"(0.2, 20, 60)"
S3_units,Bearing3_3,12,12,0.0,XJTU-SY,"(0.2, 20, 60)"
S3_units,Bearing3_3,12,12,0.0,XJTU-SY,"(0.2, 20, 60)"
S3_units,Bearing3_3,12,12,0.0,XJTU-SY,"(0.2, 20, 60)"
S3_units,Bearing3_3,12,12,0.0,XJTU-SY,"(0.2, 20, 60)"
S3_units,Bearing3_3,12,12,0.0,XJTU-SY,"(0.2, 20, 60)"
S3_units,Bearing3_3,12,12,0.0,XJTU-SY,"(0.2, 20, 60)"
S3_units,Bearing3_3,12,12,0.0,XJTU-SY,"(0.2, 20, 60)"
S3_units,Bearing3_3,12,12,0.0,XJTU-SY,"(0.2, 20, 60)"
S3_units,Bearing3_3,12,12,0.0,XJTU-SY,"(0.2, 20, 60)"
S3_units,Bearing3_3,12,12,0.0,XJTU-SY,"(0.2, 20, 60)"
S3_units,Bearing3_3,12,12,0.0,XJTU-SY,"(0.2, 20, 60)"
S3_units,Bearing3_3,12,12,0.0,XJTU-SY,"(0.2, 20, 60)"
S3_units,Bearing3_3,12,12,0.0,XJTU-SY,"(0.2, 20, 60)"
S3_units,Bearing3_3,12,12,0.0,XJTU-SY,"(0.2, 20, 60)"
S3_units,Bearing3_3,12,12,0.0,XJTU-SY,"(0.2, 20, 60)"
S3_units,Bearing3_3,12,12,0.0,XJTU-SY,"(0.2, 20, 60)"
S3_units,Bearing3_3,12,12,0.0,XJTU-SY,"(0.2, 20, 60)"
S3_units,Bearing3_3,12,12,0.0,XJTU-SY,"(0.2, 20, 60)"
S3_units,Bearing3_3,12,12,0.0,XJTU-SY,"(0.2, 20, 60)"
S3_units,Bearing3_3,12,12,0.0,XJTU-SY,"(0.2, 20, 60)"
S3_units,Bearing3_3,12,12,0.0,XJTU-SY,"(0.2, 20, 60)"
S3_units,Bearing3_3,12,12,0.0,XJTU-SY,"(0.2, 20, 60)"
S3_units,Bearing3_3,12,12,0.0,XJTU-SY,"(0.2, 20, 60)"
S3_units,Bearing3_3,12,12,0.0,XJTU-SY,"(0.2, 20, 60)"
S3_units,Bearing3_3,12,12,0.0,XJTU-SY,"(0.2, 20, 60)"
S3_units,Bearing3_4,20,1,1.0,XJTU-SY,"(0.2, 20, 60)"
S3_units,Bearing3_4,20,1,1.0,XJTU-SY,"(0.2, 20, 60)"
S3_units,Bearing3_4,20,1,0.8833333333333333,XJTU-SY,"(0.2, 20, 60)"
S3_units,Bearing3_4,20,1,0.0,XJTU-SY,"(0.2, 20, 60)"
S3_units,Bearing3_4,20,1,1.0,XJTU-SY,"(0.2, 20, 60)"
S3_units,Bearing3_4,20,1,1.0,XJTU-SY,"(0.2, 20, 60)"
S3_units,Bearing3_4,20,1,0.0,XJTU-SY,"(0.2, 20, 60)"
S3_units,Bearing3_4,20,1,1.0,XJTU-SY,"(0.2, 20, 60)"
S3_units,Bearing3_4,20,1,1.0,XJTU-SY,"(0.2, 20, 60)"
S3_units,Bearing3_4,20,1,0.0,XJTU-SY,"(0.2, 20, 60)"
S3_units,Bearing3_4,20,1,1.0,XJTU-SY,"(0.2, 20, 60)"
S3_units,Bearing3_4,20,1,1.0,XJTU-SY,"(0.2, 20, 60)"
S3_units,Bearing3_4,20,1,1.0,XJTU-SY,"(0.2, 20, 60)"
S3_units,Bearing3_4,20,1,1.0,XJTU-SY,"(0.2, 20, 60)"
S3_units,Bearing3_4,20,1,0.8833333333333333,XJTU-SY,"(0.2, 20, 60)"
S3_units,Bearing3_4,20,1,0.016666666666666666,XJTU-SY,"(0.2, 20, 60)"
S3_units,Bearing3_4,20,1,0.0,XJTU-SY,"(0.2, 20, 60)"
S3_units,Bearing3_4,20,1,1.0,XJTU-SY,"(0.2, 20, 60)"
S3_units,Bearing3_4,20,1,0.55,XJTU-SY,"(0.2, 20, 60)"
S3_units,Bearing3_4,20,1,0.0,XJTU-SY,"(0.2, 20, 60)"
S3_units,Bearing3_4,20,1,1.0,XJTU-SY,"(0.2, 20, 60)"
S3_units,Bearing3_4,20,1,1.0,XJTU-SY,"(0.2, 20, 60)"
S3_units,Bearing3_4,20,1,0.8333333333333334,XJTU-SY,"(0.2, 20, 60)"
S3_units,Bearing3_4,20,1,0.9833333333333333,XJTU-SY,"(0.2, 20, 60)"
S3_units,Bearing3_4,20,1,1.0,XJTU-SY,"(0.2, 20, 60)"
S3_units,Bearing3_4,20,1,1.0,XJTU-SY,"(0.2, 20, 60)"
S3_units,Bearing3_4,20,1,1.0,XJTU-SY,"(0.2, 20, 60)"
S3_units,Bearing3_4,20,1,1.0,XJTU-SY,"(0.2, 20, 60)"
S3_units,Bearing3_4,20,1,1.0,XJTU-SY,"(0.2, 20, 60)"
S3_units,Bearing3_4,20,1,1.0,XJTU-SY,"(0.2, 20, 60)"
S3_units,Bearing3_4,12,12,0.0,XJTU-SY,"(0.2, 20, 60)"
S3_units,Bearing3_4,12,12,0.0,XJTU-SY,"(0.2, 20, 60)"
S3_units,Bearing3_4,12,12,0.0,XJTU-SY,"(0.2, 20, 60)"
S3_units,Bearing3_4,12,12,0.0,XJTU-SY,"(0.2, 20, 60)"
S3_units,Bearing3_4,12,12,0.0,XJTU-SY,"(0.2, 20, 60)"
S3_units,Bearing3_4,12,12,0.0,XJTU-SY,"(0.2, 20, 60)"
S3_units,Bearing3_4,12,12,0.0,XJTU-SY,"(0.2, 20, 60)"
S3_units,Bearing3_4,12,12,0.0,XJTU-SY,"(0.2, 20, 60)"
S3_units,Bearing3_4,12,12,0.0,XJTU-SY,"(0.2, 20, 60)"
S3_units,Bearing3_4,12,12,0.0,XJTU-SY,"(0.2, 20, 60)"
S3_units,Bearing3_4,12,12,0.0,XJTU-SY,"(0.2, 20, 60)"
S3_units,Bearing3_4,12,12,0.0,XJTU-SY,"(0.2, 20, 60)"
S3_units,Bearing3_4,12,12,0.0,XJTU-SY,"(0.2, 20, 60)"
S3_units,Bearing3_4,12,12,0.0,XJTU-SY,"(0.2, 20, 60)"
S3_units,Bearing3_4,12,12,0.0,XJTU-SY,"(0.2, 20, 60)"
S3_units,Bearing3_4,12,12,0.0,XJTU-SY,"(0.2, 20, 60)"
S3_units,Bearing3_4,12,12,0.0,XJTU-SY,"(0.2, 20, 60)"
S3_units,Bearing3_4,12,12,0.0,XJTU-SY,"(0.2, 20, 60)"
S3_units,Bearing3_4,12,12,0.0,XJTU-SY,"(0.2, 20, 60)"
S3_units,Bearing3_4,12,12,0.0,XJTU-SY,"(0.2, 20, 60)"
S3_units,Bearing3_4,12,12,0.0,XJTU-SY,"(0.2, 20, 60)"
S3_units,Bearing3_4,12,12,0.0,XJTU-SY,"(0.2, 20, 60)"
S3_units,Bearing3_4,12,12,0.0,XJTU-SY,"(0.2, 20, 60)"
S3_units,Bearing3_4,12,12,0.0,XJTU-SY,"(0.2, 20, 60)"
S3_units,Bearing3_4,12,12,0.0,XJTU-SY,"(0.2, 20, 60)"
S3_units,Bearing3_4,12,12,0.0,XJTU-SY,"(0.2, 20, 60)"
S3_units,Bearing3_4,12,12,0.0,XJTU-SY,"(0.2, 20, 60)"
S3_units,Bearing3_4,12,12,0.0,XJTU-SY,"(0.2, 20, 60)"
S3_units,Bearing3_4,12,12,0.0,XJTU-SY,"(0.2, 20, 60)"
S3_units,Bearing3_4,12,12,0.0,XJTU-SY,"(0.2, 20, 60)"
S3_units,Bearing3_5,20,1,0.5454545454545454,XJTU-SY,"(0.2, 20, 60)"
S3_units,Bearing3_5,20,1,0.9545454545454546,XJTU-SY,"(0.2, 20, 60)"
S3_units,Bearing3_5,20,1,0.9545454545454546,XJTU-SY,"(0.2, 20, 60)"
S3_units,Bearing3_5,20,1,0.8636363636363636,XJTU-SY,"(0.2, 20, 60)"
S3_units,Bearing3_5,20,1,0.5,XJTU-SY,"(0.2, 20, 60)"
S3_units,Bearing3_5,20,1,0.8181818181818182,XJTU-SY,"(0.2, 20, 60)"
S3_units,Bearing3_5,20,1,0.9545454545454546,XJTU-SY,"(0.2, 20, 60)"
S3_units,Bearing3_5,20,1,0.8181818181818182,XJTU-SY,"(0.2, 20, 60)"
S3_units,Bearing3_5,20,1,0.0,XJTU-SY,"(0.2, 20, 60)"
S3_units,Bearing3_5,20,1,0.0,XJTU-SY,"(0.2, 20, 60)"
S3_units,Bearing3_5,20,1,0.7727272727272727,XJTU-SY,"(0.2, 20, 60)"
S3_units,Bearing3_5,20,1,0.5909090909090909,XJTU-SY,"(0.2, 20, 60)"
S3_units,Bearing3_5,20,1,0.2727272727272727,XJTU-SY,"(0.2, 20, 60)"
S3_units,Bearing3_5,20,1,1.0,XJTU-SY,"(0.2, 20, 60)"
S3_units,Bearing3_5,20,1,0.8636363636363636,XJTU-SY,"(0.2, 20, 60)"
S3_units,Bearing3_5,20,1,1.0,XJTU-SY,"(0.2, 20, 60)"
S3_units,Bearing3_5,20,1,0.4090909090909091,XJTU-SY,"(0.2, 20, 60)"
S3_units,Bearing3_5,20,1,0.9545454545454546,XJTU-SY,"(0.2, 20, 60)"
S3_units,Bearing3_5,20,1,0.7272727272727273,XJTU-SY,"(0.2, 20, 60)"
S3_units,Bearing3_5,20,1,0.8636363636363636,XJTU-SY,"(0.2, 20, 60)"
S3_units,Bearing3_5,20,1,0.8181818181818182,XJTU-SY,"(0.2, 20, 60)"
S3_units,Bearing3_5,20,1,0.9545454545454546,XJTU-SY,"(0.2, 20, 60)"
S3_units,Bearing3_5,20,1,0.0,XJTU-SY,"(0.2, 20, 60)"
S3_units,Bearing3_5,20,1,0.3181818181818182,XJTU-SY,"(0.2, 20, 60)"
S3_units,Bearing3_5,20,1,0.0,XJTU-SY,"(0.2, 20, 60)"
S3_units,Bearing3_5,20,1,0.9545454545454546,XJTU-SY,"(0.2, 20, 60)"
S3_units,Bearing3_5,20,1,0.0,XJTU-SY,"(0.2, 20, 60)"
S3_units,Bearing3_5,20,1,0.5,XJTU-SY,"(0.2, 20, 60)"
S3_units,Bearing3_5,20,1,0.7727272727272727,XJTU-SY,"(0.2, 20, 60)"
S3_units,Bearing3_5,20,1,0.7272727272727273,XJTU-SY,"(0.2, 20, 60)"
S3_units,Bearing3_5,12,12,0.0,XJTU-SY,"(0.2, 20, 60)"
S3_units,Bearing3_5,12,12,0.0,XJTU-SY,"(0.2, 20, 60)"
S3_units,Bearing3_5,12,12,0.0,XJTU-SY,"(0.2, 20, 60)"
S3_units,Bearing3_5,12,12,0.0,XJTU-SY,"(0.2, 20, 60)"
S3_units,Bearing3_5,12,12,0.0,XJTU-SY,"(0.2, 20, 60)"
S3_units,Bearing3_5,12,12,0.0,XJTU-SY,"(0.2, 20, 60)"
S3_units,Bearing3_5,12,12,0.0,XJTU-SY,"(0.2, 20, 60)"
S3_units,Bearing3_5,12,12,0.045454545454545456,XJTU-SY,"(0.2, 20, 60)"
S3_units,Bearing3_5,12,12,0.0,XJTU-SY,"(0.2, 20, 60)"
S3_units,Bearing3_5,12,12,0.0,XJTU-SY,"(0.2, 20, 60)"
S3_units,Bearing3_5,12,12,0.0,XJTU-SY,"(0.2, 20, 60)"
S3_units,Bearing3_5,12,12,0.0,XJTU-SY,"(0.2, 20, 60)"
S3_units,Bearing3_5,12,12,0.0,XJTU-SY,"(0.2, 20, 60)"
S3_units,Bearing3_5,12,12,0.0,XJTU-SY,"(0.2, 20, 60)"
S3_units,Bearing3_5,12,12,0.0,XJTU-SY,"(0.2, 20, 60)"
S3_units,Bearing3_5,12,12,0.0,XJTU-SY,"(0.2, 20, 60)"
S3_units,Bearing3_5,12,12,0.045454545454545456,XJTU-SY,"(0.2, 20, 60)"
S3_units,Bearing3_5,12,12,0.0,XJTU-SY,"(0.2, 20, 60)"
S3_units,Bearing3_5,12,12,0.0,XJTU-SY,"(0.2, 20, 60)"
S3_units,Bearing3_5,12,12,0.0,XJTU-SY,"(0.2, 20, 60)"
S3_units,Bearing3_5,12,12,0.36363636363636365,XJTU-SY,"(0.2, 20, 60)"
S3_units,Bearing3_5,12,12,0.045454545454545456,XJTU-SY,"(0.2, 20, 60)"
S3_units,Bearing3_5,12,12,0.0,XJTU-SY,"(0.2, 20, 60)"
S3_units,Bearing3_5,12,12,0.0,XJTU-SY,"(0.2, 20, 60)"
S3_units,Bearing3_5,12,12,0.0,XJTU-SY,"(0.2, 20, 60)"
S3_units,Bearing3_5,12,12,0.0,XJTU-SY,"(0.2, 20, 60)"
S3_units,Bearing3_5,12,12,0.0,XJTU-SY,"(0.2, 20, 60)"
S3_units,Bearing3_5,12,12,0.045454545454545456,XJTU-SY,"(0.2, 20, 60)"
S3_units,Bearing3_5,12,12,0.0,XJTU-SY,"(0.2, 20, 60)"
S3_units,Bearing3_5,12,12,0.0,XJTU-SY,"(0.2, 20, 60)"
S3_units,Bearing1_1,20,1,0.0,PRONOSTIA,"(0.1, 10, 60)"
S3_units,Bearing1_1,20,1,0.0,PRONOSTIA,"(0.1, 10, 60)"
S3_units,Bearing1_1,20,1,0.85,PRONOSTIA,"(0.1, 10, 60)"
S3_units,Bearing1_1,20,1,0.0,PRONOSTIA,"(0.1, 10, 60)"
S3_units,Bearing1_1,20,1,0.5833333333333334,PRONOSTIA,"(0.1, 10, 60)"
S3_units,Bearing1_1,20,1,0.8666666666666667,PRONOSTIA,"(0.1, 10, 60)"
S3_units,Bearing1_1,20,1,0.0,PRONOSTIA,"(0.1, 10, 60)"
S3_units,Bearing1_1,20,1,0.23333333333333334,PRONOSTIA,"(0.1, 10, 60)"
S3_units,Bearing1_1,20,1,0.03333333333333333,PRONOSTIA,"(0.1, 10, 60)"
S3_units,Bearing1_1,20,1,0.0,PRONOSTIA,"(0.1, 10, 60)"
S3_units,Bearing1_1,20,1,0.0,PRONOSTIA,"(0.1, 10, 60)"
S3_units,Bearing1_1,20,1,0.0,PRONOSTIA,"(0.1, 10, 60)"
S3_units,Bearing1_1,20,1,0.0,PRONOSTIA,"(0.1, 10, 60)"
S3_units,Bearing1_1,20,1,0.0,PRONOSTIA,"(0.1, 10, 60)"
S3_units,Bearing1_1,20,1,0.6,PRONOSTIA,"(0.1, 10, 60)"
S3_units,Bearing1_1,20,1,0.0,PRONOSTIA,"(0.1, 10, 60)"
S3_units,Bearing1_1,20,1,0.48333333333333334,PRONOSTIA,"(0.1, 10, 60)"
S3_units,Bearing1_1,20,1,0.0,PRONOSTIA,"(0.1, 10, 60)"
S3_units,Bearing1_1,20,1,0.0,PRONOSTIA,"(0.1, 10, 60)"
S3_units,Bearing1_1,20,1,0.0,PRONOSTIA,"(0.1, 10, 60)"
S3_units,Bearing1_1,20,1,0.5333333333333333,PRONOSTIA,"(0.1, 10, 60)"
S3_units,Bearing1_1,20,1,0.6666666666666666,PRONOSTIA,"(0.1, 10, 60)"
S3_units,Bearing1_1,20,1,0.0,PRONOSTIA,"(0.1, 10, 60)"
S3_units,Bearing1_1,20,1,0.05,PRONOSTIA,"(0.1, 10, 60)"
S3_units,Bearing1_1,20,1,0.0,PRONOSTIA,"(0.1, 10, 60)"
S3_units,Bearing1_1,20,1,0.0,PRONOSTIA,"(0.1, 10, 60)"
S3_units,Bearing1_1,20,1,0.05,PRONOSTIA,"(0.1, 10, 60)"
S3_units,Bearing1_1,20,1,0.03333333333333333,PRONOSTIA,"(0.1, 10, 60)"
S3_units,Bearing1_1,20,1,0.016666666666666666,PRONOSTIA,"(0.1, 10, 60)"
S3_units,Bearing1_1,20,1,0.0,PRONOSTIA,"(0.1, 10, 60)"
S3_units,Bearing1_1,16,16,0.0,PRONOSTIA,"(0.1, 10, 60)"
S3_units,Bearing1_1,16,16,0.0,PRONOSTIA,"(0.1, 10, 60)"
S3_units,Bearing1_1,16,16,0.0,PRONOSTIA,"(0.1, 10, 60)"
S3_units,Bearing1_1,16,16,0.0,PRONOSTIA,"(0.1, 10, 60)"
S3_units,Bearing1_1,16,16,0.0,PRONOSTIA,"(0.1, 10, 60)"
S3_units,Bearing1_1,16,16,0.0,PRONOSTIA,"(0.1, 10, 60)"
S3_units,Bearing1_1,16,16,0.0,PRONOSTIA,"(0.1, 10, 60)"
S3_units,Bearing1_1,16,16,0.0,PRONOSTIA,"(0.1, 10, 60)"
S3_units,Bearing1_1,16,16,0.0,PRONOSTIA,"(0.1, 10, 60)"
S3_units,Bearing1_1,16,16,0.0,PRONOSTIA,"(0.1, 10, 60)"
S3_units,Bearing1_1,16,16,0.0,PRONOSTIA,"(0.1, 10, 60)"
S3_units,Bearing1_1,16,16,0.0,PRONOSTIA,"(0.1, 10, 60)"
S3_units,Bearing1_1,16,16,0.0,PRONOSTIA,"(0.1, 10, 60)"
S3_units,Bearing1_1,16,16,0.0,PRONOSTIA,"(0.1, 10, 60)"
S3_units,Bearing1_1,16,16,0.0,PRONOSTIA,"(0.1, 10, 60)"
S3_units,Bearing1_1,16,16,0.0,PRONOSTIA,"(0.1, 10, 60)"
S3_units,Bearing1_1,16,16,0.0,PRONOSTIA,"(0.1, 10, 60)"
S3_units,Bearing1_1,16,16,0.0,PRONOSTIA,"(0.1, 10, 60)"
S3_units,Bearing1_1,16,16,0.0,PRONOSTIA,"(0.1, 10, 60)"
S3_units,Bearing1_1,16,16,0.0,PRONOSTIA,"(0.1, 10, 60)"
S3_units,Bearing1_1,16,16,0.0,PRONOSTIA,"(0.1, 10, 60)"
S3_units,Bearing1_1,16,16,0.0,PRONOSTIA,"(0.1, 10, 60)"
S3_units,Bearing1_1,16,16,0.0,PRONOSTIA,"(0.1, 10, 60)"
S3_units,Bearing1_1,16,16,0.0,PRONOSTIA,"(0.1, 10, 60)"
S3_units,Bearing1_1,16,16,0.0,PRONOSTIA,"(0.1, 10, 60)"
S3_units,Bearing1_1,16,16,0.0,PRONOSTIA,"(0.1, 10, 60)"
S3_units,Bearing1_1,16,16,0.0,PRONOSTIA,"(0.1, 10, 60)"
S3_units,Bearing1_1,16,16,0.0,PRONOSTIA,"(0.1, 10, 60)"
S3_units,Bearing1_1,16,16,0.0,PRONOSTIA,"(0.1, 10, 60)"
S3_units,Bearing1_1,16,16,0.0,PRONOSTIA,"(0.1, 10, 60)"
S3_units,Bearing1_2,20,1,0.3,PRONOSTIA,"(0.1, 10, 60)"
S3_units,Bearing1_2,20,1,0.016666666666666666,PRONOSTIA,"(0.1, 10, 60)"
S3_units,Bearing1_2,20,1,0.016666666666666666,PRONOSTIA,"(0.1, 10, 60)"
S3_units,Bearing1_2,20,1,0.21666666666666667,PRONOSTIA,"(0.1, 10, 60)"
S3_units,Bearing1_2,20,1,0.03333333333333333,PRONOSTIA,"(0.1, 10, 60)"
S3_units,Bearing1_2,20,1,0.08333333333333333,PRONOSTIA,"(0.1, 10, 60)"
S3_units,Bearing1_2,20,1,0.11666666666666667,PRONOSTIA,"(0.1, 10, 60)"
S3_units,Bearing1_2,20,1,0.18333333333333332,PRONOSTIA,"(0.1, 10, 60)"
S3_units,Bearing1_2,20,1,0.016666666666666666,PRONOSTIA,"(0.1, 10, 60)"
S3_units,Bearing1_2,20,1,0.15,PRONOSTIA,"(0.1, 10, 60)"
S3_units,Bearing1_2,20,1,0.35,PRONOSTIA,"(0.1, 10, 60)"
S3_units,Bearing1_2,20,1,0.11666666666666667,PRONOSTIA,"(0.1, 10, 60)"
S3_units,Bearing1_2,20,1,0.016666666666666666,PRONOSTIA,"(0.1, 10, 60)"
S3_units,Bearing1_2,20,1,0.05,PRONOSTIA,"(0.1, 10, 60)"
S3_units,Bearing1_2,20,1,0.0,PRONOSTIA,"(0.1, 10, 60)"
S3_units,Bearing1_2,20,1,0.08333333333333333,PRONOSTIA,"(0.1, 10, 60)"
S3_units,Bearing1_2,20,1,0.0,PRONOSTIA,"(0.1, 10, 60)"
S3_units,Bearing1_2,20,1,0.08333333333333333,PRONOSTIA,"(0.1, 10, 60)"
S3_units,Bearing1_2,20,1,0.08333333333333333,PRONOSTIA,"(0.1, 10, 60)"
S3_units,Bearing1_2,20,1,0.08333333333333333,PRONOSTIA,"(0.1, 10, 60)"
S3_units,Bearing1_2,20,1,0.1,PRONOSTIA,"(0.1, 10, 60)"
S3_units,Bearing1_2,20,1,0.016666666666666666,PRONOSTIA,"(0.1, 10, 60)"
S3_units,Bearing1_2,20,1,0.0,PRONOSTIA,"(0.1, 10, 60)"
S3_units,Bearing1_2,20,1,0.45,PRONOSTIA,"(0.1, 10, 60)"
S3_units,Bearing1_2,20,1,0.43333333333333335,PRONOSTIA,"(0.1, 10, 60)"
S3_units,Bearing1_2,20,1,0.16666666666666666,PRONOSTIA,"(0.1, 10, 60)"
S3_units,Bearing1_2,20,1,0.11666666666666667,PRONOSTIA,"(0.1, 10, 60)"
S3_units,Bearing1_2,20,1,0.05,PRONOSTIA,"(0.1, 10, 60)"
S3_units,Bearing1_2,20,1,0.3,PRONOSTIA,"(0.1, 10, 60)"
S3_units,Bearing1_2,20,1,0.18333333333333332,PRONOSTIA,"(0.1, 10, 60)"
S3_units,Bearing1_2,16,16,0.03333333333333333,PRONOSTIA,"(0.1, 10, 60)"
S3_units,Bearing1_2,16,16,0.0,PRONOSTIA,"(0.1, 10, 60)"
S3_units,Bearing1_2,16,16,0.03333333333333333,PRONOSTIA,"(0.1, 10, 60)"
S3_units,Bearing1_2,16,16,0.03333333333333333,PRONOSTIA,"(0.1, 10, 60)"
S3_units,Bearing1_2,16,16,0.0,PRONOSTIA,"(0.1, 10, 60)"
S3_units,Bearing1_2,16,16,0.06666666666666667,PRONOSTIA,"(0.1, 10, 60)"
S3_units,Bearing1_2,16,16,0.0,PRONOSTIA,"(0.1, 10, 60)"
S3_units,Bearing1_2,16,16,0.08333333333333333,PRONOSTIA,"(0.1, 10, 60)"
S3_units,Bearing1_2,16,16,0.11666666666666667,PRONOSTIA,"(0.1, 10, 60)"
S3_units,Bearing1_2,16,16,0.016666666666666666,PRONOSTIA,"(0.1, 10, 60)"
S3_units,Bearing1_2,16,16,0.0,PRONOSTIA,"(0.1, 10, 60)"
S3_units,Bearing1_2,16,16,0.06666666666666667,PRONOSTIA,"(0.1, 10, 60)"
S3_units,Bearing1_2,16,16,0.0,PRONOSTIA,"(0.1, 10, 60)"
S3_units,Bearing1_2,16,16,0.0,PRONOSTIA,"(0.1, 10, 60)"
S3_units,Bearing1_2,16,16,0.0,PRONOSTIA,"(0.1, 10, 60)"
S3_units,Bearing1_2,16,16,0.03333333333333333,PRONOSTIA,"(0.1, 10, 60)"
S3_units,Bearing1_2,16,16,0.0,PRONOSTIA,"(0.1, 10, 60)"
S3_units,Bearing1_2,16,16,0.016666666666666666,PRONOSTIA,"(0.1, 10, 60)"
S3_units,Bearing1_2,16,16,0.0,PRONOSTIA,"(0.1, 10, 60)"
S3_units,Bearing1_2,16,16,0.05,PRONOSTIA,"(0.1, 10, 60)"
S3_units,Bearing1_2,16,16,0.0,PRONOSTIA,"(0.1, 10, 60)"
S3_units,Bearing1_2,16,16,0.0,PRONOSTIA,"(0.1, 10, 60)"
S3_units,Bearing1_2,16,16,0.05,PRONOSTIA,"(0.1, 10, 60)"
S3_units,Bearing1_2,16,16,0.016666666666666666,PRONOSTIA,"(0.1, 10, 60)"
S3_units,Bearing1_2,16,16,0.0,PRONOSTIA,"(0.1, 10, 60)"
S3_units,Bearing1_2,16,16,0.0,PRONOSTIA,"(0.1, 10, 60)"
S3_units,Bearing1_2,16,16,0.03333333333333333,PRONOSTIA,"(0.1, 10, 60)"
S3_units,Bearing1_2,16,16,0.08333333333333333,PRONOSTIA,"(0.1, 10, 60)"
S3_units,Bearing1_2,16,16,0.05,PRONOSTIA,"(0.1, 10, 60)"
S3_units,Bearing1_2,16,16,0.0,PRONOSTIA,"(0.1, 10, 60)"
S3_units,Bearing1_3,20,1,0.0,PRONOSTIA,"(0.1, 10, 60)"
S3_units,Bearing1_3,20,1,0.15,PRONOSTIA,"(0.1, 10, 60)"
S3_units,Bearing1_3,20,1,0.03333333333333333,PRONOSTIA,"(0.1, 10, 60)"
S3_units,Bearing1_3,20,1,0.35,PRONOSTIA,"(0.1, 10, 60)"
S3_units,Bearing1_3,20,1,0.0,PRONOSTIA,"(0.1, 10, 60)"
S3_units,Bearing1_3,20,1,0.2833333333333333,PRONOSTIA,"(0.1, 10, 60)"
S3_units,Bearing1_3,20,1,0.2833333333333333,PRONOSTIA,"(0.1, 10, 60)"
S3_units,Bearing1_3,20,1,0.0,PRONOSTIA,"(0.1, 10, 60)"
S3_units,Bearing1_3,20,1,0.23333333333333334,PRONOSTIA,"(0.1, 10, 60)"
S3_units,Bearing1_3,20,1,0.13333333333333333,PRONOSTIA,"(0.1, 10, 60)"
S3_units,Bearing1_3,20,1,0.8333333333333334,PRONOSTIA,"(0.1, 10, 60)"
S3_units,Bearing1_3,20,1,0.2833333333333333,PRONOSTIA,"(0.1, 10, 60)"
S3_units,Bearing1_3,20,1,0.5333333333333333,PRONOSTIA,"(0.1, 10, 60)"
S3_units,Bearing1_3,20,1,0.6,PRONOSTIA,"(0.1, 10, 60)"
S3_units,Bearing1_3,20,1,0.13333333333333333,PRONOSTIA,"(0.1, 10, 60)"
S3_units,Bearing1_3,20,1,0.5166666666666667,PRONOSTIA,"(0.1, 10, 60)"
S3_units,Bearing1_3,20,1,0.016666666666666666,PRONOSTIA,"(0.1, 10, 60)"
S3_units,Bearing1_3,20,1,0.4666666666666667,PRONOSTIA,"(0.1, 10, 60)"
S3_units,Bearing1_3,20,1,0.15,PRONOSTIA,"(0.1, 10, 60)"
S3_units,Bearing1_3,20,1,0.26666666666666666,PRONOSTIA,"(0.1, 10, 60)"
S3_units,Bearing1_3,20,1,0.25,PRONOSTIA,"(0.1, 10, 60)"
S3_units,Bearing1_3,20,1,0.2,PRONOSTIA,"(0.1, 10, 60)"
S3_units,Bearing1_3,20,1,0.2,PRONOSTIA,"(0.1, 10, 60)"
S3_units,Bearing1_3,20,1,0.16666666666666666,PRONOSTIA,"(0.1, 10, 60)"
S3_units,Bearing1_3,20,1,0.16666666666666666,PRONOSTIA,"(0.1, 10, 60)"
S3_units,Bearing1_3,20,1,0.25,PRONOSTIA,"(0.1, 10, 60)"
S3_units,Bearing1_3,20,1,0.2833333333333333,PRONOSTIA,"(0.1, 10, 60)"
S3_units,Bearing1_3,20,1,0.16666666666666666,PRONOSTIA,"(0.1, 10, 60)"
S3_units,Bearing1_3,20,1,0.5833333333333334,PRONOSTIA,"(0.1, 10, 60)"
S3_units,Bearing1_3,20,1,0.06666666666666667,PRONOSTIA,"(0.1, 10, 60)"
S3_units,Bearing1_3,16,16,0.3,PRONOSTIA,"(0.1, 10, 60)"
S3_units,Bearing1_3,16,16,0.0,PRONOSTIA,"(0.1, 10, 60)"
S3_units,Bearing1_3,16,16,0.03333333333333333,PRONOSTIA,"(0.1, 10, 60)"
S3_units,Bearing1_3,16,16,0.0,PRONOSTIA,"(0.1, 10, 60)"
S3_units,Bearing1_3,16,16,0.11666666666666667,PRONOSTIA,"(0.1, 10, 60)"
S3_units,Bearing1_3,16,16,0.0,PRONOSTIA,"(0.1, 10, 60)"
S3_units,Bearing1_3,16,16,0.06666666666666667,PRONOSTIA,"(0.1, 10, 60)"
S3_units,Bearing1_3,16,16,0.11666666666666667,PRONOSTIA,"(0.1, 10, 60)"
S3_units,Bearing1_3,16,16,0.05,PRONOSTIA,"(0.1, 10, 60)"
S3_units,Bearing1_3,16,16,0.18333333333333332,PRONOSTIA,"(0.1, 10, 60)"
S3_units,Bearing1_3,16,16,0.03333333333333333,PRONOSTIA,"(0.1, 10, 60)"
S3_units,Bearing1_3,16,16,0.0,PRONOSTIA,"(0.1, 10, 60)"
S3_units,Bearing1_3,16,16,0.21666666666666667,PRONOSTIA,"(0.1, 10, 60)"
S3_units,Bearing1_3,16,16,0.0,PRONOSTIA,"(0.1, 10, 60)"
S3_units,Bearing1_3,16,16,0.15,PRONOSTIA,"(0.1, 10, 60)"
S3_units,Bearing1_3,16,16,0.0,PRONOSTIA,"(0.1, 10, 60)"
S3_units,Bearing1_3,16,16,0.15,PRONOSTIA,"(0.1, 10, 60)"
S3_units,Bearing1_3,16,16,0.03333333333333333,PRONOSTIA,"(0.1, 10, 60)"
S3_units,Bearing1_3,16,16,0.0,PRONOSTIA,"(0.1, 10, 60)"
S3_units,Bearing1_3,16,16,0.0,PRONOSTIA,"(0.1, 10, 60)"
S3_units,Bearing1_3,16,16,0.016666666666666666,PRONOSTIA,"(0.1, 10, 60)"
S3_units,Bearing1_3,16,16,0.05,PRONOSTIA,"(0.1, 10, 60)"
S3_units,Bearing1_3,16,16,0.0,PRONOSTIA,"(0.1, 10, 60)"
S3_units,Bearing1_3,16,16,0.0,PRONOSTIA,"(0.1, 10, 60)"
S3_units,Bearing1_3,16,16,0.0,PRONOSTIA,"(0.1, 10, 60)"
S3_units,Bearing1_3,16,16,0.0,PRONOSTIA,"(0.1, 10, 60)"
S3_units,Bearing1_3,16,16,0.0,PRONOSTIA,"(0.1, 10, 60)"
S3_units,Bearing1_3,16,16,0.03333333333333333,PRONOSTIA,"(0.1, 10, 60)"
S3_units,Bearing1_3,16,16,0.08333333333333333,PRONOSTIA,"(0.1, 10, 60)"
S3_units,Bearing1_3,16,16,0.16666666666666666,PRONOSTIA,"(0.1, 10, 60)"
S3_units,Bearing1_4,20,1,0.0,PRONOSTIA,"(0.1, 10, 60)"
S3_units,Bearing1_4,20,1,0.0,PRONOSTIA,"(0.1, 10, 60)"
S3_units,Bearing1_4,20,1,0.0,PRONOSTIA,"(0.1, 10, 60)"
S3_units,Bearing1_4,20,1,0.2,PRONOSTIA,"(0.1, 10, 60)"
S3_units,Bearing1_4,20,1,0.1,PRONOSTIA,"(0.1, 10, 60)"
S3_units,Bearing1_4,20,1,0.0,PRONOSTIA,"(0.1, 10, 60)"
S3_units,Bearing1_4,20,1,0.03333333333333333,PRONOSTIA,"(0.1, 10, 60)"
S3_units,Bearing1_4,20,1,0.48333333333333334,PRONOSTIA,"(0.1, 10, 60)"
S3_units,Bearing1_4,20,1,0.0,PRONOSTIA,"(0.1, 10, 60)"
S3_units,Bearing1_4,20,1,0.16666666666666666,PRONOSTIA,"(0.1, 10, 60)"
S3_units,Bearing1_4,20,1,0.0,PRONOSTIA,"(0.1, 10, 60)"
S3_units,Bearing1_4,20,1,0.0,PRONOSTIA,"(0.1, 10, 60)"
S3_units,Bearing1_4,20,1,0.016666666666666666,PRONOSTIA,"(0.1, 10, 60)"
S3_units,Bearing1_4,20,1,0.0,PRONOSTIA,"(0.1, 10, 60)"
S3_units,Bearing1_4,20,1,0.0,PRONOSTIA,"(0.1, 10, 60)"
S3_units,Bearing1_4,20,1,0.0,PRONOSTIA,"(0.1, 10, 60)"
S3_units,Bearing1_4,20,1,0.0,PRONOSTIA,"(0.1, 10, 60)"
S3_units,Bearing1_4,20,1,0.0,PRONOSTIA,"(0.1, 10, 60)"
S3_units,Bearing1_4,20,1,0.36666666666666664,PRONOSTIA,"(0.1, 10, 60)"
S3_units,Bearing1_4,20,1,0.0,PRONOSTIA,"(0.1, 10, 60)"
S3_units,Bearing1_4,20,1,0.05,PRONOSTIA,"(0.1, 10, 60)"
S3_units,Bearing1_4,20,1,0.05,PRONOSTIA,"(0.1, 10, 60)"
S3_units,Bearing1_4,20,1,0.6,PRONOSTIA,"(0.1, 10, 60)"
S3_units,Bearing1_4,20,1,0.0,PRONOSTIA,"(0.1, 10, 60)"
S3_units,Bearing1_4,20,1,0.0,PRONOSTIA,"(0.1, 10, 60)"
S3_units,Bearing1_4,20,1,0.5333333333333333,PRONOSTIA,"(0.1, 10, 60)"
S3_units,Bearing1_4,20,1,0.0,PRONOSTIA,"(0.1, 10, 60)"
S3_units,Bearing1_4,20,1,0.0,PRONOSTIA,"(0.1, 10, 60)"
S3_units,Bearing1_4,20,1,0.0,PRONOSTIA,"(0.1, 10, 60)"
S3_units,Bearing1_4,20,1,0.0,PRONOSTIA,"(0.1, 10, 60)"
S3_units,Bearing1_4,16,16,0.0,PRONOSTIA,"(0.1, 10, 60)"
S3_units,Bearing1_4,16,16,0.0,PRONOSTIA,"(0.1, 10, 60)"
S3_units,Bearing1_4,16,16,0.0,PRONOSTIA,"(0.1, 10, 60)"
S3_units,Bearing1_4,16,16,0.0,PRONOSTIA,"(0.1, 10, 60)"
S3_units,Bearing1_4,16,16,0.0,PRONOSTIA,"(0.1, 10, 60)"
S3_units,Bearing1_4,16,16,0.0,PRONOSTIA,"(0.1, 10, 60)"
S3_units,Bearing1_4,16,16,0.0,PRONOSTIA,"(0.1, 10, 60)"
S3_units,Bearing1_4,16,16,0.0,PRONOSTIA,"(0.1, 10, 60)"
S3_units,Bearing1_4,16,16,0.0,PRONOSTIA,"(0.1, 10, 60)"
S3_units,Bearing1_4,16,16,0.0,PRONOSTIA,"(0.1, 10, 60)"
S3_units,Bearing1_4,16,16,0.0,PRONOSTIA,"(0.1, 10, 60)"
S3_units,Bearing1_4,16,16,0.0,PRONOSTIA,"(0.1, 10, 60)"
S3_units,Bearing1_4,16,16,0.0,PRONOSTIA,"(0.1, 10, 60)"
S3_units,Bearing1_4,16,16,0.0,PRONOSTIA,"(0.1, 10, 60)"
S3_units,Bearing1_4,16,16,0.0,PRONOSTIA,"(0.1, 10, 60)"
S3_units,Bearing1_4,16,16,0.0,PRONOSTIA,"(0.1, 10, 60)"
S3_units,Bearing1_4,16,16,0.0,PRONOSTIA,"(0.1, 10, 60)"
S3_units,Bearing1_4,16,16,0.0,PRONOSTIA,"(0.1, 10, 60)"
S3_units,Bearing1_4,16,16,0.0,PRONOSTIA,"(0.1, 10, 60)"
S3_units,Bearing1_4,16,16,0.0,PRONOSTIA,"(0.1, 10, 60)"
S3_units,Bearing1_4,16,16,0.0,PRONOSTIA,"(0.1, 10, 60)"
S3_units,Bearing1_4,16,16,0.23333333333333334,PRONOSTIA,"(0.1, 10, 60)"
S3_units,Bearing1_4,16,16,0.0,PRONOSTIA,"(0.1, 10, 60)"
S3_units,Bearing1_4,16,16,0.0,PRONOSTIA,"(0.1, 10, 60)"
S3_units,Bearing1_4,16,16,0.0,PRONOSTIA,"(0.1, 10, 60)"
S3_units,Bearing1_4,16,16,0.0,PRONOSTIA,"(0.1, 10, 60)"
S3_units,Bearing1_4,16,16,0.0,PRONOSTIA,"(0.1, 10, 60)"
S3_units,Bearing1_4,16,16,0.5,PRONOSTIA,"(0.1, 10, 60)"
S3_units,Bearing1_4,16,16,0.0,PRONOSTIA,"(0.1, 10, 60)"
S3_units,Bearing1_4,16,16,0.0,PRONOSTIA,"(0.1, 10, 60)"
S3_units,Bearing1_5,20,1,0.0,PRONOSTIA,"(0.1, 10, 60)"
S3_units,Bearing1_5,20,1,0.18333333333333332,PRONOSTIA,"(0.1, 10, 60)"
S3_units,Bearing1_5,20,1,0.03333333333333333,PRONOSTIA,"(0.1, 10, 60)"
S3_units,Bearing1_5,20,1,0.0,PRONOSTIA,"(0.1, 10, 60)"
S3_units,Bearing1_5,20,1,0.0,PRONOSTIA,"(0.1, 10, 60)"
S3_units,Bearing1_5,20,1,0.0,PRONOSTIA,"(0.1, 10, 60)"
S3_units,Bearing1_5,20,1,0.03333333333333333,PRONOSTIA,"(0.1, 10, 60)"
S3_units,Bearing1_5,20,1,0.05,PRONOSTIA,"(0.1, 10, 60)"
S3_units,Bearing1_5,20,1,0.0,PRONOSTIA,"(0.1, 10, 60)"
S3_units,Bearing1_5,20,1,0.0,PRONOSTIA,"(0.1, 10, 60)"
S3_units,Bearing1_5,20,1,0.016666666666666666,PRONOSTIA,"(0.1, 10, 60)"
S3_units,Bearing1_5,20,1,0.23333333333333334,PRONOSTIA,"(0.1, 10, 60)"
S3_units,Bearing1_5,20,1,0.03333333333333333,PRONOSTIA,"(0.1, 10, 60)"
S3_units,Bearing1_5,20,1,0.7333333333333333,PRONOSTIA,"(0.1, 10, 60)"
S3_units,Bearing1_5,20,1,0.18333333333333332,PRONOSTIA,"(0.1, 10, 60)"
S3_units,Bearing1_5,20,1,0.06666666666666667,PRONOSTIA,"(0.1, 10, 60)"
S3_units,Bearing1_5,20,1,0.0,PRONOSTIA,"(0.1, 10, 60)"
S3_units,Bearing1_5,20,1,0.0,PRONOSTIA,"(0.1, 10, 60)"
S3_units,Bearing1_5,20,1,0.15,PRONOSTIA,"(0.1, 10, 60)"
S3_units,Bearing1_5,20,1,0.21666666666666667,PRONOSTIA,"(0.1, 10, 60)"
S3_units,Bearing1_5,20,1,0.0,PRONOSTIA,"(0.1, 10, 60)"
S3_units,Bearing1_5,20,1,0.0,PRONOSTIA,"(0.1, 10, 60)"
S3_units,Bearing1_5,20,1,0.26666666666666666,PRONOSTIA,"(0.1, 10, 60)"
S3_units,Bearing1_5,20,1,0.0,PRONOSTIA,"(0.1, 10, 60)"
S3_units,Bearing1_5,20,1,0.55,PRONOSTIA,"(0.1, 10, 60)"
S3_units,Bearing1_5,20,1,0.05,PRONOSTIA,"(0.1, 10, 60)"
S3_units,Bearing1_5,20,1,0.016666666666666666,PRONOSTIA,"(0.1, 10, 60)"
S3_units,Bearing1_5,20,1,0.16666666666666666,PRONOSTIA,"(0.1, 10, 60)"
S3_units,Bearing1_5,20,1,0.11666666666666667,PRONOSTIA,"(0.1, 10, 60)"
S3_units,Bearing1_5,20,1,0.0,PRONOSTIA,"(0.1, 10, 60)"
S3_units,Bearing1_5,16,16,0.0,PRONOSTIA,"(0.1, 10, 60)"
S3_units,Bearing1_5,16,16,0.0,PRONOSTIA,"(0.1, 10, 60)"
S3_units,Bearing1_5,16,16,0.0,PRONOSTIA,"(0.1, 10, 60)"
S3_units,Bearing1_5,16,16,0.03333333333333333,PRONOSTIA,"(0.1, 10, 60)"
S3_units,Bearing1_5,16,16,0.0,PRONOSTIA,"(0.1, 10, 60)"
S3_units,Bearing1_5,16,16,0.0,PRONOSTIA,"(0.1, 10, 60)"
S3_units,Bearing1_5,16,16,0.0,PRONOSTIA,"(0.1, 10, 60)"
S3_units,Bearing1_5,16,16,0.0,PRONOSTIA,"(0.1, 10, 60)"
S3_units,Bearing1_5,16,16,0.0,PRONOSTIA,"(0.1, 10, 60)"
S3_units,Bearing1_5,16,16,0.0,PRONOSTIA,"(0.1, 10, 60)"
S3_units,Bearing1_5,16,16,0.0,PRONOSTIA,"(0.1, 10, 60)"
S3_units,Bearing1_5,16,16,0.0,PRONOSTIA,"(0.1, 10, 60)"
S3_units,Bearing1_5,16,16,0.0,PRONOSTIA,"(0.1, 10, 60)"
S3_units,Bearing1_5,16,16,0.03333333333333333,PRONOSTIA,"(0.1, 10, 60)"
S3_units,Bearing1_5,16,16,0.03333333333333333,PRONOSTIA,"(0.1, 10, 60)"
S3_units,Bearing1_5,16,16,0.0,PRONOSTIA,"(0.1, 10, 60)"
S3_units,Bearing1_5,16,16,0.0,PRONOSTIA,"(0.1, 10, 60)"
S3_units,Bearing1_5,16,16,0.0,PRONOSTIA,"(0.1, 10, 60)"
S3_units,Bearing1_5,16,16,0.0,PRONOSTIA,"(0.1, 10, 60)"
S3_units,Bearing1_5,16,16,0.0,PRONOSTIA,"(0.1, 10, 60)"
S3_units,Bearing1_5,16,16,0.0,PRONOSTIA,"(0.1, 10, 60)"
S3_units,Bearing1_5,16,16,0.0,PRONOSTIA,"(0.1, 10, 60)"
S3_units,Bearing1_5,16,16,0.0,PRONOSTIA,"(0.1, 10, 60)"
S3_units,Bearing1_5,16,16,0.06666666666666667,PRONOSTIA,"(0.1, 10, 60)"
S3_units,Bearing1_5,16,16,0.03333333333333333,PRONOSTIA,"(0.1, 10, 60)"
S3_units,Bearing1_5,16,16,0.03333333333333333,PRONOSTIA,"(0.1, 10, 60)"
S3_units,Bearing1_5,16,16,0.0,PRONOSTIA,"(0.1, 10, 60)"
S3_units,Bearing1_5,16,16,0.0,PRONOSTIA,"(0.1, 10, 60)"
S3_units,Bearing1_5,16,16,0.0,PRONOSTIA,"(0.1, 10, 60)"
S3_units,Bearing1_5,16,16,0.0,PRONOSTIA,"(0.1, 10, 60)"
S3_units,Bearing1_6,20,1,0.7333333333333333,PRONOSTIA,"(0.1, 10, 60)"
S3_units,Bearing1_6,20,1,0.31666666666666665,PRONOSTIA,"(0.1, 10, 60)"
S3_units,Bearing1_6,20,1,0.05,PRONOSTIA,"(0.1, 10, 60)"
S3_units,Bearing1_6,20,1,0.0,PRONOSTIA,"(0.1, 10, 60)"
S3_units,Bearing1_6,20,1,0.26666666666666666,PRONOSTIA,"(0.1, 10, 60)"
S3_units,Bearing1_6,20,1,0.3,PRONOSTIA,"(0.1, 10, 60)"
S3_units,Bearing1_6,20,1,0.6333333333333333,PRONOSTIA,"(0.1, 10, 60)"
S3_units,Bearing1_6,20,1,0.2,PRONOSTIA,"(0.1, 10, 60)"
S3_units,Bearing1_6,20,1,0.0,PRONOSTIA,"(0.1, 10, 60)"
S3_units,Bearing1_6,20,1,0.25,PRONOSTIA,"(0.1, 10, 60)"
S3_units,Bearing1_6,20,1,0.36666666666666664,PRONOSTIA,"(0.1, 10, 60)"
S3_units,Bearing1_6,20,1,0.6,PRONOSTIA,"(0.1, 10, 60)"
S3_units,Bearing1_6,20,1,0.6666666666666666,PRONOSTIA,"(0.1, 10, 60)"
S3_units,Bearing1_6,20,1,0.0,PRONOSTIA,"(0.1, 10, 60)"
S3_units,Bearing1_6,20,1,0.5666666666666667,PRONOSTIA,"(0.1, 10, 60)"
S3_units,Bearing1_6,20,1,0.7,PRONOSTIA,"(0.1, 10, 60)"
S3_units,Bearing1_6,20,1,0.0,PRONOSTIA,"(0.1, 10, 60)"
S3_units,Bearing1_6,20,1,0.3,PRONOSTIA,"(0.1, 10, 60)"
S3_units,Bearing1_6,20,1,0.26666666666666666,PRONOSTIA,"(0.1, 10, 60)"
S3_units,Bearing1_6,20,1,0.2,PRONOSTIA,"(0.1, 10, 60)"
S3_units,Bearing1_6,20,1,0.11666666666666667,PRONOSTIA,"(0.1, 10, 60)"
S3_units,Bearing1_6,20,1,0.31666666666666665,PRONOSTIA,"(0.1, 10, 60)"
S3_units,Bearing1_6,20,1,0.26666666666666666,PRONOSTIA,"(0.1, 10, 60)"
S3_units,Bearing1_6,20,1,0.7166666666666667,PRONOSTIA,"(0.1, 10, 60)"
S3_units,Bearing1_6,20,1,0.0,PRONOSTIA,"(0.1, 10, 60)"
S3_units,Bearing1_6,20,1,0.5333333333333333,PRONOSTIA,"(0.1, 10, 60)"
S3_units,Bearing1_6,20,1,0.06666666666666667,PRONOSTIA,"(0.1, 10, 60)"
S3_units,Bearing1_6,20,1,0.016666666666666666,PRONOSTIA,"(0.1, 10, 60)"
S3_units,Bearing1_6,20,1,0.35,PRONOSTIA,"(0.1, 10, 60)"
S3_units,Bearing1_6,20,1,0.06666666666666667,PRONOSTIA,"(0.1, 10, 60)"
S3_units,Bearing1_6,16,16,0.016666666666666666,PRONOSTIA,"(0.1, 10, 60)"
S3_units,Bearing1_6,16,16,0.0,PRONOSTIA,"(0.1, 10, 60)"
S3_units,Bearing1_6,16,16,0.0,PRONOSTIA,"(0.1, 10, 60)"
S3_units,Bearing1_6,16,16,0.0,PRONOSTIA,"(0.1, 10, 60)"
S3_units,Bearing1_6,16,16,0.016666666666666666,PRONOSTIA,"(0.1, 10, 60)"
S3_units,Bearing1_6,16,16,0.0,PRONOSTIA,"(0.1, 10, 60)"
S3_units,Bearing1_6,16,16,0.016666666666666666,PRONOSTIA,"(0.1, 10, 60)"
S3_units,Bearing1_6,16,16,0.016666666666666666,PRONOSTIA,"(0.1, 10, 60)"
S3_units,Bearing1_6,16,16,0.0,PRONOSTIA,"(0.1, 10, 60)"
S3_units,Bearing1_6,16,16,0.0,PRONOSTIA,"(0.1, 10, 60)"
S3_units,Bearing1_6,16,16,0.16666666666666666,PRONOSTIA,"(0.1, 10, 60)"
S3_units,Bearing1_6,16,16,0.0,PRONOSTIA,"(0.1, 10, 60)"
S3_units,Bearing1_6,16,16,0.0,PRONOSTIA,"(0.1, 10, 60)"
S3_units,Bearing1_6,16,16,0.0,PRONOSTIA,"(0.1, 10, 60)"
S3_units,Bearing1_6,16,16,0.0,PRONOSTIA,"(0.1, 10, 60)"
S3_units,Bearing1_6,16,16,0.0,PRONOSTIA,"(0.1, 10, 60)"
S3_units,Bearing1_6,16,16,0.0,PRONOSTIA,"(0.1, 10, 60)"
S3_units,Bearing1_6,16,16,0.26666666666666666,PRONOSTIA,"(0.1, 10, 60)"
S3_units,Bearing1_6,16,16,0.0,PRONOSTIA,"(0.1, 10, 60)"
S3_units,Bearing1_6,16,16,0.016666666666666666,PRONOSTIA,"(0.1, 10, 60)"
S3_units,Bearing1_6,16,16,0.0,PRONOSTIA,"(0.1, 10, 60)"
S3_units,Bearing1_6,16,16,0.016666666666666666,PRONOSTIA,"(0.1, 10, 60)"
S3_units,Bearing1_6,16,16,0.0,PRONOSTIA,"(0.1, 10, 60)"
S3_units,Bearing1_6,16,16,0.15,PRONOSTIA,"(0.1, 10, 60)"
S3_units,Bearing1_6,16,16,0.13333333333333333,PRONOSTIA,"(0.1, 10, 60)"
S3_units,Bearing1_6,16,16,0.1,PRONOSTIA,"(0.1, 10, 60)"
S3_units,Bearing1_6,16,16,0.06666666666666667,PRONOSTIA,"(0.1, 10, 60)"
S3_units,Bearing1_6,16,16,0.0,PRONOSTIA,"(0.1, 10, 60)"
S3_units,Bearing1_6,16,16,0.16666666666666666,PRONOSTIA,"(0.1, 10, 60)"
S3_units,Bearing1_6,16,16,0.03333333333333333,PRONOSTIA,"(0.1, 10, 60)"
S3_units,Bearing1_7,20,1,0.016666666666666666,PRONOSTIA,"(0.1, 10, 60)"
S3_units,Bearing1_7,20,1,0.0,PRONOSTIA,"(0.1, 10, 60)"
S3_units,Bearing1_7,20,1,0.4666666666666667,PRONOSTIA,"(0.1, 10, 60)"
S3_units,Bearing1_7,20,1,0.03333333333333333,PRONOSTIA,"(0.1, 10, 60)"
S3_units,Bearing1_7,20,1,0.8666666666666667,PRONOSTIA,"(0.1, 10, 60)"
S3_units,Bearing1_7,20,1,0.6333333333333333,PRONOSTIA,"(0.1, 10, 60)"
S3_units,Bearing1_7,20,1,0.48333333333333334,PRONOSTIA,"(0.1, 10, 60)"
S3_units,Bearing1_7,20,1,0.08333333333333333,PRONOSTIA,"(0.1, 10, 60)"
S3_units,Bearing1_7,20,1,0.0,PRONOSTIA,"(0.1, 10, 60)"
S3_units,Bearing1_7,20,1,0.0,PRONOSTIA,"(0.1, 10, 60)"
S3_units,Bearing1_7,20,1,0.0,PRONOSTIA,"(0.1, 10, 60)"
S3_units,Bearing1_7,20,1,0.16666666666666666,PRONOSTIA,"(0.1, 10, 60)"
S3_units,Bearing1_7,20,1,0.0,PRONOSTIA,"(0.1, 10, 60)"
S3_units,Bearing1_7,20,1,0.6166666666666667,PRONOSTIA,"(0.1, 10, 60)"
S3_units,Bearing1_7,20,1,0.0,PRONOSTIA,"(0.1, 10, 60)"
S3_units,Bearing1_7,20,1,0.7,PRONOSTIA,"(0.1, 10, 60)"
S3_units,Bearing1_7,20,1,0.016666666666666666,PRONOSTIA,"(0.1, 10, 60)"
S3_units,Bearing1_7,20,1,0.0,PRONOSTIA,"(0.1, 10, 60)"
S3_units,Bearing1_7,20,1,0.0,PRONOSTIA,"(0.1, 10, 60)"
S3_units,Bearing1_7,20,1,0.06666666666666667,PRONOSTIA,"(0.1, 10, 60)"
S3_units,Bearing1_7,20,1,0.38333333333333336,PRONOSTIA,"(0.1, 10, 60)"
S3_units,Bearing1_7,20,1,0.13333333333333333,PRONOSTIA,"(0.1, 10, 60)"
S3_units,Bearing1_7,20,1,0.7,PRONOSTIA,"(0.1, 10, 60)"
S3_units,Bearing1_7,20,1,0.0,PRONOSTIA,"(0.1, 10, 60)"
S3_units,Bearing1_7,20,1,0.23333333333333334,PRONOSTIA,"(0.1, 10, 60)"
S3_units,Bearing1_7,20,1,0.26666666666666666,PRONOSTIA,"(0.1, 10, 60)"
S3_units,Bearing1_7,20,1,0.0,PRONOSTIA,"(0.1, 10, 60)"
S3_units,Bearing1_7,20,1,0.3,PRONOSTIA,"(0.1, 10, 60)"
S3_units,Bearing1_7,20,1,0.0,PRONOSTIA,"(0.1, 10, 60)"
S3_units,Bearing1_7,20,1,0.13333333333333333,PRONOSTIA,"(0.1, 10, 60)"
S3_units,Bearing1_7,16,16,0.0,PRONOSTIA,"(0.1, 10, 60)"
S3_units,Bearing1_7,16,16,0.0,PRONOSTIA,"(0.1, 10, 60)"
S3_units,Bearing1_7,16,16,0.0,PRONOSTIA,"(0.1, 10, 60)"
S3_units,Bearing1_7,16,16,0.0,PRONOSTIA,"(0.1, 10, 60)"
S3_units,Bearing1_7,16,16,0.0,PRONOSTIA,"(0.1, 10, 60)"
S3_units,Bearing1_7,16,16,0.03333333333333333,PRONOSTIA,"(0.1, 10, 60)"
S3_units,Bearing1_7,16,16,0.05,PRONOSTIA,"(0.1, 10, 60)"
S3_units,Bearing1_7,16,16,0.0,PRONOSTIA,"(0.1, 10, 60)"
S3_units,Bearing1_7,16,16,0.0,PRONOSTIA,"(0.1, 10, 60)"
S3_units,Bearing1_7,16,16,0.0,PRONOSTIA,"(0.1, 10, 60)"
S3_units,Bearing1_7,16,16,0.0,PRONOSTIA,"(0.1, 10, 60)"
S3_units,Bearing1_7,16,16,0.0,PRONOSTIA,"(0.1, 10, 60)"
S3_units,Bearing1_7,16,16,0.0,PRONOSTIA,"(0.1, 10, 60)"
S3_units,Bearing1_7,16,16,0.0,PRONOSTIA,"(0.1, 10, 60)"
S3_units,Bearing1_7,16,16,0.0,PRONOSTIA,"(0.1, 10, 60)"
S3_units,Bearing1_7,16,16,0.0,PRONOSTIA,"(0.1, 10, 60)"
S3_units,Bearing1_7,16,16,0.0,PRONOSTIA,"(0.1, 10, 60)"
S3_units,Bearing1_7,16,16,0.0,PRONOSTIA,"(0.1, 10, 60)"
S3_units,Bearing1_7,16,16,0.0,PRONOSTIA,"(0.1, 10, 60)"
S3_units,Bearing1_7,16,16,0.05,PRONOSTIA,"(0.1, 10, 60)"
S3_units,Bearing1_7,16,16,0.0,PRONOSTIA,"(0.1, 10, 60)"
S3_units,Bearing1_7,16,16,0.0,PRONOSTIA,"(0.1, 10, 60)"
S3_units,Bearing1_7,16,16,0.0,PRONOSTIA,"(0.1, 10, 60)"
S3_units,Bearing1_7,16,16,0.0,PRONOSTIA,"(0.1, 10, 60)"
S3_units,Bearing1_7,16,16,0.0,PRONOSTIA,"(0.1, 10, 60)"
S3_units,Bearing1_7,16,16,0.0,PRONOSTIA,"(0.1, 10, 60)"
S3_units,Bearing1_7,16,16,0.016666666666666666,PRONOSTIA,"(0.1, 10, 60)"
S3_units,Bearing1_7,16,16,0.0,PRONOSTIA,"(0.1, 10, 60)"
S3_units,Bearing1_7,16,16,0.0,PRONOSTIA,"(0.1, 10, 60)"
S3_units,Bearing1_7,16,16,0.0,PRONOSTIA,"(0.1, 10, 60)"
S3_units,Bearing2_1,20,1,0.21666666666666667,PRONOSTIA,"(0.1, 10, 60)"
S3_units,Bearing2_1,20,1,0.06666666666666667,PRONOSTIA,"(0.1, 10, 60)"
S3_units,Bearing2_1,20,1,0.31666666666666665,PRONOSTIA,"(0.1, 10, 60)"
S3_units,Bearing2_1,20,1,0.2833333333333333,PRONOSTIA,"(0.1, 10, 60)"
S3_units,Bearing2_1,20,1,0.23333333333333334,PRONOSTIA,"(0.1, 10, 60)"
S3_units,Bearing2_1,20,1,0.11666666666666667,PRONOSTIA,"(0.1, 10, 60)"
S3_units,Bearing2_1,20,1,0.15,PRONOSTIA,"(0.1, 10, 60)"
S3_units,Bearing2_1,20,1,0.3333333333333333,PRONOSTIA,"(0.1, 10, 60)"
S3_units,Bearing2_1,20,1,0.23333333333333334,PRONOSTIA,"(0.1, 10, 60)"
S3_units,Bearing2_1,20,1,0.26666666666666666,PRONOSTIA,"(0.1, 10, 60)"
S3_units,Bearing2_1,20,1,0.35,PRONOSTIA,"(0.1, 10, 60)"
S3_units,Bearing2_1,20,1,0.4166666666666667,PRONOSTIA,"(0.1, 10, 60)"
S3_units,Bearing2_1,20,1,0.016666666666666666,PRONOSTIA,"(0.1, 10, 60)"
S3_units,Bearing2_1,20,1,0.36666666666666664,PRONOSTIA,"(0.1, 10, 60)"
S3_units,Bearing2_1,20,1,0.16666666666666666,PRONOSTIA,"(0.1, 10, 60)"
S3_units,Bearing2_1,20,1,0.06666666666666667,PRONOSTIA,"(0.1, 10, 60)"
S3_units,Bearing2_1,20,1,0.7166666666666667,PRONOSTIA,"(0.1, 10, 60)"
S3_units,Bearing2_1,20,1,0.16666666666666666,PRONOSTIA,"(0.1, 10, 60)"
S3_units,Bearing2_1,20,1,0.8166666666666667,PRONOSTIA,"(0.1, 10, 60)"
S3_units,Bearing2_1,20,1,0.03333333333333333,PRONOSTIA,"(0.1, 10, 60)"
S3_units,Bearing2_1,20,1,0.15,PRONOSTIA,"(0.1, 10, 60)"
S3_units,Bearing2_1,20,1,0.15,PRONOSTIA,"(0.1, 10, 60)"
S3_units,Bearing2_1,20,1,0.36666666666666664,PRONOSTIA,"(0.1, 10, 60)"
S3_units,Bearing2_1,20,1,0.5166666666666667,PRONOSTIA,"(0.1, 10, 60)"
S3_units,Bearing2_1,20,1,0.06666666666666667,PRONOSTIA,"(0.1, 10, 60)"
S3_units,Bearing2_1,20,1,0.016666666666666666,PRONOSTIA,"(0.1, 10, 60)"
S3_units,Bearing2_1,20,1,0.016666666666666666,PRONOSTIA,"(0.1, 10, 60)"
S3_units,Bearing2_1,20,1,0.05,PRONOSTIA,"(0.1, 10, 60)"
S3_units,Bearing2_1,20,1,0.23333333333333334,PRONOSTIA,"(0.1, 10, 60)"
S3_units,Bearing2_1,20,1,0.23333333333333334,PRONOSTIA,"(0.1, 10, 60)"
S3_units,Bearing2_1,16,16,0.016666666666666666,PRONOSTIA,"(0.1, 10, 60)"
S3_units,Bearing2_1,16,16,0.05,PRONOSTIA,"(0.1, 10, 60)"
S3_units,Bearing2_1,16,16,0.0,PRONOSTIA,"(0.1, 10, 60)"
S3_units,Bearing2_1,16,16,0.03333333333333333,PRONOSTIA,"(0.1, 10, 60)"
S3_units,Bearing2_1,16,16,0.06666666666666667,PRONOSTIA,"(0.1, 10, 60)"
S3_units,Bearing2_1,16,16,0.05,PRONOSTIA,"(0.1, 10, 60)"
S3_units,Bearing2_1,16,16,0.06666666666666667,PRONOSTIA,"(0.1, 10, 60)"
S3_units,Bearing2_1,16,16,0.016666666666666666,PRONOSTIA,"(0.1, 10, 60)"
S3_units,Bearing2_1,16,16,0.016666666666666666,PRONOSTIA,"(0.1, 10, 60)"
S3_units,Bearing2_1,16,16,0.05,PRONOSTIA,"(0.1, 10, 60)"
S3_units,Bearing2_1,16,16,0.06666666666666667,PRONOSTIA,"(0.1, 10, 60)"
S3_units,Bearing2_1,16,16,0.06666666666666667,PRONOSTIA,"(0.1, 10, 60)"
S3_units,Bearing2_1,16,16,0.016666666666666666,PRONOSTIA,"(0.1, 10, 60)"
S3_units,Bearing2_1,16,16,0.06666666666666667,PRONOSTIA,"(0.1, 10, 60)"
S3_units,Bearing2_1,16,16,0.08333333333333333,PRONOSTIA,"(0.1, 10, 60)"
S3_units,Bearing2_1,16,16,0.13333333333333333,PRONOSTIA,"(0.1, 10, 60)"
S3_units,Bearing2_1,16,16,0.016666666666666666,PRONOSTIA,"(0.1, 10, 60)"
S3_units,Bearing2_1,16,16,0.016666666666666666,PRONOSTIA,"(0.1, 10, 60)"
S3_units,Bearing2_1,16,16,0.06666666666666667,PRONOSTIA,"(0.1, 10, 60)"
S3_units,Bearing2_1,16,16,0.03333333333333333,PRONOSTIA,"(0.1, 10, 60)"
S3_units,Bearing2_1,16,16,0.06666666666666667,PRONOSTIA,"(0.1, 10, 60)"
S3_units,Bearing2_1,16,16,0.05,PRONOSTIA,"(0.1, 10, 60)"
S3_units,Bearing2_1,16,16,0.06666666666666667,PRONOSTIA,"(0.1, 10, 60)"
S3_units,Bearing2_1,16,16,0.18333333333333332,PRONOSTIA,"(0.1, 10, 60)"
S3_units,Bearing2_1,16,16,0.06666666666666667,PRONOSTIA,"(0.1, 10, 60)"
S3_units,Bearing2_1,16,16,0.08333333333333333,PRONOSTIA,"(0.1, 10, 60)"
S3_units,Bearing2_1,16,16,0.016666666666666666,PRONOSTIA,"(0.1, 10, 60)"
S3_units,Bearing2_1,16,16,0.06666666666666667,PRONOSTIA,"(0.1, 10, 60)"
S3_units,Bearing2_1,16,16,0.15,PRONOSTIA,"(0.1, 10, 60)"
S3_units,Bearing2_1,16,16,0.03333333333333333,PRONOSTIA,"(0.1, 10, 60)"
S3_units,Bearing2_2,20,1,0.0,PRONOSTIA,"(0.1, 10, 60)"
S3_units,Bearing2_2,20,1,0.11666666666666667,PRONOSTIA,"(0.1, 10, 60)"
S3_units,Bearing2_2,20,1,0.05,PRONOSTIA,"(0.1, 10, 60)"
S3_units,Bearing2_2,20,1,0.0,PRONOSTIA,"(0.1, 10, 60)"
S3_units,Bearing2_2,20,1,0.31666666666666665,PRONOSTIA,"(0.1, 10, 60)"
S3_units,Bearing2_2,20,1,0.0,PRONOSTIA,"(0.1, 10, 60)"
S3_units,Bearing2_2,20,1,0.0,PRONOSTIA,"(0.1, 10, 60)"
S3_units,Bearing2_2,20,1,0.0,PRONOSTIA,"(0.1, 10, 60)"
S3_units,Bearing2_2,20,1,0.0,PRONOSTIA,"(0.1, 10, 60)"
S3_units,Bearing2_2,20,1,0.03333333333333333,PRONOSTIA,"(0.1, 10, 60)"
S3_units,Bearing2_2,20,1,0.016666666666666666,PRONOSTIA,"(0.1, 10, 60)"
S3_units,Bearing2_2,20,1,0.0,PRONOSTIA,"(0.1, 10, 60)"
S3_units,Bearing2_2,20,1,0.0,PRONOSTIA,"(0.1, 10, 60)"
S3_units,Bearing2_2,20,1,0.15,PRONOSTIA,"(0.1, 10, 60)"
S3_units,Bearing2_2,20,1,0.0,PRONOSTIA,"(0.1, 10, 60)"
S3_units,Bearing2_2,20,1,0.0,PRONOSTIA,"(0.1, 10, 60)"
S3_units,Bearing2_2,20,1,0.0,PRONOSTIA,"(0.1, 10, 60)"
S3_units,Bearing2_2,20,1,0.0,PRONOSTIA,"(0.1, 10, 60)"
S3_units,Bearing2_2,20,1,0.0,PRONOSTIA,"(0.1, 10, 60)"
S3_units,Bearing2_2,20,1,0.35,PRONOSTIA,"(0.1, 10, 60)"
S3_units,Bearing2_2,20,1,0.0,PRONOSTIA,"(0.1, 10, 60)"
S3_units,Bearing2_2,20,1,0.0,PRONOSTIA,"(0.1, 10, 60)"
S3_units,Bearing2_2,20,1,0.0,PRONOSTIA,"(0.1, 10, 60)"
S3_units,Bearing2_2,20,1,0.0,PRONOSTIA,"(0.1, 10, 60)"
S3_units,Bearing2_2,20,1,0.0,PRONOSTIA,"(0.1, 10, 60)"
S3_units,Bearing2_2,20,1,0.0,PRONOSTIA,"(0.1, 10, 60)"
S3_units,Bearing2_2,20,1,0.0,PRONOSTIA,"(0.1, 10, 60)"
S3_units,Bearing2_2,20,1,0.0,PRONOSTIA,"(0.1, 10, 60)"
S3_units,Bearing2_2,20,1,0.0,PRONOSTIA,"(0.1, 10, 60)"
S3_units,Bearing2_2,20,1,0.0,PRONOSTIA,"(0.1, 10, 60)"
S3_units,Bearing2_2,16,16,0.0,PRONOSTIA,"(0.1, 10, 60)"
S3_units,Bearing2_2,16,16,0.0,PRONOSTIA,"(0.1, 10, 60)"
S3_units,Bearing2_2,16,16,0.03333333333333333,PRONOSTIA,"(0.1, 10, 60)"
S3_units,Bearing2_2,16,16,0.0,PRONOSTIA,"(0.1, 10, 60)"
S3_units,Bearing2_2,16,16,0.0,PRONOSTIA,"(0.1, 10, 60)"
S3_units,Bearing2_2,16,16,0.0,PRONOSTIA,"(0.1, 10, 60)"
S3_units,Bearing2_2,16,16,0.0,PRONOSTIA,"(0.1, 10, 60)"
S3_units,Bearing2_2,16,16,0.0,PRONOSTIA,"(0.1, 10, 60)"
S3_units,Bearing2_2,16,16,0.0,PRONOSTIA,"(0.1, 10, 60)"
S3_units,Bearing2_2,16,16,0.0,PRONOSTIA,"(0.1, 10, 60)"
S3_units,Bearing2_2,16,16,0.0,PRONOSTIA,"(0.1, 10, 60)"
S3_units,Bearing2_2,16,16,0.0,PRONOSTIA,"(0.1, 10, 60)"
S3_units,Bearing2_2,16,16,0.0,PRONOSTIA,"(0.1, 10, 60)"
S3_units,Bearing2_2,16,16,0.0,PRONOSTIA,"(0.1, 10, 60)"
S3_units,Bearing2_2,16,16,0.0,PRONOSTIA,"(0.1, 10, 60)"
S3_units,Bearing2_2,16,16,0.03333333333333333,PRONOSTIA,"(0.1, 10, 60)"
S3_units,Bearing2_2,16,16,0.0,PRONOSTIA,"(0.1, 10, 60)"
S3_units,Bearing2_2,16,16,0.0,PRONOSTIA,"(0.1, 10, 60)"
S3_units,Bearing2_2,16,16,0.0,PRONOSTIA,"(0.1, 10, 60)"
S3_units,Bearing2_2,16,16,0.0,PRONOSTIA,"(0.1, 10, 60)"
S3_units,Bearing2_2,16,16,0.0,PRONOSTIA,"(0.1, 10, 60)"
S3_units,Bearing2_2,16,16,0.0,PRONOSTIA,"(0.1, 10, 60)"
S3_units,Bearing2_2,16,16,0.0,PRONOSTIA,"(0.1, 10, 60)"
S3_units,Bearing2_2,16,16,0.0,PRONOSTIA,"(0.1, 10, 60)"
S3_units,Bearing2_2,16,16,0.0,PRONOSTIA,"(0.1, 10, 60)"
S3_units,Bearing2_2,16,16,0.0,PRONOSTIA,"(0.1, 10, 60)"
S3_units,Bearing2_2,16,16,0.0,PRONOSTIA,"(0.1, 10, 60)"
S3_units,Bearing2_2,16,16,0.0,PRONOSTIA,"(0.1, 10, 60)"
S3_units,Bearing2_2,16,16,0.0,PRONOSTIA,"(0.1, 10, 60)"
S3_units,Bearing2_2,16,16,0.0,PRONOSTIA,"(0.1, 10, 60)"
S3_units,Bearing2_3,20,1,0.8166666666666667,PRONOSTIA,"(0.1, 10, 60)"
S3_units,Bearing2_3,20,1,0.43333333333333335,PRONOSTIA,"(0.1, 10, 60)"
S3_units,Bearing2_3,20,1,0.1,PRONOSTIA,"(0.1, 10, 60)"
S3_units,Bearing2_3,20,1,0.8,PRONOSTIA,"(0.1, 10, 60)"
S3_units,Bearing2_3,20,1,0.5,PRONOSTIA,"(0.1, 10, 60)"
S3_units,Bearing2_3,20,1,0.15,PRONOSTIA,"(0.1, 10, 60)"
S3_units,Bearing2_3,20,1,0.05,PRONOSTIA,"(0.1, 10, 60)"
S3_units,Bearing2_3,20,1,0.7333333333333333,PRONOSTIA,"(0.1, 10, 60)"
S3_units,Bearing2_3,20,1,0.9166666666666666,PRONOSTIA,"(0.1, 10, 60)"
S3_units,Bearing2_3,20,1,0.5833333333333334,PRONOSTIA,"(0.1, 10, 60)"
S3_units,Bearing2_3,20,1,0.3333333333333333,PRONOSTIA,"(0.1, 10, 60)"
S3_units,Bearing2_3,20,1,0.4666666666666667,PRONOSTIA,"(0.1, 10, 60)"
S3_units,Bearing2_3,20,1,0.65,PRONOSTIA,"(0.1, 10, 60)"
S3_units,Bearing2_3,20,1,0.3333333333333333,PRONOSTIA,"(0.1, 10, 60)"
S3_units,Bearing2_3,20,1,0.75,PRONOSTIA,"(0.1, 10, 60)"
S3_units,Bearing2_3,20,1,0.43333333333333335,PRONOSTIA,"(0.1, 10, 60)"
S3_units,Bearing2_3,20,1,0.45,PRONOSTIA,"(0.1, 10, 60)"
S3_units,Bearing2_3,20,1,0.0,PRONOSTIA,"(0.1, 10, 60)"
S3_units,Bearing2_3,20,1,0.0,PRONOSTIA,"(0.1, 10, 60)"
S3_units,Bearing2_3,20,1,0.35,PRONOSTIA,"(0.1, 10, 60)"
S3_units,Bearing2_3,20,1,0.35,PRONOSTIA,"(0.1, 10, 60)"
S3_units,Bearing2_3,20,1,0.03333333333333333,PRONOSTIA,"(0.1, 10, 60)"
S3_units,Bearing2_3,20,1,0.7166666666666667,PRONOSTIA,"(0.1, 10, 60)"
S3_units,Bearing2_3,20,1,0.75,PRONOSTIA,"(0.1, 10, 60)"
S3_units,Bearing2_3,20,1,0.7166666666666667,PRONOSTIA,"(0.1, 10, 60)"
S3_units,Bearing2_3,20,1,0.03333333333333333,PRONOSTIA,"(0.1, 10, 60)"
S3_units,Bearing2_3,20,1,0.8,PRONOSTIA,"(0.1, 10, 60)"
S3_units,Bearing2_3,20,1,0.8666666666666667,PRONOSTIA,"(0.1, 10, 60)"
S3_units,Bearing2_3,20,1,0.2,PRONOSTIA,"(0.1, 10, 60)"
S3_units,Bearing2_3,20,1,0.45,PRONOSTIA,"(0.1, 10, 60)"
S3_units,Bearing2_3,16,16,0.03333333333333333,PRONOSTIA,"(0.1, 10, 60)"
S3_units,Bearing2_3,16,16,0.0,PRONOSTIA,"(0.1, 10, 60)"
S3_units,Bearing2_3,16,16,0.03333333333333333,PRONOSTIA,"(0.1, 10, 60)"
S3_units,Bearing2_3,16,16,0.2,PRONOSTIA,"(0.1, 10, 60)"
S3_units,Bearing2_3,16,16,0.03333333333333333,PRONOSTIA,"(0.1, 10, 60)"
S3_units,Bearing2_3,16,16,0.0,PRONOSTIA,"(0.1, 10, 60)"
S3_units,Bearing2_3,16,16,0.08333333333333333,PRONOSTIA,"(0.1, 10, 60)"
S3_units,Bearing2_3,16,16,0.0,PRONOSTIA,"(0.1, 10, 60)"
S3_units,Bearing2_3,16,16,0.43333333333333335,PRONOSTIA,"(0.1, 10, 60)"
S3_units,Bearing2_3,16,16,0.03333333333333333,PRONOSTIA,"(0.1, 10, 60)"
S3_units,Bearing2_3,16,16,0.4666666666666667,PRONOSTIA,"(0.1, 10, 60)"
S3_units,Bearing2_3,16,16,0.23333333333333334,PRONOSTIA,"(0.1, 10, 60)"
S3_units,Bearing2_3,16,16,0.03333333333333333,PRONOSTIA,"(0.1, 10, 60)"
S3_units,Bearing2_3,16,16,0.0,PRONOSTIA,"(0.1, 10, 60)"
S3_units,Bearing2_3,16,16,0.38333333333333336,PRONOSTIA,"(0.1, 10, 60)"
S3_units,Bearing2_3,16,16,0.3333333333333333,PRONOSTIA,"(0.1, 10, 60)"
S3_units,Bearing2_3,16,16,0.03333333333333333,PRONOSTIA,"(0.1, 10, 60)"
S3_units,Bearing2_3,16,16,0.26666666666666666,PRONOSTIA,"(0.1, 10, 60)"
S3_units,Bearing2_3,16,16,0.16666666666666666,PRONOSTIA,"(0.1, 10, 60)"
S3_units,Bearing2_3,16,16,0.05,PRONOSTIA,"(0.1, 10, 60)"
S3_units,Bearing2_3,16,16,0.5166666666666667,PRONOSTIA,"(0.1, 10, 60)"
S3_units,Bearing2_3,16,16,0.016666666666666666,PRONOSTIA,"(0.1, 10, 60)"
S3_units,Bearing2_3,16,16,0.16666666666666666,PRONOSTIA,"(0.1, 10, 60)"
S3_units,Bearing2_3,16,16,0.5,PRONOSTIA,"(0.1, 10, 60)"
S3_units,Bearing2_3,16,16,0.03333333333333333,PRONOSTIA,"(0.1, 10, 60)"
S3_units,Bearing2_3,16,16,0.4666666666666667,PRONOSTIA,"(0.1, 10, 60)"
S3_units,Bearing2_3,16,16,0.35,PRONOSTIA,"(0.1, 10, 60)"
S3_units,Bearing2_3,16,16,0.25,PRONOSTIA,"(0.1, 10, 60)"
S3_units,Bearing2_3,16,16,0.08333333333333333,PRONOSTIA,"(0.1, 10, 60)"
S3_units,Bearing2_3,16,16,0.21666666666666667,PRONOSTIA,"(0.1, 10, 60)"
S3_units,Bearing2_4,20,1,0.0,PRONOSTIA,"(0.1, 10, 60)"
S3_units,Bearing2_4,20,1,0.0,PRONOSTIA,"(0.1, 10, 60)"
S3_units,Bearing2_4,20,1,0.06666666666666667,PRONOSTIA,"(0.1, 10, 60)"
S3_units,Bearing2_4,20,1,0.3,PRONOSTIA,"(0.1, 10, 60)"
S3_units,Bearing2_4,20,1,0.1,PRONOSTIA,"(0.1, 10, 60)"
S3_units,Bearing2_4,20,1,0.2,PRONOSTIA,"(0.1, 10, 60)"
S3_units,Bearing2_4,20,1,0.0,PRONOSTIA,"(0.1, 10, 60)"
S3_units,Bearing2_4,20,1,0.0,PRONOSTIA,"(0.1, 10, 60)"
S3_units,Bearing2_4,20,1,0.36666666666666664,PRONOSTIA,"(0.1, 10, 60)"
S3_units,Bearing2_4,20,1,0.0,PRONOSTIA,"(0.1, 10, 60)"
S3_units,Bearing2_4,20,1,0.0,PRONOSTIA,"(0.1, 10, 60)"
S3_units,Bearing2_4,20,1,0.0,PRONOSTIA,"(0.1, 10, 60)"
S3_units,Bearing2_4,20,1,0.0,PRONOSTIA,"(0.1, 10, 60)"
S3_units,Bearing2_4,20,1,0.5,PRONOSTIA,"(0.1, 10, 60)"
S3_units,Bearing2_4,20,1,0.05,PRONOSTIA,"(0.1, 10, 60)"
S3_units,Bearing2_4,20,1,0.2,PRONOSTIA,"(0.1, 10, 60)"
S3_units,Bearing2_4,20,1,0.3,PRONOSTIA,"(0.1, 10, 60)"
S3_units,Bearing2_4,20,1,0.2833333333333333,PRONOSTIA,"(0.1, 10, 60)"
S3_units,Bearing2_4,20,1,0.0,PRONOSTIA,"(0.1, 10, 60)"
S3_units,Bearing2_4,20,1,0.7166666666666667,PRONOSTIA,"(0.1, 10, 60)"
S3_units,Bearing2_4,20,1,0.0,PRONOSTIA,"(0.1, 10, 60)"
S3_units,Bearing2_4,20,1,0.0,PRONOSTIA,"(0.1, 10, 60)"
S3_units,Bearing2_4,20,1,0.35,PRONOSTIA,"(0.1, 10, 60)"
S3_units,Bearing2_4,20,1,0.0,PRONOSTIA,"(0.1, 10, 60)"
S3_units,Bearing2_4,20,1,0.15,PRONOSTIA,"(0.1, 10, 60)"
S3_units,Bearing2_4,20,1,0.31666666666666665,PRONOSTIA,"(0.1, 10, 60)"
S3_units,Bearing2_4,20,1,0.23333333333333334,PRONOSTIA,"(0.1, 10, 60)"
S3_units,Bearing2_4,20,1,0.0,PRONOSTIA,"(0.1, 10, 60)"
S3_units,Bearing2_4,20,1,0.0,PRONOSTIA,"(0.1, 10, 60)"
S3_units,Bearing2_4,20,1,0.11666666666666667,PRONOSTIA,"(0.1, 10, 60)"
S3_units,Bearing2_4,16,16,0.0,PRONOSTIA,"(0.1, 10, 60)"
S3_units,Bearing2_4,16,16,0.0,PRONOSTIA,"(0.1, 10, 60)"
S3_units,Bearing2_4,16,16,0.0,PRONOSTIA,"(0.1, 10, 60)"
S3_units,Bearing2_4,16,16,0.0,PRONOSTIA,"(0.1, 10, 60)"
S3_units,Bearing2_4,16,16,0.0,PRONOSTIA,"(0.1, 10, 60)"
S3_units,Bearing2_4,16,16,0.0,PRONOSTIA,"(0.1, 10, 60)"
S3_units,Bearing2_4,16,16,0.0,PRONOSTIA,"(0.1, 10, 60)"
S3_units,Bearing2_4,16,16,0.0,PRONOSTIA,"(0.1, 10, 60)"
S3_units,Bearing2_4,16,16,0.0,PRONOSTIA,"(0.1, 10, 60)"
S3_units,Bearing2_4,16,16,0.0,PRONOSTIA,"(0.1, 10, 60)"
S3_units,Bearing2_4,16,16,0.0,PRONOSTIA,"(0.1, 10, 60)"
S3_units,Bearing2_4,16,16,0.0,PRONOSTIA,"(0.1, 10, 60)"
S3_units,Bearing2_4,16,16,0.0,PRONOSTIA,"(0.1, 10, 60)"
S3_units,Bearing2_4,16,16,0.0,PRONOSTIA,"(0.1, 10, 60)"
S3_units,Bearing2_4,16,16,0.0,PRONOSTIA,"(0.1, 10, 60)"
S3_units,Bearing2_4,16,16,0.0,PRONOSTIA,"(0.1, 10, 60)"
S3_units,Bearing2_4,16,16,0.0,PRONOSTIA,"(0.1, 10, 60)"
S3_units,Bearing2_4,16,16,0.0,PRONOSTIA,"(0.1, 10, 60)"
S3_units,Bearing2_4,16,16,0.0,PRONOSTIA,"(0.1, 10, 60)"
S3_units,Bearing2_4,16,16,0.0,PRONOSTIA,"(0.1, 10, 60)"
S3_units,Bearing2_4,16,16,0.0,PRONOSTIA,"(0.1, 10, 60)"
S3_units,Bearing2_4,16,16,0.0,PRONOSTIA,"(0.1, 10, 60)"
S3_units,Bearing2_4,16,16,0.0,PRONOSTIA,"(0.1, 10, 60)"
S3_units,Bearing2_4,16,16,0.0,PRONOSTIA,"(0.1, 10, 60)"
S3_units,Bearing2_4,16,16,0.0,PRONOSTIA,"(0.1, 10, 60)"
S3_units,Bearing2_4,16,16,0.0,PRONOSTIA,"(0.1, 10, 60)"
S3_units,Bearing2_4,16,16,0.0,PRONOSTIA,"(0.1, 10, 60)"
S3_units,Bearing2_4,16,16,0.03333333333333333,PRONOSTIA,"(0.1, 10, 60)"
S3_units,Bearing2_4,16,16,0.0,PRONOSTIA,"(0.1, 10, 60)"
S3_units,Bearing2_4,16,16,0.0,PRONOSTIA,"(0.1, 10, 60)"
S3_units,Bearing2_5,20,1,0.6833333333333333,PRONOSTIA,"(0.1, 10, 60)"
S3_units,Bearing2_5,20,1,0.05,PRONOSTIA,"(0.1, 10, 60)"
S3_units,Bearing2_5,20,1,0.05,PRONOSTIA,"(0.1, 10, 60)"
S3_units,Bearing2_5,20,1,0.0,PRONOSTIA,"(0.1, 10, 60)"
S3_units,Bearing2_5,20,1,0.016666666666666666,PRONOSTIA,"(0.1, 10, 60)"
S3_units,Bearing2_5,20,1,0.05,PRONOSTIA,"(0.1, 10, 60)"
S3_units,Bearing2_5,20,1,0.0,PRONOSTIA,"(0.1, 10, 60)"
S3_units,Bearing2_5,20,1,0.05,PRONOSTIA,"(0.1, 10, 60)"
S3_units,Bearing2_5,20,1,0.0,PRONOSTIA,"(0.1, 10, 60)"
S3_units,Bearing2_5,20,1,0.36666666666666664,PRONOSTIA,"(0.1, 10, 60)"
S3_units,Bearing2_5,20,1,0.05,PRONOSTIA,"(0.1, 10, 60)"
S3_units,Bearing2_5,20,1,0.03333333333333333,PRONOSTIA,"(0.1, 10, 60)"
S3_units,Bearing2_5,20,1,0.43333333333333335,PRONOSTIA,"(0.1, 10, 60)"
S3_units,Bearing2_5,20,1,0.7,PRONOSTIA,"(0.1, 10, 60)"
S3_units,Bearing2_5,20,1,0.0,PRONOSTIA,"(0.1, 10, 60)"
S3_units,Bearing2_5,20,1,0.4666666666666667,PRONOSTIA,"(0.1, 10, 60)"
S3_units,Bearing2_5,20,1,0.5333333333333333,PRONOSTIA,"(0.1, 10, 60)"
S3_units,Bearing2_5,20,1,0.65,PRONOSTIA,"(0.1, 10, 60)"
S3_units,Bearing2_5,20,1,0.8666666666666667,PRONOSTIA,"(0.1, 10, 60)"
S3_units,Bearing2_5,20,1,0.48333333333333334,PRONOSTIA,"(0.1, 10, 60)"
S3_units,Bearing2_5,20,1,0.0,PRONOSTIA,"(0.1, 10, 60)"
S3_units,Bearing2_5,20,1,0.18333333333333332,PRONOSTIA,"(0.1, 10, 60)"
S3_units,Bearing2_5,20,1,0.0,PRONOSTIA,"(0.1, 10, 60)"
S3_units,Bearing2_5,20,1,0.3333333333333333,PRONOSTIA,"(0.1, 10, 60)"
S3_units,Bearing2_5,20,1,0.05,PRONOSTIA,"(0.1, 10, 60)"
S3_units,Bearing2_5,20,1,0.05,PRONOSTIA,"(0.1, 10, 60)"
S3_units,Bearing2_5,20,1,0.11666666666666667,PRONOSTIA,"(0.1, 10, 60)"
S3_units,Bearing2_5,20,1,0.5,PRONOSTIA,"(0.1, 10, 60)"
S3_units,Bearing2_5,20,1,0.05,PRONOSTIA,"(0.1, 10, 60)"
S3_units,Bearing2_5,20,1,0.45,PRONOSTIA,"(0.1, 10, 60)"
S3_units,Bearing2_5,16,16,0.2833333333333333,PRONOSTIA,"(0.1, 10, 60)"
S3_units,Bearing2_5,16,16,0.0,PRONOSTIA,"(0.1, 10, 60)"
S3_units,Bearing2_5,16,16,0.0,PRONOSTIA,"(0.1, 10, 60)"
S3_units,Bearing2_5,16,16,0.016666666666666666,PRONOSTIA,"(0.1, 10, 60)"
S3_units,Bearing2_5,16,16,0.03333333333333333,PRONOSTIA,"(0.1, 10, 60)"
S3_units,Bearing2_5,16,16,0.03333333333333333,PRONOSTIA,"(0.1, 10, 60)"
S3_units,Bearing2_5,16,16,0.016666666666666666,PRONOSTIA,"(0.1, 10, 60)"
S3_units,Bearing2_5,16,16,0.3333333333333333,PRONOSTIA,"(0.1, 10, 60)"
S3_units,Bearing2_5,16,16,0.0,PRONOSTIA,"(0.1, 10, 60)"
S3_units,Bearing2_5,16,16,0.0,PRONOSTIA,"(0.1, 10, 60)"
S3_units,Bearing2_5,16,16,0.38333333333333336,PRONOSTIA,"(0.1, 10, 60)"
S3_units,Bearing2_5,16,16,0.03333333333333333,PRONOSTIA,"(0.1, 10, 60)"
S3_units,Bearing2_5,16,16,0.55,PRONOSTIA,"(0.1, 10, 60)"
S3_units,Bearing2_5,16,16,0.0,PRONOSTIA,"(0.1, 10, 60)"
S3_units,Bearing2_5,16,16,0.2833333333333333,PRONOSTIA,"(0.1, 10, 60)"
S3_units,Bearing2_5,16,16,0.4666666666666667,PRONOSTIA,"(0.1, 10, 60)"
S3_units,Bearing2_5,16,16,0.6333333333333333,PRONOSTIA,"(0.1, 10, 60)"
S3_units,Bearing2_5,16,16,0.0,PRONOSTIA,"(0.1, 10, 60)"
S3_units,Bearing2_5,16,16,0.0,PRONOSTIA,"(0.1, 10, 60)"
S3_units,Bearing2_5,16,16,0.4,PRONOSTIA,"(0.1, 10, 60)"
S3_units,Bearing2_5,16,16,0.03333333333333333,PRONOSTIA,"(0.1, 10, 60)"
S3_units,Bearing2_5,16,16,0.0,PRONOSTIA,"(0.1, 10, 60)"
S3_units,Bearing2_5,16,16,0.05,PRONOSTIA,"(0.1, 10, 60)"
S3_units,Bearing2_5,16,16,0.05,PRONOSTIA,"(0.1, 10, 60)"
S3_units,Bearing2_5,16,16,0.38333333333333336,PRONOSTIA,"(0.1, 10, 60)"
S3_units,Bearing2_5,16,16,0.6666666666666666,PRONOSTIA,"(0.1, 10, 60)"
S3_units,Bearing2_5,16,16,0.4666666666666667,PRONOSTIA,"(0.1, 10, 60)"
S3_units,Bearing2_5,16,16,0.05,PRONOSTIA,"(0.1, 10, 60)"
S3_units,Bearing2_5,16,16,0.03333333333333333,PRONOSTIA,"(0.1, 10, 60)"
S3_units,Bearing2_5,16,16,0.0,PRONOSTIA,"(0.1, 10, 60)"
S3_units,Bearing2_6,20,1,0.48333333333333334,PRONOSTIA,"(0.1, 10, 60)"
S3_units,Bearing2_6,20,1,0.45,PRONOSTIA,"(0.1, 10, 60)"
S3_units,Bearing2_6,20,1,0.0,PRONOSTIA,"(0.1, 10, 60)"
S3_units,Bearing2_6,20,1,0.0,PRONOSTIA,"(0.1, 10, 60)"
S3_units,Bearing2_6,20,1,0.4666666666666667,PRONOSTIA,"(0.1, 10, 60)"
S3_units,Bearing2_6,20,1,0.43333333333333335,PRONOSTIA,"(0.1, 10, 60)"
S3_units,Bearing2_6,20,1,0.38333333333333336,PRONOSTIA,"(0.1, 10, 60)"
S3_units,Bearing2_6,20,1,0.35,PRONOSTIA,"(0.1, 10, 60)"
S3_units,Bearing2_6,20,1,0.0,PRONOSTIA,"(0.1, 10, 60)"
S3_units,Bearing2_6,20,1,0.0,PRONOSTIA,"(0.1, 10, 60)"
S3_units,Bearing2_6,20,1,0.35,PRONOSTIA,"(0.1, 10, 60)"
S3_units,Bearing2_6,20,1,0.0,PRONOSTIA,"(0.1, 10, 60)"
S3_units,Bearing2_6,20,1,0.0,PRONOSTIA,"(0.1, 10, 60)"
S3_units,Bearing2_6,20,1,0.0,PRONOSTIA,"(0.1, 10, 60)"
S3_units,Bearing2_6,20,1,0.15,PRONOSTIA,"(0.1, 10, 60)"
S3_units,Bearing2_6,20,1,0.0,PRONOSTIA,"(0.1, 10, 60)"
S3_units,Bearing2_6,20,1,0.0,PRONOSTIA,"(0.1, 10, 60)"
S3_units,Bearing2_6,20,1,0.0,PRONOSTIA,"(0.1, 10, 60)"
S3_units,Bearing2_6,20,1,0.6833333333333333,PRONOSTIA,"(0.1, 10, 60)"
S3_units,Bearing2_6,20,1,0.0,PRONOSTIA,"(0.1, 10, 60)"
S3_units,Bearing2_6,20,1,0.0,PRONOSTIA,"(0.1, 10, 60)"
S3_units,Bearing2_6,20,1,0.0,PRONOSTIA,"(0.1, 10, 60)"
S3_units,Bearing2_6,20,1,0.0,PRONOSTIA,"(0.1, 10, 60)"
S3_units,Bearing2_6,20,1,0.0,PRONOSTIA,"(0.1, 10, 60)"
S3_units,Bearing2_6,20,1,0.45,PRONOSTIA,"(0.1, 10, 60)"
S3_units,Bearing2_6,20,1,0.5333333333333333,PRONOSTIA,"(0.1, 10, 60)"
S3_units,Bearing2_6,20,1,0.0,PRONOSTIA,"(0.1, 10, 60)"
S3_units,Bearing2_6,20,1,0.08333333333333333,PRONOSTIA,"(0.1, 10, 60)"
S3_units,Bearing2_6,20,1,0.016666666666666666,PRONOSTIA,"(0.1, 10, 60)"
S3_units,Bearing2_6,20,1,0.3333333333333333,PRONOSTIA,"(0.1, 10, 60)"
S3_units,Bearing2_6,16,16,0.0,PRONOSTIA,"(0.1, 10, 60)"
S3_units,Bearing2_6,16,16,0.0,PRONOSTIA,"(0.1, 10, 60)"
S3_units,Bearing2_6,16,16,0.0,PRONOSTIA,"(0.1, 10, 60)"
S3_units,Bearing2_6,16,16,0.0,PRONOSTIA,"(0.1, 10, 60)"
S3_units,Bearing2_6,16,16,0.0,PRONOSTIA,"(0.1, 10, 60)"
S3_units,Bearing2_6,16,16,0.0,PRONOSTIA,"(0.1, 10, 60)"
S3_units,Bearing2_6,16,16,0.0,PRONOSTIA,"(0.1, 10, 60)"
S3_units,Bearing2_6,16,16,0.0,PRONOSTIA,"(0.1, 10, 60)"
S3_units,Bearing2_6,16,16,0.0,PRONOSTIA,"(0.1, 10, 60)"
S3_units,Bearing2_6,16,16,0.0,PRONOSTIA,"(0.1, 10, 60)"
S3_units,Bearing2_6,16,16,0.0,PRONOSTIA,"(0.1, 10, 60)"
S3_units,Bearing2_6,16,16,0.0,PRONOSTIA,"(0.1, 10, 60)"
S3_units,Bearing2_6,16,16,0.0,PRONOSTIA,"(0.1, 10, 60)"
S3_units,Bearing2_6,16,16,0.0,PRONOSTIA,"(0.1, 10, 60)"
S3_units,Bearing2_6,16,16,0.0,PRONOSTIA,"(0.1, 10, 60)"
S3_units,Bearing2_6,16,16,0.0,PRONOSTIA,"(0.1, 10, 60)"
S3_units,Bearing2_6,16,16,0.0,PRONOSTIA,"(0.1, 10, 60)"
S3_units,Bearing2_6,16,16,0.0,PRONOSTIA,"(0.1, 10, 60)"
S3_units,Bearing2_6,16,16,0.03333333333333333,PRONOSTIA,"(0.1, 10, 60)"
S3_units,Bearing2_6,16,16,0.0,PRONOSTIA,"(0.1, 10, 60)"
S3_units,Bearing2_6,16,16,0.0,PRONOSTIA,"(0.1, 10, 60)"
S3_units,Bearing2_6,16,16,0.0,PRONOSTIA,"(0.1, 10, 60)"
S3_units,Bearing2_6,16,16,0.0,PRONOSTIA,"(0.1, 10, 60)"
S3_units,Bearing2_6,16,16,0.0,PRONOSTIA,"(0.1, 10, 60)"
S3_units,Bearing2_6,16,16,0.0,PRONOSTIA,"(0.1, 10, 60)"
S3_units,Bearing2_6,16,16,0.0,PRONOSTIA,"(0.1, 10, 60)"
S3_units,Bearing2_6,16,16,0.0,PRONOSTIA,"(0.1, 10, 60)"
S3_units,Bearing2_6,16,16,0.0,PRONOSTIA,"(0.1, 10, 60)"
S3_units,Bearing2_6,16,16,0.0,PRONOSTIA,"(0.1, 10, 60)"
S3_units,Bearing2_6,16,16,0.0,PRONOSTIA,"(0.1, 10, 60)"
S3_units,Bearing2_7,20,1,0.13043478260869565,PRONOSTIA,"(0.1, 10, 60)"
S3_units,Bearing2_7,20,1,0.0,PRONOSTIA,"(0.1, 10, 60)"
S3_units,Bearing2_7,20,1,0.0,PRONOSTIA,"(0.1, 10, 60)"
S3_units,Bearing2_7,20,1,0.0,PRONOSTIA,"(0.1, 10, 60)"
S3_units,Bearing2_7,20,1,0.5652173913043478,PRONOSTIA,"(0.1, 10, 60)"
S3_units,Bearing2_7,20,1,0.0,PRONOSTIA,"(0.1, 10, 60)"
S3_units,Bearing2_7,20,1,0.21739130434782608,PRONOSTIA,"(0.1, 10, 60)"
S3_units,Bearing2_7,20,1,0.043478260869565216,PRONOSTIA,"(0.1, 10, 60)"
S3_units,Bearing2_7,20,1,0.17391304347826086,PRONOSTIA,"(0.1, 10, 60)"
S3_units,Bearing2_7,20,1,0.43478260869565216,PRONOSTIA,"(0.1, 10, 60)"
S3_units,Bearing2_7,20,1,0.0,PRONOSTIA,"(0.1, 10, 60)"
S3_units,Bearing2_7,20,1,0.0,PRONOSTIA,"(0.1, 10, 60)"
S3_units,Bearing2_7,20,1,0.13043478260869565,PRONOSTIA,"(0.1, 10, 60)"
S3_units,Bearing2_7,20,1,0.0,PRONOSTIA,"(0.1, 10, 60)"
S3_units,Bearing2_7,20,1,0.043478260869565216,PRONOSTIA,"(0.1, 10, 60)"
S3_units,Bearing2_7,20,1,0.043478260869565216,PRONOSTIA,"(0.1, 10, 60)"
S3_units,Bearing2_7,20,1,0.13043478260869565,PRONOSTIA,"(0.1, 10, 60)"
S3_units,Bearing2_7,20,1,0.43478260869565216,PRONOSTIA,"(0.1, 10, 60)"
S3_units,Bearing2_7,20,1,0.0,PRONOSTIA,"(0.1, 10, 60)"
S3_units,Bearing2_7,20,1,0.17391304347826086,PRONOSTIA,"(0.1, 10, 60)"
S3_units,Bearing2_7,20,1,0.0,PRONOSTIA,"(0.1, 10, 60)"
S3_units,Bearing2_7,20,1,0.043478260869565216,PRONOSTIA,"(0.1, 10, 60)"
S3_units,Bearing2_7,20,1,0.0,PRONOSTIA,"(0.1, 10, 60)"
S3_units,Bearing2_7,20,1,0.13043478260869565,PRONOSTIA,"(0.1, 10, 60)"
S3_units,Bearing2_7,20,1,0.0,PRONOSTIA,"(0.1, 10, 60)"
S3_units,Bearing2_7,20,1,0.0,PRONOSTIA,"(0.1, 10, 60)"
S3_units,Bearing2_7,20,1,0.5217391304347826,PRONOSTIA,"(0.1, 10, 60)"
S3_units,Bearing2_7,20,1,0.17391304347826086,PRONOSTIA,"(0.1, 10, 60)"
S3_units,Bearing2_7,20,1,0.17391304347826086,PRONOSTIA,"(0.1, 10, 60)"
S3_units,Bearing2_7,20,1,0.21739130434782608,PRONOSTIA,"(0.1, 10, 60)"
S3_units,Bearing2_7,16,16,0.0,PRONOSTIA,"(0.1, 10, 60)"
S3_units,Bearing2_7,16,16,0.0,PRONOSTIA,"(0.1, 10, 60)"
S3_units,Bearing2_7,16,16,0.0,PRONOSTIA,"(0.1, 10, 60)"
S3_units,Bearing2_7,16,16,0.0,PRONOSTIA,"(0.1, 10, 60)"
S3_units,Bearing2_7,16,16,0.0,PRONOSTIA,"(0.1, 10, 60)"
S3_units,Bearing2_7,16,16,0.0,PRONOSTIA,"(0.1, 10, 60)"
S3_units,Bearing2_7,16,16,0.0,PRONOSTIA,"(0.1, 10, 60)"
S3_units,Bearing2_7,16,16,0.0,PRONOSTIA,"(0.1, 10, 60)"
S3_units,Bearing2_7,16,16,0.0,PRONOSTIA,"(0.1, 10, 60)"
S3_units,Bearing2_7,16,16,0.0,PRONOSTIA,"(0.1, 10, 60)"
S3_units,Bearing2_7,16,16,0.0,PRONOSTIA,"(0.1, 10, 60)"
S3_units,Bearing2_7,16,16,0.0,PRONOSTIA,"(0.1, 10, 60)"
S3_units,Bearing2_7,16,16,0.0,PRONOSTIA,"(0.1, 10, 60)"
S3_units,Bearing2_7,16,16,0.0,PRONOSTIA,"(0.1, 10, 60)"
S3_units,Bearing2_7,16,16,0.0,PRONOSTIA,"(0.1, 10, 60)"
S3_units,Bearing2_7,16,16,0.0,PRONOSTIA,"(0.1, 10, 60)"
S3_units,Bearing2_7,16,16,0.0,PRONOSTIA,"(0.1, 10, 60)"
S3_units,Bearing2_7,16,16,0.0,PRONOSTIA,"(0.1, 10, 60)"
S3_units,Bearing2_7,16,16,0.0,PRONOSTIA,"(0.1, 10, 60)"
S3_units,Bearing2_7,16,16,0.0,PRONOSTIA,"(0.1, 10, 60)"
S3_units,Bearing2_7,16,16,0.0,PRONOSTIA,"(0.1, 10, 60)"
S3_units,Bearing2_7,16,16,0.0,PRONOSTIA,"(0.1, 10, 60)"
S3_units,Bearing2_7,16,16,0.0,PRONOSTIA,"(0.1, 10, 60)"
S3_units,Bearing2_7,16,16,0.0,PRONOSTIA,"(0.1, 10, 60)"
S3_units,Bearing2_7,16,16,0.0,PRONOSTIA,"(0.1, 10, 60)"
S3_units,Bearing2_7,16,16,0.0,PRONOSTIA,"(0.1, 10, 60)"
S3_units,Bearing2_7,16,16,0.0,PRONOSTIA,"(0.1, 10, 60)"
S3_units,Bearing2_7,16,16,0.0,PRONOSTIA,"(0.1, 10, 60)"
S3_units,Bearing2_7,16,16,0.0,PRONOSTIA,"(0.1, 10, 60)"
S3_units,Bearing2_7,16,16,0.0,PRONOSTIA,"(0.1, 10, 60)"
S3_units,Bearing3_1,20,1,0.47058823529411764,PRONOSTIA,"(0.1, 10, 60)"
S3_units,Bearing3_1,20,1,0.35294117647058826,PRONOSTIA,"(0.1, 10, 60)"
S3_units,Bearing3_1,20,1,0.0,PRONOSTIA,"(0.1, 10, 60)"
S3_units,Bearing3_1,20,1,0.058823529411764705,PRONOSTIA,"(0.1, 10, 60)"
S3_units,Bearing3_1,20,1,0.1568627450980392,PRONOSTIA,"(0.1, 10, 60)"
S3_units,Bearing3_1,20,1,0.0,PRONOSTIA,"(0.1, 10, 60)"
S3_units,Bearing3_1,20,1,0.23529411764705882,PRONOSTIA,"(0.1, 10, 60)"
S3_units,Bearing3_1,20,1,0.0,PRONOSTIA,"(0.1, 10, 60)"
S3_units,Bearing3_1,20,1,0.29411764705882354,PRONOSTIA,"(0.1, 10, 60)"
S3_units,Bearing3_1,20,1,0.23529411764705882,PRONOSTIA,"(0.1, 10, 60)"
S3_units,Bearing3_1,20,1,0.0196078431372549,PRONOSTIA,"(0.1, 10, 60)"
S3_units,Bearing3_1,20,1,0.0,PRONOSTIA,"(0.1, 10, 60)"
S3_units,Bearing3_1,20,1,0.3333333333333333,PRONOSTIA,"(0.1, 10, 60)"
S3_units,Bearing3_1,20,1,0.6862745098039216,PRONOSTIA,"(0.1, 10, 60)"
S3_units,Bearing3_1,20,1,0.803921568627451,PRONOSTIA,"(0.1, 10, 60)"
S3_units,Bearing3_1,20,1,0.39215686274509803,PRONOSTIA,"(0.1, 10, 60)"
S3_units,Bearing3_1,20,1,0.37254901960784315,PRONOSTIA,"(0.1, 10, 60)"
S3_units,Bearing3_1,20,1,0.0,PRONOSTIA,"(0.1, 10, 60)"
S3_units,Bearing3_1,20,1,0.49019607843137253,PRONOSTIA,"(0.1, 10, 60)"
S3_units,Bearing3_1,20,1,0.6470588235294118,PRONOSTIA,"(0.1, 10, 60)"
S3_units,Bearing3_1,20,1,0.0784313725490196,PRONOSTIA,"(0.1, 10, 60)"
S3_units,Bearing3_1,20,1,0.29411764705882354,PRONOSTIA,"(0.1, 10, 60)"
S3_units,Bearing3_1,20,1,0.13725490196078433,PRONOSTIA,"(0.1, 10, 60)"
S3_units,Bearing3_1,20,1,0.3137254901960784,PRONOSTIA,"(0.1, 10, 60)"
S3_units,Bearing3_1,20,1,0.19607843137254902,PRONOSTIA,"(0.1, 10, 60)"
S3_units,Bearing3_1,20,1,0.5686274509803921,PRONOSTIA,"(0.1, 10, 60)"
S3_units,Bearing3_1,20,1,0.7647058823529411,PRONOSTIA,"(0.1, 10, 60)"
S3_units,Bearing3_1,20,1,0.1568627450980392,PRONOSTIA,"(0.1, 10, 60)"
S3_units,Bearing3_1,20,1,0.37254901960784315,PRONOSTIA,"(0.1, 10, 60)"
S3_units,Bearing3_1,20,1,0.9411764705882353,PRONOSTIA,"(0.1, 10, 60)"
S3_units,Bearing3_1,16,16,0.0196078431372549,PRONOSTIA,"(0.1, 10, 60)"
S3_units,Bearing3_1,16,16,0.0,PRONOSTIA,"(0.1, 10, 60)"
S3_units,Bearing3_1,16,16,0.09803921568627451,PRONOSTIA,"(0.1, 10, 60)"
S3_units,Bearing3_1,16,16,0.058823529411764705,PRONOSTIA,"(0.1, 10, 60)"
S3_units,Bearing3_1,16,16,0.5294117647058824,PRONOSTIA,"(0.1, 10, 60)"
S3_units,Bearing3_1,16,16,0.0,PRONOSTIA,"(0.1, 10, 60)"
S3_units,Bearing3_1,16,16,0.0196078431372549,PRONOSTIA,"(0.1, 10, 60)"
S3_units,Bearing3_1,16,16,0.0392156862745098,PRONOSTIA,"(0.1, 10, 60)"
S3_units,Bearing3_1,16,16,0.0,PRONOSTIA,"(0.1, 10, 60)"
S3_units,Bearing3_1,16,16,0.058823529411764705,PRONOSTIA,"(0.1, 10, 60)"
S3_units,Bearing3_1,16,16,0.19607843137254902,PRONOSTIA,"(0.1, 10, 60)"
S3_units,Bearing3_1,16,16,0.0,PRONOSTIA,"(0.1, 10, 60)"
S3_units,Bearing3_1,16,16,0.0,PRONOSTIA,"(0.1, 10, 60)"
S3_units,Bearing3_1,16,16,0.35294117647058826,PRONOSTIA,"(0.1, 10, 60)"
S3_units,Bearing3_1,16,16,0.0,PRONOSTIA,"(0.1, 10, 60)"
S3_units,Bearing3_1,16,16,0.058823529411764705,PRONOSTIA,"(0.1, 10, 60)"
S3_units,Bearing3_1,16,16,0.0196078431372549,PRONOSTIA,"(0.1, 10, 60)"
S3_units,Bearing3_1,16,16,0.0196078431372549,PRONOSTIA,"(0.1, 10, 60)"
S3_units,Bearing3_1,16,16,0.1568627450980392,PRONOSTIA,"(0.1, 10, 60)"
S3_units,Bearing3_1,16,16,0.058823529411764705,PRONOSTIA,"(0.1, 10, 60)"
S3_units,Bearing3_1,16,16,0.17647058823529413,PRONOSTIA,"(0.1, 10, 60)"
S3_units,Bearing3_1,16,16,0.13725490196078433,PRONOSTIA,"(0.1, 10, 60)"
S3_units,Bearing3_1,16,16,0.058823529411764705,PRONOSTIA,"(0.1, 10, 60)"
S3_units,Bearing3_1,16,16,0.058823529411764705,PRONOSTIA,"(0.1, 10, 60)"
S3_units,Bearing3_1,16,16,0.0,PRONOSTIA,"(0.1, 10, 60)"
S3_units,Bearing3_1,16,16,0.0392156862745098,PRONOSTIA,"(0.1, 10, 60)"
S3_units,Bearing3_1,16,16,0.058823529411764705,PRONOSTIA,"(0.1, 10, 60)"
S3_units,Bearing3_1,16,16,0.0392156862745098,PRONOSTIA,"(0.1, 10, 60)"
S3_units,Bearing3_1,16,16,0.0,PRONOSTIA,"(0.1, 10, 60)"
S3_units,Bearing3_1,16,16,0.0784313725490196,PRONOSTIA,"(0.1, 10, 60)"
S3_units,Bearing3_2,20,1,0.23333333333333334,PRONOSTIA,"(0.1, 10, 60)"
S3_units,Bearing3_2,20,1,0.0,PRONOSTIA,"(0.1, 10, 60)"
S3_units,Bearing3_2,20,1,0.0,PRONOSTIA,"(0.1, 10, 60)"
S3_units,Bearing3_2,20,1,0.13333333333333333,PRONOSTIA,"(0.1, 10, 60)"
S3_units,Bearing3_2,20,1,0.0,PRONOSTIA,"(0.1, 10, 60)"
S3_units,Bearing3_2,20,1,0.03333333333333333,PRONOSTIA,"(0.1, 10, 60)"
S3_units,Bearing3_2,20,1,0.0,PRONOSTIA,"(0.1, 10, 60)"
S3_units,Bearing3_2,20,1,0.0,PRONOSTIA,"(0.1, 10, 60)"
S3_units,Bearing3_2,20,1,0.1,PRONOSTIA,"(0.1, 10, 60)"
S3_units,Bearing3_2,20,1,0.0,PRONOSTIA,"(0.1, 10, 60)"
S3_units,Bearing3_2,20,1,0.0,PRONOSTIA,"(0.1, 10, 60)"
S3_units,Bearing3_2,20,1,0.05,PRONOSTIA,"(0.1, 10, 60)"
S3_units,Bearing3_2,20,1,0.18333333333333332,PRONOSTIA,"(0.1, 10, 60)"
S3_units,Bearing3_2,20,1,0.23333333333333334,PRONOSTIA,"(0.1, 10, 60)"
S3_units,Bearing3_2,20,1,0.6666666666666666,PRONOSTIA,"(0.1, 10, 60)"
S3_units,Bearing3_2,20,1,0.23333333333333334,PRONOSTIA,"(0.1, 10, 60)"
S3_units,Bearing3_2,20,1,0.11666666666666667,PRONOSTIA,"(0.1, 10, 60)"
S3_units,Bearing3_2,20,1,0.0,PRONOSTIA,"(0.1, 10, 60)"
S3_units,Bearing3_2,20,1,0.0,PRONOSTIA,"(0.1, 10, 60)"
S3_units,Bearing3_2,20,1,0.13333333333333333,PRONOSTIA,"(0.1, 10, 60)"
S3_units,Bearing3_2,20,1,0.0,PRONOSTIA,"(0.1, 10, 60)"
S3_units,Bearing3_2,20,1,0.0,PRONOSTIA,"(0.1, 10, 60)"
S3_units,Bearing3_2,20,1,0.3333333333333333,PRONOSTIA,"(0.1, 10, 60)"
S3_units,Bearing3_2,20,1,0.03333333333333333,PRONOSTIA,"(0.1, 10, 60)"
S3_units,Bearing3_2,20,1,0.08333333333333333,PRONOSTIA,"(0.1, 10, 60)"
S3_units,Bearing3_2,20,1,0.03333333333333333,PRONOSTIA,"(0.1, 10, 60)"
S3_units,Bearing3_2,20,1,0.15,PRONOSTIA,"(0.1, 10, 60)"
S3_units,Bearing3_2,20,1,0.48333333333333334,PRONOSTIA,"(0.1, 10, 60)"
S3_units,Bearing3_2,20,1,0.15,PRONOSTIA,"(0.1, 10, 60)"
S3_units,Bearing3_2,20,1,0.0,PRONOSTIA,"(0.1, 10, 60)"
S3_units,Bearing3_2,16,16,0.0,PRONOSTIA,"(0.1, 10, 60)"
S3_units,Bearing3_2,16,16,0.0,PRONOSTIA,"(0.1, 10, 60)"
S3_units,Bearing3_2,16,16,0.0,PRONOSTIA,"(0.1, 10, 60)"
S3_units,Bearing3_2,16,16,0.0,PRONOSTIA,"(0.1, 10, 60)"
S3_units,Bearing3_2,16,16,0.0,PRONOSTIA,"(0.1, 10, 60)"
S3_units,Bearing3_2,16,16,0.0,PRONOSTIA,"(0.1, 10, 60)"
S3_units,Bearing3_2,16,16,0.0,PRONOSTIA,"(0.1, 10, 60)"
S3_units,Bearing3_2,16,16,0.0,PRONOSTIA,"(0.1, 10, 60)"
S3_units,Bearing3_2,16,16,0.016666666666666666,PRONOSTIA,"(0.1, 10, 60)"
S3_units,Bearing3_2,16,16,0.0,PRONOSTIA,"(0.1, 10, 60)"
S3_units,Bearing3_2,16,16,0.0,PRONOSTIA,"(0.1, 10, 60)"
S3_units,Bearing3_2,16,16,0.0,PRONOSTIA,"(0.1, 10, 60)"
S3_units,Bearing3_2,16,16,0.0,PRONOSTIA,"(0.1, 10, 60)"
S3_units,Bearing3_2,16,16,0.016666666666666666,PRONOSTIA,"(0.1, 10, 60)"
S3_units,Bearing3_2,16,16,0.0,PRONOSTIA,"(0.1, 10, 60)"
S3_units,Bearing3_2,16,16,0.03333333333333333,PRONOSTIA,"(0.1, 10, 60)"
S3_units,Bearing3_2,16,16,0.0,PRONOSTIA,"(0.1, 10, 60)"
S3_units,Bearing3_2,16,16,0.0,PRONOSTIA,"(0.1, 10, 60)"
S3_units,Bearing3_2,16,16,0.0,PRONOSTIA,"(0.1, 10, 60)"
S3_units,Bearing3_2,16,16,0.0,PRONOSTIA,"(0.1, 10, 60)"
S3_units,Bearing3_2,16,16,0.0,PRONOSTIA,"(0.1, 10, 60)"
S3_units,Bearing3_2,16,16,0.0,PRONOSTIA,"(0.1, 10, 60)"
S3_units,Bearing3_2,16,16,0.03333333333333333,PRONOSTIA,"(0.1, 10, 60)"
S3_units,Bearing3_2,16,16,0.05,PRONOSTIA,"(0.1, 10, 60)"
S3_units,Bearing3_2,16,16,0.0,PRONOSTIA,"(0.1, 10, 60)"
S3_units,Bearing3_2,16,16,0.0,PRONOSTIA,"(0.1, 10, 60)"
S3_units,Bearing3_2,16,16,0.0,PRONOSTIA,"(0.1, 10, 60)"
S3_units,Bearing3_2,16,16,0.0,PRONOSTIA,"(0.1, 10, 60)"
S3_units,Bearing3_2,16,16,0.0,PRONOSTIA,"(0.1, 10, 60)"
S3_units,Bearing3_2,16,16,0.016666666666666666,PRONOSTIA,"(0.1, 10, 60)"
S3_units,Bearing3_3,20,1,0.0,PRONOSTIA,"(0.1, 10, 60)"
S3_units,Bearing3_3,20,1,0.7209302325581395,PRONOSTIA,"(0.1, 10, 60)"
S3_units,Bearing3_3,20,1,0.5116279069767442,PRONOSTIA,"(0.1, 10, 60)"
S3_units,Bearing3_3,20,1,0.13953488372093023,PRONOSTIA,"(0.1, 10, 60)"
S3_units,Bearing3_3,20,1,0.37209302325581395,PRONOSTIA,"(0.1, 10, 60)"
S3_units,Bearing3_3,20,1,0.20930232558139536,PRONOSTIA,"(0.1, 10, 60)"
S3_units,Bearing3_3,20,1,0.2558139534883721,PRONOSTIA,"(0.1, 10, 60)"
S3_units,Bearing3_3,20,1,0.5348837209302325,PRONOSTIA,"(0.1, 10, 60)"
S3_units,Bearing3_3,20,1,0.0,PRONOSTIA,"(0.1, 10, 60)"
S3_units,Bearing3_3,20,1,0.023255813953488372,PRONOSTIA,"(0.1, 10, 60)"
S3_units,Bearing3_3,20,1,0.0,PRONOSTIA,"(0.1, 10, 60)"
S3_units,Bearing3_3,20,1,0.20930232558139536,PRONOSTIA,"(0.1, 10, 60)"
S3_units,Bearing3_3,20,1,0.27906976744186046,PRONOSTIA,"(0.1, 10, 60)"
S3_units,Bearing3_3,20,1,0.3488372093023256,PRONOSTIA,"(0.1, 10, 60)"
S3_units,Bearing3_3,20,1,0.0,PRONOSTIA,"(0.1, 10, 60)"
S3_units,Bearing3_3,20,1,0.2558139534883721,PRONOSTIA,"(0.1, 10, 60)"
S3_units,Bearing3_3,20,1,0.16279069767441862,PRONOSTIA,"(0.1, 10, 60)"
S3_units,Bearing3_3,20,1,0.046511627906976744,PRONOSTIA,"(0.1, 10, 60)"
S3_units,Bearing3_3,20,1,0.023255813953488372,PRONOSTIA,"(0.1, 10, 60)"
S3_units,Bearing3_3,20,1,0.06976744186046512,PRONOSTIA,"(0.1, 10, 60)"
S3_units,Bearing3_3,20,1,0.023255813953488372,PRONOSTIA,"(0.1, 10, 60)"
S3_units,Bearing3_3,20,1,0.0,PRONOSTIA,"(0.1, 10, 60)"
S3_units,Bearing3_3,20,1,0.0,PRONOSTIA,"(0.1, 10, 60)"
S3_units,Bearing3_3,20,1,0.11627906976744186,PRONOSTIA,"(0.1, 10, 60)"
S3_units,Bearing3_3,20,1,0.0,PRONOSTIA,"(0.1, 10, 60)"
S3_units,Bearing3_3,20,1,0.3023255813953488,PRONOSTIA,"(0.1, 10, 60)"
S3_units,Bearing3_3,20,1,0.3953488372093023,PRONOSTIA,"(0.1, 10, 60)"
S3_units,Bearing3_3,20,1,0.4418604651162791,PRONOSTIA,"(0.1, 10, 60)"
S3_units,Bearing3_3,20,1,0.7674418604651163,PRONOSTIA,"(0.1, 10, 60)"
S3_units,Bearing3_3,20,1,0.046511627906976744,PRONOSTIA,"(0.1, 10, 60)"
S3_units,Bearing3_3,16,16,0.046511627906976744,PRONOSTIA,"(0.1, 10, 60)"
S3_units,Bearing3_3,16,16,0.046511627906976744,PRONOSTIA,"(0.1, 10, 60)"
S3_units,Bearing3_3,16,16,0.0,PRONOSTIA,"(0.1, 10, 60)"
S3_units,Bearing3_3,16,16,0.0,PRONOSTIA,"(0.1, 10, 60)"
S3_units,Bearing3_3,16,16,0.046511627906976744,PRONOSTIA,"(0.1, 10, 60)"
S3_units,Bearing3_3,16,16,0.0,PRONOSTIA,"(0.1, 10, 60)"
S3_units,Bearing3_3,16,16,0.023255813953488372,PRONOSTIA,"(0.1, 10, 60)"
S3_units,Bearing3_3,16,16,0.023255813953488372,PRONOSTIA,"(0.1, 10, 60)"
S3_units,Bearing3_3,16,16,0.20930232558139536,PRONOSTIA,"(0.1, 10, 60)"
S3_units,Bearing3_3,16,16,0.046511627906976744,PRONOSTIA,"(0.1, 10, 60)"
S3_units,Bearing3_3,16,16,0.06976744186046512,PRONOSTIA,"(0.1, 10, 60)"
S3_units,Bearing3_3,16,16,0.06976744186046512,PRONOSTIA,"(0.1, 10, 60)"
S3_units,Bearing3_3,16,16,0.0,PRONOSTIA,"(0.1, 10, 60)"
S3_units,Bearing3_3,16,16,0.023255813953488372,PRONOSTIA,"(0.1, 10, 60)"
S3_units,Bearing3_3,16,16,0.0,PRONOSTIA,"(0.1, 10, 60)"
S3_units,Bearing3_3,16,16,0.046511627906976744,PRONOSTIA,"(0.1, 10, 60)"
S3_units,Bearing3_3,16,16,0.0,PRONOSTIA,"(0.1, 10, 60)"
S3_units,Bearing3_3,16,16,0.0,PRONOSTIA,"(0.1, 10, 60)"
S3_units,Bearing3_3,16,16,0.0,PRONOSTIA,"(0.1, 10, 60)"
S3_units,Bearing3_3,16,16,0.0,PRONOSTIA,"(0.1, 10, 60)"
S3_units,Bearing3_3,16,16,0.046511627906976744,PRONOSTIA,"(0.1, 10, 60)"
S3_units,Bearing3_3,16,16,0.0,PRONOSTIA,"(0.1, 10, 60)"
S3_units,Bearing3_3,16,16,0.0,PRONOSTIA,"(0.1, 10, 60)"
S3_units,Bearing3_3,16,16,0.023255813953488372,PRONOSTIA,"(0.1, 10, 60)"
S3_units,Bearing3_3,16,16,0.06976744186046512,PRONOSTIA,"(0.1, 10, 60)"
S3_units,Bearing3_3,16,16,0.046511627906976744,PRONOSTIA,"(0.1, 10, 60)"
S3_units,Bearing3_3,16,16,0.0,PRONOSTIA,"(0.1, 10, 60)"
S3_units,Bearing3_3,16,16,0.0,PRONOSTIA,"(0.1, 10, 60)"
S3_units,Bearing3_3,16,16,0.0,PRONOSTIA,"(0.1, 10, 60)"
S3_units,Bearing3_3,16,16,0.2558139534883721,PRONOSTIA,"(0.1, 10, 60)"
S3_units,Bearing1_1,20,1,1.0,XJTU-SY,"(0.1, 10, 60)"
S3_units,Bearing1_1,10,1,0.16666666666666666,XJTU-SY,"(0.1, 10, 60)"
S3_units,Bearing1_1,20,1,1.0,XJTU-SY,"(0.1, 10, 60)"
S3_units,Bearing1_1,12,1,1.0,XJTU-SY,"(0.1, 10, 60)"
S3_units,Bearing1_1,20,1,0.9166666666666666,XJTU-SY,"(0.1, 10, 60)"
S3_units,Bearing1_1,16,1,0.4166666666666667,XJTU-SY,"(0.1, 10, 60)"
S3_units,Bearing1_1,20,1,0.16666666666666666,XJTU-SY,"(0.1, 10, 60)"
S3_units,Bearing1_1,20,1,0.9166666666666666,XJTU-SY,"(0.1, 10, 60)"
S3_units,Bearing1_1,20,1,1.0,XJTU-SY,"(0.1, 10, 60)"
S3_units,Bearing1_1,20,1,0.9166666666666666,XJTU-SY,"(0.1, 10, 60)"
S3_units,Bearing1_1,20,1,0.16666666666666666,XJTU-SY,"(0.1, 10, 60)"
S3_units,Bearing1_1,12,1,1.0,XJTU-SY,"(0.1, 10, 60)"
S3_units,Bearing1_1,15,1,0.9166666666666666,XJTU-SY,"(0.1, 10, 60)"
S3_units,Bearing1_1,20,1,0.9166666666666666,XJTU-SY,"(0.1, 10, 60)"
S3_units,Bearing1_1,16,1,0.4166666666666667,XJTU-SY,"(0.1, 10, 60)"
S3_units,Bearing1_1,12,1,1.0,XJTU-SY,"(0.1, 10, 60)"
S3_units,Bearing1_1,11,1,0.0,XJTU-SY,"(0.1, 10, 60)"
S3_units,Bearing1_1,20,1,1.0,XJTU-SY,"(0.1, 10, 60)"
S3_units,Bearing1_1,20,1,0.08333333333333333,XJTU-SY,"(0.1, 10, 60)"
S3_units,Bearing1_1,16,1,0.75,XJTU-SY,"(0.1, 10, 60)"
S3_units,Bearing1_1,16,1,0.75,XJTU-SY,"(0.1, 10, 60)"
S3_units,Bearing1_1,15,1,0.9166666666666666,XJTU-SY,"(0.1, 10, 60)"
S3_units,Bearing1_1,20,1,0.0,XJTU-SY,"(0.1, 10, 60)"
S3_units,Bearing1_1,20,1,0.4166666666666667,XJTU-SY,"(0.1, 10, 60)"
S3_units,Bearing1_1,10,1,0.16666666666666666,XJTU-SY,"(0.1, 10, 60)"
S3_units,Bearing1_1,20,1,0.3333333333333333,XJTU-SY,"(0.1, 10, 60)"
S3_units,Bearing1_1,12,1,0.9166666666666666,XJTU-SY,"(0.1, 10, 60)"
S3_units,Bearing1_1,20,1,0.9166666666666666,XJTU-SY,"(0.1, 10, 60)"
S3_units,Bearing1_1,15,1,1.0,XJTU-SY,"(0.1, 10, 60)"
S3_units,Bearing1_1,20,1,1.0,XJTU-SY,"(0.1, 10, 60)"
S3_units,Bearing1_1,14,14,0.16666666666666666,XJTU-SY,"(0.1, 10, 60)"
S3_units,Bearing1_1,14,14,0.16666666666666666,XJTU-SY,"(0.1, 10, 60)"
S3_units,Bearing1_1,14,14,0.16666666666666666,XJTU-SY,"(0.1, 10, 60)"
S3_units,Bearing1_1,14,14,0.16666666666666666,XJTU-SY,"(0.1, 10, 60)"
S3_units,Bearing1_1,14,14,0.16666666666666666,XJTU-SY,"(0.1, 10, 60)"
S3_units,Bearing1_1,14,14,0.16666666666666666,XJTU-SY,"(0.1, 10, 60)"
S3_units,Bearing1_1,14,14,0.16666666666666666,XJTU-SY,"(0.1, 10, 60)"
S3_units,Bearing1_1,14,14,0.16666666666666666,XJTU-SY,"(0.1, 10, 60)"
S3_units,Bearing1_1,14,14,0.16666666666666666,XJTU-SY,"(0.1, 10, 60)"
S3_units,Bearing1_1,14,14,0.16666666666666666,XJTU-SY,"(0.1, 10, 60)"
S3_units,Bearing1_1,14,14,0.16666666666666666,XJTU-SY,"(0.1, 10, 60)"
S3_units,Bearing1_1,14,14,0.16666666666666666,XJTU-SY,"(0.1, 10, 60)"
S3_units,Bearing1_1,14,14,0.16666666666666666,XJTU-SY,"(0.1, 10, 60)"
S3_units,Bearing1_1,14,14,0.16666666666666666,XJTU-SY,"(0.1, 10, 60)"
S3_units,Bearing1_1,14,14,0.16666666666666666,XJTU-SY,"(0.1, 10, 60)"
S3_units,Bearing1_1,14,14,0.16666666666666666,XJTU-SY,"(0.1, 10, 60)"
S3_units,Bearing1_1,14,14,0.16666666666666666,XJTU-SY,"(0.1, 10, 60)"
S3_units,Bearing1_1,14,14,0.16666666666666666,XJTU-SY,"(0.1, 10, 60)"
S3_units,Bearing1_1,14,14,0.3333333333333333,XJTU-SY,"(0.1, 10, 60)"
S3_units,Bearing1_1,14,14,0.16666666666666666,XJTU-SY,"(0.1, 10, 60)"
S3_units,Bearing1_1,14,14,0.25,XJTU-SY,"(0.1, 10, 60)"
S3_units,Bearing1_1,14,14,0.16666666666666666,XJTU-SY,"(0.1, 10, 60)"
S3_units,Bearing1_1,14,14,0.0,XJTU-SY,"(0.1, 10, 60)"
S3_units,Bearing1_1,14,14,0.16666666666666666,XJTU-SY,"(0.1, 10, 60)"
S3_units,Bearing1_1,14,14,0.16666666666666666,XJTU-SY,"(0.1, 10, 60)"
S3_units,Bearing1_1,14,14,0.25,XJTU-SY,"(0.1, 10, 60)"
S3_units,Bearing1_1,14,14,0.08333333333333333,XJTU-SY,"(0.1, 10, 60)"
S3_units,Bearing1_1,14,14,0.16666666666666666,XJTU-SY,"(0.1, 10, 60)"
S3_units,Bearing1_1,14,14,0.16666666666666666,XJTU-SY,"(0.1, 10, 60)"
S3_units,Bearing1_1,14,14,0.16666666666666666,XJTU-SY,"(0.1, 10, 60)"
S3_units,Bearing1_2,15,1,1.0,XJTU-SY,"(0.1, 10, 60)"
S3_units,Bearing1_2,20,1,1.0,XJTU-SY,"(0.1, 10, 60)"
S3_units,Bearing1_2,15,1,1.0,XJTU-SY,"(0.1, 10, 60)"
S3_units,Bearing1_2,12,1,1.0,XJTU-SY,"(0.1, 10, 60)"
S3_units,Bearing1_2,20,1,1.0,XJTU-SY,"(0.1, 10, 60)"
S3_units,Bearing1_2,20,1,0.875,XJTU-SY,"(0.1, 10, 60)"
S3_units,Bearing1_2,10,1,1.0,XJTU-SY,"(0.1, 10, 60)"
S3_units,Bearing1_2,12,1,1.0,XJTU-SY,"(0.1, 10, 60)"
S3_units,Bearing1_2,10,1,0.0,XJTU-SY,"(0.1, 10, 60)"
S3_units,Bearing1_2,16,1,1.0,XJTU-SY,"(0.1, 10, 60)"
S3_units,Bearing1_2,20,1,1.0,XJTU-SY,"(0.1, 10, 60)"
S3_units,Bearing1_2,20,1,0.125,XJTU-SY,"(0.1, 10, 60)"
S3_units,Bearing1_2,15,1,1.0,XJTU-SY,"(0.1, 10, 60)"
S3_units,Bearing1_2,10,1,0.0,XJTU-SY,"(0.1, 10, 60)"
S3_units,Bearing1_2,12,1,0.0,XJTU-SY,"(0.1, 10, 60)"
S3_units,Bearing1_2,20,1,0.125,XJTU-SY,"(0.1, 10, 60)"
S3_units,Bearing1_2,15,1,1.0,XJTU-SY,"(0.1, 10, 60)"
S3_units,Bearing1_2,20,1,1.0,XJTU-SY,"(0.1, 10, 60)"
S3_units,Bearing1_2,20,1,0.5625,XJTU-SY,"(0.1, 10, 60)"
S3_units,Bearing1_2,20,1,1.0,XJTU-SY,"(0.1, 10, 60)"
S3_units,Bearing1_2,16,1,1.0,XJTU-SY,"(0.1, 10, 60)"
S3_units,Bearing1_2,11,1,0.0,XJTU-SY,"(0.1, 10, 60)"
S3_units,Bearing1_2,12,1,0.0,XJTU-SY,"(0.1, 10, 60)"
S3_units,Bearing1_2,20,1,0.5625,XJTU-SY,"(0.1, 10, 60)"
S3_units,Bearing1_2,11,1,0.0,XJTU-SY,"(0.1, 10, 60)"
S3_units,Bearing1_2,20,1,1.0,XJTU-SY,"(0.1, 10, 60)"
S3_units,Bearing1_2,20,1,0.0,XJTU-SY,"(0.1, 10, 60)"
S3_units,Bearing1_2,20,1,1.0,XJTU-SY,"(0.1, 10, 60)"
S3_units,Bearing1_2,20,1,1.0,XJTU-SY,"(0.1, 10, 60)"
S3_units,Bearing1_2,16,1,1.0,XJTU-SY,"(0.1, 10, 60)"
S3_units,Bearing1_2,14,14,0.0,XJTU-SY,"(0.1, 10, 60)"
S3_units,Bearing1_2,14,14,0.0,XJTU-SY,"(0.1, 10, 60)"
S3_units,Bearing1_2,14,14,0.0,XJTU-SY,"(0.1, 10, 60)"
S3_units,Bearing1_2,14,14,0.0,XJTU-SY,"(0.1, 10, 60)"
S3_units,Bearing1_2,14,14,0.0,XJTU-SY,"(0.1, 10, 60)"
S3_units,Bearing1_2,14,14,0.0,XJTU-SY,"(0.1, 10, 60)"
S3_units,Bearing1_2,14,14,0.125,XJTU-SY,"(0.1, 10, 60)"
S3_units,Bearing1_2,14,14,0.0,XJTU-SY,"(0.1, 10, 60)"
S3_units,Bearing1_2,14,14,0.0,XJTU-SY,"(0.1, 10, 60)"
S3_units,Bearing1_2,14,14,0.0,XJTU-SY,"(0.1, 10, 60)"
S3_units,Bearing1_2,14,14,0.0,XJTU-SY,"(0.1, 10, 60)"
S3_units,Bearing1_2,14,14,0.0,XJTU-SY,"(0.1, 10, 60)"
S3_units,Bearing1_2,14,14,0.0,XJTU-SY,"(0.1, 10, 60)"
S3_units,Bearing1_2,14,14,0.0,XJTU-SY,"(0.1, 10, 60)"
S3_units,Bearing1_2,14,14,0.0,XJTU-SY,"(0.1, 10, 60)"
S3_units,Bearing1_2,14,14,0.0,XJTU-SY,"(0.1, 10, 60)"
S3_units,Bearing1_2,14,14,0.0,XJTU-SY,"(0.1, 10, 60)"
S3_units,Bearing1_2,14,14,0.0,XJTU-SY,"(0.1, 10, 60)"
S3_units,Bearing1_2,14,14,0.0,XJTU-SY,"(0.1, 10, 60)"
S3_units,Bearing1_2,14,14,0.0,XJTU-SY,"(0.1, 10, 60)"
S3_units,Bearing1_2,14,14,0.0,XJTU-SY,"(0.1, 10, 60)"
S3_units,Bearing1_2,14,14,0.0,XJTU-SY,"(0.1, 10, 60)"
S3_units,Bearing1_2,14,14,0.0,XJTU-SY,"(0.1, 10, 60)"
S3_units,Bearing1_2,14,14,0.0,XJTU-SY,"(0.1, 10, 60)"
S3_units,Bearing1_2,14,14,0.0,XJTU-SY,"(0.1, 10, 60)"
S3_units,Bearing1_2,14,14,0.0,XJTU-SY,"(0.1, 10, 60)"
S3_units,Bearing1_2,14,14,0.0,XJTU-SY,"(0.1, 10, 60)"
S3_units,Bearing1_2,14,14,0.0,XJTU-SY,"(0.1, 10, 60)"
S3_units,Bearing1_2,14,14,0.0,XJTU-SY,"(0.1, 10, 60)"
S3_units,Bearing1_2,14,14,0.0,XJTU-SY,"(0.1, 10, 60)"
S3_units,Bearing1_3,10,1,0.0,XJTU-SY,"(0.1, 10, 60)"
S3_units,Bearing1_3,20,1,0.4666666666666667,XJTU-SY,"(0.1, 10, 60)"
S3_units,Bearing1_3,12,1,0.0,XJTU-SY,"(0.1, 10, 60)"
S3_units,Bearing1_3,16,1,0.0,XJTU-SY,"(0.1, 10, 60)"
S3_units,Bearing1_3,20,1,0.0,XJTU-SY,"(0.1, 10, 60)"
S3_units,Bearing1_3,16,1,0.0,XJTU-SY,"(0.1, 10, 60)"
S3_units,Bearing1_3,20,1,0.0,XJTU-SY,"(0.1, 10, 60)"
S3_units,Bearing1_3,20,1,1.0,XJTU-SY,"(0.1, 10, 60)"
S3_units,Bearing1_3,20,1,1.0,XJTU-SY,"(0.1, 10, 60)"
S3_units,Bearing1_3,16,1,1.0,XJTU-SY,"(0.1, 10, 60)"
S3_units,Bearing1_3,16,1,1.0,XJTU-SY,"(0.1, 10, 60)"
S3_units,Bearing1_3,10,1,0.5333333333333333,XJTU-SY,"(0.1, 10, 60)"
S3_units,Bearing1_3,16,1,0.0,XJTU-SY,"(0.1, 10, 60)"
S3_units,Bearing1_3,12,1,0.0,XJTU-SY,"(0.1, 10, 60)"
S3_units,Bearing1_3,20,1,0.7333333333333333,XJTU-SY,"(0.1, 10, 60)"
S3_units,Bearing1_3,12,1,0.0,XJTU-SY,"(0.1, 10, 60)"
S3_units,Bearing1_3,11,1,0.0,XJTU-SY,"(0.1, 10, 60)"
S3_units,Bearing1_3,10,1,0.0,XJTU-SY,"(0.1, 10, 60)"
S3_units,Bearing1_3,20,1,1.0,XJTU-SY,"(0.1, 10, 60)"
S3_units,Bearing1_3,11,1,0.0,XJTU-SY,"(0.1, 10, 60)"
S3_units,Bearing1_3,10,1,0.0,XJTU-SY,"(0.1, 10, 60)"
S3_units,Bearing1_3,10,1,0.0,XJTU-SY,"(0.1, 10, 60)"
S3_units,Bearing1_3,10,1,0.0,XJTU-SY,"(0.1, 10, 60)"
S3_units,Bearing1_3,20,1,1.0,XJTU-SY,"(0.1, 10, 60)"
S3_units,Bearing1_3,20,1,0.5333333333333333,XJTU-SY,"(0.1, 10, 60)"
S3_units,Bearing1_3,20,1,0.6,XJTU-SY,"(0.1, 10, 60)"
S3_units,Bearing1_3,16,1,0.0,XJTU-SY,"(0.1, 10, 60)"
S3_units,Bearing1_3,20,1,0.13333333333333333,XJTU-SY,"(0.1, 10, 60)"
S3_units,Bearing1_3,20,1,0.26666666666666666,XJTU-SY,"(0.1, 10, 60)"
S3_units,Bearing1_3,20,1,1.0,XJTU-SY,"(0.1, 10, 60)"
S3_units,Bearing1_3,14,14,0.0,XJTU-SY,"(0.1, 10, 60)"
S3_units,Bearing1_3,14,14,0.0,XJTU-SY,"(0.1, 10, 60)"
S3_units,Bearing1_3,14,14,0.0,XJTU-SY,"(0.1, 10, 60)"
S3_units,Bearing1_3,14,14,0.0,XJTU-SY,"(0.1, 10, 60)"
S3_units,Bearing1_3,14,14,0.0,XJTU-SY,"(0.1, 10, 60)"
S3_units,Bearing1_3,14,14,0.0,XJTU-SY,"(0.1, 10, 60)"
S3_units,Bearing1_3,14,14,0.0,XJTU-SY,"(0.1, 10, 60)"
S3_units,Bearing1_3,14,14,0.0,XJTU-SY,"(0.1, 10, 60)"
S3_units,Bearing1_3,14,14,0.0,XJTU-SY,"(0.1, 10, 60)"
S3_units,Bearing1_3,14,14,0.0,XJTU-SY,"(0.1, 10, 60)"
S3_units,Bearing1_3,14,14,0.0,XJTU-SY,"(0.1, 10, 60)"
S3_units,Bearing1_3,14,14,0.0,XJTU-SY,"(0.1, 10, 60)"
S3_units,Bearing1_3,14,14,0.0,XJTU-SY,"(0.1, 10, 60)"
S3_units,Bearing1_3,14,14,0.0,XJTU-SY,"(0.1, 10, 60)"
S3_units,Bearing1_3,14,14,0.0,XJTU-SY,"(0.1, 10, 60)"
S3_units,Bearing1_3,14,14,0.0,XJTU-SY,"(0.1, 10, 60)"
S3_units,Bearing1_3,14,14,0.0,XJTU-SY,"(0.1, 10, 60)"
S3_units,Bearing1_3,14,14,0.0,XJTU-SY,"(0.1, 10, 60)"
S3_units,Bearing1_3,14,14,0.0,XJTU-SY,"(0.1, 10, 60)"
S3_units,Bearing1_3,14,14,0.0,XJTU-SY,"(0.1, 10, 60)"
S3_units,Bearing1_3,14,14,0.0,XJTU-SY,"(0.1, 10, 60)"
S3_units,Bearing1_3,14,14,0.0,XJTU-SY,"(0.1, 10, 60)"
S3_units,Bearing1_3,14,14,0.0,XJTU-SY,"(0.1, 10, 60)"
S3_units,Bearing1_3,14,14,0.0,XJTU-SY,"(0.1, 10, 60)"
S3_units,Bearing1_3,14,14,0.0,XJTU-SY,"(0.1, 10, 60)"
S3_units,Bearing1_3,14,14,0.0,XJTU-SY,"(0.1, 10, 60)"
S3_units,Bearing1_3,14,14,0.0,XJTU-SY,"(0.1, 10, 60)"
S3_units,Bearing1_3,14,14,0.0,XJTU-SY,"(0.1, 10, 60)"
S3_units,Bearing1_3,14,14,0.0,XJTU-SY,"(0.1, 10, 60)"
S3_units,Bearing1_3,14,14,0.0,XJTU-SY,"(0.1, 10, 60)"
S3_units,Bearing1_4,11,1,0.0,XJTU-SY,"(0.1, 10, 60)"
S3_units,Bearing1_4,15,1,0.75,XJTU-SY,"(0.1, 10, 60)"
S3_units,Bearing1_4,10,1,0.75,XJTU-SY,"(0.1, 10, 60)"
S3_units,Bearing1_4,20,1,0.8333333333333334,XJTU-SY,"(0.1, 10, 60)"
S3_units,Bearing1_4,20,1,0.75,XJTU-SY,"(0.1, 10, 60)"
S3_units,Bearing1_4,20,1,0.0,XJTU-SY,"(0.1, 10, 60)"
S3_units,Bearing1_4,20,1,0.16666666666666666,XJTU-SY,"(0.1, 10, 60)"
S3_units,Bearing1_4,11,1,0.0,XJTU-SY,"(0.1, 10, 60)"
S3_units,Bearing1_4,20,1,0.0,XJTU-SY,"(0.1, 10, 60)"
S3_units,Bearing1_4,11,1,0.0,XJTU-SY,"(0.1, 10, 60)"
S3_units,Bearing1_4,10,1,0.0,XJTU-SY,"(0.1, 10, 60)"
S3_units,Bearing1_4,10,1,0.0,XJTU-SY,"(0.1, 10, 60)"
S3_units,Bearing1_4,16,1,0.0,XJTU-SY,"(0.1, 10, 60)"
S3_units,Bearing1_4,20,1,1.0,XJTU-SY,"(0.1, 10, 60)"
S3_units,Bearing1_4,20,1,0.0,XJTU-SY,"(0.1, 10, 60)"
S3_units,Bearing1_4,10,1,0.5,XJTU-SY,"(0.1, 10, 60)"
S3_units,Bearing1_4,20,1,1.0,XJTU-SY,"(0.1, 10, 60)"
S3_units,Bearing1_4,16,1,0.0,XJTU-SY,"(0.1, 10, 60)"
S3_units,Bearing1_4,20,1,0.75,XJTU-SY,"(0.1, 10, 60)"
S3_units,Bearing1_4,12,1,0.0,XJTU-SY,"(0.1, 10, 60)"
S3_units,Bearing1_4,20,1,1.0,XJTU-SY,"(0.1, 10, 60)"
S3_units,Bearing1_4,12,1,0.0,XJTU-SY,"(0.1, 10, 60)"
S3_units,Bearing1_4,20,1,0.5,XJTU-SY,"(0.1, 10, 60)"
S3_units,Bearing1_4,20,1,0.16666666666666666,XJTU-SY,"(0.1, 10, 60)"
S3_units,Bearing1_4,20,1,1.0,XJTU-SY,"(0.1, 10, 60)"
S3_units,Bearing1_4,20,1,1.0,XJTU-SY,"(0.1, 10, 60)"
S3_units,Bearing1_4,20,1,1.0,XJTU-SY,"(0.1, 10, 60)"
S3_units,Bearing1_4,15,1,0.5833333333333334,XJTU-SY,"(0.1, 10, 60)"
S3_units,Bearing1_4,10,1,0.0,XJTU-SY,"(0.1, 10, 60)"
S3_units,Bearing1_4,15,1,0.6666666666666666,XJTU-SY,"(0.1, 10, 60)"
S3_units,Bearing1_4,14,14,0.0,XJTU-SY,"(0.1, 10, 60)"
S3_units,Bearing1_4,14,14,0.0,XJTU-SY,"(0.1, 10, 60)"
S3_units,Bearing1_4,14,14,0.0,XJTU-SY,"(0.1, 10, 60)"
S3_units,Bearing1_4,14,14,0.0,XJTU-SY,"(0.1, 10, 60)"
S3_units,Bearing1_4,14,14,0.0,XJTU-SY,"(0.1, 10, 60)"
S3_units,Bearing1_4,14,14,0.0,XJTU-SY,"(0.1, 10, 60)"
S3_units,Bearing1_4,14,14,0.0,XJTU-SY,"(0.1, 10, 60)"
S3_units,Bearing1_4,14,14,0.0,XJTU-SY,"(0.1, 10, 60)"
S3_units,Bearing1_4,14,14,0.0,XJTU-SY,"(0.1, 10, 60)"
S3_units,Bearing1_4,14,14,0.0,XJTU-SY,"(0.1, 10, 60)"
S3_units,Bearing1_4,14,14,0.0,XJTU-SY,"(0.1, 10, 60)"
S3_units,Bearing1_4,14,14,0.0,XJTU-SY,"(0.1, 10, 60)"
S3_units,Bearing1_4,14,14,0.0,XJTU-SY,"(0.1, 10, 60)"
S3_units,Bearing1_4,14,14,0.0,XJTU-SY,"(0.1, 10, 60)"
S3_units,Bearing1_4,14,14,0.0,XJTU-SY,"(0.1, 10, 60)"
S3_units,Bearing1_4,14,14,0.0,XJTU-SY,"(0.1, 10, 60)"
S3_units,Bearing1_4,14,14,0.0,XJTU-SY,"(0.1, 10, 60)"
S3_units,Bearing1_4,14,14,0.0,XJTU-SY,"(0.1, 10, 60)"
S3_units,Bearing1_4,14,14,0.0,XJTU-SY,"(0.1, 10, 60)"
S3_units,Bearing1_4,14,14,0.0,XJTU-SY,"(0.1, 10, 60)"
S3_units,Bearing1_4,14,14,0.0,XJTU-SY,"(0.1, 10, 60)"
S3_units,Bearing1_4,14,14,0.0,XJTU-SY,"(0.1, 10, 60)"
S3_units,Bearing1_4,14,14,0.0,XJTU-SY,"(0.1, 10, 60)"
S3_units,Bearing1_4,14,14,0.0,XJTU-SY,"(0.1, 10, 60)"
S3_units,Bearing1_4,14,14,0.0,XJTU-SY,"(0.1, 10, 60)"
S3_units,Bearing1_4,14,14,0.0,XJTU-SY,"(0.1, 10, 60)"
S3_units,Bearing1_4,14,14,0.0,XJTU-SY,"(0.1, 10, 60)"
S3_units,Bearing1_4,14,14,0.0,XJTU-SY,"(0.1, 10, 60)"
S3_units,Bearing1_4,14,14,0.0,XJTU-SY,"(0.1, 10, 60)"
S3_units,Bearing1_4,14,14,0.0,XJTU-SY,"(0.1, 10, 60)"
S3_units,Bearing1_5,20,1,1.0,XJTU-SY,"(0.1, 10, 60)"
S3_units,Bearing1_5,16,1,0.0,XJTU-SY,"(0.1, 10, 60)"
S3_units,Bearing1_5,20,1,0.0,XJTU-SY,"(0.1, 10, 60)"
S3_units,Bearing1_5,16,1,0.0,XJTU-SY,"(0.1, 10, 60)"
S3_units,Bearing1_5,20,1,0.0,XJTU-SY,"(0.1, 10, 60)"
S3_units,Bearing1_5,11,1,0.0,XJTU-SY,"(0.1, 10, 60)"
S3_units,Bearing1_5,16,1,1.0,XJTU-SY,"(0.1, 10, 60)"
S3_units,Bearing1_5,12,1,0.0,XJTU-SY,"(0.1, 10, 60)"
S3_units,Bearing1_5,20,1,0.0,XJTU-SY,"(0.1, 10, 60)"
S3_units,Bearing1_5,16,1,0.0,XJTU-SY,"(0.1, 10, 60)"
S3_units,Bearing1_5,11,1,0.0,XJTU-SY,"(0.1, 10, 60)"
S3_units,Bearing1_5,12,1,0.0,XJTU-SY,"(0.1, 10, 60)"
S3_units,Bearing1_5,20,1,0.6,XJTU-SY,"(0.1, 10, 60)"
S3_units,Bearing1_5,20,1,0.0,XJTU-SY,"(0.1, 10, 60)"
S3_units,Bearing1_5,16,1,0.0,XJTU-SY,"(0.1, 10, 60)"
S3_units,Bearing1_5,20,1,1.0,XJTU-SY,"(0.1, 10, 60)"
S3_units,Bearing1_5,16,1,0.0,XJTU-SY,"(0.1, 10, 60)"
S3_units,Bearing1_5,20,1,1.0,XJTU-SY,"(0.1, 10, 60)"
S3_units,Bearing1_5,20,1,0.8,XJTU-SY,"(0.1, 10, 60)"
S3_units,Bearing1_5,20,1,0.0,XJTU-SY,"(0.1, 10, 60)"
S3_units,Bearing1_5,20,1,0.0,XJTU-SY,"(0.1, 10, 60)"
S3_units,Bearing1_5,20,1,0.0,XJTU-SY,"(0.1, 10, 60)"
S3_units,Bearing1_5,12,1,0.2,XJTU-SY,"(0.1, 10, 60)"
S3_units,Bearing1_5,12,1,0.0,XJTU-SY,"(0.1, 10, 60)"
S3_units,Bearing1_5,16,1,0.0,XJTU-SY,"(0.1, 10, 60)"
S3_units,Bearing1_5,20,1,0.7,XJTU-SY,"(0.1, 10, 60)"
S3_units,Bearing1_5,12,1,0.0,XJTU-SY,"(0.1, 10, 60)"
S3_units,Bearing1_5,11,1,0.0,XJTU-SY,"(0.1, 10, 60)"
S3_units,Bearing1_5,11,1,0.0,XJTU-SY,"(0.1, 10, 60)"
S3_units,Bearing1_5,20,1,1.0,XJTU-SY,"(0.1, 10, 60)"
S3_units,Bearing1_5,14,14,0.0,XJTU-SY,"(0.1, 10, 60)"
S3_units,Bearing1_5,14,14,0.0,XJTU-SY,"(0.1, 10, 60)"
S3_units,Bearing1_5,14,14,0.0,XJTU-SY,"(0.1, 10, 60)"
S3_units,Bearing1_5,14,14,0.0,XJTU-SY,"(0.1, 10, 60)"
S3_units,Bearing1_5,14,14,0.0,XJTU-SY,"(0.1, 10, 60)"
S3_units,Bearing1_5,14,14,0.0,XJTU-SY,"(0.1, 10, 60)"
S3_units,Bearing1_5,14,14,0.0,XJTU-SY,"(0.1, 10, 60)"
S3_units,Bearing1_5,14,14,0.0,XJTU-SY,"(0.1, 10, 60)"
S3_units,Bearing1_5,14,14,0.0,XJTU-SY,"(0.1, 10, 60)"
S3_units,Bearing1_5,14,14,0.0,XJTU-SY,"(0.1, 10, 60)"
S3_units,Bearing1_5,14,14,0.0,XJTU-SY,"(0.1, 10, 60)"
S3_units,Bearing1_5,14,14,0.0,XJTU-SY,"(0.1, 10, 60)"
S3_units,Bearing1_5,14,14,0.0,XJTU-SY,"(0.1, 10, 60)"
S3_units,Bearing1_5,14,14,0.0,XJTU-SY,"(0.1, 10, 60)"
S3_units,Bearing1_5,14,14,0.0,XJTU-SY,"(0.1, 10, 60)"
S3_units,Bearing1_5,14,14,0.0,XJTU-SY,"(0.1, 10, 60)"
S3_units,Bearing1_5,14,14,0.0,XJTU-SY,"(0.1, 10, 60)"
S3_units,Bearing1_5,14,14,0.0,XJTU-SY,"(0.1, 10, 60)"
S3_units,Bearing1_5,14,14,0.0,XJTU-SY,"(0.1, 10, 60)"
S3_units,Bearing1_5,14,14,0.0,XJTU-SY,"(0.1, 10, 60)"
S3_units,Bearing1_5,14,14,0.0,XJTU-SY,"(0.1, 10, 60)"
S3_units,Bearing1_5,14,14,0.0,XJTU-SY,"(0.1, 10, 60)"
S3_units,Bearing1_5,14,14,0.0,XJTU-SY,"(0.1, 10, 60)"
S3_units,Bearing1_5,14,14,0.0,XJTU-SY,"(0.1, 10, 60)"
S3_units,Bearing1_5,14,14,0.0,XJTU-SY,"(0.1, 10, 60)"
S3_units,Bearing1_5,14,14,0.0,XJTU-SY,"(0.1, 10, 60)"
S3_units,Bearing1_5,14,14,0.0,XJTU-SY,"(0.1, 10, 60)"
S3_units,Bearing1_5,14,14,0.0,XJTU-SY,"(0.1, 10, 60)"
S3_units,Bearing1_5,14,14,0.0,XJTU-SY,"(0.1, 10, 60)"
S3_units,Bearing1_5,14,14,0.0,XJTU-SY,"(0.1, 10, 60)"
S3_units,Bearing2_1,10,1,0.0,XJTU-SY,"(0.1, 10, 60)"
S3_units,Bearing2_1,20,1,0.04081632653061224,XJTU-SY,"(0.1, 10, 60)"
S3_units,Bearing2_1,15,1,0.5510204081632653,XJTU-SY,"(0.1, 10, 60)"
S3_units,Bearing2_1,11,1,0.0,XJTU-SY,"(0.1, 10, 60)"
S3_units,Bearing2_1,20,1,0.0,XJTU-SY,"(0.1, 10, 60)"
S3_units,Bearing2_1,20,1,1.0,XJTU-SY,"(0.1, 10, 60)"
S3_units,Bearing2_1,10,1,0.0,XJTU-SY,"(0.1, 10, 60)"
S3_units,Bearing2_1,12,1,0.0,XJTU-SY,"(0.1, 10, 60)"
S3_units,Bearing2_1,12,1,0.0,XJTU-SY,"(0.1, 10, 60)"
S3_units,Bearing2_1,20,1,0.0,XJTU-SY,"(0.1, 10, 60)"
S3_units,Bearing2_1,16,1,0.14285714285714285,XJTU-SY,"(0.1, 10, 60)"
S3_units,Bearing2_1,20,1,1.0,XJTU-SY,"(0.1, 10, 60)"
S3_units,Bearing2_1,10,1,0.4897959183673469,XJTU-SY,"(0.1, 10, 60)"
S3_units,Bearing2_1,20,1,0.0,XJTU-SY,"(0.1, 10, 60)"
S3_units,Bearing2_1,10,1,0.6326530612244898,XJTU-SY,"(0.1, 10, 60)"
S3_units,Bearing2_1,11,1,0.0,XJTU-SY,"(0.1, 10, 60)"
S3_units,Bearing2_1,20,1,0.8775510204081632,XJTU-SY,"(0.1, 10, 60)"
S3_units,Bearing2_1,10,1,0.0,XJTU-SY,"(0.1, 10, 60)"
S3_units,Bearing2_1,10,1,0.5510204081632653,XJTU-SY,"(0.1, 10, 60)"
S3_units,Bearing2_1,12,1,0.0,XJTU-SY,"(0.1, 10, 60)"
S3_units,Bearing2_1,15,1,0.5306122448979592,XJTU-SY,"(0.1, 10, 60)"
S3_units,Bearing2_1,20,1,0.0,XJTU-SY,"(0.1, 10, 60)"
S3_units,Bearing2_1,10,1,0.0,XJTU-SY,"(0.1, 10, 60)"
S3_units,Bearing2_1,12,1,0.0,XJTU-SY,"(0.1, 10, 60)"
S3_units,Bearing2_1,20,1,0.0,XJTU-SY,"(0.1, 10, 60)"
S3_units,Bearing2_1,20,1,0.0,XJTU-SY,"(0.1, 10, 60)"
S3_units,Bearing2_1,20,1,0.8367346938775511,XJTU-SY,"(0.1, 10, 60)"
S3_units,Bearing2_1,20,1,0.7142857142857143,XJTU-SY,"(0.1, 10, 60)"
S3_units,Bearing2_1,16,1,0.0,XJTU-SY,"(0.1, 10, 60)"
S3_units,Bearing2_1,16,1,0.0,XJTU-SY,"(0.1, 10, 60)"
S3_units,Bearing2_1,14,14,0.0,XJTU-SY,"(0.1, 10, 60)"
S3_units,Bearing2_1,14,14,0.0,XJTU-SY,"(0.1, 10, 60)"
S3_units,Bearing2_1,14,14,0.0,XJTU-SY,"(0.1, 10, 60)"
S3_units,Bearing2_1,14,14,0.0,XJTU-SY,"(0.1, 10, 60)"
S3_units,Bearing2_1,14,14,0.0,XJTU-SY,"(0.1, 10, 60)"
S3_units,Bearing2_1,14,14,0.0,XJTU-SY,"(0.1, 10, 60)"
S3_units,Bearing2_1,14,14,0.0,XJTU-SY,"(0.1, 10, 60)"
S3_units,Bearing2_1,14,14,0.0,XJTU-SY,"(0.1, 10, 60)"
S3_units,Bearing2_1,14,14,0.0,XJTU-SY,"(0.1, 10, 60)"
S3_units,Bearing2_1,14,14,0.0,XJTU-SY,"(0.1, 10, 60)"
S3_units,Bearing2_1,14,14,0.0,XJTU-SY,"(0.1, 10, 60)"
S3_units,Bearing2_1,14,14,0.0,XJTU-SY,"(0.1, 10, 60)"
S3_units,Bearing2_1,14,14,0.0,XJTU-SY,"(0.1, 10, 60)"
S3_units,Bearing2_1,14,14,0.0,XJTU-SY,"(0.1, 10, 60)"
S3_units,Bearing2_1,14,14,0.0,XJTU-SY,"(0.1, 10, 60)"
S3_units,Bearing2_1,14,14,0.0,XJTU-SY,"(0.1, 10, 60)"
S3_units,Bearing2_1,14,14,0.0,XJTU-SY,"(0.1, 10, 60)"
S3_units,Bearing2_1,14,14,0.0,XJTU-SY,"(0.1, 10, 60)"
S3_units,Bearing2_1,14,14,0.0,XJTU-SY,"(0.1, 10, 60)"
S3_units,Bearing2_1,14,14,0.0,XJTU-SY,"(0.1, 10, 60)"
S3_units,Bearing2_1,14,14,0.0,XJTU-SY,"(0.1, 10, 60)"
S3_units,Bearing2_1,14,14,0.0,XJTU-SY,"(0.1, 10, 60)"
S3_units,Bearing2_1,14,14,0.0,XJTU-SY,"(0.1, 10, 60)"
S3_units,Bearing2_1,14,14,0.0,XJTU-SY,"(0.1, 10, 60)"
S3_units,Bearing2_1,14,14,0.0,XJTU-SY,"(0.1, 10, 60)"
S3_units,Bearing2_1,14,14,0.0,XJTU-SY,"(0.1, 10, 60)"
S3_units,Bearing2_1,14,14,0.0,XJTU-SY,"(0.1, 10, 60)"
S3_units,Bearing2_1,14,14,0.0,XJTU-SY,"(0.1, 10, 60)"
S3_units,Bearing2_1,14,14,0.0,XJTU-SY,"(0.1, 10, 60)"
S3_units,Bearing2_1,14,14,0.0,XJTU-SY,"(0.1, 10, 60)"
S3_units,Bearing2_2,16,1,1.0,XJTU-SY,"(0.1, 10, 60)"
S3_units,Bearing2_2,12,1,0.1875,XJTU-SY,"(0.1, 10, 60)"
S3_units,Bearing2_2,20,1,1.0,XJTU-SY,"(0.1, 10, 60)"
S3_units,Bearing2_2,10,1,0.25,XJTU-SY,"(0.1, 10, 60)"
S3_units,Bearing2_2,20,1,1.0,XJTU-SY,"(0.1, 10, 60)"
S3_units,Bearing2_2,15,1,0.125,XJTU-SY,"(0.1, 10, 60)"
S3_units,Bearing2_2,20,1,0.125,XJTU-SY,"(0.1, 10, 60)"
S3_units,Bearing2_2,20,1,1.0,XJTU-SY,"(0.1, 10, 60)"
S3_units,Bearing2_2,20,1,0.8125,XJTU-SY,"(0.1, 10, 60)"
S3_units,Bearing2_2,20,1,0.25,XJTU-SY,"(0.1, 10, 60)"
S3_units,Bearing2_2,20,1,0.0,XJTU-SY,"(0.1, 10, 60)"
S3_units,Bearing2_2,16,1,1.0,XJTU-SY,"(0.1, 10, 60)"
S3_units,Bearing2_2,11,1,0.0,XJTU-SY,"(0.1, 10, 60)"
S3_units,Bearing2_2,20,1,1.0,XJTU-SY,"(0.1, 10, 60)"
S3_units,Bearing2_2,15,1,0.25,XJTU-SY,"(0.1, 10, 60)"
S3_units,Bearing2_2,20,1,1.0,XJTU-SY,"(0.1, 10, 60)"
S3_units,Bearing2_2,11,1,0.0,XJTU-SY,"(0.1, 10, 60)"
S3_units,Bearing2_2,20,1,0.0,XJTU-SY,"(0.1, 10, 60)"
S3_units,Bearing2_2,15,1,0.125,XJTU-SY,"(0.1, 10, 60)"
S3_units,Bearing2_2,20,1,0.0,XJTU-SY,"(0.1, 10, 60)"
S3_units,Bearing2_2,16,1,1.0,XJTU-SY,"(0.1, 10, 60)"
S3_units,Bearing2_2,16,1,1.0,XJTU-SY,"(0.1, 10, 60)"
S3_units,Bearing2_2,11,1,0.0,XJTU-SY,"(0.1, 10, 60)"
S3_units,Bearing2_2,20,1,0.0,XJTU-SY,"(0.1, 10, 60)"
S3_units,Bearing2_2,20,1,0.0625,XJTU-SY,"(0.1, 10, 60)"
S3_units,Bearing2_2,20,1,0.5625,XJTU-SY,"(0.1, 10, 60)"
S3_units,Bearing2_2,12,1,0.0,XJTU-SY,"(0.1, 10, 60)"
S3_units,Bearing2_2,20,1,0.1875,XJTU-SY,"(0.1, 10, 60)"
S3_units,Bearing2_2,10,1,0.0,XJTU-SY,"(0.1, 10, 60)"
S3_units,Bearing2_2,10,1,0.375,XJTU-SY,"(0.1, 10, 60)"
S3_units,Bearing2_2,14,14,0.0,XJTU-SY,"(0.1, 10, 60)"
S3_units,Bearing2_2,14,14,0.0,XJTU-SY,"(0.1, 10, 60)"
S3_units,Bearing2_2,14,14,0.0,XJTU-SY,"(0.1, 10, 60)"
S3_units,Bearing2_2,14,14,0.0,XJTU-SY,"(0.1, 10, 60)"
S3_units,Bearing2_2,14,14,0.0,XJTU-SY,"(0.1, 10, 60)"
S3_units,Bearing2_2,14,14,0.0,XJTU-SY,"(0.1, 10, 60)"
S3_units,Bearing2_2,14,14,0.0,XJTU-SY,"(0.1, 10, 60)"
S3_units,Bearing2_2,14,14,0.0,XJTU-SY,"(0.1, 10, 60)"
S3_units,Bearing2_2,14,14,0.0,XJTU-SY,"(0.1, 10, 60)"
S3_units,Bearing2_2,14,14,0.0,XJTU-SY,"(0.1, 10, 60)"
S3_units,Bearing2_2,14,14,0.0,XJTU-SY,"(0.1, 10, 60)"
S3_units,Bearing2_2,14,14,0.0,XJTU-SY,"(0.1, 10, 60)"
S3_units,Bearing2_2,14,14,0.0,XJTU-SY,"(0.1, 10, 60)"
S3_units,Bearing2_2,14,14,0.0,XJTU-SY,"(0.1, 10, 60)"
S3_units,Bearing2_2,14,14,0.0,XJTU-SY,"(0.1, 10, 60)"
S3_units,Bearing2_2,14,14,0.0,XJTU-SY,"(0.1, 10, 60)"
S3_units,Bearing2_2,14,14,0.0,XJTU-SY,"(0.1, 10, 60)"
S3_units,Bearing2_2,14,14,0.0,XJTU-SY,"(0.1, 10, 60)"
S3_units,Bearing2_2,14,14,0.0,XJTU-SY,"(0.1, 10, 60)"
S3_units,Bearing2_2,14,14,0.0,XJTU-SY,"(0.1, 10, 60)"
S3_units,Bearing2_2,14,14,0.0,XJTU-SY,"(0.1, 10, 60)"
S3_units,Bearing2_2,14,14,0.0,XJTU-SY,"(0.1, 10, 60)"
S3_units,Bearing2_2,14,14,0.0,XJTU-SY,"(0.1, 10, 60)"
S3_units,Bearing2_2,14,14,0.0,XJTU-SY,"(0.1, 10, 60)"
S3_units,Bearing2_2,14,14,0.0,XJTU-SY,"(0.1, 10, 60)"
S3_units,Bearing2_2,14,14,0.0,XJTU-SY,"(0.1, 10, 60)"
S3_units,Bearing2_2,14,14,0.0,XJTU-SY,"(0.1, 10, 60)"
S3_units,Bearing2_2,14,14,0.0,XJTU-SY,"(0.1, 10, 60)"
S3_units,Bearing2_2,14,14,0.0,XJTU-SY,"(0.1, 10, 60)"
S3_units,Bearing2_2,14,14,0.0,XJTU-SY,"(0.1, 10, 60)"
S3_units,Bearing2_3,11,1,0.0,XJTU-SY,"(0.1, 10, 60)"
S3_units,Bearing2_3,12,1,0.0,XJTU-SY,"(0.1, 10, 60)"
S3_units,Bearing2_3,20,1,0.0,XJTU-SY,"(0.1, 10, 60)"
S3_units,Bearing2_3,20,1,1.0,XJTU-SY,"(0.1, 10, 60)"
S3_units,Bearing2_3,16,1,0.0,XJTU-SY,"(0.1, 10, 60)"
S3_units,Bearing2_3,20,1,0.07547169811320754,XJTU-SY,"(0.1, 10, 60)"
S3_units,Bearing2_3,10,1,0.37735849056603776,XJTU-SY,"(0.1, 10, 60)"
S3_units,Bearing2_3,15,1,0.7547169811320755,XJTU-SY,"(0.1, 10, 60)"
S3_units,Bearing2_3,16,1,0.0,XJTU-SY,"(0.1, 10, 60)"
S3_units,Bearing2_3,20,1,1.0,XJTU-SY,"(0.1, 10, 60)"
S3_units,Bearing2_3,20,1,0.16981132075471697,XJTU-SY,"(0.1, 10, 60)"
S3_units,Bearing2_3,12,1,0.0,XJTU-SY,"(0.1, 10, 60)"
S3_units,Bearing2_3,10,1,0.0,XJTU-SY,"(0.1, 10, 60)"
S3_units,Bearing2_3,20,1,0.9811320754716981,XJTU-SY,"(0.1, 10, 60)"
S3_units,Bearing2_3,15,1,0.5849056603773585,XJTU-SY,"(0.1, 10, 60)"
S3_units,Bearing2_3,10,1,0.0,XJTU-SY,"(0.1, 10, 60)"
S3_units,Bearing2_3,20,1,1.0,XJTU-SY,"(0.1, 10, 60)"
S3_units,Bearing2_3,20,1,0.1320754716981132,XJTU-SY,"(0.1, 10, 60)"
S3_units,Bearing2_3,15,1,0.6226415094339622,XJTU-SY,"(0.1, 10, 60)"
S3_units,Bearing2_3,11,1,0.0,XJTU-SY,"(0.1, 10, 60)"
S3_units,Bearing2_3,12,1,0.0,XJTU-SY,"(0.1, 10, 60)"
S3_units,Bearing2_3,12,1,0.03773584905660377,XJTU-SY,"(0.1, 10, 60)"
S3_units,Bearing2_3,20,1,0.0,XJTU-SY,"(0.1, 10, 60)"
S3_units,Bearing2_3,10,1,0.0,XJTU-SY,"(0.1, 10, 60)"
S3_units,Bearing2_3,20,1,0.1509433962264151,XJTU-SY,"(0.1, 10, 60)"
S3_units,Bearing2_3,11,1,0.0,XJTU-SY,"(0.1, 10, 60)"
S3_units,Bearing2_3,12,1,0.0,XJTU-SY,"(0.1, 10, 60)"
S3_units,Bearing2_3,20,1,0.7735849056603774,XJTU-SY,"(0.1, 10, 60)"
S3_units,Bearing2_3,12,1,0.018867924528301886,XJTU-SY,"(0.1, 10, 60)"
S3_units,Bearing2_3,20,1,0.0,XJTU-SY,"(0.1, 10, 60)"
S3_units,Bearing2_3,14,14,0.0,XJTU-SY,"(0.1, 10, 60)"
S3_units,Bearing2_3,14,14,0.0,XJTU-SY,"(0.1, 10, 60)"
S3_units,Bearing2_3,14,14,0.0,XJTU-SY,"(0.1, 10, 60)"
S3_units,Bearing2_3,14,14,0.0,XJTU-SY,"(0.1, 10, 60)"
S3_units,Bearing2_3,14,14,0.0,XJTU-SY,"(0.1, 10, 60)"
S3_units,Bearing2_3,14,14,0.0,XJTU-SY,"(0.1, 10, 60)"
S3_units,Bearing2_3,14,14,0.0,XJTU-SY,"(0.1, 10, 60)"
S3_units,Bearing2_3,14,14,0.0,XJTU-SY,"(0.1, 10, 60)"
S3_units,Bearing2_3,14,14,0.0,XJTU-SY,"(0.1, 10, 60)"
S3_units,Bearing2_3,14,14,0.0,XJTU-SY,"(0.1, 10, 60)"
S3_units,Bearing2_3,14,14,0.0,XJTU-SY,"(0.1, 10, 60)"
S3_units,Bearing2_3,14,14,0.0,XJTU-SY,"(0.1, 10, 60)"
S3_units,Bearing2_3,14,14,0.0,XJTU-SY,"(0.1, 10, 60)"
S3_units,Bearing2_3,14,14,0.0,XJTU-SY,"(0.1, 10, 60)"
S3_units,Bearing2_3,14,14,0.0,XJTU-SY,"(0.1, 10, 60)"
S3_units,Bearing2_3,14,14,0.0,XJTU-SY,"(0.1, 10, 60)"
S3_units,Bearing2_3,14,14,0.0,XJTU-SY,"(0.1, 10, 60)"
S3_units,Bearing2_3,14,14,0.0,XJTU-SY,"(0.1, 10, 60)"
S3_units,Bearing2_3,14,14,0.0,XJTU-SY,"(0.1, 10, 60)"
S3_units,Bearing2_3,14,14,0.0,XJTU-SY,"(0.1, 10, 60)"
S3_units,Bearing2_3,14,14,0.0,XJTU-SY,"(0.1, 10, 60)"
S3_units,Bearing2_3,14,14,0.0,XJTU-SY,"(0.1, 10, 60)"
S3_units,Bearing2_3,14,14,0.0,XJTU-SY,"(0.1, 10, 60)"
S3_units,Bearing2_3,14,14,0.0,XJTU-SY,"(0.1, 10, 60)"
S3_units,Bearing2_3,14,14,0.0,XJTU-SY,"(0.1, 10, 60)"
S3_units,Bearing2_3,14,14,0.0,XJTU-SY,"(0.1, 10, 60)"
S3_units,Bearing2_3,14,14,0.0,XJTU-SY,"(0.1, 10, 60)"
S3_units,Bearing2_3,14,14,0.0,XJTU-SY,"(0.1, 10, 60)"
S3_units,Bearing2_3,14,14,0.0,XJTU-SY,"(0.1, 10, 60)"
S3_units,Bearing2_3,14,14,0.0,XJTU-SY,"(0.1, 10, 60)"
S3_units,Bearing2_4,16,1,0.9,XJTU-SY,"(0.1, 10, 60)"
S3_units,Bearing2_4,16,1,0.8,XJTU-SY,"(0.1, 10, 60)"
S3_units,Bearing2_4,20,1,0.0,XJTU-SY,"(0.1, 10, 60)"
S3_units,Bearing2_4,20,1,1.0,XJTU-SY,"(0.1, 10, 60)"
S3_units,Bearing2_4,20,1,0.1,XJTU-SY,"(0.1, 10, 60)"
S3_units,Bearing2_4,12,1,0.0,XJTU-SY,"(0.1, 10, 60)"
S3_units,Bearing2_4,20,1,0.9,XJTU-SY,"(0.1, 10, 60)"
S3_units,Bearing2_4,20,1,0.1,XJTU-SY,"(0.1, 10, 60)"
S3_units,Bearing2_4,11,1,0.0,XJTU-SY,"(0.1, 10, 60)"
S3_units,Bearing2_4,20,1,1.0,XJTU-SY,"(0.1, 10, 60)"
S3_units,Bearing2_4,11,1,0.0,XJTU-SY,"(0.1, 10, 60)"
S3_units,Bearing2_4,20,1,1.0,XJTU-SY,"(0.1, 10, 60)"
S3_units,Bearing2_4,20,1,1.0,XJTU-SY,"(0.1, 10, 60)"
S3_units,Bearing2_4,20,1,0.9,XJTU-SY,"(0.1, 10, 60)"
S3_units,Bearing2_4,20,1,0.0,XJTU-SY,"(0.1, 10, 60)"
S3_units,Bearing2_4,11,1,0.0,XJTU-SY,"(0.1, 10, 60)"
S3_units,Bearing2_4,20,1,1.0,XJTU-SY,"(0.1, 10, 60)"
S3_units,Bearing2_4,16,1,0.9,XJTU-SY,"(0.1, 10, 60)"
S3_units,Bearing2_4,20,1,0.0,XJTU-SY,"(0.1, 10, 60)"
S3_units,Bearing2_4,20,1,0.6,XJTU-SY,"(0.1, 10, 60)"
S3_units,Bearing2_4,10,1,0.2,XJTU-SY,"(0.1, 10, 60)"
S3_units,Bearing2_4,20,1,1.0,XJTU-SY,"(0.1, 10, 60)"
S3_units,Bearing2_4,15,1,1.0,XJTU-SY,"(0.1, 10, 60)"
S3_units,Bearing2_4,20,1,0.5,XJTU-SY,"(0.1, 10, 60)"
S3_units,Bearing2_4,20,1,0.8,XJTU-SY,"(0.1, 10, 60)"
S3_units,Bearing2_4,20,1,1.0,XJTU-SY,"(0.1, 10, 60)"
S3_units,Bearing2_4,15,1,1.0,XJTU-SY,"(0.1, 10, 60)"
S3_units,Bearing2_4,20,1,0.5,XJTU-SY,"(0.1, 10, 60)"
S3_units,Bearing2_4,20,1,1.0,XJTU-SY,"(0.1, 10, 60)"
S3_units,Bearing2_4,16,1,0.9,XJTU-SY,"(0.1, 10, 60)"
S3_units,Bearing2_4,14,14,0.0,XJTU-SY,"(0.1, 10, 60)"
S3_units,Bearing2_4,14,14,0.0,XJTU-SY,"(0.1, 10, 60)"
S3_units,Bearing2_4,14,14,0.1,XJTU-SY,"(0.1, 10, 60)"
S3_units,Bearing2_4,14,14,0.0,XJTU-SY,"(0.1, 10, 60)"
S3_units,Bearing2_4,14,14,0.4,XJTU-SY,"(0.1, 10, 60)"
S3_units,Bearing2_4,14,14,0.0,XJTU-SY,"(0.1, 10, 60)"
S3_units,Bearing2_4,14,14,0.0,XJTU-SY,"(0.1, 10, 60)"
S3_units,Bearing2_4,14,14,0.4,XJTU-SY,"(0.1, 10, 60)"
S3_units,Bearing2_4,14,14,0.2,XJTU-SY,"(0.1, 10, 60)"
S3_units,Bearing2_4,14,14,0.0,XJTU-SY,"(0.1, 10, 60)"
S3_units,Bearing2_4,14,14,0.0,XJTU-SY,"(0.1, 10, 60)"
S3_units,Bearing2_4,14,14,0.2,XJTU-SY,"(0.1, 10, 60)"
S3_units,Bearing2_4,14,14,0.1,XJTU-SY,"(0.1, 10, 60)"
S3_units,Bearing2_4,14,14,0.0,XJTU-SY,"(0.1, 10, 60)"
S3_units,Bearing2_4,14,14,0.0,XJTU-SY,"(0.1, 10, 60)"
S3_units,Bearing2_4,14,14,0.2,XJTU-SY,"(0.1, 10, 60)"
S3_units,Bearing2_4,14,14,0.0,XJTU-SY,"(0.1, 10, 60)"
S3_units,Bearing2_4,14,14,0.0,XJTU-SY,"(0.1, 10, 60)"
S3_units,Bearing2_4,14,14,0.0,XJTU-SY,"(0.1, 10, 60)"
S3_units,Bearing2_4,14,14,0.1,XJTU-SY,"(0.1, 10, 60)"
S3_units,Bearing2_4,14,14,0.0,XJTU-SY,"(0.1, 10, 60)"
S3_units,Bearing2_4,14,14,0.0,XJTU-SY,"(0.1, 10, 60)"
S3_units,Bearing2_4,14,14,0.0,XJTU-SY,"(0.1, 10, 60)"
S3_units,Bearing2_4,14,14,0.0,XJTU-SY,"(0.1, 10, 60)"
S3_units,Bearing2_4,14,14,0.0,XJTU-SY,"(0.1, 10, 60)"
S3_units,Bearing2_4,14,14,0.0,XJTU-SY,"(0.1, 10, 60)"
S3_units,Bearing2_4,14,14,0.1,XJTU-SY,"(0.1, 10, 60)"
S3_units,Bearing2_4,14,14,0.0,XJTU-SY,"(0.1, 10, 60)"
S3_units,Bearing2_4,14,14,0.2,XJTU-SY,"(0.1, 10, 60)"
S3_units,Bearing2_4,14,14,0.2,XJTU-SY,"(0.1, 10, 60)"
S3_units,Bearing2_5,10,1,0.0,XJTU-SY,"(0.1, 10, 60)"
S3_units,Bearing2_5,16,1,0.48484848484848486,XJTU-SY,"(0.1, 10, 60)"
S3_units,Bearing2_5,20,1,0.696969696969697,XJTU-SY,"(0.1, 10, 60)"
S3_units,Bearing2_5,20,1,0.0,XJTU-SY,"(0.1, 10, 60)"
S3_units,Bearing2_5,16,1,0.0,XJTU-SY,"(0.1, 10, 60)"
S3_units,Bearing2_5,15,1,1.0,XJTU-SY,"(0.1, 10, 60)"
S3_units,Bearing2_5,10,1,0.0,XJTU-SY,"(0.1, 10, 60)"
S3_units,Bearing2_5,10,1,0.0,XJTU-SY,"(0.1, 10, 60)"
S3_units,Bearing2_5,10,1,0.0,XJTU-SY,"(0.1, 10, 60)"
S3_units,Bearing2_5,12,1,0.9090909090909091,XJTU-SY,"(0.1, 10, 60)"
S3_units,Bearing2_5,10,1,0.7878787878787878,XJTU-SY,"(0.1, 10, 60)"
S3_units,Bearing2_5,10,1,0.0,XJTU-SY,"(0.1, 10, 60)"
S3_units,Bearing2_5,12,1,0.9090909090909091,XJTU-SY,"(0.1, 10, 60)"
S3_units,Bearing2_5,20,1,0.9696969696969697,XJTU-SY,"(0.1, 10, 60)"
S3_units,Bearing2_5,20,1,1.0,XJTU-SY,"(0.1, 10, 60)"
S3_units,Bearing2_5,15,1,1.0,XJTU-SY,"(0.1, 10, 60)"
S3_units,Bearing2_5,15,1,1.0,XJTU-SY,"(0.1, 10, 60)"
S3_units,Bearing2_5,20,1,1.0,XJTU-SY,"(0.1, 10, 60)"
S3_units,Bearing2_5,20,1,0.9090909090909091,XJTU-SY,"(0.1, 10, 60)"
S3_units,Bearing2_5,20,1,0.9090909090909091,XJTU-SY,"(0.1, 10, 60)"
S3_units,Bearing2_5,12,1,0.9696969696969697,XJTU-SY,"(0.1, 10, 60)"
S3_units,Bearing2_5,20,1,1.0,XJTU-SY,"(0.1, 10, 60)"
S3_units,Bearing2_5,10,1,0.0,XJTU-SY,"(0.1, 10, 60)"
S3_units,Bearing2_5,20,1,0.8787878787878788,XJTU-SY,"(0.1, 10, 60)"
S3_units,Bearing2_5,15,1,1.0,XJTU-SY,"(0.1, 10, 60)"
S3_units,Bearing2_5,20,1,0.9090909090909091,XJTU-SY,"(0.1, 10, 60)"
S3_units,Bearing2_5,12,1,0.0,XJTU-SY,"(0.1, 10, 60)"
S3_units,Bearing2_5,16,1,0.7272727272727273,XJTU-SY,"(0.1, 10, 60)"
S3_units,Bearing2_5,20,1,0.0,XJTU-SY,"(0.1, 10, 60)"
S3_units,Bearing2_5,20,1,0.0,XJTU-SY,"(0.1, 10, 60)"
S3_units,Bearing2_5,14,14,1.0,XJTU-SY,"(0.1, 10, 60)"
S3_units,Bearing2_5,14,14,0.7272727272727273,XJTU-SY,"(0.1, 10, 60)"
S3_units,Bearing2_5,14,14,0.5151515151515151,XJTU-SY,"(0.1, 10, 60)"
S3_units,Bearing2_5,14,14,0.15151515151515152,XJTU-SY,"(0.1, 10, 60)"
S3_units,Bearing2_5,14,14,0.15151515151515152,XJTU-SY,"(0.1, 10, 60)"
S3_units,Bearing2_5,14,14,0.0,XJTU-SY,"(0.1, 10, 60)"
S3_units,Bearing2_5,14,14,0.0,XJTU-SY,"(0.1, 10, 60)"
S3_units,Bearing2_5,14,14,0.9393939393939394,XJTU-SY,"(0.1, 10, 60)"
S3_units,Bearing2_5,14,14,1.0,XJTU-SY,"(0.1, 10, 60)"
S3_units,Bearing2_5,14,14,0.030303030303030304,XJTU-SY,"(0.1, 10, 60)"
S3_units,Bearing2_5,14,14,0.0,XJTU-SY,"(0.1, 10, 60)"
S3_units,Bearing2_5,14,14,0.0,XJTU-SY,"(0.1, 10, 60)"
S3_units,Bearing2_5,14,14,0.9696969696969697,XJTU-SY,"(0.1, 10, 60)"
S3_units,Bearing2_5,14,14,1.0,XJTU-SY,"(0.1, 10, 60)"
S3_units,Bearing2_5,14,14,0.0,XJTU-SY,"(0.1, 10, 60)"
S3_units,Bearing2_5,14,14,0.5454545454545454,XJTU-SY,"(0.1, 10, 60)"
S3_units,Bearing2_5,14,14,0.48484848484848486,XJTU-SY,"(0.1, 10, 60)"
S3_units,Bearing2_5,14,14,0.0,XJTU-SY,"(0.1, 10, 60)"
S3_units,Bearing2_5,14,14,0.9696969696969697,XJTU-SY,"(0.1, 10, 60)"
S3_units,Bearing2_5,14,14,0.0,XJTU-SY,"(0.1, 10, 60)"
S3_units,Bearing2_5,14,14,0.0,XJTU-SY,"(0.1, 10, 60)"
S3_units,Bearing2_5,14,14,0.9696969696969697,XJTU-SY,"(0.1, 10, 60)"
S3_units,Bearing2_5,14,14,0.9696969696969697,XJTU-SY,"(0.1, 10, 60)"
S3_units,Bearing2_5,14,14,0.030303030303030304,XJTU-SY,"(0.1, 10, 60)"
S3_units,Bearing2_5,14,14,0.06060606060606061,XJTU-SY,"(0.1, 10, 60)"
S3_units,Bearing2_5,14,14,0.3939393939393939,XJTU-SY,"(0.1, 10, 60)"
S3_units,Bearing2_5,14,14,0.6060606060606061,XJTU-SY,"(0.1, 10, 60)"
S3_units,Bearing2_5,14,14,0.030303030303030304,XJTU-SY,"(0.1, 10, 60)"
S3_units,Bearing2_5,14,14,0.5151515151515151,XJTU-SY,"(0.1, 10, 60)"
S3_units,Bearing2_5,14,14,0.0,XJTU-SY,"(0.1, 10, 60)"
S3_units,Bearing3_1,20,1,0.8666666666666667,XJTU-SY,"(0.1, 10, 60)"
S3_units,Bearing3_1,20,1,1.0,XJTU-SY,"(0.1, 10, 60)"
S3_units,Bearing3_1,12,1,0.0,XJTU-SY,"(0.1, 10, 60)"
S3_units,Bearing3_1,16,1,0.016666666666666666,XJTU-SY,"(0.1, 10, 60)"
S3_units,Bearing3_1,20,1,0.9666666666666667,XJTU-SY,"(0.1, 10, 60)"
S3_units,Bearing3_1,10,1,0.0,XJTU-SY,"(0.1, 10, 60)"
S3_units,Bearing3_1,15,1,0.6333333333333333,XJTU-SY,"(0.1, 10, 60)"
S3_units,Bearing3_1,12,1,0.0,XJTU-SY,"(0.1, 10, 60)"
S3_units,Bearing3_1,16,1,0.05,XJTU-SY,"(0.1, 10, 60)"
S3_units,Bearing3_1,15,1,0.75,XJTU-SY,"(0.1, 10, 60)"
S3_units,Bearing3_1,20,1,1.0,XJTU-SY,"(0.1, 10, 60)"
S3_units,Bearing3_1,20,1,0.13333333333333333,XJTU-SY,"(0.1, 10, 60)"
S3_units,Bearing3_1,20,1,0.9833333333333333,XJTU-SY,"(0.1, 10, 60)"
S3_units,Bearing3_1,15,1,0.7666666666666667,XJTU-SY,"(0.1, 10, 60)"
S3_units,Bearing3_1,10,1,0.0,XJTU-SY,"(0.1, 10, 60)"
S3_units,Bearing3_1,20,1,0.8666666666666667,XJTU-SY,"(0.1, 10, 60)"
S3_units,Bearing3_1,16,1,0.0,XJTU-SY,"(0.1, 10, 60)"
S3_units,Bearing3_1,20,1,0.43333333333333335,XJTU-SY,"(0.1, 10, 60)"
S3_units,Bearing3_1,20,1,0.5166666666666667,XJTU-SY,"(0.1, 10, 60)"
S3_units,Bearing3_1,16,1,1.0,XJTU-SY,"(0.1, 10, 60)"
S3_units,Bearing3_1,11,1,0.0,XJTU-SY,"(0.1, 10, 60)"
S3_units,Bearing3_1,20,1,0.5833333333333334,XJTU-SY,"(0.1, 10, 60)"
S3_units,Bearing3_1,20,1,0.7833333333333333,XJTU-SY,"(0.1, 10, 60)"
S3_units,Bearing3_1,12,1,0.0,XJTU-SY,"(0.1, 10, 60)"
S3_units,Bearing3_1,16,1,0.06666666666666667,XJTU-SY,"(0.1, 10, 60)"
S3_units,Bearing3_1,20,1,1.0,XJTU-SY,"(0.1, 10, 60)"
S3_units,Bearing3_1,20,1,1.0,XJTU-SY,"(0.1, 10, 60)"
S3_units,Bearing3_1,16,1,1.0,XJTU-SY,"(0.1, 10, 60)"
S3_units,Bearing3_1,20,1,0.9166666666666666,XJTU-SY,"(0.1, 10, 60)"
S3_units,Bearing3_1,16,1,1.0,XJTU-SY,"(0.1, 10, 60)"
S3_units,Bearing3_1,14,14,0.0,XJTU-SY,"(0.1, 10, 60)"
S3_units,Bearing3_1,14,14,0.0,XJTU-SY,"(0.1, 10, 60)"
S3_units,Bearing3_1,14,14,0.0,XJTU-SY,"(0.1, 10, 60)"
S3_units,Bearing3_1,14,14,0.0,XJTU-SY,"(0.1, 10, 60)"
S3_units,Bearing3_1,14,14,0.0,XJTU-SY,"(0.1, 10, 60)"
S3_units,Bearing3_1,14,14,0.0,XJTU-SY,"(0.1, 10, 60)"
S3_units,Bearing3_1,14,14,0.0,XJTU-SY,"(0.1, 10, 60)"
S3_units,Bearing3_1,14,14,0.0,XJTU-SY,"(0.1, 10, 60)"
S3_units,Bearing3_1,14,14,0.0,XJTU-SY,"(0.1, 10, 60)"
S3_units,Bearing3_1,14,14,0.0,XJTU-SY,"(0.1, 10, 60)"
S3_units,Bearing3_1,14,14,0.0,XJTU-SY,"(0.1, 10, 60)"
S3_units,Bearing3_1,14,14,0.0,XJTU-SY,"(0.1, 10, 60)"
S3_units,Bearing3_1,14,14,0.0,XJTU-SY,"(0.1, 10, 60)"
S3_units,Bearing3_1,14,14,0.0,XJTU-SY,"(0.1, 10, 60)"
S3_units,Bearing3_1,14,14,0.0,XJTU-SY,"(0.1, 10, 60)"
S3_units,Bearing3_1,14,14,0.0,XJTU-SY,"(0.1, 10, 60)"
S3_units,Bearing3_1,14,14,0.0,XJTU-SY,"(0.1, 10, 60)"
S3_units,Bearing3_1,14,14,0.0,XJTU-SY,"(0.1, 10, 60)"
S3_units,Bearing3_1,14,14,0.0,XJTU-SY,"(0.1, 10, 60)"
S3_units,Bearing3_1,14,14,0.0,XJTU-SY,"(0.1, 10, 60)"
S3_units,Bearing3_1,14,14,0.0,XJTU-SY,"(0.1, 10, 60)"
S3_units,Bearing3_1,14,14,0.0,XJTU-SY,"(0.1, 10, 60)"
S3_units,Bearing3_1,14,14,0.0,XJTU-SY,"(0.1, 10, 60)"
S3_units,Bearing3_1,14,14,0.0,XJTU-SY,"(0.1, 10, 60)"
S3_units,Bearing3_1,14,14,0.0,XJTU-SY,"(0.1, 10, 60)"
S3_units,Bearing3_1,14,14,0.0,XJTU-SY,"(0.1, 10, 60)"
S3_units,Bearing3_1,14,14,0.0,XJTU-SY,"(0.1, 10, 60)"
S3_units,Bearing3_1,14,14,0.0,XJTU-SY,"(0.1, 10, 60)"
S3_units,Bearing3_1,14,14,0.0,XJTU-SY,"(0.1, 10, 60)"
S3_units,Bearing3_1,14,14,0.0,XJTU-SY,"(0.1, 10, 60)"
S3_units,Bearing3_2,11,1,0.0,XJTU-SY,"(0.1, 10, 60)"
S3_units,Bearing3_2,20,1,1.0,XJTU-SY,"(0.1, 10, 60)"
S3_units,Bearing3_2,16,1,0.9166666666666666,XJTU-SY,"(0.1, 10, 60)"
S3_units,Bearing3_2,11,1,0.016666666666666666,XJTU-SY,"(0.1, 10, 60)"
S3_units,Bearing3_2,16,1,0.15,XJTU-SY,"(0.1, 10, 60)"
S3_units,Bearing3_2,20,1,0.5166666666666667,XJTU-SY,"(0.1, 10, 60)"
S3_units,Bearing3_2,16,1,0.9333333333333333,XJTU-SY,"(0.1, 10, 60)"
S3_units,Bearing3_2,12,1,0.0,XJTU-SY,"(0.1, 10, 60)"
S3_units,Bearing3_2,12,1,0.9833333333333333,XJTU-SY,"(0.1, 10, 60)"
S3_units,Bearing3_2,20,1,0.9,XJTU-SY,"(0.1, 10, 60)"
S3_units,Bearing3_2,10,1,0.0,XJTU-SY,"(0.1, 10, 60)"
S3_units,Bearing3_2,20,1,0.9833333333333333,XJTU-SY,"(0.1, 10, 60)"
S3_units,Bearing3_2,20,1,0.4,XJTU-SY,"(0.1, 10, 60)"
S3_units,Bearing3_2,20,1,0.5166666666666667,XJTU-SY,"(0.1, 10, 60)"
S3_units,Bearing3_2,20,1,0.3,XJTU-SY,"(0.1, 10, 60)"
S3_units,Bearing3_2,10,1,0.25,XJTU-SY,"(0.1, 10, 60)"
S3_units,Bearing3_2,20,1,1.0,XJTU-SY,"(0.1, 10, 60)"
S3_units,Bearing3_2,20,1,0.6666666666666666,XJTU-SY,"(0.1, 10, 60)"
S3_units,Bearing3_2,20,1,0.6166666666666667,XJTU-SY,"(0.1, 10, 60)"
S3_units,Bearing3_2,15,1,1.0,XJTU-SY,"(0.1, 10, 60)"
S3_units,Bearing3_2,20,1,0.9333333333333333,XJTU-SY,"(0.1, 10, 60)"
S3_units,Bearing3_2,20,1,0.3333333333333333,XJTU-SY,"(0.1, 10, 60)"
S3_units,Bearing3_2,20,1,1.0,XJTU-SY,"(0.1, 10, 60)"
S3_units,Bearing3_2,20,1,0.4666666666666667,XJTU-SY,"(0.1, 10, 60)"
S3_units,Bearing3_2,10,1,0.0,XJTU-SY,"(0.1, 10, 60)"
S3_units,Bearing3_2,15,1,1.0,XJTU-SY,"(0.1, 10, 60)"
S3_units,Bearing3_2,12,1,1.0,XJTU-SY,"(0.1, 10, 60)"
S3_units,Bearing3_2,20,1,0.8333333333333334,XJTU-SY,"(0.1, 10, 60)"
S3_units,Bearing3_2,16,1,0.85,XJTU-SY,"(0.1, 10, 60)"
S3_units,Bearing3_2,15,1,1.0,XJTU-SY,"(0.1, 10, 60)"
S3_units,Bearing3_2,14,14,0.08333333333333333,XJTU-SY,"(0.1, 10, 60)"
S3_units,Bearing3_2,14,14,0.25,XJTU-SY,"(0.1, 10, 60)"
S3_units,Bearing3_2,14,14,0.38333333333333336,XJTU-SY,"(0.1, 10, 60)"
S3_units,Bearing3_2,14,14,0.1,XJTU-SY,"(0.1, 10, 60)"
S3_units,Bearing3_2,14,14,0.25,XJTU-SY,"(0.1, 10, 60)"
S3_units,Bearing3_2,14,14,0.0,XJTU-SY,"(0.1, 10, 60)"
S3_units,Bearing3_2,14,14,0.05,XJTU-SY,"(0.1, 10, 60)"
S3_units,Bearing3_2,14,14,0.2,XJTU-SY,"(0.1, 10, 60)"
S3_units,Bearing3_2,14,14,0.26666666666666666,XJTU-SY,"(0.1, 10, 60)"
S3_units,Bearing3_2,14,14,0.08333333333333333,XJTU-SY,"(0.1, 10, 60)"
S3_units,Bearing3_2,14,14,0.08333333333333333,XJTU-SY,"(0.1, 10, 60)"
S3_units,Bearing3_2,14,14,0.06666666666666667,XJTU-SY,"(0.1, 10, 60)"
S3_units,Bearing3_2,14,14,0.0,XJTU-SY,"(0.1, 10, 60)"
S3_units,Bearing3_2,14,14,0.21666666666666667,XJTU-SY,"(0.1, 10, 60)"
S3_units,Bearing3_2,14,14,0.16666666666666666,XJTU-SY,"(0.1, 10, 60)"
S3_units,Bearing3_2,14,14,0.1,XJTU-SY,"(0.1, 10, 60)"
S3_units,Bearing3_2,14,14,0.3,XJTU-SY,"(0.1, 10, 60)"
S3_units,Bearing3_2,14,14,0.15,XJTU-SY,"(0.1, 10, 60)"
S3_units,Bearing3_2,14,14,0.43333333333333335,XJTU-SY,"(0.1, 10, 60)"
S3_units,Bearing3_2,14,14,0.2,XJTU-SY,"(0.1, 10, 60)"
S3_units,Bearing3_2,14,14,0.016666666666666666,XJTU-SY,"(0.1, 10, 60)"
S3_units,Bearing3_2,14,14,0.08333333333333333,XJTU-SY,"(0.1, 10, 60)"
S3_units,Bearing3_2,14,14,0.08333333333333333,XJTU-SY,"(0.1, 10, 60)"
S3_units,Bearing3_2,14,14,0.38333333333333336,XJTU-SY,"(0.1, 10, 60)"
S3_units,Bearing3_2,14,14,0.016666666666666666,XJTU-SY,"(0.1, 10, 60)"
S3_units,Bearing3_2,14,14,0.0,XJTU-SY,"(0.1, 10, 60)"
S3_units,Bearing3_2,14,14,0.0,XJTU-SY,"(0.1, 10, 60)"
S3_units,Bearing3_2,14,14,0.1,XJTU-SY,"(0.1, 10, 60)"
S3_units,Bearing3_2,14,14,0.11666666666666667,XJTU-SY,"(0.1, 10, 60)"
S3_units,Bearing3_2,14,14,0.36666666666666664,XJTU-SY,"(0.1, 10, 60)"
S3_units,Bearing3_3,20,1,1.0,XJTU-SY,"(0.1, 10, 60)"
S3_units,Bearing3_3,10,1,0.0,XJTU-SY,"(0.1, 10, 60)"
S3_units,Bearing3_3,20,1,0.8378378378378378,XJTU-SY,"(0.1, 10, 60)"
S3_units,Bearing3_3,20,1,0.0,XJTU-SY,"(0.1, 10, 60)"
S3_units,Bearing3_3,20,1,0.972972972972973,XJTU-SY,"(0.1, 10, 60)"
S3_units,Bearing3_3,20,1,1.0,XJTU-SY,"(0.1, 10, 60)"
S3_units,Bearing3_3,20,1,0.5135135135135135,XJTU-SY,"(0.1, 10, 60)"
S3_units,Bearing3_3,15,1,0.5135135135135135,XJTU-SY,"(0.1, 10, 60)"
S3_units,Bearing3_3,11,1,0.0,XJTU-SY,"(0.1, 10, 60)"
S3_units,Bearing3_3,10,1,0.6216216216216216,XJTU-SY,"(0.1, 10, 60)"
S3_units,Bearing3_3,20,1,0.10810810810810811,XJTU-SY,"(0.1, 10, 60)"
S3_units,Bearing3_3,20,1,0.5135135135135135,XJTU-SY,"(0.1, 10, 60)"
S3_units,Bearing3_3,16,1,0.6756756756756757,XJTU-SY,"(0.1, 10, 60)"
S3_units,Bearing3_3,12,1,0.0,XJTU-SY,"(0.1, 10, 60)"
S3_units,Bearing3_3,16,1,0.05405405405405406,XJTU-SY,"(0.1, 10, 60)"
S3_units,Bearing3_3,20,1,0.8378378378378378,XJTU-SY,"(0.1, 10, 60)"
S3_units,Bearing3_3,20,1,0.8648648648648649,XJTU-SY,"(0.1, 10, 60)"
S3_units,Bearing3_3,20,1,0.7837837837837838,XJTU-SY,"(0.1, 10, 60)"
S3_units,Bearing3_3,20,1,1.0,XJTU-SY,"(0.1, 10, 60)"
S3_units,Bearing3_3,16,1,0.8378378378378378,XJTU-SY,"(0.1, 10, 60)"
S3_units,Bearing3_3,20,1,0.7027027027027027,XJTU-SY,"(0.1, 10, 60)"
S3_units,Bearing3_3,15,1,0.6756756756756757,XJTU-SY,"(0.1, 10, 60)"
S3_units,Bearing3_3,12,1,0.0,XJTU-SY,"(0.1, 10, 60)"
S3_units,Bearing3_3,10,1,0.0,XJTU-SY,"(0.1, 10, 60)"
S3_units,Bearing3_3,20,1,0.6486486486486487,XJTU-SY,"(0.1, 10, 60)"
S3_units,Bearing3_3,20,1,0.32432432432432434,XJTU-SY,"(0.1, 10, 60)"
S3_units,Bearing3_3,20,1,0.02702702702702703,XJTU-SY,"(0.1, 10, 60)"
S3_units,Bearing3_3,20,1,0.2702702702702703,XJTU-SY,"(0.1, 10, 60)"
S3_units,Bearing3_3,16,1,0.0,XJTU-SY,"(0.1, 10, 60)"
S3_units,Bearing3_3,12,1,0.10810810810810811,XJTU-SY,"(0.1, 10, 60)"
S3_units,Bearing3_3,14,14,0.0,XJTU-SY,"(0.1, 10, 60)"
S3_units,Bearing3_3,14,14,0.0,XJTU-SY,"(0.1, 10, 60)"
S3_units,Bearing3_3,14,14,0.0,XJTU-SY,"(0.1, 10, 60)"
S3_units,Bearing3_3,14,14,0.0,XJTU-SY,"(0.1, 10, 60)"
S3_units,Bearing3_3,14,14,0.0,XJTU-SY,"(0.1, 10, 60)"
S3_units,Bearing3_3,14,14,0.0,XJTU-SY,"(0.1, 10, 60)"
S3_units,Bearing3_3,14,14,0.0,XJTU-SY,"(0.1, 10, 60)"
S3_units,Bearing3_3,14,14,0.0,XJTU-SY,"(0.1, 10, 60)"
S3_units,Bearing3_3,14,14,0.0,XJTU-SY,"(0.1, 10, 60)"
S3_units,Bearing3_3,14,14,0.0,XJTU-SY,"(0.1, 10, 60)"
S3_units,Bearing3_3,14,14,0.0,XJTU-SY,"(0.1, 10, 60)"
S3_units,Bearing3_3,14,14,0.0,XJTU-SY,"(0.1, 10, 60)"
S3_units,Bearing3_3,14,14,0.0,XJTU-SY,"(0.1, 10, 60)"
S3_units,Bearing3_3,14,14,0.0,XJTU-SY,"(0.1, 10, 60)"
S3_units,Bearing3_3,14,14,0.0,XJTU-SY,"(0.1, 10, 60)"
S3_units,Bearing3_3,14,14,0.0,XJTU-SY,"(0.1, 10, 60)"
S3_units,Bearing3_3,14,14,0.0,XJTU-SY,"(0.1, 10, 60)"
S3_units,Bearing3_3,14,14,0.0,XJTU-SY,"(0.1, 10, 60)"
S3_units,Bearing3_3,14,14,0.0,XJTU-SY,"(0.1, 10, 60)"
S3_units,Bearing3_3,14,14,0.0,XJTU-SY,"(0.1, 10, 60)"
S3_units,Bearing3_3,14,14,0.0,XJTU-SY,"(0.1, 10, 60)"
S3_units,Bearing3_3,14,14,0.0,XJTU-SY,"(0.1, 10, 60)"
S3_units,Bearing3_3,14,14,0.0,XJTU-SY,"(0.1, 10, 60)"
S3_units,Bearing3_3,14,14,0.0,XJTU-SY,"(0.1, 10, 60)"
S3_units,Bearing3_3,14,14,0.0,XJTU-SY,"(0.1, 10, 60)"
S3_units,Bearing3_3,14,14,0.0,XJTU-SY,"(0.1, 10, 60)"
S3_units,Bearing3_3,14,14,0.0,XJTU-SY,"(0.1, 10, 60)"
S3_units,Bearing3_3,14,14,0.0,XJTU-SY,"(0.1, 10, 60)"
S3_units,Bearing3_3,14,14,0.0,XJTU-SY,"(0.1, 10, 60)"
S3_units,Bearing3_3,14,14,0.0,XJTU-SY,"(0.1, 10, 60)"
S3_units,Bearing3_4,10,1,0.0,XJTU-SY,"(0.1, 10, 60)"
S3_units,Bearing3_4,15,1,1.0,XJTU-SY,"(0.1, 10, 60)"
S3_units,Bearing3_4,20,1,0.9833333333333333,XJTU-SY,"(0.1, 10, 60)"
S3_units,Bearing3_4,15,1,1.0,XJTU-SY,"(0.1, 10, 60)"
S3_units,Bearing3_4,16,1,0.0,XJTU-SY,"(0.1, 10, 60)"
S3_units,Bearing3_4,16,1,0.9833333333333333,XJTU-SY,"(0.1, 10, 60)"
S3_units,Bearing3_4,16,1,0.9833333333333333,XJTU-SY,"(0.1, 10, 60)"
S3_units,Bearing3_4,16,1,0.4666666666666667,XJTU-SY,"(0.1, 10, 60)"
S3_units,Bearing3_4,20,1,1.0,XJTU-SY,"(0.1, 10, 60)"
S3_units,Bearing3_4,20,1,1.0,XJTU-SY,"(0.1, 10, 60)"
S3_units,Bearing3_4,10,1,0.0,XJTU-SY,"(0.1, 10, 60)"
S3_units,Bearing3_4,11,1,0.0,XJTU-SY,"(0.1, 10, 60)"
S3_units,Bearing3_4,15,1,1.0,XJTU-SY,"(0.1, 10, 60)"
S3_units,Bearing3_4,20,1,1.0,XJTU-SY,"(0.1, 10, 60)"
S3_units,Bearing3_4,20,1,1.0,XJTU-SY,"(0.1, 10, 60)"
S3_units,Bearing3_4,20,1,0.9666666666666667,XJTU-SY,"(0.1, 10, 60)"
S3_units,Bearing3_4,12,1,0.0,XJTU-SY,"(0.1, 10, 60)"
S3_units,Bearing3_4,16,1,0.5,XJTU-SY,"(0.1, 10, 60)"
S3_units,Bearing3_4,15,1,1.0,XJTU-SY,"(0.1, 10, 60)"
S3_units,Bearing3_4,16,1,0.9833333333333333,XJTU-SY,"(0.1, 10, 60)"
S3_units,Bearing3_4,20,1,1.0,XJTU-SY,"(0.1, 10, 60)"
S3_units,Bearing3_4,20,1,1.0,XJTU-SY,"(0.1, 10, 60)"
S3_units,Bearing3_4,20,1,1.0,XJTU-SY,"(0.1, 10, 60)"
S3_units,Bearing3_4,15,1,1.0,XJTU-SY,"(0.1, 10, 60)"
S3_units,Bearing3_4,20,1,0.9833333333333333,XJTU-SY,"(0.1, 10, 60)"
S3_units,Bearing3_4,20,1,0.48333333333333334,XJTU-SY,"(0.1, 10, 60)"
S3_units,Bearing3_4,20,1,1.0,XJTU-SY,"(0.1, 10, 60)"
S3_units,Bearing3_4,20,1,1.0,XJTU-SY,"(0.1, 10, 60)"
S3_units,Bearing3_4,20,1,1.0,XJTU-SY,"(0.1, 10, 60)"
S3_units,Bearing3_4,20,1,1.0,XJTU-SY,"(0.1, 10, 60)"
S3_units,Bearing3_4,14,14,0.0,XJTU-SY,"(0.1, 10, 60)"
S3_units,Bearing3_4,14,14,0.0,XJTU-SY,"(0.1, 10, 60)"
S3_units,Bearing3_4,14,14,0.0,XJTU-SY,"(0.1, 10, 60)"
S3_units,Bearing3_4,14,14,0.55,XJTU-SY,"(0.1, 10, 60)"
S3_units,Bearing3_4,14,14,0.26666666666666666,XJTU-SY,"(0.1, 10, 60)"
S3_units,Bearing3_4,14,14,0.36666666666666664,XJTU-SY,"(0.1, 10, 60)"
S3_units,Bearing3_4,14,14,0.0,XJTU-SY,"(0.1, 10, 60)"
S3_units,Bearing3_4,14,14,0.38333333333333336,XJTU-SY,"(0.1, 10, 60)"
S3_units,Bearing3_4,14,14,0.0,XJTU-SY,"(0.1, 10, 60)"
S3_units,Bearing3_4,14,14,0.0,XJTU-SY,"(0.1, 10, 60)"
S3_units,Bearing3_4,14,14,0.0,XJTU-SY,"(0.1, 10, 60)"
S3_units,Bearing3_4,14,14,0.0,XJTU-SY,"(0.1, 10, 60)"
S3_units,Bearing3_4,14,14,0.0,XJTU-SY,"(0.1, 10, 60)"
S3_units,Bearing3_4,14,14,0.35,XJTU-SY,"(0.1, 10, 60)"
S3_units,Bearing3_4,14,14,0.0,XJTU-SY,"(0.1, 10, 60)"
S3_units,Bearing3_4,14,14,0.11666666666666667,XJTU-SY,"(0.1, 10, 60)"
S3_units,Bearing3_4,14,14,0.0,XJTU-SY,"(0.1, 10, 60)"
S3_units,Bearing3_4,14,14,0.0,XJTU-SY,"(0.1, 10, 60)"
S3_units,Bearing3_4,14,14,0.0,XJTU-SY,"(0.1, 10, 60)"
S3_units,Bearing3_4,14,14,0.0,XJTU-SY,"(0.1, 10, 60)"
S3_units,Bearing3_4,14,14,0.0,XJTU-SY,"(0.1, 10, 60)"
S3_units,Bearing3_4,14,14,0.18333333333333332,XJTU-SY,"(0.1, 10, 60)"
S3_units,Bearing3_4,14,14,0.0,XJTU-SY,"(0.1, 10, 60)"
S3_units,Bearing3_4,14,14,0.0,XJTU-SY,"(0.1, 10, 60)"
S3_units,Bearing3_4,14,14,0.31666666666666665,XJTU-SY,"(0.1, 10, 60)"
S3_units,Bearing3_4,14,14,0.4,XJTU-SY,"(0.1, 10, 60)"
S3_units,Bearing3_4,14,14,0.0,XJTU-SY,"(0.1, 10, 60)"
S3_units,Bearing3_4,14,14,0.0,XJTU-SY,"(0.1, 10, 60)"
S3_units,Bearing3_4,14,14,0.0,XJTU-SY,"(0.1, 10, 60)"
S3_units,Bearing3_4,14,14,0.0,XJTU-SY,"(0.1, 10, 60)"
S3_units,Bearing3_5,20,1,0.8181818181818182,XJTU-SY,"(0.1, 10, 60)"
S3_units,Bearing3_5,20,1,0.9090909090909091,XJTU-SY,"(0.1, 10, 60)"
S3_units,Bearing3_5,16,1,0.18181818181818182,XJTU-SY,"(0.1, 10, 60)"
S3_units,Bearing3_5,20,1,0.9090909090909091,XJTU-SY,"(0.1, 10, 60)"
S3_units,Bearing3_5,20,1,0.0,XJTU-SY,"(0.1, 10, 60)"
S3_units,Bearing3_5,20,1,1.0,XJTU-SY,"(0.1, 10, 60)"
S3_units,Bearing3_5,20,1,0.9090909090909091,XJTU-SY,"(0.1, 10, 60)"
S3_units,Bearing3_5,20,1,1.0,XJTU-SY,"(0.1, 10, 60)"
S3_units,Bearing3_5,20,1,0.09090909090909091,XJTU-SY,"(0.1, 10, 60)"
S3_units,Bearing3_5,15,1,1.0,XJTU-SY,"(0.1, 10, 60)"
S3_units,Bearing3_5,20,1,0.18181818181818182,XJTU-SY,"(0.1, 10, 60)"
S3_units,Bearing3_5,20,1,0.5454545454545454,XJTU-SY,"(0.1, 10, 60)"
S3_units,Bearing3_5,20,1,0.2727272727272727,XJTU-SY,"(0.1, 10, 60)"
S3_units,Bearing3_5,20,1,0.5454545454545454,XJTU-SY,"(0.1, 10, 60)"
S3_units,Bearing3_5,20,1,0.8181818181818182,XJTU-SY,"(0.1, 10, 60)"
S3_units,Bearing3_5,15,1,1.0,XJTU-SY,"(0.1, 10, 60)"
S3_units,Bearing3_5,20,1,0.9090909090909091,XJTU-SY,"(0.1, 10, 60)"
S3_units,Bearing3_5,20,1,0.45454545454545453,XJTU-SY,"(0.1, 10, 60)"
S3_units,Bearing3_5,20,1,0.6363636363636364,XJTU-SY,"(0.1, 10, 60)"
S3_units,Bearing3_5,20,1,0.36363636363636365,XJTU-SY,"(0.1, 10, 60)"
S3_units,Bearing3_5,16,1,0.2727272727272727,XJTU-SY,"(0.1, 10, 60)"
S3_units,Bearing3_5,16,1,0.18181818181818182,XJTU-SY,"(0.1, 10, 60)"
S3_units,Bearing3_5,10,1,0.0,XJTU-SY,"(0.1, 10, 60)"
S3_units,Bearing3_5,20,1,0.9090909090909091,XJTU-SY,"(0.1, 10, 60)"
S3_units,Bearing3_5,20,1,0.7272727272727273,XJTU-SY,"(0.1, 10, 60)"
S3_units,Bearing3_5,12,1,0.8181818181818182,XJTU-SY,"(0.1, 10, 60)"
S3_units,Bearing3_5,10,1,0.0,XJTU-SY,"(0.1, 10, 60)"
S3_units,Bearing3_5,15,1,1.0,XJTU-SY,"(0.1, 10, 60)"
S3_units,Bearing3_5,20,1,0.2727272727272727,XJTU-SY,"(0.1, 10, 60)"
S3_units,Bearing3_5,10,1,0.0,XJTU-SY,"(0.1, 10, 60)"
S3_units,Bearing3_5,14,14,0.09090909090909091,XJTU-SY,"(0.1, 10, 60)"
S3_units,Bearing3_5,14,14,0.09090909090909091,XJTU-SY,"(0.1, 10, 60)"
S3_units,Bearing3_5,14,14,0.09090909090909091,XJTU-SY,"(0.1, 10, 60)"
S3_units,Bearing3_5,14,14,0.0,XJTU-SY,"(0.1, 10, 60)"
S3_units,Bearing3_5,14,14,0.0,XJTU-SY,"(0.1, 10, 60)"
S3_units,Bearing3_5,14,14,0.0,XJTU-SY,"(0.1, 10, 60)"
S3_units,Bearing3_5,14,14,0.09090909090909091,XJTU-SY,"(0.1, 10, 60)"
S3_units,Bearing3_5,14,14,0.0,XJTU-SY,"(0.1, 10, 60)"
S3_units,Bearing3_5,14,14,0.09090909090909091,XJTU-SY,"(0.1, 10, 60)"
S3_units,Bearing3_5,14,14,0.0,XJTU-SY,"(0.1, 10, 60)"
S3_units,Bearing3_5,14,14,0.0,XJTU-SY,"(0.1, 10, 60)"
S3_units,Bearing3_5,14,14,0.09090909090909091,XJTU-SY,"(0.1, 10, 60)"
S3_units,Bearing3_5,14,14,0.0,XJTU-SY,"(0.1, 10, 60)"
S3_units,Bearing3_5,14,14,0.0,XJTU-SY,"(0.1, 10, 60)"
S3_units,Bearing3_5,14,14,0.09090909090909091,XJTU-SY,"(0.1, 10, 60)"
S3_units,Bearing3_5,14,14,0.18181818181818182,XJTU-SY,"(0.1, 10, 60)"
S3_units,Bearing3_5,14,14,0.0,XJTU-SY,"(0.1, 10, 60)"
S3_units,Bearing3_5,14,14,0.09090909090909091,XJTU-SY,"(0.1, 10, 60)"
S3_units,Bearing3_5,14,14,0.0,XJTU-SY,"(0.1, 10, 60)"
S3_units,Bearing3_5,14,14,0.0,XJTU-SY,"(0.1, 10, 60)"
S3_units,Bearing3_5,14,14,0.09090909090909091,XJTU-SY,"(0.1, 10, 60)"
S3_units,Bearing3_5,14,14,0.09090909090909091,XJTU-SY,"(0.1, 10, 60)"
S3_units,Bearing3_5,14,14,0.18181818181818182,XJTU-SY,"(0.1, 10, 60)"
S3_units,Bearing3_5,14,14,0.09090909090909091,XJTU-SY,"(0.1, 10, 60)"
S3_units,Bearing3_5,14,14,0.0,XJTU-SY,"(0.1, 10, 60)"
S3_units,Bearing3_5,14,14,0.09090909090909091,XJTU-SY,"(0.1, 10, 60)"
S3_units,Bearing3_5,14,14,0.0,XJTU-SY,"(0.1, 10, 60)"
S3_units,Bearing3_5,14,14,0.0,XJTU-SY,"(0.1, 10, 60)"
S3_units,Bearing3_5,14,14,0.0,XJTU-SY,"(0.1, 10, 60)"
S3_units,Bearing3_5,14,14,0.0,XJTU-SY,"(0.1, 10, 60)"
S3_units,Bearing1_1,20,1,0.0,PRONOSTIA,"(0.1, 30, 60)"
S3_units,Bearing1_1,20,1,0.0,PRONOSTIA,"(0.1, 30, 60)"
S3_units,Bearing1_1,20,1,0.0,PRONOSTIA,"(0.1, 30, 60)"
S3_units,Bearing1_1,20,1,0.03333333333333333,PRONOSTIA,"(0.1, 30, 60)"
S3_units,Bearing1_1,20,1,0.0,PRONOSTIA,"(0.1, 30, 60)"
S3_units,Bearing1_1,20,1,0.43333333333333335,PRONOSTIA,"(0.1, 30, 60)"
S3_units,Bearing1_1,20,1,0.0,PRONOSTIA,"(0.1, 30, 60)"
S3_units,Bearing1_1,20,1,0.18333333333333332,PRONOSTIA,"(0.1, 30, 60)"
S3_units,Bearing1_1,20,1,0.0,PRONOSTIA,"(0.1, 30, 60)"
S3_units,Bearing1_1,20,1,0.0,PRONOSTIA,"(0.1, 30, 60)"
S3_units,Bearing1_1,20,1,0.0,PRONOSTIA,"(0.1, 30, 60)"
S3_units,Bearing1_1,20,1,0.05,PRONOSTIA,"(0.1, 30, 60)"
S3_units,Bearing1_1,20,1,0.0,PRONOSTIA,"(0.1, 30, 60)"
S3_units,Bearing1_1,20,1,0.23333333333333334,PRONOSTIA,"(0.1, 30, 60)"
S3_units,Bearing1_1,20,1,0.08333333333333333,PRONOSTIA,"(0.1, 30, 60)"
S3_units,Bearing1_1,20,1,0.0,PRONOSTIA,"(0.1, 30, 60)"
S3_units,Bearing1_1,20,1,0.0,PRONOSTIA,"(0.1, 30, 60)"
S3_units,Bearing1_1,20,1,0.13333333333333333,PRONOSTIA,"(0.1, 30, 60)"
S3_units,Bearing1_1,20,1,0.03333333333333333,PRONOSTIA,"(0.1, 30, 60)"
S3_units,Bearing1_1,20,1,0.016666666666666666,PRONOSTIA,"(0.1, 30, 60)"
S3_units,Bearing1_1,20,1,0.0,PRONOSTIA,"(0.1, 30, 60)"
S3_units,Bearing1_1,20,1,0.0,PRONOSTIA,"(0.1, 30, 60)"
S3_units,Bearing1_1,20,1,0.0,PRONOSTIA,"(0.1, 30, 60)"
S3_units,Bearing1_1,20,1,0.0,PRONOSTIA,"(0.1, 30, 60)"
S3_units,Bearing1_1,20,1,0.0,PRONOSTIA,"(0.1, 30, 60)"
S3_units,Bearing1_1,20,1,0.016666666666666666,PRONOSTIA,"(0.1, 30, 60)"
S3_units,Bearing1_1,20,1,0.016666666666666666,PRONOSTIA,"(0.1, 30, 60)"
S3_units,Bearing1_1,20,1,0.0,PRONOSTIA,"(0.1, 30, 60)"
S3_units,Bearing1_1,20,1,0.0,PRONOSTIA,"(0.1, 30, 60)"
S3_units,Bearing1_1,20,1,0.0,PRONOSTIA,"(0.1, 30, 60)"
S3_units,Bearing1_1,16,16,0.0,PRONOSTIA,"(0.1, 30, 60)"
S3_units,Bearing1_1,16,16,0.0,PRONOSTIA,"(0.1, 30, 60)"
S3_units,Bearing1_1,16,16,0.0,PRONOSTIA,"(0.1, 30, 60)"
S3_units,Bearing1_1,16,16,0.0,PRONOSTIA,"(0.1, 30, 60)"
S3_units,Bearing1_1,16,16,0.0,PRONOSTIA,"(0.1, 30, 60)"
S3_units,Bearing1_1,16,16,0.0,PRONOSTIA,"(0.1, 30, 60)"
S3_units,Bearing1_1,16,16,0.016666666666666666,PRONOSTIA,"(0.1, 30, 60)"
S3_units,Bearing1_1,16,16,0.0,PRONOSTIA,"(0.1, 30, 60)"
S3_units,Bearing1_1,16,16,0.0,PRONOSTIA,"(0.1, 30, 60)"
S3_units,Bearing1_1,16,16,0.0,PRONOSTIA,"(0.1, 30, 60)"
S3_units,Bearing1_1,16,16,0.0,PRONOSTIA,"(0.1, 30, 60)"
S3_units,Bearing1_1,16,16,0.0,PRONOSTIA,"(0.1, 30, 60)"
S3_units,Bearing1_1,16,16,0.0,PRONOSTIA,"(0.1, 30, 60)"
S3_units,Bearing1_1,16,16,0.0,PRONOSTIA,"(0.1, 30, 60)"
S3_units,Bearing1_1,16,16,0.0,PRONOSTIA,"(0.1, 30, 60)"
S3_units,Bearing1_1,16,16,0.0,PRONOSTIA,"(0.1, 30, 60)"
S3_units,Bearing1_1,16,16,0.0,PRONOSTIA,"(0.1, 30, 60)"
S3_units,Bearing1_1,16,16,0.0,PRONOSTIA,"(0.1, 30, 60)"
S3_units,Bearing1_1,16,16,0.0,PRONOSTIA,"(0.1, 30, 60)"
S3_units,Bearing1_1,16,16,0.0,PRONOSTIA,"(0.1, 30, 60)"
S3_units,Bearing1_1,16,16,0.0,PRONOSTIA,"(0.1, 30, 60)"
S3_units,Bearing1_1,16,16,0.0,PRONOSTIA,"(0.1, 30, 60)"
S3_units,Bearing1_1,16,16,0.0,PRONOSTIA,"(0.1, 30, 60)"
S3_units,Bearing1_1,16,16,0.0,PRONOSTIA,"(0.1, 30, 60)"
S3_units,Bearing1_1,16,16,0.0,PRONOSTIA,"(0.1, 30, 60)"
S3_units,Bearing1_1,16,16,0.0,PRONOSTIA,"(0.1, 30, 60)"
S3_units,Bearing1_1,16,16,0.0,PRONOSTIA,"(0.1, 30, 60)"
S3_units,Bearing1_1,16,16,0.05,PRONOSTIA,"(0.1, 30, 60)"
S3_units,Bearing1_1,16,16,0.0,PRONOSTIA,"(0.1, 30, 60)"
S3_units,Bearing1_1,16,16,0.0,PRONOSTIA,"(0.1, 30, 60)"
S3_units,Bearing1_2,20,1,0.2833333333333333,PRONOSTIA,"(0.1, 30, 60)"
S3_units,Bearing1_2,20,1,0.05,PRONOSTIA,"(0.1, 30, 60)"
S3_units,Bearing1_2,20,1,0.18333333333333332,PRONOSTIA,"(0.1, 30, 60)"
S3_units,Bearing1_2,20,1,0.36666666666666664,PRONOSTIA,"(0.1, 30, 60)"
S3_units,Bearing1_2,20,1,0.05,PRONOSTIA,"(0.1, 30, 60)"
S3_units,Bearing1_2,20,1,0.03333333333333333,PRONOSTIA,"(0.1, 30, 60)"
S3_units,Bearing1_2,20,1,0.03333333333333333,PRONOSTIA,"(0.1, 30, 60)"
S3_units,Bearing1_2,20,1,0.36666666666666664,PRONOSTIA,"(0.1, 30, 60)"
S3_units,Bearing1_2,20,1,0.11666666666666667,PRONOSTIA,"(0.1, 30, 60)"
S3_units,Bearing1_2,20,1,0.06666666666666667,PRONOSTIA,"(0.1, 30, 60)"
S3_units,Bearing1_2,20,1,0.06666666666666667,PRONOSTIA,"(0.1, 30, 60)"
S3_units,Bearing1_2,20,1,0.03333333333333333,PRONOSTIA,"(0.1, 30, 60)"
S3_units,Bearing1_2,20,1,0.11666666666666667,PRONOSTIA,"(0.1, 30, 60)"
S3_units,Bearing1_2,20,1,0.016666666666666666,PRONOSTIA,"(0.1, 30, 60)"
S3_units,Bearing1_2,20,1,0.1,PRONOSTIA,"(0.1, 30, 60)"
S3_units,Bearing1_2,20,1,0.08333333333333333,PRONOSTIA,"(0.1, 30, 60)"
S3_units,Bearing1_2,20,1,0.26666666666666666,PRONOSTIA,"(0.1, 30, 60)"
S3_units,Bearing1_2,20,1,0.31666666666666665,PRONOSTIA,"(0.1, 30, 60)"
S3_units,Bearing1_2,20,1,0.15,PRONOSTIA,"(0.1, 30, 60)"
S3_units,Bearing1_2,20,1,0.0,PRONOSTIA,"(0.1, 30, 60)"
S3_units,Bearing1_2,20,1,0.31666666666666665,PRONOSTIA,"(0.1, 30, 60)"
S3_units,Bearing1_2,20,1,0.11666666666666667,PRONOSTIA,"(0.1, 30, 60)"
S3_units,Bearing1_2,20,1,0.15,PRONOSTIA,"(0.1, 30, 60)"
S3_units,Bearing1_2,20,1,0.03333333333333333,PRONOSTIA,"(0.1, 30, 60)"
S3_units,Bearing1_2,20,1,0.18333333333333332,PRONOSTIA,"(0.1, 30, 60)"
S3_units,Bearing1_2,20,1,0.25,PRONOSTIA,"(0.1, 30, 60)"
S3_units,Bearing1_2,20,1,0.05,PRONOSTIA,"(0.1, 30, 60)"
S3_units,Bearing1_2,20,1,0.0,PRONOSTIA,"(0.1, 30, 60)"
S3_units,Bearing1_2,20,1,0.1,PRONOSTIA,"(0.1, 30, 60)"
S3_units,Bearing1_2,20,1,0.08333333333333333,PRONOSTIA,"(0.1, 30, 60)"
S3_units,Bearing1_2,16,16,0.0,PRONOSTIA,"(0.1, 30, 60)"
S3_units,Bearing1_2,16,16,0.0,PRONOSTIA,"(0.1, 30, 60)"
S3_units,Bearing1_2,16,16,0.016666666666666666,PRONOSTIA,"(0.1, 30, 60)"
S3_units,Bearing1_2,16,16,0.06666666666666667,PRONOSTIA,"(0.1, 30, 60)"
S3_units,Bearing1_2,16,16,0.03333333333333333,PRONOSTIA,"(0.1, 30, 60)"
S3_units,Bearing1_2,16,16,0.08333333333333333,PRONOSTIA,"(0.1, 30, 60)"
S3_units,Bearing1_2,16,16,0.0,PRONOSTIA,"(0.1, 30, 60)"
S3_units,Bearing1_2,16,16,0.06666666666666667,PRONOSTIA,"(0.1, 30, 60)"
S3_units,Bearing1_2,16,16,0.05,PRONOSTIA,"(0.1, 30, 60)"
S3_units,Bearing1_2,16,16,0.03333333333333333,PRONOSTIA,"(0.1, 30, 60)"
S3_units,Bearing1_2,16,16,0.03333333333333333,PRONOSTIA,"(0.1, 30, 60)"
S3_units,Bearing1_2,16,16,0.03333333333333333,PRONOSTIA,"(0.1, 30, 60)"
S3_units,Bearing1_2,16,16,0.06666666666666667,PRONOSTIA,"(0.1, 30, 60)"
S3_units,Bearing1_2,16,16,0.06666666666666667,PRONOSTIA,"(0.1, 30, 60)"
S3_units,Bearing1_2,16,16,0.0,PRONOSTIA,"(0.1, 30, 60)"
S3_units,Bearing1_2,16,16,0.2,PRONOSTIA,"(0.1, 30, 60)"
S3_units,Bearing1_2,16,16,0.0,PRONOSTIA,"(0.1, 30, 60)"
S3_units,Bearing1_2,16,16,0.016666666666666666,PRONOSTIA,"(0.1, 30, 60)"
S3_units,Bearing1_2,16,16,0.0,PRONOSTIA,"(0.1, 30, 60)"
S3_units,Bearing1_2,16,16,0.03333333333333333,PRONOSTIA,"(0.1, 30, 60)"
S3_units,Bearing1_2,16,16,0.0,PRONOSTIA,"(0.1, 30, 60)"
S3_units,Bearing1_2,16,16,0.03333333333333333,PRONOSTIA,"(0.1, 30, 60)"
S3_units,Bearing1_2,16,16,0.0,PRONOSTIA,"(0.1, 30, 60)"
S3_units,Bearing1_2,16,16,0.0,PRONOSTIA,"(0.1, 30, 60)"
S3_units,Bearing1_2,16,16,0.0,PRONOSTIA,"(0.1, 30, 60)"
S3_units,Bearing1_2,16,16,0.0,PRONOSTIA,"(0.1, 30, 60)"
S3_units,Bearing1_2,16,16,0.11666666666666667,PRONOSTIA,"(0.1, 30, 60)"
S3_units,Bearing1_2,16,16,0.0,PRONOSTIA,"(0.1, 30, 60)"
S3_units,Bearing1_2,16,16,0.0,PRONOSTIA,"(0.1, 30, 60)"
S3_units,Bearing1_2,16,16,0.03333333333333333,PRONOSTIA,"(0.1, 30, 60)"
S3_units,Bearing1_3,20,1,0.25,PRONOSTIA,"(0.1, 30, 60)"
S3_units,Bearing1_3,20,1,0.0,PRONOSTIA,"(0.1, 30, 60)"
S3_units,Bearing1_3,20,1,0.4166666666666667,PRONOSTIA,"(0.1, 30, 60)"
S3_units,Bearing1_3,20,1,0.4,PRONOSTIA,"(0.1, 30, 60)"
S3_units,Bearing1_3,20,1,0.65,PRONOSTIA,"(0.1, 30, 60)"
S3_units,Bearing1_3,20,1,0.25,PRONOSTIA,"(0.1, 30, 60)"
S3_units,Bearing1_3,20,1,0.13333333333333333,PRONOSTIA,"(0.1, 30, 60)"
S3_units,Bearing1_3,20,1,0.0,PRONOSTIA,"(0.1, 30, 60)"
S3_units,Bearing1_3,20,1,0.6,PRONOSTIA,"(0.1, 30, 60)"
S3_units,Bearing1_3,20,1,0.2,PRONOSTIA,"(0.1, 30, 60)"
S3_units,Bearing1_3,20,1,0.31666666666666665,PRONOSTIA,"(0.1, 30, 60)"
S3_units,Bearing1_3,20,1,0.13333333333333333,PRONOSTIA,"(0.1, 30, 60)"
S3_units,Bearing1_3,20,1,0.0,PRONOSTIA,"(0.1, 30, 60)"
S3_units,Bearing1_3,20,1,0.5,PRONOSTIA,"(0.1, 30, 60)"
S3_units,Bearing1_3,20,1,0.11666666666666667,PRONOSTIA,"(0.1, 30, 60)"
S3_units,Bearing1_3,20,1,0.18333333333333332,PRONOSTIA,"(0.1, 30, 60)"
S3_units,Bearing1_3,20,1,0.0,PRONOSTIA,"(0.1, 30, 60)"
S3_units,Bearing1_3,20,1,0.26666666666666666,PRONOSTIA,"(0.1, 30, 60)"
S3_units,Bearing1_3,20,1,0.13333333333333333,PRONOSTIA,"(0.1, 30, 60)"
S3_units,Bearing1_3,20,1,0.06666666666666667,PRONOSTIA,"(0.1, 30, 60)"
S3_units,Bearing1_3,20,1,0.26666666666666666,PRONOSTIA,"(0.1, 30, 60)"
S3_units,Bearing1_3,20,1,0.03333333333333333,PRONOSTIA,"(0.1, 30, 60)"
S3_units,Bearing1_3,20,1,0.0,PRONOSTIA,"(0.1, 30, 60)"
S3_units,Bearing1_3,20,1,0.5833333333333334,PRONOSTIA,"(0.1, 30, 60)"
S3_units,Bearing1_3,20,1,0.06666666666666667,PRONOSTIA,"(0.1, 30, 60)"
S3_units,Bearing1_3,20,1,0.2833333333333333,PRONOSTIA,"(0.1, 30, 60)"
S3_units,Bearing1_3,20,1,0.4,PRONOSTIA,"(0.1, 30, 60)"
S3_units,Bearing1_3,20,1,0.65,PRONOSTIA,"(0.1, 30, 60)"
S3_units,Bearing1_3,20,1,0.11666666666666667,PRONOSTIA,"(0.1, 30, 60)"
S3_units,Bearing1_3,20,1,0.0,PRONOSTIA,"(0.1, 30, 60)"
S3_units,Bearing1_3,16,16,0.05,PRONOSTIA,"(0.1, 30, 60)"
S3_units,Bearing1_3,16,16,0.05,PRONOSTIA,"(0.1, 30, 60)"
S3_units,Bearing1_3,16,16,0.13333333333333333,PRONOSTIA,"(0.1, 30, 60)"
S3_units,Bearing1_3,16,16,0.03333333333333333,PRONOSTIA,"(0.1, 30, 60)"
S3_units,Bearing1_3,16,16,0.0,PRONOSTIA,"(0.1, 30, 60)"
S3_units,Bearing1_3,16,16,0.0,PRONOSTIA,"(0.1, 30, 60)"
S3_units,Bearing1_3,16,16,0.16666666666666666,PRONOSTIA,"(0.1, 30, 60)"
S3_units,Bearing1_3,16,16,0.13333333333333333,PRONOSTIA,"(0.1, 30, 60)"
S3_units,Bearing1_3,16,16,0.05,PRONOSTIA,"(0.1, 30, 60)"
S3_units,Bearing1_3,16,16,0.03333333333333333,PRONOSTIA,"(0.1, 30, 60)"
S3_units,Bearing1_3,16,16,0.25,PRONOSTIA,"(0.1, 30, 60)"
S3_units,Bearing1_3,16,16,0.11666666666666667,PRONOSTIA,"(0.1, 30, 60)"
S3_units,Bearing1_3,16,16,0.0,PRONOSTIA,"(0.1, 30, 60)"
S3_units,Bearing1_3,16,16,0.05,PRONOSTIA,"(0.1, 30, 60)"
S3_units,Bearing1_3,16,16,0.0,PRONOSTIA,"(0.1, 30, 60)"
S3_units,Bearing1_3,16,16,0.0,PRONOSTIA,"(0.1, 30, 60)"
S3_units,Bearing1_3,16,16,0.0,PRONOSTIA,"(0.1, 30, 60)"
S3_units,Bearing1_3,16,16,0.0,PRONOSTIA,"(0.1, 30, 60)"
S3_units,Bearing1_3,16,16,0.0,PRONOSTIA,"(0.1, 30, 60)"
S3_units,Bearing1_3,16,16,0.13333333333333333,PRONOSTIA,"(0.1, 30, 60)"
S3_units,Bearing1_3,16,16,0.1,PRONOSTIA,"(0.1, 30, 60)"
S3_units,Bearing1_3,16,16,0.2,PRONOSTIA,"(0.1, 30, 60)"
S3_units,Bearing1_3,16,16,0.08333333333333333,PRONOSTIA,"(0.1, 30, 60)"
S3_units,Bearing1_3,16,16,0.016666666666666666,PRONOSTIA,"(0.1, 30, 60)"
S3_units,Bearing1_3,16,16,0.03333333333333333,PRONOSTIA,"(0.1, 30, 60)"
S3_units,Bearing1_3,16,16,0.0,PRONOSTIA,"(0.1, 30, 60)"
S3_units,Bearing1_3,16,16,0.06666666666666667,PRONOSTIA,"(0.1, 30, 60)"
S3_units,Bearing1_3,16,16,0.0,PRONOSTIA,"(0.1, 30, 60)"
S3_units,Bearing1_3,16,16,0.0,PRONOSTIA,"(0.1, 30, 60)"
S3_units,Bearing1_3,16,16,0.016666666666666666,PRONOSTIA,"(0.1, 30, 60)"
S3_units,Bearing1_4,20,1,0.0,PRONOSTIA,"(0.1, 30, 60)"
S3_units,Bearing1_4,20,1,0.03333333333333333,PRONOSTIA,"(0.1, 30, 60)"
S3_units,Bearing1_4,20,1,0.0,PRONOSTIA,"(0.1, 30, 60)"
S3_units,Bearing1_4,20,1,0.31666666666666665,PRONOSTIA,"(0.1, 30, 60)"
S3_units,Bearing1_4,20,1,0.0,PRONOSTIA,"(0.1, 30, 60)"
S3_units,Bearing1_4,20,1,0.8833333333333333,PRONOSTIA,"(0.1, 30, 60)"
S3_units,Bearing1_4,20,1,0.5833333333333334,PRONOSTIA,"(0.1, 30, 60)"
S3_units,Bearing1_4,20,1,0.0,PRONOSTIA,"(0.1, 30, 60)"
S3_units,Bearing1_4,20,1,0.016666666666666666,PRONOSTIA,"(0.1, 30, 60)"
S3_units,Bearing1_4,20,1,0.0,PRONOSTIA,"(0.1, 30, 60)"
S3_units,Bearing1_4,20,1,0.0,PRONOSTIA,"(0.1, 30, 60)"
S3_units,Bearing1_4,20,1,0.03333333333333333,PRONOSTIA,"(0.1, 30, 60)"
S3_units,Bearing1_4,20,1,0.0,PRONOSTIA,"(0.1, 30, 60)"
S3_units,Bearing1_4,20,1,0.0,PRONOSTIA,"(0.1, 30, 60)"
S3_units,Bearing1_4,20,1,0.0,PRONOSTIA,"(0.1, 30, 60)"
S3_units,Bearing1_4,20,1,0.35,PRONOSTIA,"(0.1, 30, 60)"
S3_units,Bearing1_4,20,1,0.48333333333333334,PRONOSTIA,"(0.1, 30, 60)"
S3_units,Bearing1_4,20,1,0.06666666666666667,PRONOSTIA,"(0.1, 30, 60)"
S3_units,Bearing1_4,20,1,0.25,PRONOSTIA,"(0.1, 30, 60)"
S3_units,Bearing1_4,20,1,0.016666666666666666,PRONOSTIA,"(0.1, 30, 60)"
S3_units,Bearing1_4,20,1,0.5333333333333333,PRONOSTIA,"(0.1, 30, 60)"
S3_units,Bearing1_4,20,1,0.0,PRONOSTIA,"(0.1, 30, 60)"
S3_units,Bearing1_4,20,1,0.0,PRONOSTIA,"(0.1, 30, 60)"
S3_units,Bearing1_4,20,1,0.0,PRONOSTIA,"(0.1, 30, 60)"
S3_units,Bearing1_4,20,1,0.0,PRONOSTIA,"(0.1, 30, 60)"
S3_units,Bearing1_4,20,1,0.0,PRONOSTIA,"(0.1, 30, 60)"
S3_units,Bearing1_4,20,1,0.0,PRONOSTIA,"(0.1, 30, 60)"
S3_units,Bearing1_4,20,1,0.0,PRONOSTIA,"(0.1, 30, 60)"
S3_units,Bearing1_4,20,1,0.05,PRONOSTIA,"(0.1, 30, 60)"
S3_units,Bearing1_4,20,1,0.0,PRONOSTIA,"(0.1, 30, 60)"
S3_units,Bearing1_4,16,16,0.0,PRONOSTIA,"(0.1, 30, 60)"
S3_units,Bearing1_4,16,16,0.0,PRONOSTIA,"(0.1, 30, 60)"
S3_units,Bearing1_4,16,16,0.0,PRONOSTIA,"(0.1, 30, 60)"
S3_units,Bearing1_4,16,16,0.0,PRONOSTIA,"(0.1, 30, 60)"
S3_units,Bearing1_4,16,16,0.0,PRONOSTIA,"(0.1, 30, 60)"
S3_units,Bearing1_4,16,16,0.0,PRONOSTIA,"(0.1, 30, 60)"
S3_units,Bearing1_4,16,16,0.0,PRONOSTIA,"(0.1, 30, 60)"
S3_units,Bearing1_4,16,16,0.0,PRONOSTIA,"(0.1, 30, 60)"
S3_units,Bearing1_4,16,16,0.0,PRONOSTIA,"(0.1, 30, 60)"
S3_units,Bearing1_4,16,16,0.0,PRONOSTIA,"(0.1, 30, 60)"
S3_units,Bearing1_4,16,16,0.0,PRONOSTIA,"(0.1, 30, 60)"
S3_units,Bearing1_4,16,16,0.0,PRONOSTIA,"(0.1, 30, 60)"
S3_units,Bearing1_4,16,16,0.0,PRONOSTIA,"(0.1, 30, 60)"
S3_units,Bearing1_4,16,16,0.0,PRONOSTIA,"(0.1, 30, 60)"
S3_units,Bearing1_4,16,16,0.0,PRONOSTIA,"(0.1, 30, 60)"
S3_units,Bearing1_4,16,16,0.0,PRONOSTIA,"(0.1, 30, 60)"
S3_units,Bearing1_4,16,16,0.0,PRONOSTIA,"(0.1, 30, 60)"
S3_units,Bearing1_4,16,16,0.0,PRONOSTIA,"(0.1, 30, 60)"
S3_units,Bearing1_4,16,16,0.0,PRONOSTIA,"(0.1, 30, 60)"
S3_units,Bearing1_4,16,16,0.0,PRONOSTIA,"(0.1, 30, 60)"
S3_units,Bearing1_4,16,16,0.0,PRONOSTIA,"(0.1, 30, 60)"
S3_units,Bearing1_4,16,16,0.0,PRONOSTIA,"(0.1, 30, 60)"
S3_units,Bearing1_4,16,16,0.0,PRONOSTIA,"(0.1, 30, 60)"
S3_units,Bearing1_4,16,16,0.0,PRONOSTIA,"(0.1, 30, 60)"
S3_units,Bearing1_4,16,16,0.0,PRONOSTIA,"(0.1, 30, 60)"
S3_units,Bearing1_4,16,16,0.0,PRONOSTIA,"(0.1, 30, 60)"
S3_units,Bearing1_4,16,16,0.0,PRONOSTIA,"(0.1, 30, 60)"
S3_units,Bearing1_4,16,16,0.0,PRONOSTIA,"(0.1, 30, 60)"
S3_units,Bearing1_4,16,16,0.0,PRONOSTIA,"(0.1, 30, 60)"
S3_units,Bearing1_4,16,16,0.0,PRONOSTIA,"(0.1, 30, 60)"
S3_units,Bearing1_5,20,1,0.03333333333333333,PRONOSTIA,"(0.1, 30, 60)"
S3_units,Bearing1_5,20,1,0.0,PRONOSTIA,"(0.1, 30, 60)"
S3_units,Bearing1_5,20,1,0.0,PRONOSTIA,"(0.1, 30, 60)"
S3_units,Bearing1_5,20,1,0.11666666666666667,PRONOSTIA,"(0.1, 30, 60)"
S3_units,Bearing1_5,20,1,0.1,PRONOSTIA,"(0.1, 30, 60)"
S3_units,Bearing1_5,20,1,0.4,PRONOSTIA,"(0.1, 30, 60)"
S3_units,Bearing1_5,20,1,0.03333333333333333,PRONOSTIA,"(0.1, 30, 60)"
S3_units,Bearing1_5,20,1,0.85,PRONOSTIA,"(0.1, 30, 60)"
S3_units,Bearing1_5,20,1,0.03333333333333333,PRONOSTIA,"(0.1, 30, 60)"
S3_units,Bearing1_5,20,1,0.05,PRONOSTIA,"(0.1, 30, 60)"
S3_units,Bearing1_5,20,1,0.03333333333333333,PRONOSTIA,"(0.1, 30, 60)"
S3_units,Bearing1_5,20,1,0.35,PRONOSTIA,"(0.1, 30, 60)"
S3_units,Bearing1_5,20,1,0.05,PRONOSTIA,"(0.1, 30, 60)"
S3_units,Bearing1_5,20,1,0.016666666666666666,PRONOSTIA,"(0.1, 30, 60)"
S3_units,Bearing1_5,20,1,0.03333333333333333,PRONOSTIA,"(0.1, 30, 60)"
S3_units,Bearing1_5,20,1,0.0,PRONOSTIA,"(0.1, 30, 60)"
S3_units,Bearing1_5,20,1,0.0,PRONOSTIA,"(0.1, 30, 60)"
S3_units,Bearing1_5,20,1,0.0,PRONOSTIA,"(0.1, 30, 60)"
S3_units,Bearing1_5,20,1,0.03333333333333333,PRONOSTIA,"(0.1, 30, 60)"
S3_units,Bearing1_5,20,1,0.0,PRONOSTIA,"(0.1, 30, 60)"
S3_units,Bearing1_5,20,1,0.08333333333333333,PRONOSTIA,"(0.1, 30, 60)"
S3_units,Bearing1_5,20,1,0.03333333333333333,PRONOSTIA,"(0.1, 30, 60)"
S3_units,Bearing1_5,20,1,0.03333333333333333,PRONOSTIA,"(0.1, 30, 60)"
S3_units,Bearing1_5,20,1,0.0,PRONOSTIA,"(0.1, 30, 60)"
S3_units,Bearing1_5,20,1,0.03333333333333333,PRONOSTIA,"(0.1, 30, 60)"
S3_units,Bearing1_5,20,1,0.65,PRONOSTIA,"(0.1, 30, 60)"
S3_units,Bearing1_5,20,1,0.1,PRONOSTIA,"(0.1, 30, 60)"
S3_units,Bearing1_5,20,1,0.05,PRONOSTIA,"(0.1, 30, 60)"
S3_units,Bearing1_5,20,1,0.03333333333333333,PRONOSTIA,"(0.1, 30, 60)"
S3_units,Bearing1_5,20,1,0.0,PRONOSTIA,"(0.1, 30, 60)"
S3_units,Bearing1_5,16,16,0.016666666666666666,PRONOSTIA,"(0.1, 30, 60)"
S3_units,Bearing1_5,16,16,0.016666666666666666,PRONOSTIA,"(0.1, 30, 60)"
S3_units,Bearing1_5,16,16,0.0,PRONOSTIA,"(0.1, 30, 60)"
S3_units,Bearing1_5,16,16,0.03333333333333333,PRONOSTIA,"(0.1, 30, 60)"
S3_units,Bearing1_5,16,16,0.03333333333333333,PRONOSTIA,"(0.1, 30, 60)"
S3_units,Bearing1_5,16,16,0.0,PRONOSTIA,"(0.1, 30, 60)"
S3_units,Bearing1_5,16,16,0.0,PRONOSTIA,"(0.1, 30, 60)"
S3_units,Bearing1_5,16,16,0.0,PRONOSTIA,"(0.1, 30, 60)"
S3_units,Bearing1_5,16,16,0.0,PRONOSTIA,"(0.1, 30, 60)"
S3_units,Bearing1_5,16,16,0.03333333333333333,PRONOSTIA,"(0.1, 30, 60)"
S3_units,Bearing1_5,16,16,0.0,PRONOSTIA,"(0.1, 30, 60)"
S3_units,Bearing1_5,16,16,0.0,PRONOSTIA,"(0.1, 30, 60)"
S3_units,Bearing1_5,16,16,0.03333333333333333,PRONOSTIA,"(0.1, 30, 60)"
S3_units,Bearing1_5,16,16,0.0,PRONOSTIA,"(0.1, 30, 60)"
S3_units,Bearing1_5,16,16,0.0,PRONOSTIA,"(0.1, 30, 60)"
S3_units,Bearing1_5,16,16,0.0,PRONOSTIA,"(0.1, 30, 60)"
S3_units,Bearing1_5,16,16,0.0,PRONOSTIA,"(0.1, 30, 60)"
S3_units,Bearing1_5,16,16,0.0,PRONOSTIA,"(0.1, 30, 60)"
S3_units,Bearing1_5,16,16,0.0,PRONOSTIA,"(0.1, 30, 60)"
S3_units,Bearing1_5,16,16,0.0,PRONOSTIA,"(0.1, 30, 60)"
S3_units,Bearing1_5,16,16,0.03333333333333333,PRONOSTIA,"(0.1, 30, 60)"
S3_units,Bearing1_5,16,16,0.016666666666666666,PRONOSTIA,"(0.1, 30, 60)"
S3_units,Bearing1_5,16,16,0.0,PRONOSTIA,"(0.1, 30, 60)"
S3_units,Bearing1_5,16,16,0.0,PRONOSTIA,"(0.1, 30, 60)"
S3_units,Bearing1_5,16,16,0.03333333333333333,PRONOSTIA,"(0.1, 30, 60)"
S3_units,Bearing1_5,16,16,0.0,PRONOSTIA,"(0.1, 30, 60)"
S3_units,Bearing1_5,16,16,0.016666666666666666,PRONOSTIA,"(0.1, 30, 60)"
S3_units,Bearing1_5,16,16,0.0,PRONOSTIA,"(0.1, 30, 60)"
S3_units,Bearing1_5,16,16,0.0,PRONOSTIA,"(0.1, 30, 60)"
S3_units,Bearing1_5,16,16,0.016666666666666666,PRONOSTIA,"(0.1, 30, 60)"
S3_units,Bearing1_6,20,1,0.7666666666666667,PRONOSTIA,"(0.1, 30, 60)"
S3_units,Bearing1_6,20,1,0.7666666666666667,PRONOSTIA,"(0.1, 30, 60)"
S3_units,Bearing1_6,20,1,0.5166666666666667,PRONOSTIA,"(0.1, 30, 60)"
S3_units,Bearing1_6,20,1,0.7166666666666667,PRONOSTIA,"(0.1, 30, 60)"
S3_units,Bearing1_6,20,1,0.5666666666666667,PRONOSTIA,"(0.1, 30, 60)"
S3_units,Bearing1_6,20,1,0.08333333333333333,PRONOSTIA,"(0.1, 30, 60)"
S3_units,Bearing1_6,20,1,0.5833333333333334,PRONOSTIA,"(0.1, 30, 60)"
S3_units,Bearing1_6,20,1,0.43333333333333335,PRONOSTIA,"(0.1, 30, 60)"
S3_units,Bearing1_6,20,1,0.5333333333333333,PRONOSTIA,"(0.1, 30, 60)"
S3_units,Bearing1_6,20,1,0.4666666666666667,PRONOSTIA,"(0.1, 30, 60)"
S3_units,Bearing1_6,20,1,0.3,PRONOSTIA,"(0.1, 30, 60)"
S3_units,Bearing1_6,20,1,0.5166666666666667,PRONOSTIA,"(0.1, 30, 60)"
S3_units,Bearing1_6,20,1,0.05,PRONOSTIA,"(0.1, 30, 60)"
S3_units,Bearing1_6,20,1,0.05,PRONOSTIA,"(0.1, 30, 60)"
S3_units,Bearing1_6,20,1,0.05,PRONOSTIA,"(0.1, 30, 60)"
S3_units,Bearing1_6,20,1,0.3,PRONOSTIA,"(0.1, 30, 60)"
S3_units,Bearing1_6,20,1,0.7333333333333333,PRONOSTIA,"(0.1, 30, 60)"
S3_units,Bearing1_6,20,1,0.8333333333333334,PRONOSTIA,"(0.1, 30, 60)"
S3_units,Bearing1_6,20,1,0.08333333333333333,PRONOSTIA,"(0.1, 30, 60)"
S3_units,Bearing1_6,20,1,0.5166666666666667,PRONOSTIA,"(0.1, 30, 60)"
S3_units,Bearing1_6,20,1,0.08333333333333333,PRONOSTIA,"(0.1, 30, 60)"
S3_units,Bearing1_6,20,1,0.11666666666666667,PRONOSTIA,"(0.1, 30, 60)"
S3_units,Bearing1_6,20,1,0.0,PRONOSTIA,"(0.1, 30, 60)"
S3_units,Bearing1_6,20,1,0.15,PRONOSTIA,"(0.1, 30, 60)"
S3_units,Bearing1_6,20,1,0.4666666666666667,PRONOSTIA,"(0.1, 30, 60)"
S3_units,Bearing1_6,20,1,0.1,PRONOSTIA,"(0.1, 30, 60)"
S3_units,Bearing1_6,20,1,0.3,PRONOSTIA,"(0.1, 30, 60)"
S3_units,Bearing1_6,20,1,0.85,PRONOSTIA,"(0.1, 30, 60)"
S3_units,Bearing1_6,20,1,0.05,PRONOSTIA,"(0.1, 30, 60)"
S3_units,Bearing1_6,20,1,0.0,PRONOSTIA,"(0.1, 30, 60)"
S3_units,Bearing1_6,16,16,0.0,PRONOSTIA,"(0.1, 30, 60)"
S3_units,Bearing1_6,16,16,0.05,PRONOSTIA,"(0.1, 30, 60)"
S3_units,Bearing1_6,16,16,0.0,PRONOSTIA,"(0.1, 30, 60)"
S3_units,Bearing1_6,16,16,0.016666666666666666,PRONOSTIA,"(0.1, 30, 60)"
S3_units,Bearing1_6,16,16,0.016666666666666666,PRONOSTIA,"(0.1, 30, 60)"
S3_units,Bearing1_6,16,16,0.0,PRONOSTIA,"(0.1, 30, 60)"
S3_units,Bearing1_6,16,16,0.08333333333333333,PRONOSTIA,"(0.1, 30, 60)"
S3_units,Bearing1_6,16,16,0.0,PRONOSTIA,"(0.1, 30, 60)"
S3_units,Bearing1_6,16,16,0.0,PRONOSTIA,"(0.1, 30, 60)"
S3_units,Bearing1_6,16,16,0.0,PRONOSTIA,"(0.1, 30, 60)"
S3_units,Bearing1_6,16,16,0.0,PRONOSTIA,"(0.1, 30, 60)"
S3_units,Bearing1_6,16,16,0.05,PRONOSTIA,"(0.1, 30, 60)"
S3_units,Bearing1_6,16,16,0.08333333333333333,PRONOSTIA,"(0.1, 30, 60)"
S3_units,Bearing1_6,16,16,0.0,PRONOSTIA,"(0.1, 30, 60)"
S3_units,Bearing1_6,16,16,0.0,PRONOSTIA,"(0.1, 30, 60)"
S3_units,Bearing1_6,16,16,0.13333333333333333,PRONOSTIA,"(0.1, 30, 60)"
S3_units,Bearing1_6,16,16,0.06666666666666667,PRONOSTIA,"(0.1, 30, 60)"
S3_units,Bearing1_6,16,16,0.0,PRONOSTIA,"(0.1, 30, 60)"
S3_units,Bearing1_6,16,16,0.016666666666666666,PRONOSTIA,"(0.1, 30, 60)"
S3_units,Bearing1_6,16,16,0.016666666666666666,PRONOSTIA,"(0.1, 30, 60)"
S3_units,Bearing1_6,16,16,0.0,PRONOSTIA,"(0.1, 30, 60)"
S3_units,Bearing1_6,16,16,0.1,PRONOSTIA,"(0.1, 30, 60)"
S3_units,Bearing1_6,16,16,0.0,PRONOSTIA,"(0.1, 30, 60)"
S3_units,Bearing1_6,16,16,0.0,PRONOSTIA,"(0.1, 30, 60)"
S3_units,Bearing1_6,16,16,0.0,PRONOSTIA,"(0.1, 30, 60)"
S3_units,Bearing1_6,16,16,0.0,PRONOSTIA,"(0.1, 30, 60)"
S3_units,Bearing1_6,16,16,0.0,PRONOSTIA,"(0.1, 30, 60)"
S3_units,Bearing1_6,16,16,0.0,PRONOSTIA,"(0.1, 30, 60)"
S3_units,Bearing1_6,16,16,0.3333333333333333,PRONOSTIA,"(0.1, 30, 60)"
S3_units,Bearing1_6,16,16,0.13333333333333333,PRONOSTIA,"(0.1, 30, 60)"
S3_units,Bearing1_7,20,1,0.45,PRONOSTIA,"(0.1, 30, 60)"
S3_units,Bearing1_7,20,1,0.5666666666666667,PRONOSTIA,"(0.1, 30, 60)"
S3_units,Bearing1_7,20,1,0.0,PRONOSTIA,"(0.1, 30, 60)"
S3_units,Bearing1_7,20,1,0.5,PRONOSTIA,"(0.1, 30, 60)"
S3_units,Bearing1_7,20,1,0.43333333333333335,PRONOSTIA,"(0.1, 30, 60)"
S3_units,Bearing1_7,20,1,0.0,PRONOSTIA,"(0.1, 30, 60)"
S3_units,Bearing1_7,20,1,0.0,PRONOSTIA,"(0.1, 30, 60)"
S3_units,Bearing1_7,20,1,0.0,PRONOSTIA,"(0.1, 30, 60)"
S3_units,Bearing1_7,20,1,0.5166666666666667,PRONOSTIA,"(0.1, 30, 60)"
S3_units,Bearing1_7,20,1,0.3333333333333333,PRONOSTIA,"(0.1, 30, 60)"
S3_units,Bearing1_7,20,1,0.2833333333333333,PRONOSTIA,"(0.1, 30, 60)"
S3_units,Bearing1_7,20,1,0.43333333333333335,PRONOSTIA,"(0.1, 30, 60)"
S3_units,Bearing1_7,20,1,0.5333333333333333,PRONOSTIA,"(0.1, 30, 60)"
S3_units,Bearing1_7,20,1,0.016666666666666666,PRONOSTIA,"(0.1, 30, 60)"
S3_units,Bearing1_7,20,1,0.0,PRONOSTIA,"(0.1, 30, 60)"
S3_units,Bearing1_7,20,1,0.45,PRONOSTIA,"(0.1, 30, 60)"
S3_units,Bearing1_7,20,1,0.4,PRONOSTIA,"(0.1, 30, 60)"
S3_units,Bearing1_7,20,1,0.08333333333333333,PRONOSTIA,"(0.1, 30, 60)"
S3_units,Bearing1_7,20,1,0.0,PRONOSTIA,"(0.1, 30, 60)"
S3_units,Bearing1_7,20,1,0.0,PRONOSTIA,"(0.1, 30, 60)"
S3_units,Bearing1_7,20,1,0.0,PRONOSTIA,"(0.1, 30, 60)"
S3_units,Bearing1_7,20,1,0.2,PRONOSTIA,"(0.1, 30, 60)"
S3_units,Bearing1_7,20,1,0.5166666666666667,PRONOSTIA,"(0.1, 30, 60)"
S3_units,Bearing1_7,20,1,0.0,PRONOSTIA,"(0.1, 30, 60)"
S3_units,Bearing1_7,20,1,0.13333333333333333,PRONOSTIA,"(0.1, 30, 60)"
S3_units,Bearing1_7,20,1,0.21666666666666667,PRONOSTIA,"(0.1, 30, 60)"
S3_units,Bearing1_7,20,1,0.0,PRONOSTIA,"(0.1, 30, 60)"
S3_units,Bearing1_7,20,1,0.0,PRONOSTIA,"(0.1, 30, 60)"
S3_units,Bearing1_7,20,1,0.0,PRONOSTIA,"(0.1, 30, 60)"
S3_units,Bearing1_7,20,1,0.13333333333333333,PRONOSTIA,"(0.1, 30, 60)"
S3_units,Bearing1_7,16,16,0.0,PRONOSTIA,"(0.1, 30, 60)"
S3_units,Bearing1_7,16,16,0.0,PRONOSTIA,"(0.1, 30, 60)"
S3_units,Bearing1_7,16,16,0.0,PRONOSTIA,"(0.1, 30, 60)"
S3_units,Bearing1_7,16,16,0.0,PRONOSTIA,"(0.1, 30, 60)"
S3_units,Bearing1_7,16,16,0.0,PRONOSTIA,"(0.1, 30, 60)"
S3_units,Bearing1_7,16,16,0.0,PRONOSTIA,"(0.1, 30, 60)"
S3_units,Bearing1_7,16,16,0.0,PRONOSTIA,"(0.1, 30, 60)"
S3_units,Bearing1_7,16,16,0.0,PRONOSTIA,"(0.1, 30, 60)"
S3_units,Bearing1_7,16,16,0.0,PRONOSTIA,"(0.1, 30, 60)"
S3_units,Bearing1_7,16,16,0.0,PRONOSTIA,"(0.1, 30, 60)"
S3_units,Bearing1_7,16,16,0.0,PRONOSTIA,"(0.1, 30, 60)"
S3_units,Bearing1_7,16,16,0.0,PRONOSTIA,"(0.1, 30, 60)"
S3_units,Bearing1_7,16,16,0.0,PRONOSTIA,"(0.1, 30, 60)"
S3_units,Bearing1_7,16,16,0.0,PRONOSTIA,"(0.1, 30, 60)"
S3_units,Bearing1_7,16,16,0.0,PRONOSTIA,"(0.1, 30, 60)"
S3_units,Bearing1_7,16,16,0.0,PRONOSTIA,"(0.1, 30, 60)"
S3_units,Bearing1_7,16,16,0.0,PRONOSTIA,"(0.1, 30, 60)"
S3_units,Bearing1_7,16,16,0.016666666666666666,PRONOSTIA,"(0.1, 30, 60)"
S3_units,Bearing1_7,16,16,0.0,PRONOSTIA,"(0.1, 30, 60)"
S3_units,Bearing1_7,16,16,0.0,PRONOSTIA,"(0.1, 30, 60)"
S3_units,Bearing1_7,16,16,0.0,PRONOSTIA,"(0.1, 30, 60)"
S3_units,Bearing1_7,16,16,0.0,PRONOSTIA,"(0.1, 30, 60)"
S3_units,Bearing1_7,16,16,0.0,PRONOSTIA,"(0.1, 30, 60)"
S3_units,Bearing1_7,16,16,0.016666666666666666,PRONOSTIA,"(0.1, 30, 60)"
S3_units,Bearing1_7,16,16,0.0,PRONOSTIA,"(0.1, 30, 60)"
S3_units,Bearing1_7,16,16,0.0,PRONOSTIA,"(0.1, 30, 60)"
S3_units,Bearing1_7,16,16,0.016666666666666666,PRONOSTIA,"(0.1, 30, 60)"
S3_units,Bearing1_7,16,16,0.0,PRONOSTIA,"(0.1, 30, 60)"
S3_units,Bearing1_7,16,16,0.0,PRONOSTIA,"(0.1, 30, 60)"
S3_units,Bearing1_7,16,16,0.0,PRONOSTIA,"(0.1, 30, 60)"
S3_units,Bearing2_1,20,1,0.18333333333333332,PRONOSTIA,"(0.1, 30, 60)"
S3_units,Bearing2_1,20,1,0.016666666666666666,PRONOSTIA,"(0.1, 30, 60)"
S3_units,Bearing2_1,20,1,0.11666666666666667,PRONOSTIA,"(0.1, 30, 60)"
S3_units,Bearing2_1,20,1,0.06666666666666667,PRONOSTIA,"(0.1, 30, 60)"
S3_units,Bearing2_1,20,1,0.06666666666666667,PRONOSTIA,"(0.1, 30, 60)"
S3_units,Bearing2_1,20,1,0.38333333333333336,PRONOSTIA,"(0.1, 30, 60)"
S3_units,Bearing2_1,20,1,0.06666666666666667,PRONOSTIA,"(0.1, 30, 60)"
S3_units,Bearing2_1,20,1,0.11666666666666667,PRONOSTIA,"(0.1, 30, 60)"
S3_units,Bearing2_1,20,1,0.0,PRONOSTIA,"(0.1, 30, 60)"
S3_units,Bearing2_1,20,1,0.1,PRONOSTIA,"(0.1, 30, 60)"
S3_units,Bearing2_1,20,1,0.016666666666666666,PRONOSTIA,"(0.1, 30, 60)"
S3_units,Bearing2_1,20,1,0.21666666666666667,PRONOSTIA,"(0.1, 30, 60)"
S3_units,Bearing2_1,20,1,0.08333333333333333,PRONOSTIA,"(0.1, 30, 60)"
S3_units,Bearing2_1,20,1,0.03333333333333333,PRONOSTIA,"(0.1, 30, 60)"
S3_units,Bearing2_1,20,1,0.11666666666666667,PRONOSTIA,"(0.1, 30, 60)"
S3_units,Bearing2_1,20,1,0.016666666666666666,PRONOSTIA,"(0.1, 30, 60)"
S3_units,Bearing2_1,20,1,0.11666666666666667,PRONOSTIA,"(0.1, 30, 60)"
S3_units,Bearing2_1,20,1,0.06666666666666667,PRONOSTIA,"(0.1, 30, 60)"
S3_units,Bearing2_1,20,1,0.16666666666666666,PRONOSTIA,"(0.1, 30, 60)"
S3_units,Bearing2_1,20,1,0.06666666666666667,PRONOSTIA,"(0.1, 30, 60)"
S3_units,Bearing2_1,20,1,0.06666666666666667,PRONOSTIA,"(0.1, 30, 60)"
S3_units,Bearing2_1,20,1,0.26666666666666666,PRONOSTIA,"(0.1, 30, 60)"
S3_units,Bearing2_1,20,1,0.16666666666666666,PRONOSTIA,"(0.1, 30, 60)"
S3_units,Bearing2_1,20,1,0.08333333333333333,PRONOSTIA,"(0.1, 30, 60)"
S3_units,Bearing2_1,20,1,0.08333333333333333,PRONOSTIA,"(0.1, 30, 60)"
S3_units,Bearing2_1,20,1,0.08333333333333333,PRONOSTIA,"(0.1, 30, 60)"
S3_units,Bearing2_1,20,1,0.31666666666666665,PRONOSTIA,"(0.1, 30, 60)"
S3_units,Bearing2_1,20,1,0.31666666666666665,PRONOSTIA,"(0.1, 30, 60)"
S3_units,Bearing2_1,20,1,0.15,PRONOSTIA,"(0.1, 30, 60)"
S3_units,Bearing2_1,20,1,0.15,PRONOSTIA,"(0.1, 30, 60)"
S3_units,Bearing2_1,16,16,0.06666666666666667,PRONOSTIA,"(0.1, 30, 60)"
S3_units,Bearing2_1,16,16,0.05,PRONOSTIA,"(0.1, 30, 60)"
S3_units,Bearing2_1,16,16,0.05,PRONOSTIA,"(0.1, 30, 60)"
S3_units,Bearing2_1,16,16,0.0,PRONOSTIA,"(0.1, 30, 60)"
S3_units,Bearing2_1,16,16,0.05,PRONOSTIA,"(0.1, 30, 60)"
S3_units,Bearing2_1,16,16,0.016666666666666666,PRONOSTIA,"(0.1, 30, 60)"
S3_units,Bearing2_1,16,16,0.06666666666666667,PRONOSTIA,"(0.1, 30, 60)"
S3_units,Bearing2_1,16,16,0.06666666666666667,PRONOSTIA,"(0.1, 30, 60)"
S3_units,Bearing2_1,16,16,0.06666666666666667,PRONOSTIA,"(0.1, 30, 60)"
S3_units,Bearing2_1,16,16,0.05,PRONOSTIA,"(0.1, 30, 60)"
S3_units,Bearing2_1,16,16,0.06666666666666667,PRONOSTIA,"(0.1, 30, 60)"
S3_units,Bearing2_1,16,16,0.06666666666666667,PRONOSTIA,"(0.1, 30, 60)"
S3_units,Bearing2_1,16,16,0.016666666666666666,PRONOSTIA,"(0.1, 30, 60)"
S3_units,Bearing2_1,16,16,0.03333333333333333,PRONOSTIA,"(0.1, 30, 60)"
S3_units,Bearing2_1,16,16,0.06666666666666667,PRONOSTIA,"(0.1, 30, 60)"
S3_units,Bearing2_1,16,16,0.05,PRONOSTIA,"(0.1, 30, 60)"
S3_units,Bearing2_1,16,16,0.05,PRONOSTIA,"(0.1, 30, 60)"
S3_units,Bearing2_1,16,16,0.08333333333333333,PRONOSTIA,"(0.1, 30, 60)"
S3_units,Bearing2_1,16,16,0.11666666666666667,PRONOSTIA,"(0.1, 30, 60)"
S3_units,Bearing2_1,16,16,0.05,PRONOSTIA,"(0.1, 30, 60)"
S3_units,Bearing2_1,16,16,0.05,PRONOSTIA,"(0.1, 30, 60)"
S3_units,Bearing2_1,16,16,0.06666666666666667,PRONOSTIA,"(0.1, 30, 60)"
S3_units,Bearing2_1,16,16,0.05,PRONOSTIA,"(0.1, 30, 60)"
S3_units,Bearing2_1,16,16,0.06666666666666667,PRONOSTIA,"(0.1, 30, 60)"
S3_units,Bearing2_1,16,16,0.03333333333333333,PRONOSTIA,"(0.1, 30, 60)"
S3_units,Bearing2_1,16,16,0.1,PRONOSTIA,"(0.1, 30, 60)"
S3_units,Bearing2_1,16,16,0.016666666666666666,PRONOSTIA,"(0.1, 30, 60)"
S3_units,Bearing2_1,16,16,0.1,PRONOSTIA,"(0.1, 30, 60)"
S3_units,Bearing2_1,16,16,0.016666666666666666,PRONOSTIA,"(0.1, 30, 60)"
S3_units,Bearing2_1,16,16,0.05,PRONOSTIA,"(0.1, 30, 60)"
S3_units,Bearing2_2,20,1,0.23333333333333334,PRONOSTIA,"(0.1, 30, 60)"
S3_units,Bearing2_2,20,1,0.0,PRONOSTIA,"(0.1, 30, 60)"
S3_units,Bearing2_2,20,1,0.06666666666666667,PRONOSTIA,"(0.1, 30, 60)"
S3_units,Bearing2_2,20,1,0.15,PRONOSTIA,"(0.1, 30, 60)"
S3_units,Bearing2_2,20,1,0.0,PRONOSTIA,"(0.1, 30, 60)"
S3_units,Bearing2_2,20,1,0.0,PRONOSTIA,"(0.1, 30, 60)"
S3_units,Bearing2_2,20,1,0.11666666666666667,PRONOSTIA,"(0.1, 30, 60)"
S3_units,Bearing2_2,20,1,0.3333333333333333,PRONOSTIA,"(0.1, 30, 60)"
S3_units,Bearing2_2,20,1,0.0,PRONOSTIA,"(0.1, 30, 60)"
S3_units,Bearing2_2,20,1,0.0,PRONOSTIA,"(0.1, 30, 60)"
S3_units,Bearing2_2,20,1,0.05,PRONOSTIA,"(0.1, 30, 60)"
S3_units,Bearing2_2,20,1,0.38333333333333336,PRONOSTIA,"(0.1, 30, 60)"
S3_units,Bearing2_2,20,1,0.75,PRONOSTIA,"(0.1, 30, 60)"
S3_units,Bearing2_2,20,1,0.06666666666666667,PRONOSTIA,"(0.1, 30, 60)"
S3_units,Bearing2_2,20,1,0.4166666666666667,PRONOSTIA,"(0.1, 30, 60)"
S3_units,Bearing2_2,20,1,0.0,PRONOSTIA,"(0.1, 30, 60)"
S3_units,Bearing2_2,20,1,0.0,PRONOSTIA,"(0.1, 30, 60)"
S3_units,Bearing2_2,20,1,0.2833333333333333,PRONOSTIA,"(0.1, 30, 60)"
S3_units,Bearing2_2,20,1,0.31666666666666665,PRONOSTIA,"(0.1, 30, 60)"
S3_units,Bearing2_2,20,1,0.0,PRONOSTIA,"(0.1, 30, 60)"
S3_units,Bearing2_2,20,1,0.0,PRONOSTIA,"(0.1, 30, 60)"
S3_units,Bearing2_2,20,1,0.26666666666666666,PRONOSTIA,"(0.1, 30, 60)"
S3_units,Bearing2_2,20,1,0.0,PRONOSTIA,"(0.1, 30, 60)"
S3_units,Bearing2_2,20,1,0.0,PRONOSTIA,"(0.1, 30, 60)"
S3_units,Bearing2_2,20,1,0.6166666666666667,PRONOSTIA,"(0.1, 30, 60)"
S3_units,Bearing2_2,20,1,0.0,PRONOSTIA,"(0.1, 30, 60)"
S3_units,Bearing2_2,20,1,0.4666666666666667,PRONOSTIA,"(0.1, 30, 60)"
S3_units,Bearing2_2,20,1,0.21666666666666667,PRONOSTIA,"(0.1, 30, 60)"
S3_units,Bearing2_2,20,1,0.0,PRONOSTIA,"(0.1, 30, 60)"
S3_units,Bearing2_2,20,1,0.016666666666666666,PRONOSTIA,"(0.1, 30, 60)"
S3_units,Bearing2_2,16,16,0.0,PRONOSTIA,"(0.1, 30, 60)"
S3_units,Bearing2_2,16,16,0.0,PRONOSTIA,"(0.1, 30, 60)"
S3_units,Bearing2_2,16,16,0.0,PRONOSTIA,"(0.1, 30, 60)"
S3_units,Bearing2_2,16,16,0.0,PRONOSTIA,"(0.1, 30, 60)"
S3_units,Bearing2_2,16,16,0.0,PRONOSTIA,"(0.1, 30, 60)"
S3_units,Bearing2_2,16,16,0.0,PRONOSTIA,"(0.1, 30, 60)"
S3_units,Bearing2_2,16,16,0.0,PRONOSTIA,"(0.1, 30, 60)"
S3_units,Bearing2_2,16,16,0.0,PRONOSTIA,"(0.1, 30, 60)"
S3_units,Bearing2_2,16,16,0.0,PRONOSTIA,"(0.1, 30, 60)"
S3_units,Bearing2_2,16,16,0.0,PRONOSTIA,"(0.1, 30, 60)"
S3_units,Bearing2_2,16,16,0.0,PRONOSTIA,"(0.1, 30, 60)"
S3_units,Bearing2_2,16,16,0.0,PRONOSTIA,"(0.1, 30, 60)"
S3_units,Bearing2_2,16,16,0.0,PRONOSTIA,"(0.1, 30, 60)"
S3_units,Bearing2_2,16,16,0.0,PRONOSTIA,"(0.1, 30, 60)"
S3_units,Bearing2_2,16,16,0.0,PRONOSTIA,"(0.1, 30, 60)"
S3_units,Bearing2_2,16,16,0.0,PRONOSTIA,"(0.1, 30, 60)"
S3_units,Bearing2_2,16,16,0.0,PRONOSTIA,"(0.1, 30, 60)"
S3_units,Bearing2_2,16,16,0.0,PRONOSTIA,"(0.1, 30, 60)"
S3_units,Bearing2_2,16,16,0.0,PRONOSTIA,"(0.1, 30, 60)"
S3_units,Bearing2_2,16,16,0.0,PRONOSTIA,"(0.1, 30, 60)"
S3_units,Bearing2_2,16,16,0.0,PRONOSTIA,"(0.1, 30, 60)"
S3_units,Bearing2_2,16,16,0.0,PRONOSTIA,"(0.1, 30, 60)"
S3_units,Bearing2_2,16,16,0.0,PRONOSTIA,"(0.1, 30, 60)"
S3_units,Bearing2_2,16,16,0.0,PRONOSTIA,"(0.1, 30, 60)"
S3_units,Bearing2_2,16,16,0.0,PRONOSTIA,"(0.1, 30, 60)"
S3_units,Bearing2_2,16,16,0.0,PRONOSTIA,"(0.1, 30, 60)"
S3_units,Bearing2_2,16,16,0.0,PRONOSTIA,"(0.1, 30, 60)"
S3_units,Bearing2_2,16,16,0.0,PRONOSTIA,"(0.1, 30, 60)"
S3_units,Bearing2_2,16,16,0.0,PRONOSTIA,"(0.1, 30, 60)"
S3_units,Bearing2_2,16,16,0.0,PRONOSTIA,"(0.1, 30, 60)"
S3_units,Bearing2_3,20,1,0.48333333333333334,PRONOSTIA,"(0.1, 30, 60)"
S3_units,Bearing2_3,20,1,0.4,PRONOSTIA,"(0.1, 30, 60)"
S3_units,Bearing2_3,20,1,0.0,PRONOSTIA,"(0.1, 30, 60)"
S3_units,Bearing2_3,20,1,0.7666666666666667,PRONOSTIA,"(0.1, 30, 60)"
S3_units,Bearing2_3,20,1,0.0,PRONOSTIA,"(0.1, 30, 60)"
S3_units,Bearing2_3,20,1,0.31666666666666665,PRONOSTIA,"(0.1, 30, 60)"
S3_units,Bearing2_3,20,1,0.9666666666666667,PRONOSTIA,"(0.1, 30, 60)"
S3_units,Bearing2_3,20,1,0.23333333333333334,PRONOSTIA,"(0.1, 30, 60)"
S3_units,Bearing2_3,20,1,0.8166666666666667,PRONOSTIA,"(0.1, 30, 60)"
S3_units,Bearing2_3,20,1,0.11666666666666667,PRONOSTIA,"(0.1, 30, 60)"
S3_units,Bearing2_3,20,1,0.38333333333333336,PRONOSTIA,"(0.1, 30, 60)"
S3_units,Bearing2_3,20,1,0.5,PRONOSTIA,"(0.1, 30, 60)"
S3_units,Bearing2_3,20,1,0.11666666666666667,PRONOSTIA,"(0.1, 30, 60)"
S3_units,Bearing2_3,20,1,0.4,PRONOSTIA,"(0.1, 30, 60)"
S3_units,Bearing2_3,20,1,0.0,PRONOSTIA,"(0.1, 30, 60)"
S3_units,Bearing2_3,20,1,0.43333333333333335,PRONOSTIA,"(0.1, 30, 60)"
S3_units,Bearing2_3,20,1,0.65,PRONOSTIA,"(0.1, 30, 60)"
S3_units,Bearing2_3,20,1,0.8166666666666667,PRONOSTIA,"(0.1, 30, 60)"
S3_units,Bearing2_3,20,1,0.0,PRONOSTIA,"(0.1, 30, 60)"
S3_units,Bearing2_3,20,1,0.0,PRONOSTIA,"(0.1, 30, 60)"
S3_units,Bearing2_3,20,1,0.0,PRONOSTIA,"(0.1, 30, 60)"
S3_units,Bearing2_3,20,1,0.3333333333333333,PRONOSTIA,"(0.1, 30, 60)"
S3_units,Bearing2_3,20,1,0.43333333333333335,PRONOSTIA,"(0.1, 30, 60)"
S3_units,Bearing2_3,20,1,0.1,PRONOSTIA,"(0.1, 30, 60)"
S3_units,Bearing2_3,20,1,0.5333333333333333,PRONOSTIA,"(0.1, 30, 60)"
S3_units,Bearing2_3,20,1,0.8333333333333334,PRONOSTIA,"(0.1, 30, 60)"
S3_units,Bearing2_3,20,1,0.13333333333333333,PRONOSTIA,"(0.1, 30, 60)"
S3_units,Bearing2_3,20,1,0.8333333333333334,PRONOSTIA,"(0.1, 30, 60)"
S3_units,Bearing2_3,20,1,0.0,PRONOSTIA,"(0.1, 30, 60)"
S3_units,Bearing2_3,20,1,0.0,PRONOSTIA,"(0.1, 30, 60)"
S3_units,Bearing2_3,16,16,0.4166666666666667,PRONOSTIA,"(0.1, 30, 60)"
S3_units,Bearing2_3,16,16,0.05,PRONOSTIA,"(0.1, 30, 60)"
S3_units,Bearing2_3,16,16,0.21666666666666667,PRONOSTIA,"(0.1, 30, 60)"
S3_units,Bearing2_3,16,16,0.36666666666666664,PRONOSTIA,"(0.1, 30, 60)"
S3_units,Bearing2_3,16,16,0.35,PRONOSTIA,"(0.1, 30, 60)"
S3_units,Bearing2_3,16,16,0.03333333333333333,PRONOSTIA,"(0.1, 30, 60)"
S3_units,Bearing2_3,16,16,0.08333333333333333,PRONOSTIA,"(0.1, 30, 60)"
S3_units,Bearing2_3,16,16,0.3333333333333333,PRONOSTIA,"(0.1, 30, 60)"
S3_units,Bearing2_3,16,16,0.1,PRONOSTIA,"(0.1, 30, 60)"
S3_units,Bearing2_3,16,16,0.2,PRONOSTIA,"(0.1, 30, 60)"
S3_units,Bearing2_3,16,16,0.26666666666666666,PRONOSTIA,"(0.1, 30, 60)"
S3_units,Bearing2_3,16,16,0.4166666666666667,PRONOSTIA,"(0.1, 30, 60)"
S3_units,Bearing2_3,16,16,0.48333333333333334,PRONOSTIA,"(0.1, 30, 60)"
S3_units,Bearing2_3,16,16,0.36666666666666664,PRONOSTIA,"(0.1, 30, 60)"
S3_units,Bearing2_3,16,16,0.16666666666666666,PRONOSTIA,"(0.1, 30, 60)"
S3_units,Bearing2_3,16,16,0.6333333333333333,PRONOSTIA,"(0.1, 30, 60)"
S3_units,Bearing2_3,16,16,0.1,PRONOSTIA,"(0.1, 30, 60)"
S3_units,Bearing2_3,16,16,0.25,PRONOSTIA,"(0.1, 30, 60)"
S3_units,Bearing2_3,16,16,0.03333333333333333,PRONOSTIA,"(0.1, 30, 60)"
S3_units,Bearing2_3,16,16,0.03333333333333333,PRONOSTIA,"(0.1, 30, 60)"
S3_units,Bearing2_3,16,16,0.38333333333333336,PRONOSTIA,"(0.1, 30, 60)"
S3_units,Bearing2_3,16,16,0.11666666666666667,PRONOSTIA,"(0.1, 30, 60)"
S3_units,Bearing2_3,16,16,0.03333333333333333,PRONOSTIA,"(0.1, 30, 60)"
S3_units,Bearing2_3,16,16,0.23333333333333334,PRONOSTIA,"(0.1, 30, 60)"
S3_units,Bearing2_3,16,16,0.48333333333333334,PRONOSTIA,"(0.1, 30, 60)"
S3_units,Bearing2_3,16,16,0.35,PRONOSTIA,"(0.1, 30, 60)"
S3_units,Bearing2_3,16,16,0.1,PRONOSTIA,"(0.1, 30, 60)"
S3_units,Bearing2_3,16,16,0.03333333333333333,PRONOSTIA,"(0.1, 30, 60)"
S3_units,Bearing2_3,16,16,0.4,PRONOSTIA,"(0.1, 30, 60)"
S3_units,Bearing2_3,16,16,0.15,PRONOSTIA,"(0.1, 30, 60)"
S3_units,Bearing2_4,20,1,0.0,PRONOSTIA,"(0.1, 30, 60)"
S3_units,Bearing2_4,20,1,0.0,PRONOSTIA,"(0.1, 30, 60)"
S3_units,Bearing2_4,20,1,0.15,PRONOSTIA,"(0.1, 30, 60)"
S3_units,Bearing2_4,20,1,0.0,PRONOSTIA,"(0.1, 30, 60)"
S3_units,Bearing2_4,20,1,0.4,PRONOSTIA,"(0.1, 30, 60)"
S3_units,Bearing2_4,20,1,0.0,PRONOSTIA,"(0.1, 30, 60)"
S3_units,Bearing2_4,20,1,0.38333333333333336,PRONOSTIA,"(0.1, 30, 60)"
S3_units,Bearing2_4,20,1,0.0,PRONOSTIA,"(0.1, 30, 60)"
S3_units,Bearing2_4,20,1,0.0,PRONOSTIA,"(0.1, 30, 60)"
S3_units,Bearing2_4,20,1,0.0,PRONOSTIA,"(0.1, 30, 60)"
S3_units,Bearing2_4,20,1,0.0,PRONOSTIA,"(0.1, 30, 60)"
S3_units,Bearing2_4,20,1,0.016666666666666666,PRONOSTIA,"(0.1, 30, 60)"
S3_units,Bearing2_4,20,1,0.0,PRONOSTIA,"(0.1, 30, 60)"
S3_units,Bearing2_4,20,1,0.0,PRONOSTIA,"(0.1, 30, 60)"
S3_units,Bearing2_4,20,1,0.0,PRONOSTIA,"(0.1, 30, 60)"
S3_units,Bearing2_4,20,1,0.35,PRONOSTIA,"(0.1, 30, 60)"
S3_units,Bearing2_4,20,1,0.0,PRONOSTIA,"(0.1, 30, 60)"
S3_units,Bearing2_4,20,1,0.0,PRONOSTIA,"(0.1, 30, 60)"
S3_units,Bearing2_4,20,1,0.0,PRONOSTIA,"(0.1, 30, 60)"
S3_units,Bearing2_4,20,1,0.0,PRONOSTIA,"(0.1, 30, 60)"
S3_units,Bearing2_4,20,1,0.16666666666666666,PRONOSTIA,"(0.1, 30, 60)"
S3_units,Bearing2_4,20,1,0.13333333333333333,PRONOSTIA,"(0.1, 30, 60)"
S3_units,Bearing2_4,20,1,0.0,PRONOSTIA,"(0.1, 30, 60)"
S3_units,Bearing2_4,20,1,0.0,PRONOSTIA,"(0.1, 30, 60)"
S3_units,Bearing2_4,20,1,0.6833333333333333,PRONOSTIA,"(0.1, 30, 60)"
S3_units,Bearing2_4,20,1,0.0,PRONOSTIA,"(0.1, 30, 60)"
S3_units,Bearing2_4,20,1,0.43333333333333335,PRONOSTIA,"(0.1, 30, 60)"
S3_units,Bearing2_4,20,1,0.0,PRONOSTIA,"(0.1, 30, 60)"
S3_units,Bearing2_4,20,1,0.0,PRONOSTIA,"(0.1, 30, 60)"
S3_units,Bearing2_4,20,1,0.0,PRONOSTIA,"(0.1, 30, 60)"
S3_units,Bearing2_4,16,16,0.0,PRONOSTIA,"(0.1, 30, 60)"
S3_units,Bearing2_4,16,16,0.0,PRONOSTIA,"(0.1, 30, 60)"
S3_units,Bearing2_4,16,16,0.0,PRONOSTIA,"(0.1, 30, 60)"
S3_units,Bearing2_4,16,16,0.0,PRONOSTIA,"(0.1, 30, 60)"
S3_units,Bearing2_4,16,16,0.0,PRONOSTIA,"(0.1, 30, 60)"
S3_units,Bearing2_4,16,16,0.0,PRONOSTIA,"(0.1, 30, 60)"
S3_units,Bearing2_4,16,16,0.0,PRONOSTIA,"(0.1, 30, 60)"
S3_units,Bearing2_4,16,16,0.0,PRONOSTIA,"(0.1, 30, 60)"
S3_units,Bearing2_4,16,16,0.0,PRONOSTIA,"(0.1, 30, 60)"
S3_units,Bearing2_4,16,16,0.0,PRONOSTIA,"(0.1, 30, 60)"
S3_units,Bearing2_4,16,16,0.0,PRONOSTIA,"(0.1, 30, 60)"
S3_units,Bearing2_4,16,16,0.0,PRONOSTIA,"(0.1, 30, 60)"
S3_units,Bearing2_4,16,16,0.0,PRONOSTIA,"(0.1, 30, 60)"
S3_units,Bearing2_4,16,16,0.0,PRONOSTIA,"(0.1, 30, 60)"
S3_units,Bearing2_4,16,16,0.0,PRONOSTIA,"(0.1, 30, 60)"
S3_units,Bearing2_4,16,16,0.0,PRONOSTIA,"(0.1, 30, 60)"
S3_units,Bearing2_4,16,16,0.0,PRONOSTIA,"(0.1, 30, 60)"
S3_units,Bearing2_4,16,16,0.0,PRONOSTIA,"(0.1, 30, 60)"
S3_units,Bearing2_4,16,16,0.0,PRONOSTIA,"(0.1, 30, 60)"
S3_units,Bearing2_4,16,16,0.0,PRONOSTIA,"(0.1, 30, 60)"
S3_units,Bearing2_4,16,16,0.0,PRONOSTIA,"(0.1, 30, 60)"
S3_units,Bearing2_4,16,16,0.0,PRONOSTIA,"(0.1, 30, 60)"
S3_units,Bearing2_4,16,16,0.0,PRONOSTIA,"(0.1, 30, 60)"
S3_units,Bearing2_4,16,16,0.0,PRONOSTIA,"(0.1, 30, 60)"
S3_units,Bearing2_4,16,16,0.0,PRONOSTIA,"(0.1, 30, 60)"
S3_units,Bearing2_4,16,16,0.0,PRONOSTIA,"(0.1, 30, 60)"
S3_units,Bearing2_4,16,16,0.0,PRONOSTIA,"(0.1, 30, 60)"
S3_units,Bearing2_4,16,16,0.0,PRONOSTIA,"(0.1, 30, 60)"
S3_units,Bearing2_4,16,16,0.0,PRONOSTIA,"(0.1, 30, 60)"
S3_units,Bearing2_4,16,16,0.0,PRONOSTIA,"(0.1, 30, 60)"
S3_units,Bearing2_5,20,1,0.7833333333333333,PRONOSTIA,"(0.1, 30, 60)"
S3_units,Bearing2_5,20,1,0.21666666666666667,PRONOSTIA,"(0.1, 30, 60)"
S3_units,Bearing2_5,20,1,0.4166666666666667,PRONOSTIA,"(0.1, 30, 60)"
S3_units,Bearing2_5,20,1,0.5333333333333333,PRONOSTIA,"(0.1, 30, 60)"
S3_units,Bearing2_5,20,1,0.5833333333333334,PRONOSTIA,"(0.1, 30, 60)"
S3_units,Bearing2_5,20,1,0.05,PRONOSTIA,"(0.1, 30, 60)"
S3_units,Bearing2_5,20,1,0.5666666666666667,PRONOSTIA,"(0.1, 30, 60)"
S3_units,Bearing2_5,20,1,0.03333333333333333,PRONOSTIA,"(0.1, 30, 60)"
S3_units,Bearing2_5,20,1,0.2833333333333333,PRONOSTIA,"(0.1, 30, 60)"
S3_units,Bearing2_5,20,1,0.0,PRONOSTIA,"(0.1, 30, 60)"
S3_units,Bearing2_5,20,1,0.38333333333333336,PRONOSTIA,"(0.1, 30, 60)"
S3_units,Bearing2_5,20,1,0.26666666666666666,PRONOSTIA,"(0.1, 30, 60)"
S3_units,Bearing2_5,20,1,0.03333333333333333,PRONOSTIA,"(0.1, 30, 60)"
S3_units,Bearing2_5,20,1,0.0,PRONOSTIA,"(0.1, 30, 60)"
S3_units,Bearing2_5,20,1,0.5,PRONOSTIA,"(0.1, 30, 60)"
S3_units,Bearing2_5,20,1,0.0,PRONOSTIA,"(0.1, 30, 60)"
S3_units,Bearing2_5,20,1,0.016666666666666666,PRONOSTIA,"(0.1, 30, 60)"
S3_units,Bearing2_5,20,1,0.6666666666666666,PRONOSTIA,"(0.1, 30, 60)"
S3_units,Bearing2_5,20,1,0.0,PRONOSTIA,"(0.1, 30, 60)"
S3_units,Bearing2_5,20,1,0.7833333333333333,PRONOSTIA,"(0.1, 30, 60)"
S3_units,Bearing2_5,20,1,0.5,PRONOSTIA,"(0.1, 30, 60)"
S3_units,Bearing2_5,20,1,0.7166666666666667,PRONOSTIA,"(0.1, 30, 60)"
S3_units,Bearing2_5,20,1,0.05,PRONOSTIA,"(0.1, 30, 60)"
S3_units,Bearing2_5,20,1,0.05,PRONOSTIA,"(0.1, 30, 60)"
S3_units,Bearing2_5,20,1,0.7166666666666667,PRONOSTIA,"(0.1, 30, 60)"
S3_units,Bearing2_5,20,1,0.0,PRONOSTIA,"(0.1, 30, 60)"
S3_units,Bearing2_5,20,1,0.38333333333333336,PRONOSTIA,"(0.1, 30, 60)"
S3_units,Bearing2_5,20,1,0.9333333333333333,PRONOSTIA,"(0.1, 30, 60)"
S3_units,Bearing2_5,20,1,0.5666666666666667,PRONOSTIA,"(0.1, 30, 60)"
S3_units,Bearing2_5,20,1,0.7666666666666667,PRONOSTIA,"(0.1, 30, 60)"
S3_units,Bearing2_5,16,16,0.03333333333333333,PRONOSTIA,"(0.1, 30, 60)"
S3_units,Bearing2_5,16,16,0.6666666666666666,PRONOSTIA,"(0.1, 30, 60)"
S3_units,Bearing2_5,16,16,0.016666666666666666,PRONOSTIA,"(0.1, 30, 60)"
S3_units,Bearing2_5,16,16,0.0,PRONOSTIA,"(0.1, 30, 60)"
S3_units,Bearing2_5,16,16,0.0,PRONOSTIA,"(0.1, 30, 60)"
S3_units,Bearing2_5,16,16,0.0,PRONOSTIA,"(0.1, 30, 60)"
S3_units,Bearing2_5,16,16,0.0,PRONOSTIA,"(0.1, 30, 60)"
S3_units,Bearing2_5,16,16,0.36666666666666664,PRONOSTIA,"(0.1, 30, 60)"
S3_units,Bearing2_5,16,16,0.38333333333333336,PRONOSTIA,"(0.1, 30, 60)"
S3_units,Bearing2_5,16,16,0.05,PRONOSTIA,"(0.1, 30, 60)"
S3_units,Bearing2_5,16,16,0.03333333333333333,PRONOSTIA,"(0.1, 30, 60)"
S3_units,Bearing2_5,16,16,0.21666666666666667,PRONOSTIA,"(0.1, 30, 60)"
S3_units,Bearing2_5,16,16,0.03333333333333333,PRONOSTIA,"(0.1, 30, 60)"
S3_units,Bearing2_5,16,16,0.0,PRONOSTIA,"(0.1, 30, 60)"
S3_units,Bearing2_5,16,16,0.03333333333333333,PRONOSTIA,"(0.1, 30, 60)"
S3_units,Bearing2_5,16,16,0.55,PRONOSTIA,"(0.1, 30, 60)"
S3_units,Bearing2_5,16,16,0.5833333333333334,PRONOSTIA,"(0.1, 30, 60)"
S3_units,Bearing2_5,16,16,0.18333333333333332,PRONOSTIA,"(0.1, 30, 60)"
S3_units,Bearing2_5,16,16,0.016666666666666666,PRONOSTIA,"(0.1, 30, 60)"
S3_units,Bearing2_5,16,16,0.05,PRONOSTIA,"(0.1, 30, 60)"
S3_units,Bearing2_5,16,16,0.0,PRONOSTIA,"(0.1, 30, 60)"
S3_units,Bearing2_5,16,16,0.03333333333333333,PRONOSTIA,"(0.1, 30, 60)"
S3_units,Bearing2_5,16,16,0.0,PRONOSTIA,"(0.1, 30, 60)"
S3_units,Bearing2_5,16,16,0.48333333333333334,PRONOSTIA,"(0.1, 30, 60)"
S3_units,Bearing2_5,16,16,0.03333333333333333,PRONOSTIA,"(0.1, 30, 60)"
S3_units,Bearing2_5,16,16,0.35,PRONOSTIA,"(0.1, 30, 60)"
S3_units,Bearing2_5,16,16,0.016666666666666666,PRONOSTIA,"(0.1, 30, 60)"
S3_units,Bearing2_5,16,16,0.0,PRONOSTIA,"(0.1, 30, 60)"
S3_units,Bearing2_5,16,16,0.03333333333333333,PRONOSTIA,"(0.1, 30, 60)"
S3_units,Bearing2_5,16,16,0.3333333333333333,PRONOSTIA,"(0.1, 30, 60)"
S3_units,Bearing2_6,20,1,0.26666666666666666,PRONOSTIA,"(0.1, 30, 60)"
S3_units,Bearing2_6,20,1,0.31666666666666665,PRONOSTIA,"(0.1, 30, 60)"
S3_units,Bearing2_6,20,1,0.0,PRONOSTIA,"(0.1, 30, 60)"
S3_units,Bearing2_6,20,1,0.05,PRONOSTIA,"(0.1, 30, 60)"
S3_units,Bearing2_6,20,1,0.0,PRONOSTIA,"(0.1, 30, 60)"
S3_units,Bearing2_6,20,1,0.0,PRONOSTIA,"(0.1, 30, 60)"
S3_units,Bearing2_6,20,1,0.15,PRONOSTIA,"(0.1, 30, 60)"
S3_units,Bearing2_6,20,1,0.0,PRONOSTIA,"(0.1, 30, 60)"
S3_units,Bearing2_6,20,1,0.06666666666666667,PRONOSTIA,"(0.1, 30, 60)"
S3_units,Bearing2_6,20,1,0.0,PRONOSTIA,"(0.1, 30, 60)"
S3_units,Bearing2_6,20,1,0.0,PRONOSTIA,"(0.1, 30, 60)"
S3_units,Bearing2_6,20,1,0.21666666666666667,PRONOSTIA,"(0.1, 30, 60)"
S3_units,Bearing2_6,20,1,0.3,PRONOSTIA,"(0.1, 30, 60)"
S3_units,Bearing2_6,20,1,0.18333333333333332,PRONOSTIA,"(0.1, 30, 60)"
S3_units,Bearing2_6,20,1,0.21666666666666667,PRONOSTIA,"(0.1, 30, 60)"
S3_units,Bearing2_6,20,1,0.0,PRONOSTIA,"(0.1, 30, 60)"
S3_units,Bearing2_6,20,1,0.05,PRONOSTIA,"(0.1, 30, 60)"
S3_units,Bearing2_6,20,1,0.016666666666666666,PRONOSTIA,"(0.1, 30, 60)"
S3_units,Bearing2_6,20,1,0.0,PRONOSTIA,"(0.1, 30, 60)"
S3_units,Bearing2_6,20,1,0.7833333333333333,PRONOSTIA,"(0.1, 30, 60)"
S3_units,Bearing2_6,20,1,0.03333333333333333,PRONOSTIA,"(0.1, 30, 60)"
S3_units,Bearing2_6,20,1,0.2833333333333333,PRONOSTIA,"(0.1, 30, 60)"
S3_units,Bearing2_6,20,1,0.0,PRONOSTIA,"(0.1, 30, 60)"
S3_units,Bearing2_6,20,1,0.016666666666666666,PRONOSTIA,"(0.1, 30, 60)"
S3_units,Bearing2_6,20,1,0.2,PRONOSTIA,"(0.1, 30, 60)"
S3_units,Bearing2_6,20,1,0.0,PRONOSTIA,"(0.1, 30, 60)"
S3_units,Bearing2_6,20,1,0.0,PRONOSTIA,"(0.1, 30, 60)"
S3_units,Bearing2_6,20,1,0.0,PRONOSTIA,"(0.1, 30, 60)"
S3_units,Bearing2_6,20,1,0.65,PRONOSTIA,"(0.1, 30, 60)"
S3_units,Bearing2_6,20,1,0.0,PRONOSTIA,"(0.1, 30, 60)"
S3_units,Bearing2_6,16,16,0.0,PRONOSTIA,"(0.1, 30, 60)"
S3_units,Bearing2_6,16,16,0.0,PRONOSTIA,"(0.1, 30, 60)"
S3_units,Bearing2_6,16,16,0.0,PRONOSTIA,"(0.1, 30, 60)"
S3_units,Bearing2_6,16,16,0.0,PRONOSTIA,"(0.1, 30, 60)"
S3_units,Bearing2_6,16,16,0.016666666666666666,PRONOSTIA,"(0.1, 30, 60)"
S3_units,Bearing2_6,16,16,0.0,PRONOSTIA,"(0.1, 30, 60)"
S3_units,Bearing2_6,16,16,0.0,PRONOSTIA,"(0.1, 30, 60)"
S3_units,Bearing2_6,16,16,0.0,PRONOSTIA,"(0.1, 30, 60)"
S3_units,Bearing2_6,16,16,0.0,PRONOSTIA,"(0.1, 30, 60)"
S3_units,Bearing2_6,16,16,0.0,PRONOSTIA,"(0.1, 30, 60)"
S3_units,Bearing2_6,16,16,0.0,PRONOSTIA,"(0.1, 30, 60)"
S3_units,Bearing2_6,16,16,0.0,PRONOSTIA,"(0.1, 30, 60)"
S3_units,Bearing2_6,16,16,0.0,PRONOSTIA,"(0.1, 30, 60)"
S3_units,Bearing2_6,16,16,0.0,PRONOSTIA,"(0.1, 30, 60)"
S3_units,Bearing2_6,16,16,0.0,PRONOSTIA,"(0.1, 30, 60)"
S3_units,Bearing2_6,16,16,0.0,PRONOSTIA,"(0.1, 30, 60)"
S3_units,Bearing2_6,16,16,0.0,PRONOSTIA,"(0.1, 30, 60)"
S3_units,Bearing2_6,16,16,0.0,PRONOSTIA,"(0.1, 30, 60)"
S3_units,Bearing2_6,16,16,0.0,PRONOSTIA,"(0.1, 30, 60)"
S3_units,Bearing2_6,16,16,0.0,PRONOSTIA,"(0.1, 30, 60)"
S3_units,Bearing2_6,16,16,0.0,PRONOSTIA,"(0.1, 30, 60)"
S3_units,Bearing2_6,16,16,0.0,PRONOSTIA,"(0.1, 30, 60)"
S3_units,Bearing2_6,16,16,0.0,PRONOSTIA,"(0.1, 30, 60)"
S3_units,Bearing2_6,16,16,0.0,PRONOSTIA,"(0.1, 30, 60)"
S3_units,Bearing2_6,16,16,0.0,PRONOSTIA,"(0.1, 30, 60)"
S3_units,Bearing2_6,16,16,0.0,PRONOSTIA,"(0.1, 30, 60)"
S3_units,Bearing2_6,16,16,0.0,PRONOSTIA,"(0.1, 30, 60)"
S3_units,Bearing2_6,16,16,0.05,PRONOSTIA,"(0.1, 30, 60)"
S3_units,Bearing2_6,16,16,0.0,PRONOSTIA,"(0.1, 30, 60)"
S3_units,Bearing2_6,16,16,0.0,PRONOSTIA,"(0.1, 30, 60)"
S3_units,Bearing2_7,20,1,0.0,PRONOSTIA,"(0.1, 30, 60)"
S3_units,Bearing2_7,20,1,0.0,PRONOSTIA,"(0.1, 30, 60)"
S3_units,Bearing2_7,20,1,0.0,PRONOSTIA,"(0.1, 30, 60)"
S3_units,Bearing2_7,20,1,0.2,PRONOSTIA,"(0.1, 30, 60)"
S3_units,Bearing2_7,20,1,0.0,PRONOSTIA,"(0.1, 30, 60)"
S3_units,Bearing2_7,20,1,0.43333333333333335,PRONOSTIA,"(0.1, 30, 60)"
S3_units,Bearing2_7,20,1,0.0,PRONOSTIA,"(0.1, 30, 60)"
S3_units,Bearing2_7,20,1,0.26666666666666666,PRONOSTIA,"(0.1, 30, 60)"
S3_units,Bearing2_7,20,1,0.0,PRONOSTIA,"(0.1, 30, 60)"
S3_units,Bearing2_7,20,1,0.13333333333333333,PRONOSTIA,"(0.1, 30, 60)"
S3_units,Bearing2_7,20,1,0.16666666666666666,PRONOSTIA,"(0.1, 30, 60)"
S3_units,Bearing2_7,20,1,0.0,PRONOSTIA,"(0.1, 30, 60)"
S3_units,Bearing2_7,20,1,0.16666666666666666,PRONOSTIA,"(0.1, 30, 60)"
S3_units,Bearing2_7,20,1,0.3,PRONOSTIA,"(0.1, 30, 60)"
S3_units,Bearing2_7,20,1,0.16666666666666666,PRONOSTIA,"(0.1, 30, 60)"
S3_units,Bearing2_7,20,1,0.0,PRONOSTIA,"(0.1, 30, 60)"
S3_units,Bearing2_7,20,1,0.03333333333333333,PRONOSTIA,"(0.1, 30, 60)"
S3_units,Bearing2_7,20,1,0.3,PRONOSTIA,"(0.1, 30, 60)"
S3_units,Bearing2_7,20,1,0.0,PRONOSTIA,"(0.1, 30, 60)"
S3_units,Bearing2_7,20,1,0.36666666666666664,PRONOSTIA,"(0.1, 30, 60)"
S3_units,Bearing2_7,20,1,0.0,PRONOSTIA,"(0.1, 30, 60)"
S3_units,Bearing2_7,20,1,0.0,PRONOSTIA,"(0.1, 30, 60)"
S3_units,Bearing2_7,20,1,0.16666666666666666,PRONOSTIA,"(0.1, 30, 60)"
S3_units,Bearing2_7,20,1,0.0,PRONOSTIA,"(0.1, 30, 60)"
S3_units,Bearing2_7,20,1,0.23333333333333334,PRONOSTIA,"(0.1, 30, 60)"
S3_units,Bearing2_7,20,1,0.06666666666666667,PRONOSTIA,"(0.1, 30, 60)"
S3_units,Bearing2_7,20,1,0.1,PRONOSTIA,"(0.1, 30, 60)"
S3_units,Bearing2_7,20,1,0.1,PRONOSTIA,"(0.1, 30, 60)"
S3_units,Bearing2_7,20,1,0.5333333333333333,PRONOSTIA,"(0.1, 30, 60)"
S3_units,Bearing2_7,20,1,0.0,PRONOSTIA,"(0.1, 30, 60)"
S3_units,Bearing2_7,16,16,0.0,PRONOSTIA,"(0.1, 30, 60)"
S3_units,Bearing2_7,16,16,0.0,PRONOSTIA,"(0.1, 30, 60)"
S3_units,Bearing2_7,16,16,0.03333333333333333,PRONOSTIA,"(0.1, 30, 60)"
S3_units,Bearing2_7,16,16,0.0,PRONOSTIA,"(0.1, 30, 60)"
S3_units,Bearing2_7,16,16,0.0,PRONOSTIA,"(0.1, 30, 60)"
S3_units,Bearing2_7,16,16,0.0,PRONOSTIA,"(0.1, 30, 60)"
S3_units,Bearing2_7,16,16,0.0,PRONOSTIA,"(0.1, 30, 60)"
S3_units,Bearing2_7,16,16,0.0,PRONOSTIA,"(0.1, 30, 60)"
S3_units,Bearing2_7,16,16,0.0,PRONOSTIA,"(0.1, 30, 60)"
S3_units,Bearing2_7,16,16,0.0,PRONOSTIA,"(0.1, 30, 60)"
S3_units,Bearing2_7,16,16,0.0,PRONOSTIA,"(0.1, 30, 60)"
S3_units,Bearing2_7,16,16,0.0,PRONOSTIA,"(0.1, 30, 60)"
S3_units,Bearing2_7,16,16,0.0,PRONOSTIA,"(0.1, 30, 60)"
S3_units,Bearing2_7,16,16,0.0,PRONOSTIA,"(0.1, 30, 60)"
S3_units,Bearing2_7,16,16,0.0,PRONOSTIA,"(0.1, 30, 60)"
S3_units,Bearing2_7,16,16,0.0,PRONOSTIA,"(0.1, 30, 60)"
S3_units,Bearing2_7,16,16,0.0,PRONOSTIA,"(0.1, 30, 60)"
S3_units,Bearing2_7,16,16,0.0,PRONOSTIA,"(0.1, 30, 60)"
S3_units,Bearing2_7,16,16,0.0,PRONOSTIA,"(0.1, 30, 60)"
S3_units,Bearing2_7,16,16,0.0,PRONOSTIA,"(0.1, 30, 60)"
S3_units,Bearing2_7,16,16,0.0,PRONOSTIA,"(0.1, 30, 60)"
S3_units,Bearing2_7,16,16,0.0,PRONOSTIA,"(0.1, 30, 60)"
S3_units,Bearing2_7,16,16,0.0,PRONOSTIA,"(0.1, 30, 60)"
S3_units,Bearing2_7,16,16,0.0,PRONOSTIA,"(0.1, 30, 60)"
S3_units,Bearing2_7,16,16,0.0,PRONOSTIA,"(0.1, 30, 60)"
S3_units,Bearing2_7,16,16,0.0,PRONOSTIA,"(0.1, 30, 60)"
S3_units,Bearing2_7,16,16,0.0,PRONOSTIA,"(0.1, 30, 60)"
S3_units,Bearing2_7,16,16,0.0,PRONOSTIA,"(0.1, 30, 60)"
S3_units,Bearing2_7,16,16,0.0,PRONOSTIA,"(0.1, 30, 60)"
S3_units,Bearing2_7,16,16,0.0,PRONOSTIA,"(0.1, 30, 60)"
S3_units,Bearing3_1,20,1,0.43137254901960786,PRONOSTIA,"(0.1, 30, 60)"
S3_units,Bearing3_1,20,1,0.058823529411764705,PRONOSTIA,"(0.1, 30, 60)"
S3_units,Bearing3_1,20,1,0.0196078431372549,PRONOSTIA,"(0.1, 30, 60)"
S3_units,Bearing3_1,20,1,0.0,PRONOSTIA,"(0.1, 30, 60)"
S3_units,Bearing3_1,20,1,0.39215686274509803,PRONOSTIA,"(0.1, 30, 60)"
S3_units,Bearing3_1,20,1,0.21568627450980393,PRONOSTIA,"(0.1, 30, 60)"
S3_units,Bearing3_1,20,1,0.11764705882352941,PRONOSTIA,"(0.1, 30, 60)"
S3_units,Bearing3_1,20,1,0.5098039215686274,PRONOSTIA,"(0.1, 30, 60)"
S3_units,Bearing3_1,20,1,0.29411764705882354,PRONOSTIA,"(0.1, 30, 60)"
S3_units,Bearing3_1,20,1,0.0,PRONOSTIA,"(0.1, 30, 60)"
S3_units,Bearing3_1,20,1,0.21568627450980393,PRONOSTIA,"(0.1, 30, 60)"
S3_units,Bearing3_1,20,1,0.7647058823529411,PRONOSTIA,"(0.1, 30, 60)"
S3_units,Bearing3_1,20,1,0.5294117647058824,PRONOSTIA,"(0.1, 30, 60)"
S3_units,Bearing3_1,20,1,0.13725490196078433,PRONOSTIA,"(0.1, 30, 60)"
S3_units,Bearing3_1,20,1,0.0784313725490196,PRONOSTIA,"(0.1, 30, 60)"
S3_units,Bearing3_1,20,1,0.17647058823529413,PRONOSTIA,"(0.1, 30, 60)"
S3_units,Bearing3_1,20,1,0.0392156862745098,PRONOSTIA,"(0.1, 30, 60)"
S3_units,Bearing3_1,20,1,0.0,PRONOSTIA,"(0.1, 30, 60)"
S3_units,Bearing3_1,20,1,0.0196078431372549,PRONOSTIA,"(0.1, 30, 60)"
S3_units,Bearing3_1,20,1,0.0,PRONOSTIA,"(0.1, 30, 60)"
S3_units,Bearing3_1,20,1,0.23529411764705882,PRONOSTIA,"(0.1, 30, 60)"
S3_units,Bearing3_1,20,1,0.6078431372549019,PRONOSTIA,"(0.1, 30, 60)"
S3_units,Bearing3_1,20,1,0.7450980392156863,PRONOSTIA,"(0.1, 30, 60)"
S3_units,Bearing3_1,20,1,0.5882352941176471,PRONOSTIA,"(0.1, 30, 60)"
S3_units,Bearing3_1,20,1,0.6666666666666666,PRONOSTIA,"(0.1, 30, 60)"
S3_units,Bearing3_1,20,1,0.13725490196078433,PRONOSTIA,"(0.1, 30, 60)"
S3_units,Bearing3_1,20,1,0.0,PRONOSTIA,"(0.1, 30, 60)"
S3_units,Bearing3_1,20,1,0.0392156862745098,PRONOSTIA,"(0.1, 30, 60)"
S3_units,Bearing3_1,20,1,0.1568627450980392,PRONOSTIA,"(0.1, 30, 60)"
S3_units,Bearing3_1,20,1,0.0,PRONOSTIA,"(0.1, 30, 60)"
S3_units,Bearing3_1,16,16,0.0,PRONOSTIA,"(0.1, 30, 60)"
S3_units,Bearing3_1,16,16,0.17647058823529413,PRONOSTIA,"(0.1, 30, 60)"
S3_units,Bearing3_1,16,16,0.058823529411764705,PRONOSTIA,"(0.1, 30, 60)"
S3_units,Bearing3_1,16,16,0.0,PRONOSTIA,"(0.1, 30, 60)"
S3_units,Bearing3_1,16,16,0.0392156862745098,PRONOSTIA,"(0.1, 30, 60)"
S3_units,Bearing3_1,16,16,0.0,PRONOSTIA,"(0.1, 30, 60)"
S3_units,Bearing3_1,16,16,0.0196078431372549,PRONOSTIA,"(0.1, 30, 60)"
S3_units,Bearing3_1,16,16,0.09803921568627451,PRONOSTIA,"(0.1, 30, 60)"
S3_units,Bearing3_1,16,16,0.0,PRONOSTIA,"(0.1, 30, 60)"
S3_units,Bearing3_1,16,16,0.0392156862745098,PRONOSTIA,"(0.1, 30, 60)"
S3_units,Bearing3_1,16,16,0.0392156862745098,PRONOSTIA,"(0.1, 30, 60)"
S3_units,Bearing3_1,16,16,0.0,PRONOSTIA,"(0.1, 30, 60)"
S3_units,Bearing3_1,16,16,0.0392156862745098,PRONOSTIA,"(0.1, 30, 60)"
S3_units,Bearing3_1,16,16,0.0,PRONOSTIA,"(0.1, 30, 60)"
S3_units,Bearing3_1,16,16,0.0,PRONOSTIA,"(0.1, 30, 60)"
S3_units,Bearing3_1,16,16,0.058823529411764705,PRONOSTIA,"(0.1, 30, 60)"
S3_units,Bearing3_1,16,16,0.0,PRONOSTIA,"(0.1, 30, 60)"
S3_units,Bearing3_1,16,16,0.0,PRONOSTIA,"(0.1, 30, 60)"
S3_units,Bearing3_1,16,16,0.0196078431372549,PRONOSTIA,"(0.1, 30, 60)"
S3_units,Bearing3_1,16,16,0.0392156862745098,PRONOSTIA,"(0.1, 30, 60)"
S3_units,Bearing3_1,16,16,0.0,PRONOSTIA,"(0.1, 30, 60)"
S3_units,Bearing3_1,16,16,0.09803921568627451,PRONOSTIA,"(0.1, 30, 60)"
S3_units,Bearing3_1,16,16,0.0196078431372549,PRONOSTIA,"(0.1, 30, 60)"
S3_units,Bearing3_1,16,16,0.058823529411764705,PRONOSTIA,"(0.1, 30, 60)"
S3_units,Bearing3_1,16,16,0.0,PRONOSTIA,"(0.1, 30, 60)"
S3_units,Bearing3_1,16,16,0.11764705882352941,PRONOSTIA,"(0.1, 30, 60)"
S3_units,Bearing3_1,16,16,0.23529411764705882,PRONOSTIA,"(0.1, 30, 60)"
S3_units,Bearing3_1,16,16,0.0392156862745098,PRONOSTIA,"(0.1, 30, 60)"
S3_units,Bearing3_1,16,16,0.0196078431372549,PRONOSTIA,"(0.1, 30, 60)"
S3_units,Bearing3_1,16,16,0.35294117647058826,PRONOSTIA,"(0.1, 30, 60)"
S3_units,Bearing3_2,20,1,0.0,PRONOSTIA,"(0.1, 30, 60)"
S3_units,Bearing3_2,20,1,0.13333333333333333,PRONOSTIA,"(0.1, 30, 60)"
S3_units,Bearing3_2,20,1,0.11666666666666667,PRONOSTIA,"(0.1, 30, 60)"
S3_units,Bearing3_2,20,1,0.6166666666666667,PRONOSTIA,"(0.1, 30, 60)"
S3_units,Bearing3_2,20,1,0.0,PRONOSTIA,"(0.1, 30, 60)"
S3_units,Bearing3_2,20,1,0.0,PRONOSTIA,"(0.1, 30, 60)"
S3_units,Bearing3_2,20,1,0.03333333333333333,PRONOSTIA,"(0.1, 30, 60)"
S3_units,Bearing3_2,20,1,0.0,PRONOSTIA,"(0.1, 30, 60)"
S3_units,Bearing3_2,20,1,0.13333333333333333,PRONOSTIA,"(0.1, 30, 60)"
S3_units,Bearing3_2,20,1,0.0,PRONOSTIA,"(0.1, 30, 60)"
S3_units,Bearing3_2,20,1,0.13333333333333333,PRONOSTIA,"(0.1, 30, 60)"
S3_units,Bearing3_2,20,1,0.3333333333333333,PRONOSTIA,"(0.1, 30, 60)"
S3_units,Bearing3_2,20,1,0.55,PRONOSTIA,"(0.1, 30, 60)"
S3_units,Bearing3_2,20,1,0.06666666666666667,PRONOSTIA,"(0.1, 30, 60)"
S3_units,Bearing3_2,20,1,0.4166666666666667,PRONOSTIA,"(0.1, 30, 60)"
S3_units,Bearing3_2,20,1,0.0,PRONOSTIA,"(0.1, 30, 60)"
S3_units,Bearing3_2,20,1,0.03333333333333333,PRONOSTIA,"(0.1, 30, 60)"
S3_units,Bearing3_2,20,1,0.95,PRONOSTIA,"(0.1, 30, 60)"
S3_units,Bearing3_2,20,1,0.0,PRONOSTIA,"(0.1, 30, 60)"
S3_units,Bearing3_2,20,1,0.45,PRONOSTIA,"(0.1, 30, 60)"
S3_units,Bearing3_2,20,1,0.6833333333333333,PRONOSTIA,"(0.1, 30, 60)"
S3_units,Bearing3_2,20,1,0.03333333333333333,PRONOSTIA,"(0.1, 30, 60)"
S3_units,Bearing3_2,20,1,0.11666666666666667,PRONOSTIA,"(0.1, 30, 60)"
S3_units,Bearing3_2,20,1,0.15,PRONOSTIA,"(0.1, 30, 60)"
S3_units,Bearing3_2,20,1,0.08333333333333333,PRONOSTIA,"(0.1, 30, 60)"
S3_units,Bearing3_2,20,1,0.5333333333333333,PRONOSTIA,"(0.1, 30, 60)"
S3_units,Bearing3_2,20,1,0.016666666666666666,PRONOSTIA,"(0.1, 30, 60)"
S3_units,Bearing3_2,20,1,0.5,PRONOSTIA,"(0.1, 30, 60)"
S3_units,Bearing3_2,20,1,0.08333333333333333,PRONOSTIA,"(0.1, 30, 60)"
S3_units,Bearing3_2,20,1,0.9166666666666666,PRONOSTIA,"(0.1, 30, 60)"
S3_units,Bearing3_2,16,16,0.0,PRONOSTIA,"(0.1, 30, 60)"
S3_units,Bearing3_2,16,16,0.0,PRONOSTIA,"(0.1, 30, 60)"
S3_units,Bearing3_2,16,16,0.0,PRONOSTIA,"(0.1, 30, 60)"
S3_units,Bearing3_2,16,16,0.03333333333333333,PRONOSTIA,"(0.1, 30, 60)"
S3_units,Bearing3_2,16,16,0.0,PRONOSTIA,"(0.1, 30, 60)"
S3_units,Bearing3_2,16,16,0.0,PRONOSTIA,"(0.1, 30, 60)"
S3_units,Bearing3_2,16,16,0.1,PRONOSTIA,"(0.1, 30, 60)"
S3_units,Bearing3_2,16,16,0.0,PRONOSTIA,"(0.1, 30, 60)"
S3_units,Bearing3_2,16,16,0.0,PRONOSTIA,"(0.1, 30, 60)"
S3_units,Bearing3_2,16,16,0.016666666666666666,PRONOSTIA,"(0.1, 30, 60)"
S3_units,Bearing3_2,16,16,0.0,PRONOSTIA,"(0.1, 30, 60)"
S3_units,Bearing3_2,16,16,0.0,PRONOSTIA,"(0.1, 30, 60)"
S3_units,Bearing3_2,16,16,0.0,PRONOSTIA,"(0.1, 30, 60)"
S3_units,Bearing3_2,16,16,0.0,PRONOSTIA,"(0.1, 30, 60)"
S3_units,Bearing3_2,16,16,0.0,PRONOSTIA,"(0.1, 30, 60)"
S3_units,Bearing3_2,16,16,0.0,PRONOSTIA,"(0.1, 30, 60)"
S3_units,Bearing3_2,16,16,0.0,PRONOSTIA,"(0.1, 30, 60)"
S3_units,Bearing3_2,16,16,0.0,PRONOSTIA,"(0.1, 30, 60)"
S3_units,Bearing3_2,16,16,0.016666666666666666,PRONOSTIA,"(0.1, 30, 60)"
S3_units,Bearing3_2,16,16,0.0,PRONOSTIA,"(0.1, 30, 60)"
S3_units,Bearing3_2,16,16,0.0,PRONOSTIA,"(0.1, 30, 60)"
S3_units,Bearing3_2,16,16,0.0,PRONOSTIA,"(0.1, 30, 60)"
S3_units,Bearing3_2,16,16,0.016666666666666666,PRONOSTIA,"(0.1, 30, 60)"
S3_units,Bearing3_2,16,16,0.0,PRONOSTIA,"(0.1, 30, 60)"
S3_units,Bearing3_2,16,16,0.0,PRONOSTIA,"(0.1, 30, 60)"
S3_units,Bearing3_2,16,16,0.0,PRONOSTIA,"(0.1, 30, 60)"
S3_units,Bearing3_2,16,16,0.016666666666666666,PRONOSTIA,"(0.1, 30, 60)"
S3_units,Bearing3_2,16,16,0.0,PRONOSTIA,"(0.1, 30, 60)"
S3_units,Bearing3_2,16,16,0.13333333333333333,PRONOSTIA,"(0.1, 30, 60)"
S3_units,Bearing3_2,16,16,0.03333333333333333,PRONOSTIA,"(0.1, 30, 60)"
S3_units,Bearing3_3,20,1,0.0,PRONOSTIA,"(0.1, 30, 60)"
S3_units,Bearing3_3,20,1,0.5581395348837209,PRONOSTIA,"(0.1, 30, 60)"
S3_units,Bearing3_3,20,1,0.09302325581395349,PRONOSTIA,"(0.1, 30, 60)"
S3_units,Bearing3_3,20,1,0.32558139534883723,PRONOSTIA,"(0.1, 30, 60)"
S3_units,Bearing3_3,20,1,0.16279069767441862,PRONOSTIA,"(0.1, 30, 60)"
S3_units,Bearing3_3,20,1,0.023255813953488372,PRONOSTIA,"(0.1, 30, 60)"
S3_units,Bearing3_3,20,1,0.023255813953488372,PRONOSTIA,"(0.1, 30, 60)"
S3_units,Bearing3_3,20,1,0.13953488372093023,PRONOSTIA,"(0.1, 30, 60)"
S3_units,Bearing3_3,20,1,0.06976744186046512,PRONOSTIA,"(0.1, 30, 60)"
S3_units,Bearing3_3,20,1,0.0,PRONOSTIA,"(0.1, 30, 60)"
S3_units,Bearing3_3,20,1,0.18604651162790697,PRONOSTIA,"(0.1, 30, 60)"
S3_units,Bearing3_3,20,1,0.046511627906976744,PRONOSTIA,"(0.1, 30, 60)"
S3_units,Bearing3_3,20,1,0.16279069767441862,PRONOSTIA,"(0.1, 30, 60)"
S3_units,Bearing3_3,20,1,0.0,PRONOSTIA,"(0.1, 30, 60)"
S3_units,Bearing3_3,20,1,0.16279069767441862,PRONOSTIA,"(0.1, 30, 60)"
S3_units,Bearing3_3,20,1,0.0,PRONOSTIA,"(0.1, 30, 60)"
S3_units,Bearing3_3,20,1,0.5813953488372093,PRONOSTIA,"(0.1, 30, 60)"
S3_units,Bearing3_3,20,1,0.16279069767441862,PRONOSTIA,"(0.1, 30, 60)"
S3_units,Bearing3_3,20,1,0.3488372093023256,PRONOSTIA,"(0.1, 30, 60)"
S3_units,Bearing3_3,20,1,0.13953488372093023,PRONOSTIA,"(0.1, 30, 60)"
S3_units,Bearing3_3,20,1,0.0,PRONOSTIA,"(0.1, 30, 60)"
S3_units,Bearing3_3,20,1,0.046511627906976744,PRONOSTIA,"(0.1, 30, 60)"
S3_units,Bearing3_3,20,1,0.0,PRONOSTIA,"(0.1, 30, 60)"
S3_units,Bearing3_3,20,1,0.9534883720930233,PRONOSTIA,"(0.1, 30, 60)"
S3_units,Bearing3_3,20,1,0.7209302325581395,PRONOSTIA,"(0.1, 30, 60)"
S3_units,Bearing3_3,20,1,0.4186046511627907,PRONOSTIA,"(0.1, 30, 60)"
S3_units,Bearing3_3,20,1,0.023255813953488372,PRONOSTIA,"(0.1, 30, 60)"
S3_units,Bearing3_3,20,1,0.0,PRONOSTIA,"(0.1, 30, 60)"
S3_units,Bearing3_3,20,1,0.7906976744186046,PRONOSTIA,"(0.1, 30, 60)"
S3_units,Bearing3_3,20,1,0.046511627906976744,PRONOSTIA,"(0.1, 30, 60)"
S3_units,Bearing3_3,16,16,0.0,PRONOSTIA,"(0.1, 30, 60)"
S3_units,Bearing3_3,16,16,0.0,PRONOSTIA,"(0.1, 30, 60)"
S3_units,Bearing3_3,16,16,0.23255813953488372,PRONOSTIA,"(0.1, 30, 60)"
S3_units,Bearing3_3,16,16,0.023255813953488372,PRONOSTIA,"(0.1, 30, 60)"
S3_units,Bearing3_3,16,16,0.18604651162790697,PRONOSTIA,"(0.1, 30, 60)"
S3_units,Bearing3_3,16,16,0.023255813953488372,PRONOSTIA,"(0.1, 30, 60)"
S3_units,Bearing3_3,16,16,0.0,PRONOSTIA,"(0.1, 30, 60)"
S3_units,Bearing3_3,16,16,0.0,PRONOSTIA,"(0.1, 30, 60)"
S3_units,Bearing3_3,16,16,0.046511627906976744,PRONOSTIA,"(0.1, 30, 60)"
S3_units,Bearing3_3,16,16,0.0,PRONOSTIA,"(0.1, 30, 60)"
S3_units,Bearing3_3,16,16,0.0,PRONOSTIA,"(0.1, 30, 60)"
S3_units,Bearing3_3,16,16,0.046511627906976744,PRONOSTIA,"(0.1, 30, 60)"
S3_units,Bearing3_3,16,16,0.0,PRONOSTIA,"(0.1, 30, 60)"
S3_units,Bearing3_3,16,16,0.0,PRONOSTIA,"(0.1, 30, 60)"
S3_units,Bearing3_3,16,16,0.0,PRONOSTIA,"(0.1, 30, 60)"
S3_units,Bearing3_3,16,16,0.023255813953488372,PRONOSTIA,"(0.1, 30, 60)"
S3_units,Bearing3_3,16,16,0.0,PRONOSTIA,"(0.1, 30, 60)"
S3_units,Bearing3_3,16,16,0.046511627906976744,PRONOSTIA,"(0.1, 30, 60)"
S3_units,Bearing3_3,16,16,0.0,PRONOSTIA,"(0.1, 30, 60)"
S3_units,Bearing3_3,16,16,0.0,PRONOSTIA,"(0.1, 30, 60)"
S3_units,Bearing3_3,16,16,0.0,PRONOSTIA,"(0.1, 30, 60)"
S3_units,Bearing3_3,16,16,0.0,PRONOSTIA,"(0.1, 30, 60)"
S3_units,Bearing3_3,16,16,0.06976744186046512,PRONOSTIA,"(0.1, 30, 60)"
S3_units,Bearing3_3,16,16,0.0,PRONOSTIA,"(0.1, 30, 60)"
S3_units,Bearing3_3,16,16,0.0,PRONOSTIA,"(0.1, 30, 60)"
S3_units,Bearing3_3,16,16,0.0,PRONOSTIA,"(0.1, 30, 60)"
S3_units,Bearing3_3,16,16,0.0,PRONOSTIA,"(0.1, 30, 60)"
S3_units,Bearing3_3,16,16,0.0,PRONOSTIA,"(0.1, 30, 60)"
S3_units,Bearing3_3,16,16,0.0,PRONOSTIA,"(0.1, 30, 60)"
S3_units,Bearing3_3,16,16,0.046511627906976744,PRONOSTIA,"(0.1, 30, 60)"
S3_units,Bearing1_1,20,1,1.0,XJTU-SY,"(0.1, 30, 60)"
S3_units,Bearing1_1,20,1,0.7333333333333333,XJTU-SY,"(0.1, 30, 60)"
S3_units,Bearing1_1,20,1,1.0,XJTU-SY,"(0.1, 30, 60)"
S3_units,Bearing1_1,20,1,0.9333333333333333,XJTU-SY,"(0.1, 30, 60)"
S3_units,Bearing1_1,20,1,1.0,XJTU-SY,"(0.1, 30, 60)"
S3_units,Bearing1_1,20,1,1.0,XJTU-SY,"(0.1, 30, 60)"
S3_units,Bearing1_1,20,1,0.9666666666666667,XJTU-SY,"(0.1, 30, 60)"
S3_units,Bearing1_1,20,1,0.0,XJTU-SY,"(0.1, 30, 60)"
S3_units,Bearing1_1,20,1,0.7,XJTU-SY,"(0.1, 30, 60)"
S3_units,Bearing1_1,20,1,0.9666666666666667,XJTU-SY,"(0.1, 30, 60)"
S3_units,Bearing1_1,20,1,0.6666666666666666,XJTU-SY,"(0.1, 30, 60)"
S3_units,Bearing1_1,20,1,0.0,XJTU-SY,"(0.1, 30, 60)"
S3_units,Bearing1_1,20,1,1.0,XJTU-SY,"(0.1, 30, 60)"
S3_units,Bearing1_1,20,1,0.0,XJTU-SY,"(0.1, 30, 60)"
S3_units,Bearing1_1,20,1,0.9666666666666667,XJTU-SY,"(0.1, 30, 60)"
S3_units,Bearing1_1,20,1,0.7,XJTU-SY,"(0.1, 30, 60)"
S3_units,Bearing1_1,20,1,0.7,XJTU-SY,"(0.1, 30, 60)"
S3_units,Bearing1_1,20,1,0.8,XJTU-SY,"(0.1, 30, 60)"
S3_units,Bearing1_1,20,1,0.8,XJTU-SY,"(0.1, 30, 60)"
S3_units,Bearing1_1,20,1,0.8,XJTU-SY,"(0.1, 30, 60)"
S3_units,Bearing1_1,20,1,1.0,XJTU-SY,"(0.1, 30, 60)"
S3_units,Bearing1_1,20,1,0.0,XJTU-SY,"(0.1, 30, 60)"
S3_units,Bearing1_1,20,1,1.0,XJTU-SY,"(0.1, 30, 60)"
S3_units,Bearing1_1,20,1,1.0,XJTU-SY,"(0.1, 30, 60)"
S3_units,Bearing1_1,20,1,0.6333333333333333,XJTU-SY,"(0.1, 30, 60)"
S3_units,Bearing1_1,20,1,1.0,XJTU-SY,"(0.1, 30, 60)"
S3_units,Bearing1_1,20,1,0.7,XJTU-SY,"(0.1, 30, 60)"
S3_units,Bearing1_1,20,1,1.0,XJTU-SY,"(0.1, 30, 60)"
S3_units,Bearing1_1,20,1,0.9666666666666667,XJTU-SY,"(0.1, 30, 60)"
S3_units,Bearing1_1,20,1,0.9666666666666667,XJTU-SY,"(0.1, 30, 60)"
S3_units,Bearing1_1,11,11,0.06666666666666667,XJTU-SY,"(0.1, 30, 60)"
S3_units,Bearing1_1,11,11,0.7333333333333333,XJTU-SY,"(0.1, 30, 60)"
S3_units,Bearing1_1,11,11,0.7333333333333333,XJTU-SY,"(0.1, 30, 60)"
S3_units,Bearing1_1,11,11,0.6333333333333333,XJTU-SY,"(0.1, 30, 60)"
S3_units,Bearing1_1,11,11,0.7,XJTU-SY,"(0.1, 30, 60)"
S3_units,Bearing1_1,11,11,0.6666666666666666,XJTU-SY,"(0.1, 30, 60)"
S3_units,Bearing1_1,11,11,0.7,XJTU-SY,"(0.1, 30, 60)"
S3_units,Bearing1_1,11,11,0.7333333333333333,XJTU-SY,"(0.1, 30, 60)"
S3_units,Bearing1_1,11,11,0.7,XJTU-SY,"(0.1, 30, 60)"
S3_units,Bearing1_1,11,11,0.7333333333333333,XJTU-SY,"(0.1, 30, 60)"
S3_units,Bearing1_1,11,11,0.6666666666666666,XJTU-SY,"(0.1, 30, 60)"
S3_units,Bearing1_1,11,11,0.7666666666666667,XJTU-SY,"(0.1, 30, 60)"
S3_units,Bearing1_1,11,11,0.7,XJTU-SY,"(0.1, 30, 60)"
S3_units,Bearing1_1,11,11,0.6666666666666666,XJTU-SY,"(0.1, 30, 60)"
S3_units,Bearing1_1,11,11,0.7666666666666667,XJTU-SY,"(0.1, 30, 60)"
S3_units,Bearing1_1,11,11,0.7,XJTU-SY,"(0.1, 30, 60)"
S3_units,Bearing1_1,11,11,0.7333333333333333,XJTU-SY,"(0.1, 30, 60)"
S3_units,Bearing1_1,11,11,0.6333333333333333,XJTU-SY,"(0.1, 30, 60)"
S3_units,Bearing1_1,11,11,0.7,XJTU-SY,"(0.1, 30, 60)"
S3_units,Bearing1_1,11,11,0.6666666666666666,XJTU-SY,"(0.1, 30, 60)"
S3_units,Bearing1_1,11,11,0.7333333333333333,XJTU-SY,"(0.1, 30, 60)"
S3_units,Bearing1_1,11,11,0.6666666666666666,XJTU-SY,"(0.1, 30, 60)"
S3_units,Bearing1_1,11,11,0.6333333333333333,XJTU-SY,"(0.1, 30, 60)"
S3_units,Bearing1_1,11,11,0.6333333333333333,XJTU-SY,"(0.1, 30, 60)"
S3_units,Bearing1_1,11,11,0.6666666666666666,XJTU-SY,"(0.1, 30, 60)"
S3_units,Bearing1_1,11,11,0.6666666666666666,XJTU-SY,"(0.1, 30, 60)"
S3_units,Bearing1_1,11,11,0.6333333333333333,XJTU-SY,"(0.1, 30, 60)"
S3_units,Bearing1_1,11,11,0.6333333333333333,XJTU-SY,"(0.1, 30, 60)"
S3_units,Bearing1_1,11,11,0.7666666666666667,XJTU-SY,"(0.1, 30, 60)"
S3_units,Bearing1_1,11,11,0.6666666666666666,XJTU-SY,"(0.1, 30, 60)"
S3_units,Bearing1_2,20,1,0.9666666666666667,XJTU-SY,"(0.1, 30, 60)"
S3_units,Bearing1_2,20,1,0.9666666666666667,XJTU-SY,"(0.1, 30, 60)"
S3_units,Bearing1_2,20,1,1.0,XJTU-SY,"(0.1, 30, 60)"
S3_units,Bearing1_2,20,1,1.0,XJTU-SY,"(0.1, 30, 60)"
S3_units,Bearing1_2,20,1,1.0,XJTU-SY,"(0.1, 30, 60)"
S3_units,Bearing1_2,20,1,1.0,XJTU-SY,"(0.1, 30, 60)"
S3_units,Bearing1_2,20,1,1.0,XJTU-SY,"(0.1, 30, 60)"
S3_units,Bearing1_2,20,1,0.1,XJTU-SY,"(0.1, 30, 60)"
S3_units,Bearing1_2,20,1,1.0,XJTU-SY,"(0.1, 30, 60)"
S3_units,Bearing1_2,20,1,1.0,XJTU-SY,"(0.1, 30, 60)"
S3_units,Bearing1_2,20,1,1.0,XJTU-SY,"(0.1, 30, 60)"
S3_units,Bearing1_2,20,1,1.0,XJTU-SY,"(0.1, 30, 60)"
S3_units,Bearing1_2,20,1,1.0,XJTU-SY,"(0.1, 30, 60)"
S3_units,Bearing1_2,20,1,0.6,XJTU-SY,"(0.1, 30, 60)"
S3_units,Bearing1_2,20,1,0.03333333333333333,XJTU-SY,"(0.1, 30, 60)"
S3_units,Bearing1_2,20,1,1.0,XJTU-SY,"(0.1, 30, 60)"
S3_units,Bearing1_2,20,1,0.0,XJTU-SY,"(0.1, 30, 60)"
S3_units,Bearing1_2,20,1,0.9666666666666667,XJTU-SY,"(0.1, 30, 60)"
S3_units,Bearing1_2,20,1,0.06666666666666667,XJTU-SY,"(0.1, 30, 60)"
S3_units,Bearing1_2,20,1,1.0,XJTU-SY,"(0.1, 30, 60)"
S3_units,Bearing1_2,20,1,0.9666666666666667,XJTU-SY,"(0.1, 30, 60)"
S3_units,Bearing1_2,20,1,0.0,XJTU-SY,"(0.1, 30, 60)"
S3_units,Bearing1_2,20,1,1.0,XJTU-SY,"(0.1, 30, 60)"
S3_units,Bearing1_2,20,1,1.0,XJTU-SY,"(0.1, 30, 60)"
S3_units,Bearing1_2,20,1,0.9666666666666667,XJTU-SY,"(0.1, 30, 60)"
S3_units,Bearing1_2,20,1,1.0,XJTU-SY,"(0.1, 30, 60)"
S3_units,Bearing1_2,20,1,0.16666666666666666,XJTU-SY,"(0.1, 30, 60)"
S3_units,Bearing1_2,20,1,0.0,XJTU-SY,"(0.1, 30, 60)"
S3_units,Bearing1_2,20,1,0.9666666666666667,XJTU-SY,"(0.1, 30, 60)"
S3_units,Bearing1_2,20,1,0.3333333333333333,XJTU-SY,"(0.1, 30, 60)"
S3_units,Bearing1_2,11,11,0.0,XJTU-SY,"(0.1, 30, 60)"
S3_units,Bearing1_2,11,11,0.0,XJTU-SY,"(0.1, 30, 60)"
S3_units,Bearing1_2,11,11,0.0,XJTU-SY,"(0.1, 30, 60)"
S3_units,Bearing1_2,11,11,0.0,XJTU-SY,"(0.1, 30, 60)"
S3_units,Bearing1_2,11,11,0.0,XJTU-SY,"(0.1, 30, 60)"
S3_units,Bearing1_2,11,11,0.0,XJTU-SY,"(0.1, 30, 60)"
S3_units,Bearing1_2,11,11,0.0,XJTU-SY,"(0.1, 30, 60)"
S3_units,Bearing1_2,11,11,0.06666666666666667,XJTU-SY,"(0.1, 30, 60)"
S3_units,Bearing1_2,11,11,0.0,XJTU-SY,"(0.1, 30, 60)"
S3_units,Bearing1_2,11,11,0.0,XJTU-SY,"(0.1, 30, 60)"
S3_units,Bearing1_2,11,11,0.0,XJTU-SY,"(0.1, 30, 60)"
S3_units,Bearing1_2,11,11,0.0,XJTU-SY,"(0.1, 30, 60)"
S3_units,Bearing1_2,11,11,0.0,XJTU-SY,"(0.1, 30, 60)"
S3_units,Bearing1_2,11,11,0.0,XJTU-SY,"(0.1, 30, 60)"
S3_units,Bearing1_2,11,11,0.0,XJTU-SY,"(0.1, 30, 60)"
S3_units,Bearing1_2,11,11,0.0,XJTU-SY,"(0.1, 30, 60)"
S3_units,Bearing1_2,11,11,0.0,XJTU-SY,"(0.1, 30, 60)"
S3_units,Bearing1_2,11,11,0.0,XJTU-SY,"(0.1, 30, 60)"
S3_units,Bearing1_2,11,11,0.0,XJTU-SY,"(0.1, 30, 60)"
S3_units,Bearing1_2,11,11,0.0,XJTU-SY,"(0.1, 30, 60)"
S3_units,Bearing1_2,11,11,0.0,XJTU-SY,"(0.1, 30, 60)"
S3_units,Bearing1_2,11,11,0.0,XJTU-SY,"(0.1, 30, 60)"
S3_units,Bearing1_2,11,11,0.0,XJTU-SY,"(0.1, 30, 60)"
S3_units,Bearing1_2,11,11,0.06666666666666667,XJTU-SY,"(0.1, 30, 60)"
S3_units,Bearing1_2,11,11,0.0,XJTU-SY,"(0.1, 30, 60)"
S3_units,Bearing1_2,11,11,0.0,XJTU-SY,"(0.1, 30, 60)"
S3_units,Bearing1_2,11,11,0.0,XJTU-SY,"(0.1, 30, 60)"
S3_units,Bearing1_2,11,11,0.0,XJTU-SY,"(0.1, 30, 60)"
S3_units,Bearing1_2,11,11,0.0,XJTU-SY,"(0.1, 30, 60)"
S3_units,Bearing1_2,11,11,0.0,XJTU-SY,"(0.1, 30, 60)"
S3_units,Bearing1_3,20,1,0.0,XJTU-SY,"(0.1, 30, 60)"
S3_units,Bearing1_3,20,1,0.0,XJTU-SY,"(0.1, 30, 60)"
S3_units,Bearing1_3,20,1,0.0,XJTU-SY,"(0.1, 30, 60)"
S3_units,Bearing1_3,20,1,0.03333333333333333,XJTU-SY,"(0.1, 30, 60)"
S3_units,Bearing1_3,20,1,0.5,XJTU-SY,"(0.1, 30, 60)"
S3_units,Bearing1_3,20,1,0.1,XJTU-SY,"(0.1, 30, 60)"
S3_units,Bearing1_3,20,1,0.0,XJTU-SY,"(0.1, 30, 60)"
S3_units,Bearing1_3,20,1,0.06666666666666667,XJTU-SY,"(0.1, 30, 60)"
S3_units,Bearing1_3,20,1,0.16666666666666666,XJTU-SY,"(0.1, 30, 60)"
S3_units,Bearing1_3,20,1,0.0,XJTU-SY,"(0.1, 30, 60)"
S3_units,Bearing1_3,20,1,1.0,XJTU-SY,"(0.1, 30, 60)"
S3_units,Bearing1_3,20,1,0.7,XJTU-SY,"(0.1, 30, 60)"
S3_units,Bearing1_3,20,1,0.0,XJTU-SY,"(0.1, 30, 60)"
S3_units,Bearing1_3,20,1,0.0,XJTU-SY,"(0.1, 30, 60)"
S3_units,Bearing1_3,20,1,0.0,XJTU-SY,"(0.1, 30, 60)"
S3_units,Bearing1_3,20,1,0.0,XJTU-SY,"(0.1, 30, 60)"
S3_units,Bearing1_3,20,1,0.23333333333333334,XJTU-SY,"(0.1, 30, 60)"
S3_units,Bearing1_3,20,1,1.0,XJTU-SY,"(0.1, 30, 60)"
S3_units,Bearing1_3,20,1,0.13333333333333333,XJTU-SY,"(0.1, 30, 60)"
S3_units,Bearing1_3,20,1,0.6,XJTU-SY,"(0.1, 30, 60)"
S3_units,Bearing1_3,20,1,0.13333333333333333,XJTU-SY,"(0.1, 30, 60)"
S3_units,Bearing1_3,20,1,0.0,XJTU-SY,"(0.1, 30, 60)"
S3_units,Bearing1_3,20,1,0.0,XJTU-SY,"(0.1, 30, 60)"
S3_units,Bearing1_3,20,1,1.0,XJTU-SY,"(0.1, 30, 60)"
S3_units,Bearing1_3,20,1,1.0,XJTU-SY,"(0.1, 30, 60)"
S3_units,Bearing1_3,20,1,1.0,XJTU-SY,"(0.1, 30, 60)"
S3_units,Bearing1_3,20,1,1.0,XJTU-SY,"(0.1, 30, 60)"
S3_units,Bearing1_3,20,1,0.0,XJTU-SY,"(0.1, 30, 60)"
S3_units,Bearing1_3,20,1,1.0,XJTU-SY,"(0.1, 30, 60)"
S3_units,Bearing1_3,20,1,1.0,XJTU-SY,"(0.1, 30, 60)"
S3_units,Bearing1_3,11,11,0.0,XJTU-SY,"(0.1, 30, 60)"
S3_units,Bearing1_3,11,11,0.0,XJTU-SY,"(0.1, 30, 60)"
S3_units,Bearing1_3,11,11,0.0,XJTU-SY,"(0.1, 30, 60)"
S3_units,Bearing1_3,11,11,0.0,XJTU-SY,"(0.1, 30, 60)"
S3_units,Bearing1_3,11,11,0.0,XJTU-SY,"(0.1, 30, 60)"
S3_units,Bearing1_3,11,11,0.0,XJTU-SY,"(0.1, 30, 60)"
S3_units,Bearing1_3,11,11,0.0,XJTU-SY,"(0.1, 30, 60)"
S3_units,Bearing1_3,11,11,0.0,XJTU-SY,"(0.1, 30, 60)"
S3_units,Bearing1_3,11,11,0.0,XJTU-SY,"(0.1, 30, 60)"
S3_units,Bearing1_3,11,11,0.0,XJTU-SY,"(0.1, 30, 60)"
S3_units,Bearing1_3,11,11,0.0,XJTU-SY,"(0.1, 30, 60)"
S3_units,Bearing1_3,11,11,0.0,XJTU-SY,"(0.1, 30, 60)"
S3_units,Bearing1_3,11,11,0.0,XJTU-SY,"(0.1, 30, 60)"
S3_units,Bearing1_3,11,11,0.0,XJTU-SY,"(0.1, 30, 60)"
S3_units,Bearing1_3,11,11,0.0,XJTU-SY,"(0.1, 30, 60)"
S3_units,Bearing1_3,11,11,0.0,XJTU-SY,"(0.1, 30, 60)"
S3_units,Bearing1_3,11,11,0.0,XJTU-SY,"(0.1, 30, 60)"
S3_units,Bearing1_3,11,11,0.0,XJTU-SY,"(0.1, 30, 60)"
S3_units,Bearing1_3,11,11,0.0,XJTU-SY,"(0.1, 30, 60)"
S3_units,Bearing1_3,11,11,0.0,XJTU-SY,"(0.1, 30, 60)"
S3_units,Bearing1_3,11,11,0.0,XJTU-SY,"(0.1, 30, 60)"
S3_units,Bearing1_3,11,11,0.0,XJTU-SY,"(0.1, 30, 60)"
S3_units,Bearing1_3,11,11,0.0,XJTU-SY,"(0.1, 30, 60)"
S3_units,Bearing1_3,11,11,0.0,XJTU-SY,"(0.1, 30, 60)"
S3_units,Bearing1_3,11,11,0.0,XJTU-SY,"(0.1, 30, 60)"
S3_units,Bearing1_3,11,11,0.0,XJTU-SY,"(0.1, 30, 60)"
S3_units,Bearing1_3,11,11,0.0,XJTU-SY,"(0.1, 30, 60)"
S3_units,Bearing1_3,11,11,0.0,XJTU-SY,"(0.1, 30, 60)"
S3_units,Bearing1_3,11,11,0.0,XJTU-SY,"(0.1, 30, 60)"
S3_units,Bearing1_3,11,11,0.0,XJTU-SY,"(0.1, 30, 60)"
S3_units,Bearing1_4,20,1,0.9666666666666667,XJTU-SY,"(0.1, 30, 60)"
S3_units,Bearing1_4,20,1,1.0,XJTU-SY,"(0.1, 30, 60)"
S3_units,Bearing1_4,20,1,0.06666666666666667,XJTU-SY,"(0.1, 30, 60)"
S3_units,Bearing1_4,20,1,1.0,XJTU-SY,"(0.1, 30, 60)"
S3_units,Bearing1_4,20,1,0.26666666666666666,XJTU-SY,"(0.1, 30, 60)"
S3_units,Bearing1_4,20,1,0.6333333333333333,XJTU-SY,"(0.1, 30, 60)"
S3_units,Bearing1_4,20,1,0.06666666666666667,XJTU-SY,"(0.1, 30, 60)"
S3_units,Bearing1_4,20,1,0.9666666666666667,XJTU-SY,"(0.1, 30, 60)"
S3_units,Bearing1_4,20,1,0.0,XJTU-SY,"(0.1, 30, 60)"
S3_units,Bearing1_4,20,1,0.06666666666666667,XJTU-SY,"(0.1, 30, 60)"
S3_units,Bearing1_4,20,1,0.5666666666666667,XJTU-SY,"(0.1, 30, 60)"
S3_units,Bearing1_4,20,1,0.06666666666666667,XJTU-SY,"(0.1, 30, 60)"
S3_units,Bearing1_4,20,1,0.0,XJTU-SY,"(0.1, 30, 60)"
S3_units,Bearing1_4,20,1,0.7333333333333333,XJTU-SY,"(0.1, 30, 60)"
S3_units,Bearing1_4,20,1,0.0,XJTU-SY,"(0.1, 30, 60)"
S3_units,Bearing1_4,20,1,0.0,XJTU-SY,"(0.1, 30, 60)"
S3_units,Bearing1_4,20,1,1.0,XJTU-SY,"(0.1, 30, 60)"
S3_units,Bearing1_4,20,1,0.9666666666666667,XJTU-SY,"(0.1, 30, 60)"
S3_units,Bearing1_4,20,1,1.0,XJTU-SY,"(0.1, 30, 60)"
S3_units,Bearing1_4,20,1,0.7666666666666667,XJTU-SY,"(0.1, 30, 60)"
S3_units,Bearing1_4,20,1,0.3,XJTU-SY,"(0.1, 30, 60)"
S3_units,Bearing1_4,20,1,0.0,XJTU-SY,"(0.1, 30, 60)"
S3_units,Bearing1_4,20,1,1.0,XJTU-SY,"(0.1, 30, 60)"
S3_units,Bearing1_4,20,1,0.0,XJTU-SY,"(0.1, 30, 60)"
S3_units,Bearing1_4,20,1,0.0,XJTU-SY,"(0.1, 30, 60)"
S3_units,Bearing1_4,20,1,0.06666666666666667,XJTU-SY,"(0.1, 30, 60)"
S3_units,Bearing1_4,20,1,0.4,XJTU-SY,"(0.1, 30, 60)"
S3_units,Bearing1_4,20,1,0.8333333333333334,XJTU-SY,"(0.1, 30, 60)"
S3_units,Bearing1_4,20,1,0.5,XJTU-SY,"(0.1, 30, 60)"
S3_units,Bearing1_4,20,1,0.9666666666666667,XJTU-SY,"(0.1, 30, 60)"
S3_units,Bearing1_4,11,11,0.0,XJTU-SY,"(0.1, 30, 60)"
S3_units,Bearing1_4,11,11,0.0,XJTU-SY,"(0.1, 30, 60)"
S3_units,Bearing1_4,11,11,0.0,XJTU-SY,"(0.1, 30, 60)"
S3_units,Bearing1_4,11,11,0.0,XJTU-SY,"(0.1, 30, 60)"
S3_units,Bearing1_4,11,11,0.0,XJTU-SY,"(0.1, 30, 60)"
S3_units,Bearing1_4,11,11,0.0,XJTU-SY,"(0.1, 30, 60)"
S3_units,Bearing1_4,11,11,0.0,XJTU-SY,"(0.1, 30, 60)"
S3_units,Bearing1_4,11,11,0.0,XJTU-SY,"(0.1, 30, 60)"
S3_units,Bearing1_4,11,11,0.0,XJTU-SY,"(0.1, 30, 60)"
S3_units,Bearing1_4,11,11,0.0,XJTU-SY,"(0.1, 30, 60)"
S3_units,Bearing1_4,11,11,0.0,XJTU-SY,"(0.1, 30, 60)"
S3_units,Bearing1_4,11,11,0.0,XJTU-SY,"(0.1, 30, 60)"
S3_units,Bearing1_4,11,11,0.0,XJTU-SY,"(0.1, 30, 60)"
S3_units,Bearing1_4,11,11,0.0,XJTU-SY,"(0.1, 30, 60)"
S3_units,Bearing1_4,11,11,0.0,XJTU-SY,"(0.1, 30, 60)"
S3_units,Bearing1_4,11,11,0.0,XJTU-SY,"(0.1, 30, 60)"
S3_units,Bearing1_4,11,11,0.0,XJTU-SY,"(0.1, 30, 60)"
S3_units,Bearing1_4,11,11,0.0,XJTU-SY,"(0.1, 30, 60)"
S3_units,Bearing1_4,11,11,0.0,XJTU-SY,"(0.1, 30, 60)"
S3_units,Bearing1_4,11,11,0.0,XJTU-SY,"(0.1, 30, 60)"
S3_units,Bearing1_4,11,11,0.0,XJTU-SY,"(0.1, 30, 60)"
S3_units,Bearing1_4,11,11,0.0,XJTU-SY,"(0.1, 30, 60)"
S3_units,Bearing1_4,11,11,0.0,XJTU-SY,"(0.1, 30, 60)"
S3_units,Bearing1_4,11,11,0.0,XJTU-SY,"(0.1, 30, 60)"
S3_units,Bearing1_4,11,11,0.0,XJTU-SY,"(0.1, 30, 60)"
S3_units,Bearing1_4,11,11,0.0,XJTU-SY,"(0.1, 30, 60)"
S3_units,Bearing1_4,11,11,0.0,XJTU-SY,"(0.1, 30, 60)"
S3_units,Bearing1_4,11,11,0.0,XJTU-SY,"(0.1, 30, 60)"
S3_units,Bearing1_4,11,11,0.0,XJTU-SY,"(0.1, 30, 60)"
S3_units,Bearing1_4,11,11,0.0,XJTU-SY,"(0.1, 30, 60)"
S3_units,Bearing2_1,20,1,1.0,XJTU-SY,"(0.1, 30, 60)"
S3_units,Bearing2_1,20,1,0.8979591836734694,XJTU-SY,"(0.1, 30, 60)"
S3_units,Bearing2_1,20,1,1.0,XJTU-SY,"(0.1, 30, 60)"
S3_units,Bearing2_1,20,1,1.0,XJTU-SY,"(0.1, 30, 60)"
S3_units,Bearing2_1,20,1,0.0,XJTU-SY,"(0.1, 30, 60)"
S3_units,Bearing2_1,20,1,0.12244897959183673,XJTU-SY,"(0.1, 30, 60)"
S3_units,Bearing2_1,20,1,0.0,XJTU-SY,"(0.1, 30, 60)"
S3_units,Bearing2_1,20,1,0.061224489795918366,XJTU-SY,"(0.1, 30, 60)"
S3_units,Bearing2_1,20,1,0.0,XJTU-SY,"(0.1, 30, 60)"
S3_units,Bearing2_1,20,1,0.8979591836734694,XJTU-SY,"(0.1, 30, 60)"
S3_units,Bearing2_1,20,1,0.8367346938775511,XJTU-SY,"(0.1, 30, 60)"
S3_units,Bearing2_1,20,1,0.0,XJTU-SY,"(0.1, 30, 60)"
S3_units,Bearing2_1,20,1,0.04081632653061224,XJTU-SY,"(0.1, 30, 60)"
S3_units,Bearing2_1,20,1,1.0,XJTU-SY,"(0.1, 30, 60)"
S3_units,Bearing2_1,20,1,0.2653061224489796,XJTU-SY,"(0.1, 30, 60)"
S3_units,Bearing2_1,20,1,0.22448979591836735,XJTU-SY,"(0.1, 30, 60)"
S3_units,Bearing2_1,20,1,0.04081632653061224,XJTU-SY,"(0.1, 30, 60)"
S3_units,Bearing2_1,20,1,0.0,XJTU-SY,"(0.1, 30, 60)"
S3_units,Bearing2_1,20,1,1.0,XJTU-SY,"(0.1, 30, 60)"
S3_units,Bearing2_1,20,1,0.0,XJTU-SY,"(0.1, 30, 60)"
S3_units,Bearing2_1,20,1,0.40816326530612246,XJTU-SY,"(0.1, 30, 60)"
S3_units,Bearing2_1,20,1,0.8775510204081632,XJTU-SY,"(0.1, 30, 60)"
S3_units,Bearing2_1,20,1,0.0,XJTU-SY,"(0.1, 30, 60)"
S3_units,Bearing2_1,20,1,0.8367346938775511,XJTU-SY,"(0.1, 30, 60)"
S3_units,Bearing2_1,20,1,1.0,XJTU-SY,"(0.1, 30, 60)"
S3_units,Bearing2_1,20,1,0.0,XJTU-SY,"(0.1, 30, 60)"
S3_units,Bearing2_1,20,1,0.0,XJTU-SY,"(0.1, 30, 60)"
S3_units,Bearing2_1,20,1,0.0,XJTU-SY,"(0.1, 30, 60)"
S3_units,Bearing2_1,20,1,0.7755102040816326,XJTU-SY,"(0.1, 30, 60)"
S3_units,Bearing2_1,20,1,0.0,XJTU-SY,"(0.1, 30, 60)"
S3_units,Bearing2_1,11,11,0.0,XJTU-SY,"(0.1, 30, 60)"
S3_units,Bearing2_1,11,11,0.0,XJTU-SY,"(0.1, 30, 60)"
S3_units,Bearing2_1,11,11,0.0,XJTU-SY,"(0.1, 30, 60)"
S3_units,Bearing2_1,11,11,0.0,XJTU-SY,"(0.1, 30, 60)"
S3_units,Bearing2_1,11,11,0.0,XJTU-SY,"(0.1, 30, 60)"
S3_units,Bearing2_1,11,11,0.0,XJTU-SY,"(0.1, 30, 60)"
S3_units,Bearing2_1,11,11,0.0,XJTU-SY,"(0.1, 30, 60)"
S3_units,Bearing2_1,11,11,0.0,XJTU-SY,"(0.1, 30, 60)"
S3_units,Bearing2_1,11,11,0.0,XJTU-SY,"(0.1, 30, 60)"
S3_units,Bearing2_1,11,11,0.0,XJTU-SY,"(0.1, 30, 60)"
S3_units,Bearing2_1,11,11,0.0,XJTU-SY,"(0.1, 30, 60)"
S3_units,Bearing2_1,11,11,0.0,XJTU-SY,"(0.1, 30, 60)"
S3_units,Bearing2_1,11,11,0.0,XJTU-SY,"(0.1, 30, 60)"
S3_units,Bearing2_1,11,11,0.0,XJTU-SY,"(0.1, 30, 60)"
S3_units,Bearing2_1,11,11,0.0,XJTU-SY,"(0.1, 30, 60)"
S3_units,Bearing2_1,11,11,0.0,XJTU-SY,"(0.1, 30, 60)"
S3_units,Bearing2_1,11,11,0.0,XJTU-SY,"(0.1, 30, 60)"
S3_units,Bearing2_1,11,11,0.0,XJTU-SY,"(0.1, 30, 60)"
S3_units,Bearing2_1,11,11,0.0,XJTU-SY,"(0.1, 30, 60)"
S3_units,Bearing2_1,11,11,0.0,XJTU-SY,"(0.1, 30, 60)"
S3_units,Bearing2_1,11,11,0.0,XJTU-SY,"(0.1, 30, 60)"
S3_units,Bearing2_1,11,11,0.0,XJTU-SY,"(0.1, 30, 60)"
S3_units,Bearing2_1,11,11,0.0,XJTU-SY,"(0.1, 30, 60)"
S3_units,Bearing2_1,11,11,0.0,XJTU-SY,"(0.1, 30, 60)"
S3_units,Bearing2_1,11,11,0.0,XJTU-SY,"(0.1, 30, 60)"
S3_units,Bearing2_1,11,11,0.0,XJTU-SY,"(0.1, 30, 60)"
S3_units,Bearing2_1,11,11,0.0,XJTU-SY,"(0.1, 30, 60)"
S3_units,Bearing2_1,11,11,0.0,XJTU-SY,"(0.1, 30, 60)"
S3_units,Bearing2_1,11,11,0.0,XJTU-SY,"(0.1, 30, 60)"
S3_units,Bearing2_1,11,11,0.0,XJTU-SY,"(0.1, 30, 60)"
S3_units,Bearing2_2,20,1,1.0,XJTU-SY,"(0.1, 30, 60)"
S3_units,Bearing2_2,20,1,0.6333333333333333,XJTU-SY,"(0.1, 30, 60)"
S3_units,Bearing2_2,20,1,1.0,XJTU-SY,"(0.1, 30, 60)"
S3_units,Bearing2_2,20,1,1.0,XJTU-SY,"(0.1, 30, 60)"
S3_units,Bearing2_2,20,1,0.03333333333333333,XJTU-SY,"(0.1, 30, 60)"
S3_units,Bearing2_2,20,1,1.0,XJTU-SY,"(0.1, 30, 60)"
S3_units,Bearing2_2,20,1,0.0,XJTU-SY,"(0.1, 30, 60)"
S3_units,Bearing2_2,20,1,0.06666666666666667,XJTU-SY,"(0.1, 30, 60)"
S3_units,Bearing2_2,20,1,0.36666666666666664,XJTU-SY,"(0.1, 30, 60)"
S3_units,Bearing2_2,20,1,0.0,XJTU-SY,"(0.1, 30, 60)"
S3_units,Bearing2_2,20,1,0.0,XJTU-SY,"(0.1, 30, 60)"
S3_units,Bearing2_2,20,1,0.8333333333333334,XJTU-SY,"(0.1, 30, 60)"
S3_units,Bearing2_2,20,1,0.0,XJTU-SY,"(0.1, 30, 60)"
S3_units,Bearing2_2,20,1,0.3,XJTU-SY,"(0.1, 30, 60)"
S3_units,Bearing2_2,20,1,0.0,XJTU-SY,"(0.1, 30, 60)"
S3_units,Bearing2_2,20,1,0.7,XJTU-SY,"(0.1, 30, 60)"
S3_units,Bearing2_2,20,1,0.0,XJTU-SY,"(0.1, 30, 60)"
S3_units,Bearing2_2,20,1,0.23333333333333334,XJTU-SY,"(0.1, 30, 60)"
S3_units,Bearing2_2,20,1,0.43333333333333335,XJTU-SY,"(0.1, 30, 60)"
S3_units,Bearing2_2,20,1,0.0,XJTU-SY,"(0.1, 30, 60)"
S3_units,Bearing2_2,20,1,0.7666666666666667,XJTU-SY,"(0.1, 30, 60)"
S3_units,Bearing2_2,20,1,0.16666666666666666,XJTU-SY,"(0.1, 30, 60)"
S3_units,Bearing2_2,20,1,0.16666666666666666,XJTU-SY,"(0.1, 30, 60)"
S3_units,Bearing2_2,20,1,0.06666666666666667,XJTU-SY,"(0.1, 30, 60)"
S3_units,Bearing2_2,20,1,0.9666666666666667,XJTU-SY,"(0.1, 30, 60)"
S3_units,Bearing2_2,20,1,0.0,XJTU-SY,"(0.1, 30, 60)"
S3_units,Bearing2_2,20,1,0.8333333333333334,XJTU-SY,"(0.1, 30, 60)"
S3_units,Bearing2_2,20,1,0.13333333333333333,XJTU-SY,"(0.1, 30, 60)"
S3_units,Bearing2_2,20,1,1.0,XJTU-SY,"(0.1, 30, 60)"
S3_units,Bearing2_2,20,1,0.4,XJTU-SY,"(0.1, 30, 60)"
S3_units,Bearing2_2,11,11,0.0,XJTU-SY,"(0.1, 30, 60)"
S3_units,Bearing2_2,11,11,0.0,XJTU-SY,"(0.1, 30, 60)"
S3_units,Bearing2_2,11,11,0.0,XJTU-SY,"(0.1, 30, 60)"
S3_units,Bearing2_2,11,11,0.0,XJTU-SY,"(0.1, 30, 60)"
S3_units,Bearing2_2,11,11,0.0,XJTU-SY,"(0.1, 30, 60)"
S3_units,Bearing2_2,11,11,0.0,XJTU-SY,"(0.1, 30, 60)"
S3_units,Bearing2_2,11,11,0.0,XJTU-SY,"(0.1, 30, 60)"
S3_units,Bearing2_2,11,11,0.0,XJTU-SY,"(0.1, 30, 60)"
S3_units,Bearing2_2,11,11,0.0,XJTU-SY,"(0.1, 30, 60)"
S3_units,Bearing2_2,11,11,0.0,XJTU-SY,"(0.1, 30, 60)"
S3_units,Bearing2_2,11,11,0.0,XJTU-SY,"(0.1, 30, 60)"
S3_units,Bearing2_2,11,11,0.0,XJTU-SY,"(0.1, 30, 60)"
S3_units,Bearing2_2,11,11,0.0,XJTU-SY,"(0.1, 30, 60)"
S3_units,Bearing2_2,11,11,0.0,XJTU-SY,"(0.1, 30, 60)"
S3_units,Bearing2_2,11,11,0.0,XJTU-SY,"(0.1, 30, 60)"
S3_units,Bearing2_2,11,11,0.0,XJTU-SY,"(0.1, 30, 60)"
S3_units,Bearing2_2,11,11,0.0,XJTU-SY,"(0.1, 30, 60)"
S3_units,Bearing2_2,11,11,0.0,XJTU-SY,"(0.1, 30, 60)"
S3_units,Bearing2_2,11,11,0.0,XJTU-SY,"(0.1, 30, 60)"
S3_units,Bearing2_2,11,11,0.0,XJTU-SY,"(0.1, 30, 60)"
S3_units,Bearing2_2,11,11,0.0,XJTU-SY,"(0.1, 30, 60)"
S3_units,Bearing2_2,11,11,0.0,XJTU-SY,"(0.1, 30, 60)"
S3_units,Bearing2_2,11,11,0.0,XJTU-SY,"(0.1, 30, 60)"
S3_units,Bearing2_2,11,11,0.0,XJTU-SY,"(0.1, 30, 60)"
S3_units,Bearing2_2,11,11,0.0,XJTU-SY,"(0.1, 30, 60)"
S3_units,Bearing2_2,11,11,0.0,XJTU-SY,"(0.1, 30, 60)"
S3_units,Bearing2_2,11,11,0.0,XJTU-SY,"(0.1, 30, 60)"
S3_units,Bearing2_2,11,11,0.0,XJTU-SY,"(0.1, 30, 60)"
S3_units,Bearing2_2,11,11,0.0,XJTU-SY,"(0.1, 30, 60)"
S3_units,Bearing2_2,11,11,0.0,XJTU-SY,"(0.1, 30, 60)"
S3_units,Bearing2_3,20,1,0.32075471698113206,XJTU-SY,"(0.1, 30, 60)"
S3_units,Bearing2_3,20,1,0.49056603773584906,XJTU-SY,"(0.1, 30, 60)"
S3_units,Bearing2_3,20,1,0.09433962264150944,XJTU-SY,"(0.1, 30, 60)"
S3_units,Bearing2_3,20,1,0.0,XJTU-SY,"(0.1, 30, 60)"
S3_units,Bearing2_3,20,1,0.4716981132075472,XJTU-SY,"(0.1, 30, 60)"
S3_units,Bearing2_3,20,1,0.7735849056603774,XJTU-SY,"(0.1, 30, 60)"
S3_units,Bearing2_3,20,1,0.6037735849056604,XJTU-SY,"(0.1, 30, 60)"
S3_units,Bearing2_3,20,1,0.39622641509433965,XJTU-SY,"(0.1, 30, 60)"
S3_units,Bearing2_3,20,1,0.0,XJTU-SY,"(0.1, 30, 60)"
S3_units,Bearing2_3,20,1,0.5283018867924528,XJTU-SY,"(0.1, 30, 60)"
S3_units,Bearing2_3,20,1,0.2641509433962264,XJTU-SY,"(0.1, 30, 60)"
S3_units,Bearing2_3,20,1,0.8490566037735849,XJTU-SY,"(0.1, 30, 60)"
S3_units,Bearing2_3,20,1,0.018867924528301886,XJTU-SY,"(0.1, 30, 60)"
S3_units,Bearing2_3,20,1,1.0,XJTU-SY,"(0.1, 30, 60)"
S3_units,Bearing2_3,20,1,0.5283018867924528,XJTU-SY,"(0.1, 30, 60)"
S3_units,Bearing2_3,20,1,0.8679245283018868,XJTU-SY,"(0.1, 30, 60)"
S3_units,Bearing2_3,20,1,0.41509433962264153,XJTU-SY,"(0.1, 30, 60)"
S3_units,Bearing2_3,20,1,0.0,XJTU-SY,"(0.1, 30, 60)"
S3_units,Bearing2_3,20,1,0.0,XJTU-SY,"(0.1, 30, 60)"
S3_units,Bearing2_3,20,1,0.39622641509433965,XJTU-SY,"(0.1, 30, 60)"
S3_units,Bearing2_3,20,1,0.0,XJTU-SY,"(0.1, 30, 60)"
S3_units,Bearing2_3,20,1,1.0,XJTU-SY,"(0.1, 30, 60)"
S3_units,Bearing2_3,20,1,0.0,XJTU-SY,"(0.1, 30, 60)"
S3_units,Bearing2_3,20,1,0.41509433962264153,XJTU-SY,"(0.1, 30, 60)"
S3_units,Bearing2_3,20,1,0.18867924528301888,XJTU-SY,"(0.1, 30, 60)"
S3_units,Bearing2_3,20,1,0.0,XJTU-SY,"(0.1, 30, 60)"
S3_units,Bearing2_3,20,1,0.16981132075471697,XJTU-SY,"(0.1, 30, 60)"
S3_units,Bearing2_3,20,1,0.6037735849056604,XJTU-SY,"(0.1, 30, 60)"
S3_units,Bearing2_3,20,1,0.0,XJTU-SY,"(0.1, 30, 60)"
S3_units,Bearing2_3,20,1,0.6792452830188679,XJTU-SY,"(0.1, 30, 60)"
S3_units,Bearing2_3,11,11,0.0,XJTU-SY,"(0.1, 30, 60)"
S3_units,Bearing2_3,11,11,0.0,XJTU-SY,"(0.1, 30, 60)"
S3_units,Bearing2_3,11,11,0.0,XJTU-SY,"(0.1, 30, 60)"
S3_units,Bearing2_3,11,11,0.0,XJTU-SY,"(0.1, 30, 60)"
S3_units,Bearing2_3,11,11,0.0,XJTU-SY,"(0.1, 30, 60)"
S3_units,Bearing2_3,11,11,0.0,XJTU-SY,"(0.1, 30, 60)"
S3_units,Bearing2_3,11,11,0.0,XJTU-SY,"(0.1, 30, 60)"
S3_units,Bearing2_3,11,11,0.0,XJTU-SY,"(0.1, 30, 60)"
S3_units,Bearing2_3,11,11,0.0,XJTU-SY,"(0.1, 30, 60)"
S3_units,Bearing2_3,11,11,0.0,XJTU-SY,"(0.1, 30, 60)"
S3_units,Bearing2_3,11,11,0.0,XJTU-SY,"(0.1, 30, 60)"
S3_units,Bearing2_3,11,11,0.0,XJTU-SY,"(0.1, 30, 60)"
S3_units,Bearing2_3,11,11,0.0,XJTU-SY,"(0.1, 30, 60)"
S3_units,Bearing2_3,11,11,0.0,XJTU-SY,"(0.1, 30, 60)"
S3_units,Bearing2_3,11,11,0.0,XJTU-SY,"(0.1, 30, 60)"
S3_units,Bearing2_3,11,11,0.0,XJTU-SY,"(0.1, 30, 60)"
S3_units,Bearing2_3,11,11,0.0,XJTU-SY,"(0.1, 30, 60)"
S3_units,Bearing2_3,11,11,0.0,XJTU-SY,"(0.1, 30, 60)"
S3_units,Bearing2_3,11,11,0.0,XJTU-SY,"(0.1, 30, 60)"
S3_units,Bearing2_3,11,11,0.0,XJTU-SY,"(0.1, 30, 60)"
S3_units,Bearing2_3,11,11,0.0,XJTU-SY,"(0.1, 30, 60)"
S3_units,Bearing2_3,11,11,0.0,XJTU-SY,"(0.1, 30, 60)"
S3_units,Bearing2_3,11,11,0.0,XJTU-SY,"(0.1, 30, 60)"
S3_units,Bearing2_3,11,11,0.0,XJTU-SY,"(0.1, 30, 60)"
S3_units,Bearing2_3,11,11,0.0,XJTU-SY,"(0.1, 30, 60)"
S3_units,Bearing2_3,11,11,0.0,XJTU-SY,"(0.1, 30, 60)"
S3_units,Bearing2_3,11,11,0.0,XJTU-SY,"(0.1, 30, 60)"
S3_units,Bearing2_3,11,11,0.0,XJTU-SY,"(0.1, 30, 60)"
S3_units,Bearing2_3,11,11,0.0,XJTU-SY,"(0.1, 30, 60)"
S3_units,Bearing2_3,11,11,0.0,XJTU-SY,"(0.1, 30, 60)"
S3_units,Bearing2_5,20,1,1.0,XJTU-SY,"(0.1, 30, 60)"
S3_units,Bearing2_5,20,1,0.9090909090909091,XJTU-SY,"(0.1, 30, 60)"
S3_units,Bearing2_5,20,1,0.0,XJTU-SY,"(0.1, 30, 60)"
S3_units,Bearing2_5,20,1,0.0,XJTU-SY,"(0.1, 30, 60)"
S3_units,Bearing2_5,20,1,0.0,XJTU-SY,"(0.1, 30, 60)"
S3_units,Bearing2_5,20,1,0.12121212121212122,XJTU-SY,"(0.1, 30, 60)"
S3_units,Bearing2_5,20,1,0.0,XJTU-SY,"(0.1, 30, 60)"
S3_units,Bearing2_5,20,1,0.9090909090909091,XJTU-SY,"(0.1, 30, 60)"
S3_units,Bearing2_5,20,1,0.0,XJTU-SY,"(0.1, 30, 60)"
S3_units,Bearing2_5,20,1,1.0,XJTU-SY,"(0.1, 30, 60)"
S3_units,Bearing2_5,20,1,0.9696969696969697,XJTU-SY,"(0.1, 30, 60)"
S3_units,Bearing2_5,20,1,0.8484848484848485,XJTU-SY,"(0.1, 30, 60)"
S3_units,Bearing2_5,20,1,0.0,XJTU-SY,"(0.1, 30, 60)"
S3_units,Bearing2_5,20,1,1.0,XJTU-SY,"(0.1, 30, 60)"
S3_units,Bearing2_5,20,1,0.0,XJTU-SY,"(0.1, 30, 60)"
S3_units,Bearing2_5,20,1,0.9393939393939394,XJTU-SY,"(0.1, 30, 60)"
S3_units,Bearing2_5,20,1,0.0,XJTU-SY,"(0.1, 30, 60)"
S3_units,Bearing2_5,20,1,1.0,XJTU-SY,"(0.1, 30, 60)"
S3_units,Bearing2_5,20,1,0.0,XJTU-SY,"(0.1, 30, 60)"
S3_units,Bearing2_5,20,1,0.9696969696969697,XJTU-SY,"(0.1, 30, 60)"
S3_units,Bearing2_5,20,1,1.0,XJTU-SY,"(0.1, 30, 60)"
S3_units,Bearing2_5,20,1,0.8787878787878788,XJTU-SY,"(0.1, 30, 60)"
S3_units,Bearing2_5,20,1,1.0,XJTU-SY,"(0.1, 30, 60)"
S3_units,Bearing2_5,20,1,0.9696969696969697,XJTU-SY,"(0.1, 30, 60)"
S3_units,Bearing2_5,20,1,1.0,XJTU-SY,"(0.1, 30, 60)"
S3_units,Bearing2_5,20,1,0.9090909090909091,XJTU-SY,"(0.1, 30, 60)"
S3_units,Bearing2_5,20,1,0.7575757575757576,XJTU-SY,"(0.1, 30, 60)"
S3_units,Bearing2_5,20,1,1.0,XJTU-SY,"(0.1, 30, 60)"
S3_units,Bearing2_5,20,1,0.9696969696969697,XJTU-SY,"(0.1, 30, 60)"
S3_units,Bearing2_5,20,1,0.0,XJTU-SY,"(0.1, 30, 60)"
S3_units,Bearing2_5,11,11,0.0,XJTU-SY,"(0.1, 30, 60)"
S3_units,Bearing2_5,11,11,0.0,XJTU-SY,"(0.1, 30, 60)"
S3_units,Bearing2_5,11,11,0.36363636363636365,XJTU-SY,"(0.1, 30, 60)"
S3_units,Bearing2_5,11,11,0.0,XJTU-SY,"(0.1, 30, 60)"
S3_units,Bearing2_5,11,11,0.0,XJTU-SY,"(0.1, 30, 60)"
S3_units,Bearing2_5,11,11,0.0,XJTU-SY,"(0.1, 30, 60)"
S3_units,Bearing2_5,11,11,0.0,XJTU-SY,"(0.1, 30, 60)"
S3_units,Bearing2_5,11,11,0.0,XJTU-SY,"(0.1, 30, 60)"
S3_units,Bearing2_5,11,11,0.8787878787878788,XJTU-SY,"(0.1, 30, 60)"
S3_units,Bearing2_5,11,11,0.0,XJTU-SY,"(0.1, 30, 60)"
S3_units,Bearing2_5,11,11,0.12121212121212122,XJTU-SY,"(0.1, 30, 60)"
S3_units,Bearing2_5,11,11,0.15151515151515152,XJTU-SY,"(0.1, 30, 60)"
S3_units,Bearing2_5,11,11,0.15151515151515152,XJTU-SY,"(0.1, 30, 60)"
S3_units,Bearing2_5,11,11,0.0,XJTU-SY,"(0.1, 30, 60)"
S3_units,Bearing2_5,11,11,0.06060606060606061,XJTU-SY,"(0.1, 30, 60)"
S3_units,Bearing2_5,11,11,0.0,XJTU-SY,"(0.1, 30, 60)"
S3_units,Bearing2_5,11,11,0.0,XJTU-SY,"(0.1, 30, 60)"
S3_units,Bearing2_5,11,11,0.0,XJTU-SY,"(0.1, 30, 60)"
S3_units,Bearing2_5,11,11,0.0,XJTU-SY,"(0.1, 30, 60)"
S3_units,Bearing2_5,11,11,0.0,XJTU-SY,"(0.1, 30, 60)"
S3_units,Bearing2_5,11,11,0.0,XJTU-SY,"(0.1, 30, 60)"
S3_units,Bearing2_5,11,11,0.0,XJTU-SY,"(0.1, 30, 60)"
S3_units,Bearing2_5,11,11,0.0,XJTU-SY,"(0.1, 30, 60)"
S3_units,Bearing2_5,11,11,0.0,XJTU-SY,"(0.1, 30, 60)"
S3_units,Bearing2_5,11,11,0.0,XJTU-SY,"(0.1, 30, 60)"
S3_units,Bearing2_5,11,11,0.0,XJTU-SY,"(0.1, 30, 60)"
S3_units,Bearing2_5,11,11,0.0,XJTU-SY,"(0.1, 30, 60)"
S3_units,Bearing2_5,11,11,0.09090909090909091,XJTU-SY,"(0.1, 30, 60)"
S3_units,Bearing2_5,11,11,0.0,XJTU-SY,"(0.1, 30, 60)"
S3_units,Bearing2_5,11,11,0.0,XJTU-SY,"(0.1, 30, 60)"
S3_units,Bearing3_1,20,1,0.9833333333333333,XJTU-SY,"(0.1, 30, 60)"
S3_units,Bearing3_1,20,1,0.2,XJTU-SY,"(0.1, 30, 60)"
S3_units,Bearing3_1,20,1,0.7333333333333333,XJTU-SY,"(0.1, 30, 60)"
S3_units,Bearing3_1,20,1,0.8833333333333333,XJTU-SY,"(0.1, 30, 60)"
S3_units,Bearing3_1,20,1,0.4666666666666667,XJTU-SY,"(0.1, 30, 60)"
S3_units,Bearing3_1,20,1,0.6833333333333333,XJTU-SY,"(0.1, 30, 60)"
S3_units,Bearing3_1,20,1,0.21666666666666667,XJTU-SY,"(0.1, 30, 60)"
S3_units,Bearing3_1,20,1,0.0,XJTU-SY,"(0.1, 30, 60)"
S3_units,Bearing3_1,20,1,0.11666666666666667,XJTU-SY,"(0.1, 30, 60)"
S3_units,Bearing3_1,20,1,0.11666666666666667,XJTU-SY,"(0.1, 30, 60)"
S3_units,Bearing3_1,20,1,0.08333333333333333,XJTU-SY,"(0.1, 30, 60)"
S3_units,Bearing3_1,20,1,0.4166666666666667,XJTU-SY,"(0.1, 30, 60)"
S3_units,Bearing3_1,20,1,0.85,XJTU-SY,"(0.1, 30, 60)"
S3_units,Bearing3_1,20,1,0.2,XJTU-SY,"(0.1, 30, 60)"
S3_units,Bearing3_1,20,1,0.8166666666666667,XJTU-SY,"(0.1, 30, 60)"
S3_units,Bearing3_1,20,1,0.0,XJTU-SY,"(0.1, 30, 60)"
S3_units,Bearing3_1,20,1,0.0,XJTU-SY,"(0.1, 30, 60)"
S3_units,Bearing3_1,20,1,0.0,XJTU-SY,"(0.1, 30, 60)"
S3_units,Bearing3_1,20,1,0.11666666666666667,XJTU-SY,"(0.1, 30, 60)"
S3_units,Bearing3_1,20,1,0.0,XJTU-SY,"(0.1, 30, 60)"
S3_units,Bearing3_1,20,1,0.43333333333333335,XJTU-SY,"(0.1, 30, 60)"
S3_units,Bearing3_1,20,1,0.0,XJTU-SY,"(0.1, 30, 60)"
S3_units,Bearing3_1,20,1,0.0,XJTU-SY,"(0.1, 30, 60)"
S3_units,Bearing3_1,20,1,0.9,XJTU-SY,"(0.1, 30, 60)"
S3_units,Bearing3_1,20,1,0.13333333333333333,XJTU-SY,"(0.1, 30, 60)"
S3_units,Bearing3_1,20,1,0.0,XJTU-SY,"(0.1, 30, 60)"
S3_units,Bearing3_1,20,1,0.4166666666666667,XJTU-SY,"(0.1, 30, 60)"
S3_units,Bearing3_1,20,1,0.06666666666666667,XJTU-SY,"(0.1, 30, 60)"
S3_units,Bearing3_1,20,1,0.8833333333333333,XJTU-SY,"(0.1, 30, 60)"
S3_units,Bearing3_1,20,1,0.9166666666666666,XJTU-SY,"(0.1, 30, 60)"
S3_units,Bearing3_1,11,11,0.0,XJTU-SY,"(0.1, 30, 60)"
S3_units,Bearing3_1,11,11,0.0,XJTU-SY,"(0.1, 30, 60)"
S3_units,Bearing3_1,11,11,0.0,XJTU-SY,"(0.1, 30, 60)"
S3_units,Bearing3_1,11,11,0.0,XJTU-SY,"(0.1, 30, 60)"
S3_units,Bearing3_1,11,11,0.0,XJTU-SY,"(0.1, 30, 60)"
S3_units,Bearing3_1,11,11,0.0,XJTU-SY,"(0.1, 30, 60)"
S3_units,Bearing3_1,11,11,0.0,XJTU-SY,"(0.1, 30, 60)"
S3_units,Bearing3_1,11,11,0.0,XJTU-SY,"(0.1, 30, 60)"
S3_units,Bearing3_1,11,11,0.0,XJTU-SY,"(0.1, 30, 60)"
S3_units,Bearing3_1,11,11,0.0,XJTU-SY,"(0.1, 30, 60)"
S3_units,Bearing3_1,11,11,0.0,XJTU-SY,"(0.1, 30, 60)"
S3_units,Bearing3_1,11,11,0.0,XJTU-SY,"(0.1, 30, 60)"
S3_units,Bearing3_1,11,11,0.0,XJTU-SY,"(0.1, 30, 60)"
S3_units,Bearing3_1,11,11,0.0,XJTU-SY,"(0.1, 30, 60)"
S3_units,Bearing3_1,11,11,0.0,XJTU-SY,"(0.1, 30, 60)"
S3_units,Bearing3_1,11,11,0.0,XJTU-SY,"(0.1, 30, 60)"
S3_units,Bearing3_1,11,11,0.0,XJTU-SY,"(0.1, 30, 60)"
S3_units,Bearing3_1,11,11,0.0,XJTU-SY,"(0.1, 30, 60)"
S3_units,Bearing3_1,11,11,0.0,XJTU-SY,"(0.1, 30, 60)"
S3_units,Bearing3_1,11,11,0.0,XJTU-SY,"(0.1, 30, 60)"
S3_units,Bearing3_1,11,11,0.0,XJTU-SY,"(0.1, 30, 60)"
S3_units,Bearing3_1,11,11,0.0,XJTU-SY,"(0.1, 30, 60)"
S3_units,Bearing3_1,11,11,0.0,XJTU-SY,"(0.1, 30, 60)"
S3_units,Bearing3_1,11,11,0.0,XJTU-SY,"(0.1, 30, 60)"
S3_units,Bearing3_1,11,11,0.0,XJTU-SY,"(0.1, 30, 60)"
S3_units,Bearing3_1,11,11,0.0,XJTU-SY,"(0.1, 30, 60)"
S3_units,Bearing3_1,11,11,0.0,XJTU-SY,"(0.1, 30, 60)"
S3_units,Bearing3_1,11,11,0.0,XJTU-SY,"(0.1, 30, 60)"
S3_units,Bearing3_1,11,11,0.0,XJTU-SY,"(0.1, 30, 60)"
S3_units,Bearing3_1,11,11,0.0,XJTU-SY,"(0.1, 30, 60)"
S3_units,Bearing3_2,20,1,0.9333333333333333,XJTU-SY,"(0.1, 30, 60)"
S3_units,Bearing3_2,20,1,0.38333333333333336,XJTU-SY,"(0.1, 30, 60)"
S3_units,Bearing3_2,20,1,0.0,XJTU-SY,"(0.1, 30, 60)"
S3_units,Bearing3_2,20,1,0.016666666666666666,XJTU-SY,"(0.1, 30, 60)"
S3_units,Bearing3_2,20,1,0.9666666666666667,XJTU-SY,"(0.1, 30, 60)"
S3_units,Bearing3_2,20,1,0.13333333333333333,XJTU-SY,"(0.1, 30, 60)"
S3_units,Bearing3_2,20,1,0.0,XJTU-SY,"(0.1, 30, 60)"
S3_units,Bearing3_2,20,1,1.0,XJTU-SY,"(0.1, 30, 60)"
S3_units,Bearing3_2,20,1,0.95,XJTU-SY,"(0.1, 30, 60)"
S3_units,Bearing3_2,20,1,0.43333333333333335,XJTU-SY,"(0.1, 30, 60)"
S3_units,Bearing3_2,20,1,0.9,XJTU-SY,"(0.1, 30, 60)"
S3_units,Bearing3_2,20,1,0.0,XJTU-SY,"(0.1, 30, 60)"
S3_units,Bearing3_2,20,1,0.45,XJTU-SY,"(0.1, 30, 60)"
S3_units,Bearing3_2,20,1,1.0,XJTU-SY,"(0.1, 30, 60)"
S3_units,Bearing3_2,20,1,0.0,XJTU-SY,"(0.1, 30, 60)"
S3_units,Bearing3_2,20,1,0.8333333333333334,XJTU-SY,"(0.1, 30, 60)"
S3_units,Bearing3_2,20,1,0.0,XJTU-SY,"(0.1, 30, 60)"
S3_units,Bearing3_2,20,1,0.9833333333333333,XJTU-SY,"(0.1, 30, 60)"
S3_units,Bearing3_2,20,1,1.0,XJTU-SY,"(0.1, 30, 60)"
S3_units,Bearing3_2,20,1,1.0,XJTU-SY,"(0.1, 30, 60)"
S3_units,Bearing3_2,20,1,1.0,XJTU-SY,"(0.1, 30, 60)"
S3_units,Bearing3_2,20,1,0.3333333333333333,XJTU-SY,"(0.1, 30, 60)"
S3_units,Bearing3_2,20,1,0.9,XJTU-SY,"(0.1, 30, 60)"
S3_units,Bearing3_2,20,1,0.7833333333333333,XJTU-SY,"(0.1, 30, 60)"
S3_units,Bearing3_2,20,1,1.0,XJTU-SY,"(0.1, 30, 60)"
S3_units,Bearing3_2,20,1,0.9166666666666666,XJTU-SY,"(0.1, 30, 60)"
S3_units,Bearing3_2,20,1,0.05,XJTU-SY,"(0.1, 30, 60)"
S3_units,Bearing3_2,20,1,0.8166666666666667,XJTU-SY,"(0.1, 30, 60)"
S3_units,Bearing3_2,20,1,0.9333333333333333,XJTU-SY,"(0.1, 30, 60)"
S3_units,Bearing3_2,20,1,0.03333333333333333,XJTU-SY,"(0.1, 30, 60)"
S3_units,Bearing3_2,11,11,0.18333333333333332,XJTU-SY,"(0.1, 30, 60)"
S3_units,Bearing3_2,11,11,0.0,XJTU-SY,"(0.1, 30, 60)"
S3_units,Bearing3_2,11,11,0.0,XJTU-SY,"(0.1, 30, 60)"
S3_units,Bearing3_2,11,11,0.16666666666666666,XJTU-SY,"(0.1, 30, 60)"
S3_units,Bearing3_2,11,11,0.0,XJTU-SY,"(0.1, 30, 60)"
S3_units,Bearing3_2,11,11,0.0,XJTU-SY,"(0.1, 30, 60)"
S3_units,Bearing3_2,11,11,0.1,XJTU-SY,"(0.1, 30, 60)"
S3_units,Bearing3_2,11,11,0.0,XJTU-SY,"(0.1, 30, 60)"
S3_units,Bearing3_2,11,11,0.0,XJTU-SY,"(0.1, 30, 60)"
S3_units,Bearing3_2,11,11,0.21666666666666667,XJTU-SY,"(0.1, 30, 60)"
S3_units,Bearing3_2,11,11,0.0,XJTU-SY,"(0.1, 30, 60)"
S3_units,Bearing3_2,11,11,0.4166666666666667,XJTU-SY,"(0.1, 30, 60)"
S3_units,Bearing3_2,11,11,0.0,XJTU-SY,"(0.1, 30, 60)"
S3_units,Bearing3_2,11,11,0.0,XJTU-SY,"(0.1, 30, 60)"
S3_units,Bearing3_2,11,11,0.0,XJTU-SY,"(0.1, 30, 60)"
S3_units,Bearing3_2,11,11,0.4166666666666667,XJTU-SY,"(0.1, 30, 60)"
S3_units,Bearing3_2,11,11,0.36666666666666664,XJTU-SY,"(0.1, 30, 60)"
S3_units,Bearing3_2,11,11,0.26666666666666666,XJTU-SY,"(0.1, 30, 60)"
S3_units,Bearing3_2,11,11,0.0,XJTU-SY,"(0.1, 30, 60)"
S3_units,Bearing3_2,11,11,0.16666666666666666,XJTU-SY,"(0.1, 30, 60)"
S3_units,Bearing3_2,11,11,0.15,XJTU-SY,"(0.1, 30, 60)"
S3_units,Bearing3_2,11,11,0.11666666666666667,XJTU-SY,"(0.1, 30, 60)"
S3_units,Bearing3_2,11,11,0.0,XJTU-SY,"(0.1, 30, 60)"
S3_units,Bearing3_2,11,11,0.0,XJTU-SY,"(0.1, 30, 60)"
S3_units,Bearing3_2,11,11,0.0,XJTU-SY,"(0.1, 30, 60)"
S3_units,Bearing3_2,11,11,0.0,XJTU-SY,"(0.1, 30, 60)"
S3_units,Bearing3_2,11,11,0.0,XJTU-SY,"(0.1, 30, 60)"
S3_units,Bearing3_2,11,11,0.08333333333333333,XJTU-SY,"(0.1, 30, 60)"
S3_units,Bearing3_2,11,11,0.0,XJTU-SY,"(0.1, 30, 60)"
S3_units,Bearing3_2,11,11,0.0,XJTU-SY,"(0.1, 30, 60)"
S3_units,Bearing3_3,20,1,0.5945945945945946,XJTU-SY,"(0.1, 30, 60)"
S3_units,Bearing3_3,20,1,0.08108108108108109,XJTU-SY,"(0.1, 30, 60)"
S3_units,Bearing3_3,20,1,0.4864864864864865,XJTU-SY,"(0.1, 30, 60)"
S3_units,Bearing3_3,20,1,1.0,XJTU-SY,"(0.1, 30, 60)"
S3_units,Bearing3_3,20,1,0.918918918918919,XJTU-SY,"(0.1, 30, 60)"
S3_units,Bearing3_3,20,1,0.08108108108108109,XJTU-SY,"(0.1, 30, 60)"
S3_units,Bearing3_3,20,1,0.7567567567567568,XJTU-SY,"(0.1, 30, 60)"
S3_units,Bearing3_3,20,1,0.8648648648648649,XJTU-SY,"(0.1, 30, 60)"
S3_units,Bearing3_3,20,1,0.8378378378378378,XJTU-SY,"(0.1, 30, 60)"
S3_units,Bearing3_3,20,1,0.02702702702702703,XJTU-SY,"(0.1, 30, 60)"
S3_units,Bearing3_3,20,1,0.5945945945945946,XJTU-SY,"(0.1, 30, 60)"
S3_units,Bearing3_3,20,1,0.0,XJTU-SY,"(0.1, 30, 60)"
S3_units,Bearing3_3,20,1,0.0,XJTU-SY,"(0.1, 30, 60)"
S3_units,Bearing3_3,20,1,0.8918918918918919,XJTU-SY,"(0.1, 30, 60)"
S3_units,Bearing3_3,20,1,0.7297297297297297,XJTU-SY,"(0.1, 30, 60)"
S3_units,Bearing3_3,20,1,0.0,XJTU-SY,"(0.1, 30, 60)"
S3_units,Bearing3_3,20,1,0.2702702702702703,XJTU-SY,"(0.1, 30, 60)"
S3_units,Bearing3_3,20,1,0.6756756756756757,XJTU-SY,"(0.1, 30, 60)"
S3_units,Bearing3_3,20,1,0.7837837837837838,XJTU-SY,"(0.1, 30, 60)"
S3_units,Bearing3_3,20,1,0.7567567567567568,XJTU-SY,"(0.1, 30, 60)"
S3_units,Bearing3_3,20,1,0.0,XJTU-SY,"(0.1, 30, 60)"
S3_units,Bearing3_3,20,1,0.8378378378378378,XJTU-SY,"(0.1, 30, 60)"
S3_units,Bearing3_3,20,1,0.8108108108108109,XJTU-SY,"(0.1, 30, 60)"
S3_units,Bearing3_3,20,1,0.0,XJTU-SY,"(0.1, 30, 60)"
S3_units,Bearing3_3,20,1,0.16216216216216217,XJTU-SY,"(0.1, 30, 60)"
S3_units,Bearing3_3,20,1,0.8378378378378378,XJTU-SY,"(0.1, 30, 60)"
S3_units,Bearing3_3,20,1,0.6486486486486487,XJTU-SY,"(0.1, 30, 60)"
S3_units,Bearing3_3,20,1,0.0,XJTU-SY,"(0.1, 30, 60)"
S3_units,Bearing3_3,20,1,0.16216216216216217,XJTU-SY,"(0.1, 30, 60)"
S3_units,Bearing3_3,20,1,0.05405405405405406,XJTU-SY,"(0.1, 30, 60)"
S3_units,Bearing3_3,11,11,0.0,XJTU-SY,"(0.1, 30, 60)"
S3_units,Bearing3_3,11,11,0.0,XJTU-SY,"(0.1, 30, 60)"
S3_units,Bearing3_3,11,11,0.0,XJTU-SY,"(0.1, 30, 60)"
S3_units,Bearing3_3,11,11,0.0,XJTU-SY,"(0.1, 30, 60)"
S3_units,Bearing3_3,11,11,0.0,XJTU-SY,"(0.1, 30, 60)"
S3_units,Bearing3_3,11,11,0.0,XJTU-SY,"(0.1, 30, 60)"
S3_units,Bearing3_3,11,11,0.0,XJTU-SY,"(0.1, 30, 60)"
S3_units,Bearing3_3,11,11,0.0,XJTU-SY,"(0.1, 30, 60)"
S3_units,Bearing3_3,11,11,0.0,XJTU-SY,"(0.1, 30, 60)"
S3_units,Bearing3_3,11,11,0.0,XJTU-SY,"(0.1, 30, 60)"
S3_units,Bearing3_3,11,11,0.0,XJTU-SY,"(0.1, 30, 60)"
S3_units,Bearing3_3,11,11,0.0,XJTU-SY,"(0.1, 30, 60)"
S3_units,Bearing3_3,11,11,0.0,XJTU-SY,"(0.1, 30, 60)"
S3_units,Bearing3_3,11,11,0.0,XJTU-SY,"(0.1, 30, 60)"
S3_units,Bearing3_3,11,11,0.0,XJTU-SY,"(0.1, 30, 60)"
S3_units,Bearing3_3,11,11,0.0,XJTU-SY,"(0.1, 30, 60)"
S3_units,Bearing3_3,11,11,0.0,XJTU-SY,"(0.1, 30, 60)"
S3_units,Bearing3_3,11,11,0.0,XJTU-SY,"(0.1, 30, 60)"
S3_units,Bearing3_3,11,11,0.0,XJTU-SY,"(0.1, 30, 60)"
S3_units,Bearing3_3,11,11,0.0,XJTU-SY,"(0.1, 30, 60)"
S3_units,Bearing3_3,11,11,0.0,XJTU-SY,"(0.1, 30, 60)"
S3_units,Bearing3_3,11,11,0.0,XJTU-SY,"(0.1, 30, 60)"
S3_units,Bearing3_3,11,11,0.0,XJTU-SY,"(0.1, 30, 60)"
S3_units,Bearing3_3,11,11,0.0,XJTU-SY,"(0.1, 30, 60)"
S3_units,Bearing3_3,11,11,0.0,XJTU-SY,"(0.1, 30, 60)"
S3_units,Bearing3_3,11,11,0.0,XJTU-SY,"(0.1, 30, 60)"
S3_units,Bearing3_3,11,11,0.0,XJTU-SY,"(0.1, 30, 60)"
S3_units,Bearing3_3,11,11,0.0,XJTU-SY,"(0.1, 30, 60)"
S3_units,Bearing3_3,11,11,0.0,XJTU-SY,"(0.1, 30, 60)"
S3_units,Bearing3_3,11,11,0.0,XJTU-SY,"(0.1, 30, 60)"
S3_units,Bearing3_4,20,1,1.0,XJTU-SY,"(0.1, 30, 60)"
S3_units,Bearing3_4,20,1,0.0,XJTU-SY,"(0.1, 30, 60)"
S3_units,Bearing3_4,20,1,0.85,XJTU-SY,"(0.1, 30, 60)"
S3_units,Bearing3_4,20,1,1.0,XJTU-SY,"(0.1, 30, 60)"
S3_units,Bearing3_4,20,1,1.0,XJTU-SY,"(0.1, 30, 60)"
S3_units,Bearing3_4,20,1,0.6333333333333333,XJTU-SY,"(0.1, 30, 60)"
S3_units,Bearing3_4,20,1,0.43333333333333335,XJTU-SY,"(0.1, 30, 60)"
S3_units,Bearing3_4,20,1,0.0,XJTU-SY,"(0.1, 30, 60)"
S3_units,Bearing3_4,20,1,0.9666666666666667,XJTU-SY,"(0.1, 30, 60)"
S3_units,Bearing3_4,20,1,1.0,XJTU-SY,"(0.1, 30, 60)"
S3_units,Bearing3_4,20,1,0.36666666666666664,XJTU-SY,"(0.1, 30, 60)"
S3_units,Bearing3_4,20,1,1.0,XJTU-SY,"(0.1, 30, 60)"
S3_units,Bearing3_4,20,1,1.0,XJTU-SY,"(0.1, 30, 60)"
S3_units,Bearing3_4,20,1,1.0,XJTU-SY,"(0.1, 30, 60)"
S3_units,Bearing3_4,20,1,1.0,XJTU-SY,"(0.1, 30, 60)"
S3_units,Bearing3_4,20,1,0.8333333333333334,XJTU-SY,"(0.1, 30, 60)"
S3_units,Bearing3_4,20,1,0.65,XJTU-SY,"(0.1, 30, 60)"
S3_units,Bearing3_4,20,1,0.0,XJTU-SY,"(0.1, 30, 60)"
S3_units,Bearing3_4,20,1,0.1,XJTU-SY,"(0.1, 30, 60)"
S3_units,Bearing3_4,20,1,1.0,XJTU-SY,"(0.1, 30, 60)"
S3_units,Bearing3_4,20,1,1.0,XJTU-SY,"(0.1, 30, 60)"
S3_units,Bearing3_4,20,1,0.0,XJTU-SY,"(0.1, 30, 60)"
S3_units,Bearing3_4,20,1,1.0,XJTU-SY,"(0.1, 30, 60)"
S3_units,Bearing3_4,20,1,0.9833333333333333,XJTU-SY,"(0.1, 30, 60)"
S3_units,Bearing3_4,20,1,0.9833333333333333,XJTU-SY,"(0.1, 30, 60)"
S3_units,Bearing3_4,20,1,1.0,XJTU-SY,"(0.1, 30, 60)"
S3_units,Bearing3_4,20,1,0.9166666666666666,XJTU-SY,"(0.1, 30, 60)"
S3_units,Bearing3_4,20,1,0.9833333333333333,XJTU-SY,"(0.1, 30, 60)"
S3_units,Bearing3_4,20,1,1.0,XJTU-SY,"(0.1, 30, 60)"
S3_units,Bearing3_4,20,1,1.0,XJTU-SY,"(0.1, 30, 60)"
S3_units,Bearing3_4,11,11,0.0,XJTU-SY,"(0.1, 30, 60)"
S3_units,Bearing3_4,11,11,0.0,XJTU-SY,"(0.1, 30, 60)"
S3_units,Bearing3_4,11,11,0.0,XJTU-SY,"(0.1, 30, 60)"
S3_units,Bearing3_4,11,11,0.0,XJTU-SY,"(0.1, 30, 60)"
S3_units,Bearing3_4,11,11,0.0,XJTU-SY,"(0.1, 30, 60)"
S3_units,Bearing3_4,11,11,0.0,XJTU-SY,"(0.1, 30, 60)"
S3_units,Bearing3_4,11,11,0.0,XJTU-SY,"(0.1, 30, 60)"
S3_units,Bearing3_4,11,11,0.0,XJTU-SY,"(0.1, 30, 60)"
S3_units,Bearing3_4,11,11,0.0,XJTU-SY,"(0.1, 30, 60)"
S3_units,Bearing3_4,11,11,0.0,XJTU-SY,"(0.1, 30, 60)"
S3_units,Bearing3_4,11,11,0.0,XJTU-SY,"(0.1, 30, 60)"
S3_units,Bearing3_4,11,11,0.0,XJTU-SY,"(0.1, 30, 60)"
S3_units,Bearing3_4,11,11,0.0,XJTU-SY,"(0.1, 30, 60)"
S3_units,Bearing3_4,11,11,0.0,XJTU-SY,"(0.1, 30, 60)"
S3_units,Bearing3_4,11,11,0.0,XJTU-SY,"(0.1, 30, 60)"
S3_units,Bearing3_4,11,11,0.0,XJTU-SY,"(0.1, 30, 60)"
S3_units,Bearing3_4,11,11,0.0,XJTU-SY,"(0.1, 30, 60)"
S3_units,Bearing3_4,11,11,0.0,XJTU-SY,"(0.1, 30, 60)"
S3_units,Bearing3_4,11,11,0.0,XJTU-SY,"(0.1, 30, 60)"
S3_units,Bearing3_4,11,11,0.0,XJTU-SY,"(0.1, 30, 60)"
S3_units,Bearing3_4,11,11,0.016666666666666666,XJTU-SY,"(0.1, 30, 60)"
S3_units,Bearing3_4,11,11,0.0,XJTU-SY,"(0.1, 30, 60)"
S3_units,Bearing3_4,11,11,0.0,XJTU-SY,"(0.1, 30, 60)"
S3_units,Bearing3_4,11,11,0.0,XJTU-SY,"(0.1, 30, 60)"
S3_units,Bearing3_4,11,11,0.0,XJTU-SY,"(0.1, 30, 60)"
S3_units,Bearing3_4,11,11,0.0,XJTU-SY,"(0.1, 30, 60)"
S3_units,Bearing3_4,11,11,0.0,XJTU-SY,"(0.1, 30, 60)"
S3_units,Bearing3_4,11,11,0.0,XJTU-SY,"(0.1, 30, 60)"
S3_units,Bearing3_4,11,11,0.0,XJTU-SY,"(0.1, 30, 60)"
S3_units,Bearing3_4,11,11,0.0,XJTU-SY,"(0.1, 30, 60)"
