dataset,condition,held_out,detector,k_bearings,n_train,test_fp
PRONOSTIA,C1,Bearing1_1,A_rms_3sigma,1,20,0.11666666666666667
PRONOSTIA,C1,Bearing1_1,B_mahalanobis,1,20,0.3
PRONOSTIA,C1,Bearing1_1,A_rms_3sigma,1,20,0.8166666666666667
PRONOSTIA,C1,Bearing1_1,B_mahalanobis,1,20,1.0
PRONOSTIA,C1,Bearing1_1,A_rms_3sigma,1,20,0.8166666666666667
PRONOSTIA,C1,Bearing1_1,B_mahalanobis,1,20,0.8
PRONOSTIA,C1,Bearing1_1,A_rms_3sigma,1,20,0.8
PRONOSTIA,C1,Bearing1_1,B_mahalanobis,1,20,1.0
PRONOSTIA,C1,Bearing1_1,A_rms_3sigma,1,20,0.9
PRONOSTIA,C1,Bearing1_1,B_mahalanobis,1,20,0.8833333333333333
PRONOSTIA,C1,Bearing1_1,A_rms_3sigma,1,20,0.5333333333333333
PRONOSTIA,C1,Bearing1_1,B_mahalanobis,1,20,0.48333333333333334
PRONOSTIA,C1,Bearing1_1,A_rms_3sigma,1,20,0.8
PRONOSTIA,C1,Bearing1_1,B_mahalanobis,1,20,0.8166666666666667
PRONOSTIA,C1,Bearing1_1,A_rms_3sigma,1,20,0.8
PRONOSTIA,C1,Bearing1_1,B_mahalanobis,1,20,1.0
PRONOSTIA,C1,Bearing1_1,A_rms_3sigma,1,20,0.8
PRONOSTIA,C1,Bearing1_1,B_mahalanobis,1,20,1.0
PRONOSTIA,C1,Bearing1_1,A_rms_3sigma,1,20,0.0
PRONOSTIA,C1,Bearing1_1,B_mahalanobis,1,20,0.0
PRONOSTIA,C1,Bearing1_1,A_rms_3sigma,1,20,0.7666666666666667
PRONOSTIA,C1,Bearing1_1,B_mahalanobis,1,20,0.25
PRONOSTIA,C1,Bearing1_1,A_rms_3sigma,1,20,0.8
PRONOSTIA,C1,Bearing1_1,B_mahalanobis,1,20,1.0
PRONOSTIA,C1,Bearing1_1,A_rms_3sigma,1,20,0.0
PRONOSTIA,C1,Bearing1_1,B_mahalanobis,1,20,0.06666666666666667
PRONOSTIA,C1,Bearing1_1,A_rms_3sigma,1,20,0.8166666666666667
PRONOSTIA,C1,Bearing1_1,B_mahalanobis,1,20,0.8166666666666667
PRONOSTIA,C1,Bearing1_1,A_rms_3sigma,1,20,0.7666666666666667
PRONOSTIA,C1,Bearing1_1,B_mahalanobis,1,20,0.85
PRONOSTIA,C1,Bearing1_1,A_rms_3sigma,1,20,0.6
PRONOSTIA,C1,Bearing1_1,B_mahalanobis,1,20,0.1
PRONOSTIA,C1,Bearing1_1,A_rms_3sigma,1,20,0.6666666666666666
PRONOSTIA,C1,Bearing1_1,B_mahalanobis,1,20,0.6666666666666666
PRONOSTIA,C1,Bearing1_1,A_rms_3sigma,1,20,0.1
PRONOSTIA,C1,Bearing1_1,B_mahalanobis,1,20,0.13333333333333333
PRONOSTIA,C1,Bearing1_1,A_rms_3sigma,1,20,0.7833333333333333
PRONOSTIA,C1,Bearing1_1,B_mahalanobis,1,20,0.8833333333333333
PRONOSTIA,C1,Bearing1_1,A_rms_3sigma,1,20,0.0
PRONOSTIA,C1,Bearing1_1,B_mahalanobis,1,20,0.08333333333333333
PRONOSTIA,C1,Bearing1_1,A_rms_3sigma,1,20,0.7833333333333333
PRONOSTIA,C1,Bearing1_1,B_mahalanobis,1,20,0.9166666666666666
PRONOSTIA,C1,Bearing1_1,A_rms_3sigma,1,20,0.8
PRONOSTIA,C1,Bearing1_1,B_mahalanobis,1,20,0.8166666666666667
PRONOSTIA,C1,Bearing1_1,A_rms_3sigma,1,20,0.8
PRONOSTIA,C1,Bearing1_1,B_mahalanobis,1,20,1.0
PRONOSTIA,C1,Bearing1_1,A_rms_3sigma,1,20,0.8166666666666667
PRONOSTIA,C1,Bearing1_1,B_mahalanobis,1,20,0.9833333333333333
PRONOSTIA,C1,Bearing1_1,A_rms_3sigma,1,20,0.7666666666666667
PRONOSTIA,C1,Bearing1_1,B_mahalanobis,1,20,0.7333333333333333
PRONOSTIA,C1,Bearing1_1,A_rms_3sigma,1,20,0.7833333333333333
PRONOSTIA,C1,Bearing1_1,B_mahalanobis,1,20,0.95
PRONOSTIA,C1,Bearing1_1,A_rms_3sigma,1,20,0.0
PRONOSTIA,C1,Bearing1_1,B_mahalanobis,1,20,0.0
PRONOSTIA,C1,Bearing1_1,A_rms_3sigma,1,20,0.5333333333333333
PRONOSTIA,C1,Bearing1_1,B_mahalanobis,1,20,0.13333333333333333
PRONOSTIA,C1,Bearing1_1,A_rms_3sigma,1,20,0.8166666666666667
PRONOSTIA,C1,Bearing1_1,B_mahalanobis,1,20,0.8166666666666667
PRONOSTIA,C1,Bearing1_1,A_rms_3sigma,1,20,0.7833333333333333
PRONOSTIA,C1,Bearing1_1,B_mahalanobis,1,20,0.9
PRONOSTIA,C1,Bearing1_1,A_rms_3sigma,1,20,0.8333333333333334
PRONOSTIA,C1,Bearing1_1,B_mahalanobis,1,20,0.9166666666666666
PRONOSTIA,C1,Bearing1_1,A_rms_3sigma,1,20,0.7833333333333333
PRONOSTIA,C1,Bearing1_1,B_mahalanobis,1,20,0.9
PRONOSTIA,C1,Bearing1_1,A_rms_3sigma,1,20,0.85
PRONOSTIA,C1,Bearing1_1,B_mahalanobis,1,20,0.8166666666666667
PRONOSTIA,C1,Bearing1_1,A_rms_3sigma,1,20,0.8
PRONOSTIA,C1,Bearing1_1,B_mahalanobis,1,20,0.8166666666666667
PRONOSTIA,C1,Bearing1_1,A_rms_3sigma,1,20,0.08333333333333333
PRONOSTIA,C1,Bearing1_1,B_mahalanobis,1,20,0.1
PRONOSTIA,C1,Bearing1_1,A_rms_3sigma,1,20,0.7833333333333333
PRONOSTIA,C1,Bearing1_1,B_mahalanobis,1,20,0.9
PRONOSTIA,C1,Bearing1_1,A_rms_3sigma,1,20,0.8333333333333334
PRONOSTIA,C1,Bearing1_1,B_mahalanobis,1,20,0.85
PRONOSTIA,C1,Bearing1_1,A_rms_3sigma,1,20,0.8166666666666667
PRONOSTIA,C1,Bearing1_1,B_mahalanobis,1,20,0.8166666666666667
PRONOSTIA,C1,Bearing1_1,A_rms_3sigma,1,20,0.5333333333333333
PRONOSTIA,C1,Bearing1_1,B_mahalanobis,1,20,0.16666666666666666
PRONOSTIA,C1,Bearing1_1,A_rms_3sigma,1,20,0.7833333333333333
PRONOSTIA,C1,Bearing1_1,B_mahalanobis,1,20,1.0
PRONOSTIA,C1,Bearing1_1,A_rms_3sigma,1,20,0.0
PRONOSTIA,C1,Bearing1_1,B_mahalanobis,1,20,0.05
PRONOSTIA,C1,Bearing1_1,A_rms_3sigma,1,20,0.8166666666666667
PRONOSTIA,C1,Bearing1_1,B_mahalanobis,1,20,0.8166666666666667
PRONOSTIA,C1,Bearing1_1,A_rms_3sigma,1,20,0.8166666666666667
PRONOSTIA,C1,Bearing1_1,B_mahalanobis,1,20,0.8333333333333334
PRONOSTIA,C1,Bearing1_1,A_rms_3sigma,1,20,0.8
PRONOSTIA,C1,Bearing1_1,B_mahalanobis,1,20,1.0
PRONOSTIA,C1,Bearing1_1,A_rms_3sigma,1,20,0.8
PRONOSTIA,C1,Bearing1_1,B_mahalanobis,1,20,1.0
PRONOSTIA,C1,Bearing1_1,A_rms_3sigma,1,20,0.8333333333333334
PRONOSTIA,C1,Bearing1_1,B_mahalanobis,1,20,0.8166666666666667
PRONOSTIA,C1,Bearing1_1,A_rms_3sigma,1,20,0.8166666666666667
PRONOSTIA,C1,Bearing1_1,B_mahalanobis,1,20,0.8166666666666667
PRONOSTIA,C1,Bearing1_1,A_rms_3sigma,1,20,0.8833333333333333
PRONOSTIA,C1,Bearing1_1,B_mahalanobis,1,20,0.8833333333333333
PRONOSTIA,C1,Bearing1_1,A_rms_3sigma,1,20,0.65
PRONOSTIA,C1,Bearing1_1,B_mahalanobis,1,20,0.0
PRONOSTIA,C1,Bearing1_1,A_rms_3sigma,1,20,0.8
PRONOSTIA,C1,Bearing1_1,B_mahalanobis,1,20,0.8166666666666667
PRONOSTIA,C1,Bearing1_1,A_rms_3sigma,2,20,0.65
PRONOSTIA,C1,Bearing1_1,B_mahalanobis,2,20,0.016666666666666666
PRONOSTIA,C1,Bearing1_1,A_rms_3sigma,2,20,0.5333333333333333
PRONOSTIA,C1,Bearing1_1,B_mahalanobis,2,20,0.16666666666666666
PRONOSTIA,C1,Bearing1_1,A_rms_3sigma,2,20,0.8
PRONOSTIA,C1,Bearing1_1,B_mahalanobis,2,20,0.7833333333333333
PRONOSTIA,C1,Bearing1_1,A_rms_3sigma,2,20,0.8333333333333334
PRONOSTIA,C1,Bearing1_1,B_mahalanobis,2,20,0.8166666666666667
PRONOSTIA,C1,Bearing1_1,A_rms_3sigma,2,20,0.8
PRONOSTIA,C1,Bearing1_1,B_mahalanobis,2,20,0.7833333333333333
PRONOSTIA,C1,Bearing1_1,A_rms_3sigma,2,20,0.8
PRONOSTIA,C1,Bearing1_1,B_mahalanobis,2,20,0.7833333333333333
PRONOSTIA,C1,Bearing1_1,A_rms_3sigma,2,20,0.7666666666666667
PRONOSTIA,C1,Bearing1_1,B_mahalanobis,2,20,0.65
PRONOSTIA,C1,Bearing1_1,A_rms_3sigma,2,20,0.65
PRONOSTIA,C1,Bearing1_1,B_mahalanobis,2,20,0.7666666666666667
PRONOSTIA,C1,Bearing1_1,A_rms_3sigma,2,20,0.7333333333333333
PRONOSTIA,C1,Bearing1_1,B_mahalanobis,2,20,0.23333333333333334
PRONOSTIA,C1,Bearing1_1,A_rms_3sigma,2,20,0.0
PRONOSTIA,C1,Bearing1_1,B_mahalanobis,2,20,0.16666666666666666
PRONOSTIA,C1,Bearing1_1,A_rms_3sigma,2,20,0.7833333333333333
PRONOSTIA,C1,Bearing1_1,B_mahalanobis,2,20,0.7833333333333333
PRONOSTIA,C1,Bearing1_1,A_rms_3sigma,2,20,0.8166666666666667
PRONOSTIA,C1,Bearing1_1,B_mahalanobis,2,20,0.8166666666666667
PRONOSTIA,C1,Bearing1_1,A_rms_3sigma,2,20,0.7166666666666667
PRONOSTIA,C1,Bearing1_1,B_mahalanobis,2,20,0.5666666666666667
PRONOSTIA,C1,Bearing1_1,A_rms_3sigma,2,20,0.08333333333333333
PRONOSTIA,C1,Bearing1_1,B_mahalanobis,2,20,0.15
PRONOSTIA,C1,Bearing1_1,A_rms_3sigma,2,20,0.8
PRONOSTIA,C1,Bearing1_1,B_mahalanobis,2,20,0.7666666666666667
PRONOSTIA,C1,Bearing1_1,A_rms_3sigma,2,20,0.8
PRONOSTIA,C1,Bearing1_1,B_mahalanobis,2,20,0.8166666666666667
PRONOSTIA,C1,Bearing1_1,A_rms_3sigma,2,20,0.8
PRONOSTIA,C1,Bearing1_1,B_mahalanobis,2,20,0.7833333333333333
PRONOSTIA,C1,Bearing1_1,A_rms_3sigma,2,20,0.8166666666666667
PRONOSTIA,C1,Bearing1_1,B_mahalanobis,2,20,0.8166666666666667
PRONOSTIA,C1,Bearing1_1,A_rms_3sigma,2,20,0.8166666666666667
PRONOSTIA,C1,Bearing1_1,B_mahalanobis,2,20,0.8
PRONOSTIA,C1,Bearing1_1,A_rms_3sigma,2,20,0.08333333333333333
PRONOSTIA,C1,Bearing1_1,B_mahalanobis,2,20,0.0
PRONOSTIA,C1,Bearing1_1,A_rms_3sigma,2,20,0.7833333333333333
PRONOSTIA,C1,Bearing1_1,B_mahalanobis,2,20,0.6
PRONOSTIA,C1,Bearing1_1,A_rms_3sigma,2,20,0.8
PRONOSTIA,C1,Bearing1_1,B_mahalanobis,2,20,0.85
PRONOSTIA,C1,Bearing1_1,A_rms_3sigma,2,20,0.08333333333333333
PRONOSTIA,C1,Bearing1_1,B_mahalanobis,2,20,0.21666666666666667
PRONOSTIA,C1,Bearing1_1,A_rms_3sigma,2,20,0.8
PRONOSTIA,C1,Bearing1_1,B_mahalanobis,2,20,0.8833333333333333
PRONOSTIA,C1,Bearing1_1,A_rms_3sigma,2,20,0.8166666666666667
PRONOSTIA,C1,Bearing1_1,B_mahalanobis,2,20,0.8333333333333334
PRONOSTIA,C1,Bearing1_1,A_rms_3sigma,2,20,0.0
PRONOSTIA,C1,Bearing1_1,B_mahalanobis,2,20,0.13333333333333333
PRONOSTIA,C1,Bearing1_1,A_rms_3sigma,2,20,0.08333333333333333
PRONOSTIA,C1,Bearing1_1,B_mahalanobis,2,20,0.38333333333333336
PRONOSTIA,C1,Bearing1_1,A_rms_3sigma,2,20,0.8
PRONOSTIA,C1,Bearing1_1,B_mahalanobis,2,20,0.85
PRONOSTIA,C1,Bearing1_1,A_rms_3sigma,2,20,0.8
PRONOSTIA,C1,Bearing1_1,B_mahalanobis,2,20,0.75
PRONOSTIA,C1,Bearing1_1,A_rms_3sigma,2,20,0.8
PRONOSTIA,C1,Bearing1_1,B_mahalanobis,2,20,0.8833333333333333
PRONOSTIA,C1,Bearing1_1,A_rms_3sigma,2,20,0.7833333333333333
PRONOSTIA,C1,Bearing1_1,B_mahalanobis,2,20,0.9666666666666667
PRONOSTIA,C1,Bearing1_1,A_rms_3sigma,2,20,0.8
PRONOSTIA,C1,Bearing1_1,B_mahalanobis,2,20,0.7833333333333333
PRONOSTIA,C1,Bearing1_1,A_rms_3sigma,2,20,0.8
PRONOSTIA,C1,Bearing1_1,B_mahalanobis,2,20,0.8
PRONOSTIA,C1,Bearing1_1,A_rms_3sigma,2,20,0.8
PRONOSTIA,C1,Bearing1_1,B_mahalanobis,2,20,0.8166666666666667
PRONOSTIA,C1,Bearing1_1,A_rms_3sigma,2,20,0.7
PRONOSTIA,C1,Bearing1_1,B_mahalanobis,2,20,0.13333333333333333
PRONOSTIA,C1,Bearing1_1,A_rms_3sigma,2,20,0.7833333333333333
PRONOSTIA,C1,Bearing1_1,B_mahalanobis,2,20,0.8666666666666667
PRONOSTIA,C1,Bearing1_1,A_rms_3sigma,2,20,0.7833333333333333
PRONOSTIA,C1,Bearing1_1,B_mahalanobis,2,20,0.7666666666666667
PRONOSTIA,C1,Bearing1_1,A_rms_3sigma,2,20,0.8166666666666667
PRONOSTIA,C1,Bearing1_1,B_mahalanobis,2,20,0.8
PRONOSTIA,C1,Bearing1_1,A_rms_3sigma,2,20,0.7666666666666667
PRONOSTIA,C1,Bearing1_1,B_mahalanobis,2,20,0.7833333333333333
PRONOSTIA,C1,Bearing1_1,A_rms_3sigma,2,20,0.7666666666666667
PRONOSTIA,C1,Bearing1_1,B_mahalanobis,2,20,0.016666666666666666
PRONOSTIA,C1,Bearing1_1,A_rms_3sigma,2,20,0.11666666666666667
PRONOSTIA,C1,Bearing1_1,B_mahalanobis,2,20,0.08333333333333333
PRONOSTIA,C1,Bearing1_1,A_rms_3sigma,2,20,0.8
PRONOSTIA,C1,Bearing1_1,B_mahalanobis,2,20,0.8833333333333333
PRONOSTIA,C1,Bearing1_1,A_rms_3sigma,2,20,0.7833333333333333
PRONOSTIA,C1,Bearing1_1,B_mahalanobis,2,20,0.7833333333333333
PRONOSTIA,C1,Bearing1_1,A_rms_3sigma,2,20,0.5333333333333333
PRONOSTIA,C1,Bearing1_1,B_mahalanobis,2,20,0.4166666666666667
PRONOSTIA,C1,Bearing1_1,A_rms_3sigma,2,20,0.7833333333333333
PRONOSTIA,C1,Bearing1_1,B_mahalanobis,2,20,0.9333333333333333
PRONOSTIA,C1,Bearing1_1,A_rms_3sigma,2,20,0.7666666666666667
PRONOSTIA,C1,Bearing1_1,B_mahalanobis,2,20,0.8666666666666667
PRONOSTIA,C1,Bearing1_1,A_rms_3sigma,2,20,0.8166666666666667
PRONOSTIA,C1,Bearing1_1,B_mahalanobis,2,20,0.95
PRONOSTIA,C1,Bearing1_1,A_rms_3sigma,2,20,0.5333333333333333
PRONOSTIA,C1,Bearing1_1,B_mahalanobis,2,20,0.6
PRONOSTIA,C1,Bearing1_1,A_rms_3sigma,2,20,0.7666666666666667
PRONOSTIA,C1,Bearing1_1,B_mahalanobis,2,20,0.6833333333333333
PRONOSTIA,C1,Bearing1_1,A_rms_3sigma,2,20,0.7833333333333333
PRONOSTIA,C1,Bearing1_1,B_mahalanobis,2,20,0.7833333333333333
PRONOSTIA,C1,Bearing1_1,A_rms_3sigma,3,18,0.8
PRONOSTIA,C1,Bearing1_1,B_mahalanobis,3,18,0.7333333333333333
PRONOSTIA,C1,Bearing1_1,A_rms_3sigma,3,18,0.8
PRONOSTIA,C1,Bearing1_1,B_mahalanobis,3,18,0.7666666666666667
PRONOSTIA,C1,Bearing1_1,A_rms_3sigma,3,18,0.6166666666666667
PRONOSTIA,C1,Bearing1_1,B_mahalanobis,3,18,0.11666666666666667
PRONOSTIA,C1,Bearing1_1,A_rms_3sigma,3,18,0.0
PRONOSTIA,C1,Bearing1_1,B_mahalanobis,3,18,0.0
PRONOSTIA,C1,Bearing1_1,A_rms_3sigma,3,18,0.8166666666666667
PRONOSTIA,C1,Bearing1_1,B_mahalanobis,3,18,0.8
PRONOSTIA,C1,Bearing1_1,A_rms_3sigma,3,18,0.7833333333333333
PRONOSTIA,C1,Bearing1_1,B_mahalanobis,3,18,0.75
PRONOSTIA,C1,Bearing1_1,A_rms_3sigma,3,18,0.8
PRONOSTIA,C1,Bearing1_1,B_mahalanobis,3,18,0.9333333333333333
PRONOSTIA,C1,Bearing1_1,A_rms_3sigma,3,18,0.7833333333333333
PRONOSTIA,C1,Bearing1_1,B_mahalanobis,3,18,0.7
PRONOSTIA,C1,Bearing1_1,A_rms_3sigma,3,18,0.7833333333333333
PRONOSTIA,C1,Bearing1_1,B_mahalanobis,3,18,0.7666666666666667
PRONOSTIA,C1,Bearing1_1,A_rms_3sigma,3,18,0.7666666666666667
PRONOSTIA,C1,Bearing1_1,B_mahalanobis,3,18,0.75
PRONOSTIA,C1,Bearing1_1,A_rms_3sigma,3,18,0.0
PRONOSTIA,C1,Bearing1_1,B_mahalanobis,3,18,0.016666666666666666
PRONOSTIA,C1,Bearing1_1,A_rms_3sigma,3,18,0.7833333333333333
PRONOSTIA,C1,Bearing1_1,B_mahalanobis,3,18,0.7666666666666667
PRONOSTIA,C1,Bearing1_1,A_rms_3sigma,3,18,0.5333333333333333
PRONOSTIA,C1,Bearing1_1,B_mahalanobis,3,18,0.11666666666666667
PRONOSTIA,C1,Bearing1_1,A_rms_3sigma,3,18,0.8166666666666667
PRONOSTIA,C1,Bearing1_1,B_mahalanobis,3,18,0.7833333333333333
PRONOSTIA,C1,Bearing1_1,A_rms_3sigma,3,18,0.7833333333333333
PRONOSTIA,C1,Bearing1_1,B_mahalanobis,3,18,0.6333333333333333
PRONOSTIA,C1,Bearing1_1,A_rms_3sigma,3,18,0.08333333333333333
PRONOSTIA,C1,Bearing1_1,B_mahalanobis,3,18,0.3333333333333333
PRONOSTIA,C1,Bearing1_1,A_rms_3sigma,3,18,0.7833333333333333
PRONOSTIA,C1,Bearing1_1,B_mahalanobis,3,18,0.7666666666666667
PRONOSTIA,C1,Bearing1_1,A_rms_3sigma,3,18,0.7666666666666667
PRONOSTIA,C1,Bearing1_1,B_mahalanobis,3,18,0.6
PRONOSTIA,C1,Bearing1_1,A_rms_3sigma,3,18,0.0
PRONOSTIA,C1,Bearing1_1,B_mahalanobis,3,18,0.05
PRONOSTIA,C1,Bearing1_1,A_rms_3sigma,3,18,0.6833333333333333
PRONOSTIA,C1,Bearing1_1,B_mahalanobis,3,18,0.25
PRONOSTIA,C1,Bearing1_1,A_rms_3sigma,3,18,0.8
PRONOSTIA,C1,Bearing1_1,B_mahalanobis,3,18,0.7833333333333333
PRONOSTIA,C1,Bearing1_1,A_rms_3sigma,3,18,0.7833333333333333
PRONOSTIA,C1,Bearing1_1,B_mahalanobis,3,18,0.7833333333333333
PRONOSTIA,C1,Bearing1_1,A_rms_3sigma,3,18,0.8
PRONOSTIA,C1,Bearing1_1,B_mahalanobis,3,18,0.95
PRONOSTIA,C1,Bearing1_1,A_rms_3sigma,3,18,0.7833333333333333
PRONOSTIA,C1,Bearing1_1,B_mahalanobis,3,18,0.9
PRONOSTIA,C1,Bearing1_1,A_rms_3sigma,3,18,0.6833333333333333
PRONOSTIA,C1,Bearing1_1,B_mahalanobis,3,18,0.7666666666666667
PRONOSTIA,C1,Bearing1_1,A_rms_3sigma,3,18,0.08333333333333333
PRONOSTIA,C1,Bearing1_1,B_mahalanobis,3,18,0.0
PRONOSTIA,C1,Bearing1_1,A_rms_3sigma,3,18,0.08333333333333333
PRONOSTIA,C1,Bearing1_1,B_mahalanobis,3,18,0.3
PRONOSTIA,C1,Bearing1_1,A_rms_3sigma,3,18,0.7833333333333333
PRONOSTIA,C1,Bearing1_1,B_mahalanobis,3,18,0.85
PRONOSTIA,C1,Bearing1_1,A_rms_3sigma,3,18,0.6833333333333333
PRONOSTIA,C1,Bearing1_1,B_mahalanobis,3,18,0.65
PRONOSTIA,C1,Bearing1_1,A_rms_3sigma,3,18,0.8166666666666667
PRONOSTIA,C1,Bearing1_1,B_mahalanobis,3,18,0.7833333333333333
PRONOSTIA,C1,Bearing1_1,A_rms_3sigma,3,18,0.8166666666666667
PRONOSTIA,C1,Bearing1_1,B_mahalanobis,3,18,0.9333333333333333
PRONOSTIA,C1,Bearing1_1,A_rms_3sigma,3,18,0.6833333333333333
PRONOSTIA,C1,Bearing1_1,B_mahalanobis,3,18,0.18333333333333332
PRONOSTIA,C1,Bearing1_1,A_rms_3sigma,3,18,0.8
PRONOSTIA,C1,Bearing1_1,B_mahalanobis,3,18,0.8666666666666667
PRONOSTIA,C1,Bearing1_1,A_rms_3sigma,3,18,0.8
PRONOSTIA,C1,Bearing1_1,B_mahalanobis,3,18,0.8
PRONOSTIA,C1,Bearing1_1,A_rms_3sigma,3,18,0.8
PRONOSTIA,C1,Bearing1_1,B_mahalanobis,3,18,0.7833333333333333
PRONOSTIA,C1,Bearing1_1,A_rms_3sigma,3,18,0.8
PRONOSTIA,C1,Bearing1_1,B_mahalanobis,3,18,0.75
PRONOSTIA,C1,Bearing1_1,A_rms_3sigma,3,18,0.6666666666666666
PRONOSTIA,C1,Bearing1_1,B_mahalanobis,3,18,0.35
PRONOSTIA,C1,Bearing1_1,A_rms_3sigma,3,18,0.8
PRONOSTIA,C1,Bearing1_1,B_mahalanobis,3,18,0.7666666666666667
PRONOSTIA,C1,Bearing1_1,A_rms_3sigma,3,18,0.7666666666666667
PRONOSTIA,C1,Bearing1_1,B_mahalanobis,3,18,0.8
PRONOSTIA,C1,Bearing1_1,A_rms_3sigma,3,18,0.7833333333333333
PRONOSTIA,C1,Bearing1_1,B_mahalanobis,3,18,0.8
PRONOSTIA,C1,Bearing1_1,A_rms_3sigma,3,18,0.7833333333333333
PRONOSTIA,C1,Bearing1_1,B_mahalanobis,3,18,0.7
PRONOSTIA,C1,Bearing1_1,A_rms_3sigma,3,18,0.0
PRONOSTIA,C1,Bearing1_1,B_mahalanobis,3,18,0.13333333333333333
PRONOSTIA,C1,Bearing1_1,A_rms_3sigma,3,18,0.5666666666666667
PRONOSTIA,C1,Bearing1_1,B_mahalanobis,3,18,0.11666666666666667
PRONOSTIA,C1,Bearing1_1,A_rms_3sigma,3,18,0.8
PRONOSTIA,C1,Bearing1_1,B_mahalanobis,3,18,0.7666666666666667
PRONOSTIA,C1,Bearing1_1,A_rms_3sigma,3,18,0.8
PRONOSTIA,C1,Bearing1_1,B_mahalanobis,3,18,0.7833333333333333
PRONOSTIA,C1,Bearing1_1,A_rms_3sigma,3,18,0.7833333333333333
PRONOSTIA,C1,Bearing1_1,B_mahalanobis,3,18,0.7666666666666667
PRONOSTIA,C1,Bearing1_1,A_rms_3sigma,3,18,0.7666666666666667
PRONOSTIA,C1,Bearing1_1,B_mahalanobis,3,18,0.7
PRONOSTIA,C1,Bearing1_1,A_rms_3sigma,3,18,0.7666666666666667
PRONOSTIA,C1,Bearing1_1,B_mahalanobis,3,18,0.5666666666666667
PRONOSTIA,C1,Bearing1_1,A_rms_3sigma,3,18,0.08333333333333333
PRONOSTIA,C1,Bearing1_1,B_mahalanobis,3,18,0.08333333333333333
PRONOSTIA,C1,Bearing1_1,A_rms_3sigma,3,18,0.5666666666666667
PRONOSTIA,C1,Bearing1_1,B_mahalanobis,3,18,0.2
PRONOSTIA,C1,Bearing1_1,A_rms_3sigma,4,20,0.0
PRONOSTIA,C1,Bearing1_1,B_mahalanobis,4,20,0.03333333333333333
PRONOSTIA,C1,Bearing1_1,A_rms_3sigma,4,20,0.65
PRONOSTIA,C1,Bearing1_1,B_mahalanobis,4,20,0.15
PRONOSTIA,C1,Bearing1_1,A_rms_3sigma,4,20,0.8
PRONOSTIA,C1,Bearing1_1,B_mahalanobis,4,20,0.7833333333333333
PRONOSTIA,C1,Bearing1_1,A_rms_3sigma,4,20,0.7833333333333333
PRONOSTIA,C1,Bearing1_1,B_mahalanobis,4,20,0.4666666666666667
PRONOSTIA,C1,Bearing1_1,A_rms_3sigma,4,20,0.6666666666666666
PRONOSTIA,C1,Bearing1_1,B_mahalanobis,4,20,0.5666666666666667
PRONOSTIA,C1,Bearing1_1,A_rms_3sigma,4,20,0.7666666666666667
PRONOSTIA,C1,Bearing1_1,B_mahalanobis,4,20,0.7166666666666667
PRONOSTIA,C1,Bearing1_1,A_rms_3sigma,4,20,0.7666666666666667
PRONOSTIA,C1,Bearing1_1,B_mahalanobis,4,20,0.65
PRONOSTIA,C1,Bearing1_1,A_rms_3sigma,4,20,0.7833333333333333
PRONOSTIA,C1,Bearing1_1,B_mahalanobis,4,20,0.7666666666666667
PRONOSTIA,C1,Bearing1_1,A_rms_3sigma,4,20,0.5666666666666667
PRONOSTIA,C1,Bearing1_1,B_mahalanobis,4,20,0.31666666666666665
PRONOSTIA,C1,Bearing1_1,A_rms_3sigma,4,20,0.0
PRONOSTIA,C1,Bearing1_1,B_mahalanobis,4,20,0.0
PRONOSTIA,C1,Bearing1_1,A_rms_3sigma,4,20,0.8
PRONOSTIA,C1,Bearing1_1,B_mahalanobis,4,20,0.7833333333333333
PRONOSTIA,C1,Bearing1_1,A_rms_3sigma,4,20,0.8
PRONOSTIA,C1,Bearing1_1,B_mahalanobis,4,20,0.7666666666666667
PRONOSTIA,C1,Bearing1_1,A_rms_3sigma,4,20,0.08333333333333333
PRONOSTIA,C1,Bearing1_1,B_mahalanobis,4,20,0.13333333333333333
PRONOSTIA,C1,Bearing1_1,A_rms_3sigma,4,20,0.8166666666666667
PRONOSTIA,C1,Bearing1_1,B_mahalanobis,4,20,0.7833333333333333
PRONOSTIA,C1,Bearing1_1,A_rms_3sigma,4,20,0.8
PRONOSTIA,C1,Bearing1_1,B_mahalanobis,4,20,0.7666666666666667
PRONOSTIA,C1,Bearing1_1,A_rms_3sigma,4,20,0.8
PRONOSTIA,C1,Bearing1_1,B_mahalanobis,4,20,0.5666666666666667
PRONOSTIA,C1,Bearing1_1,A_rms_3sigma,4,20,0.8
PRONOSTIA,C1,Bearing1_1,B_mahalanobis,4,20,0.7833333333333333
PRONOSTIA,C1,Bearing1_1,A_rms_3sigma,4,20,0.8
PRONOSTIA,C1,Bearing1_1,B_mahalanobis,4,20,0.7833333333333333
PRONOSTIA,C1,Bearing1_1,A_rms_3sigma,4,20,0.0
PRONOSTIA,C1,Bearing1_1,B_mahalanobis,4,20,0.11666666666666667
PRONOSTIA,C1,Bearing1_1,A_rms_3sigma,4,20,0.8
PRONOSTIA,C1,Bearing1_1,B_mahalanobis,4,20,0.7666666666666667
PRONOSTIA,C1,Bearing1_1,A_rms_3sigma,4,20,0.7666666666666667
PRONOSTIA,C1,Bearing1_1,B_mahalanobis,4,20,0.5333333333333333
PRONOSTIA,C1,Bearing1_1,A_rms_3sigma,4,20,0.8
PRONOSTIA,C1,Bearing1_1,B_mahalanobis,4,20,0.65
PRONOSTIA,C1,Bearing1_1,A_rms_3sigma,4,20,0.8
PRONOSTIA,C1,Bearing1_1,B_mahalanobis,4,20,0.7833333333333333
PRONOSTIA,C1,Bearing1_1,A_rms_3sigma,4,20,0.8
PRONOSTIA,C1,Bearing1_1,B_mahalanobis,4,20,0.7666666666666667
PRONOSTIA,C1,Bearing1_1,A_rms_3sigma,4,20,0.8
PRONOSTIA,C1,Bearing1_1,B_mahalanobis,4,20,0.7666666666666667
PRONOSTIA,C1,Bearing1_1,A_rms_3sigma,4,20,0.08333333333333333
PRONOSTIA,C1,Bearing1_1,B_mahalanobis,4,20,0.21666666666666667
PRONOSTIA,C1,Bearing1_1,A_rms_3sigma,4,20,0.7666666666666667
PRONOSTIA,C1,Bearing1_1,B_mahalanobis,4,20,0.7666666666666667
PRONOSTIA,C1,Bearing1_1,A_rms_3sigma,4,20,0.8166666666666667
PRONOSTIA,C1,Bearing1_1,B_mahalanobis,4,20,0.7833333333333333
PRONOSTIA,C1,Bearing1_1,A_rms_3sigma,4,20,0.8
PRONOSTIA,C1,Bearing1_1,B_mahalanobis,4,20,0.7666666666666667
PRONOSTIA,C1,Bearing1_1,A_rms_3sigma,4,20,0.7833333333333333
PRONOSTIA,C1,Bearing1_1,B_mahalanobis,4,20,0.1
PRONOSTIA,C1,Bearing1_1,A_rms_3sigma,4,20,0.0
PRONOSTIA,C1,Bearing1_1,B_mahalanobis,4,20,0.0
PRONOSTIA,C1,Bearing1_1,A_rms_3sigma,4,20,0.8
PRONOSTIA,C1,Bearing1_1,B_mahalanobis,4,20,0.7833333333333333
PRONOSTIA,C1,Bearing1_1,A_rms_3sigma,4,20,0.08333333333333333
PRONOSTIA,C1,Bearing1_1,B_mahalanobis,4,20,0.55
PRONOSTIA,C1,Bearing1_1,A_rms_3sigma,4,20,0.7833333333333333
PRONOSTIA,C1,Bearing1_1,B_mahalanobis,4,20,0.7666666666666667
PRONOSTIA,C1,Bearing1_1,A_rms_3sigma,4,20,0.8
PRONOSTIA,C1,Bearing1_1,B_mahalanobis,4,20,0.7666666666666667
PRONOSTIA,C1,Bearing1_1,A_rms_3sigma,4,20,0.8
PRONOSTIA,C1,Bearing1_1,B_mahalanobis,4,20,0.7666666666666667
PRONOSTIA,C1,Bearing1_1,A_rms_3sigma,4,20,0.8
PRONOSTIA,C1,Bearing1_1,B_mahalanobis,4,20,0.7666666666666667
PRONOSTIA,C1,Bearing1_1,A_rms_3sigma,4,20,0.5666666666666667
PRONOSTIA,C1,Bearing1_1,B_mahalanobis,4,20,0.016666666666666666
PRONOSTIA,C1,Bearing1_1,A_rms_3sigma,4,20,0.7666666666666667
PRONOSTIA,C1,Bearing1_1,B_mahalanobis,4,20,0.16666666666666666
PRONOSTIA,C1,Bearing1_1,A_rms_3sigma,4,20,0.8
PRONOSTIA,C1,Bearing1_1,B_mahalanobis,4,20,0.25
PRONOSTIA,C1,Bearing1_1,A_rms_3sigma,4,20,0.8
PRONOSTIA,C1,Bearing1_1,B_mahalanobis,4,20,0.7666666666666667
PRONOSTIA,C1,Bearing1_1,A_rms_3sigma,4,20,0.7833333333333333
PRONOSTIA,C1,Bearing1_1,B_mahalanobis,4,20,0.55
PRONOSTIA,C1,Bearing1_1,A_rms_3sigma,4,20,0.7833333333333333
PRONOSTIA,C1,Bearing1_1,B_mahalanobis,4,20,0.5
PRONOSTIA,C1,Bearing1_1,A_rms_3sigma,4,20,0.7833333333333333
PRONOSTIA,C1,Bearing1_1,B_mahalanobis,4,20,0.7166666666666667
PRONOSTIA,C1,Bearing1_1,A_rms_3sigma,4,20,0.8
PRONOSTIA,C1,Bearing1_1,B_mahalanobis,4,20,0.6666666666666666
PRONOSTIA,C1,Bearing1_1,A_rms_3sigma,4,20,0.7833333333333333
PRONOSTIA,C1,Bearing1_1,B_mahalanobis,4,20,0.7166666666666667
PRONOSTIA,C1,Bearing1_1,A_rms_3sigma,4,20,0.8166666666666667
PRONOSTIA,C1,Bearing1_1,B_mahalanobis,4,20,0.7666666666666667
PRONOSTIA,C1,Bearing1_1,A_rms_3sigma,4,20,0.13333333333333333
PRONOSTIA,C1,Bearing1_1,B_mahalanobis,4,20,0.06666666666666667
PRONOSTIA,C1,Bearing1_1,A_rms_3sigma,4,20,0.7833333333333333
PRONOSTIA,C1,Bearing1_1,B_mahalanobis,4,20,0.48333333333333334
PRONOSTIA,C1,Bearing1_1,A_rms_3sigma,4,20,0.7833333333333333
PRONOSTIA,C1,Bearing1_1,B_mahalanobis,4,20,0.55
PRONOSTIA,C1,Bearing1_2,A_rms_3sigma,1,20,0.0
PRONOSTIA,C1,Bearing1_2,B_mahalanobis,1,20,0.7833333333333333
PRONOSTIA,C1,Bearing1_2,A_rms_3sigma,1,20,0.0
PRONOSTIA,C1,Bearing1_2,B_mahalanobis,1,20,0.7
PRONOSTIA,C1,Bearing1_2,A_rms_3sigma,1,20,0.2
PRONOSTIA,C1,Bearing1_2,B_mahalanobis,1,20,0.48333333333333334
PRONOSTIA,C1,Bearing1_2,A_rms_3sigma,1,20,0.05
PRONOSTIA,C1,Bearing1_2,B_mahalanobis,1,20,0.75
PRONOSTIA,C1,Bearing1_2,A_rms_3sigma,1,20,0.0
PRONOSTIA,C1,Bearing1_2,B_mahalanobis,1,20,0.11666666666666667
PRONOSTIA,C1,Bearing1_2,A_rms_3sigma,1,20,0.16666666666666666
PRONOSTIA,C1,Bearing1_2,B_mahalanobis,1,20,1.0
PRONOSTIA,C1,Bearing1_2,A_rms_3sigma,1,20,0.15
PRONOSTIA,C1,Bearing1_2,B_mahalanobis,1,20,0.9666666666666667
PRONOSTIA,C1,Bearing1_2,A_rms_3sigma,1,20,0.26666666666666666
PRONOSTIA,C1,Bearing1_2,B_mahalanobis,1,20,0.4666666666666667
PRONOSTIA,C1,Bearing1_2,A_rms_3sigma,1,20,0.21666666666666667
PRONOSTIA,C1,Bearing1_2,B_mahalanobis,1,20,0.4166666666666667
PRONOSTIA,C1,Bearing1_2,A_rms_3sigma,1,20,0.15
PRONOSTIA,C1,Bearing1_2,B_mahalanobis,1,20,0.8666666666666667
PRONOSTIA,C1,Bearing1_2,A_rms_3sigma,1,20,0.16666666666666666
PRONOSTIA,C1,Bearing1_2,B_mahalanobis,1,20,0.9833333333333333
PRONOSTIA,C1,Bearing1_2,A_rms_3sigma,1,20,0.2
PRONOSTIA,C1,Bearing1_2,B_mahalanobis,1,20,0.5166666666666667
PRONOSTIA,C1,Bearing1_2,A_rms_3sigma,1,20,0.0
PRONOSTIA,C1,Bearing1_2,B_mahalanobis,1,20,0.8
PRONOSTIA,C1,Bearing1_2,A_rms_3sigma,1,20,0.0
PRONOSTIA,C1,Bearing1_2,B_mahalanobis,1,20,0.6833333333333333
PRONOSTIA,C1,Bearing1_2,A_rms_3sigma,1,20,0.0
PRONOSTIA,C1,Bearing1_2,B_mahalanobis,1,20,0.36666666666666664
PRONOSTIA,C1,Bearing1_2,A_rms_3sigma,1,20,0.0
PRONOSTIA,C1,Bearing1_2,B_mahalanobis,1,20,0.15
PRONOSTIA,C1,Bearing1_2,A_rms_3sigma,1,20,0.15
PRONOSTIA,C1,Bearing1_2,B_mahalanobis,1,20,0.9666666666666667
PRONOSTIA,C1,Bearing1_2,A_rms_3sigma,1,20,0.13333333333333333
PRONOSTIA,C1,Bearing1_2,B_mahalanobis,1,20,0.95
PRONOSTIA,C1,Bearing1_2,A_rms_3sigma,1,20,0.2
PRONOSTIA,C1,Bearing1_2,B_mahalanobis,1,20,0.31666666666666665
PRONOSTIA,C1,Bearing1_2,A_rms_3sigma,1,20,0.15
PRONOSTIA,C1,Bearing1_2,B_mahalanobis,1,20,0.9166666666666666
PRONOSTIA,C1,Bearing1_2,A_rms_3sigma,1,20,0.0
PRONOSTIA,C1,Bearing1_2,B_mahalanobis,1,20,0.1
PRONOSTIA,C1,Bearing1_2,A_rms_3sigma,1,20,0.0
PRONOSTIA,C1,Bearing1_2,B_mahalanobis,1,20,0.21666666666666667
PRONOSTIA,C1,Bearing1_2,A_rms_3sigma,1,20,0.15
PRONOSTIA,C1,Bearing1_2,B_mahalanobis,1,20,0.9333333333333333
PRONOSTIA,C1,Bearing1_2,A_rms_3sigma,1,20,0.18333333333333332
PRONOSTIA,C1,Bearing1_2,B_mahalanobis,1,20,1.0
PRONOSTIA,C1,Bearing1_2,A_rms_3sigma,1,20,0.2
PRONOSTIA,C1,Bearing1_2,B_mahalanobis,1,20,1.0
PRONOSTIA,C1,Bearing1_2,A_rms_3sigma,1,20,0.16666666666666666
PRONOSTIA,C1,Bearing1_2,B_mahalanobis,1,20,0.3
PRONOSTIA,C1,Bearing1_2,A_rms_3sigma,1,20,0.2
PRONOSTIA,C1,Bearing1_2,B_mahalanobis,1,20,0.3
PRONOSTIA,C1,Bearing1_2,A_rms_3sigma,1,20,0.16666666666666666
PRONOSTIA,C1,Bearing1_2,B_mahalanobis,1,20,0.3333333333333333
PRONOSTIA,C1,Bearing1_2,A_rms_3sigma,1,20,0.26666666666666666
PRONOSTIA,C1,Bearing1_2,B_mahalanobis,1,20,0.7333333333333333
PRONOSTIA,C1,Bearing1_2,A_rms_3sigma,1,20,0.13333333333333333
PRONOSTIA,C1,Bearing1_2,B_mahalanobis,1,20,0.95
PRONOSTIA,C1,Bearing1_2,A_rms_3sigma,1,20,0.16666666666666666
PRONOSTIA,C1,Bearing1_2,B_mahalanobis,1,20,0.9666666666666667
PRONOSTIA,C1,Bearing1_2,A_rms_3sigma,1,20,0.0
PRONOSTIA,C1,Bearing1_2,B_mahalanobis,1,20,0.06666666666666667
PRONOSTIA,C1,Bearing1_2,A_rms_3sigma,1,20,0.18333333333333332
PRONOSTIA,C1,Bearing1_2,B_mahalanobis,1,20,1.0
PRONOSTIA,C1,Bearing1_2,A_rms_3sigma,1,20,0.13333333333333333
PRONOSTIA,C1,Bearing1_2,B_mahalanobis,1,20,0.9666666666666667
PRONOSTIA,C1,Bearing1_2,A_rms_3sigma,1,20,0.21666666666666667
PRONOSTIA,C1,Bearing1_2,B_mahalanobis,1,20,0.4166666666666667
PRONOSTIA,C1,Bearing1_2,A_rms_3sigma,1,20,0.13333333333333333
PRONOSTIA,C1,Bearing1_2,B_mahalanobis,1,20,0.95
PRONOSTIA,C1,Bearing1_2,A_rms_3sigma,1,20,0.16666666666666666
PRONOSTIA,C1,Bearing1_2,B_mahalanobis,1,20,0.36666666666666664
PRONOSTIA,C1,Bearing1_2,A_rms_3sigma,1,20,0.15
PRONOSTIA,C1,Bearing1_2,B_mahalanobis,1,20,0.9666666666666667
PRONOSTIA,C1,Bearing1_2,A_rms_3sigma,1,20,0.0
PRONOSTIA,C1,Bearing1_2,B_mahalanobis,1,20,0.8666666666666667
PRONOSTIA,C1,Bearing1_2,A_rms_3sigma,1,20,0.16666666666666666
PRONOSTIA,C1,Bearing1_2,B_mahalanobis,1,20,0.9833333333333333
PRONOSTIA,C1,Bearing1_2,A_rms_3sigma,1,20,0.26666666666666666
PRONOSTIA,C1,Bearing1_2,B_mahalanobis,1,20,0.7333333333333333
PRONOSTIA,C1,Bearing1_2,A_rms_3sigma,1,20,0.0
PRONOSTIA,C1,Bearing1_2,B_mahalanobis,1,20,0.6833333333333333
PRONOSTIA,C1,Bearing1_2,A_rms_3sigma,1,20,0.26666666666666666
PRONOSTIA,C1,Bearing1_2,B_mahalanobis,1,20,0.36666666666666664
PRONOSTIA,C1,Bearing1_2,A_rms_3sigma,1,20,0.0
PRONOSTIA,C1,Bearing1_2,B_mahalanobis,1,20,0.13333333333333333
PRONOSTIA,C1,Bearing1_2,A_rms_3sigma,1,20,0.0
PRONOSTIA,C1,Bearing1_2,B_mahalanobis,1,20,0.8666666666666667
PRONOSTIA,C1,Bearing1_2,A_rms_3sigma,1,20,0.13333333333333333
PRONOSTIA,C1,Bearing1_2,B_mahalanobis,1,20,0.95
PRONOSTIA,C1,Bearing1_2,A_rms_3sigma,1,20,0.2
PRONOSTIA,C1,Bearing1_2,B_mahalanobis,1,20,0.35
PRONOSTIA,C1,Bearing1_2,A_rms_3sigma,1,20,0.31666666666666665
PRONOSTIA,C1,Bearing1_2,B_mahalanobis,1,20,0.55
PRONOSTIA,C1,Bearing1_2,A_rms_3sigma,1,20,0.2
PRONOSTIA,C1,Bearing1_2,B_mahalanobis,1,20,0.5166666666666667
PRONOSTIA,C1,Bearing1_2,A_rms_3sigma,1,20,0.0
PRONOSTIA,C1,Bearing1_2,B_mahalanobis,1,20,0.9333333333333333
PRONOSTIA,C1,Bearing1_2,A_rms_3sigma,2,20,0.16666666666666666
PRONOSTIA,C1,Bearing1_2,B_mahalanobis,2,20,0.9166666666666666
PRONOSTIA,C1,Bearing1_2,A_rms_3sigma,2,20,0.0
PRONOSTIA,C1,Bearing1_2,B_mahalanobis,2,20,0.4
PRONOSTIA,C1,Bearing1_2,A_rms_3sigma,2,20,0.16666666666666666
PRONOSTIA,C1,Bearing1_2,B_mahalanobis,2,20,0.5166666666666667
PRONOSTIA,C1,Bearing1_2,A_rms_3sigma,2,20,0.0
PRONOSTIA,C1,Bearing1_2,B_mahalanobis,2,20,0.16666666666666666
PRONOSTIA,C1,Bearing1_2,A_rms_3sigma,2,20,0.0
PRONOSTIA,C1,Bearing1_2,B_mahalanobis,2,20,0.05
PRONOSTIA,C1,Bearing1_2,A_rms_3sigma,2,20,0.0
PRONOSTIA,C1,Bearing1_2,B_mahalanobis,2,20,0.5333333333333333
PRONOSTIA,C1,Bearing1_2,A_rms_3sigma,2,20,0.0
PRONOSTIA,C1,Bearing1_2,B_mahalanobis,2,20,0.15
PRONOSTIA,C1,Bearing1_2,A_rms_3sigma,2,20,0.2
PRONOSTIA,C1,Bearing1_2,B_mahalanobis,2,20,0.2833333333333333
PRONOSTIA,C1,Bearing1_2,A_rms_3sigma,2,20,0.0
PRONOSTIA,C1,Bearing1_2,B_mahalanobis,2,20,0.05
PRONOSTIA,C1,Bearing1_2,A_rms_3sigma,2,20,0.16666666666666666
PRONOSTIA,C1,Bearing1_2,B_mahalanobis,2,20,0.13333333333333333
PRONOSTIA,C1,Bearing1_2,A_rms_3sigma,2,20,0.16666666666666666
PRONOSTIA,C1,Bearing1_2,B_mahalanobis,2,20,0.36666666666666664
PRONOSTIA,C1,Bearing1_2,A_rms_3sigma,2,20,0.13333333333333333
PRONOSTIA,C1,Bearing1_2,B_mahalanobis,2,20,0.13333333333333333
PRONOSTIA,C1,Bearing1_2,A_rms_3sigma,2,20,0.15
PRONOSTIA,C1,Bearing1_2,B_mahalanobis,2,20,0.6166666666666667
PRONOSTIA,C1,Bearing1_2,A_rms_3sigma,2,20,0.0
PRONOSTIA,C1,Bearing1_2,B_mahalanobis,2,20,0.23333333333333334
PRONOSTIA,C1,Bearing1_2,A_rms_3sigma,2,20,0.0
PRONOSTIA,C1,Bearing1_2,B_mahalanobis,2,20,0.11666666666666667
PRONOSTIA,C1,Bearing1_2,A_rms_3sigma,2,20,0.0
PRONOSTIA,C1,Bearing1_2,B_mahalanobis,2,20,0.11666666666666667
PRONOSTIA,C1,Bearing1_2,A_rms_3sigma,2,20,0.15
PRONOSTIA,C1,Bearing1_2,B_mahalanobis,2,20,0.2
PRONOSTIA,C1,Bearing1_2,A_rms_3sigma,2,20,0.05
PRONOSTIA,C1,Bearing1_2,B_mahalanobis,2,20,0.6666666666666666
PRONOSTIA,C1,Bearing1_2,A_rms_3sigma,2,20,0.0
PRONOSTIA,C1,Bearing1_2,B_mahalanobis,2,20,0.15
PRONOSTIA,C1,Bearing1_2,A_rms_3sigma,2,20,0.13333333333333333
PRONOSTIA,C1,Bearing1_2,B_mahalanobis,2,20,0.2833333333333333
PRONOSTIA,C1,Bearing1_2,A_rms_3sigma,2,20,0.0
PRONOSTIA,C1,Bearing1_2,B_mahalanobis,2,20,0.8
PRONOSTIA,C1,Bearing1_2,A_rms_3sigma,2,20,0.0
PRONOSTIA,C1,Bearing1_2,B_mahalanobis,2,20,0.15
PRONOSTIA,C1,Bearing1_2,A_rms_3sigma,2,20,0.0
PRONOSTIA,C1,Bearing1_2,B_mahalanobis,2,20,0.31666666666666665
PRONOSTIA,C1,Bearing1_2,A_rms_3sigma,2,20,0.2
PRONOSTIA,C1,Bearing1_2,B_mahalanobis,2,20,0.5833333333333334
PRONOSTIA,C1,Bearing1_2,A_rms_3sigma,2,20,0.15
PRONOSTIA,C1,Bearing1_2,B_mahalanobis,2,20,0.18333333333333332
PRONOSTIA,C1,Bearing1_2,A_rms_3sigma,2,20,0.13333333333333333
PRONOSTIA,C1,Bearing1_2,B_mahalanobis,2,20,0.25
PRONOSTIA,C1,Bearing1_2,A_rms_3sigma,2,20,0.0
PRONOSTIA,C1,Bearing1_2,B_mahalanobis,2,20,0.11666666666666667
PRONOSTIA,C1,Bearing1_2,A_rms_3sigma,2,20,0.15
PRONOSTIA,C1,Bearing1_2,B_mahalanobis,2,20,0.85
PRONOSTIA,C1,Bearing1_2,A_rms_3sigma,2,20,0.18333333333333332
PRONOSTIA,C1,Bearing1_2,B_mahalanobis,2,20,0.45
PRONOSTIA,C1,Bearing1_2,A_rms_3sigma,2,20,0.0
PRONOSTIA,C1,Bearing1_2,B_mahalanobis,2,20,0.11666666666666667
PRONOSTIA,C1,Bearing1_2,A_rms_3sigma,2,20,0.16666666666666666
PRONOSTIA,C1,Bearing1_2,B_mahalanobis,2,20,0.36666666666666664
PRONOSTIA,C1,Bearing1_2,A_rms_3sigma,2,20,0.0
PRONOSTIA,C1,Bearing1_2,B_mahalanobis,2,20,0.18333333333333332
PRONOSTIA,C1,Bearing1_2,A_rms_3sigma,2,20,0.0
PRONOSTIA,C1,Bearing1_2,B_mahalanobis,2,20,0.13333333333333333
PRONOSTIA,C1,Bearing1_2,A_rms_3sigma,2,20,0.16666666666666666
PRONOSTIA,C1,Bearing1_2,B_mahalanobis,2,20,0.1
PRONOSTIA,C1,Bearing1_2,A_rms_3sigma,2,20,0.15
PRONOSTIA,C1,Bearing1_2,B_mahalanobis,2,20,0.8166666666666667
PRONOSTIA,C1,Bearing1_2,A_rms_3sigma,2,20,0.2
PRONOSTIA,C1,Bearing1_2,B_mahalanobis,2,20,0.5333333333333333
PRONOSTIA,C1,Bearing1_2,A_rms_3sigma,2,20,0.18333333333333332
PRONOSTIA,C1,Bearing1_2,B_mahalanobis,2,20,0.36666666666666664
PRONOSTIA,C1,Bearing1_2,A_rms_3sigma,2,20,0.15
PRONOSTIA,C1,Bearing1_2,B_mahalanobis,2,20,0.3333333333333333
PRONOSTIA,C1,Bearing1_2,A_rms_3sigma,2,20,0.0
PRONOSTIA,C1,Bearing1_2,B_mahalanobis,2,20,0.15
PRONOSTIA,C1,Bearing1_2,A_rms_3sigma,2,20,0.15
PRONOSTIA,C1,Bearing1_2,B_mahalanobis,2,20,0.9166666666666666
PRONOSTIA,C1,Bearing1_2,A_rms_3sigma,2,20,0.0
PRONOSTIA,C1,Bearing1_2,B_mahalanobis,2,20,0.18333333333333332
PRONOSTIA,C1,Bearing1_2,A_rms_3sigma,2,20,0.0
PRONOSTIA,C1,Bearing1_2,B_mahalanobis,2,20,0.5166666666666667
PRONOSTIA,C1,Bearing1_2,A_rms_3sigma,2,20,0.0
PRONOSTIA,C1,Bearing1_2,B_mahalanobis,2,20,0.65
PRONOSTIA,C1,Bearing1_2,A_rms_3sigma,2,20,0.0
PRONOSTIA,C1,Bearing1_2,B_mahalanobis,2,20,0.8
PRONOSTIA,C1,Bearing1_2,A_rms_3sigma,2,20,0.2
PRONOSTIA,C1,Bearing1_2,B_mahalanobis,2,20,0.6166666666666667
PRONOSTIA,C1,Bearing1_2,A_rms_3sigma,2,20,0.16666666666666666
PRONOSTIA,C1,Bearing1_2,B_mahalanobis,2,20,0.25
PRONOSTIA,C1,Bearing1_2,A_rms_3sigma,2,20,0.0
PRONOSTIA,C1,Bearing1_2,B_mahalanobis,2,20,0.8
PRONOSTIA,C1,Bearing1_2,A_rms_3sigma,2,20,0.0
PRONOSTIA,C1,Bearing1_2,B_mahalanobis,2,20,0.7166666666666667
PRONOSTIA,C1,Bearing1_2,A_rms_3sigma,2,20,0.16666666666666666
PRONOSTIA,C1,Bearing1_2,B_mahalanobis,2,20,0.43333333333333335
PRONOSTIA,C1,Bearing1_2,A_rms_3sigma,2,20,0.18333333333333332
PRONOSTIA,C1,Bearing1_2,B_mahalanobis,2,20,0.7666666666666667
PRONOSTIA,C1,Bearing1_2,A_rms_3sigma,3,18,0.18333333333333332
PRONOSTIA,C1,Bearing1_2,B_mahalanobis,3,18,0.1
PRONOSTIA,C1,Bearing1_2,A_rms_3sigma,3,18,0.0
PRONOSTIA,C1,Bearing1_2,B_mahalanobis,3,18,0.05
PRONOSTIA,C1,Bearing1_2,A_rms_3sigma,3,18,0.0
PRONOSTIA,C1,Bearing1_2,B_mahalanobis,3,18,0.2
PRONOSTIA,C1,Bearing1_2,A_rms_3sigma,3,18,0.0
PRONOSTIA,C1,Bearing1_2,B_mahalanobis,3,18,0.35
PRONOSTIA,C1,Bearing1_2,A_rms_3sigma,3,18,0.15
PRONOSTIA,C1,Bearing1_2,B_mahalanobis,3,18,0.36666666666666664
PRONOSTIA,C1,Bearing1_2,A_rms_3sigma,3,18,0.15
PRONOSTIA,C1,Bearing1_2,B_mahalanobis,3,18,0.2
PRONOSTIA,C1,Bearing1_2,A_rms_3sigma,3,18,0.0
PRONOSTIA,C1,Bearing1_2,B_mahalanobis,3,18,0.7166666666666667
PRONOSTIA,C1,Bearing1_2,A_rms_3sigma,3,18,0.0
PRONOSTIA,C1,Bearing1_2,B_mahalanobis,3,18,0.3
PRONOSTIA,C1,Bearing1_2,A_rms_3sigma,3,18,0.15
PRONOSTIA,C1,Bearing1_2,B_mahalanobis,3,18,0.5666666666666667
PRONOSTIA,C1,Bearing1_2,A_rms_3sigma,3,18,0.16666666666666666
PRONOSTIA,C1,Bearing1_2,B_mahalanobis,3,18,0.5666666666666667
PRONOSTIA,C1,Bearing1_2,A_rms_3sigma,3,18,0.0
PRONOSTIA,C1,Bearing1_2,B_mahalanobis,3,18,0.13333333333333333
PRONOSTIA,C1,Bearing1_2,A_rms_3sigma,3,18,0.0
PRONOSTIA,C1,Bearing1_2,B_mahalanobis,3,18,0.1
PRONOSTIA,C1,Bearing1_2,A_rms_3sigma,3,18,0.15
PRONOSTIA,C1,Bearing1_2,B_mahalanobis,3,18,0.5
PRONOSTIA,C1,Bearing1_2,A_rms_3sigma,3,18,0.0
PRONOSTIA,C1,Bearing1_2,B_mahalanobis,3,18,0.13333333333333333
PRONOSTIA,C1,Bearing1_2,A_rms_3sigma,3,18,0.15
PRONOSTIA,C1,Bearing1_2,B_mahalanobis,3,18,0.36666666666666664
PRONOSTIA,C1,Bearing1_2,A_rms_3sigma,3,18,0.0
PRONOSTIA,C1,Bearing1_2,B_mahalanobis,3,18,0.03333333333333333
PRONOSTIA,C1,Bearing1_2,A_rms_3sigma,3,18,0.0
PRONOSTIA,C1,Bearing1_2,B_mahalanobis,3,18,0.11666666666666667
PRONOSTIA,C1,Bearing1_2,A_rms_3sigma,3,18,0.0
PRONOSTIA,C1,Bearing1_2,B_mahalanobis,3,18,0.11666666666666667
PRONOSTIA,C1,Bearing1_2,A_rms_3sigma,3,18,0.0
PRONOSTIA,C1,Bearing1_2,B_mahalanobis,3,18,0.05
PRONOSTIA,C1,Bearing1_2,A_rms_3sigma,3,18,0.16666666666666666
PRONOSTIA,C1,Bearing1_2,B_mahalanobis,3,18,0.11666666666666667
PRONOSTIA,C1,Bearing1_2,A_rms_3sigma,3,18,0.0
PRONOSTIA,C1,Bearing1_2,B_mahalanobis,3,18,0.2833333333333333
PRONOSTIA,C1,Bearing1_2,A_rms_3sigma,3,18,0.0
PRONOSTIA,C1,Bearing1_2,B_mahalanobis,3,18,0.1
PRONOSTIA,C1,Bearing1_2,A_rms_3sigma,3,18,0.0
PRONOSTIA,C1,Bearing1_2,B_mahalanobis,3,18,0.2
PRONOSTIA,C1,Bearing1_2,A_rms_3sigma,3,18,0.0
PRONOSTIA,C1,Bearing1_2,B_mahalanobis,3,18,0.4166666666666667
PRONOSTIA,C1,Bearing1_2,A_rms_3sigma,3,18,0.15
PRONOSTIA,C1,Bearing1_2,B_mahalanobis,3,18,0.3333333333333333
PRONOSTIA,C1,Bearing1_2,A_rms_3sigma,3,18,0.18333333333333332
PRONOSTIA,C1,Bearing1_2,B_mahalanobis,3,18,0.8666666666666667
PRONOSTIA,C1,Bearing1_2,A_rms_3sigma,3,18,0.0
PRONOSTIA,C1,Bearing1_2,B_mahalanobis,3,18,0.26666666666666666
PRONOSTIA,C1,Bearing1_2,A_rms_3sigma,3,18,0.0
PRONOSTIA,C1,Bearing1_2,B_mahalanobis,3,18,0.11666666666666667
PRONOSTIA,C1,Bearing1_2,A_rms_3sigma,3,18,0.05
PRONOSTIA,C1,Bearing1_2,B_mahalanobis,3,18,0.7166666666666667
PRONOSTIA,C1,Bearing1_2,A_rms_3sigma,3,18,0.15
PRONOSTIA,C1,Bearing1_2,B_mahalanobis,3,18,0.75
PRONOSTIA,C1,Bearing1_2,A_rms_3sigma,3,18,0.0
PRONOSTIA,C1,Bearing1_2,B_mahalanobis,3,18,0.05
PRONOSTIA,C1,Bearing1_2,A_rms_3sigma,3,18,0.16666666666666666
PRONOSTIA,C1,Bearing1_2,B_mahalanobis,3,18,0.11666666666666667
PRONOSTIA,C1,Bearing1_2,A_rms_3sigma,3,18,0.16666666666666666
PRONOSTIA,C1,Bearing1_2,B_mahalanobis,3,18,0.25
PRONOSTIA,C1,Bearing1_2,A_rms_3sigma,3,18,0.0
PRONOSTIA,C1,Bearing1_2,B_mahalanobis,3,18,0.23333333333333334
PRONOSTIA,C1,Bearing1_2,A_rms_3sigma,3,18,0.2
PRONOSTIA,C1,Bearing1_2,B_mahalanobis,3,18,0.26666666666666666
PRONOSTIA,C1,Bearing1_2,A_rms_3sigma,3,18,0.0
PRONOSTIA,C1,Bearing1_2,B_mahalanobis,3,18,0.06666666666666667
PRONOSTIA,C1,Bearing1_2,A_rms_3sigma,3,18,0.0
PRONOSTIA,C1,Bearing1_2,B_mahalanobis,3,18,0.2833333333333333
PRONOSTIA,C1,Bearing1_2,A_rms_3sigma,3,18,0.16666666666666666
PRONOSTIA,C1,Bearing1_2,B_mahalanobis,3,18,0.13333333333333333
PRONOSTIA,C1,Bearing1_2,A_rms_3sigma,3,18,0.0
PRONOSTIA,C1,Bearing1_2,B_mahalanobis,3,18,0.06666666666666667
PRONOSTIA,C1,Bearing1_2,A_rms_3sigma,3,18,0.15
PRONOSTIA,C1,Bearing1_2,B_mahalanobis,3,18,0.13333333333333333
PRONOSTIA,C1,Bearing1_2,A_rms_3sigma,3,18,0.15
PRONOSTIA,C1,Bearing1_2,B_mahalanobis,3,18,0.9666666666666667
PRONOSTIA,C1,Bearing1_2,A_rms_3sigma,3,18,0.0
PRONOSTIA,C1,Bearing1_2,B_mahalanobis,3,18,0.05
PRONOSTIA,C1,Bearing1_2,A_rms_3sigma,3,18,0.15
PRONOSTIA,C1,Bearing1_2,B_mahalanobis,3,18,0.18333333333333332
PRONOSTIA,C1,Bearing1_2,A_rms_3sigma,3,18,0.0
PRONOSTIA,C1,Bearing1_2,B_mahalanobis,3,18,0.25
PRONOSTIA,C1,Bearing1_2,A_rms_3sigma,3,18,0.18333333333333332
PRONOSTIA,C1,Bearing1_2,B_mahalanobis,3,18,0.2
PRONOSTIA,C1,Bearing1_2,A_rms_3sigma,3,18,0.0
PRONOSTIA,C1,Bearing1_2,B_mahalanobis,3,18,0.11666666666666667
PRONOSTIA,C1,Bearing1_2,A_rms_3sigma,3,18,0.0
PRONOSTIA,C1,Bearing1_2,B_mahalanobis,3,18,0.11666666666666667
PRONOSTIA,C1,Bearing1_2,A_rms_3sigma,3,18,0.13333333333333333
PRONOSTIA,C1,Bearing1_2,B_mahalanobis,3,18,0.23333333333333334
PRONOSTIA,C1,Bearing1_2,A_rms_3sigma,3,18,0.0
PRONOSTIA,C1,Bearing1_2,B_mahalanobis,3,18,0.5
PRONOSTIA,C1,Bearing1_2,A_rms_3sigma,3,18,0.0
PRONOSTIA,C1,Bearing1_2,B_mahalanobis,3,18,0.05
PRONOSTIA,C1,Bearing1_2,A_rms_3sigma,4,20,0.0
PRONOSTIA,C1,Bearing1_2,B_mahalanobis,4,20,0.15
PRONOSTIA,C1,Bearing1_2,A_rms_3sigma,4,20,0.0
PRONOSTIA,C1,Bearing1_2,B_mahalanobis,4,20,0.05
PRONOSTIA,C1,Bearing1_2,A_rms_3sigma,4,20,0.0
PRONOSTIA,C1,Bearing1_2,B_mahalanobis,4,20,0.06666666666666667
PRONOSTIA,C1,Bearing1_2,A_rms_3sigma,4,20,0.0
PRONOSTIA,C1,Bearing1_2,B_mahalanobis,4,20,0.08333333333333333
PRONOSTIA,C1,Bearing1_2,A_rms_3sigma,4,20,0.0
PRONOSTIA,C1,Bearing1_2,B_mahalanobis,4,20,0.4666666666666667
PRONOSTIA,C1,Bearing1_2,A_rms_3sigma,4,20,0.0
PRONOSTIA,C1,Bearing1_2,B_mahalanobis,4,20,0.36666666666666664
PRONOSTIA,C1,Bearing1_2,A_rms_3sigma,4,20,0.18333333333333332
PRONOSTIA,C1,Bearing1_2,B_mahalanobis,4,20,0.7166666666666667
PRONOSTIA,C1,Bearing1_2,A_rms_3sigma,4,20,0.05
PRONOSTIA,C1,Bearing1_2,B_mahalanobis,4,20,0.06666666666666667
PRONOSTIA,C1,Bearing1_2,A_rms_3sigma,4,20,0.0
PRONOSTIA,C1,Bearing1_2,B_mahalanobis,4,20,0.1
PRONOSTIA,C1,Bearing1_2,A_rms_3sigma,4,20,0.0
PRONOSTIA,C1,Bearing1_2,B_mahalanobis,4,20,0.05
PRONOSTIA,C1,Bearing1_2,A_rms_3sigma,4,20,0.15
PRONOSTIA,C1,Bearing1_2,B_mahalanobis,4,20,0.3333333333333333
PRONOSTIA,C1,Bearing1_2,A_rms_3sigma,4,20,0.0
PRONOSTIA,C1,Bearing1_2,B_mahalanobis,4,20,0.11666666666666667
PRONOSTIA,C1,Bearing1_2,A_rms_3sigma,4,20,0.0
PRONOSTIA,C1,Bearing1_2,B_mahalanobis,4,20,0.1
PRONOSTIA,C1,Bearing1_2,A_rms_3sigma,4,20,0.0
PRONOSTIA,C1,Bearing1_2,B_mahalanobis,4,20,0.25
PRONOSTIA,C1,Bearing1_2,A_rms_3sigma,4,20,0.18333333333333332
PRONOSTIA,C1,Bearing1_2,B_mahalanobis,4,20,0.18333333333333332
PRONOSTIA,C1,Bearing1_2,A_rms_3sigma,4,20,0.0
PRONOSTIA,C1,Bearing1_2,B_mahalanobis,4,20,0.1
PRONOSTIA,C1,Bearing1_2,A_rms_3sigma,4,20,0.0
PRONOSTIA,C1,Bearing1_2,B_mahalanobis,4,20,0.25
PRONOSTIA,C1,Bearing1_2,A_rms_3sigma,4,20,0.0
PRONOSTIA,C1,Bearing1_2,B_mahalanobis,4,20,0.13333333333333333
PRONOSTIA,C1,Bearing1_2,A_rms_3sigma,4,20,0.15
PRONOSTIA,C1,Bearing1_2,B_mahalanobis,4,20,0.36666666666666664
PRONOSTIA,C1,Bearing1_2,A_rms_3sigma,4,20,0.0
PRONOSTIA,C1,Bearing1_2,B_mahalanobis,4,20,0.21666666666666667
PRONOSTIA,C1,Bearing1_2,A_rms_3sigma,4,20,0.15
PRONOSTIA,C1,Bearing1_2,B_mahalanobis,4,20,0.7166666666666667
PRONOSTIA,C1,Bearing1_2,A_rms_3sigma,4,20,0.15
PRONOSTIA,C1,Bearing1_2,B_mahalanobis,4,20,0.2
PRONOSTIA,C1,Bearing1_2,A_rms_3sigma,4,20,0.15
PRONOSTIA,C1,Bearing1_2,B_mahalanobis,4,20,0.16666666666666666
PRONOSTIA,C1,Bearing1_2,A_rms_3sigma,4,20,0.0
PRONOSTIA,C1,Bearing1_2,B_mahalanobis,4,20,0.21666666666666667
PRONOSTIA,C1,Bearing1_2,A_rms_3sigma,4,20,0.15
PRONOSTIA,C1,Bearing1_2,B_mahalanobis,4,20,0.15
PRONOSTIA,C1,Bearing1_2,A_rms_3sigma,4,20,0.0
PRONOSTIA,C1,Bearing1_2,B_mahalanobis,4,20,0.1
PRONOSTIA,C1,Bearing1_2,A_rms_3sigma,4,20,0.0
PRONOSTIA,C1,Bearing1_2,B_mahalanobis,4,20,0.03333333333333333
PRONOSTIA,C1,Bearing1_2,A_rms_3sigma,4,20,0.16666666666666666
PRONOSTIA,C1,Bearing1_2,B_mahalanobis,4,20,0.55
PRONOSTIA,C1,Bearing1_2,A_rms_3sigma,4,20,0.0
PRONOSTIA,C1,Bearing1_2,B_mahalanobis,4,20,0.05
PRONOSTIA,C1,Bearing1_2,A_rms_3sigma,4,20,0.0
PRONOSTIA,C1,Bearing1_2,B_mahalanobis,4,20,0.06666666666666667
PRONOSTIA,C1,Bearing1_2,A_rms_3sigma,4,20,0.0
PRONOSTIA,C1,Bearing1_2,B_mahalanobis,4,20,0.23333333333333334
PRONOSTIA,C1,Bearing1_2,A_rms_3sigma,4,20,0.0
PRONOSTIA,C1,Bearing1_2,B_mahalanobis,4,20,0.06666666666666667
PRONOSTIA,C1,Bearing1_2,A_rms_3sigma,4,20,0.15
PRONOSTIA,C1,Bearing1_2,B_mahalanobis,4,20,0.21666666666666667
PRONOSTIA,C1,Bearing1_2,A_rms_3sigma,4,20,0.0
PRONOSTIA,C1,Bearing1_2,B_mahalanobis,4,20,0.13333333333333333
PRONOSTIA,C1,Bearing1_2,A_rms_3sigma,4,20,0.15
PRONOSTIA,C1,Bearing1_2,B_mahalanobis,4,20,0.15
PRONOSTIA,C1,Bearing1_2,A_rms_3sigma,4,20,0.0
PRONOSTIA,C1,Bearing1_2,B_mahalanobis,4,20,0.05
PRONOSTIA,C1,Bearing1_2,A_rms_3sigma,4,20,0.0
PRONOSTIA,C1,Bearing1_2,B_mahalanobis,4,20,0.13333333333333333
PRONOSTIA,C1,Bearing1_2,A_rms_3sigma,4,20,0.0
PRONOSTIA,C1,Bearing1_2,B_mahalanobis,4,20,0.06666666666666667
PRONOSTIA,C1,Bearing1_2,A_rms_3sigma,4,20,0.0
PRONOSTIA,C1,Bearing1_2,B_mahalanobis,4,20,0.05
PRONOSTIA,C1,Bearing1_2,A_rms_3sigma,4,20,0.0
PRONOSTIA,C1,Bearing1_2,B_mahalanobis,4,20,0.08333333333333333
PRONOSTIA,C1,Bearing1_2,A_rms_3sigma,4,20,0.0
PRONOSTIA,C1,Bearing1_2,B_mahalanobis,4,20,0.08333333333333333
PRONOSTIA,C1,Bearing1_2,A_rms_3sigma,4,20,0.0
PRONOSTIA,C1,Bearing1_2,B_mahalanobis,4,20,0.18333333333333332
PRONOSTIA,C1,Bearing1_2,A_rms_3sigma,4,20,0.05
PRONOSTIA,C1,Bearing1_2,B_mahalanobis,4,20,0.25
PRONOSTIA,C1,Bearing1_2,A_rms_3sigma,4,20,0.0
PRONOSTIA,C1,Bearing1_2,B_mahalanobis,4,20,0.13333333333333333
PRONOSTIA,C1,Bearing1_2,A_rms_3sigma,4,20,0.18333333333333332
PRONOSTIA,C1,Bearing1_2,B_mahalanobis,4,20,0.16666666666666666
PRONOSTIA,C1,Bearing1_2,A_rms_3sigma,4,20,0.0
PRONOSTIA,C1,Bearing1_2,B_mahalanobis,4,20,0.06666666666666667
PRONOSTIA,C1,Bearing1_2,A_rms_3sigma,4,20,0.15
PRONOSTIA,C1,Bearing1_2,B_mahalanobis,4,20,0.3333333333333333
PRONOSTIA,C1,Bearing1_2,A_rms_3sigma,4,20,0.0
PRONOSTIA,C1,Bearing1_2,B_mahalanobis,4,20,0.06666666666666667
PRONOSTIA,C1,Bearing1_2,A_rms_3sigma,4,20,0.0
PRONOSTIA,C1,Bearing1_2,B_mahalanobis,4,20,0.06666666666666667
PRONOSTIA,C1,Bearing1_2,A_rms_3sigma,4,20,0.15
PRONOSTIA,C1,Bearing1_2,B_mahalanobis,4,20,0.26666666666666666
PRONOSTIA,C1,Bearing1_3,A_rms_3sigma,1,20,0.0
PRONOSTIA,C1,Bearing1_3,B_mahalanobis,1,20,0.15
PRONOSTIA,C1,Bearing1_3,A_rms_3sigma,1,20,0.0
PRONOSTIA,C1,Bearing1_3,B_mahalanobis,1,20,0.18333333333333332
PRONOSTIA,C1,Bearing1_3,A_rms_3sigma,1,20,0.0
PRONOSTIA,C1,Bearing1_3,B_mahalanobis,1,20,1.0
PRONOSTIA,C1,Bearing1_3,A_rms_3sigma,1,20,0.15
PRONOSTIA,C1,Bearing1_3,B_mahalanobis,1,20,0.26666666666666666
PRONOSTIA,C1,Bearing1_3,A_rms_3sigma,1,20,0.2833333333333333
PRONOSTIA,C1,Bearing1_3,B_mahalanobis,1,20,0.6
PRONOSTIA,C1,Bearing1_3,A_rms_3sigma,1,20,0.15
PRONOSTIA,C1,Bearing1_3,B_mahalanobis,1,20,0.18333333333333332
PRONOSTIA,C1,Bearing1_3,A_rms_3sigma,1,20,0.0
PRONOSTIA,C1,Bearing1_3,B_mahalanobis,1,20,0.85
PRONOSTIA,C1,Bearing1_3,A_rms_3sigma,1,20,0.23333333333333334
PRONOSTIA,C1,Bearing1_3,B_mahalanobis,1,20,0.65
PRONOSTIA,C1,Bearing1_3,A_rms_3sigma,1,20,0.3333333333333333
PRONOSTIA,C1,Bearing1_3,B_mahalanobis,1,20,0.4166666666666667
PRONOSTIA,C1,Bearing1_3,A_rms_3sigma,1,20,0.016666666666666666
PRONOSTIA,C1,Bearing1_3,B_mahalanobis,1,20,1.0
PRONOSTIA,C1,Bearing1_3,A_rms_3sigma,1,20,0.0
PRONOSTIA,C1,Bearing1_3,B_mahalanobis,1,20,1.0
PRONOSTIA,C1,Bearing1_3,A_rms_3sigma,1,20,0.0
PRONOSTIA,C1,Bearing1_3,B_mahalanobis,1,20,0.16666666666666666
PRONOSTIA,C1,Bearing1_3,A_rms_3sigma,1,20,0.0
PRONOSTIA,C1,Bearing1_3,B_mahalanobis,1,20,1.0
PRONOSTIA,C1,Bearing1_3,A_rms_3sigma,1,20,0.016666666666666666
PRONOSTIA,C1,Bearing1_3,B_mahalanobis,1,20,1.0
PRONOSTIA,C1,Bearing1_3,A_rms_3sigma,1,20,0.0
PRONOSTIA,C1,Bearing1_3,B_mahalanobis,1,20,0.95
PRONOSTIA,C1,Bearing1_3,A_rms_3sigma,1,20,0.15
PRONOSTIA,C1,Bearing1_3,B_mahalanobis,1,20,0.55
PRONOSTIA,C1,Bearing1_3,A_rms_3sigma,1,20,0.0
PRONOSTIA,C1,Bearing1_3,B_mahalanobis,1,20,0.08333333333333333
PRONOSTIA,C1,Bearing1_3,A_rms_3sigma,1,20,0.016666666666666666
PRONOSTIA,C1,Bearing1_3,B_mahalanobis,1,20,1.0
PRONOSTIA,C1,Bearing1_3,A_rms_3sigma,1,20,0.016666666666666666
PRONOSTIA,C1,Bearing1_3,B_mahalanobis,1,20,1.0
PRONOSTIA,C1,Bearing1_3,A_rms_3sigma,1,20,0.0
PRONOSTIA,C1,Bearing1_3,B_mahalanobis,1,20,0.8833333333333333
PRONOSTIA,C1,Bearing1_3,A_rms_3sigma,1,20,0.0
PRONOSTIA,C1,Bearing1_3,B_mahalanobis,1,20,0.8
PRONOSTIA,C1,Bearing1_3,A_rms_3sigma,1,20,0.0
PRONOSTIA,C1,Bearing1_3,B_mahalanobis,1,20,0.9166666666666666
PRONOSTIA,C1,Bearing1_3,A_rms_3sigma,1,20,0.016666666666666666
PRONOSTIA,C1,Bearing1_3,B_mahalanobis,1,20,1.0
PRONOSTIA,C1,Bearing1_3,A_rms_3sigma,1,20,0.016666666666666666
PRONOSTIA,C1,Bearing1_3,B_mahalanobis,1,20,1.0
PRONOSTIA,C1,Bearing1_3,A_rms_3sigma,1,20,0.0
PRONOSTIA,C1,Bearing1_3,B_mahalanobis,1,20,0.13333333333333333
PRONOSTIA,C1,Bearing1_3,A_rms_3sigma,1,20,0.0
PRONOSTIA,C1,Bearing1_3,B_mahalanobis,1,20,0.95
PRONOSTIA,C1,Bearing1_3,A_rms_3sigma,1,20,0.0
PRONOSTIA,C1,Bearing1_3,B_mahalanobis,1,20,0.9333333333333333
PRONOSTIA,C1,Bearing1_3,A_rms_3sigma,1,20,0.0
PRONOSTIA,C1,Bearing1_3,B_mahalanobis,1,20,0.95
PRONOSTIA,C1,Bearing1_3,A_rms_3sigma,1,20,0.016666666666666666
PRONOSTIA,C1,Bearing1_3,B_mahalanobis,1,20,1.0
PRONOSTIA,C1,Bearing1_3,A_rms_3sigma,1,20,0.016666666666666666
PRONOSTIA,C1,Bearing1_3,B_mahalanobis,1,20,1.0
PRONOSTIA,C1,Bearing1_3,A_rms_3sigma,1,20,0.15
PRONOSTIA,C1,Bearing1_3,B_mahalanobis,1,20,0.31666666666666665
PRONOSTIA,C1,Bearing1_3,A_rms_3sigma,1,20,0.0
PRONOSTIA,C1,Bearing1_3,B_mahalanobis,1,20,0.26666666666666666
PRONOSTIA,C1,Bearing1_3,A_rms_3sigma,1,20,0.3333333333333333
PRONOSTIA,C1,Bearing1_3,B_mahalanobis,1,20,0.36666666666666664
PRONOSTIA,C1,Bearing1_3,A_rms_3sigma,1,20,0.0
PRONOSTIA,C1,Bearing1_3,B_mahalanobis,1,20,1.0
PRONOSTIA,C1,Bearing1_3,A_rms_3sigma,1,20,0.0
PRONOSTIA,C1,Bearing1_3,B_mahalanobis,1,20,0.95
PRONOSTIA,C1,Bearing1_3,A_rms_3sigma,1,20,0.016666666666666666
PRONOSTIA,C1,Bearing1_3,B_mahalanobis,1,20,1.0
PRONOSTIA,C1,Bearing1_3,A_rms_3sigma,1,20,0.016666666666666666
PRONOSTIA,C1,Bearing1_3,B_mahalanobis,1,20,1.0
PRONOSTIA,C1,Bearing1_3,A_rms_3sigma,1,20,0.0
PRONOSTIA,C1,Bearing1_3,B_mahalanobis,1,20,0.21666666666666667
PRONOSTIA,C1,Bearing1_3,A_rms_3sigma,1,20,0.0
PRONOSTIA,C1,Bearing1_3,B_mahalanobis,1,20,1.0
PRONOSTIA,C1,Bearing1_3,A_rms_3sigma,1,20,0.0
PRONOSTIA,C1,Bearing1_3,B_mahalanobis,1,20,0.9666666666666667
PRONOSTIA,C1,Bearing1_3,A_rms_3sigma,1,20,0.0
PRONOSTIA,C1,Bearing1_3,B_mahalanobis,1,20,0.9333333333333333
PRONOSTIA,C1,Bearing1_3,A_rms_3sigma,1,20,0.0
PRONOSTIA,C1,Bearing1_3,B_mahalanobis,1,20,0.9166666666666666
PRONOSTIA,C1,Bearing1_3,A_rms_3sigma,1,20,0.0
PRONOSTIA,C1,Bearing1_3,B_mahalanobis,1,20,1.0
PRONOSTIA,C1,Bearing1_3,A_rms_3sigma,1,20,0.0
PRONOSTIA,C1,Bearing1_3,B_mahalanobis,1,20,0.9
PRONOSTIA,C1,Bearing1_3,A_rms_3sigma,1,20,0.016666666666666666
PRONOSTIA,C1,Bearing1_3,B_mahalanobis,1,20,1.0
PRONOSTIA,C1,Bearing1_3,A_rms_3sigma,1,20,0.31666666666666665
PRONOSTIA,C1,Bearing1_3,B_mahalanobis,1,20,0.36666666666666664
PRONOSTIA,C1,Bearing1_3,A_rms_3sigma,1,20,0.016666666666666666
PRONOSTIA,C1,Bearing1_3,B_mahalanobis,1,20,1.0
PRONOSTIA,C1,Bearing1_3,A_rms_3sigma,1,20,0.016666666666666666
PRONOSTIA,C1,Bearing1_3,B_mahalanobis,1,20,1.0
PRONOSTIA,C1,Bearing1_3,A_rms_3sigma,1,20,0.2
PRONOSTIA,C1,Bearing1_3,B_mahalanobis,1,20,0.48333333333333334
PRONOSTIA,C1,Bearing1_3,A_rms_3sigma,1,20,0.0
PRONOSTIA,C1,Bearing1_3,B_mahalanobis,1,20,0.9166666666666666
PRONOSTIA,C1,Bearing1_3,A_rms_3sigma,2,20,0.016666666666666666
PRONOSTIA,C1,Bearing1_3,B_mahalanobis,2,20,0.7333333333333333
PRONOSTIA,C1,Bearing1_3,A_rms_3sigma,2,20,0.0
PRONOSTIA,C1,Bearing1_3,B_mahalanobis,2,20,0.6833333333333333
PRONOSTIA,C1,Bearing1_3,A_rms_3sigma,2,20,0.0
PRONOSTIA,C1,Bearing1_3,B_mahalanobis,2,20,0.2
PRONOSTIA,C1,Bearing1_3,A_rms_3sigma,2,20,0.0
PRONOSTIA,C1,Bearing1_3,B_mahalanobis,2,20,0.2
PRONOSTIA,C1,Bearing1_3,A_rms_3sigma,2,20,0.016666666666666666
PRONOSTIA,C1,Bearing1_3,B_mahalanobis,2,20,0.6333333333333333
PRONOSTIA,C1,Bearing1_3,A_rms_3sigma,2,20,0.0
PRONOSTIA,C1,Bearing1_3,B_mahalanobis,2,20,0.35
PRONOSTIA,C1,Bearing1_3,A_rms_3sigma,2,20,0.0
PRONOSTIA,C1,Bearing1_3,B_mahalanobis,2,20,0.15
PRONOSTIA,C1,Bearing1_3,A_rms_3sigma,2,20,0.0
PRONOSTIA,C1,Bearing1_3,B_mahalanobis,2,20,0.6333333333333333
PRONOSTIA,C1,Bearing1_3,A_rms_3sigma,2,20,0.0
PRONOSTIA,C1,Bearing1_3,B_mahalanobis,2,20,0.7833333333333333
PRONOSTIA,C1,Bearing1_3,A_rms_3sigma,2,20,0.0
PRONOSTIA,C1,Bearing1_3,B_mahalanobis,2,20,0.38333333333333336
PRONOSTIA,C1,Bearing1_3,A_rms_3sigma,2,20,0.0
PRONOSTIA,C1,Bearing1_3,B_mahalanobis,2,20,0.6333333333333333
PRONOSTIA,C1,Bearing1_3,A_rms_3sigma,2,20,0.0
PRONOSTIA,C1,Bearing1_3,B_mahalanobis,2,20,0.18333333333333332
PRONOSTIA,C1,Bearing1_3,A_rms_3sigma,2,20,0.0
PRONOSTIA,C1,Bearing1_3,B_mahalanobis,2,20,0.11666666666666667
PRONOSTIA,C1,Bearing1_3,A_rms_3sigma,2,20,0.0
PRONOSTIA,C1,Bearing1_3,B_mahalanobis,2,20,0.8333333333333334
PRONOSTIA,C1,Bearing1_3,A_rms_3sigma,2,20,0.0
PRONOSTIA,C1,Bearing1_3,B_mahalanobis,2,20,0.38333333333333336
PRONOSTIA,C1,Bearing1_3,A_rms_3sigma,2,20,0.0
PRONOSTIA,C1,Bearing1_3,B_mahalanobis,2,20,0.5333333333333333
PRONOSTIA,C1,Bearing1_3,A_rms_3sigma,2,20,0.0
PRONOSTIA,C1,Bearing1_3,B_mahalanobis,2,20,0.3333333333333333
PRONOSTIA,C1,Bearing1_3,A_rms_3sigma,2,20,0.03333333333333333
PRONOSTIA,C1,Bearing1_3,B_mahalanobis,2,20,0.35
PRONOSTIA,C1,Bearing1_3,A_rms_3sigma,2,20,0.0
PRONOSTIA,C1,Bearing1_3,B_mahalanobis,2,20,0.6
PRONOSTIA,C1,Bearing1_3,A_rms_3sigma,2,20,0.0
PRONOSTIA,C1,Bearing1_3,B_mahalanobis,2,20,0.2
PRONOSTIA,C1,Bearing1_3,A_rms_3sigma,2,20,0.0
PRONOSTIA,C1,Bearing1_3,B_mahalanobis,2,20,0.36666666666666664
PRONOSTIA,C1,Bearing1_3,A_rms_3sigma,2,20,0.0
PRONOSTIA,C1,Bearing1_3,B_mahalanobis,2,20,0.45
PRONOSTIA,C1,Bearing1_3,A_rms_3sigma,2,20,0.0
PRONOSTIA,C1,Bearing1_3,B_mahalanobis,2,20,0.6666666666666666
PRONOSTIA,C1,Bearing1_3,A_rms_3sigma,2,20,0.016666666666666666
PRONOSTIA,C1,Bearing1_3,B_mahalanobis,2,20,0.36666666666666664
PRONOSTIA,C1,Bearing1_3,A_rms_3sigma,2,20,0.0
PRONOSTIA,C1,Bearing1_3,B_mahalanobis,2,20,0.5833333333333334
PRONOSTIA,C1,Bearing1_3,A_rms_3sigma,2,20,0.0
PRONOSTIA,C1,Bearing1_3,B_mahalanobis,2,20,0.3333333333333333
PRONOSTIA,C1,Bearing1_3,A_rms_3sigma,2,20,0.0
PRONOSTIA,C1,Bearing1_3,B_mahalanobis,2,20,0.5
PRONOSTIA,C1,Bearing1_3,A_rms_3sigma,2,20,0.0
PRONOSTIA,C1,Bearing1_3,B_mahalanobis,2,20,0.65
PRONOSTIA,C1,Bearing1_3,A_rms_3sigma,2,20,0.0
PRONOSTIA,C1,Bearing1_3,B_mahalanobis,2,20,0.25
PRONOSTIA,C1,Bearing1_3,A_rms_3sigma,2,20,0.016666666666666666
PRONOSTIA,C1,Bearing1_3,B_mahalanobis,2,20,0.5
PRONOSTIA,C1,Bearing1_3,A_rms_3sigma,2,20,0.0
PRONOSTIA,C1,Bearing1_3,B_mahalanobis,2,20,0.16666666666666666
PRONOSTIA,C1,Bearing1_3,A_rms_3sigma,2,20,0.0
PRONOSTIA,C1,Bearing1_3,B_mahalanobis,2,20,0.8
PRONOSTIA,C1,Bearing1_3,A_rms_3sigma,2,20,0.0
PRONOSTIA,C1,Bearing1_3,B_mahalanobis,2,20,0.5333333333333333
PRONOSTIA,C1,Bearing1_3,A_rms_3sigma,2,20,0.0
PRONOSTIA,C1,Bearing1_3,B_mahalanobis,2,20,0.11666666666666667
PRONOSTIA,C1,Bearing1_3,A_rms_3sigma,2,20,0.0
PRONOSTIA,C1,Bearing1_3,B_mahalanobis,2,20,0.3333333333333333
PRONOSTIA,C1,Bearing1_3,A_rms_3sigma,2,20,0.0
PRONOSTIA,C1,Bearing1_3,B_mahalanobis,2,20,0.13333333333333333
PRONOSTIA,C1,Bearing1_3,A_rms_3sigma,2,20,0.0
PRONOSTIA,C1,Bearing1_3,B_mahalanobis,2,20,0.16666666666666666
PRONOSTIA,C1,Bearing1_3,A_rms_3sigma,2,20,0.016666666666666666
PRONOSTIA,C1,Bearing1_3,B_mahalanobis,2,20,0.4
PRONOSTIA,C1,Bearing1_3,A_rms_3sigma,2,20,0.016666666666666666
PRONOSTIA,C1,Bearing1_3,B_mahalanobis,2,20,0.7333333333333333
PRONOSTIA,C1,Bearing1_3,A_rms_3sigma,2,20,0.016666666666666666
PRONOSTIA,C1,Bearing1_3,B_mahalanobis,2,20,0.7166666666666667
PRONOSTIA,C1,Bearing1_3,A_rms_3sigma,2,20,0.0
PRONOSTIA,C1,Bearing1_3,B_mahalanobis,2,20,0.7333333333333333
PRONOSTIA,C1,Bearing1_3,A_rms_3sigma,2,20,0.0
PRONOSTIA,C1,Bearing1_3,B_mahalanobis,2,20,0.55
PRONOSTIA,C1,Bearing1_3,A_rms_3sigma,2,20,0.0
PRONOSTIA,C1,Bearing1_3,B_mahalanobis,2,20,0.6
PRONOSTIA,C1,Bearing1_3,A_rms_3sigma,2,20,0.016666666666666666
PRONOSTIA,C1,Bearing1_3,B_mahalanobis,2,20,0.9166666666666666
PRONOSTIA,C1,Bearing1_3,A_rms_3sigma,2,20,0.016666666666666666
PRONOSTIA,C1,Bearing1_3,B_mahalanobis,2,20,0.8
PRONOSTIA,C1,Bearing1_3,A_rms_3sigma,2,20,0.016666666666666666
PRONOSTIA,C1,Bearing1_3,B_mahalanobis,2,20,0.9333333333333333
PRONOSTIA,C1,Bearing1_3,A_rms_3sigma,2,20,0.0
PRONOSTIA,C1,Bearing1_3,B_mahalanobis,2,20,0.11666666666666667
PRONOSTIA,C1,Bearing1_3,A_rms_3sigma,2,20,0.0
PRONOSTIA,C1,Bearing1_3,B_mahalanobis,2,20,0.7166666666666667
PRONOSTIA,C1,Bearing1_3,A_rms_3sigma,2,20,0.0
PRONOSTIA,C1,Bearing1_3,B_mahalanobis,2,20,0.9333333333333333
PRONOSTIA,C1,Bearing1_3,A_rms_3sigma,2,20,0.0
PRONOSTIA,C1,Bearing1_3,B_mahalanobis,2,20,0.15
PRONOSTIA,C1,Bearing1_3,A_rms_3sigma,3,18,0.0
PRONOSTIA,C1,Bearing1_3,B_mahalanobis,3,18,0.5833333333333334
PRONOSTIA,C1,Bearing1_3,A_rms_3sigma,3,18,0.0
PRONOSTIA,C1,Bearing1_3,B_mahalanobis,3,18,0.16666666666666666
PRONOSTIA,C1,Bearing1_3,A_rms_3sigma,3,18,0.0
PRONOSTIA,C1,Bearing1_3,B_mahalanobis,3,18,0.43333333333333335
PRONOSTIA,C1,Bearing1_3,A_rms_3sigma,3,18,0.0
PRONOSTIA,C1,Bearing1_3,B_mahalanobis,3,18,0.2
PRONOSTIA,C1,Bearing1_3,A_rms_3sigma,3,18,0.0
PRONOSTIA,C1,Bearing1_3,B_mahalanobis,3,18,0.23333333333333334
PRONOSTIA,C1,Bearing1_3,A_rms_3sigma,3,18,0.0
PRONOSTIA,C1,Bearing1_3,B_mahalanobis,3,18,0.23333333333333334
PRONOSTIA,C1,Bearing1_3,A_rms_3sigma,3,18,0.0
PRONOSTIA,C1,Bearing1_3,B_mahalanobis,3,18,0.4
PRONOSTIA,C1,Bearing1_3,A_rms_3sigma,3,18,0.0
PRONOSTIA,C1,Bearing1_3,B_mahalanobis,3,18,0.23333333333333334
PRONOSTIA,C1,Bearing1_3,A_rms_3sigma,3,18,0.0
PRONOSTIA,C1,Bearing1_3,B_mahalanobis,3,18,0.43333333333333335
PRONOSTIA,C1,Bearing1_3,A_rms_3sigma,3,18,0.0
PRONOSTIA,C1,Bearing1_3,B_mahalanobis,3,18,0.05
PRONOSTIA,C1,Bearing1_3,A_rms_3sigma,3,18,0.0
PRONOSTIA,C1,Bearing1_3,B_mahalanobis,3,18,0.31666666666666665
PRONOSTIA,C1,Bearing1_3,A_rms_3sigma,3,18,0.0
PRONOSTIA,C1,Bearing1_3,B_mahalanobis,3,18,0.23333333333333334
PRONOSTIA,C1,Bearing1_3,A_rms_3sigma,3,18,0.0
PRONOSTIA,C1,Bearing1_3,B_mahalanobis,3,18,0.18333333333333332
PRONOSTIA,C1,Bearing1_3,A_rms_3sigma,3,18,0.0
PRONOSTIA,C1,Bearing1_3,B_mahalanobis,3,18,0.5
PRONOSTIA,C1,Bearing1_3,A_rms_3sigma,3,18,0.05
PRONOSTIA,C1,Bearing1_3,B_mahalanobis,3,18,0.7333333333333333
PRONOSTIA,C1,Bearing1_3,A_rms_3sigma,3,18,0.0
PRONOSTIA,C1,Bearing1_3,B_mahalanobis,3,18,0.26666666666666666
PRONOSTIA,C1,Bearing1_3,A_rms_3sigma,3,18,0.0
PRONOSTIA,C1,Bearing1_3,B_mahalanobis,3,18,0.3
PRONOSTIA,C1,Bearing1_3,A_rms_3sigma,3,18,0.0
PRONOSTIA,C1,Bearing1_3,B_mahalanobis,3,18,0.23333333333333334
PRONOSTIA,C1,Bearing1_3,A_rms_3sigma,3,18,0.016666666666666666
PRONOSTIA,C1,Bearing1_3,B_mahalanobis,3,18,0.13333333333333333
PRONOSTIA,C1,Bearing1_3,A_rms_3sigma,3,18,0.0
PRONOSTIA,C1,Bearing1_3,B_mahalanobis,3,18,0.05
PRONOSTIA,C1,Bearing1_3,A_rms_3sigma,3,18,0.0
PRONOSTIA,C1,Bearing1_3,B_mahalanobis,3,18,0.25
PRONOSTIA,C1,Bearing1_3,A_rms_3sigma,3,18,0.0
PRONOSTIA,C1,Bearing1_3,B_mahalanobis,3,18,0.2833333333333333
PRONOSTIA,C1,Bearing1_3,A_rms_3sigma,3,18,0.0
PRONOSTIA,C1,Bearing1_3,B_mahalanobis,3,18,0.4666666666666667
PRONOSTIA,C1,Bearing1_3,A_rms_3sigma,3,18,0.0
PRONOSTIA,C1,Bearing1_3,B_mahalanobis,3,18,0.16666666666666666
PRONOSTIA,C1,Bearing1_3,A_rms_3sigma,3,18,0.0
PRONOSTIA,C1,Bearing1_3,B_mahalanobis,3,18,0.7166666666666667
PRONOSTIA,C1,Bearing1_3,A_rms_3sigma,3,18,0.0
PRONOSTIA,C1,Bearing1_3,B_mahalanobis,3,18,0.31666666666666665
PRONOSTIA,C1,Bearing1_3,A_rms_3sigma,3,18,0.0
PRONOSTIA,C1,Bearing1_3,B_mahalanobis,3,18,0.21666666666666667
PRONOSTIA,C1,Bearing1_3,A_rms_3sigma,3,18,0.0
PRONOSTIA,C1,Bearing1_3,B_mahalanobis,3,18,0.36666666666666664
PRONOSTIA,C1,Bearing1_3,A_rms_3sigma,3,18,0.016666666666666666
PRONOSTIA,C1,Bearing1_3,B_mahalanobis,3,18,0.36666666666666664
PRONOSTIA,C1,Bearing1_3,A_rms_3sigma,3,18,0.016666666666666666
PRONOSTIA,C1,Bearing1_3,B_mahalanobis,3,18,0.35
PRONOSTIA,C1,Bearing1_3,A_rms_3sigma,3,18,0.0
PRONOSTIA,C1,Bearing1_3,B_mahalanobis,3,18,0.31666666666666665
PRONOSTIA,C1,Bearing1_3,A_rms_3sigma,3,18,0.0
PRONOSTIA,C1,Bearing1_3,B_mahalanobis,3,18,0.48333333333333334
PRONOSTIA,C1,Bearing1_3,A_rms_3sigma,3,18,0.0
PRONOSTIA,C1,Bearing1_3,B_mahalanobis,3,18,0.13333333333333333
PRONOSTIA,C1,Bearing1_3,A_rms_3sigma,3,18,0.0
PRONOSTIA,C1,Bearing1_3,B_mahalanobis,3,18,0.5666666666666667
PRONOSTIA,C1,Bearing1_3,A_rms_3sigma,3,18,0.0
PRONOSTIA,C1,Bearing1_3,B_mahalanobis,3,18,0.3333333333333333
PRONOSTIA,C1,Bearing1_3,A_rms_3sigma,3,18,0.0
PRONOSTIA,C1,Bearing1_3,B_mahalanobis,3,18,0.2
PRONOSTIA,C1,Bearing1_3,A_rms_3sigma,3,18,0.0
PRONOSTIA,C1,Bearing1_3,B_mahalanobis,3,18,0.21666666666666667
PRONOSTIA,C1,Bearing1_3,A_rms_3sigma,3,18,0.016666666666666666
PRONOSTIA,C1,Bearing1_3,B_mahalanobis,3,18,0.31666666666666665
PRONOSTIA,C1,Bearing1_3,A_rms_3sigma,3,18,0.0
PRONOSTIA,C1,Bearing1_3,B_mahalanobis,3,18,0.23333333333333334
PRONOSTIA,C1,Bearing1_3,A_rms_3sigma,3,18,0.0
PRONOSTIA,C1,Bearing1_3,B_mahalanobis,3,18,0.13333333333333333
PRONOSTIA,C1,Bearing1_3,A_rms_3sigma,3,18,0.0
PRONOSTIA,C1,Bearing1_3,B_mahalanobis,3,18,0.2
PRONOSTIA,C1,Bearing1_3,A_rms_3sigma,3,18,0.016666666666666666
PRONOSTIA,C1,Bearing1_3,B_mahalanobis,3,18,0.11666666666666667
PRONOSTIA,C1,Bearing1_3,A_rms_3sigma,3,18,0.016666666666666666
PRONOSTIA,C1,Bearing1_3,B_mahalanobis,3,18,0.7666666666666667
PRONOSTIA,C1,Bearing1_3,A_rms_3sigma,3,18,0.0
PRONOSTIA,C1,Bearing1_3,B_mahalanobis,3,18,0.3333333333333333
PRONOSTIA,C1,Bearing1_3,A_rms_3sigma,3,18,0.0
PRONOSTIA,C1,Bearing1_3,B_mahalanobis,3,18,0.25
PRONOSTIA,C1,Bearing1_3,A_rms_3sigma,3,18,0.0
PRONOSTIA,C1,Bearing1_3,B_mahalanobis,3,18,0.26666666666666666
PRONOSTIA,C1,Bearing1_3,A_rms_3sigma,3,18,0.0
PRONOSTIA,C1,Bearing1_3,B_mahalanobis,3,18,0.6833333333333333
PRONOSTIA,C1,Bearing1_3,A_rms_3sigma,3,18,0.0
PRONOSTIA,C1,Bearing1_3,B_mahalanobis,3,18,0.7333333333333333
PRONOSTIA,C1,Bearing1_3,A_rms_3sigma,3,18,0.0
PRONOSTIA,C1,Bearing1_3,B_mahalanobis,3,18,0.36666666666666664
PRONOSTIA,C1,Bearing1_3,A_rms_3sigma,3,18,0.0
PRONOSTIA,C1,Bearing1_3,B_mahalanobis,3,18,0.48333333333333334
PRONOSTIA,C1,Bearing1_3,A_rms_3sigma,4,20,0.0
PRONOSTIA,C1,Bearing1_3,B_mahalanobis,4,20,0.08333333333333333
PRONOSTIA,C1,Bearing1_3,A_rms_3sigma,4,20,0.0
PRONOSTIA,C1,Bearing1_3,B_mahalanobis,4,20,0.23333333333333334
PRONOSTIA,C1,Bearing1_3,A_rms_3sigma,4,20,0.0
PRONOSTIA,C1,Bearing1_3,B_mahalanobis,4,20,0.2833333333333333
PRONOSTIA,C1,Bearing1_3,A_rms_3sigma,4,20,0.0
PRONOSTIA,C1,Bearing1_3,B_mahalanobis,4,20,0.4
PRONOSTIA,C1,Bearing1_3,A_rms_3sigma,4,20,0.0
PRONOSTIA,C1,Bearing1_3,B_mahalanobis,4,20,0.23333333333333334
PRONOSTIA,C1,Bearing1_3,A_rms_3sigma,4,20,0.0
PRONOSTIA,C1,Bearing1_3,B_mahalanobis,4,20,0.45
PRONOSTIA,C1,Bearing1_3,A_rms_3sigma,4,20,0.0
PRONOSTIA,C1,Bearing1_3,B_mahalanobis,4,20,0.23333333333333334
PRONOSTIA,C1,Bearing1_3,A_rms_3sigma,4,20,0.0
PRONOSTIA,C1,Bearing1_3,B_mahalanobis,4,20,0.4666666666666667
PRONOSTIA,C1,Bearing1_3,A_rms_3sigma,4,20,0.0
PRONOSTIA,C1,Bearing1_3,B_mahalanobis,4,20,0.2
PRONOSTIA,C1,Bearing1_3,A_rms_3sigma,4,20,0.0
PRONOSTIA,C1,Bearing1_3,B_mahalanobis,4,20,0.26666666666666666
PRONOSTIA,C1,Bearing1_3,A_rms_3sigma,4,20,0.0
PRONOSTIA,C1,Bearing1_3,B_mahalanobis,4,20,0.26666666666666666
PRONOSTIA,C1,Bearing1_3,A_rms_3sigma,4,20,0.0
PRONOSTIA,C1,Bearing1_3,B_mahalanobis,4,20,0.2833333333333333
PRONOSTIA,C1,Bearing1_3,A_rms_3sigma,4,20,0.0
PRONOSTIA,C1,Bearing1_3,B_mahalanobis,4,20,0.2833333333333333
PRONOSTIA,C1,Bearing1_3,A_rms_3sigma,4,20,0.016666666666666666
PRONOSTIA,C1,Bearing1_3,B_mahalanobis,4,20,0.18333333333333332
PRONOSTIA,C1,Bearing1_3,A_rms_3sigma,4,20,0.0
PRONOSTIA,C1,Bearing1_3,B_mahalanobis,4,20,0.5833333333333334
PRONOSTIA,C1,Bearing1_3,A_rms_3sigma,4,20,0.0
PRONOSTIA,C1,Bearing1_3,B_mahalanobis,4,20,0.13333333333333333
PRONOSTIA,C1,Bearing1_3,A_rms_3sigma,4,20,0.0
PRONOSTIA,C1,Bearing1_3,B_mahalanobis,4,20,0.21666666666666667
PRONOSTIA,C1,Bearing1_3,A_rms_3sigma,4,20,0.0
PRONOSTIA,C1,Bearing1_3,B_mahalanobis,4,20,0.13333333333333333
PRONOSTIA,C1,Bearing1_3,A_rms_3sigma,4,20,0.0
PRONOSTIA,C1,Bearing1_3,B_mahalanobis,4,20,0.21666666666666667
PRONOSTIA,C1,Bearing1_3,A_rms_3sigma,4,20,0.0
PRONOSTIA,C1,Bearing1_3,B_mahalanobis,4,20,0.18333333333333332
PRONOSTIA,C1,Bearing1_3,A_rms_3sigma,4,20,0.0
PRONOSTIA,C1,Bearing1_3,B_mahalanobis,4,20,0.38333333333333336
PRONOSTIA,C1,Bearing1_3,A_rms_3sigma,4,20,0.0
PRONOSTIA,C1,Bearing1_3,B_mahalanobis,4,20,0.25
PRONOSTIA,C1,Bearing1_3,A_rms_3sigma,4,20,0.0
PRONOSTIA,C1,Bearing1_3,B_mahalanobis,4,20,0.18333333333333332
PRONOSTIA,C1,Bearing1_3,A_rms_3sigma,4,20,0.0
PRONOSTIA,C1,Bearing1_3,B_mahalanobis,4,20,0.35
PRONOSTIA,C1,Bearing1_3,A_rms_3sigma,4,20,0.0
PRONOSTIA,C1,Bearing1_3,B_mahalanobis,4,20,0.26666666666666666
PRONOSTIA,C1,Bearing1_3,A_rms_3sigma,4,20,0.0
PRONOSTIA,C1,Bearing1_3,B_mahalanobis,4,20,0.15
PRONOSTIA,C1,Bearing1_3,A_rms_3sigma,4,20,0.0
PRONOSTIA,C1,Bearing1_3,B_mahalanobis,4,20,0.13333333333333333
PRONOSTIA,C1,Bearing1_3,A_rms_3sigma,4,20,0.0
PRONOSTIA,C1,Bearing1_3,B_mahalanobis,4,20,0.16666666666666666
PRONOSTIA,C1,Bearing1_3,A_rms_3sigma,4,20,0.0
PRONOSTIA,C1,Bearing1_3,B_mahalanobis,4,20,0.13333333333333333
PRONOSTIA,C1,Bearing1_3,A_rms_3sigma,4,20,0.0
PRONOSTIA,C1,Bearing1_3,B_mahalanobis,4,20,0.13333333333333333
PRONOSTIA,C1,Bearing1_3,A_rms_3sigma,4,20,0.0
PRONOSTIA,C1,Bearing1_3,B_mahalanobis,4,20,0.15
PRONOSTIA,C1,Bearing1_3,A_rms_3sigma,4,20,0.0
PRONOSTIA,C1,Bearing1_3,B_mahalanobis,4,20,0.15
PRONOSTIA,C1,Bearing1_3,A_rms_3sigma,4,20,0.0
PRONOSTIA,C1,Bearing1_3,B_mahalanobis,4,20,0.5833333333333334
PRONOSTIA,C1,Bearing1_3,A_rms_3sigma,4,20,0.0
PRONOSTIA,C1,Bearing1_3,B_mahalanobis,4,20,0.13333333333333333
PRONOSTIA,C1,Bearing1_3,A_rms_3sigma,4,20,0.0
PRONOSTIA,C1,Bearing1_3,B_mahalanobis,4,20,0.15
PRONOSTIA,C1,Bearing1_3,A_rms_3sigma,4,20,0.0
PRONOSTIA,C1,Bearing1_3,B_mahalanobis,4,20,0.15
PRONOSTIA,C1,Bearing1_3,A_rms_3sigma,4,20,0.016666666666666666
PRONOSTIA,C1,Bearing1_3,B_mahalanobis,4,20,0.3
PRONOSTIA,C1,Bearing1_3,A_rms_3sigma,4,20,0.0
PRONOSTIA,C1,Bearing1_3,B_mahalanobis,4,20,0.13333333333333333
PRONOSTIA,C1,Bearing1_3,A_rms_3sigma,4,20,0.0
PRONOSTIA,C1,Bearing1_3,B_mahalanobis,4,20,0.2833333333333333
PRONOSTIA,C1,Bearing1_3,A_rms_3sigma,4,20,0.0
PRONOSTIA,C1,Bearing1_3,B_mahalanobis,4,20,0.25
PRONOSTIA,C1,Bearing1_3,A_rms_3sigma,4,20,0.0
PRONOSTIA,C1,Bearing1_3,B_mahalanobis,4,20,0.4
PRONOSTIA,C1,Bearing1_3,A_rms_3sigma,4,20,0.0
PRONOSTIA,C1,Bearing1_3,B_mahalanobis,4,20,0.18333333333333332
PRONOSTIA,C1,Bearing1_3,A_rms_3sigma,4,20,0.0
PRONOSTIA,C1,Bearing1_3,B_mahalanobis,4,20,0.6666666666666666
PRONOSTIA,C1,Bearing1_3,A_rms_3sigma,4,20,0.0
PRONOSTIA,C1,Bearing1_3,B_mahalanobis,4,20,0.2
PRONOSTIA,C1,Bearing1_3,A_rms_3sigma,4,20,0.0
PRONOSTIA,C1,Bearing1_3,B_mahalanobis,4,20,0.36666666666666664
PRONOSTIA,C1,Bearing1_3,A_rms_3sigma,4,20,0.016666666666666666
PRONOSTIA,C1,Bearing1_3,B_mahalanobis,4,20,0.2
PRONOSTIA,C1,Bearing1_3,A_rms_3sigma,4,20,0.0
PRONOSTIA,C1,Bearing1_3,B_mahalanobis,4,20,0.2
PRONOSTIA,C1,Bearing1_3,A_rms_3sigma,4,20,0.0
PRONOSTIA,C1,Bearing1_3,B_mahalanobis,4,20,0.03333333333333333
PRONOSTIA,C1,Bearing1_3,A_rms_3sigma,4,20,0.0
PRONOSTIA,C1,Bearing1_3,B_mahalanobis,4,20,0.3
PRONOSTIA,C1,Bearing1_3,A_rms_3sigma,4,20,0.0
PRONOSTIA,C1,Bearing1_3,B_mahalanobis,4,20,0.4166666666666667
PRONOSTIA,C1,Bearing1_4,A_rms_3sigma,1,20,0.6333333333333333
PRONOSTIA,C1,Bearing1_4,B_mahalanobis,1,20,1.0
PRONOSTIA,C1,Bearing1_4,A_rms_3sigma,1,20,0.6333333333333333
PRONOSTIA,C1,Bearing1_4,B_mahalanobis,1,20,1.0
PRONOSTIA,C1,Bearing1_4,A_rms_3sigma,1,20,0.0
PRONOSTIA,C1,Bearing1_4,B_mahalanobis,1,20,0.05
PRONOSTIA,C1,Bearing1_4,A_rms_3sigma,1,20,0.0
PRONOSTIA,C1,Bearing1_4,B_mahalanobis,1,20,0.05
PRONOSTIA,C1,Bearing1_4,A_rms_3sigma,1,20,0.65
PRONOSTIA,C1,Bearing1_4,B_mahalanobis,1,20,0.9666666666666667
PRONOSTIA,C1,Bearing1_4,A_rms_3sigma,1,20,0.0
PRONOSTIA,C1,Bearing1_4,B_mahalanobis,1,20,0.9666666666666667
PRONOSTIA,C1,Bearing1_4,A_rms_3sigma,1,20,0.0
PRONOSTIA,C1,Bearing1_4,B_mahalanobis,1,20,0.7666666666666667
PRONOSTIA,C1,Bearing1_4,A_rms_3sigma,1,20,0.5166666666666667
PRONOSTIA,C1,Bearing1_4,B_mahalanobis,1,20,1.0
PRONOSTIA,C1,Bearing1_4,A_rms_3sigma,1,20,0.8666666666666667
PRONOSTIA,C1,Bearing1_4,B_mahalanobis,1,20,1.0
PRONOSTIA,C1,Bearing1_4,A_rms_3sigma,1,20,0.65
PRONOSTIA,C1,Bearing1_4,B_mahalanobis,1,20,1.0
PRONOSTIA,C1,Bearing1_4,A_rms_3sigma,1,20,0.0
PRONOSTIA,C1,Bearing1_4,B_mahalanobis,1,20,0.016666666666666666
PRONOSTIA,C1,Bearing1_4,A_rms_3sigma,1,20,0.0
PRONOSTIA,C1,Bearing1_4,B_mahalanobis,1,20,0.15
PRONOSTIA,C1,Bearing1_4,A_rms_3sigma,1,20,0.05
PRONOSTIA,C1,Bearing1_4,B_mahalanobis,1,20,1.0
PRONOSTIA,C1,Bearing1_4,A_rms_3sigma,1,20,0.0
PRONOSTIA,C1,Bearing1_4,B_mahalanobis,1,20,1.0
PRONOSTIA,C1,Bearing1_4,A_rms_3sigma,1,20,0.8666666666666667
PRONOSTIA,C1,Bearing1_4,B_mahalanobis,1,20,1.0
PRONOSTIA,C1,Bearing1_4,A_rms_3sigma,1,20,0.0
PRONOSTIA,C1,Bearing1_4,B_mahalanobis,1,20,0.9833333333333333
PRONOSTIA,C1,Bearing1_4,A_rms_3sigma,1,20,0.0
PRONOSTIA,C1,Bearing1_4,B_mahalanobis,1,20,0.9666666666666667
PRONOSTIA,C1,Bearing1_4,A_rms_3sigma,1,20,0.05
PRONOSTIA,C1,Bearing1_4,B_mahalanobis,1,20,1.0
PRONOSTIA,C1,Bearing1_4,A_rms_3sigma,1,20,0.0
PRONOSTIA,C1,Bearing1_4,B_mahalanobis,1,20,0.95
PRONOSTIA,C1,Bearing1_4,A_rms_3sigma,1,20,0.85
PRONOSTIA,C1,Bearing1_4,B_mahalanobis,1,20,1.0
PRONOSTIA,C1,Bearing1_4,A_rms_3sigma,1,20,0.0
PRONOSTIA,C1,Bearing1_4,B_mahalanobis,1,20,0.016666666666666666
PRONOSTIA,C1,Bearing1_4,A_rms_3sigma,1,20,0.0
PRONOSTIA,C1,Bearing1_4,B_mahalanobis,1,20,0.9333333333333333
PRONOSTIA,C1,Bearing1_4,A_rms_3sigma,1,20,0.0
PRONOSTIA,C1,Bearing1_4,B_mahalanobis,1,20,0.03333333333333333
PRONOSTIA,C1,Bearing1_4,A_rms_3sigma,1,20,0.16666666666666666
PRONOSTIA,C1,Bearing1_4,B_mahalanobis,1,20,1.0
PRONOSTIA,C1,Bearing1_4,A_rms_3sigma,1,20,0.2
PRONOSTIA,C1,Bearing1_4,B_mahalanobis,1,20,1.0
PRONOSTIA,C1,Bearing1_4,A_rms_3sigma,1,20,0.16666666666666666
PRONOSTIA,C1,Bearing1_4,B_mahalanobis,1,20,1.0
PRONOSTIA,C1,Bearing1_4,A_rms_3sigma,1,20,0.5833333333333334
PRONOSTIA,C1,Bearing1_4,B_mahalanobis,1,20,1.0
PRONOSTIA,C1,Bearing1_4,A_rms_3sigma,1,20,0.0
PRONOSTIA,C1,Bearing1_4,B_mahalanobis,1,20,0.0
PRONOSTIA,C1,Bearing1_4,A_rms_3sigma,1,20,0.0
PRONOSTIA,C1,Bearing1_4,B_mahalanobis,1,20,0.6
PRONOSTIA,C1,Bearing1_4,A_rms_3sigma,1,20,0.0
PRONOSTIA,C1,Bearing1_4,B_mahalanobis,1,20,0.95
PRONOSTIA,C1,Bearing1_4,A_rms_3sigma,1,20,0.0
PRONOSTIA,C1,Bearing1_4,B_mahalanobis,1,20,0.9833333333333333
PRONOSTIA,C1,Bearing1_4,A_rms_3sigma,1,20,0.0
PRONOSTIA,C1,Bearing1_4,B_mahalanobis,1,20,0.9666666666666667
PRONOSTIA,C1,Bearing1_4,A_rms_3sigma,1,20,0.75
PRONOSTIA,C1,Bearing1_4,B_mahalanobis,1,20,1.0
PRONOSTIA,C1,Bearing1_4,A_rms_3sigma,1,20,0.0
PRONOSTIA,C1,Bearing1_4,B_mahalanobis,1,20,0.9666666666666667
PRONOSTIA,C1,Bearing1_4,A_rms_3sigma,1,20,0.05
PRONOSTIA,C1,Bearing1_4,B_mahalanobis,1,20,0.9833333333333333
PRONOSTIA,C1,Bearing1_4,A_rms_3sigma,1,20,0.75
PRONOSTIA,C1,Bearing1_4,B_mahalanobis,1,20,0.9833333333333333
PRONOSTIA,C1,Bearing1_4,A_rms_3sigma,1,20,0.0
PRONOSTIA,C1,Bearing1_4,B_mahalanobis,1,20,0.9666666666666667
PRONOSTIA,C1,Bearing1_4,A_rms_3sigma,1,20,0.6666666666666666
PRONOSTIA,C1,Bearing1_4,B_mahalanobis,1,20,0.9666666666666667
PRONOSTIA,C1,Bearing1_4,A_rms_3sigma,1,20,0.0
PRONOSTIA,C1,Bearing1_4,B_mahalanobis,1,20,0.9833333333333333
PRONOSTIA,C1,Bearing1_4,A_rms_3sigma,1,20,0.16666666666666666
PRONOSTIA,C1,Bearing1_4,B_mahalanobis,1,20,1.0
PRONOSTIA,C1,Bearing1_4,A_rms_3sigma,1,20,0.03333333333333333
PRONOSTIA,C1,Bearing1_4,B_mahalanobis,1,20,1.0
PRONOSTIA,C1,Bearing1_4,A_rms_3sigma,1,20,0.0
PRONOSTIA,C1,Bearing1_4,B_mahalanobis,1,20,0.38333333333333336
PRONOSTIA,C1,Bearing1_4,A_rms_3sigma,1,20,0.05
PRONOSTIA,C1,Bearing1_4,B_mahalanobis,1,20,1.0
PRONOSTIA,C1,Bearing1_4,A_rms_3sigma,1,20,0.75
PRONOSTIA,C1,Bearing1_4,B_mahalanobis,1,20,1.0
PRONOSTIA,C1,Bearing1_4,A_rms_3sigma,1,20,0.75
PRONOSTIA,C1,Bearing1_4,B_mahalanobis,1,20,1.0
PRONOSTIA,C1,Bearing1_4,A_rms_3sigma,1,20,0.21666666666666667
PRONOSTIA,C1,Bearing1_4,B_mahalanobis,1,20,1.0
PRONOSTIA,C1,Bearing1_4,A_rms_3sigma,1,20,0.0
PRONOSTIA,C1,Bearing1_4,B_mahalanobis,1,20,0.06666666666666667
PRONOSTIA,C1,Bearing1_4,A_rms_3sigma,1,20,0.0
PRONOSTIA,C1,Bearing1_4,B_mahalanobis,1,20,0.016666666666666666
PRONOSTIA,C1,Bearing1_4,A_rms_3sigma,1,20,0.05
PRONOSTIA,C1,Bearing1_4,B_mahalanobis,1,20,1.0
PRONOSTIA,C1,Bearing1_4,A_rms_3sigma,1,20,0.4
PRONOSTIA,C1,Bearing1_4,B_mahalanobis,1,20,1.0
PRONOSTIA,C1,Bearing1_4,A_rms_3sigma,2,20,0.0
PRONOSTIA,C1,Bearing1_4,B_mahalanobis,2,20,0.8166666666666667
PRONOSTIA,C1,Bearing1_4,A_rms_3sigma,2,20,0.0
PRONOSTIA,C1,Bearing1_4,B_mahalanobis,2,20,0.11666666666666667
PRONOSTIA,C1,Bearing1_4,A_rms_3sigma,2,20,0.0
PRONOSTIA,C1,Bearing1_4,B_mahalanobis,2,20,0.9166666666666666
PRONOSTIA,C1,Bearing1_4,A_rms_3sigma,2,20,0.0
PRONOSTIA,C1,Bearing1_4,B_mahalanobis,2,20,0.7166666666666667
PRONOSTIA,C1,Bearing1_4,A_rms_3sigma,2,20,0.0
PRONOSTIA,C1,Bearing1_4,B_mahalanobis,2,20,0.9
PRONOSTIA,C1,Bearing1_4,A_rms_3sigma,2,20,0.26666666666666666
PRONOSTIA,C1,Bearing1_4,B_mahalanobis,2,20,1.0
PRONOSTIA,C1,Bearing1_4,A_rms_3sigma,2,20,0.0
PRONOSTIA,C1,Bearing1_4,B_mahalanobis,2,20,0.9333333333333333
PRONOSTIA,C1,Bearing1_4,A_rms_3sigma,2,20,0.0
PRONOSTIA,C1,Bearing1_4,B_mahalanobis,2,20,0.6333333333333333
PRONOSTIA,C1,Bearing1_4,A_rms_3sigma,2,20,0.21666666666666667
PRONOSTIA,C1,Bearing1_4,B_mahalanobis,2,20,1.0
PRONOSTIA,C1,Bearing1_4,A_rms_3sigma,2,20,0.03333333333333333
PRONOSTIA,C1,Bearing1_4,B_mahalanobis,2,20,0.95
PRONOSTIA,C1,Bearing1_4,A_rms_3sigma,2,20,0.0
PRONOSTIA,C1,Bearing1_4,B_mahalanobis,2,20,0.7833333333333333
PRONOSTIA,C1,Bearing1_4,A_rms_3sigma,2,20,0.0
PRONOSTIA,C1,Bearing1_4,B_mahalanobis,2,20,0.8666666666666667
PRONOSTIA,C1,Bearing1_4,A_rms_3sigma,2,20,0.016666666666666666
PRONOSTIA,C1,Bearing1_4,B_mahalanobis,2,20,1.0
PRONOSTIA,C1,Bearing1_4,A_rms_3sigma,2,20,0.0
PRONOSTIA,C1,Bearing1_4,B_mahalanobis,2,20,0.5666666666666667
PRONOSTIA,C1,Bearing1_4,A_rms_3sigma,2,20,0.5333333333333333
PRONOSTIA,C1,Bearing1_4,B_mahalanobis,2,20,0.9666666666666667
PRONOSTIA,C1,Bearing1_4,A_rms_3sigma,2,20,0.0
PRONOSTIA,C1,Bearing1_4,B_mahalanobis,2,20,0.3
PRONOSTIA,C1,Bearing1_4,A_rms_3sigma,2,20,0.0
PRONOSTIA,C1,Bearing1_4,B_mahalanobis,2,20,0.8833333333333333
PRONOSTIA,C1,Bearing1_4,A_rms_3sigma,2,20,0.0
PRONOSTIA,C1,Bearing1_4,B_mahalanobis,2,20,0.9666666666666667
PRONOSTIA,C1,Bearing1_4,A_rms_3sigma,2,20,0.0
PRONOSTIA,C1,Bearing1_4,B_mahalanobis,2,20,0.1
PRONOSTIA,C1,Bearing1_4,A_rms_3sigma,2,20,0.5333333333333333
PRONOSTIA,C1,Bearing1_4,B_mahalanobis,2,20,1.0
PRONOSTIA,C1,Bearing1_4,A_rms_3sigma,2,20,0.0
PRONOSTIA,C1,Bearing1_4,B_mahalanobis,2,20,0.9333333333333333
PRONOSTIA,C1,Bearing1_4,A_rms_3sigma,2,20,0.0
PRONOSTIA,C1,Bearing1_4,B_mahalanobis,2,20,0.9333333333333333
PRONOSTIA,C1,Bearing1_4,A_rms_3sigma,2,20,0.0
PRONOSTIA,C1,Bearing1_4,B_mahalanobis,2,20,0.75
PRONOSTIA,C1,Bearing1_4,A_rms_3sigma,2,20,0.0
PRONOSTIA,C1,Bearing1_4,B_mahalanobis,2,20,0.8833333333333333
PRONOSTIA,C1,Bearing1_4,A_rms_3sigma,2,20,0.0
PRONOSTIA,C1,Bearing1_4,B_mahalanobis,2,20,0.95
PRONOSTIA,C1,Bearing1_4,A_rms_3sigma,2,20,0.0
PRONOSTIA,C1,Bearing1_4,B_mahalanobis,2,20,0.48333333333333334
PRONOSTIA,C1,Bearing1_4,A_rms_3sigma,2,20,0.0
PRONOSTIA,C1,Bearing1_4,B_mahalanobis,2,20,0.9333333333333333
PRONOSTIA,C1,Bearing1_4,A_rms_3sigma,2,20,0.0
PRONOSTIA,C1,Bearing1_4,B_mahalanobis,2,20,0.16666666666666666
PRONOSTIA,C1,Bearing1_4,A_rms_3sigma,2,20,0.0
PRONOSTIA,C1,Bearing1_4,B_mahalanobis,2,20,0.6666666666666666
PRONOSTIA,C1,Bearing1_4,A_rms_3sigma,2,20,0.0
PRONOSTIA,C1,Bearing1_4,B_mahalanobis,2,20,0.0
PRONOSTIA,C1,Bearing1_4,A_rms_3sigma,2,20,0.0
PRONOSTIA,C1,Bearing1_4,B_mahalanobis,2,20,0.5
PRONOSTIA,C1,Bearing1_4,A_rms_3sigma,2,20,0.0
PRONOSTIA,C1,Bearing1_4,B_mahalanobis,2,20,0.8833333333333333
PRONOSTIA,C1,Bearing1_4,A_rms_3sigma,2,20,0.0
PRONOSTIA,C1,Bearing1_4,B_mahalanobis,2,20,0.05
PRONOSTIA,C1,Bearing1_4,A_rms_3sigma,2,20,0.0
PRONOSTIA,C1,Bearing1_4,B_mahalanobis,2,20,0.9833333333333333
PRONOSTIA,C1,Bearing1_4,A_rms_3sigma,2,20,0.016666666666666666
PRONOSTIA,C1,Bearing1_4,B_mahalanobis,2,20,1.0
PRONOSTIA,C1,Bearing1_4,A_rms_3sigma,2,20,0.016666666666666666
PRONOSTIA,C1,Bearing1_4,B_mahalanobis,2,20,0.9833333333333333
PRONOSTIA,C1,Bearing1_4,A_rms_3sigma,2,20,0.0
PRONOSTIA,C1,Bearing1_4,B_mahalanobis,2,20,0.23333333333333334
PRONOSTIA,C1,Bearing1_4,A_rms_3sigma,2,20,0.08333333333333333
PRONOSTIA,C1,Bearing1_4,B_mahalanobis,2,20,0.9166666666666666
PRONOSTIA,C1,Bearing1_4,A_rms_3sigma,2,20,0.05
PRONOSTIA,C1,Bearing1_4,B_mahalanobis,2,20,0.4166666666666667
PRONOSTIA,C1,Bearing1_4,A_rms_3sigma,2,20,0.05
PRONOSTIA,C1,Bearing1_4,B_mahalanobis,2,20,0.9666666666666667
PRONOSTIA,C1,Bearing1_4,A_rms_3sigma,2,20,0.05
PRONOSTIA,C1,Bearing1_4,B_mahalanobis,2,20,0.9166666666666666
PRONOSTIA,C1,Bearing1_4,A_rms_3sigma,2,20,0.05
PRONOSTIA,C1,Bearing1_4,B_mahalanobis,2,20,0.6166666666666667
PRONOSTIA,C1,Bearing1_4,A_rms_3sigma,2,20,0.0
PRONOSTIA,C1,Bearing1_4,B_mahalanobis,2,20,0.9833333333333333
PRONOSTIA,C1,Bearing1_4,A_rms_3sigma,2,20,0.26666666666666666
PRONOSTIA,C1,Bearing1_4,B_mahalanobis,2,20,0.95
PRONOSTIA,C1,Bearing1_4,A_rms_3sigma,2,20,0.03333333333333333
PRONOSTIA,C1,Bearing1_4,B_mahalanobis,2,20,0.9833333333333333
PRONOSTIA,C1,Bearing1_4,A_rms_3sigma,2,20,0.0
PRONOSTIA,C1,Bearing1_4,B_mahalanobis,2,20,0.08333333333333333
PRONOSTIA,C1,Bearing1_4,A_rms_3sigma,2,20,0.016666666666666666
PRONOSTIA,C1,Bearing1_4,B_mahalanobis,2,20,0.9833333333333333
PRONOSTIA,C1,Bearing1_4,A_rms_3sigma,2,20,0.0
PRONOSTIA,C1,Bearing1_4,B_mahalanobis,2,20,0.8833333333333333
PRONOSTIA,C1,Bearing1_4,A_rms_3sigma,2,20,0.0
PRONOSTIA,C1,Bearing1_4,B_mahalanobis,2,20,0.9333333333333333
PRONOSTIA,C1,Bearing1_4,A_rms_3sigma,2,20,0.0
PRONOSTIA,C1,Bearing1_4,B_mahalanobis,2,20,0.65
PRONOSTIA,C1,Bearing1_4,A_rms_3sigma,3,18,0.016666666666666666
PRONOSTIA,C1,Bearing1_4,B_mahalanobis,3,18,0.8833333333333333
PRONOSTIA,C1,Bearing1_4,A_rms_3sigma,3,18,0.0
PRONOSTIA,C1,Bearing1_4,B_mahalanobis,3,18,0.18333333333333332
PRONOSTIA,C1,Bearing1_4,A_rms_3sigma,3,18,0.0
PRONOSTIA,C1,Bearing1_4,B_mahalanobis,3,18,0.8166666666666667
PRONOSTIA,C1,Bearing1_4,A_rms_3sigma,3,18,0.0
PRONOSTIA,C1,Bearing1_4,B_mahalanobis,3,18,0.31666666666666665
PRONOSTIA,C1,Bearing1_4,A_rms_3sigma,3,18,0.0
PRONOSTIA,C1,Bearing1_4,B_mahalanobis,3,18,0.31666666666666665
PRONOSTIA,C1,Bearing1_4,A_rms_3sigma,3,18,0.0
PRONOSTIA,C1,Bearing1_4,B_mahalanobis,3,18,0.0
PRONOSTIA,C1,Bearing1_4,A_rms_3sigma,3,18,0.0
PRONOSTIA,C1,Bearing1_4,B_mahalanobis,3,18,0.2833333333333333
PRONOSTIA,C1,Bearing1_4,A_rms_3sigma,3,18,0.03333333333333333
PRONOSTIA,C1,Bearing1_4,B_mahalanobis,3,18,0.75
PRONOSTIA,C1,Bearing1_4,A_rms_3sigma,3,18,0.06666666666666667
PRONOSTIA,C1,Bearing1_4,B_mahalanobis,3,18,0.55
PRONOSTIA,C1,Bearing1_4,A_rms_3sigma,3,18,0.0
PRONOSTIA,C1,Bearing1_4,B_mahalanobis,3,18,0.9833333333333333
PRONOSTIA,C1,Bearing1_4,A_rms_3sigma,3,18,0.0
PRONOSTIA,C1,Bearing1_4,B_mahalanobis,3,18,0.7833333333333333
PRONOSTIA,C1,Bearing1_4,A_rms_3sigma,3,18,0.0
PRONOSTIA,C1,Bearing1_4,B_mahalanobis,3,18,0.9166666666666666
PRONOSTIA,C1,Bearing1_4,A_rms_3sigma,3,18,0.0
PRONOSTIA,C1,Bearing1_4,B_mahalanobis,3,18,0.15
PRONOSTIA,C1,Bearing1_4,A_rms_3sigma,3,18,0.05
PRONOSTIA,C1,Bearing1_4,B_mahalanobis,3,18,0.8833333333333333
PRONOSTIA,C1,Bearing1_4,A_rms_3sigma,3,18,0.0
PRONOSTIA,C1,Bearing1_4,B_mahalanobis,3,18,0.36666666666666664
PRONOSTIA,C1,Bearing1_4,A_rms_3sigma,3,18,0.0
PRONOSTIA,C1,Bearing1_4,B_mahalanobis,3,18,0.7166666666666667
PRONOSTIA,C1,Bearing1_4,A_rms_3sigma,3,18,0.0
PRONOSTIA,C1,Bearing1_4,B_mahalanobis,3,18,0.8666666666666667
PRONOSTIA,C1,Bearing1_4,A_rms_3sigma,3,18,0.016666666666666666
PRONOSTIA,C1,Bearing1_4,B_mahalanobis,3,18,1.0
PRONOSTIA,C1,Bearing1_4,A_rms_3sigma,3,18,0.05
PRONOSTIA,C1,Bearing1_4,B_mahalanobis,3,18,1.0
PRONOSTIA,C1,Bearing1_4,A_rms_3sigma,3,18,0.0
PRONOSTIA,C1,Bearing1_4,B_mahalanobis,3,18,0.7666666666666667
PRONOSTIA,C1,Bearing1_4,A_rms_3sigma,3,18,0.0
PRONOSTIA,C1,Bearing1_4,B_mahalanobis,3,18,0.95
PRONOSTIA,C1,Bearing1_4,A_rms_3sigma,3,18,0.0
PRONOSTIA,C1,Bearing1_4,B_mahalanobis,3,18,0.9166666666666666
PRONOSTIA,C1,Bearing1_4,A_rms_3sigma,3,18,0.0
PRONOSTIA,C1,Bearing1_4,B_mahalanobis,3,18,0.6666666666666666
PRONOSTIA,C1,Bearing1_4,A_rms_3sigma,3,18,0.0
PRONOSTIA,C1,Bearing1_4,B_mahalanobis,3,18,0.3
PRONOSTIA,C1,Bearing1_4,A_rms_3sigma,3,18,0.0
PRONOSTIA,C1,Bearing1_4,B_mahalanobis,3,18,0.0
PRONOSTIA,C1,Bearing1_4,A_rms_3sigma,3,18,0.6333333333333333
PRONOSTIA,C1,Bearing1_4,B_mahalanobis,3,18,0.9666666666666667
PRONOSTIA,C1,Bearing1_4,A_rms_3sigma,3,18,0.0
PRONOSTIA,C1,Bearing1_4,B_mahalanobis,3,18,0.05
PRONOSTIA,C1,Bearing1_4,A_rms_3sigma,3,18,0.0
PRONOSTIA,C1,Bearing1_4,B_mahalanobis,3,18,0.1
PRONOSTIA,C1,Bearing1_4,A_rms_3sigma,3,18,0.0
PRONOSTIA,C1,Bearing1_4,B_mahalanobis,3,18,0.016666666666666666
PRONOSTIA,C1,Bearing1_4,A_rms_3sigma,3,18,0.08333333333333333
PRONOSTIA,C1,Bearing1_4,B_mahalanobis,3,18,0.9
PRONOSTIA,C1,Bearing1_4,A_rms_3sigma,3,18,0.0
PRONOSTIA,C1,Bearing1_4,B_mahalanobis,3,18,0.36666666666666664
PRONOSTIA,C1,Bearing1_4,A_rms_3sigma,3,18,0.0
PRONOSTIA,C1,Bearing1_4,B_mahalanobis,3,18,0.13333333333333333
PRONOSTIA,C1,Bearing1_4,A_rms_3sigma,3,18,0.0
PRONOSTIA,C1,Bearing1_4,B_mahalanobis,3,18,0.06666666666666667
PRONOSTIA,C1,Bearing1_4,A_rms_3sigma,3,18,0.0
PRONOSTIA,C1,Bearing1_4,B_mahalanobis,3,18,0.38333333333333336
PRONOSTIA,C1,Bearing1_4,A_rms_3sigma,3,18,0.0
PRONOSTIA,C1,Bearing1_4,B_mahalanobis,3,18,0.08333333333333333
PRONOSTIA,C1,Bearing1_4,A_rms_3sigma,3,18,0.0
PRONOSTIA,C1,Bearing1_4,B_mahalanobis,3,18,0.5
PRONOSTIA,C1,Bearing1_4,A_rms_3sigma,3,18,0.0
PRONOSTIA,C1,Bearing1_4,B_mahalanobis,3,18,0.06666666666666667
PRONOSTIA,C1,Bearing1_4,A_rms_3sigma,3,18,0.0
PRONOSTIA,C1,Bearing1_4,B_mahalanobis,3,18,0.48333333333333334
PRONOSTIA,C1,Bearing1_4,A_rms_3sigma,3,18,0.0
PRONOSTIA,C1,Bearing1_4,B_mahalanobis,3,18,0.45
PRONOSTIA,C1,Bearing1_4,A_rms_3sigma,3,18,0.0
PRONOSTIA,C1,Bearing1_4,B_mahalanobis,3,18,0.5833333333333334
PRONOSTIA,C1,Bearing1_4,A_rms_3sigma,3,18,0.0
PRONOSTIA,C1,Bearing1_4,B_mahalanobis,3,18,0.08333333333333333
PRONOSTIA,C1,Bearing1_4,A_rms_3sigma,3,18,0.05
PRONOSTIA,C1,Bearing1_4,B_mahalanobis,3,18,0.95
PRONOSTIA,C1,Bearing1_4,A_rms_3sigma,3,18,0.0
PRONOSTIA,C1,Bearing1_4,B_mahalanobis,3,18,0.8833333333333333
PRONOSTIA,C1,Bearing1_4,A_rms_3sigma,3,18,0.0
PRONOSTIA,C1,Bearing1_4,B_mahalanobis,3,18,0.7
PRONOSTIA,C1,Bearing1_4,A_rms_3sigma,3,18,0.0
PRONOSTIA,C1,Bearing1_4,B_mahalanobis,3,18,0.016666666666666666
PRONOSTIA,C1,Bearing1_4,A_rms_3sigma,3,18,0.0
PRONOSTIA,C1,Bearing1_4,B_mahalanobis,3,18,0.8166666666666667
PRONOSTIA,C1,Bearing1_4,A_rms_3sigma,3,18,0.05
PRONOSTIA,C1,Bearing1_4,B_mahalanobis,3,18,0.8833333333333333
PRONOSTIA,C1,Bearing1_4,A_rms_3sigma,3,18,0.0
PRONOSTIA,C1,Bearing1_4,B_mahalanobis,3,18,0.06666666666666667
PRONOSTIA,C1,Bearing1_4,A_rms_3sigma,3,18,0.0
PRONOSTIA,C1,Bearing1_4,B_mahalanobis,3,18,0.8833333333333333
PRONOSTIA,C1,Bearing1_4,A_rms_3sigma,3,18,0.05
PRONOSTIA,C1,Bearing1_4,B_mahalanobis,3,18,0.06666666666666667
PRONOSTIA,C1,Bearing1_4,A_rms_3sigma,4,20,0.0
PRONOSTIA,C1,Bearing1_4,B_mahalanobis,4,20,0.0
PRONOSTIA,C1,Bearing1_4,A_rms_3sigma,4,20,0.0
PRONOSTIA,C1,Bearing1_4,B_mahalanobis,4,20,0.6166666666666667
PRONOSTIA,C1,Bearing1_4,A_rms_3sigma,4,20,0.0
PRONOSTIA,C1,Bearing1_4,B_mahalanobis,4,20,0.0
PRONOSTIA,C1,Bearing1_4,A_rms_3sigma,4,20,0.0
PRONOSTIA,C1,Bearing1_4,B_mahalanobis,4,20,0.35
PRONOSTIA,C1,Bearing1_4,A_rms_3sigma,4,20,0.0
PRONOSTIA,C1,Bearing1_4,B_mahalanobis,4,20,0.31666666666666665
PRONOSTIA,C1,Bearing1_4,A_rms_3sigma,4,20,0.0
PRONOSTIA,C1,Bearing1_4,B_mahalanobis,4,20,0.13333333333333333
PRONOSTIA,C1,Bearing1_4,A_rms_3sigma,4,20,0.0
PRONOSTIA,C1,Bearing1_4,B_mahalanobis,4,20,0.7166666666666667
PRONOSTIA,C1,Bearing1_4,A_rms_3sigma,4,20,0.0
PRONOSTIA,C1,Bearing1_4,B_mahalanobis,4,20,0.6833333333333333
PRONOSTIA,C1,Bearing1_4,A_rms_3sigma,4,20,0.0
PRONOSTIA,C1,Bearing1_4,B_mahalanobis,4,20,0.11666666666666667
PRONOSTIA,C1,Bearing1_4,A_rms_3sigma,4,20,0.0
PRONOSTIA,C1,Bearing1_4,B_mahalanobis,4,20,0.016666666666666666
PRONOSTIA,C1,Bearing1_4,A_rms_3sigma,4,20,0.0
PRONOSTIA,C1,Bearing1_4,B_mahalanobis,4,20,0.7333333333333333
PRONOSTIA,C1,Bearing1_4,A_rms_3sigma,4,20,0.0
PRONOSTIA,C1,Bearing1_4,B_mahalanobis,4,20,0.3333333333333333
PRONOSTIA,C1,Bearing1_4,A_rms_3sigma,4,20,0.0
PRONOSTIA,C1,Bearing1_4,B_mahalanobis,4,20,0.0
PRONOSTIA,C1,Bearing1_4,A_rms_3sigma,4,20,0.0
PRONOSTIA,C1,Bearing1_4,B_mahalanobis,4,20,0.8
PRONOSTIA,C1,Bearing1_4,A_rms_3sigma,4,20,0.0
PRONOSTIA,C1,Bearing1_4,B_mahalanobis,4,20,0.15
PRONOSTIA,C1,Bearing1_4,A_rms_3sigma,4,20,0.0
PRONOSTIA,C1,Bearing1_4,B_mahalanobis,4,20,0.21666666666666667
PRONOSTIA,C1,Bearing1_4,A_rms_3sigma,4,20,0.0
PRONOSTIA,C1,Bearing1_4,B_mahalanobis,4,20,0.0
PRONOSTIA,C1,Bearing1_4,A_rms_3sigma,4,20,0.0
PRONOSTIA,C1,Bearing1_4,B_mahalanobis,4,20,0.15
PRONOSTIA,C1,Bearing1_4,A_rms_3sigma,4,20,0.0
PRONOSTIA,C1,Bearing1_4,B_mahalanobis,4,20,0.25
PRONOSTIA,C1,Bearing1_4,A_rms_3sigma,4,20,0.0
PRONOSTIA,C1,Bearing1_4,B_mahalanobis,4,20,0.35
PRONOSTIA,C1,Bearing1_4,A_rms_3sigma,4,20,0.0
PRONOSTIA,C1,Bearing1_4,B_mahalanobis,4,20,0.8
PRONOSTIA,C1,Bearing1_4,A_rms_3sigma,4,20,0.0
PRONOSTIA,C1,Bearing1_4,B_mahalanobis,4,20,0.03333333333333333
PRONOSTIA,C1,Bearing1_4,A_rms_3sigma,4,20,0.0
PRONOSTIA,C1,Bearing1_4,B_mahalanobis,4,20,0.8166666666666667
PRONOSTIA,C1,Bearing1_4,A_rms_3sigma,4,20,0.0
PRONOSTIA,C1,Bearing1_4,B_mahalanobis,4,20,0.08333333333333333
PRONOSTIA,C1,Bearing1_4,A_rms_3sigma,4,20,0.0
PRONOSTIA,C1,Bearing1_4,B_mahalanobis,4,20,0.6166666666666667
PRONOSTIA,C1,Bearing1_4,A_rms_3sigma,4,20,0.0
PRONOSTIA,C1,Bearing1_4,B_mahalanobis,4,20,0.0
PRONOSTIA,C1,Bearing1_4,A_rms_3sigma,4,20,0.0
PRONOSTIA,C1,Bearing1_4,B_mahalanobis,4,20,0.0
PRONOSTIA,C1,Bearing1_4,A_rms_3sigma,4,20,0.0
PRONOSTIA,C1,Bearing1_4,B_mahalanobis,4,20,0.8666666666666667
PRONOSTIA,C1,Bearing1_4,A_rms_3sigma,4,20,0.0
PRONOSTIA,C1,Bearing1_4,B_mahalanobis,4,20,0.0
PRONOSTIA,C1,Bearing1_4,A_rms_3sigma,4,20,0.0
PRONOSTIA,C1,Bearing1_4,B_mahalanobis,4,20,0.13333333333333333
PRONOSTIA,C1,Bearing1_4,A_rms_3sigma,4,20,0.0
PRONOSTIA,C1,Bearing1_4,B_mahalanobis,4,20,0.8
PRONOSTIA,C1,Bearing1_4,A_rms_3sigma,4,20,0.0
PRONOSTIA,C1,Bearing1_4,B_mahalanobis,4,20,0.85
PRONOSTIA,C1,Bearing1_4,A_rms_3sigma,4,20,0.0
PRONOSTIA,C1,Bearing1_4,B_mahalanobis,4,20,0.8
PRONOSTIA,C1,Bearing1_4,A_rms_3sigma,4,20,0.0
PRONOSTIA,C1,Bearing1_4,B_mahalanobis,4,20,0.8
PRONOSTIA,C1,Bearing1_4,A_rms_3sigma,4,20,0.0
PRONOSTIA,C1,Bearing1_4,B_mahalanobis,4,20,0.0
PRONOSTIA,C1,Bearing1_4,A_rms_3sigma,4,20,0.0
PRONOSTIA,C1,Bearing1_4,B_mahalanobis,4,20,0.26666666666666666
PRONOSTIA,C1,Bearing1_4,A_rms_3sigma,4,20,0.0
PRONOSTIA,C1,Bearing1_4,B_mahalanobis,4,20,0.3
PRONOSTIA,C1,Bearing1_4,A_rms_3sigma,4,20,0.0
PRONOSTIA,C1,Bearing1_4,B_mahalanobis,4,20,1.0
PRONOSTIA,C1,Bearing1_4,A_rms_3sigma,4,20,0.0
PRONOSTIA,C1,Bearing1_4,B_mahalanobis,4,20,0.16666666666666666
PRONOSTIA,C1,Bearing1_4,A_rms_3sigma,4,20,0.0
PRONOSTIA,C1,Bearing1_4,B_mahalanobis,4,20,0.4166666666666667
PRONOSTIA,C1,Bearing1_4,A_rms_3sigma,4,20,0.0
PRONOSTIA,C1,Bearing1_4,B_mahalanobis,4,20,0.5333333333333333
PRONOSTIA,C1,Bearing1_4,A_rms_3sigma,4,20,0.0
PRONOSTIA,C1,Bearing1_4,B_mahalanobis,4,20,0.8333333333333334
PRONOSTIA,C1,Bearing1_4,A_rms_3sigma,4,20,0.0
PRONOSTIA,C1,Bearing1_4,B_mahalanobis,4,20,0.0
PRONOSTIA,C1,Bearing1_4,A_rms_3sigma,4,20,0.0
PRONOSTIA,C1,Bearing1_4,B_mahalanobis,4,20,0.8333333333333334
PRONOSTIA,C1,Bearing1_4,A_rms_3sigma,4,20,0.016666666666666666
PRONOSTIA,C1,Bearing1_4,B_mahalanobis,4,20,0.8833333333333333
PRONOSTIA,C1,Bearing1_4,A_rms_3sigma,4,20,0.0
PRONOSTIA,C1,Bearing1_4,B_mahalanobis,4,20,0.4
PRONOSTIA,C1,Bearing1_4,A_rms_3sigma,4,20,0.0
PRONOSTIA,C1,Bearing1_4,B_mahalanobis,4,20,0.25
PRONOSTIA,C1,Bearing1_4,A_rms_3sigma,4,20,0.016666666666666666
PRONOSTIA,C1,Bearing1_4,B_mahalanobis,4,20,0.9333333333333333
PRONOSTIA,C1,Bearing1_4,A_rms_3sigma,4,20,0.0
PRONOSTIA,C1,Bearing1_4,B_mahalanobis,4,20,0.45
PRONOSTIA,C1,Bearing1_4,A_rms_3sigma,4,20,0.0
PRONOSTIA,C1,Bearing1_4,B_mahalanobis,4,20,0.0
PRONOSTIA,C1,Bearing1_5,A_rms_3sigma,1,20,0.0
PRONOSTIA,C1,Bearing1_5,B_mahalanobis,1,20,0.9333333333333333
PRONOSTIA,C1,Bearing1_5,A_rms_3sigma,1,20,0.0
PRONOSTIA,C1,Bearing1_5,B_mahalanobis,1,20,0.0
PRONOSTIA,C1,Bearing1_5,A_rms_3sigma,1,20,0.0
PRONOSTIA,C1,Bearing1_5,B_mahalanobis,1,20,0.9333333333333333
PRONOSTIA,C1,Bearing1_5,A_rms_3sigma,1,20,0.0
PRONOSTIA,C1,Bearing1_5,B_mahalanobis,1,20,1.0
PRONOSTIA,C1,Bearing1_5,A_rms_3sigma,1,20,0.0
PRONOSTIA,C1,Bearing1_5,B_mahalanobis,1,20,0.0
PRONOSTIA,C1,Bearing1_5,A_rms_3sigma,1,20,0.0
PRONOSTIA,C1,Bearing1_5,B_mahalanobis,1,20,0.0
PRONOSTIA,C1,Bearing1_5,A_rms_3sigma,1,20,0.0
PRONOSTIA,C1,Bearing1_5,B_mahalanobis,1,20,0.0
PRONOSTIA,C1,Bearing1_5,A_rms_3sigma,1,20,0.0
PRONOSTIA,C1,Bearing1_5,B_mahalanobis,1,20,1.0
PRONOSTIA,C1,Bearing1_5,A_rms_3sigma,1,20,0.0
PRONOSTIA,C1,Bearing1_5,B_mahalanobis,1,20,0.0
PRONOSTIA,C1,Bearing1_5,A_rms_3sigma,1,20,0.03333333333333333
PRONOSTIA,C1,Bearing1_5,B_mahalanobis,1,20,0.0
PRONOSTIA,C1,Bearing1_5,A_rms_3sigma,1,20,0.0
PRONOSTIA,C1,Bearing1_5,B_mahalanobis,1,20,0.7833333333333333
PRONOSTIA,C1,Bearing1_5,A_rms_3sigma,1,20,0.0
PRONOSTIA,C1,Bearing1_5,B_mahalanobis,1,20,0.95
PRONOSTIA,C1,Bearing1_5,A_rms_3sigma,1,20,0.0
PRONOSTIA,C1,Bearing1_5,B_mahalanobis,1,20,0.95
PRONOSTIA,C1,Bearing1_5,A_rms_3sigma,1,20,0.0
PRONOSTIA,C1,Bearing1_5,B_mahalanobis,1,20,1.0
PRONOSTIA,C1,Bearing1_5,A_rms_3sigma,1,20,0.0
PRONOSTIA,C1,Bearing1_5,B_mahalanobis,1,20,0.9166666666666666
PRONOSTIA,C1,Bearing1_5,A_rms_3sigma,1,20,0.0
PRONOSTIA,C1,Bearing1_5,B_mahalanobis,1,20,0.7833333333333333
PRONOSTIA,C1,Bearing1_5,A_rms_3sigma,1,20,0.0
PRONOSTIA,C1,Bearing1_5,B_mahalanobis,1,20,0.7
PRONOSTIA,C1,Bearing1_5,A_rms_3sigma,1,20,0.0
PRONOSTIA,C1,Bearing1_5,B_mahalanobis,1,20,0.9666666666666667
PRONOSTIA,C1,Bearing1_5,A_rms_3sigma,1,20,0.0
PRONOSTIA,C1,Bearing1_5,B_mahalanobis,1,20,0.0
PRONOSTIA,C1,Bearing1_5,A_rms_3sigma,1,20,0.0
PRONOSTIA,C1,Bearing1_5,B_mahalanobis,1,20,0.13333333333333333
PRONOSTIA,C1,Bearing1_5,A_rms_3sigma,1,20,0.0
PRONOSTIA,C1,Bearing1_5,B_mahalanobis,1,20,0.03333333333333333
PRONOSTIA,C1,Bearing1_5,A_rms_3sigma,1,20,0.0
PRONOSTIA,C1,Bearing1_5,B_mahalanobis,1,20,0.0
PRONOSTIA,C1,Bearing1_5,A_rms_3sigma,1,20,0.0
PRONOSTIA,C1,Bearing1_5,B_mahalanobis,1,20,0.016666666666666666
PRONOSTIA,C1,Bearing1_5,A_rms_3sigma,1,20,0.0
PRONOSTIA,C1,Bearing1_5,B_mahalanobis,1,20,0.85
PRONOSTIA,C1,Bearing1_5,A_rms_3sigma,1,20,0.0
PRONOSTIA,C1,Bearing1_5,B_mahalanobis,1,20,1.0
PRONOSTIA,C1,Bearing1_5,A_rms_3sigma,1,20,0.0
PRONOSTIA,C1,Bearing1_5,B_mahalanobis,1,20,0.016666666666666666
PRONOSTIA,C1,Bearing1_5,A_rms_3sigma,1,20,0.0
PRONOSTIA,C1,Bearing1_5,B_mahalanobis,1,20,0.13333333333333333
PRONOSTIA,C1,Bearing1_5,A_rms_3sigma,1,20,0.0
PRONOSTIA,C1,Bearing1_5,B_mahalanobis,1,20,0.85
PRONOSTIA,C1,Bearing1_5,A_rms_3sigma,1,20,0.0
PRONOSTIA,C1,Bearing1_5,B_mahalanobis,1,20,0.9
PRONOSTIA,C1,Bearing1_5,A_rms_3sigma,1,20,0.0
PRONOSTIA,C1,Bearing1_5,B_mahalanobis,1,20,1.0
PRONOSTIA,C1,Bearing1_5,A_rms_3sigma,1,20,0.0
PRONOSTIA,C1,Bearing1_5,B_mahalanobis,1,20,0.08333333333333333
PRONOSTIA,C1,Bearing1_5,A_rms_3sigma,1,20,0.0
PRONOSTIA,C1,Bearing1_5,B_mahalanobis,1,20,0.0
PRONOSTIA,C1,Bearing1_5,A_rms_3sigma,1,20,0.0
PRONOSTIA,C1,Bearing1_5,B_mahalanobis,1,20,0.8333333333333334
PRONOSTIA,C1,Bearing1_5,A_rms_3sigma,1,20,0.0
PRONOSTIA,C1,Bearing1_5,B_mahalanobis,1,20,1.0
PRONOSTIA,C1,Bearing1_5,A_rms_3sigma,1,20,0.0
PRONOSTIA,C1,Bearing1_5,B_mahalanobis,1,20,0.06666666666666667
PRONOSTIA,C1,Bearing1_5,A_rms_3sigma,1,20,0.0
PRONOSTIA,C1,Bearing1_5,B_mahalanobis,1,20,0.9166666666666666
PRONOSTIA,C1,Bearing1_5,A_rms_3sigma,1,20,0.0
PRONOSTIA,C1,Bearing1_5,B_mahalanobis,1,20,1.0
PRONOSTIA,C1,Bearing1_5,A_rms_3sigma,1,20,0.0
PRONOSTIA,C1,Bearing1_5,B_mahalanobis,1,20,0.08333333333333333
PRONOSTIA,C1,Bearing1_5,A_rms_3sigma,1,20,0.0
PRONOSTIA,C1,Bearing1_5,B_mahalanobis,1,20,0.9166666666666666
PRONOSTIA,C1,Bearing1_5,A_rms_3sigma,1,20,0.0
PRONOSTIA,C1,Bearing1_5,B_mahalanobis,1,20,0.06666666666666667
PRONOSTIA,C1,Bearing1_5,A_rms_3sigma,1,20,0.0
PRONOSTIA,C1,Bearing1_5,B_mahalanobis,1,20,0.016666666666666666
PRONOSTIA,C1,Bearing1_5,A_rms_3sigma,1,20,0.0
PRONOSTIA,C1,Bearing1_5,B_mahalanobis,1,20,0.0
PRONOSTIA,C1,Bearing1_5,A_rms_3sigma,1,20,0.0
PRONOSTIA,C1,Bearing1_5,B_mahalanobis,1,20,0.0
PRONOSTIA,C1,Bearing1_5,A_rms_3sigma,1,20,0.0
PRONOSTIA,C1,Bearing1_5,B_mahalanobis,1,20,0.0
PRONOSTIA,C1,Bearing1_5,A_rms_3sigma,1,20,0.0
PRONOSTIA,C1,Bearing1_5,B_mahalanobis,1,20,0.0
PRONOSTIA,C1,Bearing1_5,A_rms_3sigma,1,20,0.0
PRONOSTIA,C1,Bearing1_5,B_mahalanobis,1,20,1.0
PRONOSTIA,C1,Bearing1_5,A_rms_3sigma,1,20,0.0
PRONOSTIA,C1,Bearing1_5,B_mahalanobis,1,20,0.0
PRONOSTIA,C1,Bearing1_5,A_rms_3sigma,1,20,0.0
PRONOSTIA,C1,Bearing1_5,B_mahalanobis,1,20,1.0
PRONOSTIA,C1,Bearing1_5,A_rms_3sigma,1,20,0.0
PRONOSTIA,C1,Bearing1_5,B_mahalanobis,1,20,0.9833333333333333
PRONOSTIA,C1,Bearing1_5,A_rms_3sigma,1,20,0.0
PRONOSTIA,C1,Bearing1_5,B_mahalanobis,1,20,0.21666666666666667
PRONOSTIA,C1,Bearing1_5,A_rms_3sigma,2,20,0.0
PRONOSTIA,C1,Bearing1_5,B_mahalanobis,2,20,0.9
PRONOSTIA,C1,Bearing1_5,A_rms_3sigma,2,20,0.0
PRONOSTIA,C1,Bearing1_5,B_mahalanobis,2,20,0.03333333333333333
PRONOSTIA,C1,Bearing1_5,A_rms_3sigma,2,20,0.0
PRONOSTIA,C1,Bearing1_5,B_mahalanobis,2,20,0.03333333333333333
PRONOSTIA,C1,Bearing1_5,A_rms_3sigma,2,20,0.0
PRONOSTIA,C1,Bearing1_5,B_mahalanobis,2,20,0.6333333333333333
PRONOSTIA,C1,Bearing1_5,A_rms_3sigma,2,20,0.0
PRONOSTIA,C1,Bearing1_5,B_mahalanobis,2,20,0.4
PRONOSTIA,C1,Bearing1_5,A_rms_3sigma,2,20,0.0
PRONOSTIA,C1,Bearing1_5,B_mahalanobis,2,20,0.016666666666666666
PRONOSTIA,C1,Bearing1_5,A_rms_3sigma,2,20,0.0
PRONOSTIA,C1,Bearing1_5,B_mahalanobis,2,20,0.0
PRONOSTIA,C1,Bearing1_5,A_rms_3sigma,2,20,0.0
PRONOSTIA,C1,Bearing1_5,B_mahalanobis,2,20,0.016666666666666666
PRONOSTIA,C1,Bearing1_5,A_rms_3sigma,2,20,0.0
PRONOSTIA,C1,Bearing1_5,B_mahalanobis,2,20,0.0
PRONOSTIA,C1,Bearing1_5,A_rms_3sigma,2,20,0.0
PRONOSTIA,C1,Bearing1_5,B_mahalanobis,2,20,0.08333333333333333
PRONOSTIA,C1,Bearing1_5,A_rms_3sigma,2,20,0.0
PRONOSTIA,C1,Bearing1_5,B_mahalanobis,2,20,0.05
PRONOSTIA,C1,Bearing1_5,A_rms_3sigma,2,20,0.0
PRONOSTIA,C1,Bearing1_5,B_mahalanobis,2,20,0.5166666666666667
PRONOSTIA,C1,Bearing1_5,A_rms_3sigma,2,20,0.0
PRONOSTIA,C1,Bearing1_5,B_mahalanobis,2,20,0.05
PRONOSTIA,C1,Bearing1_5,A_rms_3sigma,2,20,0.0
PRONOSTIA,C1,Bearing1_5,B_mahalanobis,2,20,0.03333333333333333
PRONOSTIA,C1,Bearing1_5,A_rms_3sigma,2,20,0.0
PRONOSTIA,C1,Bearing1_5,B_mahalanobis,2,20,0.8833333333333333
PRONOSTIA,C1,Bearing1_5,A_rms_3sigma,2,20,0.0
PRONOSTIA,C1,Bearing1_5,B_mahalanobis,2,20,0.1
PRONOSTIA,C1,Bearing1_5,A_rms_3sigma,2,20,0.0
PRONOSTIA,C1,Bearing1_5,B_mahalanobis,2,20,0.1
PRONOSTIA,C1,Bearing1_5,A_rms_3sigma,2,20,0.0
PRONOSTIA,C1,Bearing1_5,B_mahalanobis,2,20,0.05
PRONOSTIA,C1,Bearing1_5,A_rms_3sigma,2,20,0.0
PRONOSTIA,C1,Bearing1_5,B_mahalanobis,2,20,0.16666666666666666
PRONOSTIA,C1,Bearing1_5,A_rms_3sigma,2,20,0.0
PRONOSTIA,C1,Bearing1_5,B_mahalanobis,2,20,0.016666666666666666
PRONOSTIA,C1,Bearing1_5,A_rms_3sigma,2,20,0.0
PRONOSTIA,C1,Bearing1_5,B_mahalanobis,2,20,0.08333333333333333
PRONOSTIA,C1,Bearing1_5,A_rms_3sigma,2,20,0.0
PRONOSTIA,C1,Bearing1_5,B_mahalanobis,2,20,0.0
PRONOSTIA,C1,Bearing1_5,A_rms_3sigma,2,20,0.0
PRONOSTIA,C1,Bearing1_5,B_mahalanobis,2,20,0.21666666666666667
PRONOSTIA,C1,Bearing1_5,A_rms_3sigma,2,20,0.0
PRONOSTIA,C1,Bearing1_5,B_mahalanobis,2,20,0.38333333333333336
PRONOSTIA,C1,Bearing1_5,A_rms_3sigma,2,20,0.0
PRONOSTIA,C1,Bearing1_5,B_mahalanobis,2,20,0.016666666666666666
PRONOSTIA,C1,Bearing1_5,A_rms_3sigma,2,20,0.0
PRONOSTIA,C1,Bearing1_5,B_mahalanobis,2,20,0.3
PRONOSTIA,C1,Bearing1_5,A_rms_3sigma,2,20,0.0
PRONOSTIA,C1,Bearing1_5,B_mahalanobis,2,20,0.7166666666666667
PRONOSTIA,C1,Bearing1_5,A_rms_3sigma,2,20,0.0
PRONOSTIA,C1,Bearing1_5,B_mahalanobis,2,20,0.2
PRONOSTIA,C1,Bearing1_5,A_rms_3sigma,2,20,0.0
PRONOSTIA,C1,Bearing1_5,B_mahalanobis,2,20,0.1
PRONOSTIA,C1,Bearing1_5,A_rms_3sigma,2,20,0.0
PRONOSTIA,C1,Bearing1_5,B_mahalanobis,2,20,0.9833333333333333
PRONOSTIA,C1,Bearing1_5,A_rms_3sigma,2,20,0.0
PRONOSTIA,C1,Bearing1_5,B_mahalanobis,2,20,0.36666666666666664
PRONOSTIA,C1,Bearing1_5,A_rms_3sigma,2,20,0.0
PRONOSTIA,C1,Bearing1_5,B_mahalanobis,2,20,0.7833333333333333
PRONOSTIA,C1,Bearing1_5,A_rms_3sigma,2,20,0.0
PRONOSTIA,C1,Bearing1_5,B_mahalanobis,2,20,0.0
PRONOSTIA,C1,Bearing1_5,A_rms_3sigma,2,20,0.0
PRONOSTIA,C1,Bearing1_5,B_mahalanobis,2,20,0.11666666666666667
PRONOSTIA,C1,Bearing1_5,A_rms_3sigma,2,20,0.0
PRONOSTIA,C1,Bearing1_5,B_mahalanobis,2,20,0.9166666666666666
PRONOSTIA,C1,Bearing1_5,A_rms_3sigma,2,20,0.0
PRONOSTIA,C1,Bearing1_5,B_mahalanobis,2,20,0.05
PRONOSTIA,C1,Bearing1_5,A_rms_3sigma,2,20,0.0
PRONOSTIA,C1,Bearing1_5,B_mahalanobis,2,20,0.45
PRONOSTIA,C1,Bearing1_5,A_rms_3sigma,2,20,0.0
PRONOSTIA,C1,Bearing1_5,B_mahalanobis,2,20,0.08333333333333333
PRONOSTIA,C1,Bearing1_5,A_rms_3sigma,2,20,0.0
PRONOSTIA,C1,Bearing1_5,B_mahalanobis,2,20,0.3
PRONOSTIA,C1,Bearing1_5,A_rms_3sigma,2,20,0.0
PRONOSTIA,C1,Bearing1_5,B_mahalanobis,2,20,0.55
PRONOSTIA,C1,Bearing1_5,A_rms_3sigma,2,20,0.0
PRONOSTIA,C1,Bearing1_5,B_mahalanobis,2,20,0.016666666666666666
PRONOSTIA,C1,Bearing1_5,A_rms_3sigma,2,20,0.0
PRONOSTIA,C1,Bearing1_5,B_mahalanobis,2,20,0.05
PRONOSTIA,C1,Bearing1_5,A_rms_3sigma,2,20,0.0
PRONOSTIA,C1,Bearing1_5,B_mahalanobis,2,20,0.31666666666666665
PRONOSTIA,C1,Bearing1_5,A_rms_3sigma,2,20,0.0
PRONOSTIA,C1,Bearing1_5,B_mahalanobis,2,20,0.03333333333333333
PRONOSTIA,C1,Bearing1_5,A_rms_3sigma,2,20,0.0
PRONOSTIA,C1,Bearing1_5,B_mahalanobis,2,20,0.0
PRONOSTIA,C1,Bearing1_5,A_rms_3sigma,2,20,0.0
PRONOSTIA,C1,Bearing1_5,B_mahalanobis,2,20,0.08333333333333333
PRONOSTIA,C1,Bearing1_5,A_rms_3sigma,2,20,0.0
PRONOSTIA,C1,Bearing1_5,B_mahalanobis,2,20,0.18333333333333332
PRONOSTIA,C1,Bearing1_5,A_rms_3sigma,2,20,0.0
PRONOSTIA,C1,Bearing1_5,B_mahalanobis,2,20,0.0
PRONOSTIA,C1,Bearing1_5,A_rms_3sigma,2,20,0.0
PRONOSTIA,C1,Bearing1_5,B_mahalanobis,2,20,0.7833333333333333
PRONOSTIA,C1,Bearing1_5,A_rms_3sigma,2,20,0.0
PRONOSTIA,C1,Bearing1_5,B_mahalanobis,2,20,0.06666666666666667
PRONOSTIA,C1,Bearing1_5,A_rms_3sigma,3,18,0.0
PRONOSTIA,C1,Bearing1_5,B_mahalanobis,3,18,0.2
PRONOSTIA,C1,Bearing1_5,A_rms_3sigma,3,18,0.0
PRONOSTIA,C1,Bearing1_5,B_mahalanobis,3,18,0.0
PRONOSTIA,C1,Bearing1_5,A_rms_3sigma,3,18,0.0
PRONOSTIA,C1,Bearing1_5,B_mahalanobis,3,18,0.15
PRONOSTIA,C1,Bearing1_5,A_rms_3sigma,3,18,0.0
PRONOSTIA,C1,Bearing1_5,B_mahalanobis,3,18,0.05
PRONOSTIA,C1,Bearing1_5,A_rms_3sigma,3,18,0.0
PRONOSTIA,C1,Bearing1_5,B_mahalanobis,3,18,0.11666666666666667
PRONOSTIA,C1,Bearing1_5,A_rms_3sigma,3,18,0.0
PRONOSTIA,C1,Bearing1_5,B_mahalanobis,3,18,0.85
PRONOSTIA,C1,Bearing1_5,A_rms_3sigma,3,18,0.0
PRONOSTIA,C1,Bearing1_5,B_mahalanobis,3,18,0.13333333333333333
PRONOSTIA,C1,Bearing1_5,A_rms_3sigma,3,18,0.0
PRONOSTIA,C1,Bearing1_5,B_mahalanobis,3,18,0.0
PRONOSTIA,C1,Bearing1_5,A_rms_3sigma,3,18,0.0
PRONOSTIA,C1,Bearing1_5,B_mahalanobis,3,18,0.13333333333333333
PRONOSTIA,C1,Bearing1_5,A_rms_3sigma,3,18,0.0
PRONOSTIA,C1,Bearing1_5,B_mahalanobis,3,18,0.05
PRONOSTIA,C1,Bearing1_5,A_rms_3sigma,3,18,0.0
PRONOSTIA,C1,Bearing1_5,B_mahalanobis,3,18,0.05
PRONOSTIA,C1,Bearing1_5,A_rms_3sigma,3,18,0.0
PRONOSTIA,C1,Bearing1_5,B_mahalanobis,3,18,0.06666666666666667
PRONOSTIA,C1,Bearing1_5,A_rms_3sigma,3,18,0.0
PRONOSTIA,C1,Bearing1_5,B_mahalanobis,3,18,0.016666666666666666
PRONOSTIA,C1,Bearing1_5,A_rms_3sigma,3,18,0.0
PRONOSTIA,C1,Bearing1_5,B_mahalanobis,3,18,0.08333333333333333
PRONOSTIA,C1,Bearing1_5,A_rms_3sigma,3,18,0.0
PRONOSTIA,C1,Bearing1_5,B_mahalanobis,3,18,0.08333333333333333
PRONOSTIA,C1,Bearing1_5,A_rms_3sigma,3,18,0.0
PRONOSTIA,C1,Bearing1_5,B_mahalanobis,3,18,0.03333333333333333
PRONOSTIA,C1,Bearing1_5,A_rms_3sigma,3,18,0.0
PRONOSTIA,C1,Bearing1_5,B_mahalanobis,3,18,0.8833333333333333
PRONOSTIA,C1,Bearing1_5,A_rms_3sigma,3,18,0.0
PRONOSTIA,C1,Bearing1_5,B_mahalanobis,3,18,0.05
PRONOSTIA,C1,Bearing1_5,A_rms_3sigma,3,18,0.0
PRONOSTIA,C1,Bearing1_5,B_mahalanobis,3,18,0.9833333333333333
PRONOSTIA,C1,Bearing1_5,A_rms_3sigma,3,18,0.0
PRONOSTIA,C1,Bearing1_5,B_mahalanobis,3,18,0.05
PRONOSTIA,C1,Bearing1_5,A_rms_3sigma,3,18,0.0
PRONOSTIA,C1,Bearing1_5,B_mahalanobis,3,18,0.016666666666666666
PRONOSTIA,C1,Bearing1_5,A_rms_3sigma,3,18,0.0
PRONOSTIA,C1,Bearing1_5,B_mahalanobis,3,18,0.05
PRONOSTIA,C1,Bearing1_5,A_rms_3sigma,3,18,0.0
PRONOSTIA,C1,Bearing1_5,B_mahalanobis,3,18,0.016666666666666666
PRONOSTIA,C1,Bearing1_5,A_rms_3sigma,3,18,0.0
PRONOSTIA,C1,Bearing1_5,B_mahalanobis,3,18,0.016666666666666666
PRONOSTIA,C1,Bearing1_5,A_rms_3sigma,3,18,0.0
PRONOSTIA,C1,Bearing1_5,B_mahalanobis,3,18,0.03333333333333333
PRONOSTIA,C1,Bearing1_5,A_rms_3sigma,3,18,0.0
PRONOSTIA,C1,Bearing1_5,B_mahalanobis,3,18,0.95
PRONOSTIA,C1,Bearing1_5,A_rms_3sigma,3,18,0.0
PRONOSTIA,C1,Bearing1_5,B_mahalanobis,3,18,0.06666666666666667
PRONOSTIA,C1,Bearing1_5,A_rms_3sigma,3,18,0.0
PRONOSTIA,C1,Bearing1_5,B_mahalanobis,3,18,0.4166666666666667
PRONOSTIA,C1,Bearing1_5,A_rms_3sigma,3,18,0.0
PRONOSTIA,C1,Bearing1_5,B_mahalanobis,3,18,0.05
PRONOSTIA,C1,Bearing1_5,A_rms_3sigma,3,18,0.0
PRONOSTIA,C1,Bearing1_5,B_mahalanobis,3,18,0.03333333333333333
PRONOSTIA,C1,Bearing1_5,A_rms_3sigma,3,18,0.0
PRONOSTIA,C1,Bearing1_5,B_mahalanobis,3,18,0.05
PRONOSTIA,C1,Bearing1_5,A_rms_3sigma,3,18,0.0
PRONOSTIA,C1,Bearing1_5,B_mahalanobis,3,18,0.43333333333333335
PRONOSTIA,C1,Bearing1_5,A_rms_3sigma,3,18,0.0
PRONOSTIA,C1,Bearing1_5,B_mahalanobis,3,18,0.03333333333333333
PRONOSTIA,C1,Bearing1_5,A_rms_3sigma,3,18,0.0
PRONOSTIA,C1,Bearing1_5,B_mahalanobis,3,18,0.08333333333333333
PRONOSTIA,C1,Bearing1_5,A_rms_3sigma,3,18,0.0
PRONOSTIA,C1,Bearing1_5,B_mahalanobis,3,18,0.03333333333333333
PRONOSTIA,C1,Bearing1_5,A_rms_3sigma,3,18,0.0
PRONOSTIA,C1,Bearing1_5,B_mahalanobis,3,18,0.0
PRONOSTIA,C1,Bearing1_5,A_rms_3sigma,3,18,0.0
PRONOSTIA,C1,Bearing1_5,B_mahalanobis,3,18,0.06666666666666667
PRONOSTIA,C1,Bearing1_5,A_rms_3sigma,3,18,0.0
PRONOSTIA,C1,Bearing1_5,B_mahalanobis,3,18,0.03333333333333333
PRONOSTIA,C1,Bearing1_5,A_rms_3sigma,3,18,0.0
PRONOSTIA,C1,Bearing1_5,B_mahalanobis,3,18,0.0
PRONOSTIA,C1,Bearing1_5,A_rms_3sigma,3,18,0.0
PRONOSTIA,C1,Bearing1_5,B_mahalanobis,3,18,0.0
PRONOSTIA,C1,Bearing1_5,A_rms_3sigma,3,18,0.0
PRONOSTIA,C1,Bearing1_5,B_mahalanobis,3,18,0.55
PRONOSTIA,C1,Bearing1_5,A_rms_3sigma,3,18,0.0
PRONOSTIA,C1,Bearing1_5,B_mahalanobis,3,18,0.11666666666666667
PRONOSTIA,C1,Bearing1_5,A_rms_3sigma,3,18,0.0
PRONOSTIA,C1,Bearing1_5,B_mahalanobis,3,18,0.016666666666666666
PRONOSTIA,C1,Bearing1_5,A_rms_3sigma,3,18,0.0
PRONOSTIA,C1,Bearing1_5,B_mahalanobis,3,18,0.1
PRONOSTIA,C1,Bearing1_5,A_rms_3sigma,3,18,0.0
PRONOSTIA,C1,Bearing1_5,B_mahalanobis,3,18,0.11666666666666667
PRONOSTIA,C1,Bearing1_5,A_rms_3sigma,3,18,0.0
PRONOSTIA,C1,Bearing1_5,B_mahalanobis,3,18,0.11666666666666667
PRONOSTIA,C1,Bearing1_5,A_rms_3sigma,3,18,0.0
PRONOSTIA,C1,Bearing1_5,B_mahalanobis,3,18,0.1
PRONOSTIA,C1,Bearing1_5,A_rms_3sigma,3,18,0.0
PRONOSTIA,C1,Bearing1_5,B_mahalanobis,3,18,0.15
PRONOSTIA,C1,Bearing1_5,A_rms_3sigma,3,18,0.0
PRONOSTIA,C1,Bearing1_5,B_mahalanobis,3,18,0.016666666666666666
PRONOSTIA,C1,Bearing1_5,A_rms_3sigma,3,18,0.0
PRONOSTIA,C1,Bearing1_5,B_mahalanobis,3,18,0.016666666666666666
PRONOSTIA,C1,Bearing1_5,A_rms_3sigma,4,20,0.0
PRONOSTIA,C1,Bearing1_5,B_mahalanobis,4,20,0.9666666666666667
PRONOSTIA,C1,Bearing1_5,A_rms_3sigma,4,20,0.0
PRONOSTIA,C1,Bearing1_5,B_mahalanobis,4,20,0.016666666666666666
PRONOSTIA,C1,Bearing1_5,A_rms_3sigma,4,20,0.0
PRONOSTIA,C1,Bearing1_5,B_mahalanobis,4,20,0.06666666666666667
PRONOSTIA,C1,Bearing1_5,A_rms_3sigma,4,20,0.0
PRONOSTIA,C1,Bearing1_5,B_mahalanobis,4,20,0.016666666666666666
PRONOSTIA,C1,Bearing1_5,A_rms_3sigma,4,20,0.0
PRONOSTIA,C1,Bearing1_5,B_mahalanobis,4,20,0.08333333333333333
PRONOSTIA,C1,Bearing1_5,A_rms_3sigma,4,20,0.0
PRONOSTIA,C1,Bearing1_5,B_mahalanobis,4,20,0.05
PRONOSTIA,C1,Bearing1_5,A_rms_3sigma,4,20,0.0
PRONOSTIA,C1,Bearing1_5,B_mahalanobis,4,20,0.03333333333333333
PRONOSTIA,C1,Bearing1_5,A_rms_3sigma,4,20,0.0
PRONOSTIA,C1,Bearing1_5,B_mahalanobis,4,20,0.03333333333333333
PRONOSTIA,C1,Bearing1_5,A_rms_3sigma,4,20,0.0
PRONOSTIA,C1,Bearing1_5,B_mahalanobis,4,20,0.03333333333333333
PRONOSTIA,C1,Bearing1_5,A_rms_3sigma,4,20,0.0
PRONOSTIA,C1,Bearing1_5,B_mahalanobis,4,20,0.05
PRONOSTIA,C1,Bearing1_5,A_rms_3sigma,4,20,0.0
PRONOSTIA,C1,Bearing1_5,B_mahalanobis,4,20,0.0
PRONOSTIA,C1,Bearing1_5,A_rms_3sigma,4,20,0.0
PRONOSTIA,C1,Bearing1_5,B_mahalanobis,4,20,0.016666666666666666
PRONOSTIA,C1,Bearing1_5,A_rms_3sigma,4,20,0.0
PRONOSTIA,C1,Bearing1_5,B_mahalanobis,4,20,0.03333333333333333
PRONOSTIA,C1,Bearing1_5,A_rms_3sigma,4,20,0.0
PRONOSTIA,C1,Bearing1_5,B_mahalanobis,4,20,0.016666666666666666
PRONOSTIA,C1,Bearing1_5,A_rms_3sigma,4,20,0.0
PRONOSTIA,C1,Bearing1_5,B_mahalanobis,4,20,0.1
PRONOSTIA,C1,Bearing1_5,A_rms_3sigma,4,20,0.0
PRONOSTIA,C1,Bearing1_5,B_mahalanobis,4,20,0.06666666666666667
PRONOSTIA,C1,Bearing1_5,A_rms_3sigma,4,20,0.0
PRONOSTIA,C1,Bearing1_5,B_mahalanobis,4,20,0.05
PRONOSTIA,C1,Bearing1_5,A_rms_3sigma,4,20,0.0
PRONOSTIA,C1,Bearing1_5,B_mahalanobis,4,20,0.016666666666666666
PRONOSTIA,C1,Bearing1_5,A_rms_3sigma,4,20,0.0
PRONOSTIA,C1,Bearing1_5,B_mahalanobis,4,20,0.06666666666666667
PRONOSTIA,C1,Bearing1_5,A_rms_3sigma,4,20,0.0
PRONOSTIA,C1,Bearing1_5,B_mahalanobis,4,20,0.11666666666666667
PRONOSTIA,C1,Bearing1_5,A_rms_3sigma,4,20,0.0
PRONOSTIA,C1,Bearing1_5,B_mahalanobis,4,20,0.03333333333333333
PRONOSTIA,C1,Bearing1_5,A_rms_3sigma,4,20,0.0
PRONOSTIA,C1,Bearing1_5,B_mahalanobis,4,20,0.0
PRONOSTIA,C1,Bearing1_5,A_rms_3sigma,4,20,0.0
PRONOSTIA,C1,Bearing1_5,B_mahalanobis,4,20,0.06666666666666667
PRONOSTIA,C1,Bearing1_5,A_rms_3sigma,4,20,0.0
PRONOSTIA,C1,Bearing1_5,B_mahalanobis,4,20,0.11666666666666667
PRONOSTIA,C1,Bearing1_5,A_rms_3sigma,4,20,0.0
PRONOSTIA,C1,Bearing1_5,B_mahalanobis,4,20,0.0
PRONOSTIA,C1,Bearing1_5,A_rms_3sigma,4,20,0.0
PRONOSTIA,C1,Bearing1_5,B_mahalanobis,4,20,0.08333333333333333
PRONOSTIA,C1,Bearing1_5,A_rms_3sigma,4,20,0.0
PRONOSTIA,C1,Bearing1_5,B_mahalanobis,4,20,0.06666666666666667
PRONOSTIA,C1,Bearing1_5,A_rms_3sigma,4,20,0.0
PRONOSTIA,C1,Bearing1_5,B_mahalanobis,4,20,0.03333333333333333
PRONOSTIA,C1,Bearing1_5,A_rms_3sigma,4,20,0.0
PRONOSTIA,C1,Bearing1_5,B_mahalanobis,4,20,0.016666666666666666
PRONOSTIA,C1,Bearing1_5,A_rms_3sigma,4,20,0.0
PRONOSTIA,C1,Bearing1_5,B_mahalanobis,4,20,0.0
PRONOSTIA,C1,Bearing1_5,A_rms_3sigma,4,20,0.0
PRONOSTIA,C1,Bearing1_5,B_mahalanobis,4,20,0.016666666666666666
PRONOSTIA,C1,Bearing1_5,A_rms_3sigma,4,20,0.0
PRONOSTIA,C1,Bearing1_5,B_mahalanobis,4,20,0.05
PRONOSTIA,C1,Bearing1_5,A_rms_3sigma,4,20,0.0
PRONOSTIA,C1,Bearing1_5,B_mahalanobis,4,20,0.15
PRONOSTIA,C1,Bearing1_5,A_rms_3sigma,4,20,0.0
PRONOSTIA,C1,Bearing1_5,B_mahalanobis,4,20,0.0
PRONOSTIA,C1,Bearing1_5,A_rms_3sigma,4,20,0.0
PRONOSTIA,C1,Bearing1_5,B_mahalanobis,4,20,0.11666666666666667
PRONOSTIA,C1,Bearing1_5,A_rms_3sigma,4,20,0.0
PRONOSTIA,C1,Bearing1_5,B_mahalanobis,4,20,0.016666666666666666
PRONOSTIA,C1,Bearing1_5,A_rms_3sigma,4,20,0.0
PRONOSTIA,C1,Bearing1_5,B_mahalanobis,4,20,0.016666666666666666
PRONOSTIA,C1,Bearing1_5,A_rms_3sigma,4,20,0.0
PRONOSTIA,C1,Bearing1_5,B_mahalanobis,4,20,0.05
PRONOSTIA,C1,Bearing1_5,A_rms_3sigma,4,20,0.0
PRONOSTIA,C1,Bearing1_5,B_mahalanobis,4,20,0.016666666666666666
PRONOSTIA,C1,Bearing1_5,A_rms_3sigma,4,20,0.0
PRONOSTIA,C1,Bearing1_5,B_mahalanobis,4,20,0.11666666666666667
PRONOSTIA,C1,Bearing1_5,A_rms_3sigma,4,20,0.0
PRONOSTIA,C1,Bearing1_5,B_mahalanobis,4,20,0.016666666666666666
PRONOSTIA,C1,Bearing1_5,A_rms_3sigma,4,20,0.0
PRONOSTIA,C1,Bearing1_5,B_mahalanobis,4,20,0.016666666666666666
PRONOSTIA,C1,Bearing1_5,A_rms_3sigma,4,20,0.0
PRONOSTIA,C1,Bearing1_5,B_mahalanobis,4,20,0.0
PRONOSTIA,C1,Bearing1_5,A_rms_3sigma,4,20,0.0
PRONOSTIA,C1,Bearing1_5,B_mahalanobis,4,20,0.06666666666666667
PRONOSTIA,C1,Bearing1_5,A_rms_3sigma,4,20,0.0
PRONOSTIA,C1,Bearing1_5,B_mahalanobis,4,20,0.2
PRONOSTIA,C1,Bearing1_5,A_rms_3sigma,4,20,0.0
PRONOSTIA,C1,Bearing1_5,B_mahalanobis,4,20,0.38333333333333336
PRONOSTIA,C1,Bearing1_5,A_rms_3sigma,4,20,0.0
PRONOSTIA,C1,Bearing1_5,B_mahalanobis,4,20,0.016666666666666666
PRONOSTIA,C1,Bearing1_5,A_rms_3sigma,4,20,0.0
PRONOSTIA,C1,Bearing1_5,B_mahalanobis,4,20,0.0
PRONOSTIA,C1,Bearing1_5,A_rms_3sigma,4,20,0.0
PRONOSTIA,C1,Bearing1_5,B_mahalanobis,4,20,0.0
PRONOSTIA,C1,Bearing1_5,A_rms_3sigma,4,20,0.0
PRONOSTIA,C1,Bearing1_5,B_mahalanobis,4,20,0.016666666666666666
PRONOSTIA,C1,Bearing1_6,A_rms_3sigma,1,20,0.65
PRONOSTIA,C1,Bearing1_6,B_mahalanobis,1,20,0.7333333333333333
PRONOSTIA,C1,Bearing1_6,A_rms_3sigma,1,20,0.9666666666666667
PRONOSTIA,C1,Bearing1_6,B_mahalanobis,1,20,0.7833333333333333
PRONOSTIA,C1,Bearing1_6,A_rms_3sigma,1,20,0.0
PRONOSTIA,C1,Bearing1_6,B_mahalanobis,1,20,0.2833333333333333
PRONOSTIA,C1,Bearing1_6,A_rms_3sigma,1,20,1.0
PRONOSTIA,C1,Bearing1_6,B_mahalanobis,1,20,1.0
PRONOSTIA,C1,Bearing1_6,A_rms_3sigma,1,20,0.0
PRONOSTIA,C1,Bearing1_6,B_mahalanobis,1,20,0.7333333333333333
PRONOSTIA,C1,Bearing1_6,A_rms_3sigma,1,20,0.9166666666666666
PRONOSTIA,C1,Bearing1_6,B_mahalanobis,1,20,0.7833333333333333
PRONOSTIA,C1,Bearing1_6,A_rms_3sigma,1,20,0.08333333333333333
PRONOSTIA,C1,Bearing1_6,B_mahalanobis,1,20,1.0
PRONOSTIA,C1,Bearing1_6,A_rms_3sigma,1,20,0.0
PRONOSTIA,C1,Bearing1_6,B_mahalanobis,1,20,0.21666666666666667
PRONOSTIA,C1,Bearing1_6,A_rms_3sigma,1,20,0.0
PRONOSTIA,C1,Bearing1_6,B_mahalanobis,1,20,0.13333333333333333
PRONOSTIA,C1,Bearing1_6,A_rms_3sigma,1,20,0.0
PRONOSTIA,C1,Bearing1_6,B_mahalanobis,1,20,0.8166666666666667
PRONOSTIA,C1,Bearing1_6,A_rms_3sigma,1,20,0.31666666666666665
PRONOSTIA,C1,Bearing1_6,B_mahalanobis,1,20,1.0
PRONOSTIA,C1,Bearing1_6,A_rms_3sigma,1,20,0.0
PRONOSTIA,C1,Bearing1_6,B_mahalanobis,1,20,0.31666666666666665
PRONOSTIA,C1,Bearing1_6,A_rms_3sigma,1,20,0.0
PRONOSTIA,C1,Bearing1_6,B_mahalanobis,1,20,0.8166666666666667
PRONOSTIA,C1,Bearing1_6,A_rms_3sigma,1,20,0.08333333333333333
PRONOSTIA,C1,Bearing1_6,B_mahalanobis,1,20,0.9833333333333333
PRONOSTIA,C1,Bearing1_6,A_rms_3sigma,1,20,0.0
PRONOSTIA,C1,Bearing1_6,B_mahalanobis,1,20,0.5
PRONOSTIA,C1,Bearing1_6,A_rms_3sigma,1,20,0.9333333333333333
PRONOSTIA,C1,Bearing1_6,B_mahalanobis,1,20,0.8666666666666667
PRONOSTIA,C1,Bearing1_6,A_rms_3sigma,1,20,0.0
PRONOSTIA,C1,Bearing1_6,B_mahalanobis,1,20,0.11666666666666667
PRONOSTIA,C1,Bearing1_6,A_rms_3sigma,1,20,0.0
PRONOSTIA,C1,Bearing1_6,B_mahalanobis,1,20,0.3
PRONOSTIA,C1,Bearing1_6,A_rms_3sigma,1,20,0.0
PRONOSTIA,C1,Bearing1_6,B_mahalanobis,1,20,0.7666666666666667
PRONOSTIA,C1,Bearing1_6,A_rms_3sigma,1,20,0.0
PRONOSTIA,C1,Bearing1_6,B_mahalanobis,1,20,0.31666666666666665
PRONOSTIA,C1,Bearing1_6,A_rms_3sigma,1,20,0.016666666666666666
PRONOSTIA,C1,Bearing1_6,B_mahalanobis,1,20,0.5166666666666667
PRONOSTIA,C1,Bearing1_6,A_rms_3sigma,1,20,0.06666666666666667
PRONOSTIA,C1,Bearing1_6,B_mahalanobis,1,20,0.9833333333333333
PRONOSTIA,C1,Bearing1_6,A_rms_3sigma,1,20,0.0
PRONOSTIA,C1,Bearing1_6,B_mahalanobis,1,20,0.7833333333333333
PRONOSTIA,C1,Bearing1_6,A_rms_3sigma,1,20,0.08333333333333333
PRONOSTIA,C1,Bearing1_6,B_mahalanobis,1,20,1.0
PRONOSTIA,C1,Bearing1_6,A_rms_3sigma,1,20,0.1
PRONOSTIA,C1,Bearing1_6,B_mahalanobis,1,20,0.7833333333333333
PRONOSTIA,C1,Bearing1_6,A_rms_3sigma,1,20,0.0
PRONOSTIA,C1,Bearing1_6,B_mahalanobis,1,20,0.31666666666666665
PRONOSTIA,C1,Bearing1_6,A_rms_3sigma,1,20,0.0
PRONOSTIA,C1,Bearing1_6,B_mahalanobis,1,20,0.016666666666666666
PRONOSTIA,C1,Bearing1_6,A_rms_3sigma,1,20,0.08333333333333333
PRONOSTIA,C1,Bearing1_6,B_mahalanobis,1,20,0.43333333333333335
PRONOSTIA,C1,Bearing1_6,A_rms_3sigma,1,20,0.0
PRONOSTIA,C1,Bearing1_6,B_mahalanobis,1,20,0.4
PRONOSTIA,C1,Bearing1_6,A_rms_3sigma,1,20,0.08333333333333333
PRONOSTIA,C1,Bearing1_6,B_mahalanobis,1,20,1.0
PRONOSTIA,C1,Bearing1_6,A_rms_3sigma,1,20,0.06666666666666667
PRONOSTIA,C1,Bearing1_6,B_mahalanobis,1,20,0.9833333333333333
PRONOSTIA,C1,Bearing1_6,A_rms_3sigma,1,20,0.1
PRONOSTIA,C1,Bearing1_6,B_mahalanobis,1,20,1.0
PRONOSTIA,C1,Bearing1_6,A_rms_3sigma,1,20,0.65
PRONOSTIA,C1,Bearing1_6,B_mahalanobis,1,20,0.5333333333333333
PRONOSTIA,C1,Bearing1_6,A_rms_3sigma,1,20,0.9166666666666666
PRONOSTIA,C1,Bearing1_6,B_mahalanobis,1,20,0.6833333333333333
PRONOSTIA,C1,Bearing1_6,A_rms_3sigma,1,20,0.0
PRONOSTIA,C1,Bearing1_6,B_mahalanobis,1,20,0.8166666666666667
PRONOSTIA,C1,Bearing1_6,A_rms_3sigma,1,20,0.9166666666666666
PRONOSTIA,C1,Bearing1_6,B_mahalanobis,1,20,0.9333333333333333
PRONOSTIA,C1,Bearing1_6,A_rms_3sigma,1,20,0.11666666666666667
PRONOSTIA,C1,Bearing1_6,B_mahalanobis,1,20,0.9833333333333333
PRONOSTIA,C1,Bearing1_6,A_rms_3sigma,1,20,0.0
PRONOSTIA,C1,Bearing1_6,B_mahalanobis,1,20,0.4166666666666667
PRONOSTIA,C1,Bearing1_6,A_rms_3sigma,1,20,0.0
PRONOSTIA,C1,Bearing1_6,B_mahalanobis,1,20,0.18333333333333332
PRONOSTIA,C1,Bearing1_6,A_rms_3sigma,1,20,0.6166666666666667
PRONOSTIA,C1,Bearing1_6,B_mahalanobis,1,20,0.55
PRONOSTIA,C1,Bearing1_6,A_rms_3sigma,1,20,0.9666666666666667
PRONOSTIA,C1,Bearing1_6,B_mahalanobis,1,20,0.7666666666666667
PRONOSTIA,C1,Bearing1_6,A_rms_3sigma,1,20,1.0
PRONOSTIA,C1,Bearing1_6,B_mahalanobis,1,20,0.9833333333333333
PRONOSTIA,C1,Bearing1_6,A_rms_3sigma,1,20,0.0
PRONOSTIA,C1,Bearing1_6,B_mahalanobis,1,20,0.06666666666666667
PRONOSTIA,C1,Bearing1_6,A_rms_3sigma,1,20,0.08333333333333333
PRONOSTIA,C1,Bearing1_6,B_mahalanobis,1,20,0.9833333333333333
PRONOSTIA,C1,Bearing1_6,A_rms_3sigma,1,20,0.06666666666666667
PRONOSTIA,C1,Bearing1_6,B_mahalanobis,1,20,1.0
PRONOSTIA,C1,Bearing1_6,A_rms_3sigma,1,20,0.0
PRONOSTIA,C1,Bearing1_6,B_mahalanobis,1,20,0.4
PRONOSTIA,C1,Bearing1_6,A_rms_3sigma,1,20,0.6666666666666666
PRONOSTIA,C1,Bearing1_6,B_mahalanobis,1,20,0.8833333333333333
PRONOSTIA,C1,Bearing1_6,A_rms_3sigma,1,20,0.08333333333333333
PRONOSTIA,C1,Bearing1_6,B_mahalanobis,1,20,1.0
PRONOSTIA,C1,Bearing1_6,A_rms_3sigma,1,20,0.0
PRONOSTIA,C1,Bearing1_6,B_mahalanobis,1,20,0.7
PRONOSTIA,C1,Bearing1_6,A_rms_3sigma,1,20,0.05
PRONOSTIA,C1,Bearing1_6,B_mahalanobis,1,20,1.0
PRONOSTIA,C1,Bearing1_6,A_rms_3sigma,2,20,0.0
PRONOSTIA,C1,Bearing1_6,B_mahalanobis,2,20,0.4
PRONOSTIA,C1,Bearing1_6,A_rms_3sigma,2,20,0.6166666666666667
PRONOSTIA,C1,Bearing1_6,B_mahalanobis,2,20,0.5166666666666667
PRONOSTIA,C1,Bearing1_6,A_rms_3sigma,2,20,0.0
PRONOSTIA,C1,Bearing1_6,B_mahalanobis,2,20,0.31666666666666665
PRONOSTIA,C1,Bearing1_6,A_rms_3sigma,2,20,0.0
PRONOSTIA,C1,Bearing1_6,B_mahalanobis,2,20,0.75
PRONOSTIA,C1,Bearing1_6,A_rms_3sigma,2,20,0.03333333333333333
PRONOSTIA,C1,Bearing1_6,B_mahalanobis,2,20,0.4166666666666667
PRONOSTIA,C1,Bearing1_6,A_rms_3sigma,2,20,0.08333333333333333
PRONOSTIA,C1,Bearing1_6,B_mahalanobis,2,20,0.55
PRONOSTIA,C1,Bearing1_6,A_rms_3sigma,2,20,0.0
PRONOSTIA,C1,Bearing1_6,B_mahalanobis,2,20,0.48333333333333334
PRONOSTIA,C1,Bearing1_6,A_rms_3sigma,2,20,0.0
PRONOSTIA,C1,Bearing1_6,B_mahalanobis,2,20,0.38333333333333336
PRONOSTIA,C1,Bearing1_6,A_rms_3sigma,2,20,0.0
PRONOSTIA,C1,Bearing1_6,B_mahalanobis,2,20,0.3333333333333333
PRONOSTIA,C1,Bearing1_6,A_rms_3sigma,2,20,0.0
PRONOSTIA,C1,Bearing1_6,B_mahalanobis,2,20,0.26666666666666666
PRONOSTIA,C1,Bearing1_6,A_rms_3sigma,2,20,0.0
PRONOSTIA,C1,Bearing1_6,B_mahalanobis,2,20,0.65
PRONOSTIA,C1,Bearing1_6,A_rms_3sigma,2,20,0.0
PRONOSTIA,C1,Bearing1_6,B_mahalanobis,2,20,0.1
PRONOSTIA,C1,Bearing1_6,A_rms_3sigma,2,20,0.0
PRONOSTIA,C1,Bearing1_6,B_mahalanobis,2,20,0.3
PRONOSTIA,C1,Bearing1_6,A_rms_3sigma,2,20,0.0
PRONOSTIA,C1,Bearing1_6,B_mahalanobis,2,20,0.31666666666666665
PRONOSTIA,C1,Bearing1_6,A_rms_3sigma,2,20,0.06666666666666667
PRONOSTIA,C1,Bearing1_6,B_mahalanobis,2,20,0.48333333333333334
PRONOSTIA,C1,Bearing1_6,A_rms_3sigma,2,20,0.85
PRONOSTIA,C1,Bearing1_6,B_mahalanobis,2,20,0.7333333333333333
PRONOSTIA,C1,Bearing1_6,A_rms_3sigma,2,20,0.0
PRONOSTIA,C1,Bearing1_6,B_mahalanobis,2,20,0.7666666666666667
PRONOSTIA,C1,Bearing1_6,A_rms_3sigma,2,20,0.0
PRONOSTIA,C1,Bearing1_6,B_mahalanobis,2,20,0.08333333333333333
PRONOSTIA,C1,Bearing1_6,A_rms_3sigma,2,20,0.016666666666666666
PRONOSTIA,C1,Bearing1_6,B_mahalanobis,2,20,0.06666666666666667
PRONOSTIA,C1,Bearing1_6,A_rms_3sigma,2,20,0.8166666666666667
PRONOSTIA,C1,Bearing1_6,B_mahalanobis,2,20,0.4166666666666667
PRONOSTIA,C1,Bearing1_6,A_rms_3sigma,2,20,0.11666666666666667
PRONOSTIA,C1,Bearing1_6,B_mahalanobis,2,20,0.9166666666666666
PRONOSTIA,C1,Bearing1_6,A_rms_3sigma,2,20,0.6833333333333333
PRONOSTIA,C1,Bearing1_6,B_mahalanobis,2,20,0.8166666666666667
PRONOSTIA,C1,Bearing1_6,A_rms_3sigma,2,20,0.0
PRONOSTIA,C1,Bearing1_6,B_mahalanobis,2,20,0.3333333333333333
PRONOSTIA,C1,Bearing1_6,A_rms_3sigma,2,20,0.0
PRONOSTIA,C1,Bearing1_6,B_mahalanobis,2,20,0.6666666666666666
PRONOSTIA,C1,Bearing1_6,A_rms_3sigma,2,20,1.0
PRONOSTIA,C1,Bearing1_6,B_mahalanobis,2,20,0.95
PRONOSTIA,C1,Bearing1_6,A_rms_3sigma,2,20,0.0
PRONOSTIA,C1,Bearing1_6,B_mahalanobis,2,20,0.3333333333333333
PRONOSTIA,C1,Bearing1_6,A_rms_3sigma,2,20,0.016666666666666666
PRONOSTIA,C1,Bearing1_6,B_mahalanobis,2,20,0.016666666666666666
PRONOSTIA,C1,Bearing1_6,A_rms_3sigma,2,20,0.0
PRONOSTIA,C1,Bearing1_6,B_mahalanobis,2,20,0.43333333333333335
PRONOSTIA,C1,Bearing1_6,A_rms_3sigma,2,20,0.08333333333333333
PRONOSTIA,C1,Bearing1_6,B_mahalanobis,2,20,0.4
PRONOSTIA,C1,Bearing1_6,A_rms_3sigma,2,20,0.0
PRONOSTIA,C1,Bearing1_6,B_mahalanobis,2,20,0.13333333333333333
PRONOSTIA,C1,Bearing1_6,A_rms_3sigma,2,20,0.06666666666666667
PRONOSTIA,C1,Bearing1_6,B_mahalanobis,2,20,0.1
PRONOSTIA,C1,Bearing1_6,A_rms_3sigma,2,20,0.0
PRONOSTIA,C1,Bearing1_6,B_mahalanobis,2,20,0.3333333333333333
PRONOSTIA,C1,Bearing1_6,A_rms_3sigma,2,20,0.65
PRONOSTIA,C1,Bearing1_6,B_mahalanobis,2,20,0.8666666666666667
PRONOSTIA,C1,Bearing1_6,A_rms_3sigma,2,20,0.0
PRONOSTIA,C1,Bearing1_6,B_mahalanobis,2,20,0.21666666666666667
PRONOSTIA,C1,Bearing1_6,A_rms_3sigma,2,20,0.0
PRONOSTIA,C1,Bearing1_6,B_mahalanobis,2,20,0.31666666666666665
PRONOSTIA,C1,Bearing1_6,A_rms_3sigma,2,20,0.0
PRONOSTIA,C1,Bearing1_6,B_mahalanobis,2,20,0.16666666666666666
PRONOSTIA,C1,Bearing1_6,A_rms_3sigma,2,20,0.65
PRONOSTIA,C1,Bearing1_6,B_mahalanobis,2,20,0.35
PRONOSTIA,C1,Bearing1_6,A_rms_3sigma,2,20,0.0
PRONOSTIA,C1,Bearing1_6,B_mahalanobis,2,20,0.08333333333333333
PRONOSTIA,C1,Bearing1_6,A_rms_3sigma,2,20,0.08333333333333333
PRONOSTIA,C1,Bearing1_6,B_mahalanobis,2,20,0.15
PRONOSTIA,C1,Bearing1_6,A_rms_3sigma,2,20,1.0
PRONOSTIA,C1,Bearing1_6,B_mahalanobis,2,20,1.0
PRONOSTIA,C1,Bearing1_6,A_rms_3sigma,2,20,0.0
PRONOSTIA,C1,Bearing1_6,B_mahalanobis,2,20,0.6666666666666666
PRONOSTIA,C1,Bearing1_6,A_rms_3sigma,2,20,0.0
PRONOSTIA,C1,Bearing1_6,B_mahalanobis,2,20,0.15
PRONOSTIA,C1,Bearing1_6,A_rms_3sigma,2,20,0.0
PRONOSTIA,C1,Bearing1_6,B_mahalanobis,2,20,0.6833333333333333
PRONOSTIA,C1,Bearing1_6,A_rms_3sigma,2,20,0.0
PRONOSTIA,C1,Bearing1_6,B_mahalanobis,2,20,0.7166666666666667
PRONOSTIA,C1,Bearing1_6,A_rms_3sigma,2,20,0.0
PRONOSTIA,C1,Bearing1_6,B_mahalanobis,2,20,0.7333333333333333
PRONOSTIA,C1,Bearing1_6,A_rms_3sigma,2,20,0.016666666666666666
PRONOSTIA,C1,Bearing1_6,B_mahalanobis,2,20,0.45
PRONOSTIA,C1,Bearing1_6,A_rms_3sigma,2,20,0.0
PRONOSTIA,C1,Bearing1_6,B_mahalanobis,2,20,0.36666666666666664
PRONOSTIA,C1,Bearing1_6,A_rms_3sigma,2,20,0.11666666666666667
PRONOSTIA,C1,Bearing1_6,B_mahalanobis,2,20,0.5833333333333334
PRONOSTIA,C1,Bearing1_6,A_rms_3sigma,2,20,0.0
PRONOSTIA,C1,Bearing1_6,B_mahalanobis,2,20,0.2833333333333333
PRONOSTIA,C1,Bearing1_6,A_rms_3sigma,2,20,0.0
PRONOSTIA,C1,Bearing1_6,B_mahalanobis,2,20,0.6166666666666667
PRONOSTIA,C1,Bearing1_6,A_rms_3sigma,3,18,0.05
PRONOSTIA,C1,Bearing1_6,B_mahalanobis,3,18,0.2
PRONOSTIA,C1,Bearing1_6,A_rms_3sigma,3,18,0.23333333333333334
PRONOSTIA,C1,Bearing1_6,B_mahalanobis,3,18,0.26666666666666666
PRONOSTIA,C1,Bearing1_6,A_rms_3sigma,3,18,0.0
PRONOSTIA,C1,Bearing1_6,B_mahalanobis,3,18,0.18333333333333332
PRONOSTIA,C1,Bearing1_6,A_rms_3sigma,3,18,0.016666666666666666
PRONOSTIA,C1,Bearing1_6,B_mahalanobis,3,18,0.03333333333333333
PRONOSTIA,C1,Bearing1_6,A_rms_3sigma,3,18,0.0
PRONOSTIA,C1,Bearing1_6,B_mahalanobis,3,18,0.5166666666666667
PRONOSTIA,C1,Bearing1_6,A_rms_3sigma,3,18,0.0
PRONOSTIA,C1,Bearing1_6,B_mahalanobis,3,18,0.25
PRONOSTIA,C1,Bearing1_6,A_rms_3sigma,3,18,0.0
PRONOSTIA,C1,Bearing1_6,B_mahalanobis,3,18,0.4666666666666667
PRONOSTIA,C1,Bearing1_6,A_rms_3sigma,3,18,0.0
PRONOSTIA,C1,Bearing1_6,B_mahalanobis,3,18,0.016666666666666666
PRONOSTIA,C1,Bearing1_6,A_rms_3sigma,3,18,0.0
PRONOSTIA,C1,Bearing1_6,B_mahalanobis,3,18,0.15
PRONOSTIA,C1,Bearing1_6,A_rms_3sigma,3,18,0.0
PRONOSTIA,C1,Bearing1_6,B_mahalanobis,3,18,0.11666666666666667
PRONOSTIA,C1,Bearing1_6,A_rms_3sigma,3,18,0.016666666666666666
PRONOSTIA,C1,Bearing1_6,B_mahalanobis,3,18,0.3333333333333333
PRONOSTIA,C1,Bearing1_6,A_rms_3sigma,3,18,0.0
PRONOSTIA,C1,Bearing1_6,B_mahalanobis,3,18,0.5833333333333334
PRONOSTIA,C1,Bearing1_6,A_rms_3sigma,3,18,0.016666666666666666
PRONOSTIA,C1,Bearing1_6,B_mahalanobis,3,18,0.7166666666666667
PRONOSTIA,C1,Bearing1_6,A_rms_3sigma,3,18,0.0
PRONOSTIA,C1,Bearing1_6,B_mahalanobis,3,18,0.5
PRONOSTIA,C1,Bearing1_6,A_rms_3sigma,3,18,0.0
PRONOSTIA,C1,Bearing1_6,B_mahalanobis,3,18,0.4
PRONOSTIA,C1,Bearing1_6,A_rms_3sigma,3,18,0.0
PRONOSTIA,C1,Bearing1_6,B_mahalanobis,3,18,0.0
PRONOSTIA,C1,Bearing1_6,A_rms_3sigma,3,18,0.65
PRONOSTIA,C1,Bearing1_6,B_mahalanobis,3,18,0.6833333333333333
PRONOSTIA,C1,Bearing1_6,A_rms_3sigma,3,18,0.0
PRONOSTIA,C1,Bearing1_6,B_mahalanobis,3,18,0.11666666666666667
PRONOSTIA,C1,Bearing1_6,A_rms_3sigma,3,18,0.0
PRONOSTIA,C1,Bearing1_6,B_mahalanobis,3,18,0.1
PRONOSTIA,C1,Bearing1_6,A_rms_3sigma,3,18,0.13333333333333333
PRONOSTIA,C1,Bearing1_6,B_mahalanobis,3,18,0.5333333333333333
PRONOSTIA,C1,Bearing1_6,A_rms_3sigma,3,18,0.0
PRONOSTIA,C1,Bearing1_6,B_mahalanobis,3,18,0.7
PRONOSTIA,C1,Bearing1_6,A_rms_3sigma,3,18,0.0
PRONOSTIA,C1,Bearing1_6,B_mahalanobis,3,18,0.5666666666666667
PRONOSTIA,C1,Bearing1_6,A_rms_3sigma,3,18,0.16666666666666666
PRONOSTIA,C1,Bearing1_6,B_mahalanobis,3,18,0.4666666666666667
PRONOSTIA,C1,Bearing1_6,A_rms_3sigma,3,18,0.9833333333333333
PRONOSTIA,C1,Bearing1_6,B_mahalanobis,3,18,0.9333333333333333
PRONOSTIA,C1,Bearing1_6,A_rms_3sigma,3,18,0.85
PRONOSTIA,C1,Bearing1_6,B_mahalanobis,3,18,0.5
PRONOSTIA,C1,Bearing1_6,A_rms_3sigma,3,18,0.0
PRONOSTIA,C1,Bearing1_6,B_mahalanobis,3,18,0.25
PRONOSTIA,C1,Bearing1_6,A_rms_3sigma,3,18,0.0
PRONOSTIA,C1,Bearing1_6,B_mahalanobis,3,18,0.23333333333333334
PRONOSTIA,C1,Bearing1_6,A_rms_3sigma,3,18,0.0
PRONOSTIA,C1,Bearing1_6,B_mahalanobis,3,18,0.4666666666666667
PRONOSTIA,C1,Bearing1_6,A_rms_3sigma,3,18,0.0
PRONOSTIA,C1,Bearing1_6,B_mahalanobis,3,18,0.6166666666666667
PRONOSTIA,C1,Bearing1_6,A_rms_3sigma,3,18,0.016666666666666666
PRONOSTIA,C1,Bearing1_6,B_mahalanobis,3,18,0.31666666666666665
PRONOSTIA,C1,Bearing1_6,A_rms_3sigma,3,18,0.0
PRONOSTIA,C1,Bearing1_6,B_mahalanobis,3,18,0.16666666666666666
PRONOSTIA,C1,Bearing1_6,A_rms_3sigma,3,18,0.0
PRONOSTIA,C1,Bearing1_6,B_mahalanobis,3,18,0.18333333333333332
PRONOSTIA,C1,Bearing1_6,A_rms_3sigma,3,18,0.0
PRONOSTIA,C1,Bearing1_6,B_mahalanobis,3,18,0.13333333333333333
PRONOSTIA,C1,Bearing1_6,A_rms_3sigma,3,18,0.016666666666666666
PRONOSTIA,C1,Bearing1_6,B_mahalanobis,3,18,0.6333333333333333
PRONOSTIA,C1,Bearing1_6,A_rms_3sigma,3,18,0.0
PRONOSTIA,C1,Bearing1_6,B_mahalanobis,3,18,0.2833333333333333
PRONOSTIA,C1,Bearing1_6,A_rms_3sigma,3,18,0.08333333333333333
PRONOSTIA,C1,Bearing1_6,B_mahalanobis,3,18,0.4166666666666667
PRONOSTIA,C1,Bearing1_6,A_rms_3sigma,3,18,0.0
PRONOSTIA,C1,Bearing1_6,B_mahalanobis,3,18,0.3333333333333333
PRONOSTIA,C1,Bearing1_6,A_rms_3sigma,3,18,0.0
PRONOSTIA,C1,Bearing1_6,B_mahalanobis,3,18,0.11666666666666667
PRONOSTIA,C1,Bearing1_6,A_rms_3sigma,3,18,0.23333333333333334
PRONOSTIA,C1,Bearing1_6,B_mahalanobis,3,18,0.31666666666666665
PRONOSTIA,C1,Bearing1_6,A_rms_3sigma,3,18,0.0
PRONOSTIA,C1,Bearing1_6,B_mahalanobis,3,18,0.4166666666666667
PRONOSTIA,C1,Bearing1_6,A_rms_3sigma,3,18,0.0
PRONOSTIA,C1,Bearing1_6,B_mahalanobis,3,18,0.3333333333333333
PRONOSTIA,C1,Bearing1_6,A_rms_3sigma,3,18,0.0
PRONOSTIA,C1,Bearing1_6,B_mahalanobis,3,18,0.5166666666666667
PRONOSTIA,C1,Bearing1_6,A_rms_3sigma,3,18,0.03333333333333333
PRONOSTIA,C1,Bearing1_6,B_mahalanobis,3,18,0.2
PRONOSTIA,C1,Bearing1_6,A_rms_3sigma,3,18,0.0
PRONOSTIA,C1,Bearing1_6,B_mahalanobis,3,18,0.7
PRONOSTIA,C1,Bearing1_6,A_rms_3sigma,3,18,0.0
PRONOSTIA,C1,Bearing1_6,B_mahalanobis,3,18,0.48333333333333334
PRONOSTIA,C1,Bearing1_6,A_rms_3sigma,3,18,0.7333333333333333
PRONOSTIA,C1,Bearing1_6,B_mahalanobis,3,18,0.6333333333333333
PRONOSTIA,C1,Bearing1_6,A_rms_3sigma,3,18,0.6
PRONOSTIA,C1,Bearing1_6,B_mahalanobis,3,18,0.7166666666666667
PRONOSTIA,C1,Bearing1_6,A_rms_3sigma,3,18,0.0
PRONOSTIA,C1,Bearing1_6,B_mahalanobis,3,18,0.45
PRONOSTIA,C1,Bearing1_6,A_rms_3sigma,3,18,0.08333333333333333
PRONOSTIA,C1,Bearing1_6,B_mahalanobis,3,18,0.08333333333333333
PRONOSTIA,C1,Bearing1_6,A_rms_3sigma,3,18,0.0
PRONOSTIA,C1,Bearing1_6,B_mahalanobis,3,18,0.016666666666666666
PRONOSTIA,C1,Bearing1_6,A_rms_3sigma,4,20,0.0
PRONOSTIA,C1,Bearing1_6,B_mahalanobis,4,20,0.016666666666666666
PRONOSTIA,C1,Bearing1_6,A_rms_3sigma,4,20,0.016666666666666666
PRONOSTIA,C1,Bearing1_6,B_mahalanobis,4,20,0.1
PRONOSTIA,C1,Bearing1_6,A_rms_3sigma,4,20,0.0
PRONOSTIA,C1,Bearing1_6,B_mahalanobis,4,20,0.4166666666666667
PRONOSTIA,C1,Bearing1_6,A_rms_3sigma,4,20,0.0
PRONOSTIA,C1,Bearing1_6,B_mahalanobis,4,20,0.03333333333333333
PRONOSTIA,C1,Bearing1_6,A_rms_3sigma,4,20,0.0
PRONOSTIA,C1,Bearing1_6,B_mahalanobis,4,20,0.36666666666666664
PRONOSTIA,C1,Bearing1_6,A_rms_3sigma,4,20,0.06666666666666667
PRONOSTIA,C1,Bearing1_6,B_mahalanobis,4,20,0.23333333333333334
PRONOSTIA,C1,Bearing1_6,A_rms_3sigma,4,20,0.0
PRONOSTIA,C1,Bearing1_6,B_mahalanobis,4,20,0.21666666666666667
PRONOSTIA,C1,Bearing1_6,A_rms_3sigma,4,20,0.0
PRONOSTIA,C1,Bearing1_6,B_mahalanobis,4,20,0.26666666666666666
PRONOSTIA,C1,Bearing1_6,A_rms_3sigma,4,20,0.0
PRONOSTIA,C1,Bearing1_6,B_mahalanobis,4,20,0.4666666666666667
PRONOSTIA,C1,Bearing1_6,A_rms_3sigma,4,20,0.0
PRONOSTIA,C1,Bearing1_6,B_mahalanobis,4,20,0.16666666666666666
PRONOSTIA,C1,Bearing1_6,A_rms_3sigma,4,20,0.0
PRONOSTIA,C1,Bearing1_6,B_mahalanobis,4,20,0.4166666666666667
PRONOSTIA,C1,Bearing1_6,A_rms_3sigma,4,20,0.0
PRONOSTIA,C1,Bearing1_6,B_mahalanobis,4,20,0.1
PRONOSTIA,C1,Bearing1_6,A_rms_3sigma,4,20,0.0
PRONOSTIA,C1,Bearing1_6,B_mahalanobis,4,20,0.03333333333333333
PRONOSTIA,C1,Bearing1_6,A_rms_3sigma,4,20,0.0
PRONOSTIA,C1,Bearing1_6,B_mahalanobis,4,20,0.35
PRONOSTIA,C1,Bearing1_6,A_rms_3sigma,4,20,0.0
PRONOSTIA,C1,Bearing1_6,B_mahalanobis,4,20,0.2
PRONOSTIA,C1,Bearing1_6,A_rms_3sigma,4,20,0.0
PRONOSTIA,C1,Bearing1_6,B_mahalanobis,4,20,0.1
PRONOSTIA,C1,Bearing1_6,A_rms_3sigma,4,20,0.0
PRONOSTIA,C1,Bearing1_6,B_mahalanobis,4,20,0.03333333333333333
PRONOSTIA,C1,Bearing1_6,A_rms_3sigma,4,20,0.0
PRONOSTIA,C1,Bearing1_6,B_mahalanobis,4,20,0.26666666666666666
PRONOSTIA,C1,Bearing1_6,A_rms_3sigma,4,20,0.0
PRONOSTIA,C1,Bearing1_6,B_mahalanobis,4,20,0.1
PRONOSTIA,C1,Bearing1_6,A_rms_3sigma,4,20,0.0
PRONOSTIA,C1,Bearing1_6,B_mahalanobis,4,20,0.03333333333333333
PRONOSTIA,C1,Bearing1_6,A_rms_3sigma,4,20,0.0
PRONOSTIA,C1,Bearing1_6,B_mahalanobis,4,20,0.38333333333333336
PRONOSTIA,C1,Bearing1_6,A_rms_3sigma,4,20,0.0
PRONOSTIA,C1,Bearing1_6,B_mahalanobis,4,20,0.35
PRONOSTIA,C1,Bearing1_6,A_rms_3sigma,4,20,0.0
PRONOSTIA,C1,Bearing1_6,B_mahalanobis,4,20,0.11666666666666667
PRONOSTIA,C1,Bearing1_6,A_rms_3sigma,4,20,0.0
PRONOSTIA,C1,Bearing1_6,B_mahalanobis,4,20,0.5
PRONOSTIA,C1,Bearing1_6,A_rms_3sigma,4,20,0.0
PRONOSTIA,C1,Bearing1_6,B_mahalanobis,4,20,0.2833333333333333
PRONOSTIA,C1,Bearing1_6,A_rms_3sigma,4,20,0.08333333333333333
PRONOSTIA,C1,Bearing1_6,B_mahalanobis,4,20,0.45
PRONOSTIA,C1,Bearing1_6,A_rms_3sigma,4,20,0.0
PRONOSTIA,C1,Bearing1_6,B_mahalanobis,4,20,0.0
PRONOSTIA,C1,Bearing1_6,A_rms_3sigma,4,20,0.0
PRONOSTIA,C1,Bearing1_6,B_mahalanobis,4,20,0.4
PRONOSTIA,C1,Bearing1_6,A_rms_3sigma,4,20,0.0
PRONOSTIA,C1,Bearing1_6,B_mahalanobis,4,20,0.5666666666666667
PRONOSTIA,C1,Bearing1_6,A_rms_3sigma,4,20,0.0
PRONOSTIA,C1,Bearing1_6,B_mahalanobis,4,20,0.1
PRONOSTIA,C1,Bearing1_6,A_rms_3sigma,4,20,0.0
PRONOSTIA,C1,Bearing1_6,B_mahalanobis,4,20,0.31666666666666665
PRONOSTIA,C1,Bearing1_6,A_rms_3sigma,4,20,0.0
PRONOSTIA,C1,Bearing1_6,B_mahalanobis,4,20,0.016666666666666666
PRONOSTIA,C1,Bearing1_6,A_rms_3sigma,4,20,0.18333333333333332
PRONOSTIA,C1,Bearing1_6,B_mahalanobis,4,20,0.1
PRONOSTIA,C1,Bearing1_6,A_rms_3sigma,4,20,0.0
PRONOSTIA,C1,Bearing1_6,B_mahalanobis,4,20,0.35
PRONOSTIA,C1,Bearing1_6,A_rms_3sigma,4,20,0.0
PRONOSTIA,C1,Bearing1_6,B_mahalanobis,4,20,0.5166666666666667
PRONOSTIA,C1,Bearing1_6,A_rms_3sigma,4,20,0.0
PRONOSTIA,C1,Bearing1_6,B_mahalanobis,4,20,0.16666666666666666
PRONOSTIA,C1,Bearing1_6,A_rms_3sigma,4,20,0.0
PRONOSTIA,C1,Bearing1_6,B_mahalanobis,4,20,0.36666666666666664
PRONOSTIA,C1,Bearing1_6,A_rms_3sigma,4,20,0.0
PRONOSTIA,C1,Bearing1_6,B_mahalanobis,4,20,0.36666666666666664
PRONOSTIA,C1,Bearing1_6,A_rms_3sigma,4,20,0.03333333333333333
PRONOSTIA,C1,Bearing1_6,B_mahalanobis,4,20,0.55
PRONOSTIA,C1,Bearing1_6,A_rms_3sigma,4,20,0.23333333333333334
PRONOSTIA,C1,Bearing1_6,B_mahalanobis,4,20,0.6666666666666666
PRONOSTIA,C1,Bearing1_6,A_rms_3sigma,4,20,0.0
PRONOSTIA,C1,Bearing1_6,B_mahalanobis,4,20,0.31666666666666665
PRONOSTIA,C1,Bearing1_6,A_rms_3sigma,4,20,0.0
PRONOSTIA,C1,Bearing1_6,B_mahalanobis,4,20,0.31666666666666665
PRONOSTIA,C1,Bearing1_6,A_rms_3sigma,4,20,0.0
PRONOSTIA,C1,Bearing1_6,B_mahalanobis,4,20,0.35
PRONOSTIA,C1,Bearing1_6,A_rms_3sigma,4,20,0.0
PRONOSTIA,C1,Bearing1_6,B_mahalanobis,4,20,0.18333333333333332
PRONOSTIA,C1,Bearing1_6,A_rms_3sigma,4,20,0.1
PRONOSTIA,C1,Bearing1_6,B_mahalanobis,4,20,0.21666666666666667
PRONOSTIA,C1,Bearing1_6,A_rms_3sigma,4,20,0.0
PRONOSTIA,C1,Bearing1_6,B_mahalanobis,4,20,0.45
PRONOSTIA,C1,Bearing1_6,A_rms_3sigma,4,20,0.03333333333333333
PRONOSTIA,C1,Bearing1_6,B_mahalanobis,4,20,0.3333333333333333
PRONOSTIA,C1,Bearing1_6,A_rms_3sigma,4,20,0.08333333333333333
PRONOSTIA,C1,Bearing1_6,B_mahalanobis,4,20,0.2
PRONOSTIA,C1,Bearing1_6,A_rms_3sigma,4,20,0.4166666666666667
PRONOSTIA,C1,Bearing1_6,B_mahalanobis,4,20,0.15
PRONOSTIA,C1,Bearing1_6,A_rms_3sigma,4,20,0.0
PRONOSTIA,C1,Bearing1_6,B_mahalanobis,4,20,0.3333333333333333
PRONOSTIA,C1,Bearing1_7,A_rms_3sigma,1,20,1.0
PRONOSTIA,C1,Bearing1_7,B_mahalanobis,1,20,1.0
PRONOSTIA,C1,Bearing1_7,A_rms_3sigma,1,20,0.06666666666666667
PRONOSTIA,C1,Bearing1_7,B_mahalanobis,1,20,0.3
PRONOSTIA,C1,Bearing1_7,A_rms_3sigma,1,20,0.06666666666666667
PRONOSTIA,C1,Bearing1_7,B_mahalanobis,1,20,0.26666666666666666
PRONOSTIA,C1,Bearing1_7,A_rms_3sigma,1,20,0.8666666666666667
PRONOSTIA,C1,Bearing1_7,B_mahalanobis,1,20,0.8166666666666667
PRONOSTIA,C1,Bearing1_7,A_rms_3sigma,1,20,0.7833333333333333
PRONOSTIA,C1,Bearing1_7,B_mahalanobis,1,20,0.8833333333333333
PRONOSTIA,C1,Bearing1_7,A_rms_3sigma,1,20,1.0
PRONOSTIA,C1,Bearing1_7,B_mahalanobis,1,20,1.0
PRONOSTIA,C1,Bearing1_7,A_rms_3sigma,1,20,0.08333333333333333
PRONOSTIA,C1,Bearing1_7,B_mahalanobis,1,20,0.5333333333333333
PRONOSTIA,C1,Bearing1_7,A_rms_3sigma,1,20,0.26666666666666666
PRONOSTIA,C1,Bearing1_7,B_mahalanobis,1,20,0.65
PRONOSTIA,C1,Bearing1_7,A_rms_3sigma,1,20,0.26666666666666666
PRONOSTIA,C1,Bearing1_7,B_mahalanobis,1,20,0.6666666666666666
PRONOSTIA,C1,Bearing1_7,A_rms_3sigma,1,20,1.0
PRONOSTIA,C1,Bearing1_7,B_mahalanobis,1,20,1.0
PRONOSTIA,C1,Bearing1_7,A_rms_3sigma,1,20,0.7833333333333333
PRONOSTIA,C1,Bearing1_7,B_mahalanobis,1,20,0.8
PRONOSTIA,C1,Bearing1_7,A_rms_3sigma,1,20,0.05
PRONOSTIA,C1,Bearing1_7,B_mahalanobis,1,20,0.65
PRONOSTIA,C1,Bearing1_7,A_rms_3sigma,1,20,0.7833333333333333
PRONOSTIA,C1,Bearing1_7,B_mahalanobis,1,20,0.5333333333333333
PRONOSTIA,C1,Bearing1_7,A_rms_3sigma,1,20,0.016666666666666666
PRONOSTIA,C1,Bearing1_7,B_mahalanobis,1,20,0.6
PRONOSTIA,C1,Bearing1_7,A_rms_3sigma,1,20,0.05
PRONOSTIA,C1,Bearing1_7,B_mahalanobis,1,20,0.6666666666666666
PRONOSTIA,C1,Bearing1_7,A_rms_3sigma,1,20,0.06666666666666667
PRONOSTIA,C1,Bearing1_7,B_mahalanobis,1,20,0.31666666666666665
PRONOSTIA,C1,Bearing1_7,A_rms_3sigma,1,20,0.7166666666666667
PRONOSTIA,C1,Bearing1_7,B_mahalanobis,1,20,0.8833333333333333
PRONOSTIA,C1,Bearing1_7,A_rms_3sigma,1,20,0.18333333333333332
PRONOSTIA,C1,Bearing1_7,B_mahalanobis,1,20,0.9666666666666667
PRONOSTIA,C1,Bearing1_7,A_rms_3sigma,1,20,1.0
PRONOSTIA,C1,Bearing1_7,B_mahalanobis,1,20,1.0
PRONOSTIA,C1,Bearing1_7,A_rms_3sigma,1,20,0.05
PRONOSTIA,C1,Bearing1_7,B_mahalanobis,1,20,0.65
PRONOSTIA,C1,Bearing1_7,A_rms_3sigma,1,20,1.0
PRONOSTIA,C1,Bearing1_7,B_mahalanobis,1,20,1.0
PRONOSTIA,C1,Bearing1_7,A_rms_3sigma,1,20,0.06666666666666667
PRONOSTIA,C1,Bearing1_7,B_mahalanobis,1,20,0.26666666666666666
PRONOSTIA,C1,Bearing1_7,A_rms_3sigma,1,20,0.8
PRONOSTIA,C1,Bearing1_7,B_mahalanobis,1,20,0.7166666666666667
PRONOSTIA,C1,Bearing1_7,A_rms_3sigma,1,20,0.05
PRONOSTIA,C1,Bearing1_7,B_mahalanobis,1,20,0.5
PRONOSTIA,C1,Bearing1_7,A_rms_3sigma,1,20,0.06666666666666667
PRONOSTIA,C1,Bearing1_7,B_mahalanobis,1,20,0.16666666666666666
PRONOSTIA,C1,Bearing1_7,A_rms_3sigma,1,20,0.06666666666666667
PRONOSTIA,C1,Bearing1_7,B_mahalanobis,1,20,0.31666666666666665
PRONOSTIA,C1,Bearing1_7,A_rms_3sigma,1,20,0.18333333333333332
PRONOSTIA,C1,Bearing1_7,B_mahalanobis,1,20,0.9833333333333333
PRONOSTIA,C1,Bearing1_7,A_rms_3sigma,1,20,0.016666666666666666
PRONOSTIA,C1,Bearing1_7,B_mahalanobis,1,20,0.8166666666666667
PRONOSTIA,C1,Bearing1_7,A_rms_3sigma,1,20,0.1
PRONOSTIA,C1,Bearing1_7,B_mahalanobis,1,20,0.4
PRONOSTIA,C1,Bearing1_7,A_rms_3sigma,1,20,0.05
PRONOSTIA,C1,Bearing1_7,B_mahalanobis,1,20,0.7166666666666667
PRONOSTIA,C1,Bearing1_7,A_rms_3sigma,1,20,0.05
PRONOSTIA,C1,Bearing1_7,B_mahalanobis,1,20,0.5833333333333334
PRONOSTIA,C1,Bearing1_7,A_rms_3sigma,1,20,0.31666666666666665
PRONOSTIA,C1,Bearing1_7,B_mahalanobis,1,20,1.0
PRONOSTIA,C1,Bearing1_7,A_rms_3sigma,1,20,0.26666666666666666
PRONOSTIA,C1,Bearing1_7,B_mahalanobis,1,20,0.5333333333333333
PRONOSTIA,C1,Bearing1_7,A_rms_3sigma,1,20,0.26666666666666666
PRONOSTIA,C1,Bearing1_7,B_mahalanobis,1,20,0.9666666666666667
PRONOSTIA,C1,Bearing1_7,A_rms_3sigma,1,20,0.06666666666666667
PRONOSTIA,C1,Bearing1_7,B_mahalanobis,1,20,0.3333333333333333
PRONOSTIA,C1,Bearing1_7,A_rms_3sigma,1,20,0.06666666666666667
PRONOSTIA,C1,Bearing1_7,B_mahalanobis,1,20,0.21666666666666667
PRONOSTIA,C1,Bearing1_7,A_rms_3sigma,1,20,0.016666666666666666
PRONOSTIA,C1,Bearing1_7,B_mahalanobis,1,20,0.7666666666666667
PRONOSTIA,C1,Bearing1_7,A_rms_3sigma,1,20,1.0
PRONOSTIA,C1,Bearing1_7,B_mahalanobis,1,20,1.0
PRONOSTIA,C1,Bearing1_7,A_rms_3sigma,1,20,0.15
PRONOSTIA,C1,Bearing1_7,B_mahalanobis,1,20,0.9666666666666667
PRONOSTIA,C1,Bearing1_7,A_rms_3sigma,1,20,0.13333333333333333
PRONOSTIA,C1,Bearing1_7,B_mahalanobis,1,20,0.4666666666666667
PRONOSTIA,C1,Bearing1_7,A_rms_3sigma,1,20,0.06666666666666667
PRONOSTIA,C1,Bearing1_7,B_mahalanobis,1,20,0.3333333333333333
PRONOSTIA,C1,Bearing1_7,A_rms_3sigma,1,20,0.2833333333333333
PRONOSTIA,C1,Bearing1_7,B_mahalanobis,1,20,0.55
PRONOSTIA,C1,Bearing1_7,A_rms_3sigma,1,20,0.06666666666666667
PRONOSTIA,C1,Bearing1_7,B_mahalanobis,1,20,0.6
PRONOSTIA,C1,Bearing1_7,A_rms_3sigma,1,20,0.05
PRONOSTIA,C1,Bearing1_7,B_mahalanobis,1,20,0.5166666666666667
PRONOSTIA,C1,Bearing1_7,A_rms_3sigma,1,20,0.9166666666666666
PRONOSTIA,C1,Bearing1_7,B_mahalanobis,1,20,0.9666666666666667
PRONOSTIA,C1,Bearing1_7,A_rms_3sigma,1,20,0.06666666666666667
PRONOSTIA,C1,Bearing1_7,B_mahalanobis,1,20,0.31666666666666665
PRONOSTIA,C1,Bearing1_7,A_rms_3sigma,1,20,0.8833333333333333
PRONOSTIA,C1,Bearing1_7,B_mahalanobis,1,20,0.7333333333333333
PRONOSTIA,C1,Bearing1_7,A_rms_3sigma,1,20,0.9666666666666667
PRONOSTIA,C1,Bearing1_7,B_mahalanobis,1,20,0.95
PRONOSTIA,C1,Bearing1_7,A_rms_3sigma,1,20,0.05
PRONOSTIA,C1,Bearing1_7,B_mahalanobis,1,20,0.55
PRONOSTIA,C1,Bearing1_7,A_rms_3sigma,1,20,0.7333333333333333
PRONOSTIA,C1,Bearing1_7,B_mahalanobis,1,20,0.6166666666666667
PRONOSTIA,C1,Bearing1_7,A_rms_3sigma,2,20,0.05
PRONOSTIA,C1,Bearing1_7,B_mahalanobis,2,20,0.25
PRONOSTIA,C1,Bearing1_7,A_rms_3sigma,2,20,0.8333333333333334
PRONOSTIA,C1,Bearing1_7,B_mahalanobis,2,20,0.8833333333333333
PRONOSTIA,C1,Bearing1_7,A_rms_3sigma,2,20,0.016666666666666666
PRONOSTIA,C1,Bearing1_7,B_mahalanobis,2,20,0.3333333333333333
PRONOSTIA,C1,Bearing1_7,A_rms_3sigma,2,20,0.6333333333333333
PRONOSTIA,C1,Bearing1_7,B_mahalanobis,2,20,0.6166666666666667
PRONOSTIA,C1,Bearing1_7,A_rms_3sigma,2,20,0.05
PRONOSTIA,C1,Bearing1_7,B_mahalanobis,2,20,0.13333333333333333
PRONOSTIA,C1,Bearing1_7,A_rms_3sigma,2,20,0.05
PRONOSTIA,C1,Bearing1_7,B_mahalanobis,2,20,0.25
PRONOSTIA,C1,Bearing1_7,A_rms_3sigma,2,20,0.05
PRONOSTIA,C1,Bearing1_7,B_mahalanobis,2,20,0.45
PRONOSTIA,C1,Bearing1_7,A_rms_3sigma,2,20,0.05
PRONOSTIA,C1,Bearing1_7,B_mahalanobis,2,20,0.4166666666666667
PRONOSTIA,C1,Bearing1_7,A_rms_3sigma,2,20,0.18333333333333332
PRONOSTIA,C1,Bearing1_7,B_mahalanobis,2,20,0.3
PRONOSTIA,C1,Bearing1_7,A_rms_3sigma,2,20,0.06666666666666667
PRONOSTIA,C1,Bearing1_7,B_mahalanobis,2,20,0.6
PRONOSTIA,C1,Bearing1_7,A_rms_3sigma,2,20,0.05
PRONOSTIA,C1,Bearing1_7,B_mahalanobis,2,20,0.2833333333333333
PRONOSTIA,C1,Bearing1_7,A_rms_3sigma,2,20,0.06666666666666667
PRONOSTIA,C1,Bearing1_7,B_mahalanobis,2,20,0.2833333333333333
PRONOSTIA,C1,Bearing1_7,A_rms_3sigma,2,20,0.05
PRONOSTIA,C1,Bearing1_7,B_mahalanobis,2,20,0.08333333333333333
PRONOSTIA,C1,Bearing1_7,A_rms_3sigma,2,20,0.13333333333333333
PRONOSTIA,C1,Bearing1_7,B_mahalanobis,2,20,0.16666666666666666
PRONOSTIA,C1,Bearing1_7,A_rms_3sigma,2,20,0.8
PRONOSTIA,C1,Bearing1_7,B_mahalanobis,2,20,0.8666666666666667
PRONOSTIA,C1,Bearing1_7,A_rms_3sigma,2,20,0.13333333333333333
PRONOSTIA,C1,Bearing1_7,B_mahalanobis,2,20,0.11666666666666667
PRONOSTIA,C1,Bearing1_7,A_rms_3sigma,2,20,0.2833333333333333
PRONOSTIA,C1,Bearing1_7,B_mahalanobis,2,20,0.21666666666666667
PRONOSTIA,C1,Bearing1_7,A_rms_3sigma,2,20,0.85
PRONOSTIA,C1,Bearing1_7,B_mahalanobis,2,20,0.8833333333333333
PRONOSTIA,C1,Bearing1_7,A_rms_3sigma,2,20,0.8166666666666667
PRONOSTIA,C1,Bearing1_7,B_mahalanobis,2,20,0.25
PRONOSTIA,C1,Bearing1_7,A_rms_3sigma,2,20,0.05
PRONOSTIA,C1,Bearing1_7,B_mahalanobis,2,20,0.5833333333333334
PRONOSTIA,C1,Bearing1_7,A_rms_3sigma,2,20,0.05
PRONOSTIA,C1,Bearing1_7,B_mahalanobis,2,20,0.26666666666666666
PRONOSTIA,C1,Bearing1_7,A_rms_3sigma,2,20,0.06666666666666667
PRONOSTIA,C1,Bearing1_7,B_mahalanobis,2,20,0.13333333333333333
PRONOSTIA,C1,Bearing1_7,A_rms_3sigma,2,20,0.13333333333333333
PRONOSTIA,C1,Bearing1_7,B_mahalanobis,2,20,0.11666666666666667
PRONOSTIA,C1,Bearing1_7,A_rms_3sigma,2,20,0.06666666666666667
PRONOSTIA,C1,Bearing1_7,B_mahalanobis,2,20,0.3
PRONOSTIA,C1,Bearing1_7,A_rms_3sigma,2,20,0.31666666666666665
PRONOSTIA,C1,Bearing1_7,B_mahalanobis,2,20,0.1
PRONOSTIA,C1,Bearing1_7,A_rms_3sigma,2,20,0.06666666666666667
PRONOSTIA,C1,Bearing1_7,B_mahalanobis,2,20,0.23333333333333334
PRONOSTIA,C1,Bearing1_7,A_rms_3sigma,2,20,0.31666666666666665
PRONOSTIA,C1,Bearing1_7,B_mahalanobis,2,20,0.08333333333333333
PRONOSTIA,C1,Bearing1_7,A_rms_3sigma,2,20,0.05
PRONOSTIA,C1,Bearing1_7,B_mahalanobis,2,20,0.23333333333333334
PRONOSTIA,C1,Bearing1_7,A_rms_3sigma,2,20,0.05
PRONOSTIA,C1,Bearing1_7,B_mahalanobis,2,20,0.2833333333333333
PRONOSTIA,C1,Bearing1_7,A_rms_3sigma,2,20,0.13333333333333333
PRONOSTIA,C1,Bearing1_7,B_mahalanobis,2,20,0.23333333333333334
PRONOSTIA,C1,Bearing1_7,A_rms_3sigma,2,20,0.06666666666666667
PRONOSTIA,C1,Bearing1_7,B_mahalanobis,2,20,0.18333333333333332
PRONOSTIA,C1,Bearing1_7,A_rms_3sigma,2,20,0.16666666666666666
PRONOSTIA,C1,Bearing1_7,B_mahalanobis,2,20,0.3
PRONOSTIA,C1,Bearing1_7,A_rms_3sigma,2,20,0.05
PRONOSTIA,C1,Bearing1_7,B_mahalanobis,2,20,0.55
PRONOSTIA,C1,Bearing1_7,A_rms_3sigma,2,20,0.18333333333333332
PRONOSTIA,C1,Bearing1_7,B_mahalanobis,2,20,0.06666666666666667
PRONOSTIA,C1,Bearing1_7,A_rms_3sigma,2,20,0.06666666666666667
PRONOSTIA,C1,Bearing1_7,B_mahalanobis,2,20,0.21666666666666667
PRONOSTIA,C1,Bearing1_7,A_rms_3sigma,2,20,0.06666666666666667
PRONOSTIA,C1,Bearing1_7,B_mahalanobis,2,20,0.36666666666666664
PRONOSTIA,C1,Bearing1_7,A_rms_3sigma,2,20,0.05
PRONOSTIA,C1,Bearing1_7,B_mahalanobis,2,20,0.03333333333333333
PRONOSTIA,C1,Bearing1_7,A_rms_3sigma,2,20,0.05
PRONOSTIA,C1,Bearing1_7,B_mahalanobis,2,20,0.38333333333333336
PRONOSTIA,C1,Bearing1_7,A_rms_3sigma,2,20,0.06666666666666667
PRONOSTIA,C1,Bearing1_7,B_mahalanobis,2,20,0.1
PRONOSTIA,C1,Bearing1_7,A_rms_3sigma,2,20,0.05
PRONOSTIA,C1,Bearing1_7,B_mahalanobis,2,20,0.3333333333333333
PRONOSTIA,C1,Bearing1_7,A_rms_3sigma,2,20,0.05
PRONOSTIA,C1,Bearing1_7,B_mahalanobis,2,20,0.38333333333333336
PRONOSTIA,C1,Bearing1_7,A_rms_3sigma,2,20,0.06666666666666667
PRONOSTIA,C1,Bearing1_7,B_mahalanobis,2,20,0.2833333333333333
PRONOSTIA,C1,Bearing1_7,A_rms_3sigma,2,20,0.06666666666666667
PRONOSTIA,C1,Bearing1_7,B_mahalanobis,2,20,0.26666666666666666
PRONOSTIA,C1,Bearing1_7,A_rms_3sigma,2,20,0.06666666666666667
PRONOSTIA,C1,Bearing1_7,B_mahalanobis,2,20,0.2833333333333333
PRONOSTIA,C1,Bearing1_7,A_rms_3sigma,2,20,0.05
PRONOSTIA,C1,Bearing1_7,B_mahalanobis,2,20,0.26666666666666666
PRONOSTIA,C1,Bearing1_7,A_rms_3sigma,2,20,1.0
PRONOSTIA,C1,Bearing1_7,B_mahalanobis,2,20,0.9833333333333333
PRONOSTIA,C1,Bearing1_7,A_rms_3sigma,2,20,0.26666666666666666
PRONOSTIA,C1,Bearing1_7,B_mahalanobis,2,20,0.25
PRONOSTIA,C1,Bearing1_7,A_rms_3sigma,2,20,0.05
PRONOSTIA,C1,Bearing1_7,B_mahalanobis,2,20,0.5
PRONOSTIA,C1,Bearing1_7,A_rms_3sigma,2,20,0.05
PRONOSTIA,C1,Bearing1_7,B_mahalanobis,2,20,0.5333333333333333
PRONOSTIA,C1,Bearing1_7,A_rms_3sigma,2,20,0.06666666666666667
PRONOSTIA,C1,Bearing1_7,B_mahalanobis,2,20,0.2
PRONOSTIA,C1,Bearing1_7,A_rms_3sigma,3,18,0.05
PRONOSTIA,C1,Bearing1_7,B_mahalanobis,3,18,0.31666666666666665
PRONOSTIA,C1,Bearing1_7,A_rms_3sigma,3,18,0.05
PRONOSTIA,C1,Bearing1_7,B_mahalanobis,3,18,0.03333333333333333
PRONOSTIA,C1,Bearing1_7,A_rms_3sigma,3,18,0.05
PRONOSTIA,C1,Bearing1_7,B_mahalanobis,3,18,0.2
PRONOSTIA,C1,Bearing1_7,A_rms_3sigma,3,18,0.05
PRONOSTIA,C1,Bearing1_7,B_mahalanobis,3,18,0.25
PRONOSTIA,C1,Bearing1_7,A_rms_3sigma,3,18,0.16666666666666666
PRONOSTIA,C1,Bearing1_7,B_mahalanobis,3,18,0.4
PRONOSTIA,C1,Bearing1_7,A_rms_3sigma,3,18,0.05
PRONOSTIA,C1,Bearing1_7,B_mahalanobis,3,18,0.26666666666666666
PRONOSTIA,C1,Bearing1_7,A_rms_3sigma,3,18,0.1
PRONOSTIA,C1,Bearing1_7,B_mahalanobis,3,18,0.3333333333333333
PRONOSTIA,C1,Bearing1_7,A_rms_3sigma,3,18,0.06666666666666667
PRONOSTIA,C1,Bearing1_7,B_mahalanobis,3,18,0.25
PRONOSTIA,C1,Bearing1_7,A_rms_3sigma,3,18,0.06666666666666667
PRONOSTIA,C1,Bearing1_7,B_mahalanobis,3,18,0.3
PRONOSTIA,C1,Bearing1_7,A_rms_3sigma,3,18,0.05
PRONOSTIA,C1,Bearing1_7,B_mahalanobis,3,18,0.2833333333333333
PRONOSTIA,C1,Bearing1_7,A_rms_3sigma,3,18,0.8333333333333334
PRONOSTIA,C1,Bearing1_7,B_mahalanobis,3,18,0.4
PRONOSTIA,C1,Bearing1_7,A_rms_3sigma,3,18,0.05
PRONOSTIA,C1,Bearing1_7,B_mahalanobis,3,18,0.15
PRONOSTIA,C1,Bearing1_7,A_rms_3sigma,3,18,0.9166666666666666
PRONOSTIA,C1,Bearing1_7,B_mahalanobis,3,18,0.8166666666666667
PRONOSTIA,C1,Bearing1_7,A_rms_3sigma,3,18,0.05
PRONOSTIA,C1,Bearing1_7,B_mahalanobis,3,18,0.2833333333333333
PRONOSTIA,C1,Bearing1_7,A_rms_3sigma,3,18,0.05
PRONOSTIA,C1,Bearing1_7,B_mahalanobis,3,18,0.43333333333333335
PRONOSTIA,C1,Bearing1_7,A_rms_3sigma,3,18,0.05
PRONOSTIA,C1,Bearing1_7,B_mahalanobis,3,18,0.06666666666666667
PRONOSTIA,C1,Bearing1_7,A_rms_3sigma,3,18,0.05
PRONOSTIA,C1,Bearing1_7,B_mahalanobis,3,18,0.03333333333333333
PRONOSTIA,C1,Bearing1_7,A_rms_3sigma,3,18,0.05
PRONOSTIA,C1,Bearing1_7,B_mahalanobis,3,18,0.26666666666666666
PRONOSTIA,C1,Bearing1_7,A_rms_3sigma,3,18,0.06666666666666667
PRONOSTIA,C1,Bearing1_7,B_mahalanobis,3,18,0.11666666666666667
PRONOSTIA,C1,Bearing1_7,A_rms_3sigma,3,18,0.05
PRONOSTIA,C1,Bearing1_7,B_mahalanobis,3,18,0.25
PRONOSTIA,C1,Bearing1_7,A_rms_3sigma,3,18,0.18333333333333332
PRONOSTIA,C1,Bearing1_7,B_mahalanobis,3,18,0.23333333333333334
PRONOSTIA,C1,Bearing1_7,A_rms_3sigma,3,18,0.05
PRONOSTIA,C1,Bearing1_7,B_mahalanobis,3,18,0.23333333333333334
PRONOSTIA,C1,Bearing1_7,A_rms_3sigma,3,18,0.05
PRONOSTIA,C1,Bearing1_7,B_mahalanobis,3,18,0.26666666666666666
PRONOSTIA,C1,Bearing1_7,A_rms_3sigma,3,18,0.05
PRONOSTIA,C1,Bearing1_7,B_mahalanobis,3,18,0.36666666666666664
PRONOSTIA,C1,Bearing1_7,A_rms_3sigma,3,18,0.016666666666666666
PRONOSTIA,C1,Bearing1_7,B_mahalanobis,3,18,0.18333333333333332
PRONOSTIA,C1,Bearing1_7,A_rms_3sigma,3,18,0.06666666666666667
PRONOSTIA,C1,Bearing1_7,B_mahalanobis,3,18,0.35
PRONOSTIA,C1,Bearing1_7,A_rms_3sigma,3,18,0.05
PRONOSTIA,C1,Bearing1_7,B_mahalanobis,3,18,0.11666666666666667
PRONOSTIA,C1,Bearing1_7,A_rms_3sigma,3,18,0.08333333333333333
PRONOSTIA,C1,Bearing1_7,B_mahalanobis,3,18,0.08333333333333333
PRONOSTIA,C1,Bearing1_7,A_rms_3sigma,3,18,0.05
PRONOSTIA,C1,Bearing1_7,B_mahalanobis,3,18,0.23333333333333334
PRONOSTIA,C1,Bearing1_7,A_rms_3sigma,3,18,0.05
PRONOSTIA,C1,Bearing1_7,B_mahalanobis,3,18,0.31666666666666665
PRONOSTIA,C1,Bearing1_7,A_rms_3sigma,3,18,0.05
PRONOSTIA,C1,Bearing1_7,B_mahalanobis,3,18,0.4166666666666667
PRONOSTIA,C1,Bearing1_7,A_rms_3sigma,3,18,0.05
PRONOSTIA,C1,Bearing1_7,B_mahalanobis,3,18,0.23333333333333334
PRONOSTIA,C1,Bearing1_7,A_rms_3sigma,3,18,0.05
PRONOSTIA,C1,Bearing1_7,B_mahalanobis,3,18,0.2833333333333333
PRONOSTIA,C1,Bearing1_7,A_rms_3sigma,3,18,0.05
PRONOSTIA,C1,Bearing1_7,B_mahalanobis,3,18,0.25
PRONOSTIA,C1,Bearing1_7,A_rms_3sigma,3,18,0.2833333333333333
PRONOSTIA,C1,Bearing1_7,B_mahalanobis,3,18,0.08333333333333333
PRONOSTIA,C1,Bearing1_7,A_rms_3sigma,3,18,0.05
PRONOSTIA,C1,Bearing1_7,B_mahalanobis,3,18,0.36666666666666664
PRONOSTIA,C1,Bearing1_7,A_rms_3sigma,3,18,0.06666666666666667
PRONOSTIA,C1,Bearing1_7,B_mahalanobis,3,18,0.15
PRONOSTIA,C1,Bearing1_7,A_rms_3sigma,3,18,0.05
PRONOSTIA,C1,Bearing1_7,B_mahalanobis,3,18,0.21666666666666667
PRONOSTIA,C1,Bearing1_7,A_rms_3sigma,3,18,0.06666666666666667
PRONOSTIA,C1,Bearing1_7,B_mahalanobis,3,18,0.1
PRONOSTIA,C1,Bearing1_7,A_rms_3sigma,3,18,0.4666666666666667
PRONOSTIA,C1,Bearing1_7,B_mahalanobis,3,18,0.5
PRONOSTIA,C1,Bearing1_7,A_rms_3sigma,3,18,0.31666666666666665
PRONOSTIA,C1,Bearing1_7,B_mahalanobis,3,18,0.3333333333333333
PRONOSTIA,C1,Bearing1_7,A_rms_3sigma,3,18,0.05
PRONOSTIA,C1,Bearing1_7,B_mahalanobis,3,18,0.35
PRONOSTIA,C1,Bearing1_7,A_rms_3sigma,3,18,0.06666666666666667
PRONOSTIA,C1,Bearing1_7,B_mahalanobis,3,18,0.4
PRONOSTIA,C1,Bearing1_7,A_rms_3sigma,3,18,0.4
PRONOSTIA,C1,Bearing1_7,B_mahalanobis,3,18,0.48333333333333334
PRONOSTIA,C1,Bearing1_7,A_rms_3sigma,3,18,0.05
PRONOSTIA,C1,Bearing1_7,B_mahalanobis,3,18,0.21666666666666667
PRONOSTIA,C1,Bearing1_7,A_rms_3sigma,3,18,0.06666666666666667
PRONOSTIA,C1,Bearing1_7,B_mahalanobis,3,18,0.4666666666666667
PRONOSTIA,C1,Bearing1_7,A_rms_3sigma,3,18,0.7666666666666667
PRONOSTIA,C1,Bearing1_7,B_mahalanobis,3,18,0.35
PRONOSTIA,C1,Bearing1_7,A_rms_3sigma,3,18,0.2833333333333333
PRONOSTIA,C1,Bearing1_7,B_mahalanobis,3,18,0.21666666666666667
PRONOSTIA,C1,Bearing1_7,A_rms_3sigma,3,18,0.06666666666666667
PRONOSTIA,C1,Bearing1_7,B_mahalanobis,3,18,0.48333333333333334
PRONOSTIA,C1,Bearing1_7,A_rms_3sigma,3,18,0.05
PRONOSTIA,C1,Bearing1_7,B_mahalanobis,3,18,0.2833333333333333
PRONOSTIA,C1,Bearing1_7,A_rms_3sigma,4,20,0.05
PRONOSTIA,C1,Bearing1_7,B_mahalanobis,4,20,0.4166666666666667
PRONOSTIA,C1,Bearing1_7,A_rms_3sigma,4,20,0.23333333333333334
PRONOSTIA,C1,Bearing1_7,B_mahalanobis,4,20,0.15
PRONOSTIA,C1,Bearing1_7,A_rms_3sigma,4,20,0.05
PRONOSTIA,C1,Bearing1_7,B_mahalanobis,4,20,0.23333333333333334
PRONOSTIA,C1,Bearing1_7,A_rms_3sigma,4,20,0.06666666666666667
PRONOSTIA,C1,Bearing1_7,B_mahalanobis,4,20,0.05
PRONOSTIA,C1,Bearing1_7,A_rms_3sigma,4,20,0.05
PRONOSTIA,C1,Bearing1_7,B_mahalanobis,4,20,0.36666666666666664
PRONOSTIA,C1,Bearing1_7,A_rms_3sigma,4,20,0.06666666666666667
PRONOSTIA,C1,Bearing1_7,B_mahalanobis,4,20,0.03333333333333333
PRONOSTIA,C1,Bearing1_7,A_rms_3sigma,4,20,0.05
PRONOSTIA,C1,Bearing1_7,B_mahalanobis,4,20,0.1
PRONOSTIA,C1,Bearing1_7,A_rms_3sigma,4,20,0.05
PRONOSTIA,C1,Bearing1_7,B_mahalanobis,4,20,0.2833333333333333
PRONOSTIA,C1,Bearing1_7,A_rms_3sigma,4,20,0.26666666666666666
PRONOSTIA,C1,Bearing1_7,B_mahalanobis,4,20,0.36666666666666664
PRONOSTIA,C1,Bearing1_7,A_rms_3sigma,4,20,0.05
PRONOSTIA,C1,Bearing1_7,B_mahalanobis,4,20,0.25
PRONOSTIA,C1,Bearing1_7,A_rms_3sigma,4,20,0.06666666666666667
PRONOSTIA,C1,Bearing1_7,B_mahalanobis,4,20,0.05
PRONOSTIA,C1,Bearing1_7,A_rms_3sigma,4,20,0.13333333333333333
PRONOSTIA,C1,Bearing1_7,B_mahalanobis,4,20,0.23333333333333334
PRONOSTIA,C1,Bearing1_7,A_rms_3sigma,4,20,0.05
PRONOSTIA,C1,Bearing1_7,B_mahalanobis,4,20,0.016666666666666666
PRONOSTIA,C1,Bearing1_7,A_rms_3sigma,4,20,0.38333333333333336
PRONOSTIA,C1,Bearing1_7,B_mahalanobis,4,20,0.38333333333333336
PRONOSTIA,C1,Bearing1_7,A_rms_3sigma,4,20,0.18333333333333332
PRONOSTIA,C1,Bearing1_7,B_mahalanobis,4,20,0.2
PRONOSTIA,C1,Bearing1_7,A_rms_3sigma,4,20,0.05
PRONOSTIA,C1,Bearing1_7,B_mahalanobis,4,20,0.03333333333333333
PRONOSTIA,C1,Bearing1_7,A_rms_3sigma,4,20,0.06666666666666667
PRONOSTIA,C1,Bearing1_7,B_mahalanobis,4,20,0.31666666666666665
PRONOSTIA,C1,Bearing1_7,A_rms_3sigma,4,20,0.05
PRONOSTIA,C1,Bearing1_7,B_mahalanobis,4,20,0.016666666666666666
PRONOSTIA,C1,Bearing1_7,A_rms_3sigma,4,20,0.06666666666666667
PRONOSTIA,C1,Bearing1_7,B_mahalanobis,4,20,0.2
PRONOSTIA,C1,Bearing1_7,A_rms_3sigma,4,20,0.05
PRONOSTIA,C1,Bearing1_7,B_mahalanobis,4,20,0.16666666666666666
PRONOSTIA,C1,Bearing1_7,A_rms_3sigma,4,20,0.06666666666666667
PRONOSTIA,C1,Bearing1_7,B_mahalanobis,4,20,0.03333333333333333
PRONOSTIA,C1,Bearing1_7,A_rms_3sigma,4,20,0.05
PRONOSTIA,C1,Bearing1_7,B_mahalanobis,4,20,0.4166666666666667
PRONOSTIA,C1,Bearing1_7,A_rms_3sigma,4,20,0.06666666666666667
PRONOSTIA,C1,Bearing1_7,B_mahalanobis,4,20,0.2833333333333333
PRONOSTIA,C1,Bearing1_7,A_rms_3sigma,4,20,0.06666666666666667
PRONOSTIA,C1,Bearing1_7,B_mahalanobis,4,20,0.08333333333333333
PRONOSTIA,C1,Bearing1_7,A_rms_3sigma,4,20,0.05
PRONOSTIA,C1,Bearing1_7,B_mahalanobis,4,20,0.0
PRONOSTIA,C1,Bearing1_7,A_rms_3sigma,4,20,0.06666666666666667
PRONOSTIA,C1,Bearing1_7,B_mahalanobis,4,20,0.13333333333333333
PRONOSTIA,C1,Bearing1_7,A_rms_3sigma,4,20,0.05
PRONOSTIA,C1,Bearing1_7,B_mahalanobis,4,20,0.11666666666666667
PRONOSTIA,C1,Bearing1_7,A_rms_3sigma,4,20,0.31666666666666665
PRONOSTIA,C1,Bearing1_7,B_mahalanobis,4,20,0.06666666666666667
PRONOSTIA,C1,Bearing1_7,A_rms_3sigma,4,20,0.05
PRONOSTIA,C1,Bearing1_7,B_mahalanobis,4,20,0.5833333333333334
PRONOSTIA,C1,Bearing1_7,A_rms_3sigma,4,20,0.4166666666666667
PRONOSTIA,C1,Bearing1_7,B_mahalanobis,4,20,0.36666666666666664
PRONOSTIA,C1,Bearing1_7,A_rms_3sigma,4,20,0.05
PRONOSTIA,C1,Bearing1_7,B_mahalanobis,4,20,0.2
PRONOSTIA,C1,Bearing1_7,A_rms_3sigma,4,20,0.05
PRONOSTIA,C1,Bearing1_7,B_mahalanobis,4,20,0.06666666666666667
PRONOSTIA,C1,Bearing1_7,A_rms_3sigma,4,20,0.05
PRONOSTIA,C1,Bearing1_7,B_mahalanobis,4,20,0.43333333333333335
PRONOSTIA,C1,Bearing1_7,A_rms_3sigma,4,20,0.18333333333333332
PRONOSTIA,C1,Bearing1_7,B_mahalanobis,4,20,0.06666666666666667
PRONOSTIA,C1,Bearing1_7,A_rms_3sigma,4,20,0.05
PRONOSTIA,C1,Bearing1_7,B_mahalanobis,4,20,0.18333333333333332
PRONOSTIA,C1,Bearing1_7,A_rms_3sigma,4,20,0.06666666666666667
PRONOSTIA,C1,Bearing1_7,B_mahalanobis,4,20,0.05
PRONOSTIA,C1,Bearing1_7,A_rms_3sigma,4,20,0.2833333333333333
PRONOSTIA,C1,Bearing1_7,B_mahalanobis,4,20,0.06666666666666667
PRONOSTIA,C1,Bearing1_7,A_rms_3sigma,4,20,0.06666666666666667
PRONOSTIA,C1,Bearing1_7,B_mahalanobis,4,20,0.05
PRONOSTIA,C1,Bearing1_7,A_rms_3sigma,4,20,0.05
PRONOSTIA,C1,Bearing1_7,B_mahalanobis,4,20,0.25
PRONOSTIA,C1,Bearing1_7,A_rms_3sigma,4,20,0.06666666666666667
PRONOSTIA,C1,Bearing1_7,B_mahalanobis,4,20,0.26666666666666666
PRONOSTIA,C1,Bearing1_7,A_rms_3sigma,4,20,0.05
PRONOSTIA,C1,Bearing1_7,B_mahalanobis,4,20,0.016666666666666666
PRONOSTIA,C1,Bearing1_7,A_rms_3sigma,4,20,0.05
PRONOSTIA,C1,Bearing1_7,B_mahalanobis,4,20,0.5166666666666667
PRONOSTIA,C1,Bearing1_7,A_rms_3sigma,4,20,0.18333333333333332
PRONOSTIA,C1,Bearing1_7,B_mahalanobis,4,20,0.16666666666666666
PRONOSTIA,C1,Bearing1_7,A_rms_3sigma,4,20,0.05
PRONOSTIA,C1,Bearing1_7,B_mahalanobis,4,20,0.18333333333333332
PRONOSTIA,C1,Bearing1_7,A_rms_3sigma,4,20,0.05
PRONOSTIA,C1,Bearing1_7,B_mahalanobis,4,20,0.43333333333333335
PRONOSTIA,C1,Bearing1_7,A_rms_3sigma,4,20,0.05
PRONOSTIA,C1,Bearing1_7,B_mahalanobis,4,20,0.3
PRONOSTIA,C1,Bearing1_7,A_rms_3sigma,4,20,0.05
PRONOSTIA,C1,Bearing1_7,B_mahalanobis,4,20,0.21666666666666667
PRONOSTIA,C1,Bearing1_7,A_rms_3sigma,4,20,0.05
PRONOSTIA,C1,Bearing1_7,B_mahalanobis,4,20,0.06666666666666667
PRONOSTIA,C1,Bearing1_7,A_rms_3sigma,4,20,0.06666666666666667
PRONOSTIA,C1,Bearing1_7,B_mahalanobis,4,20,0.31666666666666665
PRONOSTIA,C1,Bearing1_7,A_rms_3sigma,4,20,0.06666666666666667
PRONOSTIA,C1,Bearing1_7,B_mahalanobis,4,20,0.23333333333333334
PRONOSTIA,C2,Bearing2_1,A_rms_3sigma,1,20,0.9833333333333333
PRONOSTIA,C2,Bearing2_1,B_mahalanobis,1,20,1.0
PRONOSTIA,C2,Bearing2_1,A_rms_3sigma,1,20,0.9833333333333333
PRONOSTIA,C2,Bearing2_1,B_mahalanobis,1,20,1.0
PRONOSTIA,C2,Bearing2_1,A_rms_3sigma,1,20,0.03333333333333333
PRONOSTIA,C2,Bearing2_1,B_mahalanobis,1,20,0.25
PRONOSTIA,C2,Bearing2_1,A_rms_3sigma,1,20,0.0
PRONOSTIA,C2,Bearing2_1,B_mahalanobis,1,20,0.15
PRONOSTIA,C2,Bearing2_1,A_rms_3sigma,1,20,0.9833333333333333
PRONOSTIA,C2,Bearing2_1,B_mahalanobis,1,20,1.0
PRONOSTIA,C2,Bearing2_1,A_rms_3sigma,1,20,0.9833333333333333
PRONOSTIA,C2,Bearing2_1,B_mahalanobis,1,20,1.0
PRONOSTIA,C2,Bearing2_1,A_rms_3sigma,1,20,0.9833333333333333
PRONOSTIA,C2,Bearing2_1,B_mahalanobis,1,20,1.0
PRONOSTIA,C2,Bearing2_1,A_rms_3sigma,1,20,0.9833333333333333
PRONOSTIA,C2,Bearing2_1,B_mahalanobis,1,20,1.0
PRONOSTIA,C2,Bearing2_1,A_rms_3sigma,1,20,0.9833333333333333
PRONOSTIA,C2,Bearing2_1,B_mahalanobis,1,20,1.0
PRONOSTIA,C2,Bearing2_1,A_rms_3sigma,1,20,0.03333333333333333
PRONOSTIA,C2,Bearing2_1,B_mahalanobis,1,20,0.1
PRONOSTIA,C2,Bearing2_1,A_rms_3sigma,1,20,0.9833333333333333
PRONOSTIA,C2,Bearing2_1,B_mahalanobis,1,20,1.0
PRONOSTIA,C2,Bearing2_1,A_rms_3sigma,1,20,0.9833333333333333
PRONOSTIA,C2,Bearing2_1,B_mahalanobis,1,20,1.0
PRONOSTIA,C2,Bearing2_1,A_rms_3sigma,1,20,0.38333333333333336
PRONOSTIA,C2,Bearing2_1,B_mahalanobis,1,20,0.6333333333333333
PRONOSTIA,C2,Bearing2_1,A_rms_3sigma,1,20,0.9833333333333333
PRONOSTIA,C2,Bearing2_1,B_mahalanobis,1,20,1.0
PRONOSTIA,C2,Bearing2_1,A_rms_3sigma,1,20,0.26666666666666666
PRONOSTIA,C2,Bearing2_1,B_mahalanobis,1,20,0.31666666666666665
PRONOSTIA,C2,Bearing2_1,A_rms_3sigma,1,20,0.9833333333333333
PRONOSTIA,C2,Bearing2_1,B_mahalanobis,1,20,1.0
PRONOSTIA,C2,Bearing2_1,A_rms_3sigma,1,20,0.9833333333333333
PRONOSTIA,C2,Bearing2_1,B_mahalanobis,1,20,1.0
PRONOSTIA,C2,Bearing2_1,A_rms_3sigma,1,20,0.05
PRONOSTIA,C2,Bearing2_1,B_mahalanobis,1,20,0.36666666666666664
PRONOSTIA,C2,Bearing2_1,A_rms_3sigma,1,20,0.9833333333333333
PRONOSTIA,C2,Bearing2_1,B_mahalanobis,1,20,1.0
PRONOSTIA,C2,Bearing2_1,A_rms_3sigma,1,20,0.05
PRONOSTIA,C2,Bearing2_1,B_mahalanobis,1,20,0.13333333333333333
PRONOSTIA,C2,Bearing2_1,A_rms_3sigma,1,20,0.016666666666666666
PRONOSTIA,C2,Bearing2_1,B_mahalanobis,1,20,0.13333333333333333
PRONOSTIA,C2,Bearing2_1,A_rms_3sigma,1,20,0.9833333333333333
PRONOSTIA,C2,Bearing2_1,B_mahalanobis,1,20,1.0
PRONOSTIA,C2,Bearing2_1,A_rms_3sigma,1,20,0.03333333333333333
PRONOSTIA,C2,Bearing2_1,B_mahalanobis,1,20,0.23333333333333334
PRONOSTIA,C2,Bearing2_1,A_rms_3sigma,1,20,0.9833333333333333
PRONOSTIA,C2,Bearing2_1,B_mahalanobis,1,20,1.0
PRONOSTIA,C2,Bearing2_1,A_rms_3sigma,1,20,0.3
PRONOSTIA,C2,Bearing2_1,B_mahalanobis,1,20,0.26666666666666666
PRONOSTIA,C2,Bearing2_1,A_rms_3sigma,1,20,0.9833333333333333
PRONOSTIA,C2,Bearing2_1,B_mahalanobis,1,20,1.0
PRONOSTIA,C2,Bearing2_1,A_rms_3sigma,1,20,0.9833333333333333
PRONOSTIA,C2,Bearing2_1,B_mahalanobis,1,20,1.0
PRONOSTIA,C2,Bearing2_1,A_rms_3sigma,1,20,0.9833333333333333
PRONOSTIA,C2,Bearing2_1,B_mahalanobis,1,20,1.0
PRONOSTIA,C2,Bearing2_1,A_rms_3sigma,1,20,0.9833333333333333
PRONOSTIA,C2,Bearing2_1,B_mahalanobis,1,20,1.0
PRONOSTIA,C2,Bearing2_1,A_rms_3sigma,1,20,0.9833333333333333
PRONOSTIA,C2,Bearing2_1,B_mahalanobis,1,20,1.0
PRONOSTIA,C2,Bearing2_1,A_rms_3sigma,1,20,0.9833333333333333
PRONOSTIA,C2,Bearing2_1,B_mahalanobis,1,20,1.0
PRONOSTIA,C2,Bearing2_1,A_rms_3sigma,1,20,0.9833333333333333
PRONOSTIA,C2,Bearing2_1,B_mahalanobis,1,20,1.0
PRONOSTIA,C2,Bearing2_1,A_rms_3sigma,1,20,0.016666666666666666
PRONOSTIA,C2,Bearing2_1,B_mahalanobis,1,20,0.6666666666666666
PRONOSTIA,C2,Bearing2_1,A_rms_3sigma,1,20,0.9833333333333333
PRONOSTIA,C2,Bearing2_1,B_mahalanobis,1,20,1.0
PRONOSTIA,C2,Bearing2_1,A_rms_3sigma,1,20,0.9833333333333333
PRONOSTIA,C2,Bearing2_1,B_mahalanobis,1,20,1.0
PRONOSTIA,C2,Bearing2_1,A_rms_3sigma,1,20,0.03333333333333333
PRONOSTIA,C2,Bearing2_1,B_mahalanobis,1,20,0.06666666666666667
PRONOSTIA,C2,Bearing2_1,A_rms_3sigma,1,20,0.016666666666666666
PRONOSTIA,C2,Bearing2_1,B_mahalanobis,1,20,0.3
PRONOSTIA,C2,Bearing2_1,A_rms_3sigma,1,20,0.9833333333333333
PRONOSTIA,C2,Bearing2_1,B_mahalanobis,1,20,1.0
PRONOSTIA,C2,Bearing2_1,A_rms_3sigma,1,20,0.016666666666666666
PRONOSTIA,C2,Bearing2_1,B_mahalanobis,1,20,0.2
PRONOSTIA,C2,Bearing2_1,A_rms_3sigma,1,20,0.0
PRONOSTIA,C2,Bearing2_1,B_mahalanobis,1,20,0.08333333333333333
PRONOSTIA,C2,Bearing2_1,A_rms_3sigma,1,20,0.9833333333333333
PRONOSTIA,C2,Bearing2_1,B_mahalanobis,1,20,1.0
PRONOSTIA,C2,Bearing2_1,A_rms_3sigma,1,20,0.2833333333333333
PRONOSTIA,C2,Bearing2_1,B_mahalanobis,1,20,0.23333333333333334
PRONOSTIA,C2,Bearing2_1,A_rms_3sigma,1,20,0.9833333333333333
PRONOSTIA,C2,Bearing2_1,B_mahalanobis,1,20,1.0
PRONOSTIA,C2,Bearing2_1,A_rms_3sigma,1,20,0.05
PRONOSTIA,C2,Bearing2_1,B_mahalanobis,1,20,0.35
PRONOSTIA,C2,Bearing2_1,A_rms_3sigma,1,20,0.016666666666666666
PRONOSTIA,C2,Bearing2_1,B_mahalanobis,1,20,0.08333333333333333
PRONOSTIA,C2,Bearing2_1,A_rms_3sigma,1,20,0.9833333333333333
PRONOSTIA,C2,Bearing2_1,B_mahalanobis,1,20,1.0
PRONOSTIA,C2,Bearing2_1,A_rms_3sigma,1,20,0.0
PRONOSTIA,C2,Bearing2_1,B_mahalanobis,1,20,0.15
PRONOSTIA,C2,Bearing2_1,A_rms_3sigma,1,20,0.21666666666666667
PRONOSTIA,C2,Bearing2_1,B_mahalanobis,1,20,1.0
PRONOSTIA,C2,Bearing2_1,A_rms_3sigma,1,20,0.9833333333333333
PRONOSTIA,C2,Bearing2_1,B_mahalanobis,1,20,1.0
PRONOSTIA,C2,Bearing2_1,A_rms_3sigma,1,20,0.9833333333333333
PRONOSTIA,C2,Bearing2_1,B_mahalanobis,1,20,1.0
PRONOSTIA,C2,Bearing2_1,A_rms_3sigma,2,20,0.9833333333333333
PRONOSTIA,C2,Bearing2_1,B_mahalanobis,2,20,1.0
PRONOSTIA,C2,Bearing2_1,A_rms_3sigma,2,20,0.4
PRONOSTIA,C2,Bearing2_1,B_mahalanobis,2,20,0.8166666666666667
PRONOSTIA,C2,Bearing2_1,A_rms_3sigma,2,20,0.016666666666666666
PRONOSTIA,C2,Bearing2_1,B_mahalanobis,2,20,0.15
PRONOSTIA,C2,Bearing2_1,A_rms_3sigma,2,20,0.9833333333333333
PRONOSTIA,C2,Bearing2_1,B_mahalanobis,2,20,0.8666666666666667
PRONOSTIA,C2,Bearing2_1,A_rms_3sigma,2,20,0.4666666666666667
PRONOSTIA,C2,Bearing2_1,B_mahalanobis,2,20,0.6833333333333333
PRONOSTIA,C2,Bearing2_1,A_rms_3sigma,2,20,0.016666666666666666
PRONOSTIA,C2,Bearing2_1,B_mahalanobis,2,20,0.11666666666666667
PRONOSTIA,C2,Bearing2_1,A_rms_3sigma,2,20,0.05
PRONOSTIA,C2,Bearing2_1,B_mahalanobis,2,20,0.1
PRONOSTIA,C2,Bearing2_1,A_rms_3sigma,2,20,0.016666666666666666
PRONOSTIA,C2,Bearing2_1,B_mahalanobis,2,20,0.13333333333333333
PRONOSTIA,C2,Bearing2_1,A_rms_3sigma,2,20,0.016666666666666666
PRONOSTIA,C2,Bearing2_1,B_mahalanobis,2,20,0.1
PRONOSTIA,C2,Bearing2_1,A_rms_3sigma,2,20,0.9833333333333333
PRONOSTIA,C2,Bearing2_1,B_mahalanobis,2,20,1.0
PRONOSTIA,C2,Bearing2_1,A_rms_3sigma,2,20,0.9833333333333333
PRONOSTIA,C2,Bearing2_1,B_mahalanobis,2,20,0.9333333333333333
PRONOSTIA,C2,Bearing2_1,A_rms_3sigma,2,20,0.0
PRONOSTIA,C2,Bearing2_1,B_mahalanobis,2,20,0.16666666666666666
PRONOSTIA,C2,Bearing2_1,A_rms_3sigma,2,20,0.9833333333333333
PRONOSTIA,C2,Bearing2_1,B_mahalanobis,2,20,1.0
PRONOSTIA,C2,Bearing2_1,A_rms_3sigma,2,20,0.016666666666666666
PRONOSTIA,C2,Bearing2_1,B_mahalanobis,2,20,0.16666666666666666
PRONOSTIA,C2,Bearing2_1,A_rms_3sigma,2,20,0.0
PRONOSTIA,C2,Bearing2_1,B_mahalanobis,2,20,0.15
PRONOSTIA,C2,Bearing2_1,A_rms_3sigma,2,20,0.0
PRONOSTIA,C2,Bearing2_1,B_mahalanobis,2,20,0.16666666666666666
PRONOSTIA,C2,Bearing2_1,A_rms_3sigma,2,20,0.18333333333333332
PRONOSTIA,C2,Bearing2_1,B_mahalanobis,2,20,0.18333333333333332
PRONOSTIA,C2,Bearing2_1,A_rms_3sigma,2,20,0.36666666666666664
PRONOSTIA,C2,Bearing2_1,B_mahalanobis,2,20,1.0
PRONOSTIA,C2,Bearing2_1,A_rms_3sigma,2,20,0.9833333333333333
PRONOSTIA,C2,Bearing2_1,B_mahalanobis,2,20,1.0
PRONOSTIA,C2,Bearing2_1,A_rms_3sigma,2,20,0.9833333333333333
PRONOSTIA,C2,Bearing2_1,B_mahalanobis,2,20,1.0
PRONOSTIA,C2,Bearing2_1,A_rms_3sigma,2,20,0.9833333333333333
PRONOSTIA,C2,Bearing2_1,B_mahalanobis,2,20,1.0
PRONOSTIA,C2,Bearing2_1,A_rms_3sigma,2,20,0.0
PRONOSTIA,C2,Bearing2_1,B_mahalanobis,2,20,0.16666666666666666
PRONOSTIA,C2,Bearing2_1,A_rms_3sigma,2,20,0.016666666666666666
PRONOSTIA,C2,Bearing2_1,B_mahalanobis,2,20,0.13333333333333333
PRONOSTIA,C2,Bearing2_1,A_rms_3sigma,2,20,0.9833333333333333
PRONOSTIA,C2,Bearing2_1,B_mahalanobis,2,20,1.0
PRONOSTIA,C2,Bearing2_1,A_rms_3sigma,2,20,0.03333333333333333
PRONOSTIA,C2,Bearing2_1,B_mahalanobis,2,20,0.3
PRONOSTIA,C2,Bearing2_1,A_rms_3sigma,2,20,0.0
PRONOSTIA,C2,Bearing2_1,B_mahalanobis,2,20,0.08333333333333333
PRONOSTIA,C2,Bearing2_1,A_rms_3sigma,2,20,0.36666666666666664
PRONOSTIA,C2,Bearing2_1,B_mahalanobis,2,20,0.95
PRONOSTIA,C2,Bearing2_1,A_rms_3sigma,2,20,0.9833333333333333
PRONOSTIA,C2,Bearing2_1,B_mahalanobis,2,20,0.9666666666666667
PRONOSTIA,C2,Bearing2_1,A_rms_3sigma,2,20,0.9833333333333333
PRONOSTIA,C2,Bearing2_1,B_mahalanobis,2,20,1.0
PRONOSTIA,C2,Bearing2_1,A_rms_3sigma,2,20,0.9833333333333333
PRONOSTIA,C2,Bearing2_1,B_mahalanobis,2,20,1.0
PRONOSTIA,C2,Bearing2_1,A_rms_3sigma,2,20,0.9833333333333333
PRONOSTIA,C2,Bearing2_1,B_mahalanobis,2,20,1.0
PRONOSTIA,C2,Bearing2_1,A_rms_3sigma,2,20,0.9833333333333333
PRONOSTIA,C2,Bearing2_1,B_mahalanobis,2,20,1.0
PRONOSTIA,C2,Bearing2_1,A_rms_3sigma,2,20,0.0
PRONOSTIA,C2,Bearing2_1,B_mahalanobis,2,20,0.06666666666666667
PRONOSTIA,C2,Bearing2_1,A_rms_3sigma,2,20,0.9833333333333333
PRONOSTIA,C2,Bearing2_1,B_mahalanobis,2,20,1.0
PRONOSTIA,C2,Bearing2_1,A_rms_3sigma,2,20,0.0
PRONOSTIA,C2,Bearing2_1,B_mahalanobis,2,20,0.15
PRONOSTIA,C2,Bearing2_1,A_rms_3sigma,2,20,0.05
PRONOSTIA,C2,Bearing2_1,B_mahalanobis,2,20,0.21666666666666667
PRONOSTIA,C2,Bearing2_1,A_rms_3sigma,2,20,0.016666666666666666
PRONOSTIA,C2,Bearing2_1,B_mahalanobis,2,20,0.15
PRONOSTIA,C2,Bearing2_1,A_rms_3sigma,2,20,0.016666666666666666
PRONOSTIA,C2,Bearing2_1,B_mahalanobis,2,20,0.25
PRONOSTIA,C2,Bearing2_1,A_rms_3sigma,2,20,0.9833333333333333
PRONOSTIA,C2,Bearing2_1,B_mahalanobis,2,20,1.0
PRONOSTIA,C2,Bearing2_1,A_rms_3sigma,2,20,0.0
PRONOSTIA,C2,Bearing2_1,B_mahalanobis,2,20,0.15
PRONOSTIA,C2,Bearing2_1,A_rms_3sigma,2,20,0.21666666666666667
PRONOSTIA,C2,Bearing2_1,B_mahalanobis,2,20,1.0
PRONOSTIA,C2,Bearing2_1,A_rms_3sigma,2,20,0.9833333333333333
PRONOSTIA,C2,Bearing2_1,B_mahalanobis,2,20,1.0
PRONOSTIA,C2,Bearing2_1,A_rms_3sigma,2,20,0.016666666666666666
PRONOSTIA,C2,Bearing2_1,B_mahalanobis,2,20,0.16666666666666666
PRONOSTIA,C2,Bearing2_1,A_rms_3sigma,2,20,0.0
PRONOSTIA,C2,Bearing2_1,B_mahalanobis,2,20,0.13333333333333333
PRONOSTIA,C2,Bearing2_1,A_rms_3sigma,2,20,0.26666666666666666
PRONOSTIA,C2,Bearing2_1,B_mahalanobis,2,20,0.6
PRONOSTIA,C2,Bearing2_1,A_rms_3sigma,2,20,0.2833333333333333
PRONOSTIA,C2,Bearing2_1,B_mahalanobis,2,20,0.6666666666666666
PRONOSTIA,C2,Bearing2_1,A_rms_3sigma,2,20,0.016666666666666666
PRONOSTIA,C2,Bearing2_1,B_mahalanobis,2,20,0.1
PRONOSTIA,C2,Bearing2_1,A_rms_3sigma,2,20,0.016666666666666666
PRONOSTIA,C2,Bearing2_1,B_mahalanobis,2,20,0.13333333333333333
PRONOSTIA,C2,Bearing2_1,A_rms_3sigma,2,20,0.016666666666666666
PRONOSTIA,C2,Bearing2_1,B_mahalanobis,2,20,0.13333333333333333
PRONOSTIA,C2,Bearing2_1,A_rms_3sigma,2,20,0.9833333333333333
PRONOSTIA,C2,Bearing2_1,B_mahalanobis,2,20,1.0
PRONOSTIA,C2,Bearing2_1,A_rms_3sigma,3,18,0.8166666666666667
PRONOSTIA,C2,Bearing2_1,B_mahalanobis,3,18,0.9333333333333333
PRONOSTIA,C2,Bearing2_1,A_rms_3sigma,3,18,0.9833333333333333
PRONOSTIA,C2,Bearing2_1,B_mahalanobis,3,18,1.0
PRONOSTIA,C2,Bearing2_1,A_rms_3sigma,3,18,0.016666666666666666
PRONOSTIA,C2,Bearing2_1,B_mahalanobis,3,18,0.13333333333333333
PRONOSTIA,C2,Bearing2_1,A_rms_3sigma,3,18,0.016666666666666666
PRONOSTIA,C2,Bearing2_1,B_mahalanobis,3,18,0.16666666666666666
PRONOSTIA,C2,Bearing2_1,A_rms_3sigma,3,18,0.9833333333333333
PRONOSTIA,C2,Bearing2_1,B_mahalanobis,3,18,1.0
PRONOSTIA,C2,Bearing2_1,A_rms_3sigma,3,18,0.4666666666666667
PRONOSTIA,C2,Bearing2_1,B_mahalanobis,3,18,0.7333333333333333
PRONOSTIA,C2,Bearing2_1,A_rms_3sigma,3,18,0.4666666666666667
PRONOSTIA,C2,Bearing2_1,B_mahalanobis,3,18,0.7833333333333333
PRONOSTIA,C2,Bearing2_1,A_rms_3sigma,3,18,0.016666666666666666
PRONOSTIA,C2,Bearing2_1,B_mahalanobis,3,18,0.11666666666666667
PRONOSTIA,C2,Bearing2_1,A_rms_3sigma,3,18,0.016666666666666666
PRONOSTIA,C2,Bearing2_1,B_mahalanobis,3,18,0.13333333333333333
PRONOSTIA,C2,Bearing2_1,A_rms_3sigma,3,18,0.9833333333333333
PRONOSTIA,C2,Bearing2_1,B_mahalanobis,3,18,1.0
PRONOSTIA,C2,Bearing2_1,A_rms_3sigma,3,18,0.016666666666666666
PRONOSTIA,C2,Bearing2_1,B_mahalanobis,3,18,0.08333333333333333
PRONOSTIA,C2,Bearing2_1,A_rms_3sigma,3,18,0.9833333333333333
PRONOSTIA,C2,Bearing2_1,B_mahalanobis,3,18,1.0
PRONOSTIA,C2,Bearing2_1,A_rms_3sigma,3,18,0.016666666666666666
PRONOSTIA,C2,Bearing2_1,B_mahalanobis,3,18,0.2
PRONOSTIA,C2,Bearing2_1,A_rms_3sigma,3,18,0.45
PRONOSTIA,C2,Bearing2_1,B_mahalanobis,3,18,0.6
PRONOSTIA,C2,Bearing2_1,A_rms_3sigma,3,18,0.9333333333333333
PRONOSTIA,C2,Bearing2_1,B_mahalanobis,3,18,1.0
PRONOSTIA,C2,Bearing2_1,A_rms_3sigma,3,18,0.016666666666666666
PRONOSTIA,C2,Bearing2_1,B_mahalanobis,3,18,0.1
PRONOSTIA,C2,Bearing2_1,A_rms_3sigma,3,18,0.016666666666666666
PRONOSTIA,C2,Bearing2_1,B_mahalanobis,3,18,0.26666666666666666
PRONOSTIA,C2,Bearing2_1,A_rms_3sigma,3,18,0.7833333333333333
PRONOSTIA,C2,Bearing2_1,B_mahalanobis,3,18,1.0
PRONOSTIA,C2,Bearing2_1,A_rms_3sigma,3,18,0.4166666666666667
PRONOSTIA,C2,Bearing2_1,B_mahalanobis,3,18,1.0
PRONOSTIA,C2,Bearing2_1,A_rms_3sigma,3,18,0.0
PRONOSTIA,C2,Bearing2_1,B_mahalanobis,3,18,0.08333333333333333
PRONOSTIA,C2,Bearing2_1,A_rms_3sigma,3,18,0.9833333333333333
PRONOSTIA,C2,Bearing2_1,B_mahalanobis,3,18,1.0
PRONOSTIA,C2,Bearing2_1,A_rms_3sigma,3,18,0.016666666666666666
PRONOSTIA,C2,Bearing2_1,B_mahalanobis,3,18,0.06666666666666667
PRONOSTIA,C2,Bearing2_1,A_rms_3sigma,3,18,0.0
PRONOSTIA,C2,Bearing2_1,B_mahalanobis,3,18,0.11666666666666667
PRONOSTIA,C2,Bearing2_1,A_rms_3sigma,3,18,0.6833333333333333
PRONOSTIA,C2,Bearing2_1,B_mahalanobis,3,18,0.43333333333333335
PRONOSTIA,C2,Bearing2_1,A_rms_3sigma,3,18,0.016666666666666666
PRONOSTIA,C2,Bearing2_1,B_mahalanobis,3,18,0.31666666666666665
PRONOSTIA,C2,Bearing2_1,A_rms_3sigma,3,18,0.016666666666666666
PRONOSTIA,C2,Bearing2_1,B_mahalanobis,3,18,0.15
PRONOSTIA,C2,Bearing2_1,A_rms_3sigma,3,18,0.6833333333333333
PRONOSTIA,C2,Bearing2_1,B_mahalanobis,3,18,1.0
PRONOSTIA,C2,Bearing2_1,A_rms_3sigma,3,18,0.5333333333333333
PRONOSTIA,C2,Bearing2_1,B_mahalanobis,3,18,1.0
PRONOSTIA,C2,Bearing2_1,A_rms_3sigma,3,18,0.0
PRONOSTIA,C2,Bearing2_1,B_mahalanobis,3,18,0.15
PRONOSTIA,C2,Bearing2_1,A_rms_3sigma,3,18,0.016666666666666666
PRONOSTIA,C2,Bearing2_1,B_mahalanobis,3,18,0.06666666666666667
PRONOSTIA,C2,Bearing2_1,A_rms_3sigma,3,18,0.016666666666666666
PRONOSTIA,C2,Bearing2_1,B_mahalanobis,3,18,0.48333333333333334
PRONOSTIA,C2,Bearing2_1,A_rms_3sigma,3,18,0.016666666666666666
PRONOSTIA,C2,Bearing2_1,B_mahalanobis,3,18,0.05
PRONOSTIA,C2,Bearing2_1,A_rms_3sigma,3,18,0.016666666666666666
PRONOSTIA,C2,Bearing2_1,B_mahalanobis,3,18,0.1
PRONOSTIA,C2,Bearing2_1,A_rms_3sigma,3,18,0.016666666666666666
PRONOSTIA,C2,Bearing2_1,B_mahalanobis,3,18,0.13333333333333333
PRONOSTIA,C2,Bearing2_1,A_rms_3sigma,3,18,0.9833333333333333
PRONOSTIA,C2,Bearing2_1,B_mahalanobis,3,18,0.9666666666666667
PRONOSTIA,C2,Bearing2_1,A_rms_3sigma,3,18,0.016666666666666666
PRONOSTIA,C2,Bearing2_1,B_mahalanobis,3,18,0.11666666666666667
PRONOSTIA,C2,Bearing2_1,A_rms_3sigma,3,18,0.016666666666666666
PRONOSTIA,C2,Bearing2_1,B_mahalanobis,3,18,0.15
PRONOSTIA,C2,Bearing2_1,A_rms_3sigma,3,18,0.016666666666666666
PRONOSTIA,C2,Bearing2_1,B_mahalanobis,3,18,0.2
PRONOSTIA,C2,Bearing2_1,A_rms_3sigma,3,18,0.016666666666666666
PRONOSTIA,C2,Bearing2_1,B_mahalanobis,3,18,0.15
PRONOSTIA,C2,Bearing2_1,A_rms_3sigma,3,18,0.9833333333333333
PRONOSTIA,C2,Bearing2_1,B_mahalanobis,3,18,1.0
PRONOSTIA,C2,Bearing2_1,A_rms_3sigma,3,18,0.21666666666666667
PRONOSTIA,C2,Bearing2_1,B_mahalanobis,3,18,1.0
PRONOSTIA,C2,Bearing2_1,A_rms_3sigma,3,18,0.05
PRONOSTIA,C2,Bearing2_1,B_mahalanobis,3,18,0.5
PRONOSTIA,C2,Bearing2_1,A_rms_3sigma,3,18,0.8833333333333333
PRONOSTIA,C2,Bearing2_1,B_mahalanobis,3,18,1.0
PRONOSTIA,C2,Bearing2_1,A_rms_3sigma,3,18,0.9833333333333333
PRONOSTIA,C2,Bearing2_1,B_mahalanobis,3,18,1.0
PRONOSTIA,C2,Bearing2_1,A_rms_3sigma,3,18,0.9833333333333333
PRONOSTIA,C2,Bearing2_1,B_mahalanobis,3,18,0.9666666666666667
PRONOSTIA,C2,Bearing2_1,A_rms_3sigma,3,18,0.95
PRONOSTIA,C2,Bearing2_1,B_mahalanobis,3,18,1.0
PRONOSTIA,C2,Bearing2_1,A_rms_3sigma,3,18,0.0
PRONOSTIA,C2,Bearing2_1,B_mahalanobis,3,18,0.13333333333333333
PRONOSTIA,C2,Bearing2_1,A_rms_3sigma,3,18,0.016666666666666666
PRONOSTIA,C2,Bearing2_1,B_mahalanobis,3,18,0.1
PRONOSTIA,C2,Bearing2_1,A_rms_3sigma,3,18,0.016666666666666666
PRONOSTIA,C2,Bearing2_1,B_mahalanobis,3,18,0.11666666666666667
PRONOSTIA,C2,Bearing2_1,A_rms_3sigma,3,18,0.0
PRONOSTIA,C2,Bearing2_1,B_mahalanobis,3,18,0.15
PRONOSTIA,C2,Bearing2_1,A_rms_3sigma,4,20,0.016666666666666666
PRONOSTIA,C2,Bearing2_1,B_mahalanobis,4,20,0.13333333333333333
PRONOSTIA,C2,Bearing2_1,A_rms_3sigma,4,20,0.0
PRONOSTIA,C2,Bearing2_1,B_mahalanobis,4,20,0.43333333333333335
PRONOSTIA,C2,Bearing2_1,A_rms_3sigma,4,20,0.48333333333333334
PRONOSTIA,C2,Bearing2_1,B_mahalanobis,4,20,0.95
PRONOSTIA,C2,Bearing2_1,A_rms_3sigma,4,20,0.016666666666666666
PRONOSTIA,C2,Bearing2_1,B_mahalanobis,4,20,0.13333333333333333
PRONOSTIA,C2,Bearing2_1,A_rms_3sigma,4,20,0.016666666666666666
PRONOSTIA,C2,Bearing2_1,B_mahalanobis,4,20,0.31666666666666665
PRONOSTIA,C2,Bearing2_1,A_rms_3sigma,4,20,0.9833333333333333
PRONOSTIA,C2,Bearing2_1,B_mahalanobis,4,20,1.0
PRONOSTIA,C2,Bearing2_1,A_rms_3sigma,4,20,0.2833333333333333
PRONOSTIA,C2,Bearing2_1,B_mahalanobis,4,20,0.75
PRONOSTIA,C2,Bearing2_1,A_rms_3sigma,4,20,0.3333333333333333
PRONOSTIA,C2,Bearing2_1,B_mahalanobis,4,20,0.13333333333333333
PRONOSTIA,C2,Bearing2_1,A_rms_3sigma,4,20,0.48333333333333334
PRONOSTIA,C2,Bearing2_1,B_mahalanobis,4,20,0.26666666666666666
PRONOSTIA,C2,Bearing2_1,A_rms_3sigma,4,20,0.016666666666666666
PRONOSTIA,C2,Bearing2_1,B_mahalanobis,4,20,0.08333333333333333
PRONOSTIA,C2,Bearing2_1,A_rms_3sigma,4,20,0.016666666666666666
PRONOSTIA,C2,Bearing2_1,B_mahalanobis,4,20,0.08333333333333333
PRONOSTIA,C2,Bearing2_1,A_rms_3sigma,4,20,0.016666666666666666
PRONOSTIA,C2,Bearing2_1,B_mahalanobis,4,20,0.08333333333333333
PRONOSTIA,C2,Bearing2_1,A_rms_3sigma,4,20,0.016666666666666666
PRONOSTIA,C2,Bearing2_1,B_mahalanobis,4,20,0.1
PRONOSTIA,C2,Bearing2_1,A_rms_3sigma,4,20,0.016666666666666666
PRONOSTIA,C2,Bearing2_1,B_mahalanobis,4,20,0.05
PRONOSTIA,C2,Bearing2_1,A_rms_3sigma,4,20,0.23333333333333334
PRONOSTIA,C2,Bearing2_1,B_mahalanobis,4,20,1.0
PRONOSTIA,C2,Bearing2_1,A_rms_3sigma,4,20,0.016666666666666666
PRONOSTIA,C2,Bearing2_1,B_mahalanobis,4,20,0.11666666666666667
PRONOSTIA,C2,Bearing2_1,A_rms_3sigma,4,20,0.016666666666666666
PRONOSTIA,C2,Bearing2_1,B_mahalanobis,4,20,0.3
PRONOSTIA,C2,Bearing2_1,A_rms_3sigma,4,20,0.05
PRONOSTIA,C2,Bearing2_1,B_mahalanobis,4,20,0.9
PRONOSTIA,C2,Bearing2_1,A_rms_3sigma,4,20,0.016666666666666666
PRONOSTIA,C2,Bearing2_1,B_mahalanobis,4,20,0.13333333333333333
PRONOSTIA,C2,Bearing2_1,A_rms_3sigma,4,20,0.5166666666666667
PRONOSTIA,C2,Bearing2_1,B_mahalanobis,4,20,0.15
PRONOSTIA,C2,Bearing2_1,A_rms_3sigma,4,20,0.5333333333333333
PRONOSTIA,C2,Bearing2_1,B_mahalanobis,4,20,0.3333333333333333
PRONOSTIA,C2,Bearing2_1,A_rms_3sigma,4,20,0.05
PRONOSTIA,C2,Bearing2_1,B_mahalanobis,4,20,1.0
PRONOSTIA,C2,Bearing2_1,A_rms_3sigma,4,20,0.9666666666666667
PRONOSTIA,C2,Bearing2_1,B_mahalanobis,4,20,1.0
PRONOSTIA,C2,Bearing2_1,A_rms_3sigma,4,20,0.9166666666666666
PRONOSTIA,C2,Bearing2_1,B_mahalanobis,4,20,0.95
PRONOSTIA,C2,Bearing2_1,A_rms_3sigma,4,20,0.7
PRONOSTIA,C2,Bearing2_1,B_mahalanobis,4,20,0.9833333333333333
PRONOSTIA,C2,Bearing2_1,A_rms_3sigma,4,20,0.9833333333333333
PRONOSTIA,C2,Bearing2_1,B_mahalanobis,4,20,1.0
PRONOSTIA,C2,Bearing2_1,A_rms_3sigma,4,20,0.016666666666666666
PRONOSTIA,C2,Bearing2_1,B_mahalanobis,4,20,0.08333333333333333
PRONOSTIA,C2,Bearing2_1,A_rms_3sigma,4,20,0.016666666666666666
PRONOSTIA,C2,Bearing2_1,B_mahalanobis,4,20,0.11666666666666667
PRONOSTIA,C2,Bearing2_1,A_rms_3sigma,4,20,0.9833333333333333
PRONOSTIA,C2,Bearing2_1,B_mahalanobis,4,20,1.0
PRONOSTIA,C2,Bearing2_1,A_rms_3sigma,4,20,0.016666666666666666
PRONOSTIA,C2,Bearing2_1,B_mahalanobis,4,20,0.16666666666666666
PRONOSTIA,C2,Bearing2_1,A_rms_3sigma,4,20,0.0
PRONOSTIA,C2,Bearing2_1,B_mahalanobis,4,20,0.16666666666666666
PRONOSTIA,C2,Bearing2_1,A_rms_3sigma,4,20,0.0
PRONOSTIA,C2,Bearing2_1,B_mahalanobis,4,20,0.08333333333333333
PRONOSTIA,C2,Bearing2_1,A_rms_3sigma,4,20,0.0
PRONOSTIA,C2,Bearing2_1,B_mahalanobis,4,20,0.15
PRONOSTIA,C2,Bearing2_1,A_rms_3sigma,4,20,0.016666666666666666
PRONOSTIA,C2,Bearing2_1,B_mahalanobis,4,20,0.15
PRONOSTIA,C2,Bearing2_1,A_rms_3sigma,4,20,0.016666666666666666
PRONOSTIA,C2,Bearing2_1,B_mahalanobis,4,20,0.13333333333333333
PRONOSTIA,C2,Bearing2_1,A_rms_3sigma,4,20,0.016666666666666666
PRONOSTIA,C2,Bearing2_1,B_mahalanobis,4,20,0.13333333333333333
PRONOSTIA,C2,Bearing2_1,A_rms_3sigma,4,20,0.016666666666666666
PRONOSTIA,C2,Bearing2_1,B_mahalanobis,4,20,0.13333333333333333
PRONOSTIA,C2,Bearing2_1,A_rms_3sigma,4,20,0.2833333333333333
PRONOSTIA,C2,Bearing2_1,B_mahalanobis,4,20,0.8666666666666667
PRONOSTIA,C2,Bearing2_1,A_rms_3sigma,4,20,0.016666666666666666
PRONOSTIA,C2,Bearing2_1,B_mahalanobis,4,20,0.5333333333333333
PRONOSTIA,C2,Bearing2_1,A_rms_3sigma,4,20,0.016666666666666666
PRONOSTIA,C2,Bearing2_1,B_mahalanobis,4,20,0.25
PRONOSTIA,C2,Bearing2_1,A_rms_3sigma,4,20,0.016666666666666666
PRONOSTIA,C2,Bearing2_1,B_mahalanobis,4,20,0.08333333333333333
PRONOSTIA,C2,Bearing2_1,A_rms_3sigma,4,20,0.016666666666666666
PRONOSTIA,C2,Bearing2_1,B_mahalanobis,4,20,0.15
PRONOSTIA,C2,Bearing2_1,A_rms_3sigma,4,20,0.016666666666666666
PRONOSTIA,C2,Bearing2_1,B_mahalanobis,4,20,0.15
PRONOSTIA,C2,Bearing2_1,A_rms_3sigma,4,20,0.016666666666666666
PRONOSTIA,C2,Bearing2_1,B_mahalanobis,4,20,0.08333333333333333
PRONOSTIA,C2,Bearing2_1,A_rms_3sigma,4,20,0.9833333333333333
PRONOSTIA,C2,Bearing2_1,B_mahalanobis,4,20,1.0
PRONOSTIA,C2,Bearing2_1,A_rms_3sigma,4,20,0.016666666666666666
PRONOSTIA,C2,Bearing2_1,B_mahalanobis,4,20,0.11666666666666667
PRONOSTIA,C2,Bearing2_1,A_rms_3sigma,4,20,0.016666666666666666
PRONOSTIA,C2,Bearing2_1,B_mahalanobis,4,20,0.13333333333333333
PRONOSTIA,C2,Bearing2_1,A_rms_3sigma,4,20,0.016666666666666666
PRONOSTIA,C2,Bearing2_1,B_mahalanobis,4,20,0.18333333333333332
PRONOSTIA,C2,Bearing2_1,A_rms_3sigma,4,20,0.016666666666666666
PRONOSTIA,C2,Bearing2_1,B_mahalanobis,4,20,0.65
PRONOSTIA,C2,Bearing2_1,A_rms_3sigma,4,20,0.016666666666666666
PRONOSTIA,C2,Bearing2_1,B_mahalanobis,4,20,0.08333333333333333
PRONOSTIA,C2,Bearing2_2,A_rms_3sigma,1,20,0.65
PRONOSTIA,C2,Bearing2_2,B_mahalanobis,1,20,1.0
PRONOSTIA,C2,Bearing2_2,A_rms_3sigma,1,20,0.6333333333333333
PRONOSTIA,C2,Bearing2_2,B_mahalanobis,1,20,0.9166666666666666
PRONOSTIA,C2,Bearing2_2,A_rms_3sigma,1,20,0.6666666666666666
PRONOSTIA,C2,Bearing2_2,B_mahalanobis,1,20,1.0
PRONOSTIA,C2,Bearing2_2,A_rms_3sigma,1,20,0.0
PRONOSTIA,C2,Bearing2_2,B_mahalanobis,1,20,0.05
PRONOSTIA,C2,Bearing2_2,A_rms_3sigma,1,20,0.0
PRONOSTIA,C2,Bearing2_2,B_mahalanobis,1,20,0.5333333333333333
PRONOSTIA,C2,Bearing2_2,A_rms_3sigma,1,20,0.0
PRONOSTIA,C2,Bearing2_2,B_mahalanobis,1,20,1.0
PRONOSTIA,C2,Bearing2_2,A_rms_3sigma,1,20,0.45
PRONOSTIA,C2,Bearing2_2,B_mahalanobis,1,20,0.9666666666666667
PRONOSTIA,C2,Bearing2_2,A_rms_3sigma,1,20,0.0
PRONOSTIA,C2,Bearing2_2,B_mahalanobis,1,20,1.0
PRONOSTIA,C2,Bearing2_2,A_rms_3sigma,1,20,0.6833333333333333
PRONOSTIA,C2,Bearing2_2,B_mahalanobis,1,20,0.95
PRONOSTIA,C2,Bearing2_2,A_rms_3sigma,1,20,0.0
PRONOSTIA,C2,Bearing2_2,B_mahalanobis,1,20,0.3
PRONOSTIA,C2,Bearing2_2,A_rms_3sigma,1,20,0.0
PRONOSTIA,C2,Bearing2_2,B_mahalanobis,1,20,0.4666666666666667
PRONOSTIA,C2,Bearing2_2,A_rms_3sigma,1,20,0.0
PRONOSTIA,C2,Bearing2_2,B_mahalanobis,1,20,0.7833333333333333
PRONOSTIA,C2,Bearing2_2,A_rms_3sigma,1,20,0.6666666666666666
PRONOSTIA,C2,Bearing2_2,B_mahalanobis,1,20,0.9166666666666666
PRONOSTIA,C2,Bearing2_2,A_rms_3sigma,1,20,0.0
PRONOSTIA,C2,Bearing2_2,B_mahalanobis,1,20,0.016666666666666666
PRONOSTIA,C2,Bearing2_2,A_rms_3sigma,1,20,0.0
PRONOSTIA,C2,Bearing2_2,B_mahalanobis,1,20,0.2
PRONOSTIA,C2,Bearing2_2,A_rms_3sigma,1,20,0.0
PRONOSTIA,C2,Bearing2_2,B_mahalanobis,1,20,0.6333333333333333
PRONOSTIA,C2,Bearing2_2,A_rms_3sigma,1,20,0.0
PRONOSTIA,C2,Bearing2_2,B_mahalanobis,1,20,0.8833333333333333
PRONOSTIA,C2,Bearing2_2,A_rms_3sigma,1,20,0.0
PRONOSTIA,C2,Bearing2_2,B_mahalanobis,1,20,0.4
PRONOSTIA,C2,Bearing2_2,A_rms_3sigma,1,20,0.0
PRONOSTIA,C2,Bearing2_2,B_mahalanobis,1,20,0.2833333333333333
PRONOSTIA,C2,Bearing2_2,A_rms_3sigma,1,20,0.0
PRONOSTIA,C2,Bearing2_2,B_mahalanobis,1,20,0.7666666666666667
PRONOSTIA,C2,Bearing2_2,A_rms_3sigma,1,20,0.45
PRONOSTIA,C2,Bearing2_2,B_mahalanobis,1,20,1.0
PRONOSTIA,C2,Bearing2_2,A_rms_3sigma,1,20,0.0
PRONOSTIA,C2,Bearing2_2,B_mahalanobis,1,20,0.6666666666666666
PRONOSTIA,C2,Bearing2_2,A_rms_3sigma,1,20,0.0
PRONOSTIA,C2,Bearing2_2,B_mahalanobis,1,20,0.7833333333333333
PRONOSTIA,C2,Bearing2_2,A_rms_3sigma,1,20,0.4666666666666667
PRONOSTIA,C2,Bearing2_2,B_mahalanobis,1,20,0.8166666666666667
PRONOSTIA,C2,Bearing2_2,A_rms_3sigma,1,20,0.0
PRONOSTIA,C2,Bearing2_2,B_mahalanobis,1,20,1.0
PRONOSTIA,C2,Bearing2_2,A_rms_3sigma,1,20,0.0
PRONOSTIA,C2,Bearing2_2,B_mahalanobis,1,20,0.75
PRONOSTIA,C2,Bearing2_2,A_rms_3sigma,1,20,0.45
PRONOSTIA,C2,Bearing2_2,B_mahalanobis,1,20,0.95
PRONOSTIA,C2,Bearing2_2,A_rms_3sigma,1,20,0.0
PRONOSTIA,C2,Bearing2_2,B_mahalanobis,1,20,0.6166666666666667
PRONOSTIA,C2,Bearing2_2,A_rms_3sigma,1,20,0.0
PRONOSTIA,C2,Bearing2_2,B_mahalanobis,1,20,0.55
PRONOSTIA,C2,Bearing2_2,A_rms_3sigma,1,20,0.0
PRONOSTIA,C2,Bearing2_2,B_mahalanobis,1,20,0.7
PRONOSTIA,C2,Bearing2_2,A_rms_3sigma,1,20,0.0
PRONOSTIA,C2,Bearing2_2,B_mahalanobis,1,20,0.8166666666666667
PRONOSTIA,C2,Bearing2_2,A_rms_3sigma,1,20,0.0
PRONOSTIA,C2,Bearing2_2,B_mahalanobis,1,20,0.25
PRONOSTIA,C2,Bearing2_2,A_rms_3sigma,1,20,0.0
PRONOSTIA,C2,Bearing2_2,B_mahalanobis,1,20,0.23333333333333334
PRONOSTIA,C2,Bearing2_2,A_rms_3sigma,1,20,0.6833333333333333
PRONOSTIA,C2,Bearing2_2,B_mahalanobis,1,20,0.9166666666666666
PRONOSTIA,C2,Bearing2_2,A_rms_3sigma,1,20,0.0
PRONOSTIA,C2,Bearing2_2,B_mahalanobis,1,20,1.0
PRONOSTIA,C2,Bearing2_2,A_rms_3sigma,1,20,0.0
PRONOSTIA,C2,Bearing2_2,B_mahalanobis,1,20,1.0
PRONOSTIA,C2,Bearing2_2,A_rms_3sigma,1,20,0.0
PRONOSTIA,C2,Bearing2_2,B_mahalanobis,1,20,1.0
PRONOSTIA,C2,Bearing2_2,A_rms_3sigma,1,20,0.45
PRONOSTIA,C2,Bearing2_2,B_mahalanobis,1,20,0.95
PRONOSTIA,C2,Bearing2_2,A_rms_3sigma,1,20,0.0
PRONOSTIA,C2,Bearing2_2,B_mahalanobis,1,20,0.8833333333333333
PRONOSTIA,C2,Bearing2_2,A_rms_3sigma,1,20,0.0
PRONOSTIA,C2,Bearing2_2,B_mahalanobis,1,20,1.0
PRONOSTIA,C2,Bearing2_2,A_rms_3sigma,1,20,0.7666666666666667
PRONOSTIA,C2,Bearing2_2,B_mahalanobis,1,20,1.0
PRONOSTIA,C2,Bearing2_2,A_rms_3sigma,1,20,0.0
PRONOSTIA,C2,Bearing2_2,B_mahalanobis,1,20,0.05
PRONOSTIA,C2,Bearing2_2,A_rms_3sigma,1,20,0.0
PRONOSTIA,C2,Bearing2_2,B_mahalanobis,1,20,0.016666666666666666
PRONOSTIA,C2,Bearing2_2,A_rms_3sigma,1,20,0.0
PRONOSTIA,C2,Bearing2_2,B_mahalanobis,1,20,0.2833333333333333
PRONOSTIA,C2,Bearing2_2,A_rms_3sigma,1,20,0.6666666666666666
PRONOSTIA,C2,Bearing2_2,B_mahalanobis,1,20,0.9833333333333333
PRONOSTIA,C2,Bearing2_2,A_rms_3sigma,1,20,0.0
PRONOSTIA,C2,Bearing2_2,B_mahalanobis,1,20,0.06666666666666667
PRONOSTIA,C2,Bearing2_2,A_rms_3sigma,1,20,0.7666666666666667
PRONOSTIA,C2,Bearing2_2,B_mahalanobis,1,20,0.9833333333333333
PRONOSTIA,C2,Bearing2_2,A_rms_3sigma,1,20,0.0
PRONOSTIA,C2,Bearing2_2,B_mahalanobis,1,20,0.3333333333333333
PRONOSTIA,C2,Bearing2_2,A_rms_3sigma,1,20,0.45
PRONOSTIA,C2,Bearing2_2,B_mahalanobis,1,20,0.9333333333333333
PRONOSTIA,C2,Bearing2_2,A_rms_3sigma,1,20,0.45
PRONOSTIA,C2,Bearing2_2,B_mahalanobis,1,20,0.95
PRONOSTIA,C2,Bearing2_2,A_rms_3sigma,2,20,0.0
PRONOSTIA,C2,Bearing2_2,B_mahalanobis,2,20,0.06666666666666667
PRONOSTIA,C2,Bearing2_2,A_rms_3sigma,2,20,0.0
PRONOSTIA,C2,Bearing2_2,B_mahalanobis,2,20,0.38333333333333336
PRONOSTIA,C2,Bearing2_2,A_rms_3sigma,2,20,0.0
PRONOSTIA,C2,Bearing2_2,B_mahalanobis,2,20,0.23333333333333334
PRONOSTIA,C2,Bearing2_2,A_rms_3sigma,2,20,0.0
PRONOSTIA,C2,Bearing2_2,B_mahalanobis,2,20,0.7666666666666667
PRONOSTIA,C2,Bearing2_2,A_rms_3sigma,2,20,0.0
PRONOSTIA,C2,Bearing2_2,B_mahalanobis,2,20,0.18333333333333332
PRONOSTIA,C2,Bearing2_2,A_rms_3sigma,2,20,0.0
PRONOSTIA,C2,Bearing2_2,B_mahalanobis,2,20,0.0
PRONOSTIA,C2,Bearing2_2,A_rms_3sigma,2,20,0.0
PRONOSTIA,C2,Bearing2_2,B_mahalanobis,2,20,0.6166666666666667
PRONOSTIA,C2,Bearing2_2,A_rms_3sigma,2,20,0.0
PRONOSTIA,C2,Bearing2_2,B_mahalanobis,2,20,0.016666666666666666
PRONOSTIA,C2,Bearing2_2,A_rms_3sigma,2,20,0.0
PRONOSTIA,C2,Bearing2_2,B_mahalanobis,2,20,0.03333333333333333
PRONOSTIA,C2,Bearing2_2,A_rms_3sigma,2,20,0.0
PRONOSTIA,C2,Bearing2_2,B_mahalanobis,2,20,0.85
PRONOSTIA,C2,Bearing2_2,A_rms_3sigma,2,20,0.0
PRONOSTIA,C2,Bearing2_2,B_mahalanobis,2,20,0.6333333333333333
PRONOSTIA,C2,Bearing2_2,A_rms_3sigma,2,20,0.0
PRONOSTIA,C2,Bearing2_2,B_mahalanobis,2,20,0.0
PRONOSTIA,C2,Bearing2_2,A_rms_3sigma,2,20,0.0
PRONOSTIA,C2,Bearing2_2,B_mahalanobis,2,20,0.0
PRONOSTIA,C2,Bearing2_2,A_rms_3sigma,2,20,0.0
PRONOSTIA,C2,Bearing2_2,B_mahalanobis,2,20,0.6666666666666666
PRONOSTIA,C2,Bearing2_2,A_rms_3sigma,2,20,0.0
PRONOSTIA,C2,Bearing2_2,B_mahalanobis,2,20,0.18333333333333332
PRONOSTIA,C2,Bearing2_2,A_rms_3sigma,2,20,0.0
PRONOSTIA,C2,Bearing2_2,B_mahalanobis,2,20,0.18333333333333332
PRONOSTIA,C2,Bearing2_2,A_rms_3sigma,2,20,0.0
PRONOSTIA,C2,Bearing2_2,B_mahalanobis,2,20,0.08333333333333333
PRONOSTIA,C2,Bearing2_2,A_rms_3sigma,2,20,0.03333333333333333
PRONOSTIA,C2,Bearing2_2,B_mahalanobis,2,20,0.4666666666666667
PRONOSTIA,C2,Bearing2_2,A_rms_3sigma,2,20,0.0
PRONOSTIA,C2,Bearing2_2,B_mahalanobis,2,20,0.08333333333333333
PRONOSTIA,C2,Bearing2_2,A_rms_3sigma,2,20,0.0
PRONOSTIA,C2,Bearing2_2,B_mahalanobis,2,20,0.7
PRONOSTIA,C2,Bearing2_2,A_rms_3sigma,2,20,0.0
PRONOSTIA,C2,Bearing2_2,B_mahalanobis,2,20,0.06666666666666667
PRONOSTIA,C2,Bearing2_2,A_rms_3sigma,2,20,0.0
PRONOSTIA,C2,Bearing2_2,B_mahalanobis,2,20,0.4
PRONOSTIA,C2,Bearing2_2,A_rms_3sigma,2,20,0.0
PRONOSTIA,C2,Bearing2_2,B_mahalanobis,2,20,0.16666666666666666
PRONOSTIA,C2,Bearing2_2,A_rms_3sigma,2,20,0.0
PRONOSTIA,C2,Bearing2_2,B_mahalanobis,2,20,0.15
PRONOSTIA,C2,Bearing2_2,A_rms_3sigma,2,20,0.0
PRONOSTIA,C2,Bearing2_2,B_mahalanobis,2,20,0.03333333333333333
PRONOSTIA,C2,Bearing2_2,A_rms_3sigma,2,20,0.0
PRONOSTIA,C2,Bearing2_2,B_mahalanobis,2,20,0.15
PRONOSTIA,C2,Bearing2_2,A_rms_3sigma,2,20,0.0
PRONOSTIA,C2,Bearing2_2,B_mahalanobis,2,20,0.8666666666666667
PRONOSTIA,C2,Bearing2_2,A_rms_3sigma,2,20,0.0
PRONOSTIA,C2,Bearing2_2,B_mahalanobis,2,20,0.1
PRONOSTIA,C2,Bearing2_2,A_rms_3sigma,2,20,0.0
PRONOSTIA,C2,Bearing2_2,B_mahalanobis,2,20,0.15
PRONOSTIA,C2,Bearing2_2,A_rms_3sigma,2,20,0.0
PRONOSTIA,C2,Bearing2_2,B_mahalanobis,2,20,0.8166666666666667
PRONOSTIA,C2,Bearing2_2,A_rms_3sigma,2,20,0.0
PRONOSTIA,C2,Bearing2_2,B_mahalanobis,2,20,0.9333333333333333
PRONOSTIA,C2,Bearing2_2,A_rms_3sigma,2,20,0.0
PRONOSTIA,C2,Bearing2_2,B_mahalanobis,2,20,0.5
PRONOSTIA,C2,Bearing2_2,A_rms_3sigma,2,20,0.0
PRONOSTIA,C2,Bearing2_2,B_mahalanobis,2,20,0.21666666666666667
PRONOSTIA,C2,Bearing2_2,A_rms_3sigma,2,20,0.0
PRONOSTIA,C2,Bearing2_2,B_mahalanobis,2,20,0.8333333333333334
PRONOSTIA,C2,Bearing2_2,A_rms_3sigma,2,20,0.0
PRONOSTIA,C2,Bearing2_2,B_mahalanobis,2,20,0.03333333333333333
PRONOSTIA,C2,Bearing2_2,A_rms_3sigma,2,20,0.0
PRONOSTIA,C2,Bearing2_2,B_mahalanobis,2,20,0.35
PRONOSTIA,C2,Bearing2_2,A_rms_3sigma,2,20,0.0
PRONOSTIA,C2,Bearing2_2,B_mahalanobis,2,20,0.2
PRONOSTIA,C2,Bearing2_2,A_rms_3sigma,2,20,0.0
PRONOSTIA,C2,Bearing2_2,B_mahalanobis,2,20,0.1
PRONOSTIA,C2,Bearing2_2,A_rms_3sigma,2,20,0.0
PRONOSTIA,C2,Bearing2_2,B_mahalanobis,2,20,0.18333333333333332
PRONOSTIA,C2,Bearing2_2,A_rms_3sigma,2,20,0.0
PRONOSTIA,C2,Bearing2_2,B_mahalanobis,2,20,0.18333333333333332
PRONOSTIA,C2,Bearing2_2,A_rms_3sigma,2,20,0.0
PRONOSTIA,C2,Bearing2_2,B_mahalanobis,2,20,0.016666666666666666
PRONOSTIA,C2,Bearing2_2,A_rms_3sigma,2,20,0.0
PRONOSTIA,C2,Bearing2_2,B_mahalanobis,2,20,0.0
PRONOSTIA,C2,Bearing2_2,A_rms_3sigma,2,20,0.0
PRONOSTIA,C2,Bearing2_2,B_mahalanobis,2,20,0.06666666666666667
PRONOSTIA,C2,Bearing2_2,A_rms_3sigma,2,20,0.0
PRONOSTIA,C2,Bearing2_2,B_mahalanobis,2,20,0.05
PRONOSTIA,C2,Bearing2_2,A_rms_3sigma,2,20,0.0
PRONOSTIA,C2,Bearing2_2,B_mahalanobis,2,20,0.08333333333333333
PRONOSTIA,C2,Bearing2_2,A_rms_3sigma,2,20,0.0
PRONOSTIA,C2,Bearing2_2,B_mahalanobis,2,20,0.4166666666666667
PRONOSTIA,C2,Bearing2_2,A_rms_3sigma,2,20,0.0
PRONOSTIA,C2,Bearing2_2,B_mahalanobis,2,20,0.08333333333333333
PRONOSTIA,C2,Bearing2_2,A_rms_3sigma,2,20,0.0
PRONOSTIA,C2,Bearing2_2,B_mahalanobis,2,20,0.23333333333333334
PRONOSTIA,C2,Bearing2_2,A_rms_3sigma,2,20,0.0
PRONOSTIA,C2,Bearing2_2,B_mahalanobis,2,20,0.5666666666666667
PRONOSTIA,C2,Bearing2_2,A_rms_3sigma,2,20,0.0
PRONOSTIA,C2,Bearing2_2,B_mahalanobis,2,20,0.3333333333333333
PRONOSTIA,C2,Bearing2_2,A_rms_3sigma,3,18,0.0
PRONOSTIA,C2,Bearing2_2,B_mahalanobis,3,18,0.15
PRONOSTIA,C2,Bearing2_2,A_rms_3sigma,3,18,0.0
PRONOSTIA,C2,Bearing2_2,B_mahalanobis,3,18,0.2
PRONOSTIA,C2,Bearing2_2,A_rms_3sigma,3,18,0.0
PRONOSTIA,C2,Bearing2_2,B_mahalanobis,3,18,0.7833333333333333
PRONOSTIA,C2,Bearing2_2,A_rms_3sigma,3,18,0.0
PRONOSTIA,C2,Bearing2_2,B_mahalanobis,3,18,0.18333333333333332
PRONOSTIA,C2,Bearing2_2,A_rms_3sigma,3,18,0.0
PRONOSTIA,C2,Bearing2_2,B_mahalanobis,3,18,0.18333333333333332
PRONOSTIA,C2,Bearing2_2,A_rms_3sigma,3,18,0.0
PRONOSTIA,C2,Bearing2_2,B_mahalanobis,3,18,0.03333333333333333
PRONOSTIA,C2,Bearing2_2,A_rms_3sigma,3,18,0.0
PRONOSTIA,C2,Bearing2_2,B_mahalanobis,3,18,0.08333333333333333
PRONOSTIA,C2,Bearing2_2,A_rms_3sigma,3,18,0.0
PRONOSTIA,C2,Bearing2_2,B_mahalanobis,3,18,0.8
PRONOSTIA,C2,Bearing2_2,A_rms_3sigma,3,18,0.0
PRONOSTIA,C2,Bearing2_2,B_mahalanobis,3,18,0.13333333333333333
PRONOSTIA,C2,Bearing2_2,A_rms_3sigma,3,18,0.0
PRONOSTIA,C2,Bearing2_2,B_mahalanobis,3,18,0.016666666666666666
PRONOSTIA,C2,Bearing2_2,A_rms_3sigma,3,18,0.0
PRONOSTIA,C2,Bearing2_2,B_mahalanobis,3,18,0.03333333333333333
PRONOSTIA,C2,Bearing2_2,A_rms_3sigma,3,18,0.0
PRONOSTIA,C2,Bearing2_2,B_mahalanobis,3,18,0.06666666666666667
PRONOSTIA,C2,Bearing2_2,A_rms_3sigma,3,18,0.0
PRONOSTIA,C2,Bearing2_2,B_mahalanobis,3,18,0.03333333333333333
PRONOSTIA,C2,Bearing2_2,A_rms_3sigma,3,18,0.0
PRONOSTIA,C2,Bearing2_2,B_mahalanobis,3,18,0.11666666666666667
PRONOSTIA,C2,Bearing2_2,A_rms_3sigma,3,18,0.0
PRONOSTIA,C2,Bearing2_2,B_mahalanobis,3,18,0.5833333333333334
PRONOSTIA,C2,Bearing2_2,A_rms_3sigma,3,18,0.0
PRONOSTIA,C2,Bearing2_2,B_mahalanobis,3,18,0.16666666666666666
PRONOSTIA,C2,Bearing2_2,A_rms_3sigma,3,18,0.0
PRONOSTIA,C2,Bearing2_2,B_mahalanobis,3,18,0.21666666666666667
PRONOSTIA,C2,Bearing2_2,A_rms_3sigma,3,18,0.0
PRONOSTIA,C2,Bearing2_2,B_mahalanobis,3,18,0.31666666666666665
PRONOSTIA,C2,Bearing2_2,A_rms_3sigma,3,18,0.0
PRONOSTIA,C2,Bearing2_2,B_mahalanobis,3,18,0.06666666666666667
PRONOSTIA,C2,Bearing2_2,A_rms_3sigma,3,18,0.0
PRONOSTIA,C2,Bearing2_2,B_mahalanobis,3,18,0.13333333333333333
PRONOSTIA,C2,Bearing2_2,A_rms_3sigma,3,18,0.0
PRONOSTIA,C2,Bearing2_2,B_mahalanobis,3,18,0.4666666666666667
PRONOSTIA,C2,Bearing2_2,A_rms_3sigma,3,18,0.0
PRONOSTIA,C2,Bearing2_2,B_mahalanobis,3,18,0.43333333333333335
PRONOSTIA,C2,Bearing2_2,A_rms_3sigma,3,18,0.0
PRONOSTIA,C2,Bearing2_2,B_mahalanobis,3,18,0.1
PRONOSTIA,C2,Bearing2_2,A_rms_3sigma,3,18,0.0
PRONOSTIA,C2,Bearing2_2,B_mahalanobis,3,18,0.7
PRONOSTIA,C2,Bearing2_2,A_rms_3sigma,3,18,0.0
PRONOSTIA,C2,Bearing2_2,B_mahalanobis,3,18,0.06666666666666667
PRONOSTIA,C2,Bearing2_2,A_rms_3sigma,3,18,0.0
PRONOSTIA,C2,Bearing2_2,B_mahalanobis,3,18,0.06666666666666667
PRONOSTIA,C2,Bearing2_2,A_rms_3sigma,3,18,0.0
PRONOSTIA,C2,Bearing2_2,B_mahalanobis,3,18,0.06666666666666667
PRONOSTIA,C2,Bearing2_2,A_rms_3sigma,3,18,0.0
PRONOSTIA,C2,Bearing2_2,B_mahalanobis,3,18,0.45
PRONOSTIA,C2,Bearing2_2,A_rms_3sigma,3,18,0.0
PRONOSTIA,C2,Bearing2_2,B_mahalanobis,3,18,0.18333333333333332
PRONOSTIA,C2,Bearing2_2,A_rms_3sigma,3,18,0.0
PRONOSTIA,C2,Bearing2_2,B_mahalanobis,3,18,0.0
PRONOSTIA,C2,Bearing2_2,A_rms_3sigma,3,18,0.0
PRONOSTIA,C2,Bearing2_2,B_mahalanobis,3,18,0.4166666666666667
PRONOSTIA,C2,Bearing2_2,A_rms_3sigma,3,18,0.0
PRONOSTIA,C2,Bearing2_2,B_mahalanobis,3,18,0.016666666666666666
PRONOSTIA,C2,Bearing2_2,A_rms_3sigma,3,18,0.0
PRONOSTIA,C2,Bearing2_2,B_mahalanobis,3,18,0.08333333333333333
PRONOSTIA,C2,Bearing2_2,A_rms_3sigma,3,18,0.0
PRONOSTIA,C2,Bearing2_2,B_mahalanobis,3,18,0.05
PRONOSTIA,C2,Bearing2_2,A_rms_3sigma,3,18,0.0
PRONOSTIA,C2,Bearing2_2,B_mahalanobis,3,18,0.2
PRONOSTIA,C2,Bearing2_2,A_rms_3sigma,3,18,0.0
PRONOSTIA,C2,Bearing2_2,B_mahalanobis,3,18,0.06666666666666667
PRONOSTIA,C2,Bearing2_2,A_rms_3sigma,3,18,0.0
PRONOSTIA,C2,Bearing2_2,B_mahalanobis,3,18,0.06666666666666667
PRONOSTIA,C2,Bearing2_2,A_rms_3sigma,3,18,0.0
PRONOSTIA,C2,Bearing2_2,B_mahalanobis,3,18,0.06666666666666667
PRONOSTIA,C2,Bearing2_2,A_rms_3sigma,3,18,0.0
PRONOSTIA,C2,Bearing2_2,B_mahalanobis,3,18,0.6166666666666667
PRONOSTIA,C2,Bearing2_2,A_rms_3sigma,3,18,0.0
PRONOSTIA,C2,Bearing2_2,B_mahalanobis,3,18,0.18333333333333332
PRONOSTIA,C2,Bearing2_2,A_rms_3sigma,3,18,0.0
PRONOSTIA,C2,Bearing2_2,B_mahalanobis,3,18,0.15
PRONOSTIA,C2,Bearing2_2,A_rms_3sigma,3,18,0.0
PRONOSTIA,C2,Bearing2_2,B_mahalanobis,3,18,0.05
PRONOSTIA,C2,Bearing2_2,A_rms_3sigma,3,18,0.0
PRONOSTIA,C2,Bearing2_2,B_mahalanobis,3,18,0.2
PRONOSTIA,C2,Bearing2_2,A_rms_3sigma,3,18,0.0
PRONOSTIA,C2,Bearing2_2,B_mahalanobis,3,18,0.18333333333333332
PRONOSTIA,C2,Bearing2_2,A_rms_3sigma,3,18,0.0
PRONOSTIA,C2,Bearing2_2,B_mahalanobis,3,18,0.0
PRONOSTIA,C2,Bearing2_2,A_rms_3sigma,3,18,0.0
PRONOSTIA,C2,Bearing2_2,B_mahalanobis,3,18,0.08333333333333333
PRONOSTIA,C2,Bearing2_2,A_rms_3sigma,3,18,0.0
PRONOSTIA,C2,Bearing2_2,B_mahalanobis,3,18,0.11666666666666667
PRONOSTIA,C2,Bearing2_2,A_rms_3sigma,3,18,0.0
PRONOSTIA,C2,Bearing2_2,B_mahalanobis,3,18,0.25
PRONOSTIA,C2,Bearing2_2,A_rms_3sigma,3,18,0.0
PRONOSTIA,C2,Bearing2_2,B_mahalanobis,3,18,0.16666666666666666
PRONOSTIA,C2,Bearing2_2,A_rms_3sigma,3,18,0.0
PRONOSTIA,C2,Bearing2_2,B_mahalanobis,3,18,0.2
PRONOSTIA,C2,Bearing2_2,A_rms_3sigma,4,20,0.0
PRONOSTIA,C2,Bearing2_2,B_mahalanobis,4,20,0.2
PRONOSTIA,C2,Bearing2_2,A_rms_3sigma,4,20,0.0
PRONOSTIA,C2,Bearing2_2,B_mahalanobis,4,20,0.03333333333333333
PRONOSTIA,C2,Bearing2_2,A_rms_3sigma,4,20,0.0
PRONOSTIA,C2,Bearing2_2,B_mahalanobis,4,20,0.5333333333333333
PRONOSTIA,C2,Bearing2_2,A_rms_3sigma,4,20,0.0
PRONOSTIA,C2,Bearing2_2,B_mahalanobis,4,20,0.05
PRONOSTIA,C2,Bearing2_2,A_rms_3sigma,4,20,0.0
PRONOSTIA,C2,Bearing2_2,B_mahalanobis,4,20,0.06666666666666667
PRONOSTIA,C2,Bearing2_2,A_rms_3sigma,4,20,0.0
PRONOSTIA,C2,Bearing2_2,B_mahalanobis,4,20,0.1
PRONOSTIA,C2,Bearing2_2,A_rms_3sigma,4,20,0.0
PRONOSTIA,C2,Bearing2_2,B_mahalanobis,4,20,0.1
PRONOSTIA,C2,Bearing2_2,A_rms_3sigma,4,20,0.0
PRONOSTIA,C2,Bearing2_2,B_mahalanobis,4,20,0.13333333333333333
PRONOSTIA,C2,Bearing2_2,A_rms_3sigma,4,20,0.0
PRONOSTIA,C2,Bearing2_2,B_mahalanobis,4,20,0.05
PRONOSTIA,C2,Bearing2_2,A_rms_3sigma,4,20,0.0
PRONOSTIA,C2,Bearing2_2,B_mahalanobis,4,20,0.05
PRONOSTIA,C2,Bearing2_2,A_rms_3sigma,4,20,0.0
PRONOSTIA,C2,Bearing2_2,B_mahalanobis,4,20,0.0
PRONOSTIA,C2,Bearing2_2,A_rms_3sigma,4,20,0.0
PRONOSTIA,C2,Bearing2_2,B_mahalanobis,4,20,0.0
PRONOSTIA,C2,Bearing2_2,A_rms_3sigma,4,20,0.0
PRONOSTIA,C2,Bearing2_2,B_mahalanobis,4,20,0.0
PRONOSTIA,C2,Bearing2_2,A_rms_3sigma,4,20,0.0
PRONOSTIA,C2,Bearing2_2,B_mahalanobis,4,20,0.05
PRONOSTIA,C2,Bearing2_2,A_rms_3sigma,4,20,0.0
PRONOSTIA,C2,Bearing2_2,B_mahalanobis,4,20,0.0
PRONOSTIA,C2,Bearing2_2,A_rms_3sigma,4,20,0.0
PRONOSTIA,C2,Bearing2_2,B_mahalanobis,4,20,0.08333333333333333
PRONOSTIA,C2,Bearing2_2,A_rms_3sigma,4,20,0.0
PRONOSTIA,C2,Bearing2_2,B_mahalanobis,4,20,0.016666666666666666
PRONOSTIA,C2,Bearing2_2,A_rms_3sigma,4,20,0.0
PRONOSTIA,C2,Bearing2_2,B_mahalanobis,4,20,0.11666666666666667
PRONOSTIA,C2,Bearing2_2,A_rms_3sigma,4,20,0.0
PRONOSTIA,C2,Bearing2_2,B_mahalanobis,4,20,0.08333333333333333
PRONOSTIA,C2,Bearing2_2,A_rms_3sigma,4,20,0.0
PRONOSTIA,C2,Bearing2_2,B_mahalanobis,4,20,0.016666666666666666
PRONOSTIA,C2,Bearing2_2,A_rms_3sigma,4,20,0.0
PRONOSTIA,C2,Bearing2_2,B_mahalanobis,4,20,0.06666666666666667
PRONOSTIA,C2,Bearing2_2,A_rms_3sigma,4,20,0.0
PRONOSTIA,C2,Bearing2_2,B_mahalanobis,4,20,0.2833333333333333
PRONOSTIA,C2,Bearing2_2,A_rms_3sigma,4,20,0.0
PRONOSTIA,C2,Bearing2_2,B_mahalanobis,4,20,0.0
PRONOSTIA,C2,Bearing2_2,A_rms_3sigma,4,20,0.0
PRONOSTIA,C2,Bearing2_2,B_mahalanobis,4,20,0.06666666666666667
PRONOSTIA,C2,Bearing2_2,A_rms_3sigma,4,20,0.0
PRONOSTIA,C2,Bearing2_2,B_mahalanobis,4,20,0.18333333333333332
PRONOSTIA,C2,Bearing2_2,A_rms_3sigma,4,20,0.0
PRONOSTIA,C2,Bearing2_2,B_mahalanobis,4,20,0.0
PRONOSTIA,C2,Bearing2_2,A_rms_3sigma,4,20,0.0
PRONOSTIA,C2,Bearing2_2,B_mahalanobis,4,20,0.06666666666666667
PRONOSTIA,C2,Bearing2_2,A_rms_3sigma,4,20,0.0
PRONOSTIA,C2,Bearing2_2,B_mahalanobis,4,20,0.1
PRONOSTIA,C2,Bearing2_2,A_rms_3sigma,4,20,0.0
PRONOSTIA,C2,Bearing2_2,B_mahalanobis,4,20,0.21666666666666667
PRONOSTIA,C2,Bearing2_2,A_rms_3sigma,4,20,0.0
PRONOSTIA,C2,Bearing2_2,B_mahalanobis,4,20,0.05
PRONOSTIA,C2,Bearing2_2,A_rms_3sigma,4,20,0.0
PRONOSTIA,C2,Bearing2_2,B_mahalanobis,4,20,0.25
PRONOSTIA,C2,Bearing2_2,A_rms_3sigma,4,20,0.0
PRONOSTIA,C2,Bearing2_2,B_mahalanobis,4,20,0.08333333333333333
PRONOSTIA,C2,Bearing2_2,A_rms_3sigma,4,20,0.0
PRONOSTIA,C2,Bearing2_2,B_mahalanobis,4,20,0.2833333333333333
PRONOSTIA,C2,Bearing2_2,A_rms_3sigma,4,20,0.0
PRONOSTIA,C2,Bearing2_2,B_mahalanobis,4,20,0.0
PRONOSTIA,C2,Bearing2_2,A_rms_3sigma,4,20,0.0
PRONOSTIA,C2,Bearing2_2,B_mahalanobis,4,20,0.03333333333333333
PRONOSTIA,C2,Bearing2_2,A_rms_3sigma,4,20,0.0
PRONOSTIA,C2,Bearing2_2,B_mahalanobis,4,20,0.05
PRONOSTIA,C2,Bearing2_2,A_rms_3sigma,4,20,0.0
PRONOSTIA,C2,Bearing2_2,B_mahalanobis,4,20,0.06666666666666667
PRONOSTIA,C2,Bearing2_2,A_rms_3sigma,4,20,0.0
PRONOSTIA,C2,Bearing2_2,B_mahalanobis,4,20,0.15
PRONOSTIA,C2,Bearing2_2,A_rms_3sigma,4,20,0.0
PRONOSTIA,C2,Bearing2_2,B_mahalanobis,4,20,0.08333333333333333
PRONOSTIA,C2,Bearing2_2,A_rms_3sigma,4,20,0.0
PRONOSTIA,C2,Bearing2_2,B_mahalanobis,4,20,0.08333333333333333
PRONOSTIA,C2,Bearing2_2,A_rms_3sigma,4,20,0.0
PRONOSTIA,C2,Bearing2_2,B_mahalanobis,4,20,0.15
PRONOSTIA,C2,Bearing2_2,A_rms_3sigma,4,20,0.0
PRONOSTIA,C2,Bearing2_2,B_mahalanobis,4,20,0.0
PRONOSTIA,C2,Bearing2_2,A_rms_3sigma,4,20,0.0
PRONOSTIA,C2,Bearing2_2,B_mahalanobis,4,20,0.05
PRONOSTIA,C2,Bearing2_2,A_rms_3sigma,4,20,0.0
PRONOSTIA,C2,Bearing2_2,B_mahalanobis,4,20,0.05
PRONOSTIA,C2,Bearing2_2,A_rms_3sigma,4,20,0.0
PRONOSTIA,C2,Bearing2_2,B_mahalanobis,4,20,0.08333333333333333
PRONOSTIA,C2,Bearing2_2,A_rms_3sigma,4,20,0.0
PRONOSTIA,C2,Bearing2_2,B_mahalanobis,4,20,0.016666666666666666
PRONOSTIA,C2,Bearing2_2,A_rms_3sigma,4,20,0.0
PRONOSTIA,C2,Bearing2_2,B_mahalanobis,4,20,0.016666666666666666
PRONOSTIA,C2,Bearing2_2,A_rms_3sigma,4,20,0.0
PRONOSTIA,C2,Bearing2_2,B_mahalanobis,4,20,0.06666666666666667
PRONOSTIA,C2,Bearing2_2,A_rms_3sigma,4,20,0.0
PRONOSTIA,C2,Bearing2_2,B_mahalanobis,4,20,0.06666666666666667
PRONOSTIA,C2,Bearing2_2,A_rms_3sigma,4,20,0.0
PRONOSTIA,C2,Bearing2_2,B_mahalanobis,4,20,0.016666666666666666
PRONOSTIA,C2,Bearing2_3,A_rms_3sigma,1,20,0.7166666666666667
PRONOSTIA,C2,Bearing2_3,B_mahalanobis,1,20,0.95
PRONOSTIA,C2,Bearing2_3,A_rms_3sigma,1,20,0.9833333333333333
PRONOSTIA,C2,Bearing2_3,B_mahalanobis,1,20,0.9666666666666667
PRONOSTIA,C2,Bearing2_3,A_rms_3sigma,1,20,0.03333333333333333
PRONOSTIA,C2,Bearing2_3,B_mahalanobis,1,20,0.8166666666666667
PRONOSTIA,C2,Bearing2_3,A_rms_3sigma,1,20,1.0
PRONOSTIA,C2,Bearing2_3,B_mahalanobis,1,20,1.0
PRONOSTIA,C2,Bearing2_3,A_rms_3sigma,1,20,0.03333333333333333
PRONOSTIA,C2,Bearing2_3,B_mahalanobis,1,20,0.7833333333333333
PRONOSTIA,C2,Bearing2_3,A_rms_3sigma,1,20,0.9666666666666667
PRONOSTIA,C2,Bearing2_3,B_mahalanobis,1,20,0.9833333333333333
PRONOSTIA,C2,Bearing2_3,A_rms_3sigma,1,20,0.8833333333333333
PRONOSTIA,C2,Bearing2_3,B_mahalanobis,1,20,0.9666666666666667
PRONOSTIA,C2,Bearing2_3,A_rms_3sigma,1,20,0.7166666666666667
PRONOSTIA,C2,Bearing2_3,B_mahalanobis,1,20,0.9833333333333333
PRONOSTIA,C2,Bearing2_3,A_rms_3sigma,1,20,0.9
PRONOSTIA,C2,Bearing2_3,B_mahalanobis,1,20,0.9666666666666667
PRONOSTIA,C2,Bearing2_3,A_rms_3sigma,1,20,0.0
PRONOSTIA,C2,Bearing2_3,B_mahalanobis,1,20,0.95
PRONOSTIA,C2,Bearing2_3,A_rms_3sigma,1,20,0.95
PRONOSTIA,C2,Bearing2_3,B_mahalanobis,1,20,0.9666666666666667
PRONOSTIA,C2,Bearing2_3,A_rms_3sigma,1,20,0.9666666666666667
PRONOSTIA,C2,Bearing2_3,B_mahalanobis,1,20,0.9833333333333333
PRONOSTIA,C2,Bearing2_3,A_rms_3sigma,1,20,0.0
PRONOSTIA,C2,Bearing2_3,B_mahalanobis,1,20,0.13333333333333333
PRONOSTIA,C2,Bearing2_3,A_rms_3sigma,1,20,0.0
PRONOSTIA,C2,Bearing2_3,B_mahalanobis,1,20,0.35
PRONOSTIA,C2,Bearing2_3,A_rms_3sigma,1,20,0.9833333333333333
PRONOSTIA,C2,Bearing2_3,B_mahalanobis,1,20,0.9666666666666667
PRONOSTIA,C2,Bearing2_3,A_rms_3sigma,1,20,0.7166666666666667
PRONOSTIA,C2,Bearing2_3,B_mahalanobis,1,20,0.9666666666666667
PRONOSTIA,C2,Bearing2_3,A_rms_3sigma,1,20,0.0
PRONOSTIA,C2,Bearing2_3,B_mahalanobis,1,20,0.8833333333333333
PRONOSTIA,C2,Bearing2_3,A_rms_3sigma,1,20,0.8833333333333333
PRONOSTIA,C2,Bearing2_3,B_mahalanobis,1,20,0.9666666666666667
PRONOSTIA,C2,Bearing2_3,A_rms_3sigma,1,20,0.9833333333333333
PRONOSTIA,C2,Bearing2_3,B_mahalanobis,1,20,0.9833333333333333
PRONOSTIA,C2,Bearing2_3,A_rms_3sigma,1,20,0.7166666666666667
PRONOSTIA,C2,Bearing2_3,B_mahalanobis,1,20,0.9666666666666667
PRONOSTIA,C2,Bearing2_3,A_rms_3sigma,1,20,0.03333333333333333
PRONOSTIA,C2,Bearing2_3,B_mahalanobis,1,20,0.95
PRONOSTIA,C2,Bearing2_3,A_rms_3sigma,1,20,0.8833333333333333
PRONOSTIA,C2,Bearing2_3,B_mahalanobis,1,20,0.9666666666666667
PRONOSTIA,C2,Bearing2_3,A_rms_3sigma,1,20,0.0
PRONOSTIA,C2,Bearing2_3,B_mahalanobis,1,20,0.95
PRONOSTIA,C2,Bearing2_3,A_rms_3sigma,1,20,0.7166666666666667
PRONOSTIA,C2,Bearing2_3,B_mahalanobis,1,20,0.9833333333333333
PRONOSTIA,C2,Bearing2_3,A_rms_3sigma,1,20,0.0
PRONOSTIA,C2,Bearing2_3,B_mahalanobis,1,20,0.16666666666666666
PRONOSTIA,C2,Bearing2_3,A_rms_3sigma,1,20,0.8666666666666667
PRONOSTIA,C2,Bearing2_3,B_mahalanobis,1,20,0.9666666666666667
PRONOSTIA,C2,Bearing2_3,A_rms_3sigma,1,20,0.0
PRONOSTIA,C2,Bearing2_3,B_mahalanobis,1,20,0.38333333333333336
PRONOSTIA,C2,Bearing2_3,A_rms_3sigma,1,20,0.7166666666666667
PRONOSTIA,C2,Bearing2_3,B_mahalanobis,1,20,0.95
PRONOSTIA,C2,Bearing2_3,A_rms_3sigma,1,20,0.9833333333333333
PRONOSTIA,C2,Bearing2_3,B_mahalanobis,1,20,1.0
PRONOSTIA,C2,Bearing2_3,A_rms_3sigma,1,20,0.0
PRONOSTIA,C2,Bearing2_3,B_mahalanobis,1,20,0.23333333333333334
PRONOSTIA,C2,Bearing2_3,A_rms_3sigma,1,20,0.9833333333333333
PRONOSTIA,C2,Bearing2_3,B_mahalanobis,1,20,1.0
PRONOSTIA,C2,Bearing2_3,A_rms_3sigma,1,20,0.9833333333333333
PRONOSTIA,C2,Bearing2_3,B_mahalanobis,1,20,0.9833333333333333
PRONOSTIA,C2,Bearing2_3,A_rms_3sigma,1,20,0.7166666666666667
PRONOSTIA,C2,Bearing2_3,B_mahalanobis,1,20,0.9666666666666667
PRONOSTIA,C2,Bearing2_3,A_rms_3sigma,1,20,0.0
PRONOSTIA,C2,Bearing2_3,B_mahalanobis,1,20,0.8833333333333333
PRONOSTIA,C2,Bearing2_3,A_rms_3sigma,1,20,0.0
PRONOSTIA,C2,Bearing2_3,B_mahalanobis,1,20,0.8666666666666667
PRONOSTIA,C2,Bearing2_3,A_rms_3sigma,1,20,0.0
PRONOSTIA,C2,Bearing2_3,B_mahalanobis,1,20,0.8666666666666667
PRONOSTIA,C2,Bearing2_3,A_rms_3sigma,1,20,1.0
PRONOSTIA,C2,Bearing2_3,B_mahalanobis,1,20,1.0
PRONOSTIA,C2,Bearing2_3,A_rms_3sigma,1,20,0.7166666666666667
PRONOSTIA,C2,Bearing2_3,B_mahalanobis,1,20,0.9833333333333333
PRONOSTIA,C2,Bearing2_3,A_rms_3sigma,1,20,0.9666666666666667
PRONOSTIA,C2,Bearing2_3,B_mahalanobis,1,20,0.9666666666666667
PRONOSTIA,C2,Bearing2_3,A_rms_3sigma,1,20,0.0
PRONOSTIA,C2,Bearing2_3,B_mahalanobis,1,20,0.9
PRONOSTIA,C2,Bearing2_3,A_rms_3sigma,1,20,0.9833333333333333
PRONOSTIA,C2,Bearing2_3,B_mahalanobis,1,20,0.9833333333333333
PRONOSTIA,C2,Bearing2_3,A_rms_3sigma,1,20,0.03333333333333333
PRONOSTIA,C2,Bearing2_3,B_mahalanobis,1,20,0.9
PRONOSTIA,C2,Bearing2_3,A_rms_3sigma,1,20,0.9833333333333333
PRONOSTIA,C2,Bearing2_3,B_mahalanobis,1,20,0.9666666666666667
PRONOSTIA,C2,Bearing2_3,A_rms_3sigma,1,20,0.0
PRONOSTIA,C2,Bearing2_3,B_mahalanobis,1,20,0.6333333333333333
PRONOSTIA,C2,Bearing2_3,A_rms_3sigma,1,20,0.0
PRONOSTIA,C2,Bearing2_3,B_mahalanobis,1,20,0.9
PRONOSTIA,C2,Bearing2_3,A_rms_3sigma,1,20,0.95
PRONOSTIA,C2,Bearing2_3,B_mahalanobis,1,20,0.9666666666666667
PRONOSTIA,C2,Bearing2_3,A_rms_3sigma,1,20,0.0
PRONOSTIA,C2,Bearing2_3,B_mahalanobis,1,20,0.8166666666666667
PRONOSTIA,C2,Bearing2_3,A_rms_3sigma,1,20,0.7166666666666667
PRONOSTIA,C2,Bearing2_3,B_mahalanobis,1,20,0.9833333333333333
PRONOSTIA,C2,Bearing2_3,A_rms_3sigma,1,20,0.9833333333333333
PRONOSTIA,C2,Bearing2_3,B_mahalanobis,1,20,1.0
PRONOSTIA,C2,Bearing2_3,A_rms_3sigma,1,20,0.0
PRONOSTIA,C2,Bearing2_3,B_mahalanobis,1,20,0.7666666666666667
PRONOSTIA,C2,Bearing2_3,A_rms_3sigma,2,20,0.9833333333333333
PRONOSTIA,C2,Bearing2_3,B_mahalanobis,2,20,0.9833333333333333
PRONOSTIA,C2,Bearing2_3,A_rms_3sigma,2,20,0.0
PRONOSTIA,C2,Bearing2_3,B_mahalanobis,2,20,0.15
PRONOSTIA,C2,Bearing2_3,A_rms_3sigma,2,20,0.7166666666666667
PRONOSTIA,C2,Bearing2_3,B_mahalanobis,2,20,0.9333333333333333
PRONOSTIA,C2,Bearing2_3,A_rms_3sigma,2,20,0.9333333333333333
PRONOSTIA,C2,Bearing2_3,B_mahalanobis,2,20,0.9666666666666667
PRONOSTIA,C2,Bearing2_3,A_rms_3sigma,2,20,0.0
PRONOSTIA,C2,Bearing2_3,B_mahalanobis,2,20,0.9
PRONOSTIA,C2,Bearing2_3,A_rms_3sigma,2,20,0.9833333333333333
PRONOSTIA,C2,Bearing2_3,B_mahalanobis,2,20,0.95
PRONOSTIA,C2,Bearing2_3,A_rms_3sigma,2,20,0.8
PRONOSTIA,C2,Bearing2_3,B_mahalanobis,2,20,0.9666666666666667
PRONOSTIA,C2,Bearing2_3,A_rms_3sigma,2,20,0.0
PRONOSTIA,C2,Bearing2_3,B_mahalanobis,2,20,0.6
PRONOSTIA,C2,Bearing2_3,A_rms_3sigma,2,20,0.9833333333333333
PRONOSTIA,C2,Bearing2_3,B_mahalanobis,2,20,0.9666666666666667
PRONOSTIA,C2,Bearing2_3,A_rms_3sigma,2,20,0.8
PRONOSTIA,C2,Bearing2_3,B_mahalanobis,2,20,0.95
PRONOSTIA,C2,Bearing2_3,A_rms_3sigma,2,20,0.7166666666666667
PRONOSTIA,C2,Bearing2_3,B_mahalanobis,2,20,0.9166666666666666
PRONOSTIA,C2,Bearing2_3,A_rms_3sigma,2,20,0.8
PRONOSTIA,C2,Bearing2_3,B_mahalanobis,2,20,0.95
PRONOSTIA,C2,Bearing2_3,A_rms_3sigma,2,20,0.8
PRONOSTIA,C2,Bearing2_3,B_mahalanobis,2,20,0.95
PRONOSTIA,C2,Bearing2_3,A_rms_3sigma,2,20,0.03333333333333333
PRONOSTIA,C2,Bearing2_3,B_mahalanobis,2,20,0.9333333333333333
PRONOSTIA,C2,Bearing2_3,A_rms_3sigma,2,20,0.0
PRONOSTIA,C2,Bearing2_3,B_mahalanobis,2,20,0.8333333333333334
PRONOSTIA,C2,Bearing2_3,A_rms_3sigma,2,20,0.0
PRONOSTIA,C2,Bearing2_3,B_mahalanobis,2,20,0.5333333333333333
PRONOSTIA,C2,Bearing2_3,A_rms_3sigma,2,20,0.0
PRONOSTIA,C2,Bearing2_3,B_mahalanobis,2,20,0.4166666666666667
PRONOSTIA,C2,Bearing2_3,A_rms_3sigma,2,20,0.9833333333333333
PRONOSTIA,C2,Bearing2_3,B_mahalanobis,2,20,0.8666666666666667
PRONOSTIA,C2,Bearing2_3,A_rms_3sigma,2,20,0.03333333333333333
PRONOSTIA,C2,Bearing2_3,B_mahalanobis,2,20,0.9333333333333333
PRONOSTIA,C2,Bearing2_3,A_rms_3sigma,2,20,0.0
PRONOSTIA,C2,Bearing2_3,B_mahalanobis,2,20,0.65
PRONOSTIA,C2,Bearing2_3,A_rms_3sigma,2,20,0.0
PRONOSTIA,C2,Bearing2_3,B_mahalanobis,2,20,0.6166666666666667
PRONOSTIA,C2,Bearing2_3,A_rms_3sigma,2,20,0.0
PRONOSTIA,C2,Bearing2_3,B_mahalanobis,2,20,0.6
PRONOSTIA,C2,Bearing2_3,A_rms_3sigma,2,20,0.0
PRONOSTIA,C2,Bearing2_3,B_mahalanobis,2,20,0.16666666666666666
PRONOSTIA,C2,Bearing2_3,A_rms_3sigma,2,20,0.0
PRONOSTIA,C2,Bearing2_3,B_mahalanobis,2,20,0.7
PRONOSTIA,C2,Bearing2_3,A_rms_3sigma,2,20,0.0
PRONOSTIA,C2,Bearing2_3,B_mahalanobis,2,20,0.7333333333333333
PRONOSTIA,C2,Bearing2_3,A_rms_3sigma,2,20,0.95
PRONOSTIA,C2,Bearing2_3,B_mahalanobis,2,20,0.9
PRONOSTIA,C2,Bearing2_3,A_rms_3sigma,2,20,0.0
PRONOSTIA,C2,Bearing2_3,B_mahalanobis,2,20,0.4
PRONOSTIA,C2,Bearing2_3,A_rms_3sigma,2,20,0.0
PRONOSTIA,C2,Bearing2_3,B_mahalanobis,2,20,0.8
PRONOSTIA,C2,Bearing2_3,A_rms_3sigma,2,20,0.0
PRONOSTIA,C2,Bearing2_3,B_mahalanobis,2,20,0.65
PRONOSTIA,C2,Bearing2_3,A_rms_3sigma,2,20,0.8666666666666667
PRONOSTIA,C2,Bearing2_3,B_mahalanobis,2,20,0.9333333333333333
PRONOSTIA,C2,Bearing2_3,A_rms_3sigma,2,20,0.8
PRONOSTIA,C2,Bearing2_3,B_mahalanobis,2,20,0.9666666666666667
PRONOSTIA,C2,Bearing2_3,A_rms_3sigma,2,20,0.9833333333333333
PRONOSTIA,C2,Bearing2_3,B_mahalanobis,2,20,0.95
PRONOSTIA,C2,Bearing2_3,A_rms_3sigma,2,20,0.03333333333333333
PRONOSTIA,C2,Bearing2_3,B_mahalanobis,2,20,0.9166666666666666
PRONOSTIA,C2,Bearing2_3,A_rms_3sigma,2,20,0.0
PRONOSTIA,C2,Bearing2_3,B_mahalanobis,2,20,0.13333333333333333
PRONOSTIA,C2,Bearing2_3,A_rms_3sigma,2,20,0.8666666666666667
PRONOSTIA,C2,Bearing2_3,B_mahalanobis,2,20,0.95
PRONOSTIA,C2,Bearing2_3,A_rms_3sigma,2,20,0.0
PRONOSTIA,C2,Bearing2_3,B_mahalanobis,2,20,0.7166666666666667
PRONOSTIA,C2,Bearing2_3,A_rms_3sigma,2,20,0.9666666666666667
PRONOSTIA,C2,Bearing2_3,B_mahalanobis,2,20,0.95
PRONOSTIA,C2,Bearing2_3,A_rms_3sigma,2,20,0.03333333333333333
PRONOSTIA,C2,Bearing2_3,B_mahalanobis,2,20,0.5666666666666667
PRONOSTIA,C2,Bearing2_3,A_rms_3sigma,2,20,0.9
PRONOSTIA,C2,Bearing2_3,B_mahalanobis,2,20,0.95
PRONOSTIA,C2,Bearing2_3,A_rms_3sigma,2,20,0.03333333333333333
PRONOSTIA,C2,Bearing2_3,B_mahalanobis,2,20,0.9
PRONOSTIA,C2,Bearing2_3,A_rms_3sigma,2,20,0.7166666666666667
PRONOSTIA,C2,Bearing2_3,B_mahalanobis,2,20,0.9166666666666666
PRONOSTIA,C2,Bearing2_3,A_rms_3sigma,2,20,0.0
PRONOSTIA,C2,Bearing2_3,B_mahalanobis,2,20,0.7833333333333333
PRONOSTIA,C2,Bearing2_3,A_rms_3sigma,2,20,0.0
PRONOSTIA,C2,Bearing2_3,B_mahalanobis,2,20,0.9166666666666666
PRONOSTIA,C2,Bearing2_3,A_rms_3sigma,2,20,0.0
PRONOSTIA,C2,Bearing2_3,B_mahalanobis,2,20,0.06666666666666667
PRONOSTIA,C2,Bearing2_3,A_rms_3sigma,2,20,0.0
PRONOSTIA,C2,Bearing2_3,B_mahalanobis,2,20,0.7833333333333333
PRONOSTIA,C2,Bearing2_3,A_rms_3sigma,2,20,0.0
PRONOSTIA,C2,Bearing2_3,B_mahalanobis,2,20,0.65
PRONOSTIA,C2,Bearing2_3,A_rms_3sigma,2,20,0.0
PRONOSTIA,C2,Bearing2_3,B_mahalanobis,2,20,0.9666666666666667
PRONOSTIA,C2,Bearing2_3,A_rms_3sigma,2,20,0.8833333333333333
PRONOSTIA,C2,Bearing2_3,B_mahalanobis,2,20,0.9666666666666667
PRONOSTIA,C2,Bearing2_3,A_rms_3sigma,2,20,0.03333333333333333
PRONOSTIA,C2,Bearing2_3,B_mahalanobis,2,20,0.9666666666666667
PRONOSTIA,C2,Bearing2_3,A_rms_3sigma,2,20,0.0
PRONOSTIA,C2,Bearing2_3,B_mahalanobis,2,20,0.5
PRONOSTIA,C2,Bearing2_3,A_rms_3sigma,3,18,0.0
PRONOSTIA,C2,Bearing2_3,B_mahalanobis,3,18,0.05
PRONOSTIA,C2,Bearing2_3,A_rms_3sigma,3,18,0.03333333333333333
PRONOSTIA,C2,Bearing2_3,B_mahalanobis,3,18,0.7333333333333333
PRONOSTIA,C2,Bearing2_3,A_rms_3sigma,3,18,0.03333333333333333
PRONOSTIA,C2,Bearing2_3,B_mahalanobis,3,18,0.9333333333333333
PRONOSTIA,C2,Bearing2_3,A_rms_3sigma,3,18,0.05
PRONOSTIA,C2,Bearing2_3,B_mahalanobis,3,18,0.7666666666666667
PRONOSTIA,C2,Bearing2_3,A_rms_3sigma,3,18,0.9
PRONOSTIA,C2,Bearing2_3,B_mahalanobis,3,18,0.9166666666666666
PRONOSTIA,C2,Bearing2_3,A_rms_3sigma,3,18,0.0
PRONOSTIA,C2,Bearing2_3,B_mahalanobis,3,18,0.6166666666666667
PRONOSTIA,C2,Bearing2_3,A_rms_3sigma,3,18,0.0
PRONOSTIA,C2,Bearing2_3,B_mahalanobis,3,18,0.8666666666666667
PRONOSTIA,C2,Bearing2_3,A_rms_3sigma,3,18,0.016666666666666666
PRONOSTIA,C2,Bearing2_3,B_mahalanobis,3,18,0.5666666666666667
PRONOSTIA,C2,Bearing2_3,A_rms_3sigma,3,18,0.03333333333333333
PRONOSTIA,C2,Bearing2_3,B_mahalanobis,3,18,0.6833333333333333
PRONOSTIA,C2,Bearing2_3,A_rms_3sigma,3,18,0.016666666666666666
PRONOSTIA,C2,Bearing2_3,B_mahalanobis,3,18,0.65
PRONOSTIA,C2,Bearing2_3,A_rms_3sigma,3,18,0.95
PRONOSTIA,C2,Bearing2_3,B_mahalanobis,3,18,0.9666666666666667
PRONOSTIA,C2,Bearing2_3,A_rms_3sigma,3,18,0.8
PRONOSTIA,C2,Bearing2_3,B_mahalanobis,3,18,0.95
PRONOSTIA,C2,Bearing2_3,A_rms_3sigma,3,18,0.0
PRONOSTIA,C2,Bearing2_3,B_mahalanobis,3,18,0.21666666666666667
PRONOSTIA,C2,Bearing2_3,A_rms_3sigma,3,18,0.03333333333333333
PRONOSTIA,C2,Bearing2_3,B_mahalanobis,3,18,0.7
PRONOSTIA,C2,Bearing2_3,A_rms_3sigma,3,18,0.0
PRONOSTIA,C2,Bearing2_3,B_mahalanobis,3,18,0.6333333333333333
PRONOSTIA,C2,Bearing2_3,A_rms_3sigma,3,18,0.05
PRONOSTIA,C2,Bearing2_3,B_mahalanobis,3,18,0.95
PRONOSTIA,C2,Bearing2_3,A_rms_3sigma,3,18,0.0
PRONOSTIA,C2,Bearing2_3,B_mahalanobis,3,18,0.6666666666666666
PRONOSTIA,C2,Bearing2_3,A_rms_3sigma,3,18,0.7166666666666667
PRONOSTIA,C2,Bearing2_3,B_mahalanobis,3,18,0.95
PRONOSTIA,C2,Bearing2_3,A_rms_3sigma,3,18,0.06666666666666667
PRONOSTIA,C2,Bearing2_3,B_mahalanobis,3,18,0.9166666666666666
PRONOSTIA,C2,Bearing2_3,A_rms_3sigma,3,18,0.0
PRONOSTIA,C2,Bearing2_3,B_mahalanobis,3,18,0.8333333333333334
PRONOSTIA,C2,Bearing2_3,A_rms_3sigma,3,18,0.8833333333333333
PRONOSTIA,C2,Bearing2_3,B_mahalanobis,3,18,0.95
PRONOSTIA,C2,Bearing2_3,A_rms_3sigma,3,18,0.0
PRONOSTIA,C2,Bearing2_3,B_mahalanobis,3,18,0.5833333333333334
PRONOSTIA,C2,Bearing2_3,A_rms_3sigma,3,18,0.0
PRONOSTIA,C2,Bearing2_3,B_mahalanobis,3,18,0.8833333333333333
PRONOSTIA,C2,Bearing2_3,A_rms_3sigma,3,18,0.0
PRONOSTIA,C2,Bearing2_3,B_mahalanobis,3,18,0.9333333333333333
PRONOSTIA,C2,Bearing2_3,A_rms_3sigma,3,18,0.0
PRONOSTIA,C2,Bearing2_3,B_mahalanobis,3,18,0.85
PRONOSTIA,C2,Bearing2_3,A_rms_3sigma,3,18,0.03333333333333333
PRONOSTIA,C2,Bearing2_3,B_mahalanobis,3,18,0.95
PRONOSTIA,C2,Bearing2_3,A_rms_3sigma,3,18,0.05
PRONOSTIA,C2,Bearing2_3,B_mahalanobis,3,18,0.9166666666666666
PRONOSTIA,C2,Bearing2_3,A_rms_3sigma,3,18,0.0
PRONOSTIA,C2,Bearing2_3,B_mahalanobis,3,18,0.5333333333333333
PRONOSTIA,C2,Bearing2_3,A_rms_3sigma,3,18,0.0
PRONOSTIA,C2,Bearing2_3,B_mahalanobis,3,18,0.75
PRONOSTIA,C2,Bearing2_3,A_rms_3sigma,3,18,0.0
PRONOSTIA,C2,Bearing2_3,B_mahalanobis,3,18,0.7
PRONOSTIA,C2,Bearing2_3,A_rms_3sigma,3,18,0.0
PRONOSTIA,C2,Bearing2_3,B_mahalanobis,3,18,0.6833333333333333
PRONOSTIA,C2,Bearing2_3,A_rms_3sigma,3,18,0.05
PRONOSTIA,C2,Bearing2_3,B_mahalanobis,3,18,0.9
PRONOSTIA,C2,Bearing2_3,A_rms_3sigma,3,18,0.0
PRONOSTIA,C2,Bearing2_3,B_mahalanobis,3,18,0.75
PRONOSTIA,C2,Bearing2_3,A_rms_3sigma,3,18,0.0
PRONOSTIA,C2,Bearing2_3,B_mahalanobis,3,18,0.8166666666666667
PRONOSTIA,C2,Bearing2_3,A_rms_3sigma,3,18,0.0
PRONOSTIA,C2,Bearing2_3,B_mahalanobis,3,18,0.55
PRONOSTIA,C2,Bearing2_3,A_rms_3sigma,3,18,0.0
PRONOSTIA,C2,Bearing2_3,B_mahalanobis,3,18,0.7166666666666667
PRONOSTIA,C2,Bearing2_3,A_rms_3sigma,3,18,0.9666666666666667
PRONOSTIA,C2,Bearing2_3,B_mahalanobis,3,18,0.95
PRONOSTIA,C2,Bearing2_3,A_rms_3sigma,3,18,0.9
PRONOSTIA,C2,Bearing2_3,B_mahalanobis,3,18,0.9666666666666667
PRONOSTIA,C2,Bearing2_3,A_rms_3sigma,3,18,0.0
PRONOSTIA,C2,Bearing2_3,B_mahalanobis,3,18,0.7333333333333333
PRONOSTIA,C2,Bearing2_3,A_rms_3sigma,3,18,0.9666666666666667
PRONOSTIA,C2,Bearing2_3,B_mahalanobis,3,18,0.9166666666666666
PRONOSTIA,C2,Bearing2_3,A_rms_3sigma,3,18,0.7166666666666667
PRONOSTIA,C2,Bearing2_3,B_mahalanobis,3,18,0.9166666666666666
PRONOSTIA,C2,Bearing2_3,A_rms_3sigma,3,18,0.0
PRONOSTIA,C2,Bearing2_3,B_mahalanobis,3,18,0.8833333333333333
PRONOSTIA,C2,Bearing2_3,A_rms_3sigma,3,18,0.0
PRONOSTIA,C2,Bearing2_3,B_mahalanobis,3,18,0.6833333333333333
PRONOSTIA,C2,Bearing2_3,A_rms_3sigma,3,18,0.03333333333333333
PRONOSTIA,C2,Bearing2_3,B_mahalanobis,3,18,0.9833333333333333
PRONOSTIA,C2,Bearing2_3,A_rms_3sigma,3,18,0.05
PRONOSTIA,C2,Bearing2_3,B_mahalanobis,3,18,0.5
PRONOSTIA,C2,Bearing2_3,A_rms_3sigma,3,18,0.0
PRONOSTIA,C2,Bearing2_3,B_mahalanobis,3,18,0.7166666666666667
PRONOSTIA,C2,Bearing2_3,A_rms_3sigma,3,18,0.0
PRONOSTIA,C2,Bearing2_3,B_mahalanobis,3,18,0.75
PRONOSTIA,C2,Bearing2_3,A_rms_3sigma,3,18,0.06666666666666667
PRONOSTIA,C2,Bearing2_3,B_mahalanobis,3,18,0.9333333333333333
PRONOSTIA,C2,Bearing2_3,A_rms_3sigma,3,18,0.0
PRONOSTIA,C2,Bearing2_3,B_mahalanobis,3,18,0.8833333333333333
PRONOSTIA,C2,Bearing2_3,A_rms_3sigma,3,18,0.7166666666666667
PRONOSTIA,C2,Bearing2_3,B_mahalanobis,3,18,0.9166666666666666
PRONOSTIA,C2,Bearing2_3,A_rms_3sigma,4,20,0.0
PRONOSTIA,C2,Bearing2_3,B_mahalanobis,4,20,0.6666666666666666
PRONOSTIA,C2,Bearing2_3,A_rms_3sigma,4,20,0.8666666666666667
PRONOSTIA,C2,Bearing2_3,B_mahalanobis,4,20,0.9666666666666667
PRONOSTIA,C2,Bearing2_3,A_rms_3sigma,4,20,0.0
PRONOSTIA,C2,Bearing2_3,B_mahalanobis,4,20,0.5333333333333333
PRONOSTIA,C2,Bearing2_3,A_rms_3sigma,4,20,0.0
PRONOSTIA,C2,Bearing2_3,B_mahalanobis,4,20,0.7833333333333333
PRONOSTIA,C2,Bearing2_3,A_rms_3sigma,4,20,0.0
PRONOSTIA,C2,Bearing2_3,B_mahalanobis,4,20,0.26666666666666666
PRONOSTIA,C2,Bearing2_3,A_rms_3sigma,4,20,0.03333333333333333
PRONOSTIA,C2,Bearing2_3,B_mahalanobis,4,20,0.6
PRONOSTIA,C2,Bearing2_3,A_rms_3sigma,4,20,0.06666666666666667
PRONOSTIA,C2,Bearing2_3,B_mahalanobis,4,20,0.9
PRONOSTIA,C2,Bearing2_3,A_rms_3sigma,4,20,0.0
PRONOSTIA,C2,Bearing2_3,B_mahalanobis,4,20,0.13333333333333333
PRONOSTIA,C2,Bearing2_3,A_rms_3sigma,4,20,0.0
PRONOSTIA,C2,Bearing2_3,B_mahalanobis,4,20,0.8833333333333333
PRONOSTIA,C2,Bearing2_3,A_rms_3sigma,4,20,0.0
PRONOSTIA,C2,Bearing2_3,B_mahalanobis,4,20,0.8333333333333334
PRONOSTIA,C2,Bearing2_3,A_rms_3sigma,4,20,0.05
PRONOSTIA,C2,Bearing2_3,B_mahalanobis,4,20,0.85
PRONOSTIA,C2,Bearing2_3,A_rms_3sigma,4,20,0.06666666666666667
PRONOSTIA,C2,Bearing2_3,B_mahalanobis,4,20,0.75
PRONOSTIA,C2,Bearing2_3,A_rms_3sigma,4,20,0.11666666666666667
PRONOSTIA,C2,Bearing2_3,B_mahalanobis,4,20,0.85
PRONOSTIA,C2,Bearing2_3,A_rms_3sigma,4,20,0.03333333333333333
PRONOSTIA,C2,Bearing2_3,B_mahalanobis,4,20,0.8333333333333334
PRONOSTIA,C2,Bearing2_3,A_rms_3sigma,4,20,0.0
PRONOSTIA,C2,Bearing2_3,B_mahalanobis,4,20,0.45
PRONOSTIA,C2,Bearing2_3,A_rms_3sigma,4,20,0.0
PRONOSTIA,C2,Bearing2_3,B_mahalanobis,4,20,0.7
PRONOSTIA,C2,Bearing2_3,A_rms_3sigma,4,20,0.0
PRONOSTIA,C2,Bearing2_3,B_mahalanobis,4,20,0.55
PRONOSTIA,C2,Bearing2_3,A_rms_3sigma,4,20,0.1
PRONOSTIA,C2,Bearing2_3,B_mahalanobis,4,20,0.4166666666666667
PRONOSTIA,C2,Bearing2_3,A_rms_3sigma,4,20,0.8
PRONOSTIA,C2,Bearing2_3,B_mahalanobis,4,20,0.95
PRONOSTIA,C2,Bearing2_3,A_rms_3sigma,4,20,0.0
PRONOSTIA,C2,Bearing2_3,B_mahalanobis,4,20,0.5833333333333334
PRONOSTIA,C2,Bearing2_3,A_rms_3sigma,4,20,0.0
PRONOSTIA,C2,Bearing2_3,B_mahalanobis,4,20,0.6833333333333333
PRONOSTIA,C2,Bearing2_3,A_rms_3sigma,4,20,0.03333333333333333
PRONOSTIA,C2,Bearing2_3,B_mahalanobis,4,20,0.75
PRONOSTIA,C2,Bearing2_3,A_rms_3sigma,4,20,0.0
PRONOSTIA,C2,Bearing2_3,B_mahalanobis,4,20,0.5833333333333334
PRONOSTIA,C2,Bearing2_3,A_rms_3sigma,4,20,0.0
PRONOSTIA,C2,Bearing2_3,B_mahalanobis,4,20,0.75
PRONOSTIA,C2,Bearing2_3,A_rms_3sigma,4,20,0.0
PRONOSTIA,C2,Bearing2_3,B_mahalanobis,4,20,0.65
PRONOSTIA,C2,Bearing2_3,A_rms_3sigma,4,20,0.0
PRONOSTIA,C2,Bearing2_3,B_mahalanobis,4,20,0.7166666666666667
PRONOSTIA,C2,Bearing2_3,A_rms_3sigma,4,20,0.05
PRONOSTIA,C2,Bearing2_3,B_mahalanobis,4,20,0.9
PRONOSTIA,C2,Bearing2_3,A_rms_3sigma,4,20,0.0
PRONOSTIA,C2,Bearing2_3,B_mahalanobis,4,20,0.8666666666666667
PRONOSTIA,C2,Bearing2_3,A_rms_3sigma,4,20,0.0
PRONOSTIA,C2,Bearing2_3,B_mahalanobis,4,20,0.75
PRONOSTIA,C2,Bearing2_3,A_rms_3sigma,4,20,0.13333333333333333
PRONOSTIA,C2,Bearing2_3,B_mahalanobis,4,20,0.8666666666666667
PRONOSTIA,C2,Bearing2_3,A_rms_3sigma,4,20,0.0
PRONOSTIA,C2,Bearing2_3,B_mahalanobis,4,20,0.9166666666666666
PRONOSTIA,C2,Bearing2_3,A_rms_3sigma,4,20,0.05
PRONOSTIA,C2,Bearing2_3,B_mahalanobis,4,20,0.95
PRONOSTIA,C2,Bearing2_3,A_rms_3sigma,4,20,0.0
PRONOSTIA,C2,Bearing2_3,B_mahalanobis,4,20,0.7
PRONOSTIA,C2,Bearing2_3,A_rms_3sigma,4,20,0.0
PRONOSTIA,C2,Bearing2_3,B_mahalanobis,4,20,0.3333333333333333
PRONOSTIA,C2,Bearing2_3,A_rms_3sigma,4,20,0.03333333333333333
PRONOSTIA,C2,Bearing2_3,B_mahalanobis,4,20,0.3333333333333333
PRONOSTIA,C2,Bearing2_3,A_rms_3sigma,4,20,0.0
PRONOSTIA,C2,Bearing2_3,B_mahalanobis,4,20,0.55
PRONOSTIA,C2,Bearing2_3,A_rms_3sigma,4,20,0.0
PRONOSTIA,C2,Bearing2_3,B_mahalanobis,4,20,0.9666666666666667
PRONOSTIA,C2,Bearing2_3,A_rms_3sigma,4,20,0.0
PRONOSTIA,C2,Bearing2_3,B_mahalanobis,4,20,0.7833333333333333
PRONOSTIA,C2,Bearing2_3,A_rms_3sigma,4,20,0.0
PRONOSTIA,C2,Bearing2_3,B_mahalanobis,4,20,0.08333333333333333
PRONOSTIA,C2,Bearing2_3,A_rms_3sigma,4,20,0.0
PRONOSTIA,C2,Bearing2_3,B_mahalanobis,4,20,0.7
PRONOSTIA,C2,Bearing2_3,A_rms_3sigma,4,20,0.0
PRONOSTIA,C2,Bearing2_3,B_mahalanobis,4,20,0.75
PRONOSTIA,C2,Bearing2_3,A_rms_3sigma,4,20,0.0
PRONOSTIA,C2,Bearing2_3,B_mahalanobis,4,20,0.8333333333333334
PRONOSTIA,C2,Bearing2_3,A_rms_3sigma,4,20,0.0
PRONOSTIA,C2,Bearing2_3,B_mahalanobis,4,20,0.0
PRONOSTIA,C2,Bearing2_3,A_rms_3sigma,4,20,0.8833333333333333
PRONOSTIA,C2,Bearing2_3,B_mahalanobis,4,20,0.9666666666666667
PRONOSTIA,C2,Bearing2_3,A_rms_3sigma,4,20,0.0
PRONOSTIA,C2,Bearing2_3,B_mahalanobis,4,20,0.7
PRONOSTIA,C2,Bearing2_3,A_rms_3sigma,4,20,0.03333333333333333
PRONOSTIA,C2,Bearing2_3,B_mahalanobis,4,20,0.6
PRONOSTIA,C2,Bearing2_3,A_rms_3sigma,4,20,0.0
PRONOSTIA,C2,Bearing2_3,B_mahalanobis,4,20,0.5833333333333334
PRONOSTIA,C2,Bearing2_3,A_rms_3sigma,4,20,0.0
PRONOSTIA,C2,Bearing2_3,B_mahalanobis,4,20,0.7166666666666667
PRONOSTIA,C2,Bearing2_3,A_rms_3sigma,4,20,0.03333333333333333
PRONOSTIA,C2,Bearing2_3,B_mahalanobis,4,20,0.9666666666666667
PRONOSTIA,C2,Bearing2_3,A_rms_3sigma,4,20,0.0
PRONOSTIA,C2,Bearing2_3,B_mahalanobis,4,20,0.8
PRONOSTIA,C2,Bearing2_4,A_rms_3sigma,1,20,0.15
PRONOSTIA,C2,Bearing2_4,B_mahalanobis,1,20,0.23333333333333334
PRONOSTIA,C2,Bearing2_4,A_rms_3sigma,1,20,0.0
PRONOSTIA,C2,Bearing2_4,B_mahalanobis,1,20,0.4
PRONOSTIA,C2,Bearing2_4,A_rms_3sigma,1,20,0.0
PRONOSTIA,C2,Bearing2_4,B_mahalanobis,1,20,0.0
PRONOSTIA,C2,Bearing2_4,A_rms_3sigma,1,20,0.8666666666666667
PRONOSTIA,C2,Bearing2_4,B_mahalanobis,1,20,1.0
PRONOSTIA,C2,Bearing2_4,A_rms_3sigma,1,20,0.0
PRONOSTIA,C2,Bearing2_4,B_mahalanobis,1,20,0.06666666666666667
PRONOSTIA,C2,Bearing2_4,A_rms_3sigma,1,20,0.7833333333333333
PRONOSTIA,C2,Bearing2_4,B_mahalanobis,1,20,0.9666666666666667
PRONOSTIA,C2,Bearing2_4,A_rms_3sigma,1,20,0.0
PRONOSTIA,C2,Bearing2_4,B_mahalanobis,1,20,0.23333333333333334
PRONOSTIA,C2,Bearing2_4,A_rms_3sigma,1,20,0.0
PRONOSTIA,C2,Bearing2_4,B_mahalanobis,1,20,0.4166666666666667
PRONOSTIA,C2,Bearing2_4,A_rms_3sigma,1,20,0.0
PRONOSTIA,C2,Bearing2_4,B_mahalanobis,1,20,1.0
PRONOSTIA,C2,Bearing2_4,A_rms_3sigma,1,20,0.0
PRONOSTIA,C2,Bearing2_4,B_mahalanobis,1,20,0.0
PRONOSTIA,C2,Bearing2_4,A_rms_3sigma,1,20,0.0
PRONOSTIA,C2,Bearing2_4,B_mahalanobis,1,20,0.3333333333333333
PRONOSTIA,C2,Bearing2_4,A_rms_3sigma,1,20,0.6333333333333333
PRONOSTIA,C2,Bearing2_4,B_mahalanobis,1,20,0.35
PRONOSTIA,C2,Bearing2_4,A_rms_3sigma,1,20,0.0
PRONOSTIA,C2,Bearing2_4,B_mahalanobis,1,20,1.0
PRONOSTIA,C2,Bearing2_4,A_rms_3sigma,1,20,0.9
PRONOSTIA,C2,Bearing2_4,B_mahalanobis,1,20,0.9666666666666667
PRONOSTIA,C2,Bearing2_4,A_rms_3sigma,1,20,0.0
PRONOSTIA,C2,Bearing2_4,B_mahalanobis,1,20,0.4
PRONOSTIA,C2,Bearing2_4,A_rms_3sigma,1,20,0.7833333333333333
PRONOSTIA,C2,Bearing2_4,B_mahalanobis,1,20,1.0
PRONOSTIA,C2,Bearing2_4,A_rms_3sigma,1,20,0.8666666666666667
PRONOSTIA,C2,Bearing2_4,B_mahalanobis,1,20,0.9833333333333333
PRONOSTIA,C2,Bearing2_4,A_rms_3sigma,1,20,0.0
PRONOSTIA,C2,Bearing2_4,B_mahalanobis,1,20,0.95
PRONOSTIA,C2,Bearing2_4,A_rms_3sigma,1,20,0.0
PRONOSTIA,C2,Bearing2_4,B_mahalanobis,1,20,0.03333333333333333
PRONOSTIA,C2,Bearing2_4,A_rms_3sigma,1,20,0.9
PRONOSTIA,C2,Bearing2_4,B_mahalanobis,1,20,0.9833333333333333
PRONOSTIA,C2,Bearing2_4,A_rms_3sigma,1,20,0.0
PRONOSTIA,C2,Bearing2_4,B_mahalanobis,1,20,0.9833333333333333
PRONOSTIA,C2,Bearing2_4,A_rms_3sigma,1,20,0.0
PRONOSTIA,C2,Bearing2_4,B_mahalanobis,1,20,1.0
PRONOSTIA,C2,Bearing2_4,A_rms_3sigma,1,20,0.9
PRONOSTIA,C2,Bearing2_4,B_mahalanobis,1,20,1.0
PRONOSTIA,C2,Bearing2_4,A_rms_3sigma,1,20,0.25
PRONOSTIA,C2,Bearing2_4,B_mahalanobis,1,20,0.26666666666666666
PRONOSTIA,C2,Bearing2_4,A_rms_3sigma,1,20,0.0
PRONOSTIA,C2,Bearing2_4,B_mahalanobis,1,20,1.0
PRONOSTIA,C2,Bearing2_4,A_rms_3sigma,1,20,0.48333333333333334
PRONOSTIA,C2,Bearing2_4,B_mahalanobis,1,20,0.2833333333333333
PRONOSTIA,C2,Bearing2_4,A_rms_3sigma,1,20,0.0
PRONOSTIA,C2,Bearing2_4,B_mahalanobis,1,20,0.35
PRONOSTIA,C2,Bearing2_4,A_rms_3sigma,1,20,0.0
PRONOSTIA,C2,Bearing2_4,B_mahalanobis,1,20,0.4666666666666667
PRONOSTIA,C2,Bearing2_4,A_rms_3sigma,1,20,0.0
PRONOSTIA,C2,Bearing2_4,B_mahalanobis,1,20,0.55
PRONOSTIA,C2,Bearing2_4,A_rms_3sigma,1,20,0.25
PRONOSTIA,C2,Bearing2_4,B_mahalanobis,1,20,0.1
PRONOSTIA,C2,Bearing2_4,A_rms_3sigma,1,20,0.0
PRONOSTIA,C2,Bearing2_4,B_mahalanobis,1,20,1.0
PRONOSTIA,C2,Bearing2_4,A_rms_3sigma,1,20,0.0
PRONOSTIA,C2,Bearing2_4,B_mahalanobis,1,20,0.6
PRONOSTIA,C2,Bearing2_4,A_rms_3sigma,1,20,0.25
PRONOSTIA,C2,Bearing2_4,B_mahalanobis,1,20,0.15
PRONOSTIA,C2,Bearing2_4,A_rms_3sigma,1,20,0.8833333333333333
PRONOSTIA,C2,Bearing2_4,B_mahalanobis,1,20,0.95
PRONOSTIA,C2,Bearing2_4,A_rms_3sigma,1,20,0.0
PRONOSTIA,C2,Bearing2_4,B_mahalanobis,1,20,1.0
PRONOSTIA,C2,Bearing2_4,A_rms_3sigma,1,20,0.0
PRONOSTIA,C2,Bearing2_4,B_mahalanobis,1,20,1.0
PRONOSTIA,C2,Bearing2_4,A_rms_3sigma,1,20,0.0
PRONOSTIA,C2,Bearing2_4,B_mahalanobis,1,20,0.45
PRONOSTIA,C2,Bearing2_4,A_rms_3sigma,1,20,0.0
PRONOSTIA,C2,Bearing2_4,B_mahalanobis,1,20,0.2833333333333333
PRONOSTIA,C2,Bearing2_4,A_rms_3sigma,1,20,0.0
PRONOSTIA,C2,Bearing2_4,B_mahalanobis,1,20,0.2
PRONOSTIA,C2,Bearing2_4,A_rms_3sigma,1,20,0.0
PRONOSTIA,C2,Bearing2_4,B_mahalanobis,1,20,0.4666666666666667
PRONOSTIA,C2,Bearing2_4,A_rms_3sigma,1,20,0.7833333333333333
PRONOSTIA,C2,Bearing2_4,B_mahalanobis,1,20,0.9666666666666667
PRONOSTIA,C2,Bearing2_4,A_rms_3sigma,1,20,0.7833333333333333
PRONOSTIA,C2,Bearing2_4,B_mahalanobis,1,20,1.0
PRONOSTIA,C2,Bearing2_4,A_rms_3sigma,1,20,0.0
PRONOSTIA,C2,Bearing2_4,B_mahalanobis,1,20,0.5166666666666667
PRONOSTIA,C2,Bearing2_4,A_rms_3sigma,1,20,0.0
PRONOSTIA,C2,Bearing2_4,B_mahalanobis,1,20,0.15
PRONOSTIA,C2,Bearing2_4,A_rms_3sigma,1,20,0.0
PRONOSTIA,C2,Bearing2_4,B_mahalanobis,1,20,0.0
PRONOSTIA,C2,Bearing2_4,A_rms_3sigma,1,20,0.0
PRONOSTIA,C2,Bearing2_4,B_mahalanobis,1,20,1.0
PRONOSTIA,C2,Bearing2_4,A_rms_3sigma,1,20,0.8666666666666667
PRONOSTIA,C2,Bearing2_4,B_mahalanobis,1,20,1.0
PRONOSTIA,C2,Bearing2_4,A_rms_3sigma,1,20,0.0
PRONOSTIA,C2,Bearing2_4,B_mahalanobis,1,20,0.08333333333333333
PRONOSTIA,C2,Bearing2_4,A_rms_3sigma,1,20,0.0
PRONOSTIA,C2,Bearing2_4,B_mahalanobis,1,20,1.0
PRONOSTIA,C2,Bearing2_4,A_rms_3sigma,1,20,0.18333333333333332
PRONOSTIA,C2,Bearing2_4,B_mahalanobis,1,20,0.05
PRONOSTIA,C2,Bearing2_4,A_rms_3sigma,2,20,0.0
PRONOSTIA,C2,Bearing2_4,B_mahalanobis,2,20,0.05
PRONOSTIA,C2,Bearing2_4,A_rms_3sigma,2,20,0.0
PRONOSTIA,C2,Bearing2_4,B_mahalanobis,2,20,0.06666666666666667
PRONOSTIA,C2,Bearing2_4,A_rms_3sigma,2,20,0.0
PRONOSTIA,C2,Bearing2_4,B_mahalanobis,2,20,0.05
PRONOSTIA,C2,Bearing2_4,A_rms_3sigma,2,20,0.0
PRONOSTIA,C2,Bearing2_4,B_mahalanobis,2,20,0.18333333333333332
PRONOSTIA,C2,Bearing2_4,A_rms_3sigma,2,20,0.6333333333333333
PRONOSTIA,C2,Bearing2_4,B_mahalanobis,2,20,0.3
PRONOSTIA,C2,Bearing2_4,A_rms_3sigma,2,20,0.0
PRONOSTIA,C2,Bearing2_4,B_mahalanobis,2,20,0.0
PRONOSTIA,C2,Bearing2_4,A_rms_3sigma,2,20,0.0
PRONOSTIA,C2,Bearing2_4,B_mahalanobis,2,20,0.35
PRONOSTIA,C2,Bearing2_4,A_rms_3sigma,2,20,0.2833333333333333
PRONOSTIA,C2,Bearing2_4,B_mahalanobis,2,20,0.43333333333333335
PRONOSTIA,C2,Bearing2_4,A_rms_3sigma,2,20,0.0
PRONOSTIA,C2,Bearing2_4,B_mahalanobis,2,20,0.0
PRONOSTIA,C2,Bearing2_4,A_rms_3sigma,2,20,0.0
PRONOSTIA,C2,Bearing2_4,B_mahalanobis,2,20,0.15
PRONOSTIA,C2,Bearing2_4,A_rms_3sigma,2,20,0.0
PRONOSTIA,C2,Bearing2_4,B_mahalanobis,2,20,0.55
PRONOSTIA,C2,Bearing2_4,A_rms_3sigma,2,20,0.0
PRONOSTIA,C2,Bearing2_4,B_mahalanobis,2,20,0.0
PRONOSTIA,C2,Bearing2_4,A_rms_3sigma,2,20,0.0
PRONOSTIA,C2,Bearing2_4,B_mahalanobis,2,20,0.48333333333333334
PRONOSTIA,C2,Bearing2_4,A_rms_3sigma,2,20,0.6166666666666667
PRONOSTIA,C2,Bearing2_4,B_mahalanobis,2,20,0.2833333333333333
PRONOSTIA,C2,Bearing2_4,A_rms_3sigma,2,20,0.0
PRONOSTIA,C2,Bearing2_4,B_mahalanobis,2,20,0.016666666666666666
PRONOSTIA,C2,Bearing2_4,A_rms_3sigma,2,20,0.0
PRONOSTIA,C2,Bearing2_4,B_mahalanobis,2,20,0.06666666666666667
PRONOSTIA,C2,Bearing2_4,A_rms_3sigma,2,20,0.0
PRONOSTIA,C2,Bearing2_4,B_mahalanobis,2,20,0.06666666666666667
PRONOSTIA,C2,Bearing2_4,A_rms_3sigma,2,20,0.0
PRONOSTIA,C2,Bearing2_4,B_mahalanobis,2,20,0.7833333333333333
PRONOSTIA,C2,Bearing2_4,A_rms_3sigma,2,20,0.5
PRONOSTIA,C2,Bearing2_4,B_mahalanobis,2,20,0.21666666666666667
PRONOSTIA,C2,Bearing2_4,A_rms_3sigma,2,20,0.0
PRONOSTIA,C2,Bearing2_4,B_mahalanobis,2,20,0.0
PRONOSTIA,C2,Bearing2_4,A_rms_3sigma,2,20,0.0
PRONOSTIA,C2,Bearing2_4,B_mahalanobis,2,20,0.06666666666666667
PRONOSTIA,C2,Bearing2_4,A_rms_3sigma,2,20,0.0
PRONOSTIA,C2,Bearing2_4,B_mahalanobis,2,20,0.03333333333333333
PRONOSTIA,C2,Bearing2_4,A_rms_3sigma,2,20,0.0
PRONOSTIA,C2,Bearing2_4,B_mahalanobis,2,20,0.0
PRONOSTIA,C2,Bearing2_4,A_rms_3sigma,2,20,0.0
PRONOSTIA,C2,Bearing2_4,B_mahalanobis,2,20,0.6333333333333333
PRONOSTIA,C2,Bearing2_4,A_rms_3sigma,2,20,0.0
PRONOSTIA,C2,Bearing2_4,B_mahalanobis,2,20,0.95
PRONOSTIA,C2,Bearing2_4,A_rms_3sigma,2,20,0.0
PRONOSTIA,C2,Bearing2_4,B_mahalanobis,2,20,0.0
PRONOSTIA,C2,Bearing2_4,A_rms_3sigma,2,20,0.0
PRONOSTIA,C2,Bearing2_4,B_mahalanobis,2,20,0.06666666666666667
PRONOSTIA,C2,Bearing2_4,A_rms_3sigma,2,20,0.0
PRONOSTIA,C2,Bearing2_4,B_mahalanobis,2,20,0.0
PRONOSTIA,C2,Bearing2_4,A_rms_3sigma,2,20,0.4666666666666667
PRONOSTIA,C2,Bearing2_4,B_mahalanobis,2,20,0.03333333333333333
PRONOSTIA,C2,Bearing2_4,A_rms_3sigma,2,20,0.0
PRONOSTIA,C2,Bearing2_4,B_mahalanobis,2,20,0.9
PRONOSTIA,C2,Bearing2_4,A_rms_3sigma,2,20,0.0
PRONOSTIA,C2,Bearing2_4,B_mahalanobis,2,20,0.0
PRONOSTIA,C2,Bearing2_4,A_rms_3sigma,2,20,0.0
PRONOSTIA,C2,Bearing2_4,B_mahalanobis,2,20,0.18333333333333332
PRONOSTIA,C2,Bearing2_4,A_rms_3sigma,2,20,0.0
PRONOSTIA,C2,Bearing2_4,B_mahalanobis,2,20,0.0
PRONOSTIA,C2,Bearing2_4,A_rms_3sigma,2,20,0.0
PRONOSTIA,C2,Bearing2_4,B_mahalanobis,2,20,0.016666666666666666
PRONOSTIA,C2,Bearing2_4,A_rms_3sigma,2,20,0.0
PRONOSTIA,C2,Bearing2_4,B_mahalanobis,2,20,0.016666666666666666
PRONOSTIA,C2,Bearing2_4,A_rms_3sigma,2,20,0.0
PRONOSTIA,C2,Bearing2_4,B_mahalanobis,2,20,0.03333333333333333
PRONOSTIA,C2,Bearing2_4,A_rms_3sigma,2,20,0.03333333333333333
PRONOSTIA,C2,Bearing2_4,B_mahalanobis,2,20,0.23333333333333334
PRONOSTIA,C2,Bearing2_4,A_rms_3sigma,2,20,0.0
PRONOSTIA,C2,Bearing2_4,B_mahalanobis,2,20,0.0
PRONOSTIA,C2,Bearing2_4,A_rms_3sigma,2,20,0.0
PRONOSTIA,C2,Bearing2_4,B_mahalanobis,2,20,0.0
PRONOSTIA,C2,Bearing2_4,A_rms_3sigma,2,20,0.0
PRONOSTIA,C2,Bearing2_4,B_mahalanobis,2,20,0.08333333333333333
PRONOSTIA,C2,Bearing2_4,A_rms_3sigma,2,20,0.0
PRONOSTIA,C2,Bearing2_4,B_mahalanobis,2,20,0.03333333333333333
PRONOSTIA,C2,Bearing2_4,A_rms_3sigma,2,20,0.0
PRONOSTIA,C2,Bearing2_4,B_mahalanobis,2,20,0.11666666666666667
PRONOSTIA,C2,Bearing2_4,A_rms_3sigma,2,20,0.0
PRONOSTIA,C2,Bearing2_4,B_mahalanobis,2,20,0.016666666666666666
PRONOSTIA,C2,Bearing2_4,A_rms_3sigma,2,20,0.0
PRONOSTIA,C2,Bearing2_4,B_mahalanobis,2,20,0.0
PRONOSTIA,C2,Bearing2_4,A_rms_3sigma,2,20,0.0
PRONOSTIA,C2,Bearing2_4,B_mahalanobis,2,20,0.0
PRONOSTIA,C2,Bearing2_4,A_rms_3sigma,2,20,0.0
PRONOSTIA,C2,Bearing2_4,B_mahalanobis,2,20,0.15
PRONOSTIA,C2,Bearing2_4,A_rms_3sigma,2,20,0.0
PRONOSTIA,C2,Bearing2_4,B_mahalanobis,2,20,0.0
PRONOSTIA,C2,Bearing2_4,A_rms_3sigma,2,20,0.0
PRONOSTIA,C2,Bearing2_4,B_mahalanobis,2,20,0.16666666666666666
PRONOSTIA,C2,Bearing2_4,A_rms_3sigma,2,20,0.0
PRONOSTIA,C2,Bearing2_4,B_mahalanobis,2,20,0.0
PRONOSTIA,C2,Bearing2_4,A_rms_3sigma,2,20,0.0
PRONOSTIA,C2,Bearing2_4,B_mahalanobis,2,20,0.11666666666666667
PRONOSTIA,C2,Bearing2_4,A_rms_3sigma,3,18,0.0
PRONOSTIA,C2,Bearing2_4,B_mahalanobis,3,18,0.016666666666666666
PRONOSTIA,C2,Bearing2_4,A_rms_3sigma,3,18,0.0
PRONOSTIA,C2,Bearing2_4,B_mahalanobis,3,18,0.0
PRONOSTIA,C2,Bearing2_4,A_rms_3sigma,3,18,0.0
PRONOSTIA,C2,Bearing2_4,B_mahalanobis,3,18,0.0
PRONOSTIA,C2,Bearing2_4,A_rms_3sigma,3,18,0.0
PRONOSTIA,C2,Bearing2_4,B_mahalanobis,3,18,0.6166666666666667
PRONOSTIA,C2,Bearing2_4,A_rms_3sigma,3,18,0.0
PRONOSTIA,C2,Bearing2_4,B_mahalanobis,3,18,0.06666666666666667
PRONOSTIA,C2,Bearing2_4,A_rms_3sigma,3,18,0.0
PRONOSTIA,C2,Bearing2_4,B_mahalanobis,3,18,0.08333333333333333
PRONOSTIA,C2,Bearing2_4,A_rms_3sigma,3,18,0.0
PRONOSTIA,C2,Bearing2_4,B_mahalanobis,3,18,0.0
PRONOSTIA,C2,Bearing2_4,A_rms_3sigma,3,18,0.0
PRONOSTIA,C2,Bearing2_4,B_mahalanobis,3,18,0.35
PRONOSTIA,C2,Bearing2_4,A_rms_3sigma,3,18,0.0
PRONOSTIA,C2,Bearing2_4,B_mahalanobis,3,18,0.43333333333333335
PRONOSTIA,C2,Bearing2_4,A_rms_3sigma,3,18,0.0
PRONOSTIA,C2,Bearing2_4,B_mahalanobis,3,18,0.11666666666666667
PRONOSTIA,C2,Bearing2_4,A_rms_3sigma,3,18,0.0
PRONOSTIA,C2,Bearing2_4,B_mahalanobis,3,18,0.15
PRONOSTIA,C2,Bearing2_4,A_rms_3sigma,3,18,0.0
PRONOSTIA,C2,Bearing2_4,B_mahalanobis,3,18,0.48333333333333334
PRONOSTIA,C2,Bearing2_4,A_rms_3sigma,3,18,0.0
PRONOSTIA,C2,Bearing2_4,B_mahalanobis,3,18,0.11666666666666667
PRONOSTIA,C2,Bearing2_4,A_rms_3sigma,3,18,0.0
PRONOSTIA,C2,Bearing2_4,B_mahalanobis,3,18,0.05
PRONOSTIA,C2,Bearing2_4,A_rms_3sigma,3,18,0.0
PRONOSTIA,C2,Bearing2_4,B_mahalanobis,3,18,0.0
PRONOSTIA,C2,Bearing2_4,A_rms_3sigma,3,18,0.0
PRONOSTIA,C2,Bearing2_4,B_mahalanobis,3,18,0.0
PRONOSTIA,C2,Bearing2_4,A_rms_3sigma,3,18,0.0
PRONOSTIA,C2,Bearing2_4,B_mahalanobis,3,18,0.0
PRONOSTIA,C2,Bearing2_4,A_rms_3sigma,3,18,0.0
PRONOSTIA,C2,Bearing2_4,B_mahalanobis,3,18,0.0
PRONOSTIA,C2,Bearing2_4,A_rms_3sigma,3,18,0.0
PRONOSTIA,C2,Bearing2_4,B_mahalanobis,3,18,0.03333333333333333
PRONOSTIA,C2,Bearing2_4,A_rms_3sigma,3,18,0.0
PRONOSTIA,C2,Bearing2_4,B_mahalanobis,3,18,0.016666666666666666
PRONOSTIA,C2,Bearing2_4,A_rms_3sigma,3,18,0.0
PRONOSTIA,C2,Bearing2_4,B_mahalanobis,3,18,0.05
PRONOSTIA,C2,Bearing2_4,A_rms_3sigma,3,18,0.0
PRONOSTIA,C2,Bearing2_4,B_mahalanobis,3,18,0.016666666666666666
PRONOSTIA,C2,Bearing2_4,A_rms_3sigma,3,18,0.0
PRONOSTIA,C2,Bearing2_4,B_mahalanobis,3,18,0.0
PRONOSTIA,C2,Bearing2_4,A_rms_3sigma,3,18,0.0
PRONOSTIA,C2,Bearing2_4,B_mahalanobis,3,18,0.0
PRONOSTIA,C2,Bearing2_4,A_rms_3sigma,3,18,0.0
PRONOSTIA,C2,Bearing2_4,B_mahalanobis,3,18,0.08333333333333333
PRONOSTIA,C2,Bearing2_4,A_rms_3sigma,3,18,0.0
PRONOSTIA,C2,Bearing2_4,B_mahalanobis,3,18,0.06666666666666667
PRONOSTIA,C2,Bearing2_4,A_rms_3sigma,3,18,0.0
PRONOSTIA,C2,Bearing2_4,B_mahalanobis,3,18,0.0
PRONOSTIA,C2,Bearing2_4,A_rms_3sigma,3,18,0.0
PRONOSTIA,C2,Bearing2_4,B_mahalanobis,3,18,0.0
PRONOSTIA,C2,Bearing2_4,A_rms_3sigma,3,18,0.0
PRONOSTIA,C2,Bearing2_4,B_mahalanobis,3,18,0.05
PRONOSTIA,C2,Bearing2_4,A_rms_3sigma,3,18,0.0
PRONOSTIA,C2,Bearing2_4,B_mahalanobis,3,18,0.0
PRONOSTIA,C2,Bearing2_4,A_rms_3sigma,3,18,0.0
PRONOSTIA,C2,Bearing2_4,B_mahalanobis,3,18,0.0
PRONOSTIA,C2,Bearing2_4,A_rms_3sigma,3,18,0.0
PRONOSTIA,C2,Bearing2_4,B_mahalanobis,3,18,0.03333333333333333
PRONOSTIA,C2,Bearing2_4,A_rms_3sigma,3,18,0.0
PRONOSTIA,C2,Bearing2_4,B_mahalanobis,3,18,0.06666666666666667
PRONOSTIA,C2,Bearing2_4,A_rms_3sigma,3,18,0.0
PRONOSTIA,C2,Bearing2_4,B_mahalanobis,3,18,0.0
PRONOSTIA,C2,Bearing2_4,A_rms_3sigma,3,18,0.0
PRONOSTIA,C2,Bearing2_4,B_mahalanobis,3,18,0.15
PRONOSTIA,C2,Bearing2_4,A_rms_3sigma,3,18,0.0
PRONOSTIA,C2,Bearing2_4,B_mahalanobis,3,18,0.1
PRONOSTIA,C2,Bearing2_4,A_rms_3sigma,3,18,0.0
PRONOSTIA,C2,Bearing2_4,B_mahalanobis,3,18,0.0
PRONOSTIA,C2,Bearing2_4,A_rms_3sigma,3,18,0.0
PRONOSTIA,C2,Bearing2_4,B_mahalanobis,3,18,0.016666666666666666
PRONOSTIA,C2,Bearing2_4,A_rms_3sigma,3,18,0.0
PRONOSTIA,C2,Bearing2_4,B_mahalanobis,3,18,0.0
PRONOSTIA,C2,Bearing2_4,A_rms_3sigma,3,18,0.0
PRONOSTIA,C2,Bearing2_4,B_mahalanobis,3,18,0.0
PRONOSTIA,C2,Bearing2_4,A_rms_3sigma,3,18,0.0
PRONOSTIA,C2,Bearing2_4,B_mahalanobis,3,18,0.06666666666666667
PRONOSTIA,C2,Bearing2_4,A_rms_3sigma,3,18,0.0
PRONOSTIA,C2,Bearing2_4,B_mahalanobis,3,18,0.0
PRONOSTIA,C2,Bearing2_4,A_rms_3sigma,3,18,0.0
PRONOSTIA,C2,Bearing2_4,B_mahalanobis,3,18,0.03333333333333333
PRONOSTIA,C2,Bearing2_4,A_rms_3sigma,3,18,0.0
PRONOSTIA,C2,Bearing2_4,B_mahalanobis,3,18,0.3
PRONOSTIA,C2,Bearing2_4,A_rms_3sigma,3,18,0.0
PRONOSTIA,C2,Bearing2_4,B_mahalanobis,3,18,0.03333333333333333
PRONOSTIA,C2,Bearing2_4,A_rms_3sigma,3,18,0.0
PRONOSTIA,C2,Bearing2_4,B_mahalanobis,3,18,0.03333333333333333
PRONOSTIA,C2,Bearing2_4,A_rms_3sigma,3,18,0.0
PRONOSTIA,C2,Bearing2_4,B_mahalanobis,3,18,0.2
PRONOSTIA,C2,Bearing2_4,A_rms_3sigma,3,18,0.0
PRONOSTIA,C2,Bearing2_4,B_mahalanobis,3,18,0.0
PRONOSTIA,C2,Bearing2_4,A_rms_3sigma,3,18,0.0
PRONOSTIA,C2,Bearing2_4,B_mahalanobis,3,18,0.016666666666666666
PRONOSTIA,C2,Bearing2_4,A_rms_3sigma,3,18,0.0
PRONOSTIA,C2,Bearing2_4,B_mahalanobis,3,18,0.1
PRONOSTIA,C2,Bearing2_4,A_rms_3sigma,4,20,0.0
PRONOSTIA,C2,Bearing2_4,B_mahalanobis,4,20,0.016666666666666666
PRONOSTIA,C2,Bearing2_4,A_rms_3sigma,4,20,0.0
PRONOSTIA,C2,Bearing2_4,B_mahalanobis,4,20,0.0
PRONOSTIA,C2,Bearing2_4,A_rms_3sigma,4,20,0.0
PRONOSTIA,C2,Bearing2_4,B_mahalanobis,4,20,0.0
PRONOSTIA,C2,Bearing2_4,A_rms_3sigma,4,20,0.0
PRONOSTIA,C2,Bearing2_4,B_mahalanobis,4,20,0.05
PRONOSTIA,C2,Bearing2_4,A_rms_3sigma,4,20,0.0
PRONOSTIA,C2,Bearing2_4,B_mahalanobis,4,20,0.0
PRONOSTIA,C2,Bearing2_4,A_rms_3sigma,4,20,0.0
PRONOSTIA,C2,Bearing2_4,B_mahalanobis,4,20,0.0
PRONOSTIA,C2,Bearing2_4,A_rms_3sigma,4,20,0.0
PRONOSTIA,C2,Bearing2_4,B_mahalanobis,4,20,0.0
PRONOSTIA,C2,Bearing2_4,A_rms_3sigma,4,20,0.0
PRONOSTIA,C2,Bearing2_4,B_mahalanobis,4,20,0.0
PRONOSTIA,C2,Bearing2_4,A_rms_3sigma,4,20,0.0
PRONOSTIA,C2,Bearing2_4,B_mahalanobis,4,20,0.06666666666666667
PRONOSTIA,C2,Bearing2_4,A_rms_3sigma,4,20,0.0
PRONOSTIA,C2,Bearing2_4,B_mahalanobis,4,20,0.0
PRONOSTIA,C2,Bearing2_4,A_rms_3sigma,4,20,0.0
PRONOSTIA,C2,Bearing2_4,B_mahalanobis,4,20,0.4666666666666667
PRONOSTIA,C2,Bearing2_4,A_rms_3sigma,4,20,0.0
PRONOSTIA,C2,Bearing2_4,B_mahalanobis,4,20,0.0
PRONOSTIA,C2,Bearing2_4,A_rms_3sigma,4,20,0.0
PRONOSTIA,C2,Bearing2_4,B_mahalanobis,4,20,0.03333333333333333
PRONOSTIA,C2,Bearing2_4,A_rms_3sigma,4,20,0.0
PRONOSTIA,C2,Bearing2_4,B_mahalanobis,4,20,0.0
PRONOSTIA,C2,Bearing2_4,A_rms_3sigma,4,20,0.0
PRONOSTIA,C2,Bearing2_4,B_mahalanobis,4,20,0.0
PRONOSTIA,C2,Bearing2_4,A_rms_3sigma,4,20,0.0
PRONOSTIA,C2,Bearing2_4,B_mahalanobis,4,20,0.0
PRONOSTIA,C2,Bearing2_4,A_rms_3sigma,4,20,0.0
PRONOSTIA,C2,Bearing2_4,B_mahalanobis,4,20,0.03333333333333333
PRONOSTIA,C2,Bearing2_4,A_rms_3sigma,4,20,0.0
PRONOSTIA,C2,Bearing2_4,B_mahalanobis,4,20,0.0
PRONOSTIA,C2,Bearing2_4,A_rms_3sigma,4,20,0.0
PRONOSTIA,C2,Bearing2_4,B_mahalanobis,4,20,0.0
PRONOSTIA,C2,Bearing2_4,A_rms_3sigma,4,20,0.0
PRONOSTIA,C2,Bearing2_4,B_mahalanobis,4,20,0.0
PRONOSTIA,C2,Bearing2_4,A_rms_3sigma,4,20,0.0
PRONOSTIA,C2,Bearing2_4,B_mahalanobis,4,20,0.0
PRONOSTIA,C2,Bearing2_4,A_rms_3sigma,4,20,0.0
PRONOSTIA,C2,Bearing2_4,B_mahalanobis,4,20,0.0
PRONOSTIA,C2,Bearing2_4,A_rms_3sigma,4,20,0.0
PRONOSTIA,C2,Bearing2_4,B_mahalanobis,4,20,0.11666666666666667
PRONOSTIA,C2,Bearing2_4,A_rms_3sigma,4,20,0.0
PRONOSTIA,C2,Bearing2_4,B_mahalanobis,4,20,0.05
PRONOSTIA,C2,Bearing2_4,A_rms_3sigma,4,20,0.0
PRONOSTIA,C2,Bearing2_4,B_mahalanobis,4,20,0.0
PRONOSTIA,C2,Bearing2_4,A_rms_3sigma,4,20,0.0
PRONOSTIA,C2,Bearing2_4,B_mahalanobis,4,20,0.18333333333333332
PRONOSTIA,C2,Bearing2_4,A_rms_3sigma,4,20,0.0
PRONOSTIA,C2,Bearing2_4,B_mahalanobis,4,20,0.0
PRONOSTIA,C2,Bearing2_4,A_rms_3sigma,4,20,0.0
PRONOSTIA,C2,Bearing2_4,B_mahalanobis,4,20,0.31666666666666665
PRONOSTIA,C2,Bearing2_4,A_rms_3sigma,4,20,0.0
PRONOSTIA,C2,Bearing2_4,B_mahalanobis,4,20,0.0
PRONOSTIA,C2,Bearing2_4,A_rms_3sigma,4,20,0.0
PRONOSTIA,C2,Bearing2_4,B_mahalanobis,4,20,0.0
PRONOSTIA,C2,Bearing2_4,A_rms_3sigma,4,20,0.0
PRONOSTIA,C2,Bearing2_4,B_mahalanobis,4,20,0.0
PRONOSTIA,C2,Bearing2_4,A_rms_3sigma,4,20,0.0
PRONOSTIA,C2,Bearing2_4,B_mahalanobis,4,20,0.08333333333333333
PRONOSTIA,C2,Bearing2_4,A_rms_3sigma,4,20,0.0
PRONOSTIA,C2,Bearing2_4,B_mahalanobis,4,20,0.0
PRONOSTIA,C2,Bearing2_4,A_rms_3sigma,4,20,0.0
PRONOSTIA,C2,Bearing2_4,B_mahalanobis,4,20,0.0
PRONOSTIA,C2,Bearing2_4,A_rms_3sigma,4,20,0.0
PRONOSTIA,C2,Bearing2_4,B_mahalanobis,4,20,0.0
PRONOSTIA,C2,Bearing2_4,A_rms_3sigma,4,20,0.0
PRONOSTIA,C2,Bearing2_4,B_mahalanobis,4,20,0.016666666666666666
PRONOSTIA,C2,Bearing2_4,A_rms_3sigma,4,20,0.0
PRONOSTIA,C2,Bearing2_4,B_mahalanobis,4,20,0.06666666666666667
PRONOSTIA,C2,Bearing2_4,A_rms_3sigma,4,20,0.0
PRONOSTIA,C2,Bearing2_4,B_mahalanobis,4,20,0.05
PRONOSTIA,C2,Bearing2_4,A_rms_3sigma,4,20,0.0
PRONOSTIA,C2,Bearing2_4,B_mahalanobis,4,20,0.016666666666666666
PRONOSTIA,C2,Bearing2_4,A_rms_3sigma,4,20,0.0
PRONOSTIA,C2,Bearing2_4,B_mahalanobis,4,20,0.0
PRONOSTIA,C2,Bearing2_4,A_rms_3sigma,4,20,0.0
PRONOSTIA,C2,Bearing2_4,B_mahalanobis,4,20,0.0
PRONOSTIA,C2,Bearing2_4,A_rms_3sigma,4,20,0.0
PRONOSTIA,C2,Bearing2_4,B_mahalanobis,4,20,0.0
PRONOSTIA,C2,Bearing2_4,A_rms_3sigma,4,20,0.0
PRONOSTIA,C2,Bearing2_4,B_mahalanobis,4,20,0.0
PRONOSTIA,C2,Bearing2_4,A_rms_3sigma,4,20,0.0
PRONOSTIA,C2,Bearing2_4,B_mahalanobis,4,20,0.0
PRONOSTIA,C2,Bearing2_4,A_rms_3sigma,4,20,0.0
PRONOSTIA,C2,Bearing2_4,B_mahalanobis,4,20,0.0
PRONOSTIA,C2,Bearing2_4,A_rms_3sigma,4,20,0.0
PRONOSTIA,C2,Bearing2_4,B_mahalanobis,4,20,0.0
PRONOSTIA,C2,Bearing2_4,A_rms_3sigma,4,20,0.0
PRONOSTIA,C2,Bearing2_4,B_mahalanobis,4,20,0.0
PRONOSTIA,C2,Bearing2_4,A_rms_3sigma,4,20,0.0
PRONOSTIA,C2,Bearing2_4,B_mahalanobis,4,20,0.08333333333333333
PRONOSTIA,C2,Bearing2_4,A_rms_3sigma,4,20,0.0
PRONOSTIA,C2,Bearing2_4,B_mahalanobis,4,20,0.0
PRONOSTIA,C2,Bearing2_4,A_rms_3sigma,4,20,0.0
PRONOSTIA,C2,Bearing2_4,B_mahalanobis,4,20,0.0
PRONOSTIA,C2,Bearing2_5,A_rms_3sigma,1,20,1.0
PRONOSTIA,C2,Bearing2_5,B_mahalanobis,1,20,1.0
PRONOSTIA,C2,Bearing2_5,A_rms_3sigma,1,20,1.0
PRONOSTIA,C2,Bearing2_5,B_mahalanobis,1,20,1.0
PRONOSTIA,C2,Bearing2_5,A_rms_3sigma,1,20,1.0
PRONOSTIA,C2,Bearing2_5,B_mahalanobis,1,20,1.0
PRONOSTIA,C2,Bearing2_5,A_rms_3sigma,1,20,0.7
PRONOSTIA,C2,Bearing2_5,B_mahalanobis,1,20,0.9666666666666667
PRONOSTIA,C2,Bearing2_5,A_rms_3sigma,1,20,1.0
PRONOSTIA,C2,Bearing2_5,B_mahalanobis,1,20,1.0
PRONOSTIA,C2,Bearing2_5,A_rms_3sigma,1,20,1.0
PRONOSTIA,C2,Bearing2_5,B_mahalanobis,1,20,1.0
PRONOSTIA,C2,Bearing2_5,A_rms_3sigma,1,20,1.0
PRONOSTIA,C2,Bearing2_5,B_mahalanobis,1,20,1.0
PRONOSTIA,C2,Bearing2_5,A_rms_3sigma,1,20,1.0
PRONOSTIA,C2,Bearing2_5,B_mahalanobis,1,20,1.0
PRONOSTIA,C2,Bearing2_5,A_rms_3sigma,1,20,1.0
PRONOSTIA,C2,Bearing2_5,B_mahalanobis,1,20,1.0
PRONOSTIA,C2,Bearing2_5,A_rms_3sigma,1,20,1.0
PRONOSTIA,C2,Bearing2_5,B_mahalanobis,1,20,1.0
PRONOSTIA,C2,Bearing2_5,A_rms_3sigma,1,20,1.0
PRONOSTIA,C2,Bearing2_5,B_mahalanobis,1,20,1.0
PRONOSTIA,C2,Bearing2_5,A_rms_3sigma,1,20,0.03333333333333333
PRONOSTIA,C2,Bearing2_5,B_mahalanobis,1,20,0.4166666666666667
PRONOSTIA,C2,Bearing2_5,A_rms_3sigma,1,20,0.8166666666666667
PRONOSTIA,C2,Bearing2_5,B_mahalanobis,1,20,0.85
PRONOSTIA,C2,Bearing2_5,A_rms_3sigma,1,20,1.0
PRONOSTIA,C2,Bearing2_5,B_mahalanobis,1,20,1.0
PRONOSTIA,C2,Bearing2_5,A_rms_3sigma,1,20,1.0
PRONOSTIA,C2,Bearing2_5,B_mahalanobis,1,20,1.0
PRONOSTIA,C2,Bearing2_5,A_rms_3sigma,1,20,0.7
PRONOSTIA,C2,Bearing2_5,B_mahalanobis,1,20,0.9833333333333333
PRONOSTIA,C2,Bearing2_5,A_rms_3sigma,1,20,1.0
PRONOSTIA,C2,Bearing2_5,B_mahalanobis,1,20,1.0
PRONOSTIA,C2,Bearing2_5,A_rms_3sigma,1,20,0.9666666666666667
PRONOSTIA,C2,Bearing2_5,B_mahalanobis,1,20,0.95
PRONOSTIA,C2,Bearing2_5,A_rms_3sigma,1,20,1.0
PRONOSTIA,C2,Bearing2_5,B_mahalanobis,1,20,1.0
PRONOSTIA,C2,Bearing2_5,A_rms_3sigma,1,20,1.0
PRONOSTIA,C2,Bearing2_5,B_mahalanobis,1,20,1.0
PRONOSTIA,C2,Bearing2_5,A_rms_3sigma,1,20,0.7
PRONOSTIA,C2,Bearing2_5,B_mahalanobis,1,20,0.8333333333333334
PRONOSTIA,C2,Bearing2_5,A_rms_3sigma,1,20,1.0
PRONOSTIA,C2,Bearing2_5,B_mahalanobis,1,20,1.0
PRONOSTIA,C2,Bearing2_5,A_rms_3sigma,1,20,1.0
PRONOSTIA,C2,Bearing2_5,B_mahalanobis,1,20,1.0
PRONOSTIA,C2,Bearing2_5,A_rms_3sigma,1,20,1.0
PRONOSTIA,C2,Bearing2_5,B_mahalanobis,1,20,1.0
PRONOSTIA,C2,Bearing2_5,A_rms_3sigma,1,20,1.0
PRONOSTIA,C2,Bearing2_5,B_mahalanobis,1,20,1.0
PRONOSTIA,C2,Bearing2_5,A_rms_3sigma,1,20,1.0
PRONOSTIA,C2,Bearing2_5,B_mahalanobis,1,20,1.0
PRONOSTIA,C2,Bearing2_5,A_rms_3sigma,1,20,1.0
PRONOSTIA,C2,Bearing2_5,B_mahalanobis,1,20,1.0
PRONOSTIA,C2,Bearing2_5,A_rms_3sigma,1,20,1.0
PRONOSTIA,C2,Bearing2_5,B_mahalanobis,1,20,1.0
PRONOSTIA,C2,Bearing2_5,A_rms_3sigma,1,20,1.0
PRONOSTIA,C2,Bearing2_5,B_mahalanobis,1,20,1.0
PRONOSTIA,C2,Bearing2_5,A_rms_3sigma,1,20,0.03333333333333333
PRONOSTIA,C2,Bearing2_5,B_mahalanobis,1,20,0.6333333333333333
PRONOSTIA,C2,Bearing2_5,A_rms_3sigma,1,20,1.0
PRONOSTIA,C2,Bearing2_5,B_mahalanobis,1,20,0.9666666666666667
PRONOSTIA,C2,Bearing2_5,A_rms_3sigma,1,20,1.0
PRONOSTIA,C2,Bearing2_5,B_mahalanobis,1,20,1.0
PRONOSTIA,C2,Bearing2_5,A_rms_3sigma,1,20,1.0
PRONOSTIA,C2,Bearing2_5,B_mahalanobis,1,20,1.0
PRONOSTIA,C2,Bearing2_5,A_rms_3sigma,1,20,0.7833333333333333
PRONOSTIA,C2,Bearing2_5,B_mahalanobis,1,20,0.95
PRONOSTIA,C2,Bearing2_5,A_rms_3sigma,1,20,1.0
PRONOSTIA,C2,Bearing2_5,B_mahalanobis,1,20,1.0
PRONOSTIA,C2,Bearing2_5,A_rms_3sigma,1,20,1.0
PRONOSTIA,C2,Bearing2_5,B_mahalanobis,1,20,1.0
PRONOSTIA,C2,Bearing2_5,A_rms_3sigma,1,20,1.0
PRONOSTIA,C2,Bearing2_5,B_mahalanobis,1,20,1.0
PRONOSTIA,C2,Bearing2_5,A_rms_3sigma,1,20,1.0
PRONOSTIA,C2,Bearing2_5,B_mahalanobis,1,20,1.0
PRONOSTIA,C2,Bearing2_5,A_rms_3sigma,1,20,1.0
PRONOSTIA,C2,Bearing2_5,B_mahalanobis,1,20,1.0
PRONOSTIA,C2,Bearing2_5,A_rms_3sigma,1,20,1.0
PRONOSTIA,C2,Bearing2_5,B_mahalanobis,1,20,1.0
PRONOSTIA,C2,Bearing2_5,A_rms_3sigma,1,20,0.8833333333333333
PRONOSTIA,C2,Bearing2_5,B_mahalanobis,1,20,0.9666666666666667
PRONOSTIA,C2,Bearing2_5,A_rms_3sigma,1,20,0.9833333333333333
PRONOSTIA,C2,Bearing2_5,B_mahalanobis,1,20,0.9833333333333333
PRONOSTIA,C2,Bearing2_5,A_rms_3sigma,1,20,1.0
PRONOSTIA,C2,Bearing2_5,B_mahalanobis,1,20,1.0
PRONOSTIA,C2,Bearing2_5,A_rms_3sigma,1,20,1.0
PRONOSTIA,C2,Bearing2_5,B_mahalanobis,1,20,1.0
PRONOSTIA,C2,Bearing2_5,A_rms_3sigma,1,20,0.95
PRONOSTIA,C2,Bearing2_5,B_mahalanobis,1,20,0.9
PRONOSTIA,C2,Bearing2_5,A_rms_3sigma,1,20,1.0
PRONOSTIA,C2,Bearing2_5,B_mahalanobis,1,20,1.0
PRONOSTIA,C2,Bearing2_5,A_rms_3sigma,1,20,1.0
PRONOSTIA,C2,Bearing2_5,B_mahalanobis,1,20,1.0
PRONOSTIA,C2,Bearing2_5,A_rms_3sigma,1,20,1.0
PRONOSTIA,C2,Bearing2_5,B_mahalanobis,1,20,1.0
PRONOSTIA,C2,Bearing2_5,A_rms_3sigma,1,20,1.0
PRONOSTIA,C2,Bearing2_5,B_mahalanobis,1,20,1.0
PRONOSTIA,C2,Bearing2_5,A_rms_3sigma,1,20,1.0
PRONOSTIA,C2,Bearing2_5,B_mahalanobis,1,20,1.0
PRONOSTIA,C2,Bearing2_5,A_rms_3sigma,2,20,0.8666666666666667
PRONOSTIA,C2,Bearing2_5,B_mahalanobis,2,20,0.15
PRONOSTIA,C2,Bearing2_5,A_rms_3sigma,2,20,1.0
PRONOSTIA,C2,Bearing2_5,B_mahalanobis,2,20,1.0
PRONOSTIA,C2,Bearing2_5,A_rms_3sigma,2,20,0.9666666666666667
PRONOSTIA,C2,Bearing2_5,B_mahalanobis,2,20,0.7833333333333333
PRONOSTIA,C2,Bearing2_5,A_rms_3sigma,2,20,1.0
PRONOSTIA,C2,Bearing2_5,B_mahalanobis,2,20,1.0
PRONOSTIA,C2,Bearing2_5,A_rms_3sigma,2,20,0.03333333333333333
PRONOSTIA,C2,Bearing2_5,B_mahalanobis,2,20,0.6666666666666666
PRONOSTIA,C2,Bearing2_5,A_rms_3sigma,2,20,0.03333333333333333
PRONOSTIA,C2,Bearing2_5,B_mahalanobis,2,20,0.55
PRONOSTIA,C2,Bearing2_5,A_rms_3sigma,2,20,0.7666666666666667
PRONOSTIA,C2,Bearing2_5,B_mahalanobis,2,20,0.9666666666666667
PRONOSTIA,C2,Bearing2_5,A_rms_3sigma,2,20,1.0
PRONOSTIA,C2,Bearing2_5,B_mahalanobis,2,20,1.0
PRONOSTIA,C2,Bearing2_5,A_rms_3sigma,2,20,0.8833333333333333
PRONOSTIA,C2,Bearing2_5,B_mahalanobis,2,20,0.9666666666666667
PRONOSTIA,C2,Bearing2_5,A_rms_3sigma,2,20,1.0
PRONOSTIA,C2,Bearing2_5,B_mahalanobis,2,20,1.0
PRONOSTIA,C2,Bearing2_5,A_rms_3sigma,2,20,0.7166666666666667
PRONOSTIA,C2,Bearing2_5,B_mahalanobis,2,20,0.7833333333333333
PRONOSTIA,C2,Bearing2_5,A_rms_3sigma,2,20,1.0
PRONOSTIA,C2,Bearing2_5,B_mahalanobis,2,20,1.0
PRONOSTIA,C2,Bearing2_5,A_rms_3sigma,2,20,0.7333333333333333
PRONOSTIA,C2,Bearing2_5,B_mahalanobis,2,20,0.8666666666666667
PRONOSTIA,C2,Bearing2_5,A_rms_3sigma,2,20,1.0
PRONOSTIA,C2,Bearing2_5,B_mahalanobis,2,20,1.0
PRONOSTIA,C2,Bearing2_5,A_rms_3sigma,2,20,0.95
PRONOSTIA,C2,Bearing2_5,B_mahalanobis,2,20,0.8833333333333333
PRONOSTIA,C2,Bearing2_5,A_rms_3sigma,2,20,0.8833333333333333
PRONOSTIA,C2,Bearing2_5,B_mahalanobis,2,20,0.9833333333333333
PRONOSTIA,C2,Bearing2_5,A_rms_3sigma,2,20,1.0
PRONOSTIA,C2,Bearing2_5,B_mahalanobis,2,20,0.9833333333333333
PRONOSTIA,C2,Bearing2_5,A_rms_3sigma,2,20,0.8
PRONOSTIA,C2,Bearing2_5,B_mahalanobis,2,20,0.15
PRONOSTIA,C2,Bearing2_5,A_rms_3sigma,2,20,1.0
PRONOSTIA,C2,Bearing2_5,B_mahalanobis,2,20,0.9666666666666667
PRONOSTIA,C2,Bearing2_5,A_rms_3sigma,2,20,0.9166666666666666
PRONOSTIA,C2,Bearing2_5,B_mahalanobis,2,20,1.0
PRONOSTIA,C2,Bearing2_5,A_rms_3sigma,2,20,0.7333333333333333
PRONOSTIA,C2,Bearing2_5,B_mahalanobis,2,20,0.9166666666666666
PRONOSTIA,C2,Bearing2_5,A_rms_3sigma,2,20,0.9666666666666667
PRONOSTIA,C2,Bearing2_5,B_mahalanobis,2,20,0.9166666666666666
PRONOSTIA,C2,Bearing2_5,A_rms_3sigma,2,20,1.0
PRONOSTIA,C2,Bearing2_5,B_mahalanobis,2,20,1.0
PRONOSTIA,C2,Bearing2_5,A_rms_3sigma,2,20,1.0
PRONOSTIA,C2,Bearing2_5,B_mahalanobis,2,20,1.0
PRONOSTIA,C2,Bearing2_5,A_rms_3sigma,2,20,0.9333333333333333
PRONOSTIA,C2,Bearing2_5,B_mahalanobis,2,20,0.11666666666666667
PRONOSTIA,C2,Bearing2_5,A_rms_3sigma,2,20,0.9833333333333333
PRONOSTIA,C2,Bearing2_5,B_mahalanobis,2,20,1.0
PRONOSTIA,C2,Bearing2_5,A_rms_3sigma,2,20,1.0
PRONOSTIA,C2,Bearing2_5,B_mahalanobis,2,20,1.0
PRONOSTIA,C2,Bearing2_5,A_rms_3sigma,2,20,1.0
PRONOSTIA,C2,Bearing2_5,B_mahalanobis,2,20,1.0
PRONOSTIA,C2,Bearing2_5,A_rms_3sigma,2,20,1.0
PRONOSTIA,C2,Bearing2_5,B_mahalanobis,2,20,1.0
PRONOSTIA,C2,Bearing2_5,A_rms_3sigma,2,20,0.85
PRONOSTIA,C2,Bearing2_5,B_mahalanobis,2,20,0.7333333333333333
PRONOSTIA,C2,Bearing2_5,A_rms_3sigma,2,20,0.9666666666666667
PRONOSTIA,C2,Bearing2_5,B_mahalanobis,2,20,0.9666666666666667
PRONOSTIA,C2,Bearing2_5,A_rms_3sigma,2,20,1.0
PRONOSTIA,C2,Bearing2_5,B_mahalanobis,2,20,1.0
PRONOSTIA,C2,Bearing2_5,A_rms_3sigma,2,20,1.0
PRONOSTIA,C2,Bearing2_5,B_mahalanobis,2,20,1.0
PRONOSTIA,C2,Bearing2_5,A_rms_3sigma,2,20,1.0
PRONOSTIA,C2,Bearing2_5,B_mahalanobis,2,20,1.0
PRONOSTIA,C2,Bearing2_5,A_rms_3sigma,2,20,0.9666666666666667
PRONOSTIA,C2,Bearing2_5,B_mahalanobis,2,20,0.31666666666666665
PRONOSTIA,C2,Bearing2_5,A_rms_3sigma,2,20,1.0
PRONOSTIA,C2,Bearing2_5,B_mahalanobis,2,20,1.0
PRONOSTIA,C2,Bearing2_5,A_rms_3sigma,2,20,0.95
PRONOSTIA,C2,Bearing2_5,B_mahalanobis,2,20,0.9
PRONOSTIA,C2,Bearing2_5,A_rms_3sigma,2,20,1.0
PRONOSTIA,C2,Bearing2_5,B_mahalanobis,2,20,1.0
PRONOSTIA,C2,Bearing2_5,A_rms_3sigma,2,20,0.9833333333333333
PRONOSTIA,C2,Bearing2_5,B_mahalanobis,2,20,1.0
PRONOSTIA,C2,Bearing2_5,A_rms_3sigma,2,20,1.0
PRONOSTIA,C2,Bearing2_5,B_mahalanobis,2,20,1.0
PRONOSTIA,C2,Bearing2_5,A_rms_3sigma,2,20,0.9833333333333333
PRONOSTIA,C2,Bearing2_5,B_mahalanobis,2,20,0.9833333333333333
PRONOSTIA,C2,Bearing2_5,A_rms_3sigma,2,20,0.85
PRONOSTIA,C2,Bearing2_5,B_mahalanobis,2,20,0.85
PRONOSTIA,C2,Bearing2_5,A_rms_3sigma,2,20,0.7166666666666667
PRONOSTIA,C2,Bearing2_5,B_mahalanobis,2,20,0.6166666666666667
PRONOSTIA,C2,Bearing2_5,A_rms_3sigma,2,20,0.9833333333333333
PRONOSTIA,C2,Bearing2_5,B_mahalanobis,2,20,0.85
PRONOSTIA,C2,Bearing2_5,A_rms_3sigma,2,20,0.7833333333333333
PRONOSTIA,C2,Bearing2_5,B_mahalanobis,2,20,0.9666666666666667
PRONOSTIA,C2,Bearing2_5,A_rms_3sigma,2,20,0.9833333333333333
PRONOSTIA,C2,Bearing2_5,B_mahalanobis,2,20,0.8666666666666667
PRONOSTIA,C2,Bearing2_5,A_rms_3sigma,2,20,0.03333333333333333
PRONOSTIA,C2,Bearing2_5,B_mahalanobis,2,20,0.7
PRONOSTIA,C2,Bearing2_5,A_rms_3sigma,2,20,1.0
PRONOSTIA,C2,Bearing2_5,B_mahalanobis,2,20,1.0
PRONOSTIA,C2,Bearing2_5,A_rms_3sigma,2,20,0.8833333333333333
PRONOSTIA,C2,Bearing2_5,B_mahalanobis,2,20,0.9833333333333333
PRONOSTIA,C2,Bearing2_5,A_rms_3sigma,2,20,1.0
PRONOSTIA,C2,Bearing2_5,B_mahalanobis,2,20,1.0
PRONOSTIA,C2,Bearing2_5,A_rms_3sigma,3,18,1.0
PRONOSTIA,C2,Bearing2_5,B_mahalanobis,3,18,1.0
PRONOSTIA,C2,Bearing2_5,A_rms_3sigma,3,18,1.0
PRONOSTIA,C2,Bearing2_5,B_mahalanobis,3,18,1.0
PRONOSTIA,C2,Bearing2_5,A_rms_3sigma,3,18,0.95
PRONOSTIA,C2,Bearing2_5,B_mahalanobis,3,18,0.9
PRONOSTIA,C2,Bearing2_5,A_rms_3sigma,3,18,1.0
PRONOSTIA,C2,Bearing2_5,B_mahalanobis,3,18,0.9833333333333333
PRONOSTIA,C2,Bearing2_5,A_rms_3sigma,3,18,1.0
PRONOSTIA,C2,Bearing2_5,B_mahalanobis,3,18,1.0
PRONOSTIA,C2,Bearing2_5,A_rms_3sigma,3,18,0.95
PRONOSTIA,C2,Bearing2_5,B_mahalanobis,3,18,0.8666666666666667
PRONOSTIA,C2,Bearing2_5,A_rms_3sigma,3,18,0.7
PRONOSTIA,C2,Bearing2_5,B_mahalanobis,3,18,0.5333333333333333
PRONOSTIA,C2,Bearing2_5,A_rms_3sigma,3,18,0.03333333333333333
PRONOSTIA,C2,Bearing2_5,B_mahalanobis,3,18,0.7166666666666667
PRONOSTIA,C2,Bearing2_5,A_rms_3sigma,3,18,1.0
PRONOSTIA,C2,Bearing2_5,B_mahalanobis,3,18,1.0
PRONOSTIA,C2,Bearing2_5,A_rms_3sigma,3,18,1.0
PRONOSTIA,C2,Bearing2_5,B_mahalanobis,3,18,1.0
PRONOSTIA,C2,Bearing2_5,A_rms_3sigma,3,18,1.0
PRONOSTIA,C2,Bearing2_5,B_mahalanobis,3,18,0.9166666666666666
PRONOSTIA,C2,Bearing2_5,A_rms_3sigma,3,18,0.9833333333333333
PRONOSTIA,C2,Bearing2_5,B_mahalanobis,3,18,0.9833333333333333
PRONOSTIA,C2,Bearing2_5,A_rms_3sigma,3,18,1.0
PRONOSTIA,C2,Bearing2_5,B_mahalanobis,3,18,1.0
PRONOSTIA,C2,Bearing2_5,A_rms_3sigma,3,18,0.7
PRONOSTIA,C2,Bearing2_5,B_mahalanobis,3,18,0.7333333333333333
PRONOSTIA,C2,Bearing2_5,A_rms_3sigma,3,18,1.0
PRONOSTIA,C2,Bearing2_5,B_mahalanobis,3,18,1.0
PRONOSTIA,C2,Bearing2_5,A_rms_3sigma,3,18,1.0
PRONOSTIA,C2,Bearing2_5,B_mahalanobis,3,18,1.0
PRONOSTIA,C2,Bearing2_5,A_rms_3sigma,3,18,1.0
PRONOSTIA,C2,Bearing2_5,B_mahalanobis,3,18,0.9666666666666667
PRONOSTIA,C2,Bearing2_5,A_rms_3sigma,3,18,1.0
PRONOSTIA,C2,Bearing2_5,B_mahalanobis,3,18,0.9833333333333333
PRONOSTIA,C2,Bearing2_5,A_rms_3sigma,3,18,0.7
PRONOSTIA,C2,Bearing2_5,B_mahalanobis,3,18,0.8166666666666667
PRONOSTIA,C2,Bearing2_5,A_rms_3sigma,3,18,0.7
PRONOSTIA,C2,Bearing2_5,B_mahalanobis,3,18,0.8
PRONOSTIA,C2,Bearing2_5,A_rms_3sigma,3,18,0.7333333333333333
PRONOSTIA,C2,Bearing2_5,B_mahalanobis,3,18,0.31666666666666665
PRONOSTIA,C2,Bearing2_5,A_rms_3sigma,3,18,1.0
PRONOSTIA,C2,Bearing2_5,B_mahalanobis,3,18,1.0
PRONOSTIA,C2,Bearing2_5,A_rms_3sigma,3,18,0.85
PRONOSTIA,C2,Bearing2_5,B_mahalanobis,3,18,0.7666666666666667
PRONOSTIA,C2,Bearing2_5,A_rms_3sigma,3,18,1.0
PRONOSTIA,C2,Bearing2_5,B_mahalanobis,3,18,1.0
PRONOSTIA,C2,Bearing2_5,A_rms_3sigma,3,18,1.0
PRONOSTIA,C2,Bearing2_5,B_mahalanobis,3,18,1.0
PRONOSTIA,C2,Bearing2_5,A_rms_3sigma,3,18,0.95
PRONOSTIA,C2,Bearing2_5,B_mahalanobis,3,18,0.3
PRONOSTIA,C2,Bearing2_5,A_rms_3sigma,3,18,1.0
PRONOSTIA,C2,Bearing2_5,B_mahalanobis,3,18,0.9666666666666667
PRONOSTIA,C2,Bearing2_5,A_rms_3sigma,3,18,0.75
PRONOSTIA,C2,Bearing2_5,B_mahalanobis,3,18,0.9166666666666666
PRONOSTIA,C2,Bearing2_5,A_rms_3sigma,3,18,1.0
PRONOSTIA,C2,Bearing2_5,B_mahalanobis,3,18,1.0
PRONOSTIA,C2,Bearing2_5,A_rms_3sigma,3,18,0.9833333333333333
PRONOSTIA,C2,Bearing2_5,B_mahalanobis,3,18,0.8333333333333334
PRONOSTIA,C2,Bearing2_5,A_rms_3sigma,3,18,1.0
PRONOSTIA,C2,Bearing2_5,B_mahalanobis,3,18,1.0
PRONOSTIA,C2,Bearing2_5,A_rms_3sigma,3,18,1.0
PRONOSTIA,C2,Bearing2_5,B_mahalanobis,3,18,1.0
PRONOSTIA,C2,Bearing2_5,A_rms_3sigma,3,18,1.0
PRONOSTIA,C2,Bearing2_5,B_mahalanobis,3,18,0.9833333333333333
PRONOSTIA,C2,Bearing2_5,A_rms_3sigma,3,18,1.0
PRONOSTIA,C2,Bearing2_5,B_mahalanobis,3,18,0.9833333333333333
PRONOSTIA,C2,Bearing2_5,A_rms_3sigma,3,18,1.0
PRONOSTIA,C2,Bearing2_5,B_mahalanobis,3,18,1.0
PRONOSTIA,C2,Bearing2_5,A_rms_3sigma,3,18,0.9833333333333333
PRONOSTIA,C2,Bearing2_5,B_mahalanobis,3,18,0.6666666666666666
PRONOSTIA,C2,Bearing2_5,A_rms_3sigma,3,18,1.0
PRONOSTIA,C2,Bearing2_5,B_mahalanobis,3,18,1.0
PRONOSTIA,C2,Bearing2_5,A_rms_3sigma,3,18,0.95
PRONOSTIA,C2,Bearing2_5,B_mahalanobis,3,18,0.18333333333333332
PRONOSTIA,C2,Bearing2_5,A_rms_3sigma,3,18,0.7666666666666667
PRONOSTIA,C2,Bearing2_5,B_mahalanobis,3,18,0.8166666666666667
PRONOSTIA,C2,Bearing2_5,A_rms_3sigma,3,18,1.0
PRONOSTIA,C2,Bearing2_5,B_mahalanobis,3,18,1.0
PRONOSTIA,C2,Bearing2_5,A_rms_3sigma,3,18,1.0
PRONOSTIA,C2,Bearing2_5,B_mahalanobis,3,18,1.0
PRONOSTIA,C2,Bearing2_5,A_rms_3sigma,3,18,1.0
PRONOSTIA,C2,Bearing2_5,B_mahalanobis,3,18,1.0
PRONOSTIA,C2,Bearing2_5,A_rms_3sigma,3,18,1.0
PRONOSTIA,C2,Bearing2_5,B_mahalanobis,3,18,1.0
PRONOSTIA,C2,Bearing2_5,A_rms_3sigma,3,18,1.0
PRONOSTIA,C2,Bearing2_5,B_mahalanobis,3,18,1.0
PRONOSTIA,C2,Bearing2_5,A_rms_3sigma,3,18,1.0
PRONOSTIA,C2,Bearing2_5,B_mahalanobis,3,18,1.0
PRONOSTIA,C2,Bearing2_5,A_rms_3sigma,3,18,1.0
PRONOSTIA,C2,Bearing2_5,B_mahalanobis,3,18,0.9833333333333333
PRONOSTIA,C2,Bearing2_5,A_rms_3sigma,3,18,1.0
PRONOSTIA,C2,Bearing2_5,B_mahalanobis,3,18,1.0
PRONOSTIA,C2,Bearing2_5,A_rms_3sigma,3,18,0.6666666666666666
PRONOSTIA,C2,Bearing2_5,B_mahalanobis,3,18,0.75
PRONOSTIA,C2,Bearing2_5,A_rms_3sigma,3,18,1.0
PRONOSTIA,C2,Bearing2_5,B_mahalanobis,3,18,0.9833333333333333
PRONOSTIA,C2,Bearing2_5,A_rms_3sigma,3,18,1.0
PRONOSTIA,C2,Bearing2_5,B_mahalanobis,3,18,1.0
PRONOSTIA,C2,Bearing2_5,A_rms_3sigma,4,20,0.03333333333333333
PRONOSTIA,C2,Bearing2_5,B_mahalanobis,4,20,0.75
PRONOSTIA,C2,Bearing2_5,A_rms_3sigma,4,20,0.7
PRONOSTIA,C2,Bearing2_5,B_mahalanobis,4,20,0.65
PRONOSTIA,C2,Bearing2_5,A_rms_3sigma,4,20,0.9666666666666667
PRONOSTIA,C2,Bearing2_5,B_mahalanobis,4,20,0.9666666666666667
PRONOSTIA,C2,Bearing2_5,A_rms_3sigma,4,20,1.0
PRONOSTIA,C2,Bearing2_5,B_mahalanobis,4,20,1.0
PRONOSTIA,C2,Bearing2_5,A_rms_3sigma,4,20,1.0
PRONOSTIA,C2,Bearing2_5,B_mahalanobis,4,20,1.0
PRONOSTIA,C2,Bearing2_5,A_rms_3sigma,4,20,1.0
PRONOSTIA,C2,Bearing2_5,B_mahalanobis,4,20,1.0
PRONOSTIA,C2,Bearing2_5,A_rms_3sigma,4,20,0.95
PRONOSTIA,C2,Bearing2_5,B_mahalanobis,4,20,0.95
PRONOSTIA,C2,Bearing2_5,A_rms_3sigma,4,20,1.0
PRONOSTIA,C2,Bearing2_5,B_mahalanobis,4,20,0.9166666666666666
PRONOSTIA,C2,Bearing2_5,A_rms_3sigma,4,20,0.95
PRONOSTIA,C2,Bearing2_5,B_mahalanobis,4,20,0.36666666666666664
PRONOSTIA,C2,Bearing2_5,A_rms_3sigma,4,20,0.9666666666666667
PRONOSTIA,C2,Bearing2_5,B_mahalanobis,4,20,0.9166666666666666
PRONOSTIA,C2,Bearing2_5,A_rms_3sigma,4,20,0.7
PRONOSTIA,C2,Bearing2_5,B_mahalanobis,4,20,0.26666666666666666
PRONOSTIA,C2,Bearing2_5,A_rms_3sigma,4,20,0.8666666666666667
PRONOSTIA,C2,Bearing2_5,B_mahalanobis,4,20,0.8333333333333334
PRONOSTIA,C2,Bearing2_5,A_rms_3sigma,4,20,1.0
PRONOSTIA,C2,Bearing2_5,B_mahalanobis,4,20,0.9833333333333333
PRONOSTIA,C2,Bearing2_5,A_rms_3sigma,4,20,1.0
PRONOSTIA,C2,Bearing2_5,B_mahalanobis,4,20,0.9833333333333333
PRONOSTIA,C2,Bearing2_5,A_rms_3sigma,4,20,0.7333333333333333
PRONOSTIA,C2,Bearing2_5,B_mahalanobis,4,20,0.7166666666666667
PRONOSTIA,C2,Bearing2_5,A_rms_3sigma,4,20,1.0
PRONOSTIA,C2,Bearing2_5,B_mahalanobis,4,20,1.0
PRONOSTIA,C2,Bearing2_5,A_rms_3sigma,4,20,1.0
PRONOSTIA,C2,Bearing2_5,B_mahalanobis,4,20,1.0
PRONOSTIA,C2,Bearing2_5,A_rms_3sigma,4,20,1.0
PRONOSTIA,C2,Bearing2_5,B_mahalanobis,4,20,1.0
PRONOSTIA,C2,Bearing2_5,A_rms_3sigma,4,20,1.0
PRONOSTIA,C2,Bearing2_5,B_mahalanobis,4,20,0.9833333333333333
PRONOSTIA,C2,Bearing2_5,A_rms_3sigma,4,20,0.9
PRONOSTIA,C2,Bearing2_5,B_mahalanobis,4,20,0.9666666666666667
PRONOSTIA,C2,Bearing2_5,A_rms_3sigma,4,20,1.0
PRONOSTIA,C2,Bearing2_5,B_mahalanobis,4,20,0.9833333333333333
PRONOSTIA,C2,Bearing2_5,A_rms_3sigma,4,20,0.03333333333333333
PRONOSTIA,C2,Bearing2_5,B_mahalanobis,4,20,0.65
PRONOSTIA,C2,Bearing2_5,A_rms_3sigma,4,20,1.0
PRONOSTIA,C2,Bearing2_5,B_mahalanobis,4,20,0.8666666666666667
PRONOSTIA,C2,Bearing2_5,A_rms_3sigma,4,20,1.0
PRONOSTIA,C2,Bearing2_5,B_mahalanobis,4,20,1.0
PRONOSTIA,C2,Bearing2_5,A_rms_3sigma,4,20,0.8
PRONOSTIA,C2,Bearing2_5,B_mahalanobis,4,20,0.8166666666666667
PRONOSTIA,C2,Bearing2_5,A_rms_3sigma,4,20,1.0
PRONOSTIA,C2,Bearing2_5,B_mahalanobis,4,20,0.9833333333333333
PRONOSTIA,C2,Bearing2_5,A_rms_3sigma,4,20,0.9833333333333333
PRONOSTIA,C2,Bearing2_5,B_mahalanobis,4,20,0.8666666666666667
PRONOSTIA,C2,Bearing2_5,A_rms_3sigma,4,20,0.03333333333333333
PRONOSTIA,C2,Bearing2_5,B_mahalanobis,4,20,0.65
PRONOSTIA,C2,Bearing2_5,A_rms_3sigma,4,20,0.03333333333333333
PRONOSTIA,C2,Bearing2_5,B_mahalanobis,4,20,0.8333333333333334
PRONOSTIA,C2,Bearing2_5,A_rms_3sigma,4,20,0.7666666666666667
PRONOSTIA,C2,Bearing2_5,B_mahalanobis,4,20,0.85
PRONOSTIA,C2,Bearing2_5,A_rms_3sigma,4,20,1.0
PRONOSTIA,C2,Bearing2_5,B_mahalanobis,4,20,0.9833333333333333
PRONOSTIA,C2,Bearing2_5,A_rms_3sigma,4,20,0.7666666666666667
PRONOSTIA,C2,Bearing2_5,B_mahalanobis,4,20,0.5166666666666667
PRONOSTIA,C2,Bearing2_5,A_rms_3sigma,4,20,0.03333333333333333
PRONOSTIA,C2,Bearing2_5,B_mahalanobis,4,20,0.36666666666666664
PRONOSTIA,C2,Bearing2_5,A_rms_3sigma,4,20,0.85
PRONOSTIA,C2,Bearing2_5,B_mahalanobis,4,20,0.31666666666666665
PRONOSTIA,C2,Bearing2_5,A_rms_3sigma,4,20,0.9833333333333333
PRONOSTIA,C2,Bearing2_5,B_mahalanobis,4,20,0.9833333333333333
PRONOSTIA,C2,Bearing2_5,A_rms_3sigma,4,20,0.7666666666666667
PRONOSTIA,C2,Bearing2_5,B_mahalanobis,4,20,0.7833333333333333
PRONOSTIA,C2,Bearing2_5,A_rms_3sigma,4,20,1.0
PRONOSTIA,C2,Bearing2_5,B_mahalanobis,4,20,0.8166666666666667
PRONOSTIA,C2,Bearing2_5,A_rms_3sigma,4,20,1.0
PRONOSTIA,C2,Bearing2_5,B_mahalanobis,4,20,0.9833333333333333
PRONOSTIA,C2,Bearing2_5,A_rms_3sigma,4,20,0.03333333333333333
PRONOSTIA,C2,Bearing2_5,B_mahalanobis,4,20,0.5166666666666667
PRONOSTIA,C2,Bearing2_5,A_rms_3sigma,4,20,0.03333333333333333
PRONOSTIA,C2,Bearing2_5,B_mahalanobis,4,20,0.75
PRONOSTIA,C2,Bearing2_5,A_rms_3sigma,4,20,0.03333333333333333
PRONOSTIA,C2,Bearing2_5,B_mahalanobis,4,20,0.4166666666666667
PRONOSTIA,C2,Bearing2_5,A_rms_3sigma,4,20,0.9666666666666667
PRONOSTIA,C2,Bearing2_5,B_mahalanobis,4,20,0.7333333333333333
PRONOSTIA,C2,Bearing2_5,A_rms_3sigma,4,20,1.0
PRONOSTIA,C2,Bearing2_5,B_mahalanobis,4,20,1.0
PRONOSTIA,C2,Bearing2_5,A_rms_3sigma,4,20,1.0
PRONOSTIA,C2,Bearing2_5,B_mahalanobis,4,20,1.0
PRONOSTIA,C2,Bearing2_5,A_rms_3sigma,4,20,0.9833333333333333
PRONOSTIA,C2,Bearing2_5,B_mahalanobis,4,20,0.8166666666666667
PRONOSTIA,C2,Bearing2_5,A_rms_3sigma,4,20,1.0
PRONOSTIA,C2,Bearing2_5,B_mahalanobis,4,20,1.0
PRONOSTIA,C2,Bearing2_5,A_rms_3sigma,4,20,0.8833333333333333
PRONOSTIA,C2,Bearing2_5,B_mahalanobis,4,20,0.9666666666666667
PRONOSTIA,C2,Bearing2_5,A_rms_3sigma,4,20,0.75
PRONOSTIA,C2,Bearing2_5,B_mahalanobis,4,20,0.5833333333333334
PRONOSTIA,C2,Bearing2_5,A_rms_3sigma,4,20,0.9333333333333333
PRONOSTIA,C2,Bearing2_5,B_mahalanobis,4,20,1.0
PRONOSTIA,C2,Bearing2_5,A_rms_3sigma,4,20,1.0
PRONOSTIA,C2,Bearing2_5,B_mahalanobis,4,20,0.9833333333333333
PRONOSTIA,C2,Bearing2_6,A_rms_3sigma,1,20,0.0
PRONOSTIA,C2,Bearing2_6,B_mahalanobis,1,20,1.0
PRONOSTIA,C2,Bearing2_6,A_rms_3sigma,1,20,0.0
PRONOSTIA,C2,Bearing2_6,B_mahalanobis,1,20,0.95
PRONOSTIA,C2,Bearing2_6,A_rms_3sigma,1,20,0.0
PRONOSTIA,C2,Bearing2_6,B_mahalanobis,1,20,0.9666666666666667
PRONOSTIA,C2,Bearing2_6,A_rms_3sigma,1,20,0.0
PRONOSTIA,C2,Bearing2_6,B_mahalanobis,1,20,0.9666666666666667
PRONOSTIA,C2,Bearing2_6,A_rms_3sigma,1,20,0.0
PRONOSTIA,C2,Bearing2_6,B_mahalanobis,1,20,1.0
PRONOSTIA,C2,Bearing2_6,A_rms_3sigma,1,20,0.0
PRONOSTIA,C2,Bearing2_6,B_mahalanobis,1,20,1.0
PRONOSTIA,C2,Bearing2_6,A_rms_3sigma,1,20,0.0
PRONOSTIA,C2,Bearing2_6,B_mahalanobis,1,20,0.8
PRONOSTIA,C2,Bearing2_6,A_rms_3sigma,1,20,0.0
PRONOSTIA,C2,Bearing2_6,B_mahalanobis,1,20,1.0
PRONOSTIA,C2,Bearing2_6,A_rms_3sigma,1,20,0.0
PRONOSTIA,C2,Bearing2_6,B_mahalanobis,1,20,0.95
PRONOSTIA,C2,Bearing2_6,A_rms_3sigma,1,20,0.0
PRONOSTIA,C2,Bearing2_6,B_mahalanobis,1,20,0.9833333333333333
PRONOSTIA,C2,Bearing2_6,A_rms_3sigma,1,20,0.0
PRONOSTIA,C2,Bearing2_6,B_mahalanobis,1,20,0.5833333333333334
PRONOSTIA,C2,Bearing2_6,A_rms_3sigma,1,20,0.0
PRONOSTIA,C2,Bearing2_6,B_mahalanobis,1,20,1.0
PRONOSTIA,C2,Bearing2_6,A_rms_3sigma,1,20,0.0
PRONOSTIA,C2,Bearing2_6,B_mahalanobis,1,20,0.9833333333333333
PRONOSTIA,C2,Bearing2_6,A_rms_3sigma,1,20,0.0
PRONOSTIA,C2,Bearing2_6,B_mahalanobis,1,20,1.0
PRONOSTIA,C2,Bearing2_6,A_rms_3sigma,1,20,0.0
PRONOSTIA,C2,Bearing2_6,B_mahalanobis,1,20,0.9666666666666667
PRONOSTIA,C2,Bearing2_6,A_rms_3sigma,1,20,0.0
PRONOSTIA,C2,Bearing2_6,B_mahalanobis,1,20,0.16666666666666666
PRONOSTIA,C2,Bearing2_6,A_rms_3sigma,1,20,0.0
PRONOSTIA,C2,Bearing2_6,B_mahalanobis,1,20,0.95
PRONOSTIA,C2,Bearing2_6,A_rms_3sigma,1,20,0.0
PRONOSTIA,C2,Bearing2_6,B_mahalanobis,1,20,1.0
PRONOSTIA,C2,Bearing2_6,A_rms_3sigma,1,20,0.0
PRONOSTIA,C2,Bearing2_6,B_mahalanobis,1,20,0.8666666666666667
PRONOSTIA,C2,Bearing2_6,A_rms_3sigma,1,20,0.0
PRONOSTIA,C2,Bearing2_6,B_mahalanobis,1,20,0.9166666666666666
PRONOSTIA,C2,Bearing2_6,A_rms_3sigma,1,20,0.0
PRONOSTIA,C2,Bearing2_6,B_mahalanobis,1,20,0.9333333333333333
PRONOSTIA,C2,Bearing2_6,A_rms_3sigma,1,20,0.0
PRONOSTIA,C2,Bearing2_6,B_mahalanobis,1,20,0.95
PRONOSTIA,C2,Bearing2_6,A_rms_3sigma,1,20,0.0
PRONOSTIA,C2,Bearing2_6,B_mahalanobis,1,20,1.0
PRONOSTIA,C2,Bearing2_6,A_rms_3sigma,1,20,0.0
PRONOSTIA,C2,Bearing2_6,B_mahalanobis,1,20,0.9666666666666667
PRONOSTIA,C2,Bearing2_6,A_rms_3sigma,1,20,0.0
PRONOSTIA,C2,Bearing2_6,B_mahalanobis,1,20,0.06666666666666667
PRONOSTIA,C2,Bearing2_6,A_rms_3sigma,1,20,0.0
PRONOSTIA,C2,Bearing2_6,B_mahalanobis,1,20,1.0
PRONOSTIA,C2,Bearing2_6,A_rms_3sigma,1,20,0.0
PRONOSTIA,C2,Bearing2_6,B_mahalanobis,1,20,1.0
PRONOSTIA,C2,Bearing2_6,A_rms_3sigma,1,20,0.0
PRONOSTIA,C2,Bearing2_6,B_mahalanobis,1,20,0.9666666666666667
PRONOSTIA,C2,Bearing2_6,A_rms_3sigma,1,20,0.0
PRONOSTIA,C2,Bearing2_6,B_mahalanobis,1,20,1.0
PRONOSTIA,C2,Bearing2_6,A_rms_3sigma,1,20,0.0
PRONOSTIA,C2,Bearing2_6,B_mahalanobis,1,20,1.0
PRONOSTIA,C2,Bearing2_6,A_rms_3sigma,1,20,0.0
PRONOSTIA,C2,Bearing2_6,B_mahalanobis,1,20,0.9333333333333333
PRONOSTIA,C2,Bearing2_6,A_rms_3sigma,1,20,0.0
PRONOSTIA,C2,Bearing2_6,B_mahalanobis,1,20,0.9833333333333333
PRONOSTIA,C2,Bearing2_6,A_rms_3sigma,1,20,0.0
PRONOSTIA,C2,Bearing2_6,B_mahalanobis,1,20,0.9333333333333333
PRONOSTIA,C2,Bearing2_6,A_rms_3sigma,1,20,0.0
PRONOSTIA,C2,Bearing2_6,B_mahalanobis,1,20,1.0
PRONOSTIA,C2,Bearing2_6,A_rms_3sigma,1,20,0.0
PRONOSTIA,C2,Bearing2_6,B_mahalanobis,1,20,0.9833333333333333
PRONOSTIA,C2,Bearing2_6,A_rms_3sigma,1,20,0.0
PRONOSTIA,C2,Bearing2_6,B_mahalanobis,1,20,0.9833333333333333
PRONOSTIA,C2,Bearing2_6,A_rms_3sigma,1,20,0.0
PRONOSTIA,C2,Bearing2_6,B_mahalanobis,1,20,1.0
PRONOSTIA,C2,Bearing2_6,A_rms_3sigma,1,20,0.0
PRONOSTIA,C2,Bearing2_6,B_mahalanobis,1,20,0.9666666666666667
PRONOSTIA,C2,Bearing2_6,A_rms_3sigma,1,20,0.0
PRONOSTIA,C2,Bearing2_6,B_mahalanobis,1,20,0.15
PRONOSTIA,C2,Bearing2_6,A_rms_3sigma,1,20,0.0
PRONOSTIA,C2,Bearing2_6,B_mahalanobis,1,20,1.0
PRONOSTIA,C2,Bearing2_6,A_rms_3sigma,1,20,0.0
PRONOSTIA,C2,Bearing2_6,B_mahalanobis,1,20,0.9833333333333333
PRONOSTIA,C2,Bearing2_6,A_rms_3sigma,1,20,0.0
PRONOSTIA,C2,Bearing2_6,B_mahalanobis,1,20,0.9166666666666666
PRONOSTIA,C2,Bearing2_6,A_rms_3sigma,1,20,0.0
PRONOSTIA,C2,Bearing2_6,B_mahalanobis,1,20,0.9666666666666667
PRONOSTIA,C2,Bearing2_6,A_rms_3sigma,1,20,0.0
PRONOSTIA,C2,Bearing2_6,B_mahalanobis,1,20,0.9666666666666667
PRONOSTIA,C2,Bearing2_6,A_rms_3sigma,1,20,0.0
PRONOSTIA,C2,Bearing2_6,B_mahalanobis,1,20,0.9
PRONOSTIA,C2,Bearing2_6,A_rms_3sigma,1,20,0.0
PRONOSTIA,C2,Bearing2_6,B_mahalanobis,1,20,1.0
PRONOSTIA,C2,Bearing2_6,A_rms_3sigma,1,20,0.0
PRONOSTIA,C2,Bearing2_6,B_mahalanobis,1,20,1.0
PRONOSTIA,C2,Bearing2_6,A_rms_3sigma,1,20,0.0
PRONOSTIA,C2,Bearing2_6,B_mahalanobis,1,20,0.9666666666666667
PRONOSTIA,C2,Bearing2_6,A_rms_3sigma,1,20,0.0
PRONOSTIA,C2,Bearing2_6,B_mahalanobis,1,20,0.5833333333333334
PRONOSTIA,C2,Bearing2_6,A_rms_3sigma,1,20,0.0
PRONOSTIA,C2,Bearing2_6,B_mahalanobis,1,20,0.95
PRONOSTIA,C2,Bearing2_6,A_rms_3sigma,2,20,0.0
PRONOSTIA,C2,Bearing2_6,B_mahalanobis,2,20,0.05
PRONOSTIA,C2,Bearing2_6,A_rms_3sigma,2,20,0.0
PRONOSTIA,C2,Bearing2_6,B_mahalanobis,2,20,0.2
PRONOSTIA,C2,Bearing2_6,A_rms_3sigma,2,20,0.0
PRONOSTIA,C2,Bearing2_6,B_mahalanobis,2,20,0.06666666666666667
PRONOSTIA,C2,Bearing2_6,A_rms_3sigma,2,20,0.0
PRONOSTIA,C2,Bearing2_6,B_mahalanobis,2,20,0.85
PRONOSTIA,C2,Bearing2_6,A_rms_3sigma,2,20,0.0
PRONOSTIA,C2,Bearing2_6,B_mahalanobis,2,20,0.95
PRONOSTIA,C2,Bearing2_6,A_rms_3sigma,2,20,0.0
PRONOSTIA,C2,Bearing2_6,B_mahalanobis,2,20,0.95
PRONOSTIA,C2,Bearing2_6,A_rms_3sigma,2,20,0.0
PRONOSTIA,C2,Bearing2_6,B_mahalanobis,2,20,1.0
PRONOSTIA,C2,Bearing2_6,A_rms_3sigma,2,20,0.0
PRONOSTIA,C2,Bearing2_6,B_mahalanobis,2,20,0.9833333333333333
PRONOSTIA,C2,Bearing2_6,A_rms_3sigma,2,20,0.0
PRONOSTIA,C2,Bearing2_6,B_mahalanobis,2,20,0.8166666666666667
PRONOSTIA,C2,Bearing2_6,A_rms_3sigma,2,20,0.0
PRONOSTIA,C2,Bearing2_6,B_mahalanobis,2,20,1.0
PRONOSTIA,C2,Bearing2_6,A_rms_3sigma,2,20,0.0
PRONOSTIA,C2,Bearing2_6,B_mahalanobis,2,20,0.11666666666666667
PRONOSTIA,C2,Bearing2_6,A_rms_3sigma,2,20,0.0
PRONOSTIA,C2,Bearing2_6,B_mahalanobis,2,20,1.0
PRONOSTIA,C2,Bearing2_6,A_rms_3sigma,2,20,0.0
PRONOSTIA,C2,Bearing2_6,B_mahalanobis,2,20,1.0
PRONOSTIA,C2,Bearing2_6,A_rms_3sigma,2,20,0.0
PRONOSTIA,C2,Bearing2_6,B_mahalanobis,2,20,0.03333333333333333
PRONOSTIA,C2,Bearing2_6,A_rms_3sigma,2,20,0.0
PRONOSTIA,C2,Bearing2_6,B_mahalanobis,2,20,0.9333333333333333
PRONOSTIA,C2,Bearing2_6,A_rms_3sigma,2,20,0.0
PRONOSTIA,C2,Bearing2_6,B_mahalanobis,2,20,0.5666666666666667
PRONOSTIA,C2,Bearing2_6,A_rms_3sigma,2,20,0.0
PRONOSTIA,C2,Bearing2_6,B_mahalanobis,2,20,1.0
PRONOSTIA,C2,Bearing2_6,A_rms_3sigma,2,20,0.0
PRONOSTIA,C2,Bearing2_6,B_mahalanobis,2,20,0.13333333333333333
PRONOSTIA,C2,Bearing2_6,A_rms_3sigma,2,20,0.0
PRONOSTIA,C2,Bearing2_6,B_mahalanobis,2,20,0.9333333333333333
PRONOSTIA,C2,Bearing2_6,A_rms_3sigma,2,20,0.0
PRONOSTIA,C2,Bearing2_6,B_mahalanobis,2,20,0.95
PRONOSTIA,C2,Bearing2_6,A_rms_3sigma,2,20,0.0
PRONOSTIA,C2,Bearing2_6,B_mahalanobis,2,20,0.9333333333333333
PRONOSTIA,C2,Bearing2_6,A_rms_3sigma,2,20,0.0
PRONOSTIA,C2,Bearing2_6,B_mahalanobis,2,20,0.5
PRONOSTIA,C2,Bearing2_6,A_rms_3sigma,2,20,0.0
PRONOSTIA,C2,Bearing2_6,B_mahalanobis,2,20,0.05
PRONOSTIA,C2,Bearing2_6,A_rms_3sigma,2,20,0.0
PRONOSTIA,C2,Bearing2_6,B_mahalanobis,2,20,0.9166666666666666
PRONOSTIA,C2,Bearing2_6,A_rms_3sigma,2,20,0.0
PRONOSTIA,C2,Bearing2_6,B_mahalanobis,2,20,0.7333333333333333
PRONOSTIA,C2,Bearing2_6,A_rms_3sigma,2,20,0.0
PRONOSTIA,C2,Bearing2_6,B_mahalanobis,2,20,0.8166666666666667
PRONOSTIA,C2,Bearing2_6,A_rms_3sigma,2,20,0.0
PRONOSTIA,C2,Bearing2_6,B_mahalanobis,2,20,0.016666666666666666
PRONOSTIA,C2,Bearing2_6,A_rms_3sigma,2,20,0.0
PRONOSTIA,C2,Bearing2_6,B_mahalanobis,2,20,0.03333333333333333
PRONOSTIA,C2,Bearing2_6,A_rms_3sigma,2,20,0.0
PRONOSTIA,C2,Bearing2_6,B_mahalanobis,2,20,0.06666666666666667
PRONOSTIA,C2,Bearing2_6,A_rms_3sigma,2,20,0.0
PRONOSTIA,C2,Bearing2_6,B_mahalanobis,2,20,0.8833333333333333
PRONOSTIA,C2,Bearing2_6,A_rms_3sigma,2,20,0.0
PRONOSTIA,C2,Bearing2_6,B_mahalanobis,2,20,0.0
PRONOSTIA,C2,Bearing2_6,A_rms_3sigma,2,20,0.0
PRONOSTIA,C2,Bearing2_6,B_mahalanobis,2,20,0.95
PRONOSTIA,C2,Bearing2_6,A_rms_3sigma,2,20,0.0
PRONOSTIA,C2,Bearing2_6,B_mahalanobis,2,20,0.4166666666666667
PRONOSTIA,C2,Bearing2_6,A_rms_3sigma,2,20,0.0
PRONOSTIA,C2,Bearing2_6,B_mahalanobis,2,20,0.9166666666666666
PRONOSTIA,C2,Bearing2_6,A_rms_3sigma,2,20,0.0
PRONOSTIA,C2,Bearing2_6,B_mahalanobis,2,20,0.85
PRONOSTIA,C2,Bearing2_6,A_rms_3sigma,2,20,0.0
PRONOSTIA,C2,Bearing2_6,B_mahalanobis,2,20,0.8666666666666667
PRONOSTIA,C2,Bearing2_6,A_rms_3sigma,2,20,0.0
PRONOSTIA,C2,Bearing2_6,B_mahalanobis,2,20,0.95
PRONOSTIA,C2,Bearing2_6,A_rms_3sigma,2,20,0.0
PRONOSTIA,C2,Bearing2_6,B_mahalanobis,2,20,0.8
PRONOSTIA,C2,Bearing2_6,A_rms_3sigma,2,20,0.0
PRONOSTIA,C2,Bearing2_6,B_mahalanobis,2,20,0.016666666666666666
PRONOSTIA,C2,Bearing2_6,A_rms_3sigma,2,20,0.0
PRONOSTIA,C2,Bearing2_6,B_mahalanobis,2,20,1.0
PRONOSTIA,C2,Bearing2_6,A_rms_3sigma,2,20,0.0
PRONOSTIA,C2,Bearing2_6,B_mahalanobis,2,20,0.2
PRONOSTIA,C2,Bearing2_6,A_rms_3sigma,2,20,0.0
PRONOSTIA,C2,Bearing2_6,B_mahalanobis,2,20,0.0
PRONOSTIA,C2,Bearing2_6,A_rms_3sigma,2,20,0.0
PRONOSTIA,C2,Bearing2_6,B_mahalanobis,2,20,1.0
PRONOSTIA,C2,Bearing2_6,A_rms_3sigma,2,20,0.0
PRONOSTIA,C2,Bearing2_6,B_mahalanobis,2,20,0.08333333333333333
PRONOSTIA,C2,Bearing2_6,A_rms_3sigma,2,20,0.0
PRONOSTIA,C2,Bearing2_6,B_mahalanobis,2,20,0.0
PRONOSTIA,C2,Bearing2_6,A_rms_3sigma,2,20,0.0
PRONOSTIA,C2,Bearing2_6,B_mahalanobis,2,20,0.26666666666666666
PRONOSTIA,C2,Bearing2_6,A_rms_3sigma,2,20,0.0
PRONOSTIA,C2,Bearing2_6,B_mahalanobis,2,20,1.0
PRONOSTIA,C2,Bearing2_6,A_rms_3sigma,2,20,0.0
PRONOSTIA,C2,Bearing2_6,B_mahalanobis,2,20,0.26666666666666666
PRONOSTIA,C2,Bearing2_6,A_rms_3sigma,2,20,0.0
PRONOSTIA,C2,Bearing2_6,B_mahalanobis,2,20,0.6666666666666666
PRONOSTIA,C2,Bearing2_6,A_rms_3sigma,2,20,0.0
PRONOSTIA,C2,Bearing2_6,B_mahalanobis,2,20,0.016666666666666666
PRONOSTIA,C2,Bearing2_6,A_rms_3sigma,3,18,0.0
PRONOSTIA,C2,Bearing2_6,B_mahalanobis,3,18,0.18333333333333332
PRONOSTIA,C2,Bearing2_6,A_rms_3sigma,3,18,0.0
PRONOSTIA,C2,Bearing2_6,B_mahalanobis,3,18,0.03333333333333333
PRONOSTIA,C2,Bearing2_6,A_rms_3sigma,3,18,0.0
PRONOSTIA,C2,Bearing2_6,B_mahalanobis,3,18,0.38333333333333336
PRONOSTIA,C2,Bearing2_6,A_rms_3sigma,3,18,0.0
PRONOSTIA,C2,Bearing2_6,B_mahalanobis,3,18,0.5333333333333333
PRONOSTIA,C2,Bearing2_6,A_rms_3sigma,3,18,0.0
PRONOSTIA,C2,Bearing2_6,B_mahalanobis,3,18,0.15
PRONOSTIA,C2,Bearing2_6,A_rms_3sigma,3,18,0.0
PRONOSTIA,C2,Bearing2_6,B_mahalanobis,3,18,0.016666666666666666
PRONOSTIA,C2,Bearing2_6,A_rms_3sigma,3,18,0.0
PRONOSTIA,C2,Bearing2_6,B_mahalanobis,3,18,0.016666666666666666
PRONOSTIA,C2,Bearing2_6,A_rms_3sigma,3,18,0.0
PRONOSTIA,C2,Bearing2_6,B_mahalanobis,3,18,0.3
PRONOSTIA,C2,Bearing2_6,A_rms_3sigma,3,18,0.0
PRONOSTIA,C2,Bearing2_6,B_mahalanobis,3,18,0.0
PRONOSTIA,C2,Bearing2_6,A_rms_3sigma,3,18,0.0
PRONOSTIA,C2,Bearing2_6,B_mahalanobis,3,18,0.85
PRONOSTIA,C2,Bearing2_6,A_rms_3sigma,3,18,0.0
PRONOSTIA,C2,Bearing2_6,B_mahalanobis,3,18,0.0
PRONOSTIA,C2,Bearing2_6,A_rms_3sigma,3,18,0.0
PRONOSTIA,C2,Bearing2_6,B_mahalanobis,3,18,0.06666666666666667
PRONOSTIA,C2,Bearing2_6,A_rms_3sigma,3,18,0.0
PRONOSTIA,C2,Bearing2_6,B_mahalanobis,3,18,0.9666666666666667
PRONOSTIA,C2,Bearing2_6,A_rms_3sigma,3,18,0.0
PRONOSTIA,C2,Bearing2_6,B_mahalanobis,3,18,0.48333333333333334
PRONOSTIA,C2,Bearing2_6,A_rms_3sigma,3,18,0.0
PRONOSTIA,C2,Bearing2_6,B_mahalanobis,3,18,0.0
PRONOSTIA,C2,Bearing2_6,A_rms_3sigma,3,18,0.0
PRONOSTIA,C2,Bearing2_6,B_mahalanobis,3,18,0.03333333333333333
PRONOSTIA,C2,Bearing2_6,A_rms_3sigma,3,18,0.0
PRONOSTIA,C2,Bearing2_6,B_mahalanobis,3,18,0.08333333333333333
PRONOSTIA,C2,Bearing2_6,A_rms_3sigma,3,18,0.0
PRONOSTIA,C2,Bearing2_6,B_mahalanobis,3,18,0.0
PRONOSTIA,C2,Bearing2_6,A_rms_3sigma,3,18,0.0
PRONOSTIA,C2,Bearing2_6,B_mahalanobis,3,18,1.0
PRONOSTIA,C2,Bearing2_6,A_rms_3sigma,3,18,0.0
PRONOSTIA,C2,Bearing2_6,B_mahalanobis,3,18,0.06666666666666667
PRONOSTIA,C2,Bearing2_6,A_rms_3sigma,3,18,0.0
PRONOSTIA,C2,Bearing2_6,B_mahalanobis,3,18,0.0
PRONOSTIA,C2,Bearing2_6,A_rms_3sigma,3,18,0.0
PRONOSTIA,C2,Bearing2_6,B_mahalanobis,3,18,0.15
PRONOSTIA,C2,Bearing2_6,A_rms_3sigma,3,18,0.0
PRONOSTIA,C2,Bearing2_6,B_mahalanobis,3,18,0.0
PRONOSTIA,C2,Bearing2_6,A_rms_3sigma,3,18,0.0
PRONOSTIA,C2,Bearing2_6,B_mahalanobis,3,18,0.03333333333333333
PRONOSTIA,C2,Bearing2_6,A_rms_3sigma,3,18,0.0
PRONOSTIA,C2,Bearing2_6,B_mahalanobis,3,18,0.8833333333333333
PRONOSTIA,C2,Bearing2_6,A_rms_3sigma,3,18,0.0
PRONOSTIA,C2,Bearing2_6,B_mahalanobis,3,18,0.5666666666666667
PRONOSTIA,C2,Bearing2_6,A_rms_3sigma,3,18,0.0
PRONOSTIA,C2,Bearing2_6,B_mahalanobis,3,18,0.9333333333333333
PRONOSTIA,C2,Bearing2_6,A_rms_3sigma,3,18,0.0
PRONOSTIA,C2,Bearing2_6,B_mahalanobis,3,18,0.18333333333333332
PRONOSTIA,C2,Bearing2_6,A_rms_3sigma,3,18,0.0
PRONOSTIA,C2,Bearing2_6,B_mahalanobis,3,18,0.016666666666666666
PRONOSTIA,C2,Bearing2_6,A_rms_3sigma,3,18,0.0
PRONOSTIA,C2,Bearing2_6,B_mahalanobis,3,18,0.0
PRONOSTIA,C2,Bearing2_6,A_rms_3sigma,3,18,0.0
PRONOSTIA,C2,Bearing2_6,B_mahalanobis,3,18,0.9666666666666667
PRONOSTIA,C2,Bearing2_6,A_rms_3sigma,3,18,0.0
PRONOSTIA,C2,Bearing2_6,B_mahalanobis,3,18,0.8166666666666667
PRONOSTIA,C2,Bearing2_6,A_rms_3sigma,3,18,0.0
PRONOSTIA,C2,Bearing2_6,B_mahalanobis,3,18,0.03333333333333333
PRONOSTIA,C2,Bearing2_6,A_rms_3sigma,3,18,0.0
PRONOSTIA,C2,Bearing2_6,B_mahalanobis,3,18,0.016666666666666666
PRONOSTIA,C2,Bearing2_6,A_rms_3sigma,3,18,0.0
PRONOSTIA,C2,Bearing2_6,B_mahalanobis,3,18,0.03333333333333333
PRONOSTIA,C2,Bearing2_6,A_rms_3sigma,3,18,0.0
PRONOSTIA,C2,Bearing2_6,B_mahalanobis,3,18,0.21666666666666667
PRONOSTIA,C2,Bearing2_6,A_rms_3sigma,3,18,0.0
PRONOSTIA,C2,Bearing2_6,B_mahalanobis,3,18,0.1
PRONOSTIA,C2,Bearing2_6,A_rms_3sigma,3,18,0.0
PRONOSTIA,C2,Bearing2_6,B_mahalanobis,3,18,0.9666666666666667
PRONOSTIA,C2,Bearing2_6,A_rms_3sigma,3,18,0.0
PRONOSTIA,C2,Bearing2_6,B_mahalanobis,3,18,0.016666666666666666
PRONOSTIA,C2,Bearing2_6,A_rms_3sigma,3,18,0.0
PRONOSTIA,C2,Bearing2_6,B_mahalanobis,3,18,0.16666666666666666
PRONOSTIA,C2,Bearing2_6,A_rms_3sigma,3,18,0.0
PRONOSTIA,C2,Bearing2_6,B_mahalanobis,3,18,0.13333333333333333
PRONOSTIA,C2,Bearing2_6,A_rms_3sigma,3,18,0.0
PRONOSTIA,C2,Bearing2_6,B_mahalanobis,3,18,0.48333333333333334
PRONOSTIA,C2,Bearing2_6,A_rms_3sigma,3,18,0.0
PRONOSTIA,C2,Bearing2_6,B_mahalanobis,3,18,0.016666666666666666
PRONOSTIA,C2,Bearing2_6,A_rms_3sigma,3,18,0.0
PRONOSTIA,C2,Bearing2_6,B_mahalanobis,3,18,0.6166666666666667
PRONOSTIA,C2,Bearing2_6,A_rms_3sigma,3,18,0.0
PRONOSTIA,C2,Bearing2_6,B_mahalanobis,3,18,0.0
PRONOSTIA,C2,Bearing2_6,A_rms_3sigma,3,18,0.0
PRONOSTIA,C2,Bearing2_6,B_mahalanobis,3,18,0.03333333333333333
PRONOSTIA,C2,Bearing2_6,A_rms_3sigma,3,18,0.0
PRONOSTIA,C2,Bearing2_6,B_mahalanobis,3,18,0.05
PRONOSTIA,C2,Bearing2_6,A_rms_3sigma,3,18,0.0
PRONOSTIA,C2,Bearing2_6,B_mahalanobis,3,18,0.06666666666666667
PRONOSTIA,C2,Bearing2_6,A_rms_3sigma,3,18,0.0
PRONOSTIA,C2,Bearing2_6,B_mahalanobis,3,18,0.8333333333333334
PRONOSTIA,C2,Bearing2_6,A_rms_3sigma,3,18,0.0
PRONOSTIA,C2,Bearing2_6,B_mahalanobis,3,18,1.0
PRONOSTIA,C2,Bearing2_6,A_rms_3sigma,4,20,0.0
PRONOSTIA,C2,Bearing2_6,B_mahalanobis,4,20,0.0
PRONOSTIA,C2,Bearing2_6,A_rms_3sigma,4,20,0.0
PRONOSTIA,C2,Bearing2_6,B_mahalanobis,4,20,0.0
PRONOSTIA,C2,Bearing2_6,A_rms_3sigma,4,20,0.0
PRONOSTIA,C2,Bearing2_6,B_mahalanobis,4,20,0.1
PRONOSTIA,C2,Bearing2_6,A_rms_3sigma,4,20,0.0
PRONOSTIA,C2,Bearing2_6,B_mahalanobis,4,20,0.6166666666666667
PRONOSTIA,C2,Bearing2_6,A_rms_3sigma,4,20,0.0
PRONOSTIA,C2,Bearing2_6,B_mahalanobis,4,20,0.016666666666666666
PRONOSTIA,C2,Bearing2_6,A_rms_3sigma,4,20,0.0
PRONOSTIA,C2,Bearing2_6,B_mahalanobis,4,20,0.0
PRONOSTIA,C2,Bearing2_6,A_rms_3sigma,4,20,0.0
PRONOSTIA,C2,Bearing2_6,B_mahalanobis,4,20,0.0
PRONOSTIA,C2,Bearing2_6,A_rms_3sigma,4,20,0.0
PRONOSTIA,C2,Bearing2_6,B_mahalanobis,4,20,0.016666666666666666
PRONOSTIA,C2,Bearing2_6,A_rms_3sigma,4,20,0.0
PRONOSTIA,C2,Bearing2_6,B_mahalanobis,4,20,0.7333333333333333
PRONOSTIA,C2,Bearing2_6,A_rms_3sigma,4,20,0.0
PRONOSTIA,C2,Bearing2_6,B_mahalanobis,4,20,0.03333333333333333
PRONOSTIA,C2,Bearing2_6,A_rms_3sigma,4,20,0.0
PRONOSTIA,C2,Bearing2_6,B_mahalanobis,4,20,0.8166666666666667
PRONOSTIA,C2,Bearing2_6,A_rms_3sigma,4,20,0.0
PRONOSTIA,C2,Bearing2_6,B_mahalanobis,4,20,0.03333333333333333
PRONOSTIA,C2,Bearing2_6,A_rms_3sigma,4,20,0.0
PRONOSTIA,C2,Bearing2_6,B_mahalanobis,4,20,0.06666666666666667
PRONOSTIA,C2,Bearing2_6,A_rms_3sigma,4,20,0.0
PRONOSTIA,C2,Bearing2_6,B_mahalanobis,4,20,0.0
PRONOSTIA,C2,Bearing2_6,A_rms_3sigma,4,20,0.0
PRONOSTIA,C2,Bearing2_6,B_mahalanobis,4,20,0.0
PRONOSTIA,C2,Bearing2_6,A_rms_3sigma,4,20,0.0
PRONOSTIA,C2,Bearing2_6,B_mahalanobis,4,20,0.0
PRONOSTIA,C2,Bearing2_6,A_rms_3sigma,4,20,0.0
PRONOSTIA,C2,Bearing2_6,B_mahalanobis,4,20,0.016666666666666666
PRONOSTIA,C2,Bearing2_6,A_rms_3sigma,4,20,0.0
PRONOSTIA,C2,Bearing2_6,B_mahalanobis,4,20,0.0
PRONOSTIA,C2,Bearing2_6,A_rms_3sigma,4,20,0.0
PRONOSTIA,C2,Bearing2_6,B_mahalanobis,4,20,0.0
PRONOSTIA,C2,Bearing2_6,A_rms_3sigma,4,20,0.0
PRONOSTIA,C2,Bearing2_6,B_mahalanobis,4,20,0.03333333333333333
PRONOSTIA,C2,Bearing2_6,A_rms_3sigma,4,20,0.0
PRONOSTIA,C2,Bearing2_6,B_mahalanobis,4,20,0.016666666666666666
PRONOSTIA,C2,Bearing2_6,A_rms_3sigma,4,20,0.0
PRONOSTIA,C2,Bearing2_6,B_mahalanobis,4,20,0.36666666666666664
PRONOSTIA,C2,Bearing2_6,A_rms_3sigma,4,20,0.0
PRONOSTIA,C2,Bearing2_6,B_mahalanobis,4,20,0.016666666666666666
PRONOSTIA,C2,Bearing2_6,A_rms_3sigma,4,20,0.0
PRONOSTIA,C2,Bearing2_6,B_mahalanobis,4,20,0.06666666666666667
PRONOSTIA,C2,Bearing2_6,A_rms_3sigma,4,20,0.0
PRONOSTIA,C2,Bearing2_6,B_mahalanobis,4,20,0.0
PRONOSTIA,C2,Bearing2_6,A_rms_3sigma,4,20,0.0
PRONOSTIA,C2,Bearing2_6,B_mahalanobis,4,20,0.016666666666666666
PRONOSTIA,C2,Bearing2_6,A_rms_3sigma,4,20,0.0
PRONOSTIA,C2,Bearing2_6,B_mahalanobis,4,20,0.03333333333333333
PRONOSTIA,C2,Bearing2_6,A_rms_3sigma,4,20,0.0
PRONOSTIA,C2,Bearing2_6,B_mahalanobis,4,20,0.9333333333333333
PRONOSTIA,C2,Bearing2_6,A_rms_3sigma,4,20,0.0
PRONOSTIA,C2,Bearing2_6,B_mahalanobis,4,20,0.3333333333333333
PRONOSTIA,C2,Bearing2_6,A_rms_3sigma,4,20,0.0
PRONOSTIA,C2,Bearing2_6,B_mahalanobis,4,20,0.05
PRONOSTIA,C2,Bearing2_6,A_rms_3sigma,4,20,0.0
PRONOSTIA,C2,Bearing2_6,B_mahalanobis,4,20,0.0
PRONOSTIA,C2,Bearing2_6,A_rms_3sigma,4,20,0.0
PRONOSTIA,C2,Bearing2_6,B_mahalanobis,4,20,0.0
PRONOSTIA,C2,Bearing2_6,A_rms_3sigma,4,20,0.0
PRONOSTIA,C2,Bearing2_6,B_mahalanobis,4,20,0.03333333333333333
PRONOSTIA,C2,Bearing2_6,A_rms_3sigma,4,20,0.0
PRONOSTIA,C2,Bearing2_6,B_mahalanobis,4,20,0.18333333333333332
PRONOSTIA,C2,Bearing2_6,A_rms_3sigma,4,20,0.0
PRONOSTIA,C2,Bearing2_6,B_mahalanobis,4,20,0.016666666666666666
PRONOSTIA,C2,Bearing2_6,A_rms_3sigma,4,20,0.0
PRONOSTIA,C2,Bearing2_6,B_mahalanobis,4,20,0.0
PRONOSTIA,C2,Bearing2_6,A_rms_3sigma,4,20,0.0
PRONOSTIA,C2,Bearing2_6,B_mahalanobis,4,20,0.0
PRONOSTIA,C2,Bearing2_6,A_rms_3sigma,4,20,0.0
PRONOSTIA,C2,Bearing2_6,B_mahalanobis,4,20,0.016666666666666666
PRONOSTIA,C2,Bearing2_6,A_rms_3sigma,4,20,0.0
PRONOSTIA,C2,Bearing2_6,B_mahalanobis,4,20,0.016666666666666666
PRONOSTIA,C2,Bearing2_6,A_rms_3sigma,4,20,0.0
PRONOSTIA,C2,Bearing2_6,B_mahalanobis,4,20,0.03333333333333333
PRONOSTIA,C2,Bearing2_6,A_rms_3sigma,4,20,0.0
PRONOSTIA,C2,Bearing2_6,B_mahalanobis,4,20,0.0
PRONOSTIA,C2,Bearing2_6,A_rms_3sigma,4,20,0.0
PRONOSTIA,C2,Bearing2_6,B_mahalanobis,4,20,0.05
PRONOSTIA,C2,Bearing2_6,A_rms_3sigma,4,20,0.0
PRONOSTIA,C2,Bearing2_6,B_mahalanobis,4,20,0.0
PRONOSTIA,C2,Bearing2_6,A_rms_3sigma,4,20,0.0
PRONOSTIA,C2,Bearing2_6,B_mahalanobis,4,20,0.43333333333333335
PRONOSTIA,C2,Bearing2_6,A_rms_3sigma,4,20,0.0
PRONOSTIA,C2,Bearing2_6,B_mahalanobis,4,20,0.0
PRONOSTIA,C2,Bearing2_6,A_rms_3sigma,4,20,0.0
PRONOSTIA,C2,Bearing2_6,B_mahalanobis,4,20,0.03333333333333333
PRONOSTIA,C2,Bearing2_6,A_rms_3sigma,4,20,0.0
PRONOSTIA,C2,Bearing2_6,B_mahalanobis,4,20,0.26666666666666666
PRONOSTIA,C2,Bearing2_6,A_rms_3sigma,4,20,0.0
PRONOSTIA,C2,Bearing2_6,B_mahalanobis,4,20,0.0
PRONOSTIA,C2,Bearing2_6,A_rms_3sigma,4,20,0.0
PRONOSTIA,C2,Bearing2_6,B_mahalanobis,4,20,0.03333333333333333
PRONOSTIA,C2,Bearing2_6,A_rms_3sigma,4,20,0.0
PRONOSTIA,C2,Bearing2_6,B_mahalanobis,4,20,0.016666666666666666
PRONOSTIA,C2,Bearing2_7,A_rms_3sigma,1,20,0.7391304347826086
PRONOSTIA,C2,Bearing2_7,B_mahalanobis,1,20,0.43478260869565216
PRONOSTIA,C2,Bearing2_7,A_rms_3sigma,1,20,0.30434782608695654
PRONOSTIA,C2,Bearing2_7,B_mahalanobis,1,20,0.5217391304347826
PRONOSTIA,C2,Bearing2_7,A_rms_3sigma,1,20,0.0
PRONOSTIA,C2,Bearing2_7,B_mahalanobis,1,20,0.43478260869565216
PRONOSTIA,C2,Bearing2_7,A_rms_3sigma,1,20,0.0
PRONOSTIA,C2,Bearing2_7,B_mahalanobis,1,20,0.6956521739130435
PRONOSTIA,C2,Bearing2_7,A_rms_3sigma,1,20,0.30434782608695654
PRONOSTIA,C2,Bearing2_7,B_mahalanobis,1,20,0.4782608695652174
PRONOSTIA,C2,Bearing2_7,A_rms_3sigma,1,20,0.0
PRONOSTIA,C2,Bearing2_7,B_mahalanobis,1,20,0.30434782608695654
PRONOSTIA,C2,Bearing2_7,A_rms_3sigma,1,20,0.0
PRONOSTIA,C2,Bearing2_7,B_mahalanobis,1,20,0.782608695652174
PRONOSTIA,C2,Bearing2_7,A_rms_3sigma,1,20,0.7391304347826086
PRONOSTIA,C2,Bearing2_7,B_mahalanobis,1,20,0.7391304347826086
PRONOSTIA,C2,Bearing2_7,A_rms_3sigma,1,20,0.0
PRONOSTIA,C2,Bearing2_7,B_mahalanobis,1,20,0.043478260869565216
PRONOSTIA,C2,Bearing2_7,A_rms_3sigma,1,20,0.0
PRONOSTIA,C2,Bearing2_7,B_mahalanobis,1,20,0.08695652173913043
PRONOSTIA,C2,Bearing2_7,A_rms_3sigma,1,20,0.0
PRONOSTIA,C2,Bearing2_7,B_mahalanobis,1,20,0.08695652173913043
PRONOSTIA,C2,Bearing2_7,A_rms_3sigma,1,20,1.0
PRONOSTIA,C2,Bearing2_7,B_mahalanobis,1,20,1.0
PRONOSTIA,C2,Bearing2_7,A_rms_3sigma,1,20,0.8695652173913043
PRONOSTIA,C2,Bearing2_7,B_mahalanobis,1,20,0.8695652173913043
PRONOSTIA,C2,Bearing2_7,A_rms_3sigma,1,20,0.0
PRONOSTIA,C2,Bearing2_7,B_mahalanobis,1,20,0.13043478260869565
PRONOSTIA,C2,Bearing2_7,A_rms_3sigma,1,20,0.0
PRONOSTIA,C2,Bearing2_7,B_mahalanobis,1,20,0.9565217391304348
PRONOSTIA,C2,Bearing2_7,A_rms_3sigma,1,20,0.0
PRONOSTIA,C2,Bearing2_7,B_mahalanobis,1,20,1.0
PRONOSTIA,C2,Bearing2_7,A_rms_3sigma,1,20,1.0
PRONOSTIA,C2,Bearing2_7,B_mahalanobis,1,20,1.0
PRONOSTIA,C2,Bearing2_7,A_rms_3sigma,1,20,0.0
PRONOSTIA,C2,Bearing2_7,B_mahalanobis,1,20,0.0
PRONOSTIA,C2,Bearing2_7,A_rms_3sigma,1,20,1.0
PRONOSTIA,C2,Bearing2_7,B_mahalanobis,1,20,0.9565217391304348
PRONOSTIA,C2,Bearing2_7,A_rms_3sigma,1,20,0.0
PRONOSTIA,C2,Bearing2_7,B_mahalanobis,1,20,1.0
PRONOSTIA,C2,Bearing2_7,A_rms_3sigma,1,20,0.0
PRONOSTIA,C2,Bearing2_7,B_mahalanobis,1,20,0.4782608695652174
PRONOSTIA,C2,Bearing2_7,A_rms_3sigma,1,20,0.0
PRONOSTIA,C2,Bearing2_7,B_mahalanobis,1,20,1.0
PRONOSTIA,C2,Bearing2_7,A_rms_3sigma,1,20,0.0
PRONOSTIA,C2,Bearing2_7,B_mahalanobis,1,20,0.08695652173913043
PRONOSTIA,C2,Bearing2_7,A_rms_3sigma,1,20,1.0
PRONOSTIA,C2,Bearing2_7,B_mahalanobis,1,20,1.0
PRONOSTIA,C2,Bearing2_7,A_rms_3sigma,1,20,0.0
PRONOSTIA,C2,Bearing2_7,B_mahalanobis,1,20,1.0
PRONOSTIA,C2,Bearing2_7,A_rms_3sigma,1,20,0.6521739130434783
PRONOSTIA,C2,Bearing2_7,B_mahalanobis,1,20,0.6086956521739131
PRONOSTIA,C2,Bearing2_7,A_rms_3sigma,1,20,1.0
PRONOSTIA,C2,Bearing2_7,B_mahalanobis,1,20,1.0
PRONOSTIA,C2,Bearing2_7,A_rms_3sigma,1,20,1.0
PRONOSTIA,C2,Bearing2_7,B_mahalanobis,1,20,1.0
PRONOSTIA,C2,Bearing2_7,A_rms_3sigma,1,20,0.6521739130434783
PRONOSTIA,C2,Bearing2_7,B_mahalanobis,1,20,0.5652173913043478
PRONOSTIA,C2,Bearing2_7,A_rms_3sigma,1,20,0.0
PRONOSTIA,C2,Bearing2_7,B_mahalanobis,1,20,0.08695652173913043
PRONOSTIA,C2,Bearing2_7,A_rms_3sigma,1,20,0.0
PRONOSTIA,C2,Bearing2_7,B_mahalanobis,1,20,1.0
PRONOSTIA,C2,Bearing2_7,A_rms_3sigma,1,20,0.8260869565217391
PRONOSTIA,C2,Bearing2_7,B_mahalanobis,1,20,0.43478260869565216
PRONOSTIA,C2,Bearing2_7,A_rms_3sigma,1,20,0.9130434782608695
PRONOSTIA,C2,Bearing2_7,B_mahalanobis,1,20,0.782608695652174
PRONOSTIA,C2,Bearing2_7,A_rms_3sigma,1,20,0.391304347826087
PRONOSTIA,C2,Bearing2_7,B_mahalanobis,1,20,0.6521739130434783
PRONOSTIA,C2,Bearing2_7,A_rms_3sigma,1,20,0.0
PRONOSTIA,C2,Bearing2_7,B_mahalanobis,1,20,0.782608695652174
PRONOSTIA,C2,Bearing2_7,A_rms_3sigma,1,20,1.0
PRONOSTIA,C2,Bearing2_7,B_mahalanobis,1,20,1.0
PRONOSTIA,C2,Bearing2_7,A_rms_3sigma,1,20,0.43478260869565216
PRONOSTIA,C2,Bearing2_7,B_mahalanobis,1,20,0.5217391304347826
PRONOSTIA,C2,Bearing2_7,A_rms_3sigma,1,20,0.43478260869565216
PRONOSTIA,C2,Bearing2_7,B_mahalanobis,1,20,0.6086956521739131
PRONOSTIA,C2,Bearing2_7,A_rms_3sigma,1,20,0.43478260869565216
PRONOSTIA,C2,Bearing2_7,B_mahalanobis,1,20,0.5217391304347826
PRONOSTIA,C2,Bearing2_7,A_rms_3sigma,1,20,0.0
PRONOSTIA,C2,Bearing2_7,B_mahalanobis,1,20,0.4782608695652174
PRONOSTIA,C2,Bearing2_7,A_rms_3sigma,1,20,0.0
PRONOSTIA,C2,Bearing2_7,B_mahalanobis,1,20,1.0
PRONOSTIA,C2,Bearing2_7,A_rms_3sigma,1,20,0.0
PRONOSTIA,C2,Bearing2_7,B_mahalanobis,1,20,1.0
PRONOSTIA,C2,Bearing2_7,A_rms_3sigma,1,20,0.0
PRONOSTIA,C2,Bearing2_7,B_mahalanobis,1,20,0.34782608695652173
PRONOSTIA,C2,Bearing2_7,A_rms_3sigma,1,20,0.0
PRONOSTIA,C2,Bearing2_7,B_mahalanobis,1,20,0.391304347826087
PRONOSTIA,C2,Bearing2_7,A_rms_3sigma,1,20,0.0
PRONOSTIA,C2,Bearing2_7,B_mahalanobis,1,20,0.08695652173913043
PRONOSTIA,C2,Bearing2_7,A_rms_3sigma,1,20,0.0
PRONOSTIA,C2,Bearing2_7,B_mahalanobis,1,20,0.4782608695652174
PRONOSTIA,C2,Bearing2_7,A_rms_3sigma,1,20,0.0
PRONOSTIA,C2,Bearing2_7,B_mahalanobis,1,20,0.17391304347826086
PRONOSTIA,C2,Bearing2_7,A_rms_3sigma,1,20,0.0
PRONOSTIA,C2,Bearing2_7,B_mahalanobis,1,20,0.7391304347826086
PRONOSTIA,C2,Bearing2_7,A_rms_3sigma,1,20,0.7391304347826086
PRONOSTIA,C2,Bearing2_7,B_mahalanobis,1,20,0.34782608695652173
PRONOSTIA,C2,Bearing2_7,A_rms_3sigma,1,20,0.0
PRONOSTIA,C2,Bearing2_7,B_mahalanobis,1,20,1.0
PRONOSTIA,C2,Bearing2_7,A_rms_3sigma,2,20,0.7391304347826086
PRONOSTIA,C2,Bearing2_7,B_mahalanobis,2,20,0.30434782608695654
PRONOSTIA,C2,Bearing2_7,A_rms_3sigma,2,20,0.0
PRONOSTIA,C2,Bearing2_7,B_mahalanobis,2,20,0.08695652173913043
PRONOSTIA,C2,Bearing2_7,A_rms_3sigma,2,20,0.0
PRONOSTIA,C2,Bearing2_7,B_mahalanobis,2,20,0.0
PRONOSTIA,C2,Bearing2_7,A_rms_3sigma,2,20,0.0
PRONOSTIA,C2,Bearing2_7,B_mahalanobis,2,20,0.5217391304347826
PRONOSTIA,C2,Bearing2_7,A_rms_3sigma,2,20,0.0
PRONOSTIA,C2,Bearing2_7,B_mahalanobis,2,20,0.0
PRONOSTIA,C2,Bearing2_7,A_rms_3sigma,2,20,0.0
PRONOSTIA,C2,Bearing2_7,B_mahalanobis,2,20,0.2608695652173913
PRONOSTIA,C2,Bearing2_7,A_rms_3sigma,2,20,0.0
PRONOSTIA,C2,Bearing2_7,B_mahalanobis,2,20,0.34782608695652173
PRONOSTIA,C2,Bearing2_7,A_rms_3sigma,2,20,0.9130434782608695
PRONOSTIA,C2,Bearing2_7,B_mahalanobis,2,20,0.782608695652174
PRONOSTIA,C2,Bearing2_7,A_rms_3sigma,2,20,0.0
PRONOSTIA,C2,Bearing2_7,B_mahalanobis,2,20,0.13043478260869565
PRONOSTIA,C2,Bearing2_7,A_rms_3sigma,2,20,0.0
PRONOSTIA,C2,Bearing2_7,B_mahalanobis,2,20,0.08695652173913043
PRONOSTIA,C2,Bearing2_7,A_rms_3sigma,2,20,0.0
PRONOSTIA,C2,Bearing2_7,B_mahalanobis,2,20,0.043478260869565216
PRONOSTIA,C2,Bearing2_7,A_rms_3sigma,2,20,0.0
PRONOSTIA,C2,Bearing2_7,B_mahalanobis,2,20,0.21739130434782608
PRONOSTIA,C2,Bearing2_7,A_rms_3sigma,2,20,0.0
PRONOSTIA,C2,Bearing2_7,B_mahalanobis,2,20,0.17391304347826086
PRONOSTIA,C2,Bearing2_7,A_rms_3sigma,2,20,0.0
PRONOSTIA,C2,Bearing2_7,B_mahalanobis,2,20,0.08695652173913043
PRONOSTIA,C2,Bearing2_7,A_rms_3sigma,2,20,0.0
PRONOSTIA,C2,Bearing2_7,B_mahalanobis,2,20,0.13043478260869565
PRONOSTIA,C2,Bearing2_7,A_rms_3sigma,2,20,0.0
PRONOSTIA,C2,Bearing2_7,B_mahalanobis,2,20,0.17391304347826086
PRONOSTIA,C2,Bearing2_7,A_rms_3sigma,2,20,0.0
PRONOSTIA,C2,Bearing2_7,B_mahalanobis,2,20,0.21739130434782608
PRONOSTIA,C2,Bearing2_7,A_rms_3sigma,2,20,0.0
PRONOSTIA,C2,Bearing2_7,B_mahalanobis,2,20,0.0
PRONOSTIA,C2,Bearing2_7,A_rms_3sigma,2,20,0.0
PRONOSTIA,C2,Bearing2_7,B_mahalanobis,2,20,0.043478260869565216
PRONOSTIA,C2,Bearing2_7,A_rms_3sigma,2,20,0.43478260869565216
PRONOSTIA,C2,Bearing2_7,B_mahalanobis,2,20,0.6086956521739131
PRONOSTIA,C2,Bearing2_7,A_rms_3sigma,2,20,0.0
PRONOSTIA,C2,Bearing2_7,B_mahalanobis,2,20,0.13043478260869565
PRONOSTIA,C2,Bearing2_7,A_rms_3sigma,2,20,0.0
PRONOSTIA,C2,Bearing2_7,B_mahalanobis,2,20,0.391304347826087
PRONOSTIA,C2,Bearing2_7,A_rms_3sigma,2,20,0.0
PRONOSTIA,C2,Bearing2_7,B_mahalanobis,2,20,0.21739130434782608
PRONOSTIA,C2,Bearing2_7,A_rms_3sigma,2,20,0.0
PRONOSTIA,C2,Bearing2_7,B_mahalanobis,2,20,0.0
PRONOSTIA,C2,Bearing2_7,A_rms_3sigma,2,20,0.0
PRONOSTIA,C2,Bearing2_7,B_mahalanobis,2,20,0.08695652173913043
PRONOSTIA,C2,Bearing2_7,A_rms_3sigma,2,20,0.0
PRONOSTIA,C2,Bearing2_7,B_mahalanobis,2,20,0.08695652173913043
PRONOSTIA,C2,Bearing2_7,A_rms_3sigma,2,20,0.7391304347826086
PRONOSTIA,C2,Bearing2_7,B_mahalanobis,2,20,0.8260869565217391
PRONOSTIA,C2,Bearing2_7,A_rms_3sigma,2,20,0.0
PRONOSTIA,C2,Bearing2_7,B_mahalanobis,2,20,0.21739130434782608
PRONOSTIA,C2,Bearing2_7,A_rms_3sigma,2,20,0.43478260869565216
PRONOSTIA,C2,Bearing2_7,B_mahalanobis,2,20,0.43478260869565216
PRONOSTIA,C2,Bearing2_7,A_rms_3sigma,2,20,0.0
PRONOSTIA,C2,Bearing2_7,B_mahalanobis,2,20,0.2608695652173913
PRONOSTIA,C2,Bearing2_7,A_rms_3sigma,2,20,0.0
PRONOSTIA,C2,Bearing2_7,B_mahalanobis,2,20,0.34782608695652173
PRONOSTIA,C2,Bearing2_7,A_rms_3sigma,2,20,0.0
PRONOSTIA,C2,Bearing2_7,B_mahalanobis,2,20,0.13043478260869565
PRONOSTIA,C2,Bearing2_7,A_rms_3sigma,2,20,0.0
PRONOSTIA,C2,Bearing2_7,B_mahalanobis,2,20,0.0
PRONOSTIA,C2,Bearing2_7,A_rms_3sigma,2,20,0.0
PRONOSTIA,C2,Bearing2_7,B_mahalanobis,2,20,0.17391304347826086
PRONOSTIA,C2,Bearing2_7,A_rms_3sigma,2,20,0.0
PRONOSTIA,C2,Bearing2_7,B_mahalanobis,2,20,0.043478260869565216
PRONOSTIA,C2,Bearing2_7,A_rms_3sigma,2,20,0.0
PRONOSTIA,C2,Bearing2_7,B_mahalanobis,2,20,0.043478260869565216
PRONOSTIA,C2,Bearing2_7,A_rms_3sigma,2,20,0.9130434782608695
PRONOSTIA,C2,Bearing2_7,B_mahalanobis,2,20,0.6521739130434783
PRONOSTIA,C2,Bearing2_7,A_rms_3sigma,2,20,0.0
PRONOSTIA,C2,Bearing2_7,B_mahalanobis,2,20,0.2608695652173913
PRONOSTIA,C2,Bearing2_7,A_rms_3sigma,2,20,0.0
PRONOSTIA,C2,Bearing2_7,B_mahalanobis,2,20,0.08695652173913043
PRONOSTIA,C2,Bearing2_7,A_rms_3sigma,2,20,0.0
PRONOSTIA,C2,Bearing2_7,B_mahalanobis,2,20,0.0
PRONOSTIA,C2,Bearing2_7,A_rms_3sigma,2,20,0.0
PRONOSTIA,C2,Bearing2_7,B_mahalanobis,2,20,0.13043478260869565
PRONOSTIA,C2,Bearing2_7,A_rms_3sigma,2,20,0.8260869565217391
PRONOSTIA,C2,Bearing2_7,B_mahalanobis,2,20,0.782608695652174
PRONOSTIA,C2,Bearing2_7,A_rms_3sigma,2,20,0.0
PRONOSTIA,C2,Bearing2_7,B_mahalanobis,2,20,0.13043478260869565
PRONOSTIA,C2,Bearing2_7,A_rms_3sigma,2,20,0.4782608695652174
PRONOSTIA,C2,Bearing2_7,B_mahalanobis,2,20,0.5217391304347826
PRONOSTIA,C2,Bearing2_7,A_rms_3sigma,2,20,0.0
PRONOSTIA,C2,Bearing2_7,B_mahalanobis,2,20,0.17391304347826086
PRONOSTIA,C2,Bearing2_7,A_rms_3sigma,2,20,0.0
PRONOSTIA,C2,Bearing2_7,B_mahalanobis,2,20,0.08695652173913043
PRONOSTIA,C2,Bearing2_7,A_rms_3sigma,2,20,0.43478260869565216
PRONOSTIA,C2,Bearing2_7,B_mahalanobis,2,20,0.43478260869565216
PRONOSTIA,C2,Bearing2_7,A_rms_3sigma,2,20,0.0
PRONOSTIA,C2,Bearing2_7,B_mahalanobis,2,20,0.13043478260869565
PRONOSTIA,C2,Bearing2_7,A_rms_3sigma,2,20,0.0
PRONOSTIA,C2,Bearing2_7,B_mahalanobis,2,20,0.34782608695652173
PRONOSTIA,C2,Bearing2_7,A_rms_3sigma,2,20,0.0
PRONOSTIA,C2,Bearing2_7,B_mahalanobis,2,20,0.2608695652173913
PRONOSTIA,C2,Bearing2_7,A_rms_3sigma,3,18,0.0
PRONOSTIA,C2,Bearing2_7,B_mahalanobis,3,18,0.08695652173913043
PRONOSTIA,C2,Bearing2_7,A_rms_3sigma,3,18,0.0
PRONOSTIA,C2,Bearing2_7,B_mahalanobis,3,18,0.043478260869565216
PRONOSTIA,C2,Bearing2_7,A_rms_3sigma,3,18,0.0
PRONOSTIA,C2,Bearing2_7,B_mahalanobis,3,18,0.043478260869565216
PRONOSTIA,C2,Bearing2_7,A_rms_3sigma,3,18,0.0
PRONOSTIA,C2,Bearing2_7,B_mahalanobis,3,18,0.0
PRONOSTIA,C2,Bearing2_7,A_rms_3sigma,3,18,0.0
PRONOSTIA,C2,Bearing2_7,B_mahalanobis,3,18,0.0
PRONOSTIA,C2,Bearing2_7,A_rms_3sigma,3,18,0.0
PRONOSTIA,C2,Bearing2_7,B_mahalanobis,3,18,0.043478260869565216
PRONOSTIA,C2,Bearing2_7,A_rms_3sigma,3,18,0.0
PRONOSTIA,C2,Bearing2_7,B_mahalanobis,3,18,0.21739130434782608
PRONOSTIA,C2,Bearing2_7,A_rms_3sigma,3,18,0.0
PRONOSTIA,C2,Bearing2_7,B_mahalanobis,3,18,0.08695652173913043
PRONOSTIA,C2,Bearing2_7,A_rms_3sigma,3,18,0.0
PRONOSTIA,C2,Bearing2_7,B_mahalanobis,3,18,0.30434782608695654
PRONOSTIA,C2,Bearing2_7,A_rms_3sigma,3,18,0.0
PRONOSTIA,C2,Bearing2_7,B_mahalanobis,3,18,0.043478260869565216
PRONOSTIA,C2,Bearing2_7,A_rms_3sigma,3,18,0.0
PRONOSTIA,C2,Bearing2_7,B_mahalanobis,3,18,0.30434782608695654
PRONOSTIA,C2,Bearing2_7,A_rms_3sigma,3,18,0.0
PRONOSTIA,C2,Bearing2_7,B_mahalanobis,3,18,0.043478260869565216
PRONOSTIA,C2,Bearing2_7,A_rms_3sigma,3,18,0.0
PRONOSTIA,C2,Bearing2_7,B_mahalanobis,3,18,0.08695652173913043
PRONOSTIA,C2,Bearing2_7,A_rms_3sigma,3,18,0.0
PRONOSTIA,C2,Bearing2_7,B_mahalanobis,3,18,0.043478260869565216
PRONOSTIA,C2,Bearing2_7,A_rms_3sigma,3,18,0.0
PRONOSTIA,C2,Bearing2_7,B_mahalanobis,3,18,0.21739130434782608
PRONOSTIA,C2,Bearing2_7,A_rms_3sigma,3,18,0.0
PRONOSTIA,C2,Bearing2_7,B_mahalanobis,3,18,0.13043478260869565
PRONOSTIA,C2,Bearing2_7,A_rms_3sigma,3,18,0.0
PRONOSTIA,C2,Bearing2_7,B_mahalanobis,3,18,0.0
PRONOSTIA,C2,Bearing2_7,A_rms_3sigma,3,18,0.0
PRONOSTIA,C2,Bearing2_7,B_mahalanobis,3,18,0.13043478260869565
PRONOSTIA,C2,Bearing2_7,A_rms_3sigma,3,18,0.0
PRONOSTIA,C2,Bearing2_7,B_mahalanobis,3,18,0.5652173913043478
PRONOSTIA,C2,Bearing2_7,A_rms_3sigma,3,18,0.0
PRONOSTIA,C2,Bearing2_7,B_mahalanobis,3,18,0.13043478260869565
PRONOSTIA,C2,Bearing2_7,A_rms_3sigma,3,18,0.0
PRONOSTIA,C2,Bearing2_7,B_mahalanobis,3,18,0.08695652173913043
PRONOSTIA,C2,Bearing2_7,A_rms_3sigma,3,18,0.0
PRONOSTIA,C2,Bearing2_7,B_mahalanobis,3,18,0.391304347826087
PRONOSTIA,C2,Bearing2_7,A_rms_3sigma,3,18,0.6956521739130435
PRONOSTIA,C2,Bearing2_7,B_mahalanobis,3,18,0.4782608695652174
PRONOSTIA,C2,Bearing2_7,A_rms_3sigma,3,18,0.0
PRONOSTIA,C2,Bearing2_7,B_mahalanobis,3,18,0.043478260869565216
PRONOSTIA,C2,Bearing2_7,A_rms_3sigma,3,18,0.0
PRONOSTIA,C2,Bearing2_7,B_mahalanobis,3,18,0.08695652173913043
PRONOSTIA,C2,Bearing2_7,A_rms_3sigma,3,18,0.0
PRONOSTIA,C2,Bearing2_7,B_mahalanobis,3,18,0.08695652173913043
PRONOSTIA,C2,Bearing2_7,A_rms_3sigma,3,18,0.0
PRONOSTIA,C2,Bearing2_7,B_mahalanobis,3,18,0.2608695652173913
PRONOSTIA,C2,Bearing2_7,A_rms_3sigma,3,18,0.0
PRONOSTIA,C2,Bearing2_7,B_mahalanobis,3,18,0.08695652173913043
PRONOSTIA,C2,Bearing2_7,A_rms_3sigma,3,18,0.43478260869565216
PRONOSTIA,C2,Bearing2_7,B_mahalanobis,3,18,0.391304347826087
PRONOSTIA,C2,Bearing2_7,A_rms_3sigma,3,18,0.0
PRONOSTIA,C2,Bearing2_7,B_mahalanobis,3,18,0.13043478260869565
PRONOSTIA,C2,Bearing2_7,A_rms_3sigma,3,18,0.0
PRONOSTIA,C2,Bearing2_7,B_mahalanobis,3,18,0.0
PRONOSTIA,C2,Bearing2_7,A_rms_3sigma,3,18,0.0
PRONOSTIA,C2,Bearing2_7,B_mahalanobis,3,18,0.08695652173913043
PRONOSTIA,C2,Bearing2_7,A_rms_3sigma,3,18,0.0
PRONOSTIA,C2,Bearing2_7,B_mahalanobis,3,18,0.043478260869565216
PRONOSTIA,C2,Bearing2_7,A_rms_3sigma,3,18,0.0
PRONOSTIA,C2,Bearing2_7,B_mahalanobis,3,18,0.043478260869565216
PRONOSTIA,C2,Bearing2_7,A_rms_3sigma,3,18,0.0
PRONOSTIA,C2,Bearing2_7,B_mahalanobis,3,18,0.043478260869565216
PRONOSTIA,C2,Bearing2_7,A_rms_3sigma,3,18,0.0
PRONOSTIA,C2,Bearing2_7,B_mahalanobis,3,18,0.21739130434782608
PRONOSTIA,C2,Bearing2_7,A_rms_3sigma,3,18,0.0
PRONOSTIA,C2,Bearing2_7,B_mahalanobis,3,18,0.043478260869565216
PRONOSTIA,C2,Bearing2_7,A_rms_3sigma,3,18,0.0
PRONOSTIA,C2,Bearing2_7,B_mahalanobis,3,18,0.391304347826087
PRONOSTIA,C2,Bearing2_7,A_rms_3sigma,3,18,0.0
PRONOSTIA,C2,Bearing2_7,B_mahalanobis,3,18,0.0
PRONOSTIA,C2,Bearing2_7,A_rms_3sigma,3,18,0.0
PRONOSTIA,C2,Bearing2_7,B_mahalanobis,3,18,0.13043478260869565
PRONOSTIA,C2,Bearing2_7,A_rms_3sigma,3,18,0.0
PRONOSTIA,C2,Bearing2_7,B_mahalanobis,3,18,0.17391304347826086
PRONOSTIA,C2,Bearing2_7,A_rms_3sigma,3,18,0.0
PRONOSTIA,C2,Bearing2_7,B_mahalanobis,3,18,0.34782608695652173
PRONOSTIA,C2,Bearing2_7,A_rms_3sigma,3,18,0.0
PRONOSTIA,C2,Bearing2_7,B_mahalanobis,3,18,0.043478260869565216
PRONOSTIA,C2,Bearing2_7,A_rms_3sigma,3,18,0.0
PRONOSTIA,C2,Bearing2_7,B_mahalanobis,3,18,0.21739130434782608
PRONOSTIA,C2,Bearing2_7,A_rms_3sigma,3,18,0.0
PRONOSTIA,C2,Bearing2_7,B_mahalanobis,3,18,0.08695652173913043
PRONOSTIA,C2,Bearing2_7,A_rms_3sigma,3,18,0.0
PRONOSTIA,C2,Bearing2_7,B_mahalanobis,3,18,0.08695652173913043
PRONOSTIA,C2,Bearing2_7,A_rms_3sigma,3,18,0.0
PRONOSTIA,C2,Bearing2_7,B_mahalanobis,3,18,0.08695652173913043
PRONOSTIA,C2,Bearing2_7,A_rms_3sigma,3,18,0.0
PRONOSTIA,C2,Bearing2_7,B_mahalanobis,3,18,0.13043478260869565
PRONOSTIA,C2,Bearing2_7,A_rms_3sigma,3,18,0.0
PRONOSTIA,C2,Bearing2_7,B_mahalanobis,3,18,0.0
PRONOSTIA,C2,Bearing2_7,A_rms_3sigma,3,18,0.391304347826087
PRONOSTIA,C2,Bearing2_7,B_mahalanobis,3,18,0.08695652173913043
PRONOSTIA,C2,Bearing2_7,A_rms_3sigma,4,20,0.0
PRONOSTIA,C2,Bearing2_7,B_mahalanobis,4,20,0.0
PRONOSTIA,C2,Bearing2_7,A_rms_3sigma,4,20,0.0
PRONOSTIA,C2,Bearing2_7,B_mahalanobis,4,20,0.08695652173913043
PRONOSTIA,C2,Bearing2_7,A_rms_3sigma,4,20,0.0
PRONOSTIA,C2,Bearing2_7,B_mahalanobis,4,20,0.13043478260869565
PRONOSTIA,C2,Bearing2_7,A_rms_3sigma,4,20,0.0
PRONOSTIA,C2,Bearing2_7,B_mahalanobis,4,20,0.043478260869565216
PRONOSTIA,C2,Bearing2_7,A_rms_3sigma,4,20,0.0
PRONOSTIA,C2,Bearing2_7,B_mahalanobis,4,20,0.0
PRONOSTIA,C2,Bearing2_7,A_rms_3sigma,4,20,0.0
PRONOSTIA,C2,Bearing2_7,B_mahalanobis,4,20,0.043478260869565216
PRONOSTIA,C2,Bearing2_7,A_rms_3sigma,4,20,0.0
PRONOSTIA,C2,Bearing2_7,B_mahalanobis,4,20,0.043478260869565216
PRONOSTIA,C2,Bearing2_7,A_rms_3sigma,4,20,0.0
PRONOSTIA,C2,Bearing2_7,B_mahalanobis,4,20,0.13043478260869565
PRONOSTIA,C2,Bearing2_7,A_rms_3sigma,4,20,0.0
PRONOSTIA,C2,Bearing2_7,B_mahalanobis,4,20,0.043478260869565216
PRONOSTIA,C2,Bearing2_7,A_rms_3sigma,4,20,0.0
PRONOSTIA,C2,Bearing2_7,B_mahalanobis,4,20,0.043478260869565216
PRONOSTIA,C2,Bearing2_7,A_rms_3sigma,4,20,0.0
PRONOSTIA,C2,Bearing2_7,B_mahalanobis,4,20,0.0
PRONOSTIA,C2,Bearing2_7,A_rms_3sigma,4,20,0.0
PRONOSTIA,C2,Bearing2_7,B_mahalanobis,4,20,0.13043478260869565
PRONOSTIA,C2,Bearing2_7,A_rms_3sigma,4,20,0.0
PRONOSTIA,C2,Bearing2_7,B_mahalanobis,4,20,0.0
PRONOSTIA,C2,Bearing2_7,A_rms_3sigma,4,20,0.0
PRONOSTIA,C2,Bearing2_7,B_mahalanobis,4,20,0.08695652173913043
PRONOSTIA,C2,Bearing2_7,A_rms_3sigma,4,20,0.0
PRONOSTIA,C2,Bearing2_7,B_mahalanobis,4,20,0.0
PRONOSTIA,C2,Bearing2_7,A_rms_3sigma,4,20,0.0
PRONOSTIA,C2,Bearing2_7,B_mahalanobis,4,20,0.043478260869565216
PRONOSTIA,C2,Bearing2_7,A_rms_3sigma,4,20,0.0
PRONOSTIA,C2,Bearing2_7,B_mahalanobis,4,20,0.0
PRONOSTIA,C2,Bearing2_7,A_rms_3sigma,4,20,0.0
PRONOSTIA,C2,Bearing2_7,B_mahalanobis,4,20,0.043478260869565216
PRONOSTIA,C2,Bearing2_7,A_rms_3sigma,4,20,0.0
PRONOSTIA,C2,Bearing2_7,B_mahalanobis,4,20,0.17391304347826086
PRONOSTIA,C2,Bearing2_7,A_rms_3sigma,4,20,0.0
PRONOSTIA,C2,Bearing2_7,B_mahalanobis,4,20,0.043478260869565216
PRONOSTIA,C2,Bearing2_7,A_rms_3sigma,4,20,0.0
PRONOSTIA,C2,Bearing2_7,B_mahalanobis,4,20,0.21739130434782608
PRONOSTIA,C2,Bearing2_7,A_rms_3sigma,4,20,0.0
PRONOSTIA,C2,Bearing2_7,B_mahalanobis,4,20,0.391304347826087
PRONOSTIA,C2,Bearing2_7,A_rms_3sigma,4,20,0.0
PRONOSTIA,C2,Bearing2_7,B_mahalanobis,4,20,0.043478260869565216
PRONOSTIA,C2,Bearing2_7,A_rms_3sigma,4,20,0.0
PRONOSTIA,C2,Bearing2_7,B_mahalanobis,4,20,0.08695652173913043
PRONOSTIA,C2,Bearing2_7,A_rms_3sigma,4,20,0.0
PRONOSTIA,C2,Bearing2_7,B_mahalanobis,4,20,0.043478260869565216
PRONOSTIA,C2,Bearing2_7,A_rms_3sigma,4,20,0.0
PRONOSTIA,C2,Bearing2_7,B_mahalanobis,4,20,0.043478260869565216
PRONOSTIA,C2,Bearing2_7,A_rms_3sigma,4,20,0.0
PRONOSTIA,C2,Bearing2_7,B_mahalanobis,4,20,0.08695652173913043
PRONOSTIA,C2,Bearing2_7,A_rms_3sigma,4,20,0.0
PRONOSTIA,C2,Bearing2_7,B_mahalanobis,4,20,0.08695652173913043
PRONOSTIA,C2,Bearing2_7,A_rms_3sigma,4,20,0.0
PRONOSTIA,C2,Bearing2_7,B_mahalanobis,4,20,0.043478260869565216
PRONOSTIA,C2,Bearing2_7,A_rms_3sigma,4,20,0.0
PRONOSTIA,C2,Bearing2_7,B_mahalanobis,4,20,0.08695652173913043
PRONOSTIA,C2,Bearing2_7,A_rms_3sigma,4,20,0.0
PRONOSTIA,C2,Bearing2_7,B_mahalanobis,4,20,0.13043478260869565
PRONOSTIA,C2,Bearing2_7,A_rms_3sigma,4,20,0.0
PRONOSTIA,C2,Bearing2_7,B_mahalanobis,4,20,0.043478260869565216
PRONOSTIA,C2,Bearing2_7,A_rms_3sigma,4,20,0.0
PRONOSTIA,C2,Bearing2_7,B_mahalanobis,4,20,0.043478260869565216
PRONOSTIA,C2,Bearing2_7,A_rms_3sigma,4,20,0.0
PRONOSTIA,C2,Bearing2_7,B_mahalanobis,4,20,0.13043478260869565
PRONOSTIA,C2,Bearing2_7,A_rms_3sigma,4,20,0.0
PRONOSTIA,C2,Bearing2_7,B_mahalanobis,4,20,0.08695652173913043
PRONOSTIA,C2,Bearing2_7,A_rms_3sigma,4,20,0.0
PRONOSTIA,C2,Bearing2_7,B_mahalanobis,4,20,0.13043478260869565
PRONOSTIA,C2,Bearing2_7,A_rms_3sigma,4,20,0.0
PRONOSTIA,C2,Bearing2_7,B_mahalanobis,4,20,0.08695652173913043
PRONOSTIA,C2,Bearing2_7,A_rms_3sigma,4,20,0.0
PRONOSTIA,C2,Bearing2_7,B_mahalanobis,4,20,0.08695652173913043
PRONOSTIA,C2,Bearing2_7,A_rms_3sigma,4,20,0.0
PRONOSTIA,C2,Bearing2_7,B_mahalanobis,4,20,0.13043478260869565
PRONOSTIA,C2,Bearing2_7,A_rms_3sigma,4,20,0.0
PRONOSTIA,C2,Bearing2_7,B_mahalanobis,4,20,0.08695652173913043
PRONOSTIA,C2,Bearing2_7,A_rms_3sigma,4,20,0.0
PRONOSTIA,C2,Bearing2_7,B_mahalanobis,4,20,0.08695652173913043
PRONOSTIA,C2,Bearing2_7,A_rms_3sigma,4,20,0.0
PRONOSTIA,C2,Bearing2_7,B_mahalanobis,4,20,0.043478260869565216
PRONOSTIA,C2,Bearing2_7,A_rms_3sigma,4,20,0.0
PRONOSTIA,C2,Bearing2_7,B_mahalanobis,4,20,0.2608695652173913
PRONOSTIA,C2,Bearing2_7,A_rms_3sigma,4,20,0.0
PRONOSTIA,C2,Bearing2_7,B_mahalanobis,4,20,0.043478260869565216
PRONOSTIA,C2,Bearing2_7,A_rms_3sigma,4,20,0.0
PRONOSTIA,C2,Bearing2_7,B_mahalanobis,4,20,0.043478260869565216
PRONOSTIA,C2,Bearing2_7,A_rms_3sigma,4,20,0.0
PRONOSTIA,C2,Bearing2_7,B_mahalanobis,4,20,0.21739130434782608
PRONOSTIA,C2,Bearing2_7,A_rms_3sigma,4,20,0.0
PRONOSTIA,C2,Bearing2_7,B_mahalanobis,4,20,0.08695652173913043
PRONOSTIA,C2,Bearing2_7,A_rms_3sigma,4,20,0.0
PRONOSTIA,C2,Bearing2_7,B_mahalanobis,4,20,0.0
PRONOSTIA,C2,Bearing2_7,A_rms_3sigma,4,20,0.0
PRONOSTIA,C2,Bearing2_7,B_mahalanobis,4,20,0.043478260869565216
PRONOSTIA,C2,Bearing2_7,A_rms_3sigma,4,20,0.0
PRONOSTIA,C2,Bearing2_7,B_mahalanobis,4,20,0.34782608695652173
PRONOSTIA,C3,Bearing3_1,A_rms_3sigma,1,20,0.5098039215686274
PRONOSTIA,C3,Bearing3_1,B_mahalanobis,1,20,0.9019607843137255
PRONOSTIA,C3,Bearing3_1,A_rms_3sigma,1,20,0.9607843137254902
PRONOSTIA,C3,Bearing3_1,B_mahalanobis,1,20,1.0
PRONOSTIA,C3,Bearing3_1,A_rms_3sigma,1,20,0.6862745098039216
PRONOSTIA,C3,Bearing3_1,B_mahalanobis,1,20,0.9607843137254902
PRONOSTIA,C3,Bearing3_1,A_rms_3sigma,1,20,0.9607843137254902
PRONOSTIA,C3,Bearing3_1,B_mahalanobis,1,20,0.9803921568627451
PRONOSTIA,C3,Bearing3_1,A_rms_3sigma,1,20,0.37254901960784315
PRONOSTIA,C3,Bearing3_1,B_mahalanobis,1,20,0.9803921568627451
PRONOSTIA,C3,Bearing3_1,A_rms_3sigma,1,20,0.7647058823529411
PRONOSTIA,C3,Bearing3_1,B_mahalanobis,1,20,0.9215686274509803
PRONOSTIA,C3,Bearing3_1,A_rms_3sigma,1,20,0.9607843137254902
PRONOSTIA,C3,Bearing3_1,B_mahalanobis,1,20,1.0
PRONOSTIA,C3,Bearing3_1,A_rms_3sigma,1,20,1.0
PRONOSTIA,C3,Bearing3_1,B_mahalanobis,1,20,0.9803921568627451
PRONOSTIA,C3,Bearing3_1,A_rms_3sigma,1,20,0.9803921568627451
PRONOSTIA,C3,Bearing3_1,B_mahalanobis,1,20,1.0
PRONOSTIA,C3,Bearing3_1,A_rms_3sigma,1,20,0.9803921568627451
PRONOSTIA,C3,Bearing3_1,B_mahalanobis,1,20,1.0
PRONOSTIA,C3,Bearing3_1,A_rms_3sigma,1,20,0.9607843137254902
PRONOSTIA,C3,Bearing3_1,B_mahalanobis,1,20,1.0
PRONOSTIA,C3,Bearing3_1,A_rms_3sigma,1,20,0.5098039215686274
PRONOSTIA,C3,Bearing3_1,B_mahalanobis,1,20,0.9607843137254902
PRONOSTIA,C3,Bearing3_1,A_rms_3sigma,1,20,0.9803921568627451
PRONOSTIA,C3,Bearing3_1,B_mahalanobis,1,20,1.0
PRONOSTIA,C3,Bearing3_1,A_rms_3sigma,1,20,0.5098039215686274
PRONOSTIA,C3,Bearing3_1,B_mahalanobis,1,20,0.9215686274509803
PRONOSTIA,C3,Bearing3_1,A_rms_3sigma,1,20,0.9607843137254902
PRONOSTIA,C3,Bearing3_1,B_mahalanobis,1,20,0.9803921568627451
PRONOSTIA,C3,Bearing3_1,A_rms_3sigma,1,20,0.5098039215686274
PRONOSTIA,C3,Bearing3_1,B_mahalanobis,1,20,0.6862745098039216
PRONOSTIA,C3,Bearing3_1,A_rms_3sigma,1,20,0.9607843137254902
PRONOSTIA,C3,Bearing3_1,B_mahalanobis,1,20,1.0
PRONOSTIA,C3,Bearing3_1,A_rms_3sigma,1,20,0.9803921568627451
PRONOSTIA,C3,Bearing3_1,B_mahalanobis,1,20,0.9803921568627451
PRONOSTIA,C3,Bearing3_1,A_rms_3sigma,1,20,0.9607843137254902
PRONOSTIA,C3,Bearing3_1,B_mahalanobis,1,20,1.0
PRONOSTIA,C3,Bearing3_1,A_rms_3sigma,1,20,0.37254901960784315
PRONOSTIA,C3,Bearing3_1,B_mahalanobis,1,20,0.9607843137254902
PRONOSTIA,C3,Bearing3_1,A_rms_3sigma,1,20,1.0
PRONOSTIA,C3,Bearing3_1,B_mahalanobis,1,20,1.0
PRONOSTIA,C3,Bearing3_1,A_rms_3sigma,1,20,0.9803921568627451
PRONOSTIA,C3,Bearing3_1,B_mahalanobis,1,20,1.0
PRONOSTIA,C3,Bearing3_1,A_rms_3sigma,1,20,0.9607843137254902
PRONOSTIA,C3,Bearing3_1,B_mahalanobis,1,20,0.9803921568627451
PRONOSTIA,C3,Bearing3_1,A_rms_3sigma,1,20,0.9803921568627451
PRONOSTIA,C3,Bearing3_1,B_mahalanobis,1,20,1.0
PRONOSTIA,C3,Bearing3_1,A_rms_3sigma,1,20,0.5098039215686274
PRONOSTIA,C3,Bearing3_1,B_mahalanobis,1,20,0.9215686274509803
PRONOSTIA,C3,Bearing3_1,A_rms_3sigma,1,20,0.3137254901960784
PRONOSTIA,C3,Bearing3_1,B_mahalanobis,1,20,0.7843137254901961
PRONOSTIA,C3,Bearing3_1,A_rms_3sigma,1,20,0.7254901960784313
PRONOSTIA,C3,Bearing3_1,B_mahalanobis,1,20,0.9607843137254902
PRONOSTIA,C3,Bearing3_1,A_rms_3sigma,1,20,0.9607843137254902
PRONOSTIA,C3,Bearing3_1,B_mahalanobis,1,20,1.0
PRONOSTIA,C3,Bearing3_1,A_rms_3sigma,1,20,0.6274509803921569
PRONOSTIA,C3,Bearing3_1,B_mahalanobis,1,20,0.9215686274509803
PRONOSTIA,C3,Bearing3_1,A_rms_3sigma,1,20,0.9607843137254902
PRONOSTIA,C3,Bearing3_1,B_mahalanobis,1,20,0.9803921568627451
PRONOSTIA,C3,Bearing3_1,A_rms_3sigma,1,20,0.45098039215686275
PRONOSTIA,C3,Bearing3_1,B_mahalanobis,1,20,0.7843137254901961
PRONOSTIA,C3,Bearing3_1,A_rms_3sigma,1,20,0.9803921568627451
PRONOSTIA,C3,Bearing3_1,B_mahalanobis,1,20,1.0
PRONOSTIA,C3,Bearing3_1,A_rms_3sigma,1,20,0.9607843137254902
PRONOSTIA,C3,Bearing3_1,B_mahalanobis,1,20,0.9803921568627451
PRONOSTIA,C3,Bearing3_1,A_rms_3sigma,1,20,0.9607843137254902
PRONOSTIA,C3,Bearing3_1,B_mahalanobis,1,20,0.9803921568627451
PRONOSTIA,C3,Bearing3_1,A_rms_3sigma,1,20,0.5098039215686274
PRONOSTIA,C3,Bearing3_1,B_mahalanobis,1,20,0.9803921568627451
PRONOSTIA,C3,Bearing3_1,A_rms_3sigma,1,20,0.5098039215686274
PRONOSTIA,C3,Bearing3_1,B_mahalanobis,1,20,0.9019607843137255
PRONOSTIA,C3,Bearing3_1,A_rms_3sigma,1,20,0.9607843137254902
PRONOSTIA,C3,Bearing3_1,B_mahalanobis,1,20,0.9803921568627451
PRONOSTIA,C3,Bearing3_1,A_rms_3sigma,1,20,0.9803921568627451
PRONOSTIA,C3,Bearing3_1,B_mahalanobis,1,20,1.0
PRONOSTIA,C3,Bearing3_1,A_rms_3sigma,1,20,0.37254901960784315
PRONOSTIA,C3,Bearing3_1,B_mahalanobis,1,20,0.9019607843137255
PRONOSTIA,C3,Bearing3_1,A_rms_3sigma,1,20,0.6274509803921569
PRONOSTIA,C3,Bearing3_1,B_mahalanobis,1,20,0.9215686274509803
PRONOSTIA,C3,Bearing3_1,A_rms_3sigma,1,20,0.37254901960784315
PRONOSTIA,C3,Bearing3_1,B_mahalanobis,1,20,0.9607843137254902
PRONOSTIA,C3,Bearing3_1,A_rms_3sigma,1,20,0.45098039215686275
PRONOSTIA,C3,Bearing3_1,B_mahalanobis,1,20,0.6862745098039216
PRONOSTIA,C3,Bearing3_1,A_rms_3sigma,1,20,0.5686274509803921
PRONOSTIA,C3,Bearing3_1,B_mahalanobis,1,20,0.9607843137254902
PRONOSTIA,C3,Bearing3_1,A_rms_3sigma,1,20,0.5098039215686274
PRONOSTIA,C3,Bearing3_1,B_mahalanobis,1,20,0.9215686274509803
PRONOSTIA,C3,Bearing3_1,A_rms_3sigma,1,20,0.45098039215686275
PRONOSTIA,C3,Bearing3_1,B_mahalanobis,1,20,0.9215686274509803
PRONOSTIA,C3,Bearing3_1,A_rms_3sigma,1,20,0.9803921568627451
PRONOSTIA,C3,Bearing3_1,B_mahalanobis,1,20,1.0
PRONOSTIA,C3,Bearing3_1,A_rms_3sigma,1,20,0.5294117647058824
PRONOSTIA,C3,Bearing3_1,B_mahalanobis,1,20,0.9803921568627451
PRONOSTIA,C3,Bearing3_1,A_rms_3sigma,1,20,0.9803921568627451
PRONOSTIA,C3,Bearing3_1,B_mahalanobis,1,20,1.0
PRONOSTIA,C3,Bearing3_1,A_rms_3sigma,1,20,0.5490196078431373
PRONOSTIA,C3,Bearing3_1,B_mahalanobis,1,20,0.8431372549019608
PRONOSTIA,C3,Bearing3_1,A_rms_3sigma,1,20,0.9607843137254902
PRONOSTIA,C3,Bearing3_1,B_mahalanobis,1,20,1.0
PRONOSTIA,C3,Bearing3_1,A_rms_3sigma,2,20,0.6274509803921569
PRONOSTIA,C3,Bearing3_1,B_mahalanobis,2,20,0.0784313725490196
PRONOSTIA,C3,Bearing3_1,A_rms_3sigma,2,20,0.6274509803921569
PRONOSTIA,C3,Bearing3_1,B_mahalanobis,2,20,0.058823529411764705
PRONOSTIA,C3,Bearing3_1,A_rms_3sigma,2,20,0.803921568627451
PRONOSTIA,C3,Bearing3_1,B_mahalanobis,2,20,0.3137254901960784
PRONOSTIA,C3,Bearing3_1,A_rms_3sigma,2,20,0.6078431372549019
PRONOSTIA,C3,Bearing3_1,B_mahalanobis,2,20,0.3137254901960784
PRONOSTIA,C3,Bearing3_1,A_rms_3sigma,2,20,0.6274509803921569
PRONOSTIA,C3,Bearing3_1,B_mahalanobis,2,20,0.1568627450980392
PRONOSTIA,C3,Bearing3_1,A_rms_3sigma,2,20,0.37254901960784315
PRONOSTIA,C3,Bearing3_1,B_mahalanobis,2,20,0.13725490196078433
PRONOSTIA,C3,Bearing3_1,A_rms_3sigma,2,20,0.5490196078431373
PRONOSTIA,C3,Bearing3_1,B_mahalanobis,2,20,0.19607843137254902
PRONOSTIA,C3,Bearing3_1,A_rms_3sigma,2,20,0.7254901960784313
PRONOSTIA,C3,Bearing3_1,B_mahalanobis,2,20,0.5098039215686274
PRONOSTIA,C3,Bearing3_1,A_rms_3sigma,2,20,0.6862745098039216
PRONOSTIA,C3,Bearing3_1,B_mahalanobis,2,20,0.19607843137254902
PRONOSTIA,C3,Bearing3_1,A_rms_3sigma,2,20,0.3137254901960784
PRONOSTIA,C3,Bearing3_1,B_mahalanobis,2,20,0.27450980392156865
PRONOSTIA,C3,Bearing3_1,A_rms_3sigma,2,20,0.7647058823529411
PRONOSTIA,C3,Bearing3_1,B_mahalanobis,2,20,0.27450980392156865
PRONOSTIA,C3,Bearing3_1,A_rms_3sigma,2,20,0.7254901960784313
PRONOSTIA,C3,Bearing3_1,B_mahalanobis,2,20,0.1568627450980392
PRONOSTIA,C3,Bearing3_1,A_rms_3sigma,2,20,0.6274509803921569
PRONOSTIA,C3,Bearing3_1,B_mahalanobis,2,20,0.17647058823529413
PRONOSTIA,C3,Bearing3_1,A_rms_3sigma,2,20,0.7647058823529411
PRONOSTIA,C3,Bearing3_1,B_mahalanobis,2,20,0.17647058823529413
PRONOSTIA,C3,Bearing3_1,A_rms_3sigma,2,20,0.6862745098039216
PRONOSTIA,C3,Bearing3_1,B_mahalanobis,2,20,0.23529411764705882
PRONOSTIA,C3,Bearing3_1,A_rms_3sigma,2,20,0.5098039215686274
PRONOSTIA,C3,Bearing3_1,B_mahalanobis,2,20,0.1568627450980392
PRONOSTIA,C3,Bearing3_1,A_rms_3sigma,2,20,0.7647058823529411
PRONOSTIA,C3,Bearing3_1,B_mahalanobis,2,20,0.7254901960784313
PRONOSTIA,C3,Bearing3_1,A_rms_3sigma,2,20,0.5098039215686274
PRONOSTIA,C3,Bearing3_1,B_mahalanobis,2,20,0.058823529411764705
PRONOSTIA,C3,Bearing3_1,A_rms_3sigma,2,20,0.7647058823529411
PRONOSTIA,C3,Bearing3_1,B_mahalanobis,2,20,0.23529411764705882
PRONOSTIA,C3,Bearing3_1,A_rms_3sigma,2,20,0.6274509803921569
PRONOSTIA,C3,Bearing3_1,B_mahalanobis,2,20,0.13725490196078433
PRONOSTIA,C3,Bearing3_1,A_rms_3sigma,2,20,0.5490196078431373
PRONOSTIA,C3,Bearing3_1,B_mahalanobis,2,20,0.17647058823529413
PRONOSTIA,C3,Bearing3_1,A_rms_3sigma,2,20,0.6274509803921569
PRONOSTIA,C3,Bearing3_1,B_mahalanobis,2,20,0.11764705882352941
PRONOSTIA,C3,Bearing3_1,A_rms_3sigma,2,20,0.37254901960784315
PRONOSTIA,C3,Bearing3_1,B_mahalanobis,2,20,0.29411764705882354
PRONOSTIA,C3,Bearing3_1,A_rms_3sigma,2,20,0.5686274509803921
PRONOSTIA,C3,Bearing3_1,B_mahalanobis,2,20,0.39215686274509803
PRONOSTIA,C3,Bearing3_1,A_rms_3sigma,2,20,0.5490196078431373
PRONOSTIA,C3,Bearing3_1,B_mahalanobis,2,20,0.39215686274509803
PRONOSTIA,C3,Bearing3_1,A_rms_3sigma,2,20,0.45098039215686275
PRONOSTIA,C3,Bearing3_1,B_mahalanobis,2,20,0.09803921568627451
PRONOSTIA,C3,Bearing3_1,A_rms_3sigma,2,20,0.5098039215686274
PRONOSTIA,C3,Bearing3_1,B_mahalanobis,2,20,0.4117647058823529
PRONOSTIA,C3,Bearing3_1,A_rms_3sigma,2,20,0.6078431372549019
PRONOSTIA,C3,Bearing3_1,B_mahalanobis,2,20,0.29411764705882354
PRONOSTIA,C3,Bearing3_1,A_rms_3sigma,2,20,0.6862745098039216
PRONOSTIA,C3,Bearing3_1,B_mahalanobis,2,20,0.47058823529411764
PRONOSTIA,C3,Bearing3_1,A_rms_3sigma,2,20,0.6274509803921569
PRONOSTIA,C3,Bearing3_1,B_mahalanobis,2,20,0.2549019607843137
PRONOSTIA,C3,Bearing3_1,A_rms_3sigma,2,20,0.6274509803921569
PRONOSTIA,C3,Bearing3_1,B_mahalanobis,2,20,0.11764705882352941
PRONOSTIA,C3,Bearing3_1,A_rms_3sigma,2,20,0.6274509803921569
PRONOSTIA,C3,Bearing3_1,B_mahalanobis,2,20,0.11764705882352941
PRONOSTIA,C3,Bearing3_1,A_rms_3sigma,2,20,0.5098039215686274
PRONOSTIA,C3,Bearing3_1,B_mahalanobis,2,20,0.0392156862745098
PRONOSTIA,C3,Bearing3_1,A_rms_3sigma,2,20,0.7647058823529411
PRONOSTIA,C3,Bearing3_1,B_mahalanobis,2,20,0.39215686274509803
PRONOSTIA,C3,Bearing3_1,A_rms_3sigma,2,20,0.4117647058823529
PRONOSTIA,C3,Bearing3_1,B_mahalanobis,2,20,0.17647058823529413
PRONOSTIA,C3,Bearing3_1,A_rms_3sigma,2,20,0.7254901960784313
PRONOSTIA,C3,Bearing3_1,B_mahalanobis,2,20,0.11764705882352941
PRONOSTIA,C3,Bearing3_1,A_rms_3sigma,2,20,0.5098039215686274
PRONOSTIA,C3,Bearing3_1,B_mahalanobis,2,20,0.5098039215686274
PRONOSTIA,C3,Bearing3_1,A_rms_3sigma,2,20,0.6078431372549019
PRONOSTIA,C3,Bearing3_1,B_mahalanobis,2,20,0.17647058823529413
PRONOSTIA,C3,Bearing3_1,A_rms_3sigma,2,20,0.5098039215686274
PRONOSTIA,C3,Bearing3_1,B_mahalanobis,2,20,0.21568627450980393
PRONOSTIA,C3,Bearing3_1,A_rms_3sigma,2,20,0.6862745098039216
PRONOSTIA,C3,Bearing3_1,B_mahalanobis,2,20,0.4117647058823529
PRONOSTIA,C3,Bearing3_1,A_rms_3sigma,2,20,0.37254901960784315
PRONOSTIA,C3,Bearing3_1,B_mahalanobis,2,20,0.37254901960784315
PRONOSTIA,C3,Bearing3_1,A_rms_3sigma,2,20,0.6078431372549019
PRONOSTIA,C3,Bearing3_1,B_mahalanobis,2,20,0.2549019607843137
PRONOSTIA,C3,Bearing3_1,A_rms_3sigma,2,20,0.7254901960784313
PRONOSTIA,C3,Bearing3_1,B_mahalanobis,2,20,0.5294117647058824
PRONOSTIA,C3,Bearing3_1,A_rms_3sigma,2,20,0.5098039215686274
PRONOSTIA,C3,Bearing3_1,B_mahalanobis,2,20,0.13725490196078433
PRONOSTIA,C3,Bearing3_1,A_rms_3sigma,2,20,0.37254901960784315
PRONOSTIA,C3,Bearing3_1,B_mahalanobis,2,20,0.09803921568627451
PRONOSTIA,C3,Bearing3_1,A_rms_3sigma,2,20,0.37254901960784315
PRONOSTIA,C3,Bearing3_1,B_mahalanobis,2,20,0.29411764705882354
PRONOSTIA,C3,Bearing3_1,A_rms_3sigma,2,20,0.5294117647058824
PRONOSTIA,C3,Bearing3_1,B_mahalanobis,2,20,0.4117647058823529
PRONOSTIA,C3,Bearing3_1,A_rms_3sigma,2,20,0.7450980392156863
PRONOSTIA,C3,Bearing3_1,B_mahalanobis,2,20,0.2549019607843137
PRONOSTIA,C3,Bearing3_1,A_rms_3sigma,2,20,0.6862745098039216
PRONOSTIA,C3,Bearing3_1,B_mahalanobis,2,20,0.21568627450980393
PRONOSTIA,C3,Bearing3_1,A_rms_3sigma,2,20,0.6862745098039216
PRONOSTIA,C3,Bearing3_1,B_mahalanobis,2,20,0.5098039215686274
PRONOSTIA,C3,Bearing3_2,A_rms_3sigma,1,20,0.9166666666666666
PRONOSTIA,C3,Bearing3_2,B_mahalanobis,1,20,1.0
PRONOSTIA,C3,Bearing3_2,A_rms_3sigma,1,20,0.0
PRONOSTIA,C3,Bearing3_2,B_mahalanobis,1,20,0.9166666666666666
PRONOSTIA,C3,Bearing3_2,A_rms_3sigma,1,20,0.0
PRONOSTIA,C3,Bearing3_2,B_mahalanobis,1,20,0.6
PRONOSTIA,C3,Bearing3_2,A_rms_3sigma,1,20,0.9166666666666666
PRONOSTIA,C3,Bearing3_2,B_mahalanobis,1,20,0.9833333333333333
PRONOSTIA,C3,Bearing3_2,A_rms_3sigma,1,20,0.8833333333333333
PRONOSTIA,C3,Bearing3_2,B_mahalanobis,1,20,0.9666666666666667
PRONOSTIA,C3,Bearing3_2,A_rms_3sigma,1,20,0.8833333333333333
PRONOSTIA,C3,Bearing3_2,B_mahalanobis,1,20,1.0
PRONOSTIA,C3,Bearing3_2,A_rms_3sigma,1,20,0.8833333333333333
PRONOSTIA,C3,Bearing3_2,B_mahalanobis,1,20,1.0
PRONOSTIA,C3,Bearing3_2,A_rms_3sigma,1,20,0.8833333333333333
PRONOSTIA,C3,Bearing3_2,B_mahalanobis,1,20,0.9833333333333333
PRONOSTIA,C3,Bearing3_2,A_rms_3sigma,1,20,0.0
PRONOSTIA,C3,Bearing3_2,B_mahalanobis,1,20,0.5666666666666667
PRONOSTIA,C3,Bearing3_2,A_rms_3sigma,1,20,1.0
PRONOSTIA,C3,Bearing3_2,B_mahalanobis,1,20,1.0
PRONOSTIA,C3,Bearing3_2,A_rms_3sigma,1,20,0.0
PRONOSTIA,C3,Bearing3_2,B_mahalanobis,1,20,0.2833333333333333
PRONOSTIA,C3,Bearing3_2,A_rms_3sigma,1,20,0.0
PRONOSTIA,C3,Bearing3_2,B_mahalanobis,1,20,0.45
PRONOSTIA,C3,Bearing3_2,A_rms_3sigma,1,20,0.8833333333333333
PRONOSTIA,C3,Bearing3_2,B_mahalanobis,1,20,0.9833333333333333
PRONOSTIA,C3,Bearing3_2,A_rms_3sigma,1,20,0.8833333333333333
PRONOSTIA,C3,Bearing3_2,B_mahalanobis,1,20,1.0
PRONOSTIA,C3,Bearing3_2,A_rms_3sigma,1,20,0.0
PRONOSTIA,C3,Bearing3_2,B_mahalanobis,1,20,0.3
PRONOSTIA,C3,Bearing3_2,A_rms_3sigma,1,20,0.0
PRONOSTIA,C3,Bearing3_2,B_mahalanobis,1,20,0.15
PRONOSTIA,C3,Bearing3_2,A_rms_3sigma,1,20,0.0
PRONOSTIA,C3,Bearing3_2,B_mahalanobis,1,20,0.11666666666666667
PRONOSTIA,C3,Bearing3_2,A_rms_3sigma,1,20,0.0
PRONOSTIA,C3,Bearing3_2,B_mahalanobis,1,20,0.08333333333333333
PRONOSTIA,C3,Bearing3_2,A_rms_3sigma,1,20,0.8833333333333333
PRONOSTIA,C3,Bearing3_2,B_mahalanobis,1,20,0.9833333333333333
PRONOSTIA,C3,Bearing3_2,A_rms_3sigma,1,20,0.8833333333333333
PRONOSTIA,C3,Bearing3_2,B_mahalanobis,1,20,0.9666666666666667
PRONOSTIA,C3,Bearing3_2,A_rms_3sigma,1,20,0.8833333333333333
PRONOSTIA,C3,Bearing3_2,B_mahalanobis,1,20,1.0
PRONOSTIA,C3,Bearing3_2,A_rms_3sigma,1,20,0.8833333333333333
PRONOSTIA,C3,Bearing3_2,B_mahalanobis,1,20,0.95
PRONOSTIA,C3,Bearing3_2,A_rms_3sigma,1,20,0.8833333333333333
PRONOSTIA,C3,Bearing3_2,B_mahalanobis,1,20,0.9166666666666666
PRONOSTIA,C3,Bearing3_2,A_rms_3sigma,1,20,0.8833333333333333
PRONOSTIA,C3,Bearing3_2,B_mahalanobis,1,20,1.0
PRONOSTIA,C3,Bearing3_2,A_rms_3sigma,1,20,0.8833333333333333
PRONOSTIA,C3,Bearing3_2,B_mahalanobis,1,20,0.95
PRONOSTIA,C3,Bearing3_2,A_rms_3sigma,1,20,0.0
PRONOSTIA,C3,Bearing3_2,B_mahalanobis,1,20,0.5333333333333333
PRONOSTIA,C3,Bearing3_2,A_rms_3sigma,1,20,0.8833333333333333
PRONOSTIA,C3,Bearing3_2,B_mahalanobis,1,20,1.0
PRONOSTIA,C3,Bearing3_2,A_rms_3sigma,1,20,0.0
PRONOSTIA,C3,Bearing3_2,B_mahalanobis,1,20,0.6
PRONOSTIA,C3,Bearing3_2,A_rms_3sigma,1,20,0.9166666666666666
PRONOSTIA,C3,Bearing3_2,B_mahalanobis,1,20,1.0
PRONOSTIA,C3,Bearing3_2,A_rms_3sigma,1,20,0.8833333333333333
PRONOSTIA,C3,Bearing3_2,B_mahalanobis,1,20,1.0
PRONOSTIA,C3,Bearing3_2,A_rms_3sigma,1,20,0.8833333333333333
PRONOSTIA,C3,Bearing3_2,B_mahalanobis,1,20,1.0
PRONOSTIA,C3,Bearing3_2,A_rms_3sigma,1,20,0.9166666666666666
PRONOSTIA,C3,Bearing3_2,B_mahalanobis,1,20,1.0
PRONOSTIA,C3,Bearing3_2,A_rms_3sigma,1,20,0.0
PRONOSTIA,C3,Bearing3_2,B_mahalanobis,1,20,0.43333333333333335
PRONOSTIA,C3,Bearing3_2,A_rms_3sigma,1,20,0.9166666666666666
PRONOSTIA,C3,Bearing3_2,B_mahalanobis,1,20,1.0
PRONOSTIA,C3,Bearing3_2,A_rms_3sigma,1,20,1.0
PRONOSTIA,C3,Bearing3_2,B_mahalanobis,1,20,1.0
PRONOSTIA,C3,Bearing3_2,A_rms_3sigma,1,20,0.9166666666666666
PRONOSTIA,C3,Bearing3_2,B_mahalanobis,1,20,0.9833333333333333
PRONOSTIA,C3,Bearing3_2,A_rms_3sigma,1,20,0.0
PRONOSTIA,C3,Bearing3_2,B_mahalanobis,1,20,0.6666666666666666
PRONOSTIA,C3,Bearing3_2,A_rms_3sigma,1,20,0.0
PRONOSTIA,C3,Bearing3_2,B_mahalanobis,1,20,0.11666666666666667
PRONOSTIA,C3,Bearing3_2,A_rms_3sigma,1,20,0.0
PRONOSTIA,C3,Bearing3_2,B_mahalanobis,1,20,0.11666666666666667
PRONOSTIA,C3,Bearing3_2,A_rms_3sigma,1,20,0.8833333333333333
PRONOSTIA,C3,Bearing3_2,B_mahalanobis,1,20,0.9666666666666667
PRONOSTIA,C3,Bearing3_2,A_rms_3sigma,1,20,0.8833333333333333
PRONOSTIA,C3,Bearing3_2,B_mahalanobis,1,20,0.9833333333333333
PRONOSTIA,C3,Bearing3_2,A_rms_3sigma,1,20,0.0
PRONOSTIA,C3,Bearing3_2,B_mahalanobis,1,20,0.7
PRONOSTIA,C3,Bearing3_2,A_rms_3sigma,1,20,0.9333333333333333
PRONOSTIA,C3,Bearing3_2,B_mahalanobis,1,20,1.0
PRONOSTIA,C3,Bearing3_2,A_rms_3sigma,1,20,0.0
PRONOSTIA,C3,Bearing3_2,B_mahalanobis,1,20,0.11666666666666667
PRONOSTIA,C3,Bearing3_2,A_rms_3sigma,1,20,0.0
PRONOSTIA,C3,Bearing3_2,B_mahalanobis,1,20,0.43333333333333335
PRONOSTIA,C3,Bearing3_2,A_rms_3sigma,1,20,0.0
PRONOSTIA,C3,Bearing3_2,B_mahalanobis,1,20,0.11666666666666667
PRONOSTIA,C3,Bearing3_2,A_rms_3sigma,1,20,0.8833333333333333
PRONOSTIA,C3,Bearing3_2,B_mahalanobis,1,20,1.0
PRONOSTIA,C3,Bearing3_2,A_rms_3sigma,1,20,0.0
PRONOSTIA,C3,Bearing3_2,B_mahalanobis,1,20,0.4166666666666667
PRONOSTIA,C3,Bearing3_2,A_rms_3sigma,1,20,0.8833333333333333
PRONOSTIA,C3,Bearing3_2,B_mahalanobis,1,20,1.0
PRONOSTIA,C3,Bearing3_2,A_rms_3sigma,1,20,0.9333333333333333
PRONOSTIA,C3,Bearing3_2,B_mahalanobis,1,20,1.0
PRONOSTIA,C3,Bearing3_2,A_rms_3sigma,2,20,0.0
PRONOSTIA,C3,Bearing3_2,B_mahalanobis,2,20,0.3333333333333333
PRONOSTIA,C3,Bearing3_2,A_rms_3sigma,2,20,0.0
PRONOSTIA,C3,Bearing3_2,B_mahalanobis,2,20,0.11666666666666667
PRONOSTIA,C3,Bearing3_2,A_rms_3sigma,2,20,0.0
PRONOSTIA,C3,Bearing3_2,B_mahalanobis,2,20,0.13333333333333333
PRONOSTIA,C3,Bearing3_2,A_rms_3sigma,2,20,0.0
PRONOSTIA,C3,Bearing3_2,B_mahalanobis,2,20,0.08333333333333333
PRONOSTIA,C3,Bearing3_2,A_rms_3sigma,2,20,0.0
PRONOSTIA,C3,Bearing3_2,B_mahalanobis,2,20,0.15
PRONOSTIA,C3,Bearing3_2,A_rms_3sigma,2,20,0.016666666666666666
PRONOSTIA,C3,Bearing3_2,B_mahalanobis,2,20,0.16666666666666666
PRONOSTIA,C3,Bearing3_2,A_rms_3sigma,2,20,0.0
PRONOSTIA,C3,Bearing3_2,B_mahalanobis,2,20,0.11666666666666667
PRONOSTIA,C3,Bearing3_2,A_rms_3sigma,2,20,0.0
PRONOSTIA,C3,Bearing3_2,B_mahalanobis,2,20,0.2
PRONOSTIA,C3,Bearing3_2,A_rms_3sigma,2,20,0.0
PRONOSTIA,C3,Bearing3_2,B_mahalanobis,2,20,0.2833333333333333
PRONOSTIA,C3,Bearing3_2,A_rms_3sigma,2,20,0.0
PRONOSTIA,C3,Bearing3_2,B_mahalanobis,2,20,0.11666666666666667
PRONOSTIA,C3,Bearing3_2,A_rms_3sigma,2,20,0.0
PRONOSTIA,C3,Bearing3_2,B_mahalanobis,2,20,0.1
PRONOSTIA,C3,Bearing3_2,A_rms_3sigma,2,20,0.016666666666666666
PRONOSTIA,C3,Bearing3_2,B_mahalanobis,2,20,0.1
PRONOSTIA,C3,Bearing3_2,A_rms_3sigma,2,20,0.0
PRONOSTIA,C3,Bearing3_2,B_mahalanobis,2,20,0.1
PRONOSTIA,C3,Bearing3_2,A_rms_3sigma,2,20,0.016666666666666666
PRONOSTIA,C3,Bearing3_2,B_mahalanobis,2,20,0.06666666666666667
PRONOSTIA,C3,Bearing3_2,A_rms_3sigma,2,20,0.0
PRONOSTIA,C3,Bearing3_2,B_mahalanobis,2,20,0.15
PRONOSTIA,C3,Bearing3_2,A_rms_3sigma,2,20,0.0
PRONOSTIA,C3,Bearing3_2,B_mahalanobis,2,20,0.38333333333333336
PRONOSTIA,C3,Bearing3_2,A_rms_3sigma,2,20,0.0
PRONOSTIA,C3,Bearing3_2,B_mahalanobis,2,20,0.15
PRONOSTIA,C3,Bearing3_2,A_rms_3sigma,2,20,0.0
PRONOSTIA,C3,Bearing3_2,B_mahalanobis,2,20,0.06666666666666667
PRONOSTIA,C3,Bearing3_2,A_rms_3sigma,2,20,0.0
PRONOSTIA,C3,Bearing3_2,B_mahalanobis,2,20,0.06666666666666667
PRONOSTIA,C3,Bearing3_2,A_rms_3sigma,2,20,0.0
PRONOSTIA,C3,Bearing3_2,B_mahalanobis,2,20,0.06666666666666667
PRONOSTIA,C3,Bearing3_2,A_rms_3sigma,2,20,0.0
PRONOSTIA,C3,Bearing3_2,B_mahalanobis,2,20,0.1
PRONOSTIA,C3,Bearing3_2,A_rms_3sigma,2,20,0.0
PRONOSTIA,C3,Bearing3_2,B_mahalanobis,2,20,0.08333333333333333
PRONOSTIA,C3,Bearing3_2,A_rms_3sigma,2,20,0.0
PRONOSTIA,C3,Bearing3_2,B_mahalanobis,2,20,0.1
PRONOSTIA,C3,Bearing3_2,A_rms_3sigma,2,20,0.0
PRONOSTIA,C3,Bearing3_2,B_mahalanobis,2,20,0.11666666666666667
PRONOSTIA,C3,Bearing3_2,A_rms_3sigma,2,20,0.0
PRONOSTIA,C3,Bearing3_2,B_mahalanobis,2,20,0.08333333333333333
PRONOSTIA,C3,Bearing3_2,A_rms_3sigma,2,20,0.0
PRONOSTIA,C3,Bearing3_2,B_mahalanobis,2,20,0.15
PRONOSTIA,C3,Bearing3_2,A_rms_3sigma,2,20,0.0
PRONOSTIA,C3,Bearing3_2,B_mahalanobis,2,20,0.15
PRONOSTIA,C3,Bearing3_2,A_rms_3sigma,2,20,0.0
PRONOSTIA,C3,Bearing3_2,B_mahalanobis,2,20,0.08333333333333333
PRONOSTIA,C3,Bearing3_2,A_rms_3sigma,2,20,0.0
PRONOSTIA,C3,Bearing3_2,B_mahalanobis,2,20,0.1
PRONOSTIA,C3,Bearing3_2,A_rms_3sigma,2,20,0.0
PRONOSTIA,C3,Bearing3_2,B_mahalanobis,2,20,0.21666666666666667
PRONOSTIA,C3,Bearing3_2,A_rms_3sigma,2,20,0.0
PRONOSTIA,C3,Bearing3_2,B_mahalanobis,2,20,0.18333333333333332
PRONOSTIA,C3,Bearing3_2,A_rms_3sigma,2,20,0.0
PRONOSTIA,C3,Bearing3_2,B_mahalanobis,2,20,0.16666666666666666
PRONOSTIA,C3,Bearing3_2,A_rms_3sigma,2,20,0.0
PRONOSTIA,C3,Bearing3_2,B_mahalanobis,2,20,0.13333333333333333
PRONOSTIA,C3,Bearing3_2,A_rms_3sigma,2,20,0.0
PRONOSTIA,C3,Bearing3_2,B_mahalanobis,2,20,0.1
PRONOSTIA,C3,Bearing3_2,A_rms_3sigma,2,20,0.0
PRONOSTIA,C3,Bearing3_2,B_mahalanobis,2,20,0.06666666666666667
PRONOSTIA,C3,Bearing3_2,A_rms_3sigma,2,20,0.0
PRONOSTIA,C3,Bearing3_2,B_mahalanobis,2,20,0.1
PRONOSTIA,C3,Bearing3_2,A_rms_3sigma,2,20,0.0
PRONOSTIA,C3,Bearing3_2,B_mahalanobis,2,20,0.11666666666666667
PRONOSTIA,C3,Bearing3_2,A_rms_3sigma,2,20,0.0
PRONOSTIA,C3,Bearing3_2,B_mahalanobis,2,20,0.16666666666666666
PRONOSTIA,C3,Bearing3_2,A_rms_3sigma,2,20,0.0
PRONOSTIA,C3,Bearing3_2,B_mahalanobis,2,20,0.2
PRONOSTIA,C3,Bearing3_2,A_rms_3sigma,2,20,0.0
PRONOSTIA,C3,Bearing3_2,B_mahalanobis,2,20,0.26666666666666666
PRONOSTIA,C3,Bearing3_2,A_rms_3sigma,2,20,0.0
PRONOSTIA,C3,Bearing3_2,B_mahalanobis,2,20,0.08333333333333333
PRONOSTIA,C3,Bearing3_2,A_rms_3sigma,2,20,0.0
PRONOSTIA,C3,Bearing3_2,B_mahalanobis,2,20,0.1
PRONOSTIA,C3,Bearing3_2,A_rms_3sigma,2,20,0.0
PRONOSTIA,C3,Bearing3_2,B_mahalanobis,2,20,0.06666666666666667
PRONOSTIA,C3,Bearing3_2,A_rms_3sigma,2,20,0.0
PRONOSTIA,C3,Bearing3_2,B_mahalanobis,2,20,0.08333333333333333
PRONOSTIA,C3,Bearing3_2,A_rms_3sigma,2,20,0.0
PRONOSTIA,C3,Bearing3_2,B_mahalanobis,2,20,0.1
PRONOSTIA,C3,Bearing3_2,A_rms_3sigma,2,20,0.0
PRONOSTIA,C3,Bearing3_2,B_mahalanobis,2,20,0.15
PRONOSTIA,C3,Bearing3_2,A_rms_3sigma,2,20,0.0
PRONOSTIA,C3,Bearing3_2,B_mahalanobis,2,20,0.13333333333333333
PRONOSTIA,C3,Bearing3_2,A_rms_3sigma,2,20,0.0
PRONOSTIA,C3,Bearing3_2,B_mahalanobis,2,20,0.13333333333333333
PRONOSTIA,C3,Bearing3_2,A_rms_3sigma,2,20,0.0
PRONOSTIA,C3,Bearing3_2,B_mahalanobis,2,20,0.26666666666666666
PRONOSTIA,C3,Bearing3_2,A_rms_3sigma,2,20,0.0
PRONOSTIA,C3,Bearing3_2,B_mahalanobis,2,20,0.25
PRONOSTIA,C3,Bearing3_3,A_rms_3sigma,1,20,0.0
PRONOSTIA,C3,Bearing3_3,B_mahalanobis,1,20,1.0
PRONOSTIA,C3,Bearing3_3,A_rms_3sigma,1,20,0.0
PRONOSTIA,C3,Bearing3_3,B_mahalanobis,1,20,1.0
PRONOSTIA,C3,Bearing3_3,A_rms_3sigma,1,20,0.0
PRONOSTIA,C3,Bearing3_3,B_mahalanobis,1,20,1.0
PRONOSTIA,C3,Bearing3_3,A_rms_3sigma,1,20,0.0
PRONOSTIA,C3,Bearing3_3,B_mahalanobis,1,20,1.0
PRONOSTIA,C3,Bearing3_3,A_rms_3sigma,1,20,0.0
PRONOSTIA,C3,Bearing3_3,B_mahalanobis,1,20,1.0
PRONOSTIA,C3,Bearing3_3,A_rms_3sigma,1,20,0.0
PRONOSTIA,C3,Bearing3_3,B_mahalanobis,1,20,1.0
PRONOSTIA,C3,Bearing3_3,A_rms_3sigma,1,20,0.0
PRONOSTIA,C3,Bearing3_3,B_mahalanobis,1,20,1.0
PRONOSTIA,C3,Bearing3_3,A_rms_3sigma,1,20,0.0
PRONOSTIA,C3,Bearing3_3,B_mahalanobis,1,20,1.0
PRONOSTIA,C3,Bearing3_3,A_rms_3sigma,1,20,0.0
PRONOSTIA,C3,Bearing3_3,B_mahalanobis,1,20,1.0
PRONOSTIA,C3,Bearing3_3,A_rms_3sigma,1,20,0.0
PRONOSTIA,C3,Bearing3_3,B_mahalanobis,1,20,1.0
PRONOSTIA,C3,Bearing3_3,A_rms_3sigma,1,20,0.0
PRONOSTIA,C3,Bearing3_3,B_mahalanobis,1,20,1.0
PRONOSTIA,C3,Bearing3_3,A_rms_3sigma,1,20,0.0
PRONOSTIA,C3,Bearing3_3,B_mahalanobis,1,20,1.0
PRONOSTIA,C3,Bearing3_3,A_rms_3sigma,1,20,0.0
PRONOSTIA,C3,Bearing3_3,B_mahalanobis,1,20,1.0
PRONOSTIA,C3,Bearing3_3,A_rms_3sigma,1,20,0.0
PRONOSTIA,C3,Bearing3_3,B_mahalanobis,1,20,1.0
PRONOSTIA,C3,Bearing3_3,A_rms_3sigma,1,20,0.0
PRONOSTIA,C3,Bearing3_3,B_mahalanobis,1,20,1.0
PRONOSTIA,C3,Bearing3_3,A_rms_3sigma,1,20,0.0
PRONOSTIA,C3,Bearing3_3,B_mahalanobis,1,20,1.0
PRONOSTIA,C3,Bearing3_3,A_rms_3sigma,1,20,0.0
PRONOSTIA,C3,Bearing3_3,B_mahalanobis,1,20,1.0
PRONOSTIA,C3,Bearing3_3,A_rms_3sigma,1,20,0.0
PRONOSTIA,C3,Bearing3_3,B_mahalanobis,1,20,1.0
PRONOSTIA,C3,Bearing3_3,A_rms_3sigma,1,20,0.0
PRONOSTIA,C3,Bearing3_3,B_mahalanobis,1,20,1.0
PRONOSTIA,C3,Bearing3_3,A_rms_3sigma,1,20,0.0
PRONOSTIA,C3,Bearing3_3,B_mahalanobis,1,20,1.0
PRONOSTIA,C3,Bearing3_3,A_rms_3sigma,1,20,0.0
PRONOSTIA,C3,Bearing3_3,B_mahalanobis,1,20,1.0
PRONOSTIA,C3,Bearing3_3,A_rms_3sigma,1,20,0.0
PRONOSTIA,C3,Bearing3_3,B_mahalanobis,1,20,1.0
PRONOSTIA,C3,Bearing3_3,A_rms_3sigma,1,20,0.0
PRONOSTIA,C3,Bearing3_3,B_mahalanobis,1,20,1.0
PRONOSTIA,C3,Bearing3_3,A_rms_3sigma,1,20,0.0
PRONOSTIA,C3,Bearing3_3,B_mahalanobis,1,20,1.0
PRONOSTIA,C3,Bearing3_3,A_rms_3sigma,1,20,0.0
PRONOSTIA,C3,Bearing3_3,B_mahalanobis,1,20,0.9534883720930233
PRONOSTIA,C3,Bearing3_3,A_rms_3sigma,1,20,0.0
PRONOSTIA,C3,Bearing3_3,B_mahalanobis,1,20,1.0
PRONOSTIA,C3,Bearing3_3,A_rms_3sigma,1,20,0.0
PRONOSTIA,C3,Bearing3_3,B_mahalanobis,1,20,1.0
PRONOSTIA,C3,Bearing3_3,A_rms_3sigma,1,20,0.0
PRONOSTIA,C3,Bearing3_3,B_mahalanobis,1,20,1.0
PRONOSTIA,C3,Bearing3_3,A_rms_3sigma,1,20,0.0
PRONOSTIA,C3,Bearing3_3,B_mahalanobis,1,20,1.0
PRONOSTIA,C3,Bearing3_3,A_rms_3sigma,1,20,0.0
PRONOSTIA,C3,Bearing3_3,B_mahalanobis,1,20,1.0
PRONOSTIA,C3,Bearing3_3,A_rms_3sigma,1,20,0.0
PRONOSTIA,C3,Bearing3_3,B_mahalanobis,1,20,1.0
PRONOSTIA,C3,Bearing3_3,A_rms_3sigma,1,20,0.0
PRONOSTIA,C3,Bearing3_3,B_mahalanobis,1,20,1.0
PRONOSTIA,C3,Bearing3_3,A_rms_3sigma,1,20,0.0
PRONOSTIA,C3,Bearing3_3,B_mahalanobis,1,20,1.0
PRONOSTIA,C3,Bearing3_3,A_rms_3sigma,1,20,0.0
PRONOSTIA,C3,Bearing3_3,B_mahalanobis,1,20,1.0
PRONOSTIA,C3,Bearing3_3,A_rms_3sigma,1,20,0.0
PRONOSTIA,C3,Bearing3_3,B_mahalanobis,1,20,1.0
PRONOSTIA,C3,Bearing3_3,A_rms_3sigma,1,20,0.0
PRONOSTIA,C3,Bearing3_3,B_mahalanobis,1,20,1.0
PRONOSTIA,C3,Bearing3_3,A_rms_3sigma,1,20,0.0
PRONOSTIA,C3,Bearing3_3,B_mahalanobis,1,20,1.0
PRONOSTIA,C3,Bearing3_3,A_rms_3sigma,1,20,0.0
PRONOSTIA,C3,Bearing3_3,B_mahalanobis,1,20,1.0
PRONOSTIA,C3,Bearing3_3,A_rms_3sigma,1,20,0.0
PRONOSTIA,C3,Bearing3_3,B_mahalanobis,1,20,1.0
PRONOSTIA,C3,Bearing3_3,A_rms_3sigma,1,20,0.0
PRONOSTIA,C3,Bearing3_3,B_mahalanobis,1,20,1.0
PRONOSTIA,C3,Bearing3_3,A_rms_3sigma,1,20,0.0
PRONOSTIA,C3,Bearing3_3,B_mahalanobis,1,20,1.0
PRONOSTIA,C3,Bearing3_3,A_rms_3sigma,1,20,0.0
PRONOSTIA,C3,Bearing3_3,B_mahalanobis,1,20,1.0
PRONOSTIA,C3,Bearing3_3,A_rms_3sigma,1,20,0.0
PRONOSTIA,C3,Bearing3_3,B_mahalanobis,1,20,1.0
PRONOSTIA,C3,Bearing3_3,A_rms_3sigma,1,20,0.0
PRONOSTIA,C3,Bearing3_3,B_mahalanobis,1,20,1.0
PRONOSTIA,C3,Bearing3_3,A_rms_3sigma,1,20,0.0
PRONOSTIA,C3,Bearing3_3,B_mahalanobis,1,20,1.0
PRONOSTIA,C3,Bearing3_3,A_rms_3sigma,1,20,0.0
PRONOSTIA,C3,Bearing3_3,B_mahalanobis,1,20,1.0
PRONOSTIA,C3,Bearing3_3,A_rms_3sigma,1,20,0.0
PRONOSTIA,C3,Bearing3_3,B_mahalanobis,1,20,1.0
PRONOSTIA,C3,Bearing3_3,A_rms_3sigma,1,20,0.0
PRONOSTIA,C3,Bearing3_3,B_mahalanobis,1,20,1.0
PRONOSTIA,C3,Bearing3_3,A_rms_3sigma,1,20,0.0
PRONOSTIA,C3,Bearing3_3,B_mahalanobis,1,20,1.0
PRONOSTIA,C3,Bearing3_3,A_rms_3sigma,1,20,0.0
PRONOSTIA,C3,Bearing3_3,B_mahalanobis,1,20,1.0
PRONOSTIA,C3,Bearing3_3,A_rms_3sigma,2,20,0.0
PRONOSTIA,C3,Bearing3_3,B_mahalanobis,2,20,1.0
PRONOSTIA,C3,Bearing3_3,A_rms_3sigma,2,20,0.0
PRONOSTIA,C3,Bearing3_3,B_mahalanobis,2,20,1.0
PRONOSTIA,C3,Bearing3_3,A_rms_3sigma,2,20,0.0
PRONOSTIA,C3,Bearing3_3,B_mahalanobis,2,20,1.0
PRONOSTIA,C3,Bearing3_3,A_rms_3sigma,2,20,0.0
PRONOSTIA,C3,Bearing3_3,B_mahalanobis,2,20,0.9302325581395349
PRONOSTIA,C3,Bearing3_3,A_rms_3sigma,2,20,0.0
PRONOSTIA,C3,Bearing3_3,B_mahalanobis,2,20,1.0
PRONOSTIA,C3,Bearing3_3,A_rms_3sigma,2,20,0.0
PRONOSTIA,C3,Bearing3_3,B_mahalanobis,2,20,0.8604651162790697
PRONOSTIA,C3,Bearing3_3,A_rms_3sigma,2,20,0.0
PRONOSTIA,C3,Bearing3_3,B_mahalanobis,2,20,0.9767441860465116
PRONOSTIA,C3,Bearing3_3,A_rms_3sigma,2,20,0.0
PRONOSTIA,C3,Bearing3_3,B_mahalanobis,2,20,1.0
PRONOSTIA,C3,Bearing3_3,A_rms_3sigma,2,20,0.0
PRONOSTIA,C3,Bearing3_3,B_mahalanobis,2,20,0.8837209302325582
PRONOSTIA,C3,Bearing3_3,A_rms_3sigma,2,20,0.0
PRONOSTIA,C3,Bearing3_3,B_mahalanobis,2,20,0.9767441860465116
PRONOSTIA,C3,Bearing3_3,A_rms_3sigma,2,20,0.0
PRONOSTIA,C3,Bearing3_3,B_mahalanobis,2,20,1.0
PRONOSTIA,C3,Bearing3_3,A_rms_3sigma,2,20,0.0
PRONOSTIA,C3,Bearing3_3,B_mahalanobis,2,20,1.0
PRONOSTIA,C3,Bearing3_3,A_rms_3sigma,2,20,0.0
PRONOSTIA,C3,Bearing3_3,B_mahalanobis,2,20,1.0
PRONOSTIA,C3,Bearing3_3,A_rms_3sigma,2,20,0.0
PRONOSTIA,C3,Bearing3_3,B_mahalanobis,2,20,0.9302325581395349
PRONOSTIA,C3,Bearing3_3,A_rms_3sigma,2,20,0.0
PRONOSTIA,C3,Bearing3_3,B_mahalanobis,2,20,1.0
PRONOSTIA,C3,Bearing3_3,A_rms_3sigma,2,20,0.0
PRONOSTIA,C3,Bearing3_3,B_mahalanobis,2,20,0.8837209302325582
PRONOSTIA,C3,Bearing3_3,A_rms_3sigma,2,20,0.0
PRONOSTIA,C3,Bearing3_3,B_mahalanobis,2,20,1.0
PRONOSTIA,C3,Bearing3_3,A_rms_3sigma,2,20,0.0
PRONOSTIA,C3,Bearing3_3,B_mahalanobis,2,20,1.0
PRONOSTIA,C3,Bearing3_3,A_rms_3sigma,2,20,0.0
PRONOSTIA,C3,Bearing3_3,B_mahalanobis,2,20,0.9534883720930233
PRONOSTIA,C3,Bearing3_3,A_rms_3sigma,2,20,0.0
PRONOSTIA,C3,Bearing3_3,B_mahalanobis,2,20,1.0
PRONOSTIA,C3,Bearing3_3,A_rms_3sigma,2,20,0.0
PRONOSTIA,C3,Bearing3_3,B_mahalanobis,2,20,1.0
PRONOSTIA,C3,Bearing3_3,A_rms_3sigma,2,20,0.0
PRONOSTIA,C3,Bearing3_3,B_mahalanobis,2,20,1.0
PRONOSTIA,C3,Bearing3_3,A_rms_3sigma,2,20,0.0
PRONOSTIA,C3,Bearing3_3,B_mahalanobis,2,20,1.0
PRONOSTIA,C3,Bearing3_3,A_rms_3sigma,2,20,0.0
PRONOSTIA,C3,Bearing3_3,B_mahalanobis,2,20,1.0
PRONOSTIA,C3,Bearing3_3,A_rms_3sigma,2,20,0.0
PRONOSTIA,C3,Bearing3_3,B_mahalanobis,2,20,1.0
PRONOSTIA,C3,Bearing3_3,A_rms_3sigma,2,20,0.0
PRONOSTIA,C3,Bearing3_3,B_mahalanobis,2,20,1.0
PRONOSTIA,C3,Bearing3_3,A_rms_3sigma,2,20,0.0
PRONOSTIA,C3,Bearing3_3,B_mahalanobis,2,20,1.0
PRONOSTIA,C3,Bearing3_3,A_rms_3sigma,2,20,0.0
PRONOSTIA,C3,Bearing3_3,B_mahalanobis,2,20,1.0
PRONOSTIA,C3,Bearing3_3,A_rms_3sigma,2,20,0.0
PRONOSTIA,C3,Bearing3_3,B_mahalanobis,2,20,1.0
PRONOSTIA,C3,Bearing3_3,A_rms_3sigma,2,20,0.0
PRONOSTIA,C3,Bearing3_3,B_mahalanobis,2,20,0.8604651162790697
PRONOSTIA,C3,Bearing3_3,A_rms_3sigma,2,20,0.0
PRONOSTIA,C3,Bearing3_3,B_mahalanobis,2,20,1.0
PRONOSTIA,C3,Bearing3_3,A_rms_3sigma,2,20,0.0
PRONOSTIA,C3,Bearing3_3,B_mahalanobis,2,20,1.0
PRONOSTIA,C3,Bearing3_3,A_rms_3sigma,2,20,0.0
PRONOSTIA,C3,Bearing3_3,B_mahalanobis,2,20,1.0
PRONOSTIA,C3,Bearing3_3,A_rms_3sigma,2,20,0.0
PRONOSTIA,C3,Bearing3_3,B_mahalanobis,2,20,1.0
PRONOSTIA,C3,Bearing3_3,A_rms_3sigma,2,20,0.0
PRONOSTIA,C3,Bearing3_3,B_mahalanobis,2,20,0.9069767441860465
PRONOSTIA,C3,Bearing3_3,A_rms_3sigma,2,20,0.0
PRONOSTIA,C3,Bearing3_3,B_mahalanobis,2,20,1.0
PRONOSTIA,C3,Bearing3_3,A_rms_3sigma,2,20,0.0
PRONOSTIA,C3,Bearing3_3,B_mahalanobis,2,20,1.0
PRONOSTIA,C3,Bearing3_3,A_rms_3sigma,2,20,0.0
PRONOSTIA,C3,Bearing3_3,B_mahalanobis,2,20,0.7906976744186046
PRONOSTIA,C3,Bearing3_3,A_rms_3sigma,2,20,0.0
PRONOSTIA,C3,Bearing3_3,B_mahalanobis,2,20,1.0
PRONOSTIA,C3,Bearing3_3,A_rms_3sigma,2,20,0.0
PRONOSTIA,C3,Bearing3_3,B_mahalanobis,2,20,0.9302325581395349
PRONOSTIA,C3,Bearing3_3,A_rms_3sigma,2,20,0.0
PRONOSTIA,C3,Bearing3_3,B_mahalanobis,2,20,1.0
PRONOSTIA,C3,Bearing3_3,A_rms_3sigma,2,20,0.0
PRONOSTIA,C3,Bearing3_3,B_mahalanobis,2,20,1.0
PRONOSTIA,C3,Bearing3_3,A_rms_3sigma,2,20,0.0
PRONOSTIA,C3,Bearing3_3,B_mahalanobis,2,20,1.0
PRONOSTIA,C3,Bearing3_3,A_rms_3sigma,2,20,0.0
PRONOSTIA,C3,Bearing3_3,B_mahalanobis,2,20,1.0
PRONOSTIA,C3,Bearing3_3,A_rms_3sigma,2,20,0.0
PRONOSTIA,C3,Bearing3_3,B_mahalanobis,2,20,1.0
PRONOSTIA,C3,Bearing3_3,A_rms_3sigma,2,20,0.0
PRONOSTIA,C3,Bearing3_3,B_mahalanobis,2,20,0.9534883720930233
PRONOSTIA,C3,Bearing3_3,A_rms_3sigma,2,20,0.0
PRONOSTIA,C3,Bearing3_3,B_mahalanobis,2,20,1.0
PRONOSTIA,C3,Bearing3_3,A_rms_3sigma,2,20,0.0
PRONOSTIA,C3,Bearing3_3,B_mahalanobis,2,20,0.9069767441860465
PRONOSTIA,C3,Bearing3_3,A_rms_3sigma,2,20,0.0
PRONOSTIA,C3,Bearing3_3,B_mahalanobis,2,20,1.0
PRONOSTIA,C3,Bearing3_3,A_rms_3sigma,2,20,0.0
PRONOSTIA,C3,Bearing3_3,B_mahalanobis,2,20,1.0
XJTU-SY,35Hz12kN,Bearing1_1,A_rms_3sigma,1,20,0.75
XJTU-SY,35Hz12kN,Bearing1_1,B_mahalanobis,1,20,1.0
XJTU-SY,35Hz12kN,Bearing1_1,A_rms_3sigma,1,20,0.75
XJTU-SY,35Hz12kN,Bearing1_1,B_mahalanobis,1,20,1.0
XJTU-SY,35Hz12kN,Bearing1_1,A_rms_3sigma,1,20,0.75
XJTU-SY,35Hz12kN,Bearing1_1,B_mahalanobis,1,20,1.0
XJTU-SY,35Hz12kN,Bearing1_1,A_rms_3sigma,1,20,1.0
XJTU-SY,35Hz12kN,Bearing1_1,B_mahalanobis,1,20,1.0
XJTU-SY,35Hz12kN,Bearing1_1,A_rms_3sigma,1,20,1.0
XJTU-SY,35Hz12kN,Bearing1_1,B_mahalanobis,1,20,1.0
XJTU-SY,35Hz12kN,Bearing1_1,A_rms_3sigma,1,20,1.0
XJTU-SY,35Hz12kN,Bearing1_1,B_mahalanobis,1,20,1.0
XJTU-SY,35Hz12kN,Bearing1_1,A_rms_3sigma,1,20,0.75
XJTU-SY,35Hz12kN,Bearing1_1,B_mahalanobis,1,20,1.0
XJTU-SY,35Hz12kN,Bearing1_1,A_rms_3sigma,1,20,1.0
XJTU-SY,35Hz12kN,Bearing1_1,B_mahalanobis,1,20,1.0
XJTU-SY,35Hz12kN,Bearing1_1,A_rms_3sigma,1,20,1.0
XJTU-SY,35Hz12kN,Bearing1_1,B_mahalanobis,1,20,1.0
XJTU-SY,35Hz12kN,Bearing1_1,A_rms_3sigma,1,20,0.75
XJTU-SY,35Hz12kN,Bearing1_1,B_mahalanobis,1,20,1.0
XJTU-SY,35Hz12kN,Bearing1_1,A_rms_3sigma,1,20,1.0
XJTU-SY,35Hz12kN,Bearing1_1,B_mahalanobis,1,20,1.0
XJTU-SY,35Hz12kN,Bearing1_1,A_rms_3sigma,1,20,1.0
XJTU-SY,35Hz12kN,Bearing1_1,B_mahalanobis,1,20,1.0
XJTU-SY,35Hz12kN,Bearing1_1,A_rms_3sigma,1,20,1.0
XJTU-SY,35Hz12kN,Bearing1_1,B_mahalanobis,1,20,1.0
XJTU-SY,35Hz12kN,Bearing1_1,A_rms_3sigma,1,20,0.75
XJTU-SY,35Hz12kN,Bearing1_1,B_mahalanobis,1,20,1.0
XJTU-SY,35Hz12kN,Bearing1_1,A_rms_3sigma,1,20,1.0
XJTU-SY,35Hz12kN,Bearing1_1,B_mahalanobis,1,20,1.0
XJTU-SY,35Hz12kN,Bearing1_1,A_rms_3sigma,1,20,0.75
XJTU-SY,35Hz12kN,Bearing1_1,B_mahalanobis,1,20,1.0
XJTU-SY,35Hz12kN,Bearing1_1,A_rms_3sigma,1,20,1.0
XJTU-SY,35Hz12kN,Bearing1_1,B_mahalanobis,1,20,1.0
XJTU-SY,35Hz12kN,Bearing1_1,A_rms_3sigma,1,20,1.0
XJTU-SY,35Hz12kN,Bearing1_1,B_mahalanobis,1,20,1.0
XJTU-SY,35Hz12kN,Bearing1_1,A_rms_3sigma,1,20,0.75
XJTU-SY,35Hz12kN,Bearing1_1,B_mahalanobis,1,20,1.0
XJTU-SY,35Hz12kN,Bearing1_1,A_rms_3sigma,1,20,1.0
XJTU-SY,35Hz12kN,Bearing1_1,B_mahalanobis,1,20,1.0
XJTU-SY,35Hz12kN,Bearing1_1,A_rms_3sigma,1,20,0.75
XJTU-SY,35Hz12kN,Bearing1_1,B_mahalanobis,1,20,1.0
XJTU-SY,35Hz12kN,Bearing1_1,A_rms_3sigma,1,20,0.75
XJTU-SY,35Hz12kN,Bearing1_1,B_mahalanobis,1,20,1.0
XJTU-SY,35Hz12kN,Bearing1_1,A_rms_3sigma,1,20,1.0
XJTU-SY,35Hz12kN,Bearing1_1,B_mahalanobis,1,20,1.0
XJTU-SY,35Hz12kN,Bearing1_1,A_rms_3sigma,1,20,1.0
XJTU-SY,35Hz12kN,Bearing1_1,B_mahalanobis,1,20,1.0
XJTU-SY,35Hz12kN,Bearing1_1,A_rms_3sigma,1,20,1.0
XJTU-SY,35Hz12kN,Bearing1_1,B_mahalanobis,1,20,1.0
XJTU-SY,35Hz12kN,Bearing1_1,A_rms_3sigma,1,20,0.75
XJTU-SY,35Hz12kN,Bearing1_1,B_mahalanobis,1,20,1.0
XJTU-SY,35Hz12kN,Bearing1_1,A_rms_3sigma,1,20,1.0
XJTU-SY,35Hz12kN,Bearing1_1,B_mahalanobis,1,20,1.0
XJTU-SY,35Hz12kN,Bearing1_1,A_rms_3sigma,1,20,0.75
XJTU-SY,35Hz12kN,Bearing1_1,B_mahalanobis,1,20,1.0
XJTU-SY,35Hz12kN,Bearing1_1,A_rms_3sigma,1,20,0.75
XJTU-SY,35Hz12kN,Bearing1_1,B_mahalanobis,1,20,1.0
XJTU-SY,35Hz12kN,Bearing1_1,A_rms_3sigma,1,20,0.75
XJTU-SY,35Hz12kN,Bearing1_1,B_mahalanobis,1,20,1.0
XJTU-SY,35Hz12kN,Bearing1_1,A_rms_3sigma,1,20,0.75
XJTU-SY,35Hz12kN,Bearing1_1,B_mahalanobis,1,20,1.0
XJTU-SY,35Hz12kN,Bearing1_1,A_rms_3sigma,1,20,0.75
XJTU-SY,35Hz12kN,Bearing1_1,B_mahalanobis,1,20,1.0
XJTU-SY,35Hz12kN,Bearing1_1,A_rms_3sigma,1,20,1.0
XJTU-SY,35Hz12kN,Bearing1_1,B_mahalanobis,1,20,1.0
XJTU-SY,35Hz12kN,Bearing1_1,A_rms_3sigma,1,20,1.0
XJTU-SY,35Hz12kN,Bearing1_1,B_mahalanobis,1,20,1.0
XJTU-SY,35Hz12kN,Bearing1_1,A_rms_3sigma,1,20,1.0
XJTU-SY,35Hz12kN,Bearing1_1,B_mahalanobis,1,20,1.0
XJTU-SY,35Hz12kN,Bearing1_1,A_rms_3sigma,1,20,0.75
XJTU-SY,35Hz12kN,Bearing1_1,B_mahalanobis,1,20,1.0
XJTU-SY,35Hz12kN,Bearing1_1,A_rms_3sigma,1,20,1.0
XJTU-SY,35Hz12kN,Bearing1_1,B_mahalanobis,1,20,1.0
XJTU-SY,35Hz12kN,Bearing1_1,A_rms_3sigma,1,20,1.0
XJTU-SY,35Hz12kN,Bearing1_1,B_mahalanobis,1,20,1.0
XJTU-SY,35Hz12kN,Bearing1_1,A_rms_3sigma,1,20,1.0
XJTU-SY,35Hz12kN,Bearing1_1,B_mahalanobis,1,20,1.0
XJTU-SY,35Hz12kN,Bearing1_1,A_rms_3sigma,1,20,1.0
XJTU-SY,35Hz12kN,Bearing1_1,B_mahalanobis,1,20,1.0
XJTU-SY,35Hz12kN,Bearing1_1,A_rms_3sigma,1,20,0.75
XJTU-SY,35Hz12kN,Bearing1_1,B_mahalanobis,1,20,1.0
XJTU-SY,35Hz12kN,Bearing1_1,A_rms_3sigma,1,20,1.0
XJTU-SY,35Hz12kN,Bearing1_1,B_mahalanobis,1,20,1.0
XJTU-SY,35Hz12kN,Bearing1_1,A_rms_3sigma,1,20,1.0
XJTU-SY,35Hz12kN,Bearing1_1,B_mahalanobis,1,20,1.0
XJTU-SY,35Hz12kN,Bearing1_1,A_rms_3sigma,1,20,1.0
XJTU-SY,35Hz12kN,Bearing1_1,B_mahalanobis,1,20,1.0
XJTU-SY,35Hz12kN,Bearing1_1,A_rms_3sigma,1,20,0.75
XJTU-SY,35Hz12kN,Bearing1_1,B_mahalanobis,1,20,1.0
XJTU-SY,35Hz12kN,Bearing1_1,A_rms_3sigma,1,20,1.0
XJTU-SY,35Hz12kN,Bearing1_1,B_mahalanobis,1,20,1.0
XJTU-SY,35Hz12kN,Bearing1_1,A_rms_3sigma,1,20,1.0
XJTU-SY,35Hz12kN,Bearing1_1,B_mahalanobis,1,20,1.0
XJTU-SY,35Hz12kN,Bearing1_1,A_rms_3sigma,1,20,0.75
XJTU-SY,35Hz12kN,Bearing1_1,B_mahalanobis,1,20,1.0
XJTU-SY,35Hz12kN,Bearing1_1,A_rms_3sigma,1,20,1.0
XJTU-SY,35Hz12kN,Bearing1_1,B_mahalanobis,1,20,1.0
XJTU-SY,35Hz12kN,Bearing1_1,A_rms_3sigma,1,20,1.0
XJTU-SY,35Hz12kN,Bearing1_1,B_mahalanobis,1,20,1.0
XJTU-SY,35Hz12kN,Bearing1_1,A_rms_3sigma,2,20,1.0
XJTU-SY,35Hz12kN,Bearing1_1,B_mahalanobis,2,20,1.0
XJTU-SY,35Hz12kN,Bearing1_1,A_rms_3sigma,2,20,0.75
XJTU-SY,35Hz12kN,Bearing1_1,B_mahalanobis,2,20,1.0
XJTU-SY,35Hz12kN,Bearing1_1,A_rms_3sigma,2,20,0.8
XJTU-SY,35Hz12kN,Bearing1_1,B_mahalanobis,2,20,1.0
XJTU-SY,35Hz12kN,Bearing1_1,A_rms_3sigma,2,20,0.75
XJTU-SY,35Hz12kN,Bearing1_1,B_mahalanobis,2,20,1.0
XJTU-SY,35Hz12kN,Bearing1_1,A_rms_3sigma,2,20,1.0
XJTU-SY,35Hz12kN,Bearing1_1,B_mahalanobis,2,20,1.0
XJTU-SY,35Hz12kN,Bearing1_1,A_rms_3sigma,2,20,0.75
XJTU-SY,35Hz12kN,Bearing1_1,B_mahalanobis,2,20,1.0
XJTU-SY,35Hz12kN,Bearing1_1,A_rms_3sigma,2,20,0.75
XJTU-SY,35Hz12kN,Bearing1_1,B_mahalanobis,2,20,1.0
XJTU-SY,35Hz12kN,Bearing1_1,A_rms_3sigma,2,20,1.0
XJTU-SY,35Hz12kN,Bearing1_1,B_mahalanobis,2,20,1.0
XJTU-SY,35Hz12kN,Bearing1_1,A_rms_3sigma,2,20,0.75
XJTU-SY,35Hz12kN,Bearing1_1,B_mahalanobis,2,20,1.0
XJTU-SY,35Hz12kN,Bearing1_1,A_rms_3sigma,2,20,0.75
XJTU-SY,35Hz12kN,Bearing1_1,B_mahalanobis,2,20,1.0
XJTU-SY,35Hz12kN,Bearing1_1,A_rms_3sigma,2,20,0.75
XJTU-SY,35Hz12kN,Bearing1_1,B_mahalanobis,2,20,1.0
XJTU-SY,35Hz12kN,Bearing1_1,A_rms_3sigma,2,20,0.75
XJTU-SY,35Hz12kN,Bearing1_1,B_mahalanobis,2,20,1.0
XJTU-SY,35Hz12kN,Bearing1_1,A_rms_3sigma,2,20,0.75
XJTU-SY,35Hz12kN,Bearing1_1,B_mahalanobis,2,20,1.0
XJTU-SY,35Hz12kN,Bearing1_1,A_rms_3sigma,2,20,0.75
XJTU-SY,35Hz12kN,Bearing1_1,B_mahalanobis,2,20,1.0
XJTU-SY,35Hz12kN,Bearing1_1,A_rms_3sigma,2,20,0.75
XJTU-SY,35Hz12kN,Bearing1_1,B_mahalanobis,2,20,1.0
XJTU-SY,35Hz12kN,Bearing1_1,A_rms_3sigma,2,20,1.0
XJTU-SY,35Hz12kN,Bearing1_1,B_mahalanobis,2,20,1.0
XJTU-SY,35Hz12kN,Bearing1_1,A_rms_3sigma,2,20,1.0
XJTU-SY,35Hz12kN,Bearing1_1,B_mahalanobis,2,20,1.0
XJTU-SY,35Hz12kN,Bearing1_1,A_rms_3sigma,2,20,0.75
XJTU-SY,35Hz12kN,Bearing1_1,B_mahalanobis,2,20,1.0
XJTU-SY,35Hz12kN,Bearing1_1,A_rms_3sigma,2,20,0.75
XJTU-SY,35Hz12kN,Bearing1_1,B_mahalanobis,2,20,1.0
XJTU-SY,35Hz12kN,Bearing1_1,A_rms_3sigma,2,20,1.0
XJTU-SY,35Hz12kN,Bearing1_1,B_mahalanobis,2,20,1.0
XJTU-SY,35Hz12kN,Bearing1_1,A_rms_3sigma,2,20,0.75
XJTU-SY,35Hz12kN,Bearing1_1,B_mahalanobis,2,20,1.0
XJTU-SY,35Hz12kN,Bearing1_1,A_rms_3sigma,2,20,0.75
XJTU-SY,35Hz12kN,Bearing1_1,B_mahalanobis,2,20,1.0
XJTU-SY,35Hz12kN,Bearing1_1,A_rms_3sigma,2,20,1.0
XJTU-SY,35Hz12kN,Bearing1_1,B_mahalanobis,2,20,1.0
XJTU-SY,35Hz12kN,Bearing1_1,A_rms_3sigma,2,20,0.75
XJTU-SY,35Hz12kN,Bearing1_1,B_mahalanobis,2,20,1.0
XJTU-SY,35Hz12kN,Bearing1_1,A_rms_3sigma,2,20,0.75
XJTU-SY,35Hz12kN,Bearing1_1,B_mahalanobis,2,20,1.0
XJTU-SY,35Hz12kN,Bearing1_1,A_rms_3sigma,2,20,0.75
XJTU-SY,35Hz12kN,Bearing1_1,B_mahalanobis,2,20,1.0
XJTU-SY,35Hz12kN,Bearing1_1,A_rms_3sigma,2,20,0.75
XJTU-SY,35Hz12kN,Bearing1_1,B_mahalanobis,2,20,0.95
XJTU-SY,35Hz12kN,Bearing1_1,A_rms_3sigma,2,20,0.75
XJTU-SY,35Hz12kN,Bearing1_1,B_mahalanobis,2,20,1.0
XJTU-SY,35Hz12kN,Bearing1_1,A_rms_3sigma,2,20,0.8
XJTU-SY,35Hz12kN,Bearing1_1,B_mahalanobis,2,20,1.0
XJTU-SY,35Hz12kN,Bearing1_1,A_rms_3sigma,2,20,0.75
XJTU-SY,35Hz12kN,Bearing1_1,B_mahalanobis,2,20,1.0
XJTU-SY,35Hz12kN,Bearing1_1,A_rms_3sigma,2,20,1.0
XJTU-SY,35Hz12kN,Bearing1_1,B_mahalanobis,2,20,1.0
XJTU-SY,35Hz12kN,Bearing1_1,A_rms_3sigma,2,20,0.75
XJTU-SY,35Hz12kN,Bearing1_1,B_mahalanobis,2,20,1.0
XJTU-SY,35Hz12kN,Bearing1_1,A_rms_3sigma,2,20,0.75
XJTU-SY,35Hz12kN,Bearing1_1,B_mahalanobis,2,20,1.0
XJTU-SY,35Hz12kN,Bearing1_1,A_rms_3sigma,2,20,1.0
XJTU-SY,35Hz12kN,Bearing1_1,B_mahalanobis,2,20,1.0
XJTU-SY,35Hz12kN,Bearing1_1,A_rms_3sigma,2,20,0.75
XJTU-SY,35Hz12kN,Bearing1_1,B_mahalanobis,2,20,1.0
XJTU-SY,35Hz12kN,Bearing1_1,A_rms_3sigma,2,20,1.0
XJTU-SY,35Hz12kN,Bearing1_1,B_mahalanobis,2,20,1.0
XJTU-SY,35Hz12kN,Bearing1_1,A_rms_3sigma,2,20,0.75
XJTU-SY,35Hz12kN,Bearing1_1,B_mahalanobis,2,20,1.0
XJTU-SY,35Hz12kN,Bearing1_1,A_rms_3sigma,2,20,1.0
XJTU-SY,35Hz12kN,Bearing1_1,B_mahalanobis,2,20,1.0
XJTU-SY,35Hz12kN,Bearing1_1,A_rms_3sigma,2,20,0.75
XJTU-SY,35Hz12kN,Bearing1_1,B_mahalanobis,2,20,1.0
XJTU-SY,35Hz12kN,Bearing1_1,A_rms_3sigma,2,20,0.75
XJTU-SY,35Hz12kN,Bearing1_1,B_mahalanobis,2,20,1.0
XJTU-SY,35Hz12kN,Bearing1_1,A_rms_3sigma,2,20,0.75
XJTU-SY,35Hz12kN,Bearing1_1,B_mahalanobis,2,20,1.0
XJTU-SY,35Hz12kN,Bearing1_1,A_rms_3sigma,2,20,0.75
XJTU-SY,35Hz12kN,Bearing1_1,B_mahalanobis,2,20,1.0
XJTU-SY,35Hz12kN,Bearing1_1,A_rms_3sigma,2,20,1.0
XJTU-SY,35Hz12kN,Bearing1_1,B_mahalanobis,2,20,1.0
XJTU-SY,35Hz12kN,Bearing1_1,A_rms_3sigma,2,20,0.75
XJTU-SY,35Hz12kN,Bearing1_1,B_mahalanobis,2,20,1.0
XJTU-SY,35Hz12kN,Bearing1_1,A_rms_3sigma,2,20,0.75
XJTU-SY,35Hz12kN,Bearing1_1,B_mahalanobis,2,20,0.95
XJTU-SY,35Hz12kN,Bearing1_1,A_rms_3sigma,2,20,1.0
XJTU-SY,35Hz12kN,Bearing1_1,B_mahalanobis,2,20,1.0
XJTU-SY,35Hz12kN,Bearing1_1,A_rms_3sigma,2,20,1.0
XJTU-SY,35Hz12kN,Bearing1_1,B_mahalanobis,2,20,1.0
XJTU-SY,35Hz12kN,Bearing1_1,A_rms_3sigma,2,20,1.0
XJTU-SY,35Hz12kN,Bearing1_1,B_mahalanobis,2,20,1.0
XJTU-SY,35Hz12kN,Bearing1_1,A_rms_3sigma,2,20,1.0
XJTU-SY,35Hz12kN,Bearing1_1,B_mahalanobis,2,20,1.0
XJTU-SY,35Hz12kN,Bearing1_1,A_rms_3sigma,2,20,0.75
XJTU-SY,35Hz12kN,Bearing1_1,B_mahalanobis,2,20,1.0
XJTU-SY,35Hz12kN,Bearing1_1,A_rms_3sigma,3,18,0.75
XJTU-SY,35Hz12kN,Bearing1_1,B_mahalanobis,3,18,0.9
XJTU-SY,35Hz12kN,Bearing1_1,A_rms_3sigma,3,18,0.75
XJTU-SY,35Hz12kN,Bearing1_1,B_mahalanobis,3,18,0.8
XJTU-SY,35Hz12kN,Bearing1_1,A_rms_3sigma,3,18,0.8
XJTU-SY,35Hz12kN,Bearing1_1,B_mahalanobis,3,18,0.95
XJTU-SY,35Hz12kN,Bearing1_1,A_rms_3sigma,3,18,0.75
XJTU-SY,35Hz12kN,Bearing1_1,B_mahalanobis,3,18,0.95
XJTU-SY,35Hz12kN,Bearing1_1,A_rms_3sigma,3,18,0.75
XJTU-SY,35Hz12kN,Bearing1_1,B_mahalanobis,3,18,0.9
XJTU-SY,35Hz12kN,Bearing1_1,A_rms_3sigma,3,18,0.75
XJTU-SY,35Hz12kN,Bearing1_1,B_mahalanobis,3,18,0.9
XJTU-SY,35Hz12kN,Bearing1_1,A_rms_3sigma,3,18,0.75
XJTU-SY,35Hz12kN,Bearing1_1,B_mahalanobis,3,18,0.85
XJTU-SY,35Hz12kN,Bearing1_1,A_rms_3sigma,3,18,0.75
XJTU-SY,35Hz12kN,Bearing1_1,B_mahalanobis,3,18,0.95
XJTU-SY,35Hz12kN,Bearing1_1,A_rms_3sigma,3,18,0.75
XJTU-SY,35Hz12kN,Bearing1_1,B_mahalanobis,3,18,1.0
XJTU-SY,35Hz12kN,Bearing1_1,A_rms_3sigma,3,18,0.8
XJTU-SY,35Hz12kN,Bearing1_1,B_mahalanobis,3,18,0.85
XJTU-SY,35Hz12kN,Bearing1_1,A_rms_3sigma,3,18,0.75
XJTU-SY,35Hz12kN,Bearing1_1,B_mahalanobis,3,18,0.85
XJTU-SY,35Hz12kN,Bearing1_1,A_rms_3sigma,3,18,0.8
XJTU-SY,35Hz12kN,Bearing1_1,B_mahalanobis,3,18,1.0
XJTU-SY,35Hz12kN,Bearing1_1,A_rms_3sigma,3,18,0.75
XJTU-SY,35Hz12kN,Bearing1_1,B_mahalanobis,3,18,0.95
XJTU-SY,35Hz12kN,Bearing1_1,A_rms_3sigma,3,18,0.75
XJTU-SY,35Hz12kN,Bearing1_1,B_mahalanobis,3,18,0.95
XJTU-SY,35Hz12kN,Bearing1_1,A_rms_3sigma,3,18,0.75
XJTU-SY,35Hz12kN,Bearing1_1,B_mahalanobis,3,18,0.85
XJTU-SY,35Hz12kN,Bearing1_1,A_rms_3sigma,3,18,0.75
XJTU-SY,35Hz12kN,Bearing1_1,B_mahalanobis,3,18,0.75
XJTU-SY,35Hz12kN,Bearing1_1,A_rms_3sigma,3,18,0.75
XJTU-SY,35Hz12kN,Bearing1_1,B_mahalanobis,3,18,0.9
XJTU-SY,35Hz12kN,Bearing1_1,A_rms_3sigma,3,18,0.75
XJTU-SY,35Hz12kN,Bearing1_1,B_mahalanobis,3,18,0.75
XJTU-SY,35Hz12kN,Bearing1_1,A_rms_3sigma,3,18,0.75
XJTU-SY,35Hz12kN,Bearing1_1,B_mahalanobis,3,18,0.85
XJTU-SY,35Hz12kN,Bearing1_1,A_rms_3sigma,3,18,0.75
XJTU-SY,35Hz12kN,Bearing1_1,B_mahalanobis,3,18,1.0
XJTU-SY,35Hz12kN,Bearing1_1,A_rms_3sigma,3,18,0.75
XJTU-SY,35Hz12kN,Bearing1_1,B_mahalanobis,3,18,0.75
XJTU-SY,35Hz12kN,Bearing1_1,A_rms_3sigma,3,18,0.75
XJTU-SY,35Hz12kN,Bearing1_1,B_mahalanobis,3,18,0.95
XJTU-SY,35Hz12kN,Bearing1_1,A_rms_3sigma,3,18,0.75
XJTU-SY,35Hz12kN,Bearing1_1,B_mahalanobis,3,18,1.0
XJTU-SY,35Hz12kN,Bearing1_1,A_rms_3sigma,3,18,0.75
XJTU-SY,35Hz12kN,Bearing1_1,B_mahalanobis,3,18,0.85
XJTU-SY,35Hz12kN,Bearing1_1,A_rms_3sigma,3,18,0.75
XJTU-SY,35Hz12kN,Bearing1_1,B_mahalanobis,3,18,0.95
XJTU-SY,35Hz12kN,Bearing1_1,A_rms_3sigma,3,18,0.8
XJTU-SY,35Hz12kN,Bearing1_1,B_mahalanobis,3,18,0.85
XJTU-SY,35Hz12kN,Bearing1_1,A_rms_3sigma,3,18,0.75
XJTU-SY,35Hz12kN,Bearing1_1,B_mahalanobis,3,18,0.95
XJTU-SY,35Hz12kN,Bearing1_1,A_rms_3sigma,3,18,0.75
XJTU-SY,35Hz12kN,Bearing1_1,B_mahalanobis,3,18,0.85
XJTU-SY,35Hz12kN,Bearing1_1,A_rms_3sigma,3,18,0.75
XJTU-SY,35Hz12kN,Bearing1_1,B_mahalanobis,3,18,0.65
XJTU-SY,35Hz12kN,Bearing1_1,A_rms_3sigma,3,18,0.8
XJTU-SY,35Hz12kN,Bearing1_1,B_mahalanobis,3,18,0.9
XJTU-SY,35Hz12kN,Bearing1_1,A_rms_3sigma,3,18,0.75
XJTU-SY,35Hz12kN,Bearing1_1,B_mahalanobis,3,18,0.75
XJTU-SY,35Hz12kN,Bearing1_1,A_rms_3sigma,3,18,0.75
XJTU-SY,35Hz12kN,Bearing1_1,B_mahalanobis,3,18,0.8
XJTU-SY,35Hz12kN,Bearing1_1,A_rms_3sigma,3,18,0.8
XJTU-SY,35Hz12kN,Bearing1_1,B_mahalanobis,3,18,0.9
XJTU-SY,35Hz12kN,Bearing1_1,A_rms_3sigma,3,18,0.75
XJTU-SY,35Hz12kN,Bearing1_1,B_mahalanobis,3,18,0.9
XJTU-SY,35Hz12kN,Bearing1_1,A_rms_3sigma,3,18,0.75
XJTU-SY,35Hz12kN,Bearing1_1,B_mahalanobis,3,18,0.75
XJTU-SY,35Hz12kN,Bearing1_1,A_rms_3sigma,3,18,0.75
XJTU-SY,35Hz12kN,Bearing1_1,B_mahalanobis,3,18,0.9
XJTU-SY,35Hz12kN,Bearing1_1,A_rms_3sigma,3,18,0.75
XJTU-SY,35Hz12kN,Bearing1_1,B_mahalanobis,3,18,0.7
XJTU-SY,35Hz12kN,Bearing1_1,A_rms_3sigma,3,18,0.75
XJTU-SY,35Hz12kN,Bearing1_1,B_mahalanobis,3,18,0.85
XJTU-SY,35Hz12kN,Bearing1_1,A_rms_3sigma,3,18,0.75
XJTU-SY,35Hz12kN,Bearing1_1,B_mahalanobis,3,18,0.9
XJTU-SY,35Hz12kN,Bearing1_1,A_rms_3sigma,3,18,0.75
XJTU-SY,35Hz12kN,Bearing1_1,B_mahalanobis,3,18,0.8
XJTU-SY,35Hz12kN,Bearing1_1,A_rms_3sigma,3,18,0.75
XJTU-SY,35Hz12kN,Bearing1_1,B_mahalanobis,3,18,1.0
XJTU-SY,35Hz12kN,Bearing1_1,A_rms_3sigma,3,18,0.75
XJTU-SY,35Hz12kN,Bearing1_1,B_mahalanobis,3,18,0.75
XJTU-SY,35Hz12kN,Bearing1_1,A_rms_3sigma,3,18,0.75
XJTU-SY,35Hz12kN,Bearing1_1,B_mahalanobis,3,18,0.75
XJTU-SY,35Hz12kN,Bearing1_1,A_rms_3sigma,3,18,0.75
XJTU-SY,35Hz12kN,Bearing1_1,B_mahalanobis,3,18,0.9
XJTU-SY,35Hz12kN,Bearing1_1,A_rms_3sigma,3,18,0.75
XJTU-SY,35Hz12kN,Bearing1_1,B_mahalanobis,3,18,0.9
XJTU-SY,35Hz12kN,Bearing1_1,A_rms_3sigma,3,18,0.75
XJTU-SY,35Hz12kN,Bearing1_1,B_mahalanobis,3,18,0.7
XJTU-SY,35Hz12kN,Bearing1_1,A_rms_3sigma,3,18,0.75
XJTU-SY,35Hz12kN,Bearing1_1,B_mahalanobis,3,18,0.95
XJTU-SY,35Hz12kN,Bearing1_1,A_rms_3sigma,3,18,0.75
XJTU-SY,35Hz12kN,Bearing1_1,B_mahalanobis,3,18,0.8
XJTU-SY,35Hz12kN,Bearing1_1,A_rms_3sigma,3,18,0.75
XJTU-SY,35Hz12kN,Bearing1_1,B_mahalanobis,3,18,0.8
XJTU-SY,35Hz12kN,Bearing1_1,A_rms_3sigma,3,18,0.75
XJTU-SY,35Hz12kN,Bearing1_1,B_mahalanobis,3,18,1.0
XJTU-SY,35Hz12kN,Bearing1_2,A_rms_3sigma,1,20,0.0
XJTU-SY,35Hz12kN,Bearing1_2,B_mahalanobis,1,20,1.0
XJTU-SY,35Hz12kN,Bearing1_2,A_rms_3sigma,1,20,1.0
XJTU-SY,35Hz12kN,Bearing1_2,B_mahalanobis,1,20,1.0
XJTU-SY,35Hz12kN,Bearing1_2,A_rms_3sigma,1,20,1.0
XJTU-SY,35Hz12kN,Bearing1_2,B_mahalanobis,1,20,1.0
XJTU-SY,35Hz12kN,Bearing1_2,A_rms_3sigma,1,20,1.0
XJTU-SY,35Hz12kN,Bearing1_2,B_mahalanobis,1,20,1.0
XJTU-SY,35Hz12kN,Bearing1_2,A_rms_3sigma,1,20,1.0
XJTU-SY,35Hz12kN,Bearing1_2,B_mahalanobis,1,20,1.0
XJTU-SY,35Hz12kN,Bearing1_2,A_rms_3sigma,1,20,1.0
XJTU-SY,35Hz12kN,Bearing1_2,B_mahalanobis,1,20,1.0
XJTU-SY,35Hz12kN,Bearing1_2,A_rms_3sigma,1,20,0.0
XJTU-SY,35Hz12kN,Bearing1_2,B_mahalanobis,1,20,1.0
XJTU-SY,35Hz12kN,Bearing1_2,A_rms_3sigma,1,20,0.0
XJTU-SY,35Hz12kN,Bearing1_2,B_mahalanobis,1,20,1.0
XJTU-SY,35Hz12kN,Bearing1_2,A_rms_3sigma,1,20,1.0
XJTU-SY,35Hz12kN,Bearing1_2,B_mahalanobis,1,20,1.0
XJTU-SY,35Hz12kN,Bearing1_2,A_rms_3sigma,1,20,1.0
XJTU-SY,35Hz12kN,Bearing1_2,B_mahalanobis,1,20,1.0
XJTU-SY,35Hz12kN,Bearing1_2,A_rms_3sigma,1,20,1.0
XJTU-SY,35Hz12kN,Bearing1_2,B_mahalanobis,1,20,1.0
XJTU-SY,35Hz12kN,Bearing1_2,A_rms_3sigma,1,20,1.0
XJTU-SY,35Hz12kN,Bearing1_2,B_mahalanobis,1,20,1.0
XJTU-SY,35Hz12kN,Bearing1_2,A_rms_3sigma,1,20,1.0
XJTU-SY,35Hz12kN,Bearing1_2,B_mahalanobis,1,20,1.0
XJTU-SY,35Hz12kN,Bearing1_2,A_rms_3sigma,1,20,1.0
XJTU-SY,35Hz12kN,Bearing1_2,B_mahalanobis,1,20,1.0
XJTU-SY,35Hz12kN,Bearing1_2,A_rms_3sigma,1,20,1.0
XJTU-SY,35Hz12kN,Bearing1_2,B_mahalanobis,1,20,1.0
XJTU-SY,35Hz12kN,Bearing1_2,A_rms_3sigma,1,20,1.0
XJTU-SY,35Hz12kN,Bearing1_2,B_mahalanobis,1,20,1.0
XJTU-SY,35Hz12kN,Bearing1_2,A_rms_3sigma,1,20,0.0
XJTU-SY,35Hz12kN,Bearing1_2,B_mahalanobis,1,20,1.0
XJTU-SY,35Hz12kN,Bearing1_2,A_rms_3sigma,1,20,1.0
XJTU-SY,35Hz12kN,Bearing1_2,B_mahalanobis,1,20,1.0
XJTU-SY,35Hz12kN,Bearing1_2,A_rms_3sigma,1,20,0.0
XJTU-SY,35Hz12kN,Bearing1_2,B_mahalanobis,1,20,1.0
XJTU-SY,35Hz12kN,Bearing1_2,A_rms_3sigma,1,20,0.0
XJTU-SY,35Hz12kN,Bearing1_2,B_mahalanobis,1,20,1.0
XJTU-SY,35Hz12kN,Bearing1_2,A_rms_3sigma,1,20,1.0
XJTU-SY,35Hz12kN,Bearing1_2,B_mahalanobis,1,20,1.0
XJTU-SY,35Hz12kN,Bearing1_2,A_rms_3sigma,1,20,0.0
XJTU-SY,35Hz12kN,Bearing1_2,B_mahalanobis,1,20,1.0
XJTU-SY,35Hz12kN,Bearing1_2,A_rms_3sigma,1,20,1.0
XJTU-SY,35Hz12kN,Bearing1_2,B_mahalanobis,1,20,1.0
XJTU-SY,35Hz12kN,Bearing1_2,A_rms_3sigma,1,20,1.0
XJTU-SY,35Hz12kN,Bearing1_2,B_mahalanobis,1,20,1.0
XJTU-SY,35Hz12kN,Bearing1_2,A_rms_3sigma,1,20,1.0
XJTU-SY,35Hz12kN,Bearing1_2,B_mahalanobis,1,20,1.0
XJTU-SY,35Hz12kN,Bearing1_2,A_rms_3sigma,1,20,1.0
XJTU-SY,35Hz12kN,Bearing1_2,B_mahalanobis,1,20,1.0
XJTU-SY,35Hz12kN,Bearing1_2,A_rms_3sigma,1,20,1.0
XJTU-SY,35Hz12kN,Bearing1_2,B_mahalanobis,1,20,1.0
XJTU-SY,35Hz12kN,Bearing1_2,A_rms_3sigma,1,20,1.0
XJTU-SY,35Hz12kN,Bearing1_2,B_mahalanobis,1,20,1.0
XJTU-SY,35Hz12kN,Bearing1_2,A_rms_3sigma,1,20,1.0
XJTU-SY,35Hz12kN,Bearing1_2,B_mahalanobis,1,20,1.0
XJTU-SY,35Hz12kN,Bearing1_2,A_rms_3sigma,1,20,0.0
XJTU-SY,35Hz12kN,Bearing1_2,B_mahalanobis,1,20,1.0
XJTU-SY,35Hz12kN,Bearing1_2,A_rms_3sigma,1,20,1.0
XJTU-SY,35Hz12kN,Bearing1_2,B_mahalanobis,1,20,1.0
XJTU-SY,35Hz12kN,Bearing1_2,A_rms_3sigma,1,20,1.0
XJTU-SY,35Hz12kN,Bearing1_2,B_mahalanobis,1,20,1.0
XJTU-SY,35Hz12kN,Bearing1_2,A_rms_3sigma,1,20,1.0
XJTU-SY,35Hz12kN,Bearing1_2,B_mahalanobis,1,20,1.0
XJTU-SY,35Hz12kN,Bearing1_2,A_rms_3sigma,1,20,1.0
XJTU-SY,35Hz12kN,Bearing1_2,B_mahalanobis,1,20,1.0
XJTU-SY,35Hz12kN,Bearing1_2,A_rms_3sigma,1,20,0.0
XJTU-SY,35Hz12kN,Bearing1_2,B_mahalanobis,1,20,1.0
XJTU-SY,35Hz12kN,Bearing1_2,A_rms_3sigma,1,20,0.0
XJTU-SY,35Hz12kN,Bearing1_2,B_mahalanobis,1,20,1.0
XJTU-SY,35Hz12kN,Bearing1_2,A_rms_3sigma,1,20,1.0
XJTU-SY,35Hz12kN,Bearing1_2,B_mahalanobis,1,20,1.0
XJTU-SY,35Hz12kN,Bearing1_2,A_rms_3sigma,1,20,1.0
XJTU-SY,35Hz12kN,Bearing1_2,B_mahalanobis,1,20,1.0
XJTU-SY,35Hz12kN,Bearing1_2,A_rms_3sigma,1,20,1.0
XJTU-SY,35Hz12kN,Bearing1_2,B_mahalanobis,1,20,1.0
XJTU-SY,35Hz12kN,Bearing1_2,A_rms_3sigma,1,20,1.0
XJTU-SY,35Hz12kN,Bearing1_2,B_mahalanobis,1,20,1.0
XJTU-SY,35Hz12kN,Bearing1_2,A_rms_3sigma,1,20,0.0
XJTU-SY,35Hz12kN,Bearing1_2,B_mahalanobis,1,20,1.0
XJTU-SY,35Hz12kN,Bearing1_2,A_rms_3sigma,1,20,0.0
XJTU-SY,35Hz12kN,Bearing1_2,B_mahalanobis,1,20,1.0
XJTU-SY,35Hz12kN,Bearing1_2,A_rms_3sigma,1,20,0.0
XJTU-SY,35Hz12kN,Bearing1_2,B_mahalanobis,1,20,1.0
XJTU-SY,35Hz12kN,Bearing1_2,A_rms_3sigma,1,20,1.0
XJTU-SY,35Hz12kN,Bearing1_2,B_mahalanobis,1,20,1.0
XJTU-SY,35Hz12kN,Bearing1_2,A_rms_3sigma,1,20,0.0
XJTU-SY,35Hz12kN,Bearing1_2,B_mahalanobis,1,20,1.0
XJTU-SY,35Hz12kN,Bearing1_2,A_rms_3sigma,1,20,0.0
XJTU-SY,35Hz12kN,Bearing1_2,B_mahalanobis,1,20,1.0
XJTU-SY,35Hz12kN,Bearing1_2,A_rms_3sigma,1,20,0.0
XJTU-SY,35Hz12kN,Bearing1_2,B_mahalanobis,1,20,1.0
XJTU-SY,35Hz12kN,Bearing1_2,A_rms_3sigma,1,20,1.0
XJTU-SY,35Hz12kN,Bearing1_2,B_mahalanobis,1,20,1.0
XJTU-SY,35Hz12kN,Bearing1_2,A_rms_3sigma,1,20,1.0
XJTU-SY,35Hz12kN,Bearing1_2,B_mahalanobis,1,20,1.0
XJTU-SY,35Hz12kN,Bearing1_2,A_rms_3sigma,1,20,1.0
XJTU-SY,35Hz12kN,Bearing1_2,B_mahalanobis,1,20,1.0
XJTU-SY,35Hz12kN,Bearing1_2,A_rms_3sigma,2,20,1.0
XJTU-SY,35Hz12kN,Bearing1_2,B_mahalanobis,2,20,1.0
XJTU-SY,35Hz12kN,Bearing1_2,A_rms_3sigma,2,20,0.0
XJTU-SY,35Hz12kN,Bearing1_2,B_mahalanobis,2,20,0.7
XJTU-SY,35Hz12kN,Bearing1_2,A_rms_3sigma,2,20,1.0
XJTU-SY,35Hz12kN,Bearing1_2,B_mahalanobis,2,20,1.0
XJTU-SY,35Hz12kN,Bearing1_2,A_rms_3sigma,2,20,1.0
XJTU-SY,35Hz12kN,Bearing1_2,B_mahalanobis,2,20,1.0
XJTU-SY,35Hz12kN,Bearing1_2,A_rms_3sigma,2,20,1.0
XJTU-SY,35Hz12kN,Bearing1_2,B_mahalanobis,2,20,1.0
XJTU-SY,35Hz12kN,Bearing1_2,A_rms_3sigma,2,20,0.0
XJTU-SY,35Hz12kN,Bearing1_2,B_mahalanobis,2,20,0.2
XJTU-SY,35Hz12kN,Bearing1_2,A_rms_3sigma,2,20,1.0
XJTU-SY,35Hz12kN,Bearing1_2,B_mahalanobis,2,20,1.0
XJTU-SY,35Hz12kN,Bearing1_2,A_rms_3sigma,2,20,0.0
XJTU-SY,35Hz12kN,Bearing1_2,B_mahalanobis,2,20,0.0
XJTU-SY,35Hz12kN,Bearing1_2,A_rms_3sigma,2,20,0.0
XJTU-SY,35Hz12kN,Bearing1_2,B_mahalanobis,2,20,0.2
XJTU-SY,35Hz12kN,Bearing1_2,A_rms_3sigma,2,20,0.0
XJTU-SY,35Hz12kN,Bearing1_2,B_mahalanobis,2,20,0.85
XJTU-SY,35Hz12kN,Bearing1_2,A_rms_3sigma,2,20,1.0
XJTU-SY,35Hz12kN,Bearing1_2,B_mahalanobis,2,20,1.0
XJTU-SY,35Hz12kN,Bearing1_2,A_rms_3sigma,2,20,0.0
XJTU-SY,35Hz12kN,Bearing1_2,B_mahalanobis,2,20,0.7
XJTU-SY,35Hz12kN,Bearing1_2,A_rms_3sigma,2,20,0.0
XJTU-SY,35Hz12kN,Bearing1_2,B_mahalanobis,2,20,1.0
XJTU-SY,35Hz12kN,Bearing1_2,A_rms_3sigma,2,20,0.0
XJTU-SY,35Hz12kN,Bearing1_2,B_mahalanobis,2,20,1.0
XJTU-SY,35Hz12kN,Bearing1_2,A_rms_3sigma,2,20,0.0
XJTU-SY,35Hz12kN,Bearing1_2,B_mahalanobis,2,20,1.0
XJTU-SY,35Hz12kN,Bearing1_2,A_rms_3sigma,2,20,0.0
XJTU-SY,35Hz12kN,Bearing1_2,B_mahalanobis,2,20,1.0
XJTU-SY,35Hz12kN,Bearing1_2,A_rms_3sigma,2,20,1.0
XJTU-SY,35Hz12kN,Bearing1_2,B_mahalanobis,2,20,1.0
XJTU-SY,35Hz12kN,Bearing1_2,A_rms_3sigma,2,20,0.0
XJTU-SY,35Hz12kN,Bearing1_2,B_mahalanobis,2,20,0.65
XJTU-SY,35Hz12kN,Bearing1_2,A_rms_3sigma,2,20,0.0
XJTU-SY,35Hz12kN,Bearing1_2,B_mahalanobis,2,20,1.0
XJTU-SY,35Hz12kN,Bearing1_2,A_rms_3sigma,2,20,0.0
XJTU-SY,35Hz12kN,Bearing1_2,B_mahalanobis,2,20,0.25
XJTU-SY,35Hz12kN,Bearing1_2,A_rms_3sigma,2,20,0.0
XJTU-SY,35Hz12kN,Bearing1_2,B_mahalanobis,2,20,0.4
XJTU-SY,35Hz12kN,Bearing1_2,A_rms_3sigma,2,20,0.0
XJTU-SY,35Hz12kN,Bearing1_2,B_mahalanobis,2,20,1.0
XJTU-SY,35Hz12kN,Bearing1_2,A_rms_3sigma,2,20,0.0
XJTU-SY,35Hz12kN,Bearing1_2,B_mahalanobis,2,20,0.1
XJTU-SY,35Hz12kN,Bearing1_2,A_rms_3sigma,2,20,0.0
XJTU-SY,35Hz12kN,Bearing1_2,B_mahalanobis,2,20,0.2
XJTU-SY,35Hz12kN,Bearing1_2,A_rms_3sigma,2,20,1.0
XJTU-SY,35Hz12kN,Bearing1_2,B_mahalanobis,2,20,1.0
XJTU-SY,35Hz12kN,Bearing1_2,A_rms_3sigma,2,20,1.0
XJTU-SY,35Hz12kN,Bearing1_2,B_mahalanobis,2,20,1.0
XJTU-SY,35Hz12kN,Bearing1_2,A_rms_3sigma,2,20,0.0
XJTU-SY,35Hz12kN,Bearing1_2,B_mahalanobis,2,20,1.0
XJTU-SY,35Hz12kN,Bearing1_2,A_rms_3sigma,2,20,0.0
XJTU-SY,35Hz12kN,Bearing1_2,B_mahalanobis,2,20,0.6
XJTU-SY,35Hz12kN,Bearing1_2,A_rms_3sigma,2,20,0.0
XJTU-SY,35Hz12kN,Bearing1_2,B_mahalanobis,2,20,1.0
XJTU-SY,35Hz12kN,Bearing1_2,A_rms_3sigma,2,20,0.0
XJTU-SY,35Hz12kN,Bearing1_2,B_mahalanobis,2,20,1.0
XJTU-SY,35Hz12kN,Bearing1_2,A_rms_3sigma,2,20,1.0
XJTU-SY,35Hz12kN,Bearing1_2,B_mahalanobis,2,20,1.0
XJTU-SY,35Hz12kN,Bearing1_2,A_rms_3sigma,2,20,0.0
XJTU-SY,35Hz12kN,Bearing1_2,B_mahalanobis,2,20,0.1
XJTU-SY,35Hz12kN,Bearing1_2,A_rms_3sigma,2,20,0.0
XJTU-SY,35Hz12kN,Bearing1_2,B_mahalanobis,2,20,1.0
XJTU-SY,35Hz12kN,Bearing1_2,A_rms_3sigma,2,20,0.0
XJTU-SY,35Hz12kN,Bearing1_2,B_mahalanobis,2,20,0.2
XJTU-SY,35Hz12kN,Bearing1_2,A_rms_3sigma,2,20,0.0
XJTU-SY,35Hz12kN,Bearing1_2,B_mahalanobis,2,20,0.1
XJTU-SY,35Hz12kN,Bearing1_2,A_rms_3sigma,2,20,0.0
XJTU-SY,35Hz12kN,Bearing1_2,B_mahalanobis,2,20,0.35
XJTU-SY,35Hz12kN,Bearing1_2,A_rms_3sigma,2,20,0.0
XJTU-SY,35Hz12kN,Bearing1_2,B_mahalanobis,2,20,0.65
XJTU-SY,35Hz12kN,Bearing1_2,A_rms_3sigma,2,20,1.0
XJTU-SY,35Hz12kN,Bearing1_2,B_mahalanobis,2,20,1.0
XJTU-SY,35Hz12kN,Bearing1_2,A_rms_3sigma,2,20,1.0
XJTU-SY,35Hz12kN,Bearing1_2,B_mahalanobis,2,20,1.0
XJTU-SY,35Hz12kN,Bearing1_2,A_rms_3sigma,2,20,1.0
XJTU-SY,35Hz12kN,Bearing1_2,B_mahalanobis,2,20,1.0
XJTU-SY,35Hz12kN,Bearing1_2,A_rms_3sigma,2,20,0.0
XJTU-SY,35Hz12kN,Bearing1_2,B_mahalanobis,2,20,0.65
XJTU-SY,35Hz12kN,Bearing1_2,A_rms_3sigma,2,20,0.0
XJTU-SY,35Hz12kN,Bearing1_2,B_mahalanobis,2,20,1.0
XJTU-SY,35Hz12kN,Bearing1_2,A_rms_3sigma,2,20,0.0
XJTU-SY,35Hz12kN,Bearing1_2,B_mahalanobis,2,20,0.6
XJTU-SY,35Hz12kN,Bearing1_2,A_rms_3sigma,2,20,1.0
XJTU-SY,35Hz12kN,Bearing1_2,B_mahalanobis,2,20,1.0
XJTU-SY,35Hz12kN,Bearing1_2,A_rms_3sigma,2,20,0.0
XJTU-SY,35Hz12kN,Bearing1_2,B_mahalanobis,2,20,1.0
XJTU-SY,35Hz12kN,Bearing1_2,A_rms_3sigma,2,20,0.0
XJTU-SY,35Hz12kN,Bearing1_2,B_mahalanobis,2,20,0.2
XJTU-SY,35Hz12kN,Bearing1_2,A_rms_3sigma,2,20,1.0
XJTU-SY,35Hz12kN,Bearing1_2,B_mahalanobis,2,20,1.0
XJTU-SY,35Hz12kN,Bearing1_2,A_rms_3sigma,2,20,0.0
XJTU-SY,35Hz12kN,Bearing1_2,B_mahalanobis,2,20,1.0
XJTU-SY,35Hz12kN,Bearing1_2,A_rms_3sigma,2,20,0.0
XJTU-SY,35Hz12kN,Bearing1_2,B_mahalanobis,2,20,1.0
XJTU-SY,35Hz12kN,Bearing1_2,A_rms_3sigma,2,20,0.0
XJTU-SY,35Hz12kN,Bearing1_2,B_mahalanobis,2,20,1.0
XJTU-SY,35Hz12kN,Bearing1_2,A_rms_3sigma,3,18,0.0
XJTU-SY,35Hz12kN,Bearing1_2,B_mahalanobis,3,18,0.1
XJTU-SY,35Hz12kN,Bearing1_2,A_rms_3sigma,3,18,0.0
XJTU-SY,35Hz12kN,Bearing1_2,B_mahalanobis,3,18,0.35
XJTU-SY,35Hz12kN,Bearing1_2,A_rms_3sigma,3,18,0.0
XJTU-SY,35Hz12kN,Bearing1_2,B_mahalanobis,3,18,0.1
XJTU-SY,35Hz12kN,Bearing1_2,A_rms_3sigma,3,18,0.0
XJTU-SY,35Hz12kN,Bearing1_2,B_mahalanobis,3,18,0.1
XJTU-SY,35Hz12kN,Bearing1_2,A_rms_3sigma,3,18,0.0
XJTU-SY,35Hz12kN,Bearing1_2,B_mahalanobis,3,18,0.85
XJTU-SY,35Hz12kN,Bearing1_2,A_rms_3sigma,3,18,0.0
XJTU-SY,35Hz12kN,Bearing1_2,B_mahalanobis,3,18,0.2
XJTU-SY,35Hz12kN,Bearing1_2,A_rms_3sigma,3,18,0.0
XJTU-SY,35Hz12kN,Bearing1_2,B_mahalanobis,3,18,0.0
XJTU-SY,35Hz12kN,Bearing1_2,A_rms_3sigma,3,18,0.0
XJTU-SY,35Hz12kN,Bearing1_2,B_mahalanobis,3,18,0.0
XJTU-SY,35Hz12kN,Bearing1_2,A_rms_3sigma,3,18,0.0
XJTU-SY,35Hz12kN,Bearing1_2,B_mahalanobis,3,18,0.25
XJTU-SY,35Hz12kN,Bearing1_2,A_rms_3sigma,3,18,0.0
XJTU-SY,35Hz12kN,Bearing1_2,B_mahalanobis,3,18,0.15
XJTU-SY,35Hz12kN,Bearing1_2,A_rms_3sigma,3,18,0.0
XJTU-SY,35Hz12kN,Bearing1_2,B_mahalanobis,3,18,0.0
XJTU-SY,35Hz12kN,Bearing1_2,A_rms_3sigma,3,18,0.0
XJTU-SY,35Hz12kN,Bearing1_2,B_mahalanobis,3,18,0.0
XJTU-SY,35Hz12kN,Bearing1_2,A_rms_3sigma,3,18,0.0
XJTU-SY,35Hz12kN,Bearing1_2,B_mahalanobis,3,18,0.25
XJTU-SY,35Hz12kN,Bearing1_2,A_rms_3sigma,3,18,0.0
XJTU-SY,35Hz12kN,Bearing1_2,B_mahalanobis,3,18,0.2
XJTU-SY,35Hz12kN,Bearing1_2,A_rms_3sigma,3,18,0.0
XJTU-SY,35Hz12kN,Bearing1_2,B_mahalanobis,3,18,0.15
XJTU-SY,35Hz12kN,Bearing1_2,A_rms_3sigma,3,18,0.0
XJTU-SY,35Hz12kN,Bearing1_2,B_mahalanobis,3,18,0.1
XJTU-SY,35Hz12kN,Bearing1_2,A_rms_3sigma,3,18,0.0
XJTU-SY,35Hz12kN,Bearing1_2,B_mahalanobis,3,18,0.15
XJTU-SY,35Hz12kN,Bearing1_2,A_rms_3sigma,3,18,0.0
XJTU-SY,35Hz12kN,Bearing1_2,B_mahalanobis,3,18,0.05
XJTU-SY,35Hz12kN,Bearing1_2,A_rms_3sigma,3,18,0.0
XJTU-SY,35Hz12kN,Bearing1_2,B_mahalanobis,3,18,0.1
XJTU-SY,35Hz12kN,Bearing1_2,A_rms_3sigma,3,18,0.0
XJTU-SY,35Hz12kN,Bearing1_2,B_mahalanobis,3,18,0.1
XJTU-SY,35Hz12kN,Bearing1_2,A_rms_3sigma,3,18,0.0
XJTU-SY,35Hz12kN,Bearing1_2,B_mahalanobis,3,18,0.15
XJTU-SY,35Hz12kN,Bearing1_2,A_rms_3sigma,3,18,0.0
XJTU-SY,35Hz12kN,Bearing1_2,B_mahalanobis,3,18,0.1
XJTU-SY,35Hz12kN,Bearing1_2,A_rms_3sigma,3,18,0.0
XJTU-SY,35Hz12kN,Bearing1_2,B_mahalanobis,3,18,0.0
XJTU-SY,35Hz12kN,Bearing1_2,A_rms_3sigma,3,18,0.0
XJTU-SY,35Hz12kN,Bearing1_2,B_mahalanobis,3,18,0.0
XJTU-SY,35Hz12kN,Bearing1_2,A_rms_3sigma,3,18,0.0
XJTU-SY,35Hz12kN,Bearing1_2,B_mahalanobis,3,18,0.15
XJTU-SY,35Hz12kN,Bearing1_2,A_rms_3sigma,3,18,0.0
XJTU-SY,35Hz12kN,Bearing1_2,B_mahalanobis,3,18,0.0
XJTU-SY,35Hz12kN,Bearing1_2,A_rms_3sigma,3,18,0.0
XJTU-SY,35Hz12kN,Bearing1_2,B_mahalanobis,3,18,0.0
XJTU-SY,35Hz12kN,Bearing1_2,A_rms_3sigma,3,18,0.0
XJTU-SY,35Hz12kN,Bearing1_2,B_mahalanobis,3,18,0.2
XJTU-SY,35Hz12kN,Bearing1_2,A_rms_3sigma,3,18,0.0
XJTU-SY,35Hz12kN,Bearing1_2,B_mahalanobis,3,18,0.25
XJTU-SY,35Hz12kN,Bearing1_2,A_rms_3sigma,3,18,0.0
XJTU-SY,35Hz12kN,Bearing1_2,B_mahalanobis,3,18,0.75
XJTU-SY,35Hz12kN,Bearing1_2,A_rms_3sigma,3,18,0.0
XJTU-SY,35Hz12kN,Bearing1_2,B_mahalanobis,3,18,0.0
XJTU-SY,35Hz12kN,Bearing1_2,A_rms_3sigma,3,18,0.0
XJTU-SY,35Hz12kN,Bearing1_2,B_mahalanobis,3,18,0.0
XJTU-SY,35Hz12kN,Bearing1_2,A_rms_3sigma,3,18,0.0
XJTU-SY,35Hz12kN,Bearing1_2,B_mahalanobis,3,18,0.55
XJTU-SY,35Hz12kN,Bearing1_2,A_rms_3sigma,3,18,0.0
XJTU-SY,35Hz12kN,Bearing1_2,B_mahalanobis,3,18,0.05
XJTU-SY,35Hz12kN,Bearing1_2,A_rms_3sigma,3,18,0.0
XJTU-SY,35Hz12kN,Bearing1_2,B_mahalanobis,3,18,0.05
XJTU-SY,35Hz12kN,Bearing1_2,A_rms_3sigma,3,18,0.0
XJTU-SY,35Hz12kN,Bearing1_2,B_mahalanobis,3,18,0.2
XJTU-SY,35Hz12kN,Bearing1_2,A_rms_3sigma,3,18,0.0
XJTU-SY,35Hz12kN,Bearing1_2,B_mahalanobis,3,18,0.0
XJTU-SY,35Hz12kN,Bearing1_2,A_rms_3sigma,3,18,0.0
XJTU-SY,35Hz12kN,Bearing1_2,B_mahalanobis,3,18,0.0
XJTU-SY,35Hz12kN,Bearing1_2,A_rms_3sigma,3,18,0.0
XJTU-SY,35Hz12kN,Bearing1_2,B_mahalanobis,3,18,0.0
XJTU-SY,35Hz12kN,Bearing1_2,A_rms_3sigma,3,18,0.0
XJTU-SY,35Hz12kN,Bearing1_2,B_mahalanobis,3,18,0.0
XJTU-SY,35Hz12kN,Bearing1_2,A_rms_3sigma,3,18,0.0
XJTU-SY,35Hz12kN,Bearing1_2,B_mahalanobis,3,18,0.0
XJTU-SY,35Hz12kN,Bearing1_2,A_rms_3sigma,3,18,0.0
XJTU-SY,35Hz12kN,Bearing1_2,B_mahalanobis,3,18,0.0
XJTU-SY,35Hz12kN,Bearing1_2,A_rms_3sigma,3,18,0.0
XJTU-SY,35Hz12kN,Bearing1_2,B_mahalanobis,3,18,0.0
XJTU-SY,35Hz12kN,Bearing1_2,A_rms_3sigma,3,18,0.0
XJTU-SY,35Hz12kN,Bearing1_2,B_mahalanobis,3,18,0.0
XJTU-SY,35Hz12kN,Bearing1_2,A_rms_3sigma,3,18,0.0
XJTU-SY,35Hz12kN,Bearing1_2,B_mahalanobis,3,18,0.65
XJTU-SY,35Hz12kN,Bearing1_2,A_rms_3sigma,3,18,0.0
XJTU-SY,35Hz12kN,Bearing1_2,B_mahalanobis,3,18,0.0
XJTU-SY,35Hz12kN,Bearing1_2,A_rms_3sigma,3,18,0.0
XJTU-SY,35Hz12kN,Bearing1_2,B_mahalanobis,3,18,0.15
XJTU-SY,35Hz12kN,Bearing1_2,A_rms_3sigma,3,18,0.0
XJTU-SY,35Hz12kN,Bearing1_2,B_mahalanobis,3,18,0.0
XJTU-SY,35Hz12kN,Bearing1_2,A_rms_3sigma,3,18,0.0
XJTU-SY,35Hz12kN,Bearing1_2,B_mahalanobis,3,18,0.1
XJTU-SY,35Hz12kN,Bearing1_2,A_rms_3sigma,3,18,0.0
XJTU-SY,35Hz12kN,Bearing1_2,B_mahalanobis,3,18,0.1
XJTU-SY,35Hz12kN,Bearing1_3,A_rms_3sigma,1,20,1.0
XJTU-SY,35Hz12kN,Bearing1_3,B_mahalanobis,1,20,1.0
XJTU-SY,35Hz12kN,Bearing1_3,A_rms_3sigma,1,20,0.0
XJTU-SY,35Hz12kN,Bearing1_3,B_mahalanobis,1,20,1.0
XJTU-SY,35Hz12kN,Bearing1_3,A_rms_3sigma,1,20,1.0
XJTU-SY,35Hz12kN,Bearing1_3,B_mahalanobis,1,20,1.0
XJTU-SY,35Hz12kN,Bearing1_3,A_rms_3sigma,1,20,1.0
XJTU-SY,35Hz12kN,Bearing1_3,B_mahalanobis,1,20,1.0
XJTU-SY,35Hz12kN,Bearing1_3,A_rms_3sigma,1,20,0.0
XJTU-SY,35Hz12kN,Bearing1_3,B_mahalanobis,1,20,1.0
XJTU-SY,35Hz12kN,Bearing1_3,A_rms_3sigma,1,20,1.0
XJTU-SY,35Hz12kN,Bearing1_3,B_mahalanobis,1,20,1.0
XJTU-SY,35Hz12kN,Bearing1_3,A_rms_3sigma,1,20,0.0
XJTU-SY,35Hz12kN,Bearing1_3,B_mahalanobis,1,20,1.0
XJTU-SY,35Hz12kN,Bearing1_3,A_rms_3sigma,1,20,0.0
XJTU-SY,35Hz12kN,Bearing1_3,B_mahalanobis,1,20,1.0
XJTU-SY,35Hz12kN,Bearing1_3,A_rms_3sigma,1,20,0.0
XJTU-SY,35Hz12kN,Bearing1_3,B_mahalanobis,1,20,1.0
XJTU-SY,35Hz12kN,Bearing1_3,A_rms_3sigma,1,20,0.0
XJTU-SY,35Hz12kN,Bearing1_3,B_mahalanobis,1,20,1.0
XJTU-SY,35Hz12kN,Bearing1_3,A_rms_3sigma,1,20,0.0
XJTU-SY,35Hz12kN,Bearing1_3,B_mahalanobis,1,20,1.0
XJTU-SY,35Hz12kN,Bearing1_3,A_rms_3sigma,1,20,1.0
XJTU-SY,35Hz12kN,Bearing1_3,B_mahalanobis,1,20,1.0
XJTU-SY,35Hz12kN,Bearing1_3,A_rms_3sigma,1,20,0.0
XJTU-SY,35Hz12kN,Bearing1_3,B_mahalanobis,1,20,1.0
XJTU-SY,35Hz12kN,Bearing1_3,A_rms_3sigma,1,20,1.0
XJTU-SY,35Hz12kN,Bearing1_3,B_mahalanobis,1,20,1.0
XJTU-SY,35Hz12kN,Bearing1_3,A_rms_3sigma,1,20,0.0
XJTU-SY,35Hz12kN,Bearing1_3,B_mahalanobis,1,20,1.0
XJTU-SY,35Hz12kN,Bearing1_3,A_rms_3sigma,1,20,0.0
XJTU-SY,35Hz12kN,Bearing1_3,B_mahalanobis,1,20,1.0
XJTU-SY,35Hz12kN,Bearing1_3,A_rms_3sigma,1,20,0.0
XJTU-SY,35Hz12kN,Bearing1_3,B_mahalanobis,1,20,1.0
XJTU-SY,35Hz12kN,Bearing1_3,A_rms_3sigma,1,20,0.0
XJTU-SY,35Hz12kN,Bearing1_3,B_mahalanobis,1,20,1.0
XJTU-SY,35Hz12kN,Bearing1_3,A_rms_3sigma,1,20,1.0
XJTU-SY,35Hz12kN,Bearing1_3,B_mahalanobis,1,20,1.0
XJTU-SY,35Hz12kN,Bearing1_3,A_rms_3sigma,1,20,1.0
XJTU-SY,35Hz12kN,Bearing1_3,B_mahalanobis,1,20,1.0
XJTU-SY,35Hz12kN,Bearing1_3,A_rms_3sigma,1,20,1.0
XJTU-SY,35Hz12kN,Bearing1_3,B_mahalanobis,1,20,1.0
XJTU-SY,35Hz12kN,Bearing1_3,A_rms_3sigma,1,20,1.0
XJTU-SY,35Hz12kN,Bearing1_3,B_mahalanobis,1,20,1.0
XJTU-SY,35Hz12kN,Bearing1_3,A_rms_3sigma,1,20,0.0
XJTU-SY,35Hz12kN,Bearing1_3,B_mahalanobis,1,20,1.0
XJTU-SY,35Hz12kN,Bearing1_3,A_rms_3sigma,1,20,1.0
XJTU-SY,35Hz12kN,Bearing1_3,B_mahalanobis,1,20,1.0
XJTU-SY,35Hz12kN,Bearing1_3,A_rms_3sigma,1,20,0.0
XJTU-SY,35Hz12kN,Bearing1_3,B_mahalanobis,1,20,1.0
XJTU-SY,35Hz12kN,Bearing1_3,A_rms_3sigma,1,20,0.0
XJTU-SY,35Hz12kN,Bearing1_3,B_mahalanobis,1,20,1.0
XJTU-SY,35Hz12kN,Bearing1_3,A_rms_3sigma,1,20,0.0
XJTU-SY,35Hz12kN,Bearing1_3,B_mahalanobis,1,20,1.0
XJTU-SY,35Hz12kN,Bearing1_3,A_rms_3sigma,1,20,1.0
XJTU-SY,35Hz12kN,Bearing1_3,B_mahalanobis,1,20,1.0
XJTU-SY,35Hz12kN,Bearing1_3,A_rms_3sigma,1,20,1.0
XJTU-SY,35Hz12kN,Bearing1_3,B_mahalanobis,1,20,1.0
XJTU-SY,35Hz12kN,Bearing1_3,A_rms_3sigma,1,20,0.0
XJTU-SY,35Hz12kN,Bearing1_3,B_mahalanobis,1,20,1.0
XJTU-SY,35Hz12kN,Bearing1_3,A_rms_3sigma,1,20,1.0
XJTU-SY,35Hz12kN,Bearing1_3,B_mahalanobis,1,20,1.0
XJTU-SY,35Hz12kN,Bearing1_3,A_rms_3sigma,1,20,1.0
XJTU-SY,35Hz12kN,Bearing1_3,B_mahalanobis,1,20,1.0
XJTU-SY,35Hz12kN,Bearing1_3,A_rms_3sigma,1,20,0.0
XJTU-SY,35Hz12kN,Bearing1_3,B_mahalanobis,1,20,1.0
XJTU-SY,35Hz12kN,Bearing1_3,A_rms_3sigma,1,20,1.0
XJTU-SY,35Hz12kN,Bearing1_3,B_mahalanobis,1,20,1.0
XJTU-SY,35Hz12kN,Bearing1_3,A_rms_3sigma,1,20,1.0
XJTU-SY,35Hz12kN,Bearing1_3,B_mahalanobis,1,20,1.0
XJTU-SY,35Hz12kN,Bearing1_3,A_rms_3sigma,1,20,0.0
XJTU-SY,35Hz12kN,Bearing1_3,B_mahalanobis,1,20,1.0
XJTU-SY,35Hz12kN,Bearing1_3,A_rms_3sigma,1,20,0.0
XJTU-SY,35Hz12kN,Bearing1_3,B_mahalanobis,1,20,1.0
XJTU-SY,35Hz12kN,Bearing1_3,A_rms_3sigma,1,20,1.0
XJTU-SY,35Hz12kN,Bearing1_3,B_mahalanobis,1,20,1.0
XJTU-SY,35Hz12kN,Bearing1_3,A_rms_3sigma,1,20,1.0
XJTU-SY,35Hz12kN,Bearing1_3,B_mahalanobis,1,20,1.0
XJTU-SY,35Hz12kN,Bearing1_3,A_rms_3sigma,1,20,0.0
XJTU-SY,35Hz12kN,Bearing1_3,B_mahalanobis,1,20,1.0
XJTU-SY,35Hz12kN,Bearing1_3,A_rms_3sigma,1,20,0.0
XJTU-SY,35Hz12kN,Bearing1_3,B_mahalanobis,1,20,1.0
XJTU-SY,35Hz12kN,Bearing1_3,A_rms_3sigma,1,20,0.0
XJTU-SY,35Hz12kN,Bearing1_3,B_mahalanobis,1,20,1.0
XJTU-SY,35Hz12kN,Bearing1_3,A_rms_3sigma,1,20,0.0
XJTU-SY,35Hz12kN,Bearing1_3,B_mahalanobis,1,20,1.0
XJTU-SY,35Hz12kN,Bearing1_3,A_rms_3sigma,1,20,0.0
XJTU-SY,35Hz12kN,Bearing1_3,B_mahalanobis,1,20,1.0
XJTU-SY,35Hz12kN,Bearing1_3,A_rms_3sigma,1,20,0.0
XJTU-SY,35Hz12kN,Bearing1_3,B_mahalanobis,1,20,1.0
XJTU-SY,35Hz12kN,Bearing1_3,A_rms_3sigma,1,20,1.0
XJTU-SY,35Hz12kN,Bearing1_3,B_mahalanobis,1,20,1.0
XJTU-SY,35Hz12kN,Bearing1_3,A_rms_3sigma,1,20,0.0
XJTU-SY,35Hz12kN,Bearing1_3,B_mahalanobis,1,20,1.0
XJTU-SY,35Hz12kN,Bearing1_3,A_rms_3sigma,1,20,0.0
XJTU-SY,35Hz12kN,Bearing1_3,B_mahalanobis,1,20,1.0
XJTU-SY,35Hz12kN,Bearing1_3,A_rms_3sigma,1,20,0.0
XJTU-SY,35Hz12kN,Bearing1_3,B_mahalanobis,1,20,1.0
XJTU-SY,35Hz12kN,Bearing1_3,A_rms_3sigma,1,20,0.0
XJTU-SY,35Hz12kN,Bearing1_3,B_mahalanobis,1,20,1.0
XJTU-SY,35Hz12kN,Bearing1_3,A_rms_3sigma,2,20,0.0
XJTU-SY,35Hz12kN,Bearing1_3,B_mahalanobis,2,20,1.0
XJTU-SY,35Hz12kN,Bearing1_3,A_rms_3sigma,2,20,0.0
XJTU-SY,35Hz12kN,Bearing1_3,B_mahalanobis,2,20,1.0
XJTU-SY,35Hz12kN,Bearing1_3,A_rms_3sigma,2,20,0.0
XJTU-SY,35Hz12kN,Bearing1_3,B_mahalanobis,2,20,1.0
XJTU-SY,35Hz12kN,Bearing1_3,A_rms_3sigma,2,20,0.0
XJTU-SY,35Hz12kN,Bearing1_3,B_mahalanobis,2,20,1.0
XJTU-SY,35Hz12kN,Bearing1_3,A_rms_3sigma,2,20,0.0
XJTU-SY,35Hz12kN,Bearing1_3,B_mahalanobis,2,20,1.0
XJTU-SY,35Hz12kN,Bearing1_3,A_rms_3sigma,2,20,0.0
XJTU-SY,35Hz12kN,Bearing1_3,B_mahalanobis,2,20,1.0
XJTU-SY,35Hz12kN,Bearing1_3,A_rms_3sigma,2,20,0.0
XJTU-SY,35Hz12kN,Bearing1_3,B_mahalanobis,2,20,1.0
XJTU-SY,35Hz12kN,Bearing1_3,A_rms_3sigma,2,20,0.0
XJTU-SY,35Hz12kN,Bearing1_3,B_mahalanobis,2,20,1.0
XJTU-SY,35Hz12kN,Bearing1_3,A_rms_3sigma,2,20,0.0
XJTU-SY,35Hz12kN,Bearing1_3,B_mahalanobis,2,20,1.0
XJTU-SY,35Hz12kN,Bearing1_3,A_rms_3sigma,2,20,0.0
XJTU-SY,35Hz12kN,Bearing1_3,B_mahalanobis,2,20,1.0
XJTU-SY,35Hz12kN,Bearing1_3,A_rms_3sigma,2,20,0.0
XJTU-SY,35Hz12kN,Bearing1_3,B_mahalanobis,2,20,1.0
XJTU-SY,35Hz12kN,Bearing1_3,A_rms_3sigma,2,20,0.0
XJTU-SY,35Hz12kN,Bearing1_3,B_mahalanobis,2,20,1.0
XJTU-SY,35Hz12kN,Bearing1_3,A_rms_3sigma,2,20,0.0
XJTU-SY,35Hz12kN,Bearing1_3,B_mahalanobis,2,20,1.0
XJTU-SY,35Hz12kN,Bearing1_3,A_rms_3sigma,2,20,0.0
XJTU-SY,35Hz12kN,Bearing1_3,B_mahalanobis,2,20,1.0
XJTU-SY,35Hz12kN,Bearing1_3,A_rms_3sigma,2,20,0.0
XJTU-SY,35Hz12kN,Bearing1_3,B_mahalanobis,2,20,1.0
XJTU-SY,35Hz12kN,Bearing1_3,A_rms_3sigma,2,20,0.0
XJTU-SY,35Hz12kN,Bearing1_3,B_mahalanobis,2,20,1.0
XJTU-SY,35Hz12kN,Bearing1_3,A_rms_3sigma,2,20,0.0
XJTU-SY,35Hz12kN,Bearing1_3,B_mahalanobis,2,20,1.0
XJTU-SY,35Hz12kN,Bearing1_3,A_rms_3sigma,2,20,0.0
XJTU-SY,35Hz12kN,Bearing1_3,B_mahalanobis,2,20,1.0
XJTU-SY,35Hz12kN,Bearing1_3,A_rms_3sigma,2,20,0.0
XJTU-SY,35Hz12kN,Bearing1_3,B_mahalanobis,2,20,1.0
XJTU-SY,35Hz12kN,Bearing1_3,A_rms_3sigma,2,20,0.0
XJTU-SY,35Hz12kN,Bearing1_3,B_mahalanobis,2,20,1.0
XJTU-SY,35Hz12kN,Bearing1_3,A_rms_3sigma,2,20,0.0
XJTU-SY,35Hz12kN,Bearing1_3,B_mahalanobis,2,20,1.0
XJTU-SY,35Hz12kN,Bearing1_3,A_rms_3sigma,2,20,0.0
XJTU-SY,35Hz12kN,Bearing1_3,B_mahalanobis,2,20,1.0
XJTU-SY,35Hz12kN,Bearing1_3,A_rms_3sigma,2,20,0.0
XJTU-SY,35Hz12kN,Bearing1_3,B_mahalanobis,2,20,1.0
XJTU-SY,35Hz12kN,Bearing1_3,A_rms_3sigma,2,20,0.0
XJTU-SY,35Hz12kN,Bearing1_3,B_mahalanobis,2,20,1.0
XJTU-SY,35Hz12kN,Bearing1_3,A_rms_3sigma,2,20,0.0
XJTU-SY,35Hz12kN,Bearing1_3,B_mahalanobis,2,20,1.0
XJTU-SY,35Hz12kN,Bearing1_3,A_rms_3sigma,2,20,0.0
XJTU-SY,35Hz12kN,Bearing1_3,B_mahalanobis,2,20,1.0
XJTU-SY,35Hz12kN,Bearing1_3,A_rms_3sigma,2,20,0.0
XJTU-SY,35Hz12kN,Bearing1_3,B_mahalanobis,2,20,1.0
XJTU-SY,35Hz12kN,Bearing1_3,A_rms_3sigma,2,20,0.0
XJTU-SY,35Hz12kN,Bearing1_3,B_mahalanobis,2,20,1.0
XJTU-SY,35Hz12kN,Bearing1_3,A_rms_3sigma,2,20,0.0
XJTU-SY,35Hz12kN,Bearing1_3,B_mahalanobis,2,20,1.0
XJTU-SY,35Hz12kN,Bearing1_3,A_rms_3sigma,2,20,0.0
XJTU-SY,35Hz12kN,Bearing1_3,B_mahalanobis,2,20,1.0
XJTU-SY,35Hz12kN,Bearing1_3,A_rms_3sigma,2,20,0.0
XJTU-SY,35Hz12kN,Bearing1_3,B_mahalanobis,2,20,1.0
XJTU-SY,35Hz12kN,Bearing1_3,A_rms_3sigma,2,20,0.0
XJTU-SY,35Hz12kN,Bearing1_3,B_mahalanobis,2,20,1.0
XJTU-SY,35Hz12kN,Bearing1_3,A_rms_3sigma,2,20,0.0
XJTU-SY,35Hz12kN,Bearing1_3,B_mahalanobis,2,20,1.0
XJTU-SY,35Hz12kN,Bearing1_3,A_rms_3sigma,2,20,0.0
XJTU-SY,35Hz12kN,Bearing1_3,B_mahalanobis,2,20,1.0
XJTU-SY,35Hz12kN,Bearing1_3,A_rms_3sigma,2,20,0.0
XJTU-SY,35Hz12kN,Bearing1_3,B_mahalanobis,2,20,1.0
XJTU-SY,35Hz12kN,Bearing1_3,A_rms_3sigma,2,20,0.0
XJTU-SY,35Hz12kN,Bearing1_3,B_mahalanobis,2,20,1.0
XJTU-SY,35Hz12kN,Bearing1_3,A_rms_3sigma,2,20,0.0
XJTU-SY,35Hz12kN,Bearing1_3,B_mahalanobis,2,20,1.0
XJTU-SY,35Hz12kN,Bearing1_3,A_rms_3sigma,2,20,0.0
XJTU-SY,35Hz12kN,Bearing1_3,B_mahalanobis,2,20,1.0
XJTU-SY,35Hz12kN,Bearing1_3,A_rms_3sigma,2,20,0.0
XJTU-SY,35Hz12kN,Bearing1_3,B_mahalanobis,2,20,1.0
XJTU-SY,35Hz12kN,Bearing1_3,A_rms_3sigma,2,20,0.0
XJTU-SY,35Hz12kN,Bearing1_3,B_mahalanobis,2,20,1.0
XJTU-SY,35Hz12kN,Bearing1_3,A_rms_3sigma,2,20,0.0
XJTU-SY,35Hz12kN,Bearing1_3,B_mahalanobis,2,20,1.0
XJTU-SY,35Hz12kN,Bearing1_3,A_rms_3sigma,2,20,0.0
XJTU-SY,35Hz12kN,Bearing1_3,B_mahalanobis,2,20,1.0
XJTU-SY,35Hz12kN,Bearing1_3,A_rms_3sigma,2,20,0.0
XJTU-SY,35Hz12kN,Bearing1_3,B_mahalanobis,2,20,1.0
XJTU-SY,35Hz12kN,Bearing1_3,A_rms_3sigma,2,20,0.0
XJTU-SY,35Hz12kN,Bearing1_3,B_mahalanobis,2,20,1.0
XJTU-SY,35Hz12kN,Bearing1_3,A_rms_3sigma,2,20,0.0
XJTU-SY,35Hz12kN,Bearing1_3,B_mahalanobis,2,20,1.0
XJTU-SY,35Hz12kN,Bearing1_3,A_rms_3sigma,2,20,0.0
XJTU-SY,35Hz12kN,Bearing1_3,B_mahalanobis,2,20,1.0
XJTU-SY,35Hz12kN,Bearing1_3,A_rms_3sigma,2,20,0.0
XJTU-SY,35Hz12kN,Bearing1_3,B_mahalanobis,2,20,1.0
XJTU-SY,35Hz12kN,Bearing1_3,A_rms_3sigma,2,20,0.0
XJTU-SY,35Hz12kN,Bearing1_3,B_mahalanobis,2,20,1.0
XJTU-SY,35Hz12kN,Bearing1_3,A_rms_3sigma,2,20,0.0
XJTU-SY,35Hz12kN,Bearing1_3,B_mahalanobis,2,20,1.0
XJTU-SY,35Hz12kN,Bearing1_3,A_rms_3sigma,2,20,0.0
XJTU-SY,35Hz12kN,Bearing1_3,B_mahalanobis,2,20,1.0
XJTU-SY,35Hz12kN,Bearing1_3,A_rms_3sigma,3,18,0.0
XJTU-SY,35Hz12kN,Bearing1_3,B_mahalanobis,3,18,1.0
XJTU-SY,35Hz12kN,Bearing1_3,A_rms_3sigma,3,18,0.0
XJTU-SY,35Hz12kN,Bearing1_3,B_mahalanobis,3,18,1.0
XJTU-SY,35Hz12kN,Bearing1_3,A_rms_3sigma,3,18,0.0
XJTU-SY,35Hz12kN,Bearing1_3,B_mahalanobis,3,18,1.0
XJTU-SY,35Hz12kN,Bearing1_3,A_rms_3sigma,3,18,0.0
XJTU-SY,35Hz12kN,Bearing1_3,B_mahalanobis,3,18,1.0
XJTU-SY,35Hz12kN,Bearing1_3,A_rms_3sigma,3,18,0.0
XJTU-SY,35Hz12kN,Bearing1_3,B_mahalanobis,3,18,1.0
XJTU-SY,35Hz12kN,Bearing1_3,A_rms_3sigma,3,18,0.0
XJTU-SY,35Hz12kN,Bearing1_3,B_mahalanobis,3,18,1.0
XJTU-SY,35Hz12kN,Bearing1_3,A_rms_3sigma,3,18,0.0
XJTU-SY,35Hz12kN,Bearing1_3,B_mahalanobis,3,18,1.0
XJTU-SY,35Hz12kN,Bearing1_3,A_rms_3sigma,3,18,0.0
XJTU-SY,35Hz12kN,Bearing1_3,B_mahalanobis,3,18,1.0
XJTU-SY,35Hz12kN,Bearing1_3,A_rms_3sigma,3,18,0.0
XJTU-SY,35Hz12kN,Bearing1_3,B_mahalanobis,3,18,1.0
XJTU-SY,35Hz12kN,Bearing1_3,A_rms_3sigma,3,18,0.0
XJTU-SY,35Hz12kN,Bearing1_3,B_mahalanobis,3,18,1.0
XJTU-SY,35Hz12kN,Bearing1_3,A_rms_3sigma,3,18,0.0
XJTU-SY,35Hz12kN,Bearing1_3,B_mahalanobis,3,18,1.0
XJTU-SY,35Hz12kN,Bearing1_3,A_rms_3sigma,3,18,0.0
XJTU-SY,35Hz12kN,Bearing1_3,B_mahalanobis,3,18,1.0
XJTU-SY,35Hz12kN,Bearing1_3,A_rms_3sigma,3,18,0.0
XJTU-SY,35Hz12kN,Bearing1_3,B_mahalanobis,3,18,1.0
XJTU-SY,35Hz12kN,Bearing1_3,A_rms_3sigma,3,18,0.0
XJTU-SY,35Hz12kN,Bearing1_3,B_mahalanobis,3,18,1.0
XJTU-SY,35Hz12kN,Bearing1_3,A_rms_3sigma,3,18,0.0
XJTU-SY,35Hz12kN,Bearing1_3,B_mahalanobis,3,18,1.0
XJTU-SY,35Hz12kN,Bearing1_3,A_rms_3sigma,3,18,0.0
XJTU-SY,35Hz12kN,Bearing1_3,B_mahalanobis,3,18,1.0
XJTU-SY,35Hz12kN,Bearing1_3,A_rms_3sigma,3,18,0.0
XJTU-SY,35Hz12kN,Bearing1_3,B_mahalanobis,3,18,1.0
XJTU-SY,35Hz12kN,Bearing1_3,A_rms_3sigma,3,18,0.0
XJTU-SY,35Hz12kN,Bearing1_3,B_mahalanobis,3,18,1.0
XJTU-SY,35Hz12kN,Bearing1_3,A_rms_3sigma,3,18,0.0
XJTU-SY,35Hz12kN,Bearing1_3,B_mahalanobis,3,18,1.0
XJTU-SY,35Hz12kN,Bearing1_3,A_rms_3sigma,3,18,0.0
XJTU-SY,35Hz12kN,Bearing1_3,B_mahalanobis,3,18,1.0
XJTU-SY,35Hz12kN,Bearing1_3,A_rms_3sigma,3,18,0.0
XJTU-SY,35Hz12kN,Bearing1_3,B_mahalanobis,3,18,1.0
XJTU-SY,35Hz12kN,Bearing1_3,A_rms_3sigma,3,18,0.0
XJTU-SY,35Hz12kN,Bearing1_3,B_mahalanobis,3,18,1.0
XJTU-SY,35Hz12kN,Bearing1_3,A_rms_3sigma,3,18,0.0
XJTU-SY,35Hz12kN,Bearing1_3,B_mahalanobis,3,18,1.0
XJTU-SY,35Hz12kN,Bearing1_3,A_rms_3sigma,3,18,0.0
XJTU-SY,35Hz12kN,Bearing1_3,B_mahalanobis,3,18,1.0
XJTU-SY,35Hz12kN,Bearing1_3,A_rms_3sigma,3,18,0.0
XJTU-SY,35Hz12kN,Bearing1_3,B_mahalanobis,3,18,1.0
XJTU-SY,35Hz12kN,Bearing1_3,A_rms_3sigma,3,18,0.0
XJTU-SY,35Hz12kN,Bearing1_3,B_mahalanobis,3,18,1.0
XJTU-SY,35Hz12kN,Bearing1_3,A_rms_3sigma,3,18,0.0
XJTU-SY,35Hz12kN,Bearing1_3,B_mahalanobis,3,18,1.0
XJTU-SY,35Hz12kN,Bearing1_3,A_rms_3sigma,3,18,0.0
XJTU-SY,35Hz12kN,Bearing1_3,B_mahalanobis,3,18,1.0
XJTU-SY,35Hz12kN,Bearing1_3,A_rms_3sigma,3,18,0.0
XJTU-SY,35Hz12kN,Bearing1_3,B_mahalanobis,3,18,1.0
XJTU-SY,35Hz12kN,Bearing1_3,A_rms_3sigma,3,18,0.0
XJTU-SY,35Hz12kN,Bearing1_3,B_mahalanobis,3,18,1.0
XJTU-SY,35Hz12kN,Bearing1_3,A_rms_3sigma,3,18,0.0
XJTU-SY,35Hz12kN,Bearing1_3,B_mahalanobis,3,18,1.0
XJTU-SY,35Hz12kN,Bearing1_3,A_rms_3sigma,3,18,0.0
XJTU-SY,35Hz12kN,Bearing1_3,B_mahalanobis,3,18,1.0
XJTU-SY,35Hz12kN,Bearing1_3,A_rms_3sigma,3,18,0.0
XJTU-SY,35Hz12kN,Bearing1_3,B_mahalanobis,3,18,1.0
XJTU-SY,35Hz12kN,Bearing1_3,A_rms_3sigma,3,18,0.0
XJTU-SY,35Hz12kN,Bearing1_3,B_mahalanobis,3,18,1.0
XJTU-SY,35Hz12kN,Bearing1_3,A_rms_3sigma,3,18,0.0
XJTU-SY,35Hz12kN,Bearing1_3,B_mahalanobis,3,18,1.0
XJTU-SY,35Hz12kN,Bearing1_3,A_rms_3sigma,3,18,0.0
XJTU-SY,35Hz12kN,Bearing1_3,B_mahalanobis,3,18,1.0
XJTU-SY,35Hz12kN,Bearing1_3,A_rms_3sigma,3,18,0.0
XJTU-SY,35Hz12kN,Bearing1_3,B_mahalanobis,3,18,1.0
XJTU-SY,35Hz12kN,Bearing1_3,A_rms_3sigma,3,18,0.0
XJTU-SY,35Hz12kN,Bearing1_3,B_mahalanobis,3,18,1.0
XJTU-SY,35Hz12kN,Bearing1_3,A_rms_3sigma,3,18,0.0
XJTU-SY,35Hz12kN,Bearing1_3,B_mahalanobis,3,18,1.0
XJTU-SY,35Hz12kN,Bearing1_3,A_rms_3sigma,3,18,0.0
XJTU-SY,35Hz12kN,Bearing1_3,B_mahalanobis,3,18,1.0
XJTU-SY,35Hz12kN,Bearing1_3,A_rms_3sigma,3,18,0.0
XJTU-SY,35Hz12kN,Bearing1_3,B_mahalanobis,3,18,1.0
XJTU-SY,35Hz12kN,Bearing1_3,A_rms_3sigma,3,18,0.0
XJTU-SY,35Hz12kN,Bearing1_3,B_mahalanobis,3,18,1.0
XJTU-SY,35Hz12kN,Bearing1_3,A_rms_3sigma,3,18,0.0
XJTU-SY,35Hz12kN,Bearing1_3,B_mahalanobis,3,18,1.0
XJTU-SY,35Hz12kN,Bearing1_3,A_rms_3sigma,3,18,0.0
XJTU-SY,35Hz12kN,Bearing1_3,B_mahalanobis,3,18,1.0
XJTU-SY,35Hz12kN,Bearing1_3,A_rms_3sigma,3,18,0.0
XJTU-SY,35Hz12kN,Bearing1_3,B_mahalanobis,3,18,1.0
XJTU-SY,35Hz12kN,Bearing1_3,A_rms_3sigma,3,18,0.0
XJTU-SY,35Hz12kN,Bearing1_3,B_mahalanobis,3,18,1.0
XJTU-SY,35Hz12kN,Bearing1_3,A_rms_3sigma,3,18,0.0
XJTU-SY,35Hz12kN,Bearing1_3,B_mahalanobis,3,18,1.0
XJTU-SY,35Hz12kN,Bearing1_3,A_rms_3sigma,3,18,0.0
XJTU-SY,35Hz12kN,Bearing1_3,B_mahalanobis,3,18,1.0
XJTU-SY,35Hz12kN,Bearing1_3,A_rms_3sigma,3,18,0.0
XJTU-SY,35Hz12kN,Bearing1_3,B_mahalanobis,3,18,1.0
XJTU-SY,35Hz12kN,Bearing1_3,A_rms_3sigma,3,18,0.0
XJTU-SY,35Hz12kN,Bearing1_3,B_mahalanobis,3,18,1.0
XJTU-SY,35Hz12kN,Bearing1_4,A_rms_3sigma,1,20,0.0
XJTU-SY,35Hz12kN,Bearing1_4,B_mahalanobis,1,20,1.0
XJTU-SY,35Hz12kN,Bearing1_4,A_rms_3sigma,1,20,0.0
XJTU-SY,35Hz12kN,Bearing1_4,B_mahalanobis,1,20,1.0
XJTU-SY,35Hz12kN,Bearing1_4,A_rms_3sigma,1,20,0.0
XJTU-SY,35Hz12kN,Bearing1_4,B_mahalanobis,1,20,1.0
XJTU-SY,35Hz12kN,Bearing1_4,A_rms_3sigma,1,20,0.0
XJTU-SY,35Hz12kN,Bearing1_4,B_mahalanobis,1,20,1.0
XJTU-SY,35Hz12kN,Bearing1_4,A_rms_3sigma,1,20,0.0
XJTU-SY,35Hz12kN,Bearing1_4,B_mahalanobis,1,20,1.0
XJTU-SY,35Hz12kN,Bearing1_4,A_rms_3sigma,1,20,0.0
XJTU-SY,35Hz12kN,Bearing1_4,B_mahalanobis,1,20,1.0
XJTU-SY,35Hz12kN,Bearing1_4,A_rms_3sigma,1,20,0.0
XJTU-SY,35Hz12kN,Bearing1_4,B_mahalanobis,1,20,1.0
XJTU-SY,35Hz12kN,Bearing1_4,A_rms_3sigma,1,20,0.0
XJTU-SY,35Hz12kN,Bearing1_4,B_mahalanobis,1,20,1.0
XJTU-SY,35Hz12kN,Bearing1_4,A_rms_3sigma,1,20,0.0
XJTU-SY,35Hz12kN,Bearing1_4,B_mahalanobis,1,20,1.0
XJTU-SY,35Hz12kN,Bearing1_4,A_rms_3sigma,1,20,0.0
XJTU-SY,35Hz12kN,Bearing1_4,B_mahalanobis,1,20,1.0
XJTU-SY,35Hz12kN,Bearing1_4,A_rms_3sigma,1,20,0.0
XJTU-SY,35Hz12kN,Bearing1_4,B_mahalanobis,1,20,1.0
XJTU-SY,35Hz12kN,Bearing1_4,A_rms_3sigma,1,20,0.0
XJTU-SY,35Hz12kN,Bearing1_4,B_mahalanobis,1,20,1.0
XJTU-SY,35Hz12kN,Bearing1_4,A_rms_3sigma,1,20,0.0
XJTU-SY,35Hz12kN,Bearing1_4,B_mahalanobis,1,20,1.0
XJTU-SY,35Hz12kN,Bearing1_4,A_rms_3sigma,1,20,0.0
XJTU-SY,35Hz12kN,Bearing1_4,B_mahalanobis,1,20,1.0
XJTU-SY,35Hz12kN,Bearing1_4,A_rms_3sigma,1,20,0.0
XJTU-SY,35Hz12kN,Bearing1_4,B_mahalanobis,1,20,1.0
XJTU-SY,35Hz12kN,Bearing1_4,A_rms_3sigma,1,20,0.0
XJTU-SY,35Hz12kN,Bearing1_4,B_mahalanobis,1,20,1.0
XJTU-SY,35Hz12kN,Bearing1_4,A_rms_3sigma,1,20,0.0
XJTU-SY,35Hz12kN,Bearing1_4,B_mahalanobis,1,20,1.0
XJTU-SY,35Hz12kN,Bearing1_4,A_rms_3sigma,1,20,0.0
XJTU-SY,35Hz12kN,Bearing1_4,B_mahalanobis,1,20,1.0
XJTU-SY,35Hz12kN,Bearing1_4,A_rms_3sigma,1,20,0.0
XJTU-SY,35Hz12kN,Bearing1_4,B_mahalanobis,1,20,1.0
XJTU-SY,35Hz12kN,Bearing1_4,A_rms_3sigma,1,20,0.0
XJTU-SY,35Hz12kN,Bearing1_4,B_mahalanobis,1,20,1.0
XJTU-SY,35Hz12kN,Bearing1_4,A_rms_3sigma,1,20,0.0
XJTU-SY,35Hz12kN,Bearing1_4,B_mahalanobis,1,20,1.0
XJTU-SY,35Hz12kN,Bearing1_4,A_rms_3sigma,1,20,0.0
XJTU-SY,35Hz12kN,Bearing1_4,B_mahalanobis,1,20,1.0
XJTU-SY,35Hz12kN,Bearing1_4,A_rms_3sigma,1,20,0.0
XJTU-SY,35Hz12kN,Bearing1_4,B_mahalanobis,1,20,1.0
XJTU-SY,35Hz12kN,Bearing1_4,A_rms_3sigma,1,20,0.0
XJTU-SY,35Hz12kN,Bearing1_4,B_mahalanobis,1,20,1.0
XJTU-SY,35Hz12kN,Bearing1_4,A_rms_3sigma,1,20,0.0
XJTU-SY,35Hz12kN,Bearing1_4,B_mahalanobis,1,20,1.0
XJTU-SY,35Hz12kN,Bearing1_4,A_rms_3sigma,1,20,0.0
XJTU-SY,35Hz12kN,Bearing1_4,B_mahalanobis,1,20,1.0
XJTU-SY,35Hz12kN,Bearing1_4,A_rms_3sigma,1,20,0.0
XJTU-SY,35Hz12kN,Bearing1_4,B_mahalanobis,1,20,1.0
XJTU-SY,35Hz12kN,Bearing1_4,A_rms_3sigma,1,20,0.0
XJTU-SY,35Hz12kN,Bearing1_4,B_mahalanobis,1,20,1.0
XJTU-SY,35Hz12kN,Bearing1_4,A_rms_3sigma,1,20,0.0
XJTU-SY,35Hz12kN,Bearing1_4,B_mahalanobis,1,20,1.0
XJTU-SY,35Hz12kN,Bearing1_4,A_rms_3sigma,1,20,0.0
XJTU-SY,35Hz12kN,Bearing1_4,B_mahalanobis,1,20,1.0
XJTU-SY,35Hz12kN,Bearing1_4,A_rms_3sigma,1,20,0.0
XJTU-SY,35Hz12kN,Bearing1_4,B_mahalanobis,1,20,1.0
XJTU-SY,35Hz12kN,Bearing1_4,A_rms_3sigma,1,20,0.0
XJTU-SY,35Hz12kN,Bearing1_4,B_mahalanobis,1,20,1.0
XJTU-SY,35Hz12kN,Bearing1_4,A_rms_3sigma,1,20,0.0
XJTU-SY,35Hz12kN,Bearing1_4,B_mahalanobis,1,20,1.0
XJTU-SY,35Hz12kN,Bearing1_4,A_rms_3sigma,1,20,0.0
XJTU-SY,35Hz12kN,Bearing1_4,B_mahalanobis,1,20,1.0
XJTU-SY,35Hz12kN,Bearing1_4,A_rms_3sigma,1,20,0.0
XJTU-SY,35Hz12kN,Bearing1_4,B_mahalanobis,1,20,1.0
XJTU-SY,35Hz12kN,Bearing1_4,A_rms_3sigma,1,20,0.0
XJTU-SY,35Hz12kN,Bearing1_4,B_mahalanobis,1,20,1.0
XJTU-SY,35Hz12kN,Bearing1_4,A_rms_3sigma,1,20,0.0
XJTU-SY,35Hz12kN,Bearing1_4,B_mahalanobis,1,20,1.0
XJTU-SY,35Hz12kN,Bearing1_4,A_rms_3sigma,1,20,0.0
XJTU-SY,35Hz12kN,Bearing1_4,B_mahalanobis,1,20,1.0
XJTU-SY,35Hz12kN,Bearing1_4,A_rms_3sigma,1,20,0.0
XJTU-SY,35Hz12kN,Bearing1_4,B_mahalanobis,1,20,1.0
XJTU-SY,35Hz12kN,Bearing1_4,A_rms_3sigma,1,20,0.0
XJTU-SY,35Hz12kN,Bearing1_4,B_mahalanobis,1,20,1.0
XJTU-SY,35Hz12kN,Bearing1_4,A_rms_3sigma,1,20,0.0
XJTU-SY,35Hz12kN,Bearing1_4,B_mahalanobis,1,20,1.0
XJTU-SY,35Hz12kN,Bearing1_4,A_rms_3sigma,1,20,0.0
XJTU-SY,35Hz12kN,Bearing1_4,B_mahalanobis,1,20,1.0
XJTU-SY,35Hz12kN,Bearing1_4,A_rms_3sigma,1,20,0.0
XJTU-SY,35Hz12kN,Bearing1_4,B_mahalanobis,1,20,1.0
XJTU-SY,35Hz12kN,Bearing1_4,A_rms_3sigma,1,20,0.0
XJTU-SY,35Hz12kN,Bearing1_4,B_mahalanobis,1,20,1.0
XJTU-SY,35Hz12kN,Bearing1_4,A_rms_3sigma,1,20,0.0
XJTU-SY,35Hz12kN,Bearing1_4,B_mahalanobis,1,20,1.0
XJTU-SY,35Hz12kN,Bearing1_4,A_rms_3sigma,1,20,0.0
XJTU-SY,35Hz12kN,Bearing1_4,B_mahalanobis,1,20,1.0
XJTU-SY,35Hz12kN,Bearing1_4,A_rms_3sigma,1,20,0.0
XJTU-SY,35Hz12kN,Bearing1_4,B_mahalanobis,1,20,1.0
XJTU-SY,35Hz12kN,Bearing1_4,A_rms_3sigma,1,20,0.0
XJTU-SY,35Hz12kN,Bearing1_4,B_mahalanobis,1,20,1.0
XJTU-SY,35Hz12kN,Bearing1_4,A_rms_3sigma,1,20,0.0
XJTU-SY,35Hz12kN,Bearing1_4,B_mahalanobis,1,20,1.0
XJTU-SY,35Hz12kN,Bearing1_4,A_rms_3sigma,1,20,0.0
XJTU-SY,35Hz12kN,Bearing1_4,B_mahalanobis,1,20,1.0
XJTU-SY,35Hz12kN,Bearing1_4,A_rms_3sigma,2,20,0.0
XJTU-SY,35Hz12kN,Bearing1_4,B_mahalanobis,2,20,1.0
XJTU-SY,35Hz12kN,Bearing1_4,A_rms_3sigma,2,20,0.0
XJTU-SY,35Hz12kN,Bearing1_4,B_mahalanobis,2,20,1.0
XJTU-SY,35Hz12kN,Bearing1_4,A_rms_3sigma,2,20,0.0
XJTU-SY,35Hz12kN,Bearing1_4,B_mahalanobis,2,20,1.0
XJTU-SY,35Hz12kN,Bearing1_4,A_rms_3sigma,2,20,0.0
XJTU-SY,35Hz12kN,Bearing1_4,B_mahalanobis,2,20,1.0
XJTU-SY,35Hz12kN,Bearing1_4,A_rms_3sigma,2,20,0.0
XJTU-SY,35Hz12kN,Bearing1_4,B_mahalanobis,2,20,1.0
XJTU-SY,35Hz12kN,Bearing1_4,A_rms_3sigma,2,20,0.0
XJTU-SY,35Hz12kN,Bearing1_4,B_mahalanobis,2,20,1.0
XJTU-SY,35Hz12kN,Bearing1_4,A_rms_3sigma,2,20,0.0
XJTU-SY,35Hz12kN,Bearing1_4,B_mahalanobis,2,20,1.0
XJTU-SY,35Hz12kN,Bearing1_4,A_rms_3sigma,2,20,0.0
XJTU-SY,35Hz12kN,Bearing1_4,B_mahalanobis,2,20,1.0
XJTU-SY,35Hz12kN,Bearing1_4,A_rms_3sigma,2,20,0.0
XJTU-SY,35Hz12kN,Bearing1_4,B_mahalanobis,2,20,1.0
XJTU-SY,35Hz12kN,Bearing1_4,A_rms_3sigma,2,20,0.0
XJTU-SY,35Hz12kN,Bearing1_4,B_mahalanobis,2,20,1.0
XJTU-SY,35Hz12kN,Bearing1_4,A_rms_3sigma,2,20,0.0
XJTU-SY,35Hz12kN,Bearing1_4,B_mahalanobis,2,20,1.0
XJTU-SY,35Hz12kN,Bearing1_4,A_rms_3sigma,2,20,0.0
XJTU-SY,35Hz12kN,Bearing1_4,B_mahalanobis,2,20,1.0
XJTU-SY,35Hz12kN,Bearing1_4,A_rms_3sigma,2,20,0.0
XJTU-SY,35Hz12kN,Bearing1_4,B_mahalanobis,2,20,1.0
XJTU-SY,35Hz12kN,Bearing1_4,A_rms_3sigma,2,20,0.0
XJTU-SY,35Hz12kN,Bearing1_4,B_mahalanobis,2,20,1.0
XJTU-SY,35Hz12kN,Bearing1_4,A_rms_3sigma,2,20,0.0
XJTU-SY,35Hz12kN,Bearing1_4,B_mahalanobis,2,20,1.0
XJTU-SY,35Hz12kN,Bearing1_4,A_rms_3sigma,2,20,0.0
XJTU-SY,35Hz12kN,Bearing1_4,B_mahalanobis,2,20,1.0
XJTU-SY,35Hz12kN,Bearing1_4,A_rms_3sigma,2,20,0.0
XJTU-SY,35Hz12kN,Bearing1_4,B_mahalanobis,2,20,1.0
XJTU-SY,35Hz12kN,Bearing1_4,A_rms_3sigma,2,20,0.0
XJTU-SY,35Hz12kN,Bearing1_4,B_mahalanobis,2,20,1.0
XJTU-SY,35Hz12kN,Bearing1_4,A_rms_3sigma,2,20,0.0
XJTU-SY,35Hz12kN,Bearing1_4,B_mahalanobis,2,20,1.0
XJTU-SY,35Hz12kN,Bearing1_4,A_rms_3sigma,2,20,0.0
XJTU-SY,35Hz12kN,Bearing1_4,B_mahalanobis,2,20,1.0
XJTU-SY,35Hz12kN,Bearing1_4,A_rms_3sigma,2,20,0.0
XJTU-SY,35Hz12kN,Bearing1_4,B_mahalanobis,2,20,1.0
XJTU-SY,35Hz12kN,Bearing1_4,A_rms_3sigma,2,20,0.0
XJTU-SY,35Hz12kN,Bearing1_4,B_mahalanobis,2,20,1.0
XJTU-SY,35Hz12kN,Bearing1_4,A_rms_3sigma,2,20,0.0
XJTU-SY,35Hz12kN,Bearing1_4,B_mahalanobis,2,20,1.0
XJTU-SY,35Hz12kN,Bearing1_4,A_rms_3sigma,2,20,0.0
XJTU-SY,35Hz12kN,Bearing1_4,B_mahalanobis,2,20,1.0
XJTU-SY,35Hz12kN,Bearing1_4,A_rms_3sigma,2,20,0.0
XJTU-SY,35Hz12kN,Bearing1_4,B_mahalanobis,2,20,1.0
XJTU-SY,35Hz12kN,Bearing1_4,A_rms_3sigma,2,20,0.0
XJTU-SY,35Hz12kN,Bearing1_4,B_mahalanobis,2,20,1.0
XJTU-SY,35Hz12kN,Bearing1_4,A_rms_3sigma,2,20,0.0
XJTU-SY,35Hz12kN,Bearing1_4,B_mahalanobis,2,20,1.0
XJTU-SY,35Hz12kN,Bearing1_4,A_rms_3sigma,2,20,0.0
XJTU-SY,35Hz12kN,Bearing1_4,B_mahalanobis,2,20,1.0
XJTU-SY,35Hz12kN,Bearing1_4,A_rms_3sigma,2,20,0.0
XJTU-SY,35Hz12kN,Bearing1_4,B_mahalanobis,2,20,1.0
XJTU-SY,35Hz12kN,Bearing1_4,A_rms_3sigma,2,20,0.0
XJTU-SY,35Hz12kN,Bearing1_4,B_mahalanobis,2,20,1.0
XJTU-SY,35Hz12kN,Bearing1_4,A_rms_3sigma,2,20,0.0
XJTU-SY,35Hz12kN,Bearing1_4,B_mahalanobis,2,20,1.0
XJTU-SY,35Hz12kN,Bearing1_4,A_rms_3sigma,2,20,0.0
XJTU-SY,35Hz12kN,Bearing1_4,B_mahalanobis,2,20,1.0
XJTU-SY,35Hz12kN,Bearing1_4,A_rms_3sigma,2,20,0.0
XJTU-SY,35Hz12kN,Bearing1_4,B_mahalanobis,2,20,1.0
XJTU-SY,35Hz12kN,Bearing1_4,A_rms_3sigma,2,20,0.0
XJTU-SY,35Hz12kN,Bearing1_4,B_mahalanobis,2,20,1.0
XJTU-SY,35Hz12kN,Bearing1_4,A_rms_3sigma,2,20,0.0
XJTU-SY,35Hz12kN,Bearing1_4,B_mahalanobis,2,20,1.0
XJTU-SY,35Hz12kN,Bearing1_4,A_rms_3sigma,2,20,0.0
XJTU-SY,35Hz12kN,Bearing1_4,B_mahalanobis,2,20,1.0
XJTU-SY,35Hz12kN,Bearing1_4,A_rms_3sigma,2,20,0.0
XJTU-SY,35Hz12kN,Bearing1_4,B_mahalanobis,2,20,1.0
XJTU-SY,35Hz12kN,Bearing1_4,A_rms_3sigma,2,20,0.0
XJTU-SY,35Hz12kN,Bearing1_4,B_mahalanobis,2,20,1.0
XJTU-SY,35Hz12kN,Bearing1_4,A_rms_3sigma,2,20,0.0
XJTU-SY,35Hz12kN,Bearing1_4,B_mahalanobis,2,20,1.0
XJTU-SY,35Hz12kN,Bearing1_4,A_rms_3sigma,2,20,0.0
XJTU-SY,35Hz12kN,Bearing1_4,B_mahalanobis,2,20,1.0
XJTU-SY,35Hz12kN,Bearing1_4,A_rms_3sigma,2,20,0.0
XJTU-SY,35Hz12kN,Bearing1_4,B_mahalanobis,2,20,1.0
XJTU-SY,35Hz12kN,Bearing1_4,A_rms_3sigma,2,20,0.0
XJTU-SY,35Hz12kN,Bearing1_4,B_mahalanobis,2,20,1.0
XJTU-SY,35Hz12kN,Bearing1_4,A_rms_3sigma,2,20,0.0
XJTU-SY,35Hz12kN,Bearing1_4,B_mahalanobis,2,20,1.0
XJTU-SY,35Hz12kN,Bearing1_4,A_rms_3sigma,2,20,0.0
XJTU-SY,35Hz12kN,Bearing1_4,B_mahalanobis,2,20,1.0
XJTU-SY,35Hz12kN,Bearing1_4,A_rms_3sigma,2,20,0.0
XJTU-SY,35Hz12kN,Bearing1_4,B_mahalanobis,2,20,1.0
XJTU-SY,35Hz12kN,Bearing1_4,A_rms_3sigma,2,20,0.0
XJTU-SY,35Hz12kN,Bearing1_4,B_mahalanobis,2,20,1.0
XJTU-SY,35Hz12kN,Bearing1_4,A_rms_3sigma,2,20,0.0
XJTU-SY,35Hz12kN,Bearing1_4,B_mahalanobis,2,20,1.0
XJTU-SY,35Hz12kN,Bearing1_4,A_rms_3sigma,2,20,0.0
XJTU-SY,35Hz12kN,Bearing1_4,B_mahalanobis,2,20,1.0
XJTU-SY,35Hz12kN,Bearing1_4,A_rms_3sigma,2,20,0.0
XJTU-SY,35Hz12kN,Bearing1_4,B_mahalanobis,2,20,1.0
XJTU-SY,35Hz12kN,Bearing1_4,A_rms_3sigma,2,20,0.0
XJTU-SY,35Hz12kN,Bearing1_4,B_mahalanobis,2,20,1.0
XJTU-SY,35Hz12kN,Bearing1_4,A_rms_3sigma,3,18,0.0
XJTU-SY,35Hz12kN,Bearing1_4,B_mahalanobis,3,18,1.0
XJTU-SY,35Hz12kN,Bearing1_4,A_rms_3sigma,3,18,0.0
XJTU-SY,35Hz12kN,Bearing1_4,B_mahalanobis,3,18,1.0
XJTU-SY,35Hz12kN,Bearing1_4,A_rms_3sigma,3,18,0.0
XJTU-SY,35Hz12kN,Bearing1_4,B_mahalanobis,3,18,1.0
XJTU-SY,35Hz12kN,Bearing1_4,A_rms_3sigma,3,18,0.0
XJTU-SY,35Hz12kN,Bearing1_4,B_mahalanobis,3,18,1.0
XJTU-SY,35Hz12kN,Bearing1_4,A_rms_3sigma,3,18,0.0
XJTU-SY,35Hz12kN,Bearing1_4,B_mahalanobis,3,18,1.0
XJTU-SY,35Hz12kN,Bearing1_4,A_rms_3sigma,3,18,0.0
XJTU-SY,35Hz12kN,Bearing1_4,B_mahalanobis,3,18,1.0
XJTU-SY,35Hz12kN,Bearing1_4,A_rms_3sigma,3,18,0.0
XJTU-SY,35Hz12kN,Bearing1_4,B_mahalanobis,3,18,1.0
XJTU-SY,35Hz12kN,Bearing1_4,A_rms_3sigma,3,18,0.0
XJTU-SY,35Hz12kN,Bearing1_4,B_mahalanobis,3,18,1.0
XJTU-SY,35Hz12kN,Bearing1_4,A_rms_3sigma,3,18,0.0
XJTU-SY,35Hz12kN,Bearing1_4,B_mahalanobis,3,18,1.0
XJTU-SY,35Hz12kN,Bearing1_4,A_rms_3sigma,3,18,0.0
XJTU-SY,35Hz12kN,Bearing1_4,B_mahalanobis,3,18,1.0
XJTU-SY,35Hz12kN,Bearing1_4,A_rms_3sigma,3,18,0.0
XJTU-SY,35Hz12kN,Bearing1_4,B_mahalanobis,3,18,1.0
XJTU-SY,35Hz12kN,Bearing1_4,A_rms_3sigma,3,18,0.0
XJTU-SY,35Hz12kN,Bearing1_4,B_mahalanobis,3,18,1.0
XJTU-SY,35Hz12kN,Bearing1_4,A_rms_3sigma,3,18,0.0
XJTU-SY,35Hz12kN,Bearing1_4,B_mahalanobis,3,18,1.0
XJTU-SY,35Hz12kN,Bearing1_4,A_rms_3sigma,3,18,0.0
XJTU-SY,35Hz12kN,Bearing1_4,B_mahalanobis,3,18,1.0
XJTU-SY,35Hz12kN,Bearing1_4,A_rms_3sigma,3,18,0.0
XJTU-SY,35Hz12kN,Bearing1_4,B_mahalanobis,3,18,1.0
XJTU-SY,35Hz12kN,Bearing1_4,A_rms_3sigma,3,18,0.0
XJTU-SY,35Hz12kN,Bearing1_4,B_mahalanobis,3,18,1.0
XJTU-SY,35Hz12kN,Bearing1_4,A_rms_3sigma,3,18,0.0
XJTU-SY,35Hz12kN,Bearing1_4,B_mahalanobis,3,18,1.0
XJTU-SY,35Hz12kN,Bearing1_4,A_rms_3sigma,3,18,0.0
XJTU-SY,35Hz12kN,Bearing1_4,B_mahalanobis,3,18,1.0
XJTU-SY,35Hz12kN,Bearing1_4,A_rms_3sigma,3,18,0.0
XJTU-SY,35Hz12kN,Bearing1_4,B_mahalanobis,3,18,1.0
XJTU-SY,35Hz12kN,Bearing1_4,A_rms_3sigma,3,18,0.0
XJTU-SY,35Hz12kN,Bearing1_4,B_mahalanobis,3,18,1.0
XJTU-SY,35Hz12kN,Bearing1_4,A_rms_3sigma,3,18,0.0
XJTU-SY,35Hz12kN,Bearing1_4,B_mahalanobis,3,18,1.0
XJTU-SY,35Hz12kN,Bearing1_4,A_rms_3sigma,3,18,0.0
XJTU-SY,35Hz12kN,Bearing1_4,B_mahalanobis,3,18,1.0
XJTU-SY,35Hz12kN,Bearing1_4,A_rms_3sigma,3,18,0.0
XJTU-SY,35Hz12kN,Bearing1_4,B_mahalanobis,3,18,1.0
XJTU-SY,35Hz12kN,Bearing1_4,A_rms_3sigma,3,18,0.0
XJTU-SY,35Hz12kN,Bearing1_4,B_mahalanobis,3,18,1.0
XJTU-SY,35Hz12kN,Bearing1_4,A_rms_3sigma,3,18,0.0
XJTU-SY,35Hz12kN,Bearing1_4,B_mahalanobis,3,18,1.0
XJTU-SY,35Hz12kN,Bearing1_4,A_rms_3sigma,3,18,0.0
XJTU-SY,35Hz12kN,Bearing1_4,B_mahalanobis,3,18,1.0
XJTU-SY,35Hz12kN,Bearing1_4,A_rms_3sigma,3,18,0.0
XJTU-SY,35Hz12kN,Bearing1_4,B_mahalanobis,3,18,1.0
XJTU-SY,35Hz12kN,Bearing1_4,A_rms_3sigma,3,18,0.0
XJTU-SY,35Hz12kN,Bearing1_4,B_mahalanobis,3,18,1.0
XJTU-SY,35Hz12kN,Bearing1_4,A_rms_3sigma,3,18,0.0
XJTU-SY,35Hz12kN,Bearing1_4,B_mahalanobis,3,18,1.0
XJTU-SY,35Hz12kN,Bearing1_4,A_rms_3sigma,3,18,0.0
XJTU-SY,35Hz12kN,Bearing1_4,B_mahalanobis,3,18,1.0
XJTU-SY,35Hz12kN,Bearing1_4,A_rms_3sigma,3,18,0.0
XJTU-SY,35Hz12kN,Bearing1_4,B_mahalanobis,3,18,1.0
XJTU-SY,35Hz12kN,Bearing1_4,A_rms_3sigma,3,18,0.0
XJTU-SY,35Hz12kN,Bearing1_4,B_mahalanobis,3,18,1.0
XJTU-SY,35Hz12kN,Bearing1_4,A_rms_3sigma,3,18,0.0
XJTU-SY,35Hz12kN,Bearing1_4,B_mahalanobis,3,18,1.0
XJTU-SY,35Hz12kN,Bearing1_4,A_rms_3sigma,3,18,0.0
XJTU-SY,35Hz12kN,Bearing1_4,B_mahalanobis,3,18,1.0
XJTU-SY,35Hz12kN,Bearing1_4,A_rms_3sigma,3,18,0.0
XJTU-SY,35Hz12kN,Bearing1_4,B_mahalanobis,3,18,1.0
XJTU-SY,35Hz12kN,Bearing1_4,A_rms_3sigma,3,18,0.0
XJTU-SY,35Hz12kN,Bearing1_4,B_mahalanobis,3,18,1.0
XJTU-SY,35Hz12kN,Bearing1_4,A_rms_3sigma,3,18,0.0
XJTU-SY,35Hz12kN,Bearing1_4,B_mahalanobis,3,18,1.0
XJTU-SY,35Hz12kN,Bearing1_4,A_rms_3sigma,3,18,0.0
XJTU-SY,35Hz12kN,Bearing1_4,B_mahalanobis,3,18,1.0
XJTU-SY,35Hz12kN,Bearing1_4,A_rms_3sigma,3,18,0.0
XJTU-SY,35Hz12kN,Bearing1_4,B_mahalanobis,3,18,1.0
XJTU-SY,35Hz12kN,Bearing1_4,A_rms_3sigma,3,18,0.0
XJTU-SY,35Hz12kN,Bearing1_4,B_mahalanobis,3,18,1.0
XJTU-SY,35Hz12kN,Bearing1_4,A_rms_3sigma,3,18,0.0
XJTU-SY,35Hz12kN,Bearing1_4,B_mahalanobis,3,18,1.0
XJTU-SY,35Hz12kN,Bearing1_4,A_rms_3sigma,3,18,0.0
XJTU-SY,35Hz12kN,Bearing1_4,B_mahalanobis,3,18,1.0
XJTU-SY,35Hz12kN,Bearing1_4,A_rms_3sigma,3,18,0.0
XJTU-SY,35Hz12kN,Bearing1_4,B_mahalanobis,3,18,1.0
XJTU-SY,35Hz12kN,Bearing1_4,A_rms_3sigma,3,18,0.0
XJTU-SY,35Hz12kN,Bearing1_4,B_mahalanobis,3,18,1.0
XJTU-SY,35Hz12kN,Bearing1_4,A_rms_3sigma,3,18,0.0
XJTU-SY,35Hz12kN,Bearing1_4,B_mahalanobis,3,18,1.0
XJTU-SY,35Hz12kN,Bearing1_4,A_rms_3sigma,3,18,0.0
XJTU-SY,35Hz12kN,Bearing1_4,B_mahalanobis,3,18,1.0
XJTU-SY,35Hz12kN,Bearing1_4,A_rms_3sigma,3,18,0.0
XJTU-SY,35Hz12kN,Bearing1_4,B_mahalanobis,3,18,1.0
XJTU-SY,35Hz12kN,Bearing1_4,A_rms_3sigma,3,18,0.0
XJTU-SY,35Hz12kN,Bearing1_4,B_mahalanobis,3,18,1.0
XJTU-SY,35Hz12kN,Bearing1_4,A_rms_3sigma,3,18,0.0
XJTU-SY,35Hz12kN,Bearing1_4,B_mahalanobis,3,18,1.0
XJTU-SY,35Hz12kN,Bearing1_4,A_rms_3sigma,3,18,0.0
XJTU-SY,35Hz12kN,Bearing1_4,B_mahalanobis,3,18,1.0
XJTU-SY,37.5Hz11kN,Bearing2_1,A_rms_3sigma,1,20,0.0
XJTU-SY,37.5Hz11kN,Bearing2_1,B_mahalanobis,1,20,0.40816326530612246
XJTU-SY,37.5Hz11kN,Bearing2_1,A_rms_3sigma,1,20,0.0
XJTU-SY,37.5Hz11kN,Bearing2_1,B_mahalanobis,1,20,1.0
XJTU-SY,37.5Hz11kN,Bearing2_1,A_rms_3sigma,1,20,0.0
XJTU-SY,37.5Hz11kN,Bearing2_1,B_mahalanobis,1,20,1.0
XJTU-SY,37.5Hz11kN,Bearing2_1,A_rms_3sigma,1,20,0.0
XJTU-SY,37.5Hz11kN,Bearing2_1,B_mahalanobis,1,20,1.0
XJTU-SY,37.5Hz11kN,Bearing2_1,A_rms_3sigma,1,20,0.0
XJTU-SY,37.5Hz11kN,Bearing2_1,B_mahalanobis,1,20,0.4489795918367347
XJTU-SY,37.5Hz11kN,Bearing2_1,A_rms_3sigma,1,20,0.0
XJTU-SY,37.5Hz11kN,Bearing2_1,B_mahalanobis,1,20,0.4489795918367347
XJTU-SY,37.5Hz11kN,Bearing2_1,A_rms_3sigma,1,20,0.0
XJTU-SY,37.5Hz11kN,Bearing2_1,B_mahalanobis,1,20,1.0
XJTU-SY,37.5Hz11kN,Bearing2_1,A_rms_3sigma,1,20,0.0
XJTU-SY,37.5Hz11kN,Bearing2_1,B_mahalanobis,1,20,0.2857142857142857
XJTU-SY,37.5Hz11kN,Bearing2_1,A_rms_3sigma,1,20,0.0
XJTU-SY,37.5Hz11kN,Bearing2_1,B_mahalanobis,1,20,1.0
XJTU-SY,37.5Hz11kN,Bearing2_1,A_rms_3sigma,1,20,0.0
XJTU-SY,37.5Hz11kN,Bearing2_1,B_mahalanobis,1,20,0.1836734693877551
XJTU-SY,37.5Hz11kN,Bearing2_1,A_rms_3sigma,1,20,0.0
XJTU-SY,37.5Hz11kN,Bearing2_1,B_mahalanobis,1,20,1.0
XJTU-SY,37.5Hz11kN,Bearing2_1,A_rms_3sigma,1,20,0.0
XJTU-SY,37.5Hz11kN,Bearing2_1,B_mahalanobis,1,20,0.16326530612244897
XJTU-SY,37.5Hz11kN,Bearing2_1,A_rms_3sigma,1,20,0.0
XJTU-SY,37.5Hz11kN,Bearing2_1,B_mahalanobis,1,20,0.2653061224489796
XJTU-SY,37.5Hz11kN,Bearing2_1,A_rms_3sigma,1,20,0.0
XJTU-SY,37.5Hz11kN,Bearing2_1,B_mahalanobis,1,20,0.30612244897959184
XJTU-SY,37.5Hz11kN,Bearing2_1,A_rms_3sigma,1,20,0.0
XJTU-SY,37.5Hz11kN,Bearing2_1,B_mahalanobis,1,20,1.0
XJTU-SY,37.5Hz11kN,Bearing2_1,A_rms_3sigma,1,20,0.0
XJTU-SY,37.5Hz11kN,Bearing2_1,B_mahalanobis,1,20,0.30612244897959184
XJTU-SY,37.5Hz11kN,Bearing2_1,A_rms_3sigma,1,20,0.0
XJTU-SY,37.5Hz11kN,Bearing2_1,B_mahalanobis,1,20,1.0
XJTU-SY,37.5Hz11kN,Bearing2_1,A_rms_3sigma,1,20,0.0
XJTU-SY,37.5Hz11kN,Bearing2_1,B_mahalanobis,1,20,1.0
XJTU-SY,37.5Hz11kN,Bearing2_1,A_rms_3sigma,1,20,0.0
XJTU-SY,37.5Hz11kN,Bearing2_1,B_mahalanobis,1,20,0.2857142857142857
XJTU-SY,37.5Hz11kN,Bearing2_1,A_rms_3sigma,1,20,0.0
XJTU-SY,37.5Hz11kN,Bearing2_1,B_mahalanobis,1,20,1.0
XJTU-SY,37.5Hz11kN,Bearing2_1,A_rms_3sigma,1,20,0.0
XJTU-SY,37.5Hz11kN,Bearing2_1,B_mahalanobis,1,20,1.0
XJTU-SY,37.5Hz11kN,Bearing2_1,A_rms_3sigma,1,20,0.0
XJTU-SY,37.5Hz11kN,Bearing2_1,B_mahalanobis,1,20,1.0
XJTU-SY,37.5Hz11kN,Bearing2_1,A_rms_3sigma,1,20,0.0
XJTU-SY,37.5Hz11kN,Bearing2_1,B_mahalanobis,1,20,1.0
XJTU-SY,37.5Hz11kN,Bearing2_1,A_rms_3sigma,1,20,0.0
XJTU-SY,37.5Hz11kN,Bearing2_1,B_mahalanobis,1,20,1.0
XJTU-SY,37.5Hz11kN,Bearing2_1,A_rms_3sigma,1,20,0.0
XJTU-SY,37.5Hz11kN,Bearing2_1,B_mahalanobis,1,20,1.0
XJTU-SY,37.5Hz11kN,Bearing2_1,A_rms_3sigma,1,20,0.0
XJTU-SY,37.5Hz11kN,Bearing2_1,B_mahalanobis,1,20,0.2653061224489796
XJTU-SY,37.5Hz11kN,Bearing2_1,A_rms_3sigma,1,20,0.0
XJTU-SY,37.5Hz11kN,Bearing2_1,B_mahalanobis,1,20,0.20408163265306123
XJTU-SY,37.5Hz11kN,Bearing2_1,A_rms_3sigma,1,20,0.0
XJTU-SY,37.5Hz11kN,Bearing2_1,B_mahalanobis,1,20,1.0
XJTU-SY,37.5Hz11kN,Bearing2_1,A_rms_3sigma,1,20,0.0
XJTU-SY,37.5Hz11kN,Bearing2_1,B_mahalanobis,1,20,0.16326530612244897
XJTU-SY,37.5Hz11kN,Bearing2_1,A_rms_3sigma,1,20,0.0
XJTU-SY,37.5Hz11kN,Bearing2_1,B_mahalanobis,1,20,1.0
XJTU-SY,37.5Hz11kN,Bearing2_1,A_rms_3sigma,1,20,0.0
XJTU-SY,37.5Hz11kN,Bearing2_1,B_mahalanobis,1,20,1.0
XJTU-SY,37.5Hz11kN,Bearing2_1,A_rms_3sigma,1,20,0.0
XJTU-SY,37.5Hz11kN,Bearing2_1,B_mahalanobis,1,20,1.0
XJTU-SY,37.5Hz11kN,Bearing2_1,A_rms_3sigma,1,20,0.0
XJTU-SY,37.5Hz11kN,Bearing2_1,B_mahalanobis,1,20,1.0
XJTU-SY,37.5Hz11kN,Bearing2_1,A_rms_3sigma,1,20,0.0
XJTU-SY,37.5Hz11kN,Bearing2_1,B_mahalanobis,1,20,1.0
XJTU-SY,37.5Hz11kN,Bearing2_1,A_rms_3sigma,1,20,0.0
XJTU-SY,37.5Hz11kN,Bearing2_1,B_mahalanobis,1,20,0.2653061224489796
XJTU-SY,37.5Hz11kN,Bearing2_1,A_rms_3sigma,1,20,0.0
XJTU-SY,37.5Hz11kN,Bearing2_1,B_mahalanobis,1,20,1.0
XJTU-SY,37.5Hz11kN,Bearing2_1,A_rms_3sigma,1,20,0.0
XJTU-SY,37.5Hz11kN,Bearing2_1,B_mahalanobis,1,20,1.0
XJTU-SY,37.5Hz11kN,Bearing2_1,A_rms_3sigma,1,20,0.0
XJTU-SY,37.5Hz11kN,Bearing2_1,B_mahalanobis,1,20,1.0
XJTU-SY,37.5Hz11kN,Bearing2_1,A_rms_3sigma,1,20,0.0
XJTU-SY,37.5Hz11kN,Bearing2_1,B_mahalanobis,1,20,1.0
XJTU-SY,37.5Hz11kN,Bearing2_1,A_rms_3sigma,1,20,0.0
XJTU-SY,37.5Hz11kN,Bearing2_1,B_mahalanobis,1,20,0.061224489795918366
XJTU-SY,37.5Hz11kN,Bearing2_1,A_rms_3sigma,1,20,0.0
XJTU-SY,37.5Hz11kN,Bearing2_1,B_mahalanobis,1,20,1.0
XJTU-SY,37.5Hz11kN,Bearing2_1,A_rms_3sigma,1,20,0.0
XJTU-SY,37.5Hz11kN,Bearing2_1,B_mahalanobis,1,20,1.0
XJTU-SY,37.5Hz11kN,Bearing2_1,A_rms_3sigma,1,20,0.0
XJTU-SY,37.5Hz11kN,Bearing2_1,B_mahalanobis,1,20,0.2857142857142857
XJTU-SY,37.5Hz11kN,Bearing2_1,A_rms_3sigma,1,20,0.0
XJTU-SY,37.5Hz11kN,Bearing2_1,B_mahalanobis,1,20,0.32653061224489793
XJTU-SY,37.5Hz11kN,Bearing2_1,A_rms_3sigma,1,20,0.0
XJTU-SY,37.5Hz11kN,Bearing2_1,B_mahalanobis,1,20,1.0
XJTU-SY,37.5Hz11kN,Bearing2_1,A_rms_3sigma,1,20,0.0
XJTU-SY,37.5Hz11kN,Bearing2_1,B_mahalanobis,1,20,0.22448979591836735
XJTU-SY,37.5Hz11kN,Bearing2_1,A_rms_3sigma,1,20,0.0
XJTU-SY,37.5Hz11kN,Bearing2_1,B_mahalanobis,1,20,1.0
XJTU-SY,37.5Hz11kN,Bearing2_1,A_rms_3sigma,1,20,0.0
XJTU-SY,37.5Hz11kN,Bearing2_1,B_mahalanobis,1,20,1.0
XJTU-SY,37.5Hz11kN,Bearing2_1,A_rms_3sigma,1,20,0.0
XJTU-SY,37.5Hz11kN,Bearing2_1,B_mahalanobis,1,20,1.0
XJTU-SY,37.5Hz11kN,Bearing2_1,A_rms_3sigma,1,20,0.0
XJTU-SY,37.5Hz11kN,Bearing2_1,B_mahalanobis,1,20,1.0
XJTU-SY,37.5Hz11kN,Bearing2_1,A_rms_3sigma,2,20,0.0
XJTU-SY,37.5Hz11kN,Bearing2_1,B_mahalanobis,2,20,0.20408163265306123
XJTU-SY,37.5Hz11kN,Bearing2_1,A_rms_3sigma,2,20,0.0
XJTU-SY,37.5Hz11kN,Bearing2_1,B_mahalanobis,2,20,1.0
XJTU-SY,37.5Hz11kN,Bearing2_1,A_rms_3sigma,2,20,0.0
XJTU-SY,37.5Hz11kN,Bearing2_1,B_mahalanobis,2,20,1.0
XJTU-SY,37.5Hz11kN,Bearing2_1,A_rms_3sigma,2,20,0.0
XJTU-SY,37.5Hz11kN,Bearing2_1,B_mahalanobis,2,20,0.061224489795918366
XJTU-SY,37.5Hz11kN,Bearing2_1,A_rms_3sigma,2,20,0.0
XJTU-SY,37.5Hz11kN,Bearing2_1,B_mahalanobis,2,20,0.20408163265306123
XJTU-SY,37.5Hz11kN,Bearing2_1,A_rms_3sigma,2,20,0.0
XJTU-SY,37.5Hz11kN,Bearing2_1,B_mahalanobis,2,20,1.0
XJTU-SY,37.5Hz11kN,Bearing2_1,A_rms_3sigma,2,20,0.0
XJTU-SY,37.5Hz11kN,Bearing2_1,B_mahalanobis,2,20,0.40816326530612246
XJTU-SY,37.5Hz11kN,Bearing2_1,A_rms_3sigma,2,20,0.0
XJTU-SY,37.5Hz11kN,Bearing2_1,B_mahalanobis,2,20,1.0
XJTU-SY,37.5Hz11kN,Bearing2_1,A_rms_3sigma,2,20,0.0
XJTU-SY,37.5Hz11kN,Bearing2_1,B_mahalanobis,2,20,0.14285714285714285
XJTU-SY,37.5Hz11kN,Bearing2_1,A_rms_3sigma,2,20,0.0
XJTU-SY,37.5Hz11kN,Bearing2_1,B_mahalanobis,2,20,0.32653061224489793
XJTU-SY,37.5Hz11kN,Bearing2_1,A_rms_3sigma,2,20,0.0
XJTU-SY,37.5Hz11kN,Bearing2_1,B_mahalanobis,2,20,0.0
XJTU-SY,37.5Hz11kN,Bearing2_1,A_rms_3sigma,2,20,0.0
XJTU-SY,37.5Hz11kN,Bearing2_1,B_mahalanobis,2,20,1.0
XJTU-SY,37.5Hz11kN,Bearing2_1,A_rms_3sigma,2,20,0.0
XJTU-SY,37.5Hz11kN,Bearing2_1,B_mahalanobis,2,20,0.32653061224489793
XJTU-SY,37.5Hz11kN,Bearing2_1,A_rms_3sigma,2,20,0.0
XJTU-SY,37.5Hz11kN,Bearing2_1,B_mahalanobis,2,20,0.0
XJTU-SY,37.5Hz11kN,Bearing2_1,A_rms_3sigma,2,20,0.0
XJTU-SY,37.5Hz11kN,Bearing2_1,B_mahalanobis,2,20,0.20408163265306123
XJTU-SY,37.5Hz11kN,Bearing2_1,A_rms_3sigma,2,20,0.0
XJTU-SY,37.5Hz11kN,Bearing2_1,B_mahalanobis,2,20,0.3469387755102041
XJTU-SY,37.5Hz11kN,Bearing2_1,A_rms_3sigma,2,20,0.0
XJTU-SY,37.5Hz11kN,Bearing2_1,B_mahalanobis,2,20,0.14285714285714285
XJTU-SY,37.5Hz11kN,Bearing2_1,A_rms_3sigma,2,20,0.0
XJTU-SY,37.5Hz11kN,Bearing2_1,B_mahalanobis,2,20,0.04081632653061224
XJTU-SY,37.5Hz11kN,Bearing2_1,A_rms_3sigma,2,20,0.0
XJTU-SY,37.5Hz11kN,Bearing2_1,B_mahalanobis,2,20,0.20408163265306123
XJTU-SY,37.5Hz11kN,Bearing2_1,A_rms_3sigma,2,20,0.0
XJTU-SY,37.5Hz11kN,Bearing2_1,B_mahalanobis,2,20,0.2653061224489796
XJTU-SY,37.5Hz11kN,Bearing2_1,A_rms_3sigma,2,20,0.0
XJTU-SY,37.5Hz11kN,Bearing2_1,B_mahalanobis,2,20,0.12244897959183673
XJTU-SY,37.5Hz11kN,Bearing2_1,A_rms_3sigma,2,20,0.0
XJTU-SY,37.5Hz11kN,Bearing2_1,B_mahalanobis,2,20,0.061224489795918366
XJTU-SY,37.5Hz11kN,Bearing2_1,A_rms_3sigma,2,20,0.0
XJTU-SY,37.5Hz11kN,Bearing2_1,B_mahalanobis,2,20,0.3673469387755102
XJTU-SY,37.5Hz11kN,Bearing2_1,A_rms_3sigma,2,20,0.0
XJTU-SY,37.5Hz11kN,Bearing2_1,B_mahalanobis,2,20,0.32653061224489793
XJTU-SY,37.5Hz11kN,Bearing2_1,A_rms_3sigma,2,20,0.0
XJTU-SY,37.5Hz11kN,Bearing2_1,B_mahalanobis,2,20,0.3877551020408163
XJTU-SY,37.5Hz11kN,Bearing2_1,A_rms_3sigma,2,20,0.0
XJTU-SY,37.5Hz11kN,Bearing2_1,B_mahalanobis,2,20,0.0
XJTU-SY,37.5Hz11kN,Bearing2_1,A_rms_3sigma,2,20,0.0
XJTU-SY,37.5Hz11kN,Bearing2_1,B_mahalanobis,2,20,0.3673469387755102
XJTU-SY,37.5Hz11kN,Bearing2_1,A_rms_3sigma,2,20,0.0
XJTU-SY,37.5Hz11kN,Bearing2_1,B_mahalanobis,2,20,0.4489795918367347
XJTU-SY,37.5Hz11kN,Bearing2_1,A_rms_3sigma,2,20,0.0
XJTU-SY,37.5Hz11kN,Bearing2_1,B_mahalanobis,2,20,0.0
XJTU-SY,37.5Hz11kN,Bearing2_1,A_rms_3sigma,2,20,0.0
XJTU-SY,37.5Hz11kN,Bearing2_1,B_mahalanobis,2,20,0.2857142857142857
XJTU-SY,37.5Hz11kN,Bearing2_1,A_rms_3sigma,2,20,0.0
XJTU-SY,37.5Hz11kN,Bearing2_1,B_mahalanobis,2,20,0.02040816326530612
XJTU-SY,37.5Hz11kN,Bearing2_1,A_rms_3sigma,2,20,0.0
XJTU-SY,37.5Hz11kN,Bearing2_1,B_mahalanobis,2,20,0.2857142857142857
XJTU-SY,37.5Hz11kN,Bearing2_1,A_rms_3sigma,2,20,0.0
XJTU-SY,37.5Hz11kN,Bearing2_1,B_mahalanobis,2,20,0.10204081632653061
XJTU-SY,37.5Hz11kN,Bearing2_1,A_rms_3sigma,2,20,0.0
XJTU-SY,37.5Hz11kN,Bearing2_1,B_mahalanobis,2,20,0.2653061224489796
XJTU-SY,37.5Hz11kN,Bearing2_1,A_rms_3sigma,2,20,0.0
XJTU-SY,37.5Hz11kN,Bearing2_1,B_mahalanobis,2,20,0.2653061224489796
XJTU-SY,37.5Hz11kN,Bearing2_1,A_rms_3sigma,2,20,0.0
XJTU-SY,37.5Hz11kN,Bearing2_1,B_mahalanobis,2,20,0.2653061224489796
XJTU-SY,37.5Hz11kN,Bearing2_1,A_rms_3sigma,2,20,0.0
XJTU-SY,37.5Hz11kN,Bearing2_1,B_mahalanobis,2,20,0.04081632653061224
XJTU-SY,37.5Hz11kN,Bearing2_1,A_rms_3sigma,2,20,0.0
XJTU-SY,37.5Hz11kN,Bearing2_1,B_mahalanobis,2,20,0.30612244897959184
XJTU-SY,37.5Hz11kN,Bearing2_1,A_rms_3sigma,2,20,0.0
XJTU-SY,37.5Hz11kN,Bearing2_1,B_mahalanobis,2,20,0.10204081632653061
XJTU-SY,37.5Hz11kN,Bearing2_1,A_rms_3sigma,2,20,0.0
XJTU-SY,37.5Hz11kN,Bearing2_1,B_mahalanobis,2,20,0.0
XJTU-SY,37.5Hz11kN,Bearing2_1,A_rms_3sigma,2,20,0.0
XJTU-SY,37.5Hz11kN,Bearing2_1,B_mahalanobis,2,20,1.0
XJTU-SY,37.5Hz11kN,Bearing2_1,A_rms_3sigma,2,20,0.0
XJTU-SY,37.5Hz11kN,Bearing2_1,B_mahalanobis,2,20,1.0
XJTU-SY,37.5Hz11kN,Bearing2_1,A_rms_3sigma,2,20,0.0
XJTU-SY,37.5Hz11kN,Bearing2_1,B_mahalanobis,2,20,0.0
XJTU-SY,37.5Hz11kN,Bearing2_1,A_rms_3sigma,2,20,0.0
XJTU-SY,37.5Hz11kN,Bearing2_1,B_mahalanobis,2,20,0.3877551020408163
XJTU-SY,37.5Hz11kN,Bearing2_1,A_rms_3sigma,2,20,0.0
XJTU-SY,37.5Hz11kN,Bearing2_1,B_mahalanobis,2,20,0.16326530612244897
XJTU-SY,37.5Hz11kN,Bearing2_1,A_rms_3sigma,2,20,0.0
XJTU-SY,37.5Hz11kN,Bearing2_1,B_mahalanobis,2,20,1.0
XJTU-SY,37.5Hz11kN,Bearing2_1,A_rms_3sigma,2,20,0.0
XJTU-SY,37.5Hz11kN,Bearing2_1,B_mahalanobis,2,20,0.12244897959183673
XJTU-SY,37.5Hz11kN,Bearing2_1,A_rms_3sigma,2,20,0.0
XJTU-SY,37.5Hz11kN,Bearing2_1,B_mahalanobis,2,20,0.04081632653061224
XJTU-SY,37.5Hz11kN,Bearing2_1,A_rms_3sigma,2,20,0.0
XJTU-SY,37.5Hz11kN,Bearing2_1,B_mahalanobis,2,20,1.0
XJTU-SY,37.5Hz11kN,Bearing2_1,A_rms_3sigma,2,20,0.0
XJTU-SY,37.5Hz11kN,Bearing2_1,B_mahalanobis,2,20,0.061224489795918366
XJTU-SY,37.5Hz11kN,Bearing2_1,A_rms_3sigma,3,18,0.0
XJTU-SY,37.5Hz11kN,Bearing2_1,B_mahalanobis,3,18,0.10204081632653061
XJTU-SY,37.5Hz11kN,Bearing2_1,A_rms_3sigma,3,18,0.0
XJTU-SY,37.5Hz11kN,Bearing2_1,B_mahalanobis,3,18,0.04081632653061224
XJTU-SY,37.5Hz11kN,Bearing2_1,A_rms_3sigma,3,18,0.0
XJTU-SY,37.5Hz11kN,Bearing2_1,B_mahalanobis,3,18,0.0
XJTU-SY,37.5Hz11kN,Bearing2_1,A_rms_3sigma,3,18,0.0
XJTU-SY,37.5Hz11kN,Bearing2_1,B_mahalanobis,3,18,0.02040816326530612
XJTU-SY,37.5Hz11kN,Bearing2_1,A_rms_3sigma,3,18,0.0
XJTU-SY,37.5Hz11kN,Bearing2_1,B_mahalanobis,3,18,0.3673469387755102
XJTU-SY,37.5Hz11kN,Bearing2_1,A_rms_3sigma,3,18,0.0
XJTU-SY,37.5Hz11kN,Bearing2_1,B_mahalanobis,3,18,0.2653061224489796
XJTU-SY,37.5Hz11kN,Bearing2_1,A_rms_3sigma,3,18,0.0
XJTU-SY,37.5Hz11kN,Bearing2_1,B_mahalanobis,3,18,0.0
XJTU-SY,37.5Hz11kN,Bearing2_1,A_rms_3sigma,3,18,0.0
XJTU-SY,37.5Hz11kN,Bearing2_1,B_mahalanobis,3,18,0.02040816326530612
XJTU-SY,37.5Hz11kN,Bearing2_1,A_rms_3sigma,3,18,0.0
XJTU-SY,37.5Hz11kN,Bearing2_1,B_mahalanobis,3,18,0.4489795918367347
XJTU-SY,37.5Hz11kN,Bearing2_1,A_rms_3sigma,3,18,0.0
XJTU-SY,37.5Hz11kN,Bearing2_1,B_mahalanobis,3,18,0.10204081632653061
XJTU-SY,37.5Hz11kN,Bearing2_1,A_rms_3sigma,3,18,0.0
XJTU-SY,37.5Hz11kN,Bearing2_1,B_mahalanobis,3,18,0.24489795918367346
XJTU-SY,37.5Hz11kN,Bearing2_1,A_rms_3sigma,3,18,0.0
XJTU-SY,37.5Hz11kN,Bearing2_1,B_mahalanobis,3,18,0.04081632653061224
XJTU-SY,37.5Hz11kN,Bearing2_1,A_rms_3sigma,3,18,0.0
XJTU-SY,37.5Hz11kN,Bearing2_1,B_mahalanobis,3,18,0.20408163265306123
XJTU-SY,37.5Hz11kN,Bearing2_1,A_rms_3sigma,3,18,0.0
XJTU-SY,37.5Hz11kN,Bearing2_1,B_mahalanobis,3,18,0.061224489795918366
XJTU-SY,37.5Hz11kN,Bearing2_1,A_rms_3sigma,3,18,0.0
XJTU-SY,37.5Hz11kN,Bearing2_1,B_mahalanobis,3,18,0.20408163265306123
XJTU-SY,37.5Hz11kN,Bearing2_1,A_rms_3sigma,3,18,0.0
XJTU-SY,37.5Hz11kN,Bearing2_1,B_mahalanobis,3,18,0.10204081632653061
XJTU-SY,37.5Hz11kN,Bearing2_1,A_rms_3sigma,3,18,0.0
XJTU-SY,37.5Hz11kN,Bearing2_1,B_mahalanobis,3,18,0.0
XJTU-SY,37.5Hz11kN,Bearing2_1,A_rms_3sigma,3,18,0.0
XJTU-SY,37.5Hz11kN,Bearing2_1,B_mahalanobis,3,18,0.04081632653061224
XJTU-SY,37.5Hz11kN,Bearing2_1,A_rms_3sigma,3,18,0.0
XJTU-SY,37.5Hz11kN,Bearing2_1,B_mahalanobis,3,18,0.04081632653061224
XJTU-SY,37.5Hz11kN,Bearing2_1,A_rms_3sigma,3,18,0.0
XJTU-SY,37.5Hz11kN,Bearing2_1,B_mahalanobis,3,18,0.02040816326530612
XJTU-SY,37.5Hz11kN,Bearing2_1,A_rms_3sigma,3,18,0.0
XJTU-SY,37.5Hz11kN,Bearing2_1,B_mahalanobis,3,18,0.1836734693877551
XJTU-SY,37.5Hz11kN,Bearing2_1,A_rms_3sigma,3,18,0.0
XJTU-SY,37.5Hz11kN,Bearing2_1,B_mahalanobis,3,18,0.04081632653061224
XJTU-SY,37.5Hz11kN,Bearing2_1,A_rms_3sigma,3,18,0.0
XJTU-SY,37.5Hz11kN,Bearing2_1,B_mahalanobis,3,18,0.10204081632653061
XJTU-SY,37.5Hz11kN,Bearing2_1,A_rms_3sigma,3,18,0.0
XJTU-SY,37.5Hz11kN,Bearing2_1,B_mahalanobis,3,18,0.0
XJTU-SY,37.5Hz11kN,Bearing2_1,A_rms_3sigma,3,18,0.0
XJTU-SY,37.5Hz11kN,Bearing2_1,B_mahalanobis,3,18,0.0
XJTU-SY,37.5Hz11kN,Bearing2_1,A_rms_3sigma,3,18,0.0
XJTU-SY,37.5Hz11kN,Bearing2_1,B_mahalanobis,3,18,0.20408163265306123
XJTU-SY,37.5Hz11kN,Bearing2_1,A_rms_3sigma,3,18,0.0
XJTU-SY,37.5Hz11kN,Bearing2_1,B_mahalanobis,3,18,0.0
XJTU-SY,37.5Hz11kN,Bearing2_1,A_rms_3sigma,3,18,0.0
XJTU-SY,37.5Hz11kN,Bearing2_1,B_mahalanobis,3,18,0.04081632653061224
XJTU-SY,37.5Hz11kN,Bearing2_1,A_rms_3sigma,3,18,0.0
XJTU-SY,37.5Hz11kN,Bearing2_1,B_mahalanobis,3,18,0.061224489795918366
XJTU-SY,37.5Hz11kN,Bearing2_1,A_rms_3sigma,3,18,0.0
XJTU-SY,37.5Hz11kN,Bearing2_1,B_mahalanobis,3,18,0.0
XJTU-SY,37.5Hz11kN,Bearing2_1,A_rms_3sigma,3,18,0.0
XJTU-SY,37.5Hz11kN,Bearing2_1,B_mahalanobis,3,18,0.02040816326530612
XJTU-SY,37.5Hz11kN,Bearing2_1,A_rms_3sigma,3,18,0.0
XJTU-SY,37.5Hz11kN,Bearing2_1,B_mahalanobis,3,18,0.12244897959183673
XJTU-SY,37.5Hz11kN,Bearing2_1,A_rms_3sigma,3,18,0.0
XJTU-SY,37.5Hz11kN,Bearing2_1,B_mahalanobis,3,18,0.0
XJTU-SY,37.5Hz11kN,Bearing2_1,A_rms_3sigma,3,18,0.0
XJTU-SY,37.5Hz11kN,Bearing2_1,B_mahalanobis,3,18,0.0
XJTU-SY,37.5Hz11kN,Bearing2_1,A_rms_3sigma,3,18,0.0
XJTU-SY,37.5Hz11kN,Bearing2_1,B_mahalanobis,3,18,0.12244897959183673
XJTU-SY,37.5Hz11kN,Bearing2_1,A_rms_3sigma,3,18,0.0
XJTU-SY,37.5Hz11kN,Bearing2_1,B_mahalanobis,3,18,0.0
XJTU-SY,37.5Hz11kN,Bearing2_1,A_rms_3sigma,3,18,0.0
XJTU-SY,37.5Hz11kN,Bearing2_1,B_mahalanobis,3,18,0.02040816326530612
XJTU-SY,37.5Hz11kN,Bearing2_1,A_rms_3sigma,3,18,0.0
XJTU-SY,37.5Hz11kN,Bearing2_1,B_mahalanobis,3,18,0.0
XJTU-SY,37.5Hz11kN,Bearing2_1,A_rms_3sigma,3,18,0.0
XJTU-SY,37.5Hz11kN,Bearing2_1,B_mahalanobis,3,18,0.08163265306122448
XJTU-SY,37.5Hz11kN,Bearing2_1,A_rms_3sigma,3,18,0.0
XJTU-SY,37.5Hz11kN,Bearing2_1,B_mahalanobis,3,18,0.20408163265306123
XJTU-SY,37.5Hz11kN,Bearing2_1,A_rms_3sigma,3,18,0.0
XJTU-SY,37.5Hz11kN,Bearing2_1,B_mahalanobis,3,18,0.5102040816326531
XJTU-SY,37.5Hz11kN,Bearing2_1,A_rms_3sigma,3,18,0.0
XJTU-SY,37.5Hz11kN,Bearing2_1,B_mahalanobis,3,18,0.42857142857142855
XJTU-SY,37.5Hz11kN,Bearing2_1,A_rms_3sigma,3,18,0.0
XJTU-SY,37.5Hz11kN,Bearing2_1,B_mahalanobis,3,18,0.0
XJTU-SY,37.5Hz11kN,Bearing2_1,A_rms_3sigma,3,18,0.0
XJTU-SY,37.5Hz11kN,Bearing2_1,B_mahalanobis,3,18,0.3469387755102041
XJTU-SY,37.5Hz11kN,Bearing2_1,A_rms_3sigma,3,18,0.0
XJTU-SY,37.5Hz11kN,Bearing2_1,B_mahalanobis,3,18,0.16326530612244897
XJTU-SY,37.5Hz11kN,Bearing2_1,A_rms_3sigma,3,18,0.0
XJTU-SY,37.5Hz11kN,Bearing2_1,B_mahalanobis,3,18,0.0
XJTU-SY,37.5Hz11kN,Bearing2_1,A_rms_3sigma,3,18,0.0
XJTU-SY,37.5Hz11kN,Bearing2_1,B_mahalanobis,3,18,0.0
XJTU-SY,37.5Hz11kN,Bearing2_1,A_rms_3sigma,3,18,0.0
XJTU-SY,37.5Hz11kN,Bearing2_1,B_mahalanobis,3,18,0.04081632653061224
XJTU-SY,37.5Hz11kN,Bearing2_1,A_rms_3sigma,3,18,0.0
XJTU-SY,37.5Hz11kN,Bearing2_1,B_mahalanobis,3,18,0.0
XJTU-SY,37.5Hz11kN,Bearing2_1,A_rms_3sigma,3,18,0.0
XJTU-SY,37.5Hz11kN,Bearing2_1,B_mahalanobis,3,18,0.02040816326530612
XJTU-SY,37.5Hz11kN,Bearing2_2,A_rms_3sigma,1,20,0.0
XJTU-SY,37.5Hz11kN,Bearing2_2,B_mahalanobis,1,20,1.0
XJTU-SY,37.5Hz11kN,Bearing2_2,A_rms_3sigma,1,20,0.0
XJTU-SY,37.5Hz11kN,Bearing2_2,B_mahalanobis,1,20,1.0
XJTU-SY,37.5Hz11kN,Bearing2_2,A_rms_3sigma,1,20,0.0
XJTU-SY,37.5Hz11kN,Bearing2_2,B_mahalanobis,1,20,1.0
XJTU-SY,37.5Hz11kN,Bearing2_2,A_rms_3sigma,1,20,0.0
XJTU-SY,37.5Hz11kN,Bearing2_2,B_mahalanobis,1,20,1.0
XJTU-SY,37.5Hz11kN,Bearing2_2,A_rms_3sigma,1,20,1.0
XJTU-SY,37.5Hz11kN,Bearing2_2,B_mahalanobis,1,20,1.0
XJTU-SY,37.5Hz11kN,Bearing2_2,A_rms_3sigma,1,20,1.0
XJTU-SY,37.5Hz11kN,Bearing2_2,B_mahalanobis,1,20,1.0
XJTU-SY,37.5Hz11kN,Bearing2_2,A_rms_3sigma,1,20,1.0
XJTU-SY,37.5Hz11kN,Bearing2_2,B_mahalanobis,1,20,1.0
XJTU-SY,37.5Hz11kN,Bearing2_2,A_rms_3sigma,1,20,1.0
XJTU-SY,37.5Hz11kN,Bearing2_2,B_mahalanobis,1,20,1.0
XJTU-SY,37.5Hz11kN,Bearing2_2,A_rms_3sigma,1,20,1.0
XJTU-SY,37.5Hz11kN,Bearing2_2,B_mahalanobis,1,20,1.0
XJTU-SY,37.5Hz11kN,Bearing2_2,A_rms_3sigma,1,20,1.0
XJTU-SY,37.5Hz11kN,Bearing2_2,B_mahalanobis,1,20,1.0
XJTU-SY,37.5Hz11kN,Bearing2_2,A_rms_3sigma,1,20,1.0
XJTU-SY,37.5Hz11kN,Bearing2_2,B_mahalanobis,1,20,1.0
XJTU-SY,37.5Hz11kN,Bearing2_2,A_rms_3sigma,1,20,1.0
XJTU-SY,37.5Hz11kN,Bearing2_2,B_mahalanobis,1,20,1.0
XJTU-SY,37.5Hz11kN,Bearing2_2,A_rms_3sigma,1,20,1.0
XJTU-SY,37.5Hz11kN,Bearing2_2,B_mahalanobis,1,20,1.0
XJTU-SY,37.5Hz11kN,Bearing2_2,A_rms_3sigma,1,20,1.0
XJTU-SY,37.5Hz11kN,Bearing2_2,B_mahalanobis,1,20,1.0
XJTU-SY,37.5Hz11kN,Bearing2_2,A_rms_3sigma,1,20,1.0
XJTU-SY,37.5Hz11kN,Bearing2_2,B_mahalanobis,1,20,1.0
XJTU-SY,37.5Hz11kN,Bearing2_2,A_rms_3sigma,1,20,1.0
XJTU-SY,37.5Hz11kN,Bearing2_2,B_mahalanobis,1,20,1.0
XJTU-SY,37.5Hz11kN,Bearing2_2,A_rms_3sigma,1,20,1.0
XJTU-SY,37.5Hz11kN,Bearing2_2,B_mahalanobis,1,20,1.0
XJTU-SY,37.5Hz11kN,Bearing2_2,A_rms_3sigma,1,20,0.0
XJTU-SY,37.5Hz11kN,Bearing2_2,B_mahalanobis,1,20,1.0
XJTU-SY,37.5Hz11kN,Bearing2_2,A_rms_3sigma,1,20,1.0
XJTU-SY,37.5Hz11kN,Bearing2_2,B_mahalanobis,1,20,1.0
XJTU-SY,37.5Hz11kN,Bearing2_2,A_rms_3sigma,1,20,1.0
XJTU-SY,37.5Hz11kN,Bearing2_2,B_mahalanobis,1,20,1.0
XJTU-SY,37.5Hz11kN,Bearing2_2,A_rms_3sigma,1,20,1.0
XJTU-SY,37.5Hz11kN,Bearing2_2,B_mahalanobis,1,20,1.0
XJTU-SY,37.5Hz11kN,Bearing2_2,A_rms_3sigma,1,20,1.0
XJTU-SY,37.5Hz11kN,Bearing2_2,B_mahalanobis,1,20,1.0
XJTU-SY,37.5Hz11kN,Bearing2_2,A_rms_3sigma,1,20,0.0
XJTU-SY,37.5Hz11kN,Bearing2_2,B_mahalanobis,1,20,1.0
XJTU-SY,37.5Hz11kN,Bearing2_2,A_rms_3sigma,1,20,1.0
XJTU-SY,37.5Hz11kN,Bearing2_2,B_mahalanobis,1,20,1.0
XJTU-SY,37.5Hz11kN,Bearing2_2,A_rms_3sigma,1,20,1.0
XJTU-SY,37.5Hz11kN,Bearing2_2,B_mahalanobis,1,20,1.0
XJTU-SY,37.5Hz11kN,Bearing2_2,A_rms_3sigma,1,20,0.0
XJTU-SY,37.5Hz11kN,Bearing2_2,B_mahalanobis,1,20,1.0
XJTU-SY,37.5Hz11kN,Bearing2_2,A_rms_3sigma,1,20,1.0
XJTU-SY,37.5Hz11kN,Bearing2_2,B_mahalanobis,1,20,1.0
XJTU-SY,37.5Hz11kN,Bearing2_2,A_rms_3sigma,1,20,1.0
XJTU-SY,37.5Hz11kN,Bearing2_2,B_mahalanobis,1,20,1.0
XJTU-SY,37.5Hz11kN,Bearing2_2,A_rms_3sigma,1,20,1.0
XJTU-SY,37.5Hz11kN,Bearing2_2,B_mahalanobis,1,20,1.0
XJTU-SY,37.5Hz11kN,Bearing2_2,A_rms_3sigma,1,20,1.0
XJTU-SY,37.5Hz11kN,Bearing2_2,B_mahalanobis,1,20,1.0
XJTU-SY,37.5Hz11kN,Bearing2_2,A_rms_3sigma,1,20,1.0
XJTU-SY,37.5Hz11kN,Bearing2_2,B_mahalanobis,1,20,1.0
XJTU-SY,37.5Hz11kN,Bearing2_2,A_rms_3sigma,1,20,1.0
XJTU-SY,37.5Hz11kN,Bearing2_2,B_mahalanobis,1,20,1.0
XJTU-SY,37.5Hz11kN,Bearing2_2,A_rms_3sigma,1,20,1.0
XJTU-SY,37.5Hz11kN,Bearing2_2,B_mahalanobis,1,20,1.0
XJTU-SY,37.5Hz11kN,Bearing2_2,A_rms_3sigma,1,20,1.0
XJTU-SY,37.5Hz11kN,Bearing2_2,B_mahalanobis,1,20,1.0
XJTU-SY,37.5Hz11kN,Bearing2_2,A_rms_3sigma,1,20,0.0
XJTU-SY,37.5Hz11kN,Bearing2_2,B_mahalanobis,1,20,1.0
XJTU-SY,37.5Hz11kN,Bearing2_2,A_rms_3sigma,1,20,1.0
XJTU-SY,37.5Hz11kN,Bearing2_2,B_mahalanobis,1,20,1.0
XJTU-SY,37.5Hz11kN,Bearing2_2,A_rms_3sigma,1,20,1.0
XJTU-SY,37.5Hz11kN,Bearing2_2,B_mahalanobis,1,20,1.0
XJTU-SY,37.5Hz11kN,Bearing2_2,A_rms_3sigma,1,20,1.0
XJTU-SY,37.5Hz11kN,Bearing2_2,B_mahalanobis,1,20,1.0
XJTU-SY,37.5Hz11kN,Bearing2_2,A_rms_3sigma,1,20,1.0
XJTU-SY,37.5Hz11kN,Bearing2_2,B_mahalanobis,1,20,1.0
XJTU-SY,37.5Hz11kN,Bearing2_2,A_rms_3sigma,1,20,1.0
XJTU-SY,37.5Hz11kN,Bearing2_2,B_mahalanobis,1,20,1.0
XJTU-SY,37.5Hz11kN,Bearing2_2,A_rms_3sigma,1,20,0.0
XJTU-SY,37.5Hz11kN,Bearing2_2,B_mahalanobis,1,20,1.0
XJTU-SY,37.5Hz11kN,Bearing2_2,A_rms_3sigma,1,20,1.0
XJTU-SY,37.5Hz11kN,Bearing2_2,B_mahalanobis,1,20,1.0
XJTU-SY,37.5Hz11kN,Bearing2_2,A_rms_3sigma,1,20,0.0
XJTU-SY,37.5Hz11kN,Bearing2_2,B_mahalanobis,1,20,1.0
XJTU-SY,37.5Hz11kN,Bearing2_2,A_rms_3sigma,1,20,1.0
XJTU-SY,37.5Hz11kN,Bearing2_2,B_mahalanobis,1,20,1.0
XJTU-SY,37.5Hz11kN,Bearing2_2,A_rms_3sigma,1,20,0.0
XJTU-SY,37.5Hz11kN,Bearing2_2,B_mahalanobis,1,20,1.0
XJTU-SY,37.5Hz11kN,Bearing2_2,A_rms_3sigma,1,20,1.0
XJTU-SY,37.5Hz11kN,Bearing2_2,B_mahalanobis,1,20,1.0
XJTU-SY,37.5Hz11kN,Bearing2_2,A_rms_3sigma,1,20,1.0
XJTU-SY,37.5Hz11kN,Bearing2_2,B_mahalanobis,1,20,1.0
XJTU-SY,37.5Hz11kN,Bearing2_2,A_rms_3sigma,1,20,1.0
XJTU-SY,37.5Hz11kN,Bearing2_2,B_mahalanobis,1,20,1.0
XJTU-SY,37.5Hz11kN,Bearing2_2,A_rms_3sigma,1,20,1.0
XJTU-SY,37.5Hz11kN,Bearing2_2,B_mahalanobis,1,20,1.0
XJTU-SY,37.5Hz11kN,Bearing2_2,A_rms_3sigma,1,20,1.0
XJTU-SY,37.5Hz11kN,Bearing2_2,B_mahalanobis,1,20,1.0
XJTU-SY,37.5Hz11kN,Bearing2_2,A_rms_3sigma,2,20,0.0
XJTU-SY,37.5Hz11kN,Bearing2_2,B_mahalanobis,2,20,1.0
XJTU-SY,37.5Hz11kN,Bearing2_2,A_rms_3sigma,2,20,1.0
XJTU-SY,37.5Hz11kN,Bearing2_2,B_mahalanobis,2,20,1.0
XJTU-SY,37.5Hz11kN,Bearing2_2,A_rms_3sigma,2,20,0.0
XJTU-SY,37.5Hz11kN,Bearing2_2,B_mahalanobis,2,20,1.0
XJTU-SY,37.5Hz11kN,Bearing2_2,A_rms_3sigma,2,20,0.0
XJTU-SY,37.5Hz11kN,Bearing2_2,B_mahalanobis,2,20,1.0
XJTU-SY,37.5Hz11kN,Bearing2_2,A_rms_3sigma,2,20,0.0
XJTU-SY,37.5Hz11kN,Bearing2_2,B_mahalanobis,2,20,1.0
XJTU-SY,37.5Hz11kN,Bearing2_2,A_rms_3sigma,2,20,0.0
XJTU-SY,37.5Hz11kN,Bearing2_2,B_mahalanobis,2,20,1.0
XJTU-SY,37.5Hz11kN,Bearing2_2,A_rms_3sigma,2,20,0.0
XJTU-SY,37.5Hz11kN,Bearing2_2,B_mahalanobis,2,20,1.0
XJTU-SY,37.5Hz11kN,Bearing2_2,A_rms_3sigma,2,20,1.0
XJTU-SY,37.5Hz11kN,Bearing2_2,B_mahalanobis,2,20,1.0
XJTU-SY,37.5Hz11kN,Bearing2_2,A_rms_3sigma,2,20,0.0
XJTU-SY,37.5Hz11kN,Bearing2_2,B_mahalanobis,2,20,1.0
XJTU-SY,37.5Hz11kN,Bearing2_2,A_rms_3sigma,2,20,0.0
XJTU-SY,37.5Hz11kN,Bearing2_2,B_mahalanobis,2,20,1.0
XJTU-SY,37.5Hz11kN,Bearing2_2,A_rms_3sigma,2,20,0.0
XJTU-SY,37.5Hz11kN,Bearing2_2,B_mahalanobis,2,20,1.0
XJTU-SY,37.5Hz11kN,Bearing2_2,A_rms_3sigma,2,20,1.0
XJTU-SY,37.5Hz11kN,Bearing2_2,B_mahalanobis,2,20,1.0
XJTU-SY,37.5Hz11kN,Bearing2_2,A_rms_3sigma,2,20,0.0
XJTU-SY,37.5Hz11kN,Bearing2_2,B_mahalanobis,2,20,1.0
XJTU-SY,37.5Hz11kN,Bearing2_2,A_rms_3sigma,2,20,0.0
XJTU-SY,37.5Hz11kN,Bearing2_2,B_mahalanobis,2,20,1.0
XJTU-SY,37.5Hz11kN,Bearing2_2,A_rms_3sigma,2,20,0.0
XJTU-SY,37.5Hz11kN,Bearing2_2,B_mahalanobis,2,20,1.0
XJTU-SY,37.5Hz11kN,Bearing2_2,A_rms_3sigma,2,20,1.0
XJTU-SY,37.5Hz11kN,Bearing2_2,B_mahalanobis,2,20,1.0
XJTU-SY,37.5Hz11kN,Bearing2_2,A_rms_3sigma,2,20,0.0
XJTU-SY,37.5Hz11kN,Bearing2_2,B_mahalanobis,2,20,1.0
XJTU-SY,37.5Hz11kN,Bearing2_2,A_rms_3sigma,2,20,1.0
XJTU-SY,37.5Hz11kN,Bearing2_2,B_mahalanobis,2,20,1.0
XJTU-SY,37.5Hz11kN,Bearing2_2,A_rms_3sigma,2,20,1.0
XJTU-SY,37.5Hz11kN,Bearing2_2,B_mahalanobis,2,20,1.0
XJTU-SY,37.5Hz11kN,Bearing2_2,A_rms_3sigma,2,20,1.0
XJTU-SY,37.5Hz11kN,Bearing2_2,B_mahalanobis,2,20,1.0
XJTU-SY,37.5Hz11kN,Bearing2_2,A_rms_3sigma,2,20,0.0
XJTU-SY,37.5Hz11kN,Bearing2_2,B_mahalanobis,2,20,1.0
XJTU-SY,37.5Hz11kN,Bearing2_2,A_rms_3sigma,2,20,0.0
XJTU-SY,37.5Hz11kN,Bearing2_2,B_mahalanobis,2,20,1.0
XJTU-SY,37.5Hz11kN,Bearing2_2,A_rms_3sigma,2,20,0.0
XJTU-SY,37.5Hz11kN,Bearing2_2,B_mahalanobis,2,20,1.0
XJTU-SY,37.5Hz11kN,Bearing2_2,A_rms_3sigma,2,20,1.0
XJTU-SY,37.5Hz11kN,Bearing2_2,B_mahalanobis,2,20,1.0
XJTU-SY,37.5Hz11kN,Bearing2_2,A_rms_3sigma,2,20,0.0
XJTU-SY,37.5Hz11kN,Bearing2_2,B_mahalanobis,2,20,1.0
XJTU-SY,37.5Hz11kN,Bearing2_2,A_rms_3sigma,2,20,1.0
XJTU-SY,37.5Hz11kN,Bearing2_2,B_mahalanobis,2,20,1.0
XJTU-SY,37.5Hz11kN,Bearing2_2,A_rms_3sigma,2,20,1.0
XJTU-SY,37.5Hz11kN,Bearing2_2,B_mahalanobis,2,20,1.0
XJTU-SY,37.5Hz11kN,Bearing2_2,A_rms_3sigma,2,20,0.0
XJTU-SY,37.5Hz11kN,Bearing2_2,B_mahalanobis,2,20,1.0
XJTU-SY,37.5Hz11kN,Bearing2_2,A_rms_3sigma,2,20,0.0
XJTU-SY,37.5Hz11kN,Bearing2_2,B_mahalanobis,2,20,1.0
XJTU-SY,37.5Hz11kN,Bearing2_2,A_rms_3sigma,2,20,1.0
XJTU-SY,37.5Hz11kN,Bearing2_2,B_mahalanobis,2,20,1.0
XJTU-SY,37.5Hz11kN,Bearing2_2,A_rms_3sigma,2,20,0.0
XJTU-SY,37.5Hz11kN,Bearing2_2,B_mahalanobis,2,20,1.0
XJTU-SY,37.5Hz11kN,Bearing2_2,A_rms_3sigma,2,20,1.0
XJTU-SY,37.5Hz11kN,Bearing2_2,B_mahalanobis,2,20,1.0
XJTU-SY,37.5Hz11kN,Bearing2_2,A_rms_3sigma,2,20,1.0
XJTU-SY,37.5Hz11kN,Bearing2_2,B_mahalanobis,2,20,1.0
XJTU-SY,37.5Hz11kN,Bearing2_2,A_rms_3sigma,2,20,1.0
XJTU-SY,37.5Hz11kN,Bearing2_2,B_mahalanobis,2,20,1.0
XJTU-SY,37.5Hz11kN,Bearing2_2,A_rms_3sigma,2,20,0.0
XJTU-SY,37.5Hz11kN,Bearing2_2,B_mahalanobis,2,20,1.0
XJTU-SY,37.5Hz11kN,Bearing2_2,A_rms_3sigma,2,20,0.0
XJTU-SY,37.5Hz11kN,Bearing2_2,B_mahalanobis,2,20,1.0
XJTU-SY,37.5Hz11kN,Bearing2_2,A_rms_3sigma,2,20,0.0
XJTU-SY,37.5Hz11kN,Bearing2_2,B_mahalanobis,2,20,1.0
XJTU-SY,37.5Hz11kN,Bearing2_2,A_rms_3sigma,2,20,0.0
XJTU-SY,37.5Hz11kN,Bearing2_2,B_mahalanobis,2,20,1.0
XJTU-SY,37.5Hz11kN,Bearing2_2,A_rms_3sigma,2,20,0.0
XJTU-SY,37.5Hz11kN,Bearing2_2,B_mahalanobis,2,20,1.0
XJTU-SY,37.5Hz11kN,Bearing2_2,A_rms_3sigma,2,20,1.0
XJTU-SY,37.5Hz11kN,Bearing2_2,B_mahalanobis,2,20,1.0
XJTU-SY,37.5Hz11kN,Bearing2_2,A_rms_3sigma,2,20,0.0
XJTU-SY,37.5Hz11kN,Bearing2_2,B_mahalanobis,2,20,1.0
XJTU-SY,37.5Hz11kN,Bearing2_2,A_rms_3sigma,2,20,1.0
XJTU-SY,37.5Hz11kN,Bearing2_2,B_mahalanobis,2,20,1.0
XJTU-SY,37.5Hz11kN,Bearing2_2,A_rms_3sigma,2,20,1.0
XJTU-SY,37.5Hz11kN,Bearing2_2,B_mahalanobis,2,20,1.0
XJTU-SY,37.5Hz11kN,Bearing2_2,A_rms_3sigma,2,20,1.0
XJTU-SY,37.5Hz11kN,Bearing2_2,B_mahalanobis,2,20,1.0
XJTU-SY,37.5Hz11kN,Bearing2_2,A_rms_3sigma,2,20,0.0
XJTU-SY,37.5Hz11kN,Bearing2_2,B_mahalanobis,2,20,1.0
XJTU-SY,37.5Hz11kN,Bearing2_2,A_rms_3sigma,2,20,0.0
XJTU-SY,37.5Hz11kN,Bearing2_2,B_mahalanobis,2,20,1.0
XJTU-SY,37.5Hz11kN,Bearing2_2,A_rms_3sigma,2,20,0.0
XJTU-SY,37.5Hz11kN,Bearing2_2,B_mahalanobis,2,20,1.0
XJTU-SY,37.5Hz11kN,Bearing2_2,A_rms_3sigma,2,20,0.0
XJTU-SY,37.5Hz11kN,Bearing2_2,B_mahalanobis,2,20,1.0
XJTU-SY,37.5Hz11kN,Bearing2_2,A_rms_3sigma,2,20,0.0
XJTU-SY,37.5Hz11kN,Bearing2_2,B_mahalanobis,2,20,1.0
XJTU-SY,37.5Hz11kN,Bearing2_2,A_rms_3sigma,2,20,1.0
XJTU-SY,37.5Hz11kN,Bearing2_2,B_mahalanobis,2,20,1.0
XJTU-SY,37.5Hz11kN,Bearing2_2,A_rms_3sigma,3,18,0.0
XJTU-SY,37.5Hz11kN,Bearing2_2,B_mahalanobis,3,18,1.0
XJTU-SY,37.5Hz11kN,Bearing2_2,A_rms_3sigma,3,18,0.0
XJTU-SY,37.5Hz11kN,Bearing2_2,B_mahalanobis,3,18,1.0
XJTU-SY,37.5Hz11kN,Bearing2_2,A_rms_3sigma,3,18,0.0
XJTU-SY,37.5Hz11kN,Bearing2_2,B_mahalanobis,3,18,1.0
XJTU-SY,37.5Hz11kN,Bearing2_2,A_rms_3sigma,3,18,0.0
XJTU-SY,37.5Hz11kN,Bearing2_2,B_mahalanobis,3,18,1.0
XJTU-SY,37.5Hz11kN,Bearing2_2,A_rms_3sigma,3,18,0.0
XJTU-SY,37.5Hz11kN,Bearing2_2,B_mahalanobis,3,18,1.0
XJTU-SY,37.5Hz11kN,Bearing2_2,A_rms_3sigma,3,18,0.0
XJTU-SY,37.5Hz11kN,Bearing2_2,B_mahalanobis,3,18,1.0
XJTU-SY,37.5Hz11kN,Bearing2_2,A_rms_3sigma,3,18,0.0
XJTU-SY,37.5Hz11kN,Bearing2_2,B_mahalanobis,3,18,1.0
XJTU-SY,37.5Hz11kN,Bearing2_2,A_rms_3sigma,3,18,0.0
XJTU-SY,37.5Hz11kN,Bearing2_2,B_mahalanobis,3,18,1.0
XJTU-SY,37.5Hz11kN,Bearing2_2,A_rms_3sigma,3,18,0.0
XJTU-SY,37.5Hz11kN,Bearing2_2,B_mahalanobis,3,18,1.0
XJTU-SY,37.5Hz11kN,Bearing2_2,A_rms_3sigma,3,18,0.0
XJTU-SY,37.5Hz11kN,Bearing2_2,B_mahalanobis,3,18,1.0
XJTU-SY,37.5Hz11kN,Bearing2_2,A_rms_3sigma,3,18,0.0
XJTU-SY,37.5Hz11kN,Bearing2_2,B_mahalanobis,3,18,1.0
XJTU-SY,37.5Hz11kN,Bearing2_2,A_rms_3sigma,3,18,0.0
XJTU-SY,37.5Hz11kN,Bearing2_2,B_mahalanobis,3,18,1.0
XJTU-SY,37.5Hz11kN,Bearing2_2,A_rms_3sigma,3,18,0.0
XJTU-SY,37.5Hz11kN,Bearing2_2,B_mahalanobis,3,18,1.0
XJTU-SY,37.5Hz11kN,Bearing2_2,A_rms_3sigma,3,18,0.0
XJTU-SY,37.5Hz11kN,Bearing2_2,B_mahalanobis,3,18,1.0
XJTU-SY,37.5Hz11kN,Bearing2_2,A_rms_3sigma,3,18,0.0
XJTU-SY,37.5Hz11kN,Bearing2_2,B_mahalanobis,3,18,1.0
XJTU-SY,37.5Hz11kN,Bearing2_2,A_rms_3sigma,3,18,0.0
XJTU-SY,37.5Hz11kN,Bearing2_2,B_mahalanobis,3,18,1.0
XJTU-SY,37.5Hz11kN,Bearing2_2,A_rms_3sigma,3,18,0.0
XJTU-SY,37.5Hz11kN,Bearing2_2,B_mahalanobis,3,18,1.0
XJTU-SY,37.5Hz11kN,Bearing2_2,A_rms_3sigma,3,18,0.0
XJTU-SY,37.5Hz11kN,Bearing2_2,B_mahalanobis,3,18,1.0
XJTU-SY,37.5Hz11kN,Bearing2_2,A_rms_3sigma,3,18,0.0
XJTU-SY,37.5Hz11kN,Bearing2_2,B_mahalanobis,3,18,1.0
XJTU-SY,37.5Hz11kN,Bearing2_2,A_rms_3sigma,3,18,0.0
XJTU-SY,37.5Hz11kN,Bearing2_2,B_mahalanobis,3,18,1.0
XJTU-SY,37.5Hz11kN,Bearing2_2,A_rms_3sigma,3,18,0.0
XJTU-SY,37.5Hz11kN,Bearing2_2,B_mahalanobis,3,18,1.0
XJTU-SY,37.5Hz11kN,Bearing2_2,A_rms_3sigma,3,18,0.0
XJTU-SY,37.5Hz11kN,Bearing2_2,B_mahalanobis,3,18,1.0
XJTU-SY,37.5Hz11kN,Bearing2_2,A_rms_3sigma,3,18,0.0
XJTU-SY,37.5Hz11kN,Bearing2_2,B_mahalanobis,3,18,1.0
XJTU-SY,37.5Hz11kN,Bearing2_2,A_rms_3sigma,3,18,0.0
XJTU-SY,37.5Hz11kN,Bearing2_2,B_mahalanobis,3,18,1.0
XJTU-SY,37.5Hz11kN,Bearing2_2,A_rms_3sigma,3,18,0.0
XJTU-SY,37.5Hz11kN,Bearing2_2,B_mahalanobis,3,18,1.0
XJTU-SY,37.5Hz11kN,Bearing2_2,A_rms_3sigma,3,18,0.0
XJTU-SY,37.5Hz11kN,Bearing2_2,B_mahalanobis,3,18,1.0
XJTU-SY,37.5Hz11kN,Bearing2_2,A_rms_3sigma,3,18,0.0
XJTU-SY,37.5Hz11kN,Bearing2_2,B_mahalanobis,3,18,1.0
XJTU-SY,37.5Hz11kN,Bearing2_2,A_rms_3sigma,3,18,0.0
XJTU-SY,37.5Hz11kN,Bearing2_2,B_mahalanobis,3,18,1.0
XJTU-SY,37.5Hz11kN,Bearing2_2,A_rms_3sigma,3,18,0.0
XJTU-SY,37.5Hz11kN,Bearing2_2,B_mahalanobis,3,18,1.0
XJTU-SY,37.5Hz11kN,Bearing2_2,A_rms_3sigma,3,18,0.0
XJTU-SY,37.5Hz11kN,Bearing2_2,B_mahalanobis,3,18,1.0
XJTU-SY,37.5Hz11kN,Bearing2_2,A_rms_3sigma,3,18,0.0
XJTU-SY,37.5Hz11kN,Bearing2_2,B_mahalanobis,3,18,1.0
XJTU-SY,37.5Hz11kN,Bearing2_2,A_rms_3sigma,3,18,0.0
XJTU-SY,37.5Hz11kN,Bearing2_2,B_mahalanobis,3,18,1.0
XJTU-SY,37.5Hz11kN,Bearing2_2,A_rms_3sigma,3,18,0.0
XJTU-SY,37.5Hz11kN,Bearing2_2,B_mahalanobis,3,18,1.0
XJTU-SY,37.5Hz11kN,Bearing2_2,A_rms_3sigma,3,18,0.0
XJTU-SY,37.5Hz11kN,Bearing2_2,B_mahalanobis,3,18,1.0
XJTU-SY,37.5Hz11kN,Bearing2_2,A_rms_3sigma,3,18,0.0
XJTU-SY,37.5Hz11kN,Bearing2_2,B_mahalanobis,3,18,1.0
XJTU-SY,37.5Hz11kN,Bearing2_2,A_rms_3sigma,3,18,0.0
XJTU-SY,37.5Hz11kN,Bearing2_2,B_mahalanobis,3,18,1.0
XJTU-SY,37.5Hz11kN,Bearing2_2,A_rms_3sigma,3,18,0.0
XJTU-SY,37.5Hz11kN,Bearing2_2,B_mahalanobis,3,18,1.0
XJTU-SY,37.5Hz11kN,Bearing2_2,A_rms_3sigma,3,18,0.0
XJTU-SY,37.5Hz11kN,Bearing2_2,B_mahalanobis,3,18,1.0
XJTU-SY,37.5Hz11kN,Bearing2_2,A_rms_3sigma,3,18,0.0
XJTU-SY,37.5Hz11kN,Bearing2_2,B_mahalanobis,3,18,1.0
XJTU-SY,37.5Hz11kN,Bearing2_2,A_rms_3sigma,3,18,0.0
XJTU-SY,37.5Hz11kN,Bearing2_2,B_mahalanobis,3,18,1.0
XJTU-SY,37.5Hz11kN,Bearing2_2,A_rms_3sigma,3,18,0.0
XJTU-SY,37.5Hz11kN,Bearing2_2,B_mahalanobis,3,18,1.0
XJTU-SY,37.5Hz11kN,Bearing2_2,A_rms_3sigma,3,18,0.0
XJTU-SY,37.5Hz11kN,Bearing2_2,B_mahalanobis,3,18,1.0
XJTU-SY,37.5Hz11kN,Bearing2_2,A_rms_3sigma,3,18,0.0
XJTU-SY,37.5Hz11kN,Bearing2_2,B_mahalanobis,3,18,1.0
XJTU-SY,37.5Hz11kN,Bearing2_2,A_rms_3sigma,3,18,0.0
XJTU-SY,37.5Hz11kN,Bearing2_2,B_mahalanobis,3,18,1.0
XJTU-SY,37.5Hz11kN,Bearing2_2,A_rms_3sigma,3,18,0.0
XJTU-SY,37.5Hz11kN,Bearing2_2,B_mahalanobis,3,18,1.0
XJTU-SY,37.5Hz11kN,Bearing2_2,A_rms_3sigma,3,18,0.0
XJTU-SY,37.5Hz11kN,Bearing2_2,B_mahalanobis,3,18,1.0
XJTU-SY,37.5Hz11kN,Bearing2_2,A_rms_3sigma,3,18,0.0
XJTU-SY,37.5Hz11kN,Bearing2_2,B_mahalanobis,3,18,1.0
XJTU-SY,37.5Hz11kN,Bearing2_2,A_rms_3sigma,3,18,0.0
XJTU-SY,37.5Hz11kN,Bearing2_2,B_mahalanobis,3,18,1.0
XJTU-SY,37.5Hz11kN,Bearing2_2,A_rms_3sigma,3,18,0.0
XJTU-SY,37.5Hz11kN,Bearing2_2,B_mahalanobis,3,18,1.0
XJTU-SY,37.5Hz11kN,Bearing2_2,A_rms_3sigma,3,18,0.0
XJTU-SY,37.5Hz11kN,Bearing2_2,B_mahalanobis,3,18,1.0
XJTU-SY,37.5Hz11kN,Bearing2_3,A_rms_3sigma,1,20,0.0
XJTU-SY,37.5Hz11kN,Bearing2_3,B_mahalanobis,1,20,1.0
XJTU-SY,37.5Hz11kN,Bearing2_3,A_rms_3sigma,1,20,0.37735849056603776
XJTU-SY,37.5Hz11kN,Bearing2_3,B_mahalanobis,1,20,0.49056603773584906
XJTU-SY,37.5Hz11kN,Bearing2_3,A_rms_3sigma,1,20,0.0
XJTU-SY,37.5Hz11kN,Bearing2_3,B_mahalanobis,1,20,1.0
XJTU-SY,37.5Hz11kN,Bearing2_3,A_rms_3sigma,1,20,0.24528301886792453
XJTU-SY,37.5Hz11kN,Bearing2_3,B_mahalanobis,1,20,0.5283018867924528
XJTU-SY,37.5Hz11kN,Bearing2_3,A_rms_3sigma,1,20,0.18867924528301888
XJTU-SY,37.5Hz11kN,Bearing2_3,B_mahalanobis,1,20,0.05660377358490566
XJTU-SY,37.5Hz11kN,Bearing2_3,A_rms_3sigma,1,20,0.0
XJTU-SY,37.5Hz11kN,Bearing2_3,B_mahalanobis,1,20,1.0
XJTU-SY,37.5Hz11kN,Bearing2_3,A_rms_3sigma,1,20,0.0
XJTU-SY,37.5Hz11kN,Bearing2_3,B_mahalanobis,1,20,1.0
XJTU-SY,37.5Hz11kN,Bearing2_3,A_rms_3sigma,1,20,0.18867924528301888
XJTU-SY,37.5Hz11kN,Bearing2_3,B_mahalanobis,1,20,0.05660377358490566
XJTU-SY,37.5Hz11kN,Bearing2_3,A_rms_3sigma,1,20,0.0
XJTU-SY,37.5Hz11kN,Bearing2_3,B_mahalanobis,1,20,1.0
XJTU-SY,37.5Hz11kN,Bearing2_3,A_rms_3sigma,1,20,0.0
XJTU-SY,37.5Hz11kN,Bearing2_3,B_mahalanobis,1,20,1.0
XJTU-SY,37.5Hz11kN,Bearing2_3,A_rms_3sigma,1,20,0.18867924528301888
XJTU-SY,37.5Hz11kN,Bearing2_3,B_mahalanobis,1,20,0.5660377358490566
XJTU-SY,37.5Hz11kN,Bearing2_3,A_rms_3sigma,1,20,0.0
XJTU-SY,37.5Hz11kN,Bearing2_3,B_mahalanobis,1,20,1.0
XJTU-SY,37.5Hz11kN,Bearing2_3,A_rms_3sigma,1,20,0.0
XJTU-SY,37.5Hz11kN,Bearing2_3,B_mahalanobis,1,20,1.0
XJTU-SY,37.5Hz11kN,Bearing2_3,A_rms_3sigma,1,20,0.37735849056603776
XJTU-SY,37.5Hz11kN,Bearing2_3,B_mahalanobis,1,20,0.1320754716981132
XJTU-SY,37.5Hz11kN,Bearing2_3,A_rms_3sigma,1,20,0.37735849056603776
XJTU-SY,37.5Hz11kN,Bearing2_3,B_mahalanobis,1,20,0.5283018867924528
XJTU-SY,37.5Hz11kN,Bearing2_3,A_rms_3sigma,1,20,0.18867924528301888
XJTU-SY,37.5Hz11kN,Bearing2_3,B_mahalanobis,1,20,0.09433962264150944
XJTU-SY,37.5Hz11kN,Bearing2_3,A_rms_3sigma,1,20,0.0
XJTU-SY,37.5Hz11kN,Bearing2_3,B_mahalanobis,1,20,1.0
XJTU-SY,37.5Hz11kN,Bearing2_3,A_rms_3sigma,1,20,0.37735849056603776
XJTU-SY,37.5Hz11kN,Bearing2_3,B_mahalanobis,1,20,0.09433962264150944
XJTU-SY,37.5Hz11kN,Bearing2_3,A_rms_3sigma,1,20,0.0
XJTU-SY,37.5Hz11kN,Bearing2_3,B_mahalanobis,1,20,1.0
XJTU-SY,37.5Hz11kN,Bearing2_3,A_rms_3sigma,1,20,0.0
XJTU-SY,37.5Hz11kN,Bearing2_3,B_mahalanobis,1,20,1.0
XJTU-SY,37.5Hz11kN,Bearing2_3,A_rms_3sigma,1,20,0.0
XJTU-SY,37.5Hz11kN,Bearing2_3,B_mahalanobis,1,20,1.0
XJTU-SY,37.5Hz11kN,Bearing2_3,A_rms_3sigma,1,20,0.0
XJTU-SY,37.5Hz11kN,Bearing2_3,B_mahalanobis,1,20,1.0
XJTU-SY,37.5Hz11kN,Bearing2_3,A_rms_3sigma,1,20,0.0
XJTU-SY,37.5Hz11kN,Bearing2_3,B_mahalanobis,1,20,1.0
XJTU-SY,37.5Hz11kN,Bearing2_3,A_rms_3sigma,1,20,0.0
XJTU-SY,37.5Hz11kN,Bearing2_3,B_mahalanobis,1,20,1.0
XJTU-SY,37.5Hz11kN,Bearing2_3,A_rms_3sigma,1,20,0.37735849056603776
XJTU-SY,37.5Hz11kN,Bearing2_3,B_mahalanobis,1,20,0.018867924528301886
XJTU-SY,37.5Hz11kN,Bearing2_3,A_rms_3sigma,1,20,0.0
XJTU-SY,37.5Hz11kN,Bearing2_3,B_mahalanobis,1,20,1.0
XJTU-SY,37.5Hz11kN,Bearing2_3,A_rms_3sigma,1,20,0.37735849056603776
XJTU-SY,37.5Hz11kN,Bearing2_3,B_mahalanobis,1,20,0.5471698113207547
XJTU-SY,37.5Hz11kN,Bearing2_3,A_rms_3sigma,1,20,0.18867924528301888
XJTU-SY,37.5Hz11kN,Bearing2_3,B_mahalanobis,1,20,0.05660377358490566
XJTU-SY,37.5Hz11kN,Bearing2_3,A_rms_3sigma,1,20,0.0
XJTU-SY,37.5Hz11kN,Bearing2_3,B_mahalanobis,1,20,1.0
XJTU-SY,37.5Hz11kN,Bearing2_3,A_rms_3sigma,1,20,0.0
XJTU-SY,37.5Hz11kN,Bearing2_3,B_mahalanobis,1,20,1.0
XJTU-SY,37.5Hz11kN,Bearing2_3,A_rms_3sigma,1,20,0.24528301886792453
XJTU-SY,37.5Hz11kN,Bearing2_3,B_mahalanobis,1,20,0.4528301886792453
XJTU-SY,37.5Hz11kN,Bearing2_3,A_rms_3sigma,1,20,0.0
XJTU-SY,37.5Hz11kN,Bearing2_3,B_mahalanobis,1,20,1.0
XJTU-SY,37.5Hz11kN,Bearing2_3,A_rms_3sigma,1,20,0.0
XJTU-SY,37.5Hz11kN,Bearing2_3,B_mahalanobis,1,20,1.0
XJTU-SY,37.5Hz11kN,Bearing2_3,A_rms_3sigma,1,20,0.37735849056603776
XJTU-SY,37.5Hz11kN,Bearing2_3,B_mahalanobis,1,20,0.49056603773584906
XJTU-SY,37.5Hz11kN,Bearing2_3,A_rms_3sigma,1,20,0.18867924528301888
XJTU-SY,37.5Hz11kN,Bearing2_3,B_mahalanobis,1,20,0.39622641509433965
XJTU-SY,37.5Hz11kN,Bearing2_3,A_rms_3sigma,1,20,0.0
XJTU-SY,37.5Hz11kN,Bearing2_3,B_mahalanobis,1,20,1.0
XJTU-SY,37.5Hz11kN,Bearing2_3,A_rms_3sigma,1,20,0.0
XJTU-SY,37.5Hz11kN,Bearing2_3,B_mahalanobis,1,20,1.0
XJTU-SY,37.5Hz11kN,Bearing2_3,A_rms_3sigma,1,20,0.0
XJTU-SY,37.5Hz11kN,Bearing2_3,B_mahalanobis,1,20,1.0
XJTU-SY,37.5Hz11kN,Bearing2_3,A_rms_3sigma,1,20,0.0
XJTU-SY,37.5Hz11kN,Bearing2_3,B_mahalanobis,1,20,1.0
XJTU-SY,37.5Hz11kN,Bearing2_3,A_rms_3sigma,1,20,0.0
XJTU-SY,37.5Hz11kN,Bearing2_3,B_mahalanobis,1,20,1.0
XJTU-SY,37.5Hz11kN,Bearing2_3,A_rms_3sigma,1,20,0.24528301886792453
XJTU-SY,37.5Hz11kN,Bearing2_3,B_mahalanobis,1,20,0.4528301886792453
XJTU-SY,37.5Hz11kN,Bearing2_3,A_rms_3sigma,1,20,0.0
XJTU-SY,37.5Hz11kN,Bearing2_3,B_mahalanobis,1,20,1.0
XJTU-SY,37.5Hz11kN,Bearing2_3,A_rms_3sigma,1,20,0.0
XJTU-SY,37.5Hz11kN,Bearing2_3,B_mahalanobis,1,20,1.0
XJTU-SY,37.5Hz11kN,Bearing2_3,A_rms_3sigma,1,20,0.18867924528301888
XJTU-SY,37.5Hz11kN,Bearing2_3,B_mahalanobis,1,20,0.03773584905660377
XJTU-SY,37.5Hz11kN,Bearing2_3,A_rms_3sigma,1,20,0.37735849056603776
XJTU-SY,37.5Hz11kN,Bearing2_3,B_mahalanobis,1,20,0.05660377358490566
XJTU-SY,37.5Hz11kN,Bearing2_3,A_rms_3sigma,1,20,0.0
XJTU-SY,37.5Hz11kN,Bearing2_3,B_mahalanobis,1,20,1.0
XJTU-SY,37.5Hz11kN,Bearing2_3,A_rms_3sigma,1,20,0.37735849056603776
XJTU-SY,37.5Hz11kN,Bearing2_3,B_mahalanobis,1,20,0.4716981132075472
XJTU-SY,37.5Hz11kN,Bearing2_3,A_rms_3sigma,1,20,0.18867924528301888
XJTU-SY,37.5Hz11kN,Bearing2_3,B_mahalanobis,1,20,0.4339622641509434
XJTU-SY,37.5Hz11kN,Bearing2_3,A_rms_3sigma,1,20,0.0
XJTU-SY,37.5Hz11kN,Bearing2_3,B_mahalanobis,1,20,1.0
XJTU-SY,37.5Hz11kN,Bearing2_3,A_rms_3sigma,1,20,0.37735849056603776
XJTU-SY,37.5Hz11kN,Bearing2_3,B_mahalanobis,1,20,0.20754716981132076
XJTU-SY,37.5Hz11kN,Bearing2_3,A_rms_3sigma,2,20,0.0
XJTU-SY,37.5Hz11kN,Bearing2_3,B_mahalanobis,2,20,0.5471698113207547
XJTU-SY,37.5Hz11kN,Bearing2_3,A_rms_3sigma,2,20,0.0
XJTU-SY,37.5Hz11kN,Bearing2_3,B_mahalanobis,2,20,1.0
XJTU-SY,37.5Hz11kN,Bearing2_3,A_rms_3sigma,2,20,0.0
XJTU-SY,37.5Hz11kN,Bearing2_3,B_mahalanobis,2,20,1.0
XJTU-SY,37.5Hz11kN,Bearing2_3,A_rms_3sigma,2,20,0.0
XJTU-SY,37.5Hz11kN,Bearing2_3,B_mahalanobis,2,20,0.39622641509433965
XJTU-SY,37.5Hz11kN,Bearing2_3,A_rms_3sigma,2,20,0.0
XJTU-SY,37.5Hz11kN,Bearing2_3,B_mahalanobis,2,20,0.09433962264150944
XJTU-SY,37.5Hz11kN,Bearing2_3,A_rms_3sigma,2,20,0.0
XJTU-SY,37.5Hz11kN,Bearing2_3,B_mahalanobis,2,20,0.1320754716981132
XJTU-SY,37.5Hz11kN,Bearing2_3,A_rms_3sigma,2,20,0.0
XJTU-SY,37.5Hz11kN,Bearing2_3,B_mahalanobis,2,20,0.09433962264150944
XJTU-SY,37.5Hz11kN,Bearing2_3,A_rms_3sigma,2,20,0.0
XJTU-SY,37.5Hz11kN,Bearing2_3,B_mahalanobis,2,20,0.05660377358490566
XJTU-SY,37.5Hz11kN,Bearing2_3,A_rms_3sigma,2,20,0.0
XJTU-SY,37.5Hz11kN,Bearing2_3,B_mahalanobis,2,20,1.0
XJTU-SY,37.5Hz11kN,Bearing2_3,A_rms_3sigma,2,20,0.0
XJTU-SY,37.5Hz11kN,Bearing2_3,B_mahalanobis,2,20,0.09433962264150944
XJTU-SY,37.5Hz11kN,Bearing2_3,A_rms_3sigma,2,20,0.0
XJTU-SY,37.5Hz11kN,Bearing2_3,B_mahalanobis,2,20,0.0
XJTU-SY,37.5Hz11kN,Bearing2_3,A_rms_3sigma,2,20,0.0
XJTU-SY,37.5Hz11kN,Bearing2_3,B_mahalanobis,2,20,0.09433962264150944
XJTU-SY,37.5Hz11kN,Bearing2_3,A_rms_3sigma,2,20,0.0
XJTU-SY,37.5Hz11kN,Bearing2_3,B_mahalanobis,2,20,1.0
XJTU-SY,37.5Hz11kN,Bearing2_3,A_rms_3sigma,2,20,0.0
XJTU-SY,37.5Hz11kN,Bearing2_3,B_mahalanobis,2,20,1.0
XJTU-SY,37.5Hz11kN,Bearing2_3,A_rms_3sigma,2,20,0.0
XJTU-SY,37.5Hz11kN,Bearing2_3,B_mahalanobis,2,20,0.1509433962264151
XJTU-SY,37.5Hz11kN,Bearing2_3,A_rms_3sigma,2,20,0.0
XJTU-SY,37.5Hz11kN,Bearing2_3,B_mahalanobis,2,20,0.7169811320754716
XJTU-SY,37.5Hz11kN,Bearing2_3,A_rms_3sigma,2,20,0.0
XJTU-SY,37.5Hz11kN,Bearing2_3,B_mahalanobis,2,20,1.0
XJTU-SY,37.5Hz11kN,Bearing2_3,A_rms_3sigma,2,20,0.0
XJTU-SY,37.5Hz11kN,Bearing2_3,B_mahalanobis,2,20,0.1320754716981132
XJTU-SY,37.5Hz11kN,Bearing2_3,A_rms_3sigma,2,20,0.0
XJTU-SY,37.5Hz11kN,Bearing2_3,B_mahalanobis,2,20,0.6792452830188679
XJTU-SY,37.5Hz11kN,Bearing2_3,A_rms_3sigma,2,20,0.0
XJTU-SY,37.5Hz11kN,Bearing2_3,B_mahalanobis,2,20,0.09433962264150944
XJTU-SY,37.5Hz11kN,Bearing2_3,A_rms_3sigma,2,20,0.0
XJTU-SY,37.5Hz11kN,Bearing2_3,B_mahalanobis,2,20,0.6037735849056604
XJTU-SY,37.5Hz11kN,Bearing2_3,A_rms_3sigma,2,20,0.0
XJTU-SY,37.5Hz11kN,Bearing2_3,B_mahalanobis,2,20,1.0
XJTU-SY,37.5Hz11kN,Bearing2_3,A_rms_3sigma,2,20,0.0
XJTU-SY,37.5Hz11kN,Bearing2_3,B_mahalanobis,2,20,1.0
XJTU-SY,37.5Hz11kN,Bearing2_3,A_rms_3sigma,2,20,0.0
XJTU-SY,37.5Hz11kN,Bearing2_3,B_mahalanobis,2,20,0.5660377358490566
XJTU-SY,37.5Hz11kN,Bearing2_3,A_rms_3sigma,2,20,0.0
XJTU-SY,37.5Hz11kN,Bearing2_3,B_mahalanobis,2,20,1.0
XJTU-SY,37.5Hz11kN,Bearing2_3,A_rms_3sigma,2,20,0.0
XJTU-SY,37.5Hz11kN,Bearing2_3,B_mahalanobis,2,20,0.18867924528301888
XJTU-SY,37.5Hz11kN,Bearing2_3,A_rms_3sigma,2,20,0.0
XJTU-SY,37.5Hz11kN,Bearing2_3,B_mahalanobis,2,20,0.09433962264150944
XJTU-SY,37.5Hz11kN,Bearing2_3,A_rms_3sigma,2,20,0.0
XJTU-SY,37.5Hz11kN,Bearing2_3,B_mahalanobis,2,20,0.20754716981132076
XJTU-SY,37.5Hz11kN,Bearing2_3,A_rms_3sigma,2,20,0.0
XJTU-SY,37.5Hz11kN,Bearing2_3,B_mahalanobis,2,20,0.6226415094339622
XJTU-SY,37.5Hz11kN,Bearing2_3,A_rms_3sigma,2,20,0.0
XJTU-SY,37.5Hz11kN,Bearing2_3,B_mahalanobis,2,20,0.11320754716981132
XJTU-SY,37.5Hz11kN,Bearing2_3,A_rms_3sigma,2,20,0.0
XJTU-SY,37.5Hz11kN,Bearing2_3,B_mahalanobis,2,20,1.0
XJTU-SY,37.5Hz11kN,Bearing2_3,A_rms_3sigma,2,20,0.0
XJTU-SY,37.5Hz11kN,Bearing2_3,B_mahalanobis,2,20,1.0
XJTU-SY,37.5Hz11kN,Bearing2_3,A_rms_3sigma,2,20,0.0
XJTU-SY,37.5Hz11kN,Bearing2_3,B_mahalanobis,2,20,0.16981132075471697
XJTU-SY,37.5Hz11kN,Bearing2_3,A_rms_3sigma,2,20,0.0
XJTU-SY,37.5Hz11kN,Bearing2_3,B_mahalanobis,2,20,0.6037735849056604
XJTU-SY,37.5Hz11kN,Bearing2_3,A_rms_3sigma,2,20,0.0
XJTU-SY,37.5Hz11kN,Bearing2_3,B_mahalanobis,2,20,0.09433962264150944
XJTU-SY,37.5Hz11kN,Bearing2_3,A_rms_3sigma,2,20,0.0
XJTU-SY,37.5Hz11kN,Bearing2_3,B_mahalanobis,2,20,0.7547169811320755
XJTU-SY,37.5Hz11kN,Bearing2_3,A_rms_3sigma,2,20,0.0
XJTU-SY,37.5Hz11kN,Bearing2_3,B_mahalanobis,2,20,0.24528301886792453
XJTU-SY,37.5Hz11kN,Bearing2_3,A_rms_3sigma,2,20,0.0
XJTU-SY,37.5Hz11kN,Bearing2_3,B_mahalanobis,2,20,1.0
XJTU-SY,37.5Hz11kN,Bearing2_3,A_rms_3sigma,2,20,0.0
XJTU-SY,37.5Hz11kN,Bearing2_3,B_mahalanobis,2,20,0.5471698113207547
XJTU-SY,37.5Hz11kN,Bearing2_3,A_rms_3sigma,2,20,0.0
XJTU-SY,37.5Hz11kN,Bearing2_3,B_mahalanobis,2,20,0.03773584905660377
XJTU-SY,37.5Hz11kN,Bearing2_3,A_rms_3sigma,2,20,0.0
XJTU-SY,37.5Hz11kN,Bearing2_3,B_mahalanobis,2,20,0.09433962264150944
XJTU-SY,37.5Hz11kN,Bearing2_3,A_rms_3sigma,2,20,0.0
XJTU-SY,37.5Hz11kN,Bearing2_3,B_mahalanobis,2,20,0.3584905660377358
XJTU-SY,37.5Hz11kN,Bearing2_3,A_rms_3sigma,2,20,0.0
XJTU-SY,37.5Hz11kN,Bearing2_3,B_mahalanobis,2,20,1.0
XJTU-SY,37.5Hz11kN,Bearing2_3,A_rms_3sigma,2,20,0.0
XJTU-SY,37.5Hz11kN,Bearing2_3,B_mahalanobis,2,20,0.6415094339622641
XJTU-SY,37.5Hz11kN,Bearing2_3,A_rms_3sigma,2,20,0.0
XJTU-SY,37.5Hz11kN,Bearing2_3,B_mahalanobis,2,20,0.09433962264150944
XJTU-SY,37.5Hz11kN,Bearing2_3,A_rms_3sigma,2,20,0.0
XJTU-SY,37.5Hz11kN,Bearing2_3,B_mahalanobis,2,20,1.0
XJTU-SY,37.5Hz11kN,Bearing2_3,A_rms_3sigma,2,20,0.0
XJTU-SY,37.5Hz11kN,Bearing2_3,B_mahalanobis,2,20,0.1509433962264151
XJTU-SY,37.5Hz11kN,Bearing2_3,A_rms_3sigma,2,20,0.0
XJTU-SY,37.5Hz11kN,Bearing2_3,B_mahalanobis,2,20,1.0
XJTU-SY,37.5Hz11kN,Bearing2_3,A_rms_3sigma,2,20,0.0
XJTU-SY,37.5Hz11kN,Bearing2_3,B_mahalanobis,2,20,0.07547169811320754
XJTU-SY,37.5Hz11kN,Bearing2_3,A_rms_3sigma,2,20,0.0
XJTU-SY,37.5Hz11kN,Bearing2_3,B_mahalanobis,2,20,1.0
XJTU-SY,37.5Hz11kN,Bearing2_3,A_rms_3sigma,3,18,0.0
XJTU-SY,37.5Hz11kN,Bearing2_3,B_mahalanobis,3,18,0.0
XJTU-SY,37.5Hz11kN,Bearing2_3,A_rms_3sigma,3,18,0.0
XJTU-SY,37.5Hz11kN,Bearing2_3,B_mahalanobis,3,18,0.0
XJTU-SY,37.5Hz11kN,Bearing2_3,A_rms_3sigma,3,18,0.0
XJTU-SY,37.5Hz11kN,Bearing2_3,B_mahalanobis,3,18,0.18867924528301888
XJTU-SY,37.5Hz11kN,Bearing2_3,A_rms_3sigma,3,18,0.0
XJTU-SY,37.5Hz11kN,Bearing2_3,B_mahalanobis,3,18,0.018867924528301886
XJTU-SY,37.5Hz11kN,Bearing2_3,A_rms_3sigma,3,18,0.0
XJTU-SY,37.5Hz11kN,Bearing2_3,B_mahalanobis,3,18,0.0
XJTU-SY,37.5Hz11kN,Bearing2_3,A_rms_3sigma,3,18,0.0
XJTU-SY,37.5Hz11kN,Bearing2_3,B_mahalanobis,3,18,0.07547169811320754
XJTU-SY,37.5Hz11kN,Bearing2_3,A_rms_3sigma,3,18,0.0
XJTU-SY,37.5Hz11kN,Bearing2_3,B_mahalanobis,3,18,0.0
XJTU-SY,37.5Hz11kN,Bearing2_3,A_rms_3sigma,3,18,0.0
XJTU-SY,37.5Hz11kN,Bearing2_3,B_mahalanobis,3,18,0.11320754716981132
XJTU-SY,37.5Hz11kN,Bearing2_3,A_rms_3sigma,3,18,0.0
XJTU-SY,37.5Hz11kN,Bearing2_3,B_mahalanobis,3,18,0.0
XJTU-SY,37.5Hz11kN,Bearing2_3,A_rms_3sigma,3,18,0.0
XJTU-SY,37.5Hz11kN,Bearing2_3,B_mahalanobis,3,18,0.11320754716981132
XJTU-SY,37.5Hz11kN,Bearing2_3,A_rms_3sigma,3,18,0.0
XJTU-SY,37.5Hz11kN,Bearing2_3,B_mahalanobis,3,18,0.11320754716981132
XJTU-SY,37.5Hz11kN,Bearing2_3,A_rms_3sigma,3,18,0.0
XJTU-SY,37.5Hz11kN,Bearing2_3,B_mahalanobis,3,18,0.0
XJTU-SY,37.5Hz11kN,Bearing2_3,A_rms_3sigma,3,18,0.0
XJTU-SY,37.5Hz11kN,Bearing2_3,B_mahalanobis,3,18,0.0
XJTU-SY,37.5Hz11kN,Bearing2_3,A_rms_3sigma,3,18,0.0
XJTU-SY,37.5Hz11kN,Bearing2_3,B_mahalanobis,3,18,0.0
XJTU-SY,37.5Hz11kN,Bearing2_3,A_rms_3sigma,3,18,0.0
XJTU-SY,37.5Hz11kN,Bearing2_3,B_mahalanobis,3,18,0.0
XJTU-SY,37.5Hz11kN,Bearing2_3,A_rms_3sigma,3,18,0.0
XJTU-SY,37.5Hz11kN,Bearing2_3,B_mahalanobis,3,18,0.22641509433962265
XJTU-SY,37.5Hz11kN,Bearing2_3,A_rms_3sigma,3,18,0.0
XJTU-SY,37.5Hz11kN,Bearing2_3,B_mahalanobis,3,18,0.0
XJTU-SY,37.5Hz11kN,Bearing2_3,A_rms_3sigma,3,18,0.0
XJTU-SY,37.5Hz11kN,Bearing2_3,B_mahalanobis,3,18,0.11320754716981132
XJTU-SY,37.5Hz11kN,Bearing2_3,A_rms_3sigma,3,18,0.0
XJTU-SY,37.5Hz11kN,Bearing2_3,B_mahalanobis,3,18,0.0
XJTU-SY,37.5Hz11kN,Bearing2_3,A_rms_3sigma,3,18,0.0
XJTU-SY,37.5Hz11kN,Bearing2_3,B_mahalanobis,3,18,0.0
XJTU-SY,37.5Hz11kN,Bearing2_3,A_rms_3sigma,3,18,0.0
XJTU-SY,37.5Hz11kN,Bearing2_3,B_mahalanobis,3,18,0.05660377358490566
XJTU-SY,37.5Hz11kN,Bearing2_3,A_rms_3sigma,3,18,0.0
XJTU-SY,37.5Hz11kN,Bearing2_3,B_mahalanobis,3,18,0.16981132075471697
XJTU-SY,37.5Hz11kN,Bearing2_3,A_rms_3sigma,3,18,0.0
XJTU-SY,37.5Hz11kN,Bearing2_3,B_mahalanobis,3,18,0.0
XJTU-SY,37.5Hz11kN,Bearing2_3,A_rms_3sigma,3,18,0.0
XJTU-SY,37.5Hz11kN,Bearing2_3,B_mahalanobis,3,18,0.0
XJTU-SY,37.5Hz11kN,Bearing2_3,A_rms_3sigma,3,18,0.0
XJTU-SY,37.5Hz11kN,Bearing2_3,B_mahalanobis,3,18,0.11320754716981132
XJTU-SY,37.5Hz11kN,Bearing2_3,A_rms_3sigma,3,18,0.0
XJTU-SY,37.5Hz11kN,Bearing2_3,B_mahalanobis,3,18,0.0
XJTU-SY,37.5Hz11kN,Bearing2_3,A_rms_3sigma,3,18,0.0
XJTU-SY,37.5Hz11kN,Bearing2_3,B_mahalanobis,3,18,0.0
XJTU-SY,37.5Hz11kN,Bearing2_3,A_rms_3sigma,3,18,0.0
XJTU-SY,37.5Hz11kN,Bearing2_3,B_mahalanobis,3,18,0.018867924528301886
XJTU-SY,37.5Hz11kN,Bearing2_3,A_rms_3sigma,3,18,0.0
XJTU-SY,37.5Hz11kN,Bearing2_3,B_mahalanobis,3,18,0.0
XJTU-SY,37.5Hz11kN,Bearing2_3,A_rms_3sigma,3,18,0.0
XJTU-SY,37.5Hz11kN,Bearing2_3,B_mahalanobis,3,18,0.3584905660377358
XJTU-SY,37.5Hz11kN,Bearing2_3,A_rms_3sigma,3,18,0.0
XJTU-SY,37.5Hz11kN,Bearing2_3,B_mahalanobis,3,18,0.0
XJTU-SY,37.5Hz11kN,Bearing2_3,A_rms_3sigma,3,18,0.0
XJTU-SY,37.5Hz11kN,Bearing2_3,B_mahalanobis,3,18,0.0
XJTU-SY,37.5Hz11kN,Bearing2_3,A_rms_3sigma,3,18,0.0
XJTU-SY,37.5Hz11kN,Bearing2_3,B_mahalanobis,3,18,0.0
XJTU-SY,37.5Hz11kN,Bearing2_3,A_rms_3sigma,3,18,0.0
XJTU-SY,37.5Hz11kN,Bearing2_3,B_mahalanobis,3,18,0.0
XJTU-SY,37.5Hz11kN,Bearing2_3,A_rms_3sigma,3,18,0.0
XJTU-SY,37.5Hz11kN,Bearing2_3,B_mahalanobis,3,18,0.05660377358490566
XJTU-SY,37.5Hz11kN,Bearing2_3,A_rms_3sigma,3,18,0.0
XJTU-SY,37.5Hz11kN,Bearing2_3,B_mahalanobis,3,18,0.07547169811320754
XJTU-SY,37.5Hz11kN,Bearing2_3,A_rms_3sigma,3,18,0.0
XJTU-SY,37.5Hz11kN,Bearing2_3,B_mahalanobis,3,18,0.05660377358490566
XJTU-SY,37.5Hz11kN,Bearing2_3,A_rms_3sigma,3,18,0.0
XJTU-SY,37.5Hz11kN,Bearing2_3,B_mahalanobis,3,18,0.03773584905660377
XJTU-SY,37.5Hz11kN,Bearing2_3,A_rms_3sigma,3,18,0.0
XJTU-SY,37.5Hz11kN,Bearing2_3,B_mahalanobis,3,18,0.0
XJTU-SY,37.5Hz11kN,Bearing2_3,A_rms_3sigma,3,18,0.0
XJTU-SY,37.5Hz11kN,Bearing2_3,B_mahalanobis,3,18,0.0
XJTU-SY,37.5Hz11kN,Bearing2_3,A_rms_3sigma,3,18,0.0
XJTU-SY,37.5Hz11kN,Bearing2_3,B_mahalanobis,3,18,0.05660377358490566
XJTU-SY,37.5Hz11kN,Bearing2_3,A_rms_3sigma,3,18,0.0
XJTU-SY,37.5Hz11kN,Bearing2_3,B_mahalanobis,3,18,0.0
XJTU-SY,37.5Hz11kN,Bearing2_3,A_rms_3sigma,3,18,0.0
XJTU-SY,37.5Hz11kN,Bearing2_3,B_mahalanobis,3,18,0.0
XJTU-SY,37.5Hz11kN,Bearing2_3,A_rms_3sigma,3,18,0.0
XJTU-SY,37.5Hz11kN,Bearing2_3,B_mahalanobis,3,18,0.0
XJTU-SY,37.5Hz11kN,Bearing2_3,A_rms_3sigma,3,18,0.0
XJTU-SY,37.5Hz11kN,Bearing2_3,B_mahalanobis,3,18,0.0
XJTU-SY,37.5Hz11kN,Bearing2_3,A_rms_3sigma,3,18,0.0
XJTU-SY,37.5Hz11kN,Bearing2_3,B_mahalanobis,3,18,0.3584905660377358
XJTU-SY,37.5Hz11kN,Bearing2_3,A_rms_3sigma,3,18,0.0
XJTU-SY,37.5Hz11kN,Bearing2_3,B_mahalanobis,3,18,0.0
XJTU-SY,37.5Hz11kN,Bearing2_3,A_rms_3sigma,3,18,0.0
XJTU-SY,37.5Hz11kN,Bearing2_3,B_mahalanobis,3,18,0.0
XJTU-SY,37.5Hz11kN,Bearing2_3,A_rms_3sigma,3,18,0.0
XJTU-SY,37.5Hz11kN,Bearing2_3,B_mahalanobis,3,18,0.0
XJTU-SY,37.5Hz11kN,Bearing2_3,A_rms_3sigma,3,18,0.0
XJTU-SY,37.5Hz11kN,Bearing2_3,B_mahalanobis,3,18,0.03773584905660377
XJTU-SY,37.5Hz11kN,Bearing2_5,A_rms_3sigma,1,20,1.0
XJTU-SY,37.5Hz11kN,Bearing2_5,B_mahalanobis,1,20,1.0
XJTU-SY,37.5Hz11kN,Bearing2_5,A_rms_3sigma,1,20,1.0
XJTU-SY,37.5Hz11kN,Bearing2_5,B_mahalanobis,1,20,1.0
XJTU-SY,37.5Hz11kN,Bearing2_5,A_rms_3sigma,1,20,1.0
XJTU-SY,37.5Hz11kN,Bearing2_5,B_mahalanobis,1,20,1.0
XJTU-SY,37.5Hz11kN,Bearing2_5,A_rms_3sigma,1,20,1.0
XJTU-SY,37.5Hz11kN,Bearing2_5,B_mahalanobis,1,20,1.0
XJTU-SY,37.5Hz11kN,Bearing2_5,A_rms_3sigma,1,20,1.0
XJTU-SY,37.5Hz11kN,Bearing2_5,B_mahalanobis,1,20,1.0
XJTU-SY,37.5Hz11kN,Bearing2_5,A_rms_3sigma,1,20,1.0
XJTU-SY,37.5Hz11kN,Bearing2_5,B_mahalanobis,1,20,1.0
XJTU-SY,37.5Hz11kN,Bearing2_5,A_rms_3sigma,1,20,1.0
XJTU-SY,37.5Hz11kN,Bearing2_5,B_mahalanobis,1,20,1.0
XJTU-SY,37.5Hz11kN,Bearing2_5,A_rms_3sigma,1,20,1.0
XJTU-SY,37.5Hz11kN,Bearing2_5,B_mahalanobis,1,20,1.0
XJTU-SY,37.5Hz11kN,Bearing2_5,A_rms_3sigma,1,20,1.0
XJTU-SY,37.5Hz11kN,Bearing2_5,B_mahalanobis,1,20,1.0
XJTU-SY,37.5Hz11kN,Bearing2_5,A_rms_3sigma,1,20,1.0
XJTU-SY,37.5Hz11kN,Bearing2_5,B_mahalanobis,1,20,1.0
XJTU-SY,37.5Hz11kN,Bearing2_5,A_rms_3sigma,1,20,1.0
XJTU-SY,37.5Hz11kN,Bearing2_5,B_mahalanobis,1,20,1.0
XJTU-SY,37.5Hz11kN,Bearing2_5,A_rms_3sigma,1,20,1.0
XJTU-SY,37.5Hz11kN,Bearing2_5,B_mahalanobis,1,20,1.0
XJTU-SY,37.5Hz11kN,Bearing2_5,A_rms_3sigma,1,20,1.0
XJTU-SY,37.5Hz11kN,Bearing2_5,B_mahalanobis,1,20,1.0
XJTU-SY,37.5Hz11kN,Bearing2_5,A_rms_3sigma,1,20,1.0
XJTU-SY,37.5Hz11kN,Bearing2_5,B_mahalanobis,1,20,1.0
XJTU-SY,37.5Hz11kN,Bearing2_5,A_rms_3sigma,1,20,1.0
XJTU-SY,37.5Hz11kN,Bearing2_5,B_mahalanobis,1,20,1.0
XJTU-SY,37.5Hz11kN,Bearing2_5,A_rms_3sigma,1,20,1.0
XJTU-SY,37.5Hz11kN,Bearing2_5,B_mahalanobis,1,20,1.0
XJTU-SY,37.5Hz11kN,Bearing2_5,A_rms_3sigma,1,20,1.0
XJTU-SY,37.5Hz11kN,Bearing2_5,B_mahalanobis,1,20,1.0
XJTU-SY,37.5Hz11kN,Bearing2_5,A_rms_3sigma,1,20,1.0
XJTU-SY,37.5Hz11kN,Bearing2_5,B_mahalanobis,1,20,1.0
XJTU-SY,37.5Hz11kN,Bearing2_5,A_rms_3sigma,1,20,1.0
XJTU-SY,37.5Hz11kN,Bearing2_5,B_mahalanobis,1,20,1.0
XJTU-SY,37.5Hz11kN,Bearing2_5,A_rms_3sigma,1,20,1.0
XJTU-SY,37.5Hz11kN,Bearing2_5,B_mahalanobis,1,20,1.0
XJTU-SY,37.5Hz11kN,Bearing2_5,A_rms_3sigma,1,20,1.0
XJTU-SY,37.5Hz11kN,Bearing2_5,B_mahalanobis,1,20,1.0
XJTU-SY,37.5Hz11kN,Bearing2_5,A_rms_3sigma,1,20,1.0
XJTU-SY,37.5Hz11kN,Bearing2_5,B_mahalanobis,1,20,1.0
XJTU-SY,37.5Hz11kN,Bearing2_5,A_rms_3sigma,1,20,1.0
XJTU-SY,37.5Hz11kN,Bearing2_5,B_mahalanobis,1,20,1.0
XJTU-SY,37.5Hz11kN,Bearing2_5,A_rms_3sigma,1,20,1.0
XJTU-SY,37.5Hz11kN,Bearing2_5,B_mahalanobis,1,20,1.0
XJTU-SY,37.5Hz11kN,Bearing2_5,A_rms_3sigma,1,20,1.0
XJTU-SY,37.5Hz11kN,Bearing2_5,B_mahalanobis,1,20,1.0
XJTU-SY,37.5Hz11kN,Bearing2_5,A_rms_3sigma,1,20,1.0
XJTU-SY,37.5Hz11kN,Bearing2_5,B_mahalanobis,1,20,1.0
XJTU-SY,37.5Hz11kN,Bearing2_5,A_rms_3sigma,1,20,1.0
XJTU-SY,37.5Hz11kN,Bearing2_5,B_mahalanobis,1,20,1.0
XJTU-SY,37.5Hz11kN,Bearing2_5,A_rms_3sigma,1,20,1.0
XJTU-SY,37.5Hz11kN,Bearing2_5,B_mahalanobis,1,20,1.0
XJTU-SY,37.5Hz11kN,Bearing2_5,A_rms_3sigma,1,20,1.0
XJTU-SY,37.5Hz11kN,Bearing2_5,B_mahalanobis,1,20,1.0
XJTU-SY,37.5Hz11kN,Bearing2_5,A_rms_3sigma,1,20,1.0
XJTU-SY,37.5Hz11kN,Bearing2_5,B_mahalanobis,1,20,1.0
XJTU-SY,37.5Hz11kN,Bearing2_5,A_rms_3sigma,1,20,1.0
XJTU-SY,37.5Hz11kN,Bearing2_5,B_mahalanobis,1,20,1.0
XJTU-SY,37.5Hz11kN,Bearing2_5,A_rms_3sigma,1,20,1.0
XJTU-SY,37.5Hz11kN,Bearing2_5,B_mahalanobis,1,20,1.0
XJTU-SY,37.5Hz11kN,Bearing2_5,A_rms_3sigma,1,20,1.0
XJTU-SY,37.5Hz11kN,Bearing2_5,B_mahalanobis,1,20,1.0
XJTU-SY,37.5Hz11kN,Bearing2_5,A_rms_3sigma,1,20,1.0
XJTU-SY,37.5Hz11kN,Bearing2_5,B_mahalanobis,1,20,1.0
XJTU-SY,37.5Hz11kN,Bearing2_5,A_rms_3sigma,1,20,1.0
XJTU-SY,37.5Hz11kN,Bearing2_5,B_mahalanobis,1,20,1.0
XJTU-SY,37.5Hz11kN,Bearing2_5,A_rms_3sigma,1,20,1.0
XJTU-SY,37.5Hz11kN,Bearing2_5,B_mahalanobis,1,20,1.0
XJTU-SY,37.5Hz11kN,Bearing2_5,A_rms_3sigma,1,20,1.0
XJTU-SY,37.5Hz11kN,Bearing2_5,B_mahalanobis,1,20,1.0
XJTU-SY,37.5Hz11kN,Bearing2_5,A_rms_3sigma,1,20,1.0
XJTU-SY,37.5Hz11kN,Bearing2_5,B_mahalanobis,1,20,1.0
XJTU-SY,37.5Hz11kN,Bearing2_5,A_rms_3sigma,1,20,1.0
XJTU-SY,37.5Hz11kN,Bearing2_5,B_mahalanobis,1,20,1.0
XJTU-SY,37.5Hz11kN,Bearing2_5,A_rms_3sigma,1,20,1.0
XJTU-SY,37.5Hz11kN,Bearing2_5,B_mahalanobis,1,20,1.0
XJTU-SY,37.5Hz11kN,Bearing2_5,A_rms_3sigma,1,20,1.0
XJTU-SY,37.5Hz11kN,Bearing2_5,B_mahalanobis,1,20,1.0
XJTU-SY,37.5Hz11kN,Bearing2_5,A_rms_3sigma,1,20,1.0
XJTU-SY,37.5Hz11kN,Bearing2_5,B_mahalanobis,1,20,1.0
XJTU-SY,37.5Hz11kN,Bearing2_5,A_rms_3sigma,1,20,1.0
XJTU-SY,37.5Hz11kN,Bearing2_5,B_mahalanobis,1,20,1.0
XJTU-SY,37.5Hz11kN,Bearing2_5,A_rms_3sigma,1,20,1.0
XJTU-SY,37.5Hz11kN,Bearing2_5,B_mahalanobis,1,20,1.0
XJTU-SY,37.5Hz11kN,Bearing2_5,A_rms_3sigma,1,20,1.0
XJTU-SY,37.5Hz11kN,Bearing2_5,B_mahalanobis,1,20,1.0
XJTU-SY,37.5Hz11kN,Bearing2_5,A_rms_3sigma,1,20,1.0
XJTU-SY,37.5Hz11kN,Bearing2_5,B_mahalanobis,1,20,1.0
XJTU-SY,37.5Hz11kN,Bearing2_5,A_rms_3sigma,1,20,1.0
XJTU-SY,37.5Hz11kN,Bearing2_5,B_mahalanobis,1,20,1.0
XJTU-SY,37.5Hz11kN,Bearing2_5,A_rms_3sigma,1,20,1.0
XJTU-SY,37.5Hz11kN,Bearing2_5,B_mahalanobis,1,20,1.0
XJTU-SY,37.5Hz11kN,Bearing2_5,A_rms_3sigma,1,20,1.0
XJTU-SY,37.5Hz11kN,Bearing2_5,B_mahalanobis,1,20,1.0
XJTU-SY,37.5Hz11kN,Bearing2_5,A_rms_3sigma,1,20,1.0
XJTU-SY,37.5Hz11kN,Bearing2_5,B_mahalanobis,1,20,1.0
XJTU-SY,37.5Hz11kN,Bearing2_5,A_rms_3sigma,2,20,1.0
XJTU-SY,37.5Hz11kN,Bearing2_5,B_mahalanobis,2,20,1.0
XJTU-SY,37.5Hz11kN,Bearing2_5,A_rms_3sigma,2,20,1.0
XJTU-SY,37.5Hz11kN,Bearing2_5,B_mahalanobis,2,20,1.0
XJTU-SY,37.5Hz11kN,Bearing2_5,A_rms_3sigma,2,20,1.0
XJTU-SY,37.5Hz11kN,Bearing2_5,B_mahalanobis,2,20,1.0
XJTU-SY,37.5Hz11kN,Bearing2_5,A_rms_3sigma,2,20,1.0
XJTU-SY,37.5Hz11kN,Bearing2_5,B_mahalanobis,2,20,1.0
XJTU-SY,37.5Hz11kN,Bearing2_5,A_rms_3sigma,2,20,1.0
XJTU-SY,37.5Hz11kN,Bearing2_5,B_mahalanobis,2,20,1.0
XJTU-SY,37.5Hz11kN,Bearing2_5,A_rms_3sigma,2,20,1.0
XJTU-SY,37.5Hz11kN,Bearing2_5,B_mahalanobis,2,20,1.0
XJTU-SY,37.5Hz11kN,Bearing2_5,A_rms_3sigma,2,20,1.0
XJTU-SY,37.5Hz11kN,Bearing2_5,B_mahalanobis,2,20,1.0
XJTU-SY,37.5Hz11kN,Bearing2_5,A_rms_3sigma,2,20,1.0
XJTU-SY,37.5Hz11kN,Bearing2_5,B_mahalanobis,2,20,1.0
XJTU-SY,37.5Hz11kN,Bearing2_5,A_rms_3sigma,2,20,1.0
XJTU-SY,37.5Hz11kN,Bearing2_5,B_mahalanobis,2,20,1.0
XJTU-SY,37.5Hz11kN,Bearing2_5,A_rms_3sigma,2,20,1.0
XJTU-SY,37.5Hz11kN,Bearing2_5,B_mahalanobis,2,20,1.0
XJTU-SY,37.5Hz11kN,Bearing2_5,A_rms_3sigma,2,20,1.0
XJTU-SY,37.5Hz11kN,Bearing2_5,B_mahalanobis,2,20,1.0
XJTU-SY,37.5Hz11kN,Bearing2_5,A_rms_3sigma,2,20,1.0
XJTU-SY,37.5Hz11kN,Bearing2_5,B_mahalanobis,2,20,1.0
XJTU-SY,37.5Hz11kN,Bearing2_5,A_rms_3sigma,2,20,1.0
XJTU-SY,37.5Hz11kN,Bearing2_5,B_mahalanobis,2,20,1.0
XJTU-SY,37.5Hz11kN,Bearing2_5,A_rms_3sigma,2,20,1.0
XJTU-SY,37.5Hz11kN,Bearing2_5,B_mahalanobis,2,20,1.0
XJTU-SY,37.5Hz11kN,Bearing2_5,A_rms_3sigma,2,20,1.0
XJTU-SY,37.5Hz11kN,Bearing2_5,B_mahalanobis,2,20,1.0
XJTU-SY,37.5Hz11kN,Bearing2_5,A_rms_3sigma,2,20,1.0
XJTU-SY,37.5Hz11kN,Bearing2_5,B_mahalanobis,2,20,1.0
XJTU-SY,37.5Hz11kN,Bearing2_5,A_rms_3sigma,2,20,1.0
XJTU-SY,37.5Hz11kN,Bearing2_5,B_mahalanobis,2,20,1.0
XJTU-SY,37.5Hz11kN,Bearing2_5,A_rms_3sigma,2,20,1.0
XJTU-SY,37.5Hz11kN,Bearing2_5,B_mahalanobis,2,20,1.0
XJTU-SY,37.5Hz11kN,Bearing2_5,A_rms_3sigma,2,20,1.0
XJTU-SY,37.5Hz11kN,Bearing2_5,B_mahalanobis,2,20,1.0
XJTU-SY,37.5Hz11kN,Bearing2_5,A_rms_3sigma,2,20,1.0
XJTU-SY,37.5Hz11kN,Bearing2_5,B_mahalanobis,2,20,1.0
XJTU-SY,37.5Hz11kN,Bearing2_5,A_rms_3sigma,2,20,1.0
XJTU-SY,37.5Hz11kN,Bearing2_5,B_mahalanobis,2,20,1.0
XJTU-SY,37.5Hz11kN,Bearing2_5,A_rms_3sigma,2,20,1.0
XJTU-SY,37.5Hz11kN,Bearing2_5,B_mahalanobis,2,20,1.0
XJTU-SY,37.5Hz11kN,Bearing2_5,A_rms_3sigma,2,20,1.0
XJTU-SY,37.5Hz11kN,Bearing2_5,B_mahalanobis,2,20,1.0
XJTU-SY,37.5Hz11kN,Bearing2_5,A_rms_3sigma,2,20,1.0
XJTU-SY,37.5Hz11kN,Bearing2_5,B_mahalanobis,2,20,1.0
XJTU-SY,37.5Hz11kN,Bearing2_5,A_rms_3sigma,2,20,1.0
XJTU-SY,37.5Hz11kN,Bearing2_5,B_mahalanobis,2,20,1.0
XJTU-SY,37.5Hz11kN,Bearing2_5,A_rms_3sigma,2,20,1.0
XJTU-SY,37.5Hz11kN,Bearing2_5,B_mahalanobis,2,20,1.0
XJTU-SY,37.5Hz11kN,Bearing2_5,A_rms_3sigma,2,20,1.0
XJTU-SY,37.5Hz11kN,Bearing2_5,B_mahalanobis,2,20,1.0
XJTU-SY,37.5Hz11kN,Bearing2_5,A_rms_3sigma,2,20,1.0
XJTU-SY,37.5Hz11kN,Bearing2_5,B_mahalanobis,2,20,1.0
XJTU-SY,37.5Hz11kN,Bearing2_5,A_rms_3sigma,2,20,1.0
XJTU-SY,37.5Hz11kN,Bearing2_5,B_mahalanobis,2,20,1.0
XJTU-SY,37.5Hz11kN,Bearing2_5,A_rms_3sigma,2,20,1.0
XJTU-SY,37.5Hz11kN,Bearing2_5,B_mahalanobis,2,20,1.0
XJTU-SY,37.5Hz11kN,Bearing2_5,A_rms_3sigma,2,20,1.0
XJTU-SY,37.5Hz11kN,Bearing2_5,B_mahalanobis,2,20,1.0
XJTU-SY,37.5Hz11kN,Bearing2_5,A_rms_3sigma,2,20,1.0
XJTU-SY,37.5Hz11kN,Bearing2_5,B_mahalanobis,2,20,1.0
XJTU-SY,37.5Hz11kN,Bearing2_5,A_rms_3sigma,2,20,1.0
XJTU-SY,37.5Hz11kN,Bearing2_5,B_mahalanobis,2,20,1.0
XJTU-SY,37.5Hz11kN,Bearing2_5,A_rms_3sigma,2,20,1.0
XJTU-SY,37.5Hz11kN,Bearing2_5,B_mahalanobis,2,20,1.0
XJTU-SY,37.5Hz11kN,Bearing2_5,A_rms_3sigma,2,20,1.0
XJTU-SY,37.5Hz11kN,Bearing2_5,B_mahalanobis,2,20,1.0
XJTU-SY,37.5Hz11kN,Bearing2_5,A_rms_3sigma,2,20,1.0
XJTU-SY,37.5Hz11kN,Bearing2_5,B_mahalanobis,2,20,1.0
XJTU-SY,37.5Hz11kN,Bearing2_5,A_rms_3sigma,2,20,1.0
XJTU-SY,37.5Hz11kN,Bearing2_5,B_mahalanobis,2,20,1.0
XJTU-SY,37.5Hz11kN,Bearing2_5,A_rms_3sigma,2,20,1.0
XJTU-SY,37.5Hz11kN,Bearing2_5,B_mahalanobis,2,20,1.0
XJTU-SY,37.5Hz11kN,Bearing2_5,A_rms_3sigma,2,20,1.0
XJTU-SY,37.5Hz11kN,Bearing2_5,B_mahalanobis,2,20,1.0
XJTU-SY,37.5Hz11kN,Bearing2_5,A_rms_3sigma,2,20,1.0
XJTU-SY,37.5Hz11kN,Bearing2_5,B_mahalanobis,2,20,1.0
XJTU-SY,37.5Hz11kN,Bearing2_5,A_rms_3sigma,2,20,1.0
XJTU-SY,37.5Hz11kN,Bearing2_5,B_mahalanobis,2,20,1.0
XJTU-SY,37.5Hz11kN,Bearing2_5,A_rms_3sigma,2,20,1.0
XJTU-SY,37.5Hz11kN,Bearing2_5,B_mahalanobis,2,20,1.0
XJTU-SY,37.5Hz11kN,Bearing2_5,A_rms_3sigma,2,20,1.0
XJTU-SY,37.5Hz11kN,Bearing2_5,B_mahalanobis,2,20,1.0
XJTU-SY,37.5Hz11kN,Bearing2_5,A_rms_3sigma,2,20,1.0
XJTU-SY,37.5Hz11kN,Bearing2_5,B_mahalanobis,2,20,1.0
XJTU-SY,37.5Hz11kN,Bearing2_5,A_rms_3sigma,2,20,1.0
XJTU-SY,37.5Hz11kN,Bearing2_5,B_mahalanobis,2,20,1.0
XJTU-SY,37.5Hz11kN,Bearing2_5,A_rms_3sigma,2,20,1.0
XJTU-SY,37.5Hz11kN,Bearing2_5,B_mahalanobis,2,20,1.0
XJTU-SY,37.5Hz11kN,Bearing2_5,A_rms_3sigma,2,20,1.0
XJTU-SY,37.5Hz11kN,Bearing2_5,B_mahalanobis,2,20,1.0
XJTU-SY,37.5Hz11kN,Bearing2_5,A_rms_3sigma,2,20,1.0
XJTU-SY,37.5Hz11kN,Bearing2_5,B_mahalanobis,2,20,1.0
XJTU-SY,37.5Hz11kN,Bearing2_5,A_rms_3sigma,2,20,1.0
XJTU-SY,37.5Hz11kN,Bearing2_5,B_mahalanobis,2,20,1.0
XJTU-SY,37.5Hz11kN,Bearing2_5,A_rms_3sigma,2,20,1.0
XJTU-SY,37.5Hz11kN,Bearing2_5,B_mahalanobis,2,20,1.0
XJTU-SY,37.5Hz11kN,Bearing2_5,A_rms_3sigma,3,18,1.0
XJTU-SY,37.5Hz11kN,Bearing2_5,B_mahalanobis,3,18,1.0
XJTU-SY,37.5Hz11kN,Bearing2_5,A_rms_3sigma,3,18,1.0
XJTU-SY,37.5Hz11kN,Bearing2_5,B_mahalanobis,3,18,1.0
XJTU-SY,37.5Hz11kN,Bearing2_5,A_rms_3sigma,3,18,1.0
XJTU-SY,37.5Hz11kN,Bearing2_5,B_mahalanobis,3,18,1.0
XJTU-SY,37.5Hz11kN,Bearing2_5,A_rms_3sigma,3,18,1.0
XJTU-SY,37.5Hz11kN,Bearing2_5,B_mahalanobis,3,18,1.0
XJTU-SY,37.5Hz11kN,Bearing2_5,A_rms_3sigma,3,18,1.0
XJTU-SY,37.5Hz11kN,Bearing2_5,B_mahalanobis,3,18,1.0
XJTU-SY,37.5Hz11kN,Bearing2_5,A_rms_3sigma,3,18,1.0
XJTU-SY,37.5Hz11kN,Bearing2_5,B_mahalanobis,3,18,1.0
XJTU-SY,37.5Hz11kN,Bearing2_5,A_rms_3sigma,3,18,1.0
XJTU-SY,37.5Hz11kN,Bearing2_5,B_mahalanobis,3,18,1.0
XJTU-SY,37.5Hz11kN,Bearing2_5,A_rms_3sigma,3,18,1.0
XJTU-SY,37.5Hz11kN,Bearing2_5,B_mahalanobis,3,18,1.0
XJTU-SY,37.5Hz11kN,Bearing2_5,A_rms_3sigma,3,18,1.0
XJTU-SY,37.5Hz11kN,Bearing2_5,B_mahalanobis,3,18,1.0
XJTU-SY,37.5Hz11kN,Bearing2_5,A_rms_3sigma,3,18,1.0
XJTU-SY,37.5Hz11kN,Bearing2_5,B_mahalanobis,3,18,1.0
XJTU-SY,37.5Hz11kN,Bearing2_5,A_rms_3sigma,3,18,1.0
XJTU-SY,37.5Hz11kN,Bearing2_5,B_mahalanobis,3,18,1.0
XJTU-SY,37.5Hz11kN,Bearing2_5,A_rms_3sigma,3,18,1.0
XJTU-SY,37.5Hz11kN,Bearing2_5,B_mahalanobis,3,18,1.0
XJTU-SY,37.5Hz11kN,Bearing2_5,A_rms_3sigma,3,18,1.0
XJTU-SY,37.5Hz11kN,Bearing2_5,B_mahalanobis,3,18,1.0
XJTU-SY,37.5Hz11kN,Bearing2_5,A_rms_3sigma,3,18,1.0
XJTU-SY,37.5Hz11kN,Bearing2_5,B_mahalanobis,3,18,1.0
XJTU-SY,37.5Hz11kN,Bearing2_5,A_rms_3sigma,3,18,1.0
XJTU-SY,37.5Hz11kN,Bearing2_5,B_mahalanobis,3,18,1.0
XJTU-SY,37.5Hz11kN,Bearing2_5,A_rms_3sigma,3,18,1.0
XJTU-SY,37.5Hz11kN,Bearing2_5,B_mahalanobis,3,18,1.0
XJTU-SY,37.5Hz11kN,Bearing2_5,A_rms_3sigma,3,18,1.0
XJTU-SY,37.5Hz11kN,Bearing2_5,B_mahalanobis,3,18,1.0
XJTU-SY,37.5Hz11kN,Bearing2_5,A_rms_3sigma,3,18,1.0
XJTU-SY,37.5Hz11kN,Bearing2_5,B_mahalanobis,3,18,1.0
XJTU-SY,37.5Hz11kN,Bearing2_5,A_rms_3sigma,3,18,1.0
XJTU-SY,37.5Hz11kN,Bearing2_5,B_mahalanobis,3,18,1.0
XJTU-SY,37.5Hz11kN,Bearing2_5,A_rms_3sigma,3,18,1.0
XJTU-SY,37.5Hz11kN,Bearing2_5,B_mahalanobis,3,18,1.0
XJTU-SY,37.5Hz11kN,Bearing2_5,A_rms_3sigma,3,18,1.0
XJTU-SY,37.5Hz11kN,Bearing2_5,B_mahalanobis,3,18,1.0
XJTU-SY,37.5Hz11kN,Bearing2_5,A_rms_3sigma,3,18,1.0
XJTU-SY,37.5Hz11kN,Bearing2_5,B_mahalanobis,3,18,1.0
XJTU-SY,37.5Hz11kN,Bearing2_5,A_rms_3sigma,3,18,1.0
XJTU-SY,37.5Hz11kN,Bearing2_5,B_mahalanobis,3,18,1.0
XJTU-SY,37.5Hz11kN,Bearing2_5,A_rms_3sigma,3,18,1.0
XJTU-SY,37.5Hz11kN,Bearing2_5,B_mahalanobis,3,18,1.0
XJTU-SY,37.5Hz11kN,Bearing2_5,A_rms_3sigma,3,18,1.0
XJTU-SY,37.5Hz11kN,Bearing2_5,B_mahalanobis,3,18,1.0
XJTU-SY,37.5Hz11kN,Bearing2_5,A_rms_3sigma,3,18,1.0
XJTU-SY,37.5Hz11kN,Bearing2_5,B_mahalanobis,3,18,1.0
XJTU-SY,37.5Hz11kN,Bearing2_5,A_rms_3sigma,3,18,1.0
XJTU-SY,37.5Hz11kN,Bearing2_5,B_mahalanobis,3,18,1.0
XJTU-SY,37.5Hz11kN,Bearing2_5,A_rms_3sigma,3,18,1.0
XJTU-SY,37.5Hz11kN,Bearing2_5,B_mahalanobis,3,18,1.0
XJTU-SY,37.5Hz11kN,Bearing2_5,A_rms_3sigma,3,18,1.0
XJTU-SY,37.5Hz11kN,Bearing2_5,B_mahalanobis,3,18,1.0
XJTU-SY,37.5Hz11kN,Bearing2_5,A_rms_3sigma,3,18,1.0
XJTU-SY,37.5Hz11kN,Bearing2_5,B_mahalanobis,3,18,1.0
XJTU-SY,37.5Hz11kN,Bearing2_5,A_rms_3sigma,3,18,1.0
XJTU-SY,37.5Hz11kN,Bearing2_5,B_mahalanobis,3,18,1.0
XJTU-SY,37.5Hz11kN,Bearing2_5,A_rms_3sigma,3,18,1.0
XJTU-SY,37.5Hz11kN,Bearing2_5,B_mahalanobis,3,18,1.0
XJTU-SY,37.5Hz11kN,Bearing2_5,A_rms_3sigma,3,18,1.0
XJTU-SY,37.5Hz11kN,Bearing2_5,B_mahalanobis,3,18,1.0
XJTU-SY,37.5Hz11kN,Bearing2_5,A_rms_3sigma,3,18,1.0
XJTU-SY,37.5Hz11kN,Bearing2_5,B_mahalanobis,3,18,1.0
XJTU-SY,37.5Hz11kN,Bearing2_5,A_rms_3sigma,3,18,1.0
XJTU-SY,37.5Hz11kN,Bearing2_5,B_mahalanobis,3,18,1.0
XJTU-SY,37.5Hz11kN,Bearing2_5,A_rms_3sigma,3,18,1.0
XJTU-SY,37.5Hz11kN,Bearing2_5,B_mahalanobis,3,18,1.0
XJTU-SY,37.5Hz11kN,Bearing2_5,A_rms_3sigma,3,18,1.0
XJTU-SY,37.5Hz11kN,Bearing2_5,B_mahalanobis,3,18,1.0
XJTU-SY,37.5Hz11kN,Bearing2_5,A_rms_3sigma,3,18,1.0
XJTU-SY,37.5Hz11kN,Bearing2_5,B_mahalanobis,3,18,1.0
XJTU-SY,37.5Hz11kN,Bearing2_5,A_rms_3sigma,3,18,1.0
XJTU-SY,37.5Hz11kN,Bearing2_5,B_mahalanobis,3,18,1.0
XJTU-SY,37.5Hz11kN,Bearing2_5,A_rms_3sigma,3,18,1.0
XJTU-SY,37.5Hz11kN,Bearing2_5,B_mahalanobis,3,18,1.0
XJTU-SY,37.5Hz11kN,Bearing2_5,A_rms_3sigma,3,18,1.0
XJTU-SY,37.5Hz11kN,Bearing2_5,B_mahalanobis,3,18,1.0
XJTU-SY,37.5Hz11kN,Bearing2_5,A_rms_3sigma,3,18,1.0
XJTU-SY,37.5Hz11kN,Bearing2_5,B_mahalanobis,3,18,1.0
XJTU-SY,37.5Hz11kN,Bearing2_5,A_rms_3sigma,3,18,1.0
XJTU-SY,37.5Hz11kN,Bearing2_5,B_mahalanobis,3,18,1.0
XJTU-SY,37.5Hz11kN,Bearing2_5,A_rms_3sigma,3,18,1.0
XJTU-SY,37.5Hz11kN,Bearing2_5,B_mahalanobis,3,18,1.0
XJTU-SY,37.5Hz11kN,Bearing2_5,A_rms_3sigma,3,18,1.0
XJTU-SY,37.5Hz11kN,Bearing2_5,B_mahalanobis,3,18,1.0
XJTU-SY,37.5Hz11kN,Bearing2_5,A_rms_3sigma,3,18,1.0
XJTU-SY,37.5Hz11kN,Bearing2_5,B_mahalanobis,3,18,1.0
XJTU-SY,37.5Hz11kN,Bearing2_5,A_rms_3sigma,3,18,1.0
XJTU-SY,37.5Hz11kN,Bearing2_5,B_mahalanobis,3,18,1.0
XJTU-SY,37.5Hz11kN,Bearing2_5,A_rms_3sigma,3,18,1.0
XJTU-SY,37.5Hz11kN,Bearing2_5,B_mahalanobis,3,18,1.0
XJTU-SY,37.5Hz11kN,Bearing2_5,A_rms_3sigma,3,18,1.0
XJTU-SY,37.5Hz11kN,Bearing2_5,B_mahalanobis,3,18,1.0
XJTU-SY,37.5Hz11kN,Bearing2_5,A_rms_3sigma,3,18,1.0
XJTU-SY,37.5Hz11kN,Bearing2_5,B_mahalanobis,3,18,1.0
XJTU-SY,40Hz10kN,Bearing3_1,A_rms_3sigma,1,20,0.0
XJTU-SY,40Hz10kN,Bearing3_1,B_mahalanobis,1,20,1.0
XJTU-SY,40Hz10kN,Bearing3_1,A_rms_3sigma,1,20,0.0
XJTU-SY,40Hz10kN,Bearing3_1,B_mahalanobis,1,20,1.0
XJTU-SY,40Hz10kN,Bearing3_1,A_rms_3sigma,1,20,0.0
XJTU-SY,40Hz10kN,Bearing3_1,B_mahalanobis,1,20,0.0
XJTU-SY,40Hz10kN,Bearing3_1,A_rms_3sigma,1,20,0.0
XJTU-SY,40Hz10kN,Bearing3_1,B_mahalanobis,1,20,1.0
XJTU-SY,40Hz10kN,Bearing3_1,A_rms_3sigma,1,20,0.0
XJTU-SY,40Hz10kN,Bearing3_1,B_mahalanobis,1,20,1.0
XJTU-SY,40Hz10kN,Bearing3_1,A_rms_3sigma,1,20,0.0
XJTU-SY,40Hz10kN,Bearing3_1,B_mahalanobis,1,20,0.0
XJTU-SY,40Hz10kN,Bearing3_1,A_rms_3sigma,1,20,0.0
XJTU-SY,40Hz10kN,Bearing3_1,B_mahalanobis,1,20,1.0
XJTU-SY,40Hz10kN,Bearing3_1,A_rms_3sigma,1,20,0.0
XJTU-SY,40Hz10kN,Bearing3_1,B_mahalanobis,1,20,1.0
XJTU-SY,40Hz10kN,Bearing3_1,A_rms_3sigma,1,20,0.0
XJTU-SY,40Hz10kN,Bearing3_1,B_mahalanobis,1,20,1.0
XJTU-SY,40Hz10kN,Bearing3_1,A_rms_3sigma,1,20,0.0
XJTU-SY,40Hz10kN,Bearing3_1,B_mahalanobis,1,20,1.0
XJTU-SY,40Hz10kN,Bearing3_1,A_rms_3sigma,1,20,0.0
XJTU-SY,40Hz10kN,Bearing3_1,B_mahalanobis,1,20,0.0
XJTU-SY,40Hz10kN,Bearing3_1,A_rms_3sigma,1,20,0.0
XJTU-SY,40Hz10kN,Bearing3_1,B_mahalanobis,1,20,0.0
XJTU-SY,40Hz10kN,Bearing3_1,A_rms_3sigma,1,20,0.0
XJTU-SY,40Hz10kN,Bearing3_1,B_mahalanobis,1,20,0.0
XJTU-SY,40Hz10kN,Bearing3_1,A_rms_3sigma,1,20,0.0
XJTU-SY,40Hz10kN,Bearing3_1,B_mahalanobis,1,20,0.0
XJTU-SY,40Hz10kN,Bearing3_1,A_rms_3sigma,1,20,0.0
XJTU-SY,40Hz10kN,Bearing3_1,B_mahalanobis,1,20,1.0
XJTU-SY,40Hz10kN,Bearing3_1,A_rms_3sigma,1,20,0.0
XJTU-SY,40Hz10kN,Bearing3_1,B_mahalanobis,1,20,0.0
XJTU-SY,40Hz10kN,Bearing3_1,A_rms_3sigma,1,20,0.0
XJTU-SY,40Hz10kN,Bearing3_1,B_mahalanobis,1,20,0.0
XJTU-SY,40Hz10kN,Bearing3_1,A_rms_3sigma,1,20,0.0
XJTU-SY,40Hz10kN,Bearing3_1,B_mahalanobis,1,20,1.0
XJTU-SY,40Hz10kN,Bearing3_1,A_rms_3sigma,1,20,0.0
XJTU-SY,40Hz10kN,Bearing3_1,B_mahalanobis,1,20,0.0
XJTU-SY,40Hz10kN,Bearing3_1,A_rms_3sigma,1,20,0.0
XJTU-SY,40Hz10kN,Bearing3_1,B_mahalanobis,1,20,1.0
XJTU-SY,40Hz10kN,Bearing3_1,A_rms_3sigma,1,20,0.0
XJTU-SY,40Hz10kN,Bearing3_1,B_mahalanobis,1,20,0.0
XJTU-SY,40Hz10kN,Bearing3_1,A_rms_3sigma,1,20,0.0
XJTU-SY,40Hz10kN,Bearing3_1,B_mahalanobis,1,20,0.0
XJTU-SY,40Hz10kN,Bearing3_1,A_rms_3sigma,1,20,0.0
XJTU-SY,40Hz10kN,Bearing3_1,B_mahalanobis,1,20,1.0
XJTU-SY,40Hz10kN,Bearing3_1,A_rms_3sigma,1,20,0.0
XJTU-SY,40Hz10kN,Bearing3_1,B_mahalanobis,1,20,1.0
XJTU-SY,40Hz10kN,Bearing3_1,A_rms_3sigma,1,20,0.0
XJTU-SY,40Hz10kN,Bearing3_1,B_mahalanobis,1,20,0.0
XJTU-SY,40Hz10kN,Bearing3_1,A_rms_3sigma,1,20,0.0
XJTU-SY,40Hz10kN,Bearing3_1,B_mahalanobis,1,20,1.0
XJTU-SY,40Hz10kN,Bearing3_1,A_rms_3sigma,1,20,0.0
XJTU-SY,40Hz10kN,Bearing3_1,B_mahalanobis,1,20,1.0
XJTU-SY,40Hz10kN,Bearing3_1,A_rms_3sigma,1,20,0.0
XJTU-SY,40Hz10kN,Bearing3_1,B_mahalanobis,1,20,1.0
XJTU-SY,40Hz10kN,Bearing3_1,A_rms_3sigma,1,20,0.0
XJTU-SY,40Hz10kN,Bearing3_1,B_mahalanobis,1,20,0.0
XJTU-SY,40Hz10kN,Bearing3_1,A_rms_3sigma,1,20,0.0
XJTU-SY,40Hz10kN,Bearing3_1,B_mahalanobis,1,20,0.0
XJTU-SY,40Hz10kN,Bearing3_1,A_rms_3sigma,1,20,0.0
XJTU-SY,40Hz10kN,Bearing3_1,B_mahalanobis,1,20,1.0
XJTU-SY,40Hz10kN,Bearing3_1,A_rms_3sigma,1,20,0.0
XJTU-SY,40Hz10kN,Bearing3_1,B_mahalanobis,1,20,1.0
XJTU-SY,40Hz10kN,Bearing3_1,A_rms_3sigma,1,20,0.0
XJTU-SY,40Hz10kN,Bearing3_1,B_mahalanobis,1,20,1.0
XJTU-SY,40Hz10kN,Bearing3_1,A_rms_3sigma,1,20,0.0
XJTU-SY,40Hz10kN,Bearing3_1,B_mahalanobis,1,20,1.0
XJTU-SY,40Hz10kN,Bearing3_1,A_rms_3sigma,1,20,0.0
XJTU-SY,40Hz10kN,Bearing3_1,B_mahalanobis,1,20,1.0
XJTU-SY,40Hz10kN,Bearing3_1,A_rms_3sigma,1,20,0.0
XJTU-SY,40Hz10kN,Bearing3_1,B_mahalanobis,1,20,1.0
XJTU-SY,40Hz10kN,Bearing3_1,A_rms_3sigma,1,20,0.0
XJTU-SY,40Hz10kN,Bearing3_1,B_mahalanobis,1,20,1.0
XJTU-SY,40Hz10kN,Bearing3_1,A_rms_3sigma,1,20,0.0
XJTU-SY,40Hz10kN,Bearing3_1,B_mahalanobis,1,20,1.0
XJTU-SY,40Hz10kN,Bearing3_1,A_rms_3sigma,1,20,0.0
XJTU-SY,40Hz10kN,Bearing3_1,B_mahalanobis,1,20,1.0
XJTU-SY,40Hz10kN,Bearing3_1,A_rms_3sigma,1,20,0.0
XJTU-SY,40Hz10kN,Bearing3_1,B_mahalanobis,1,20,1.0
XJTU-SY,40Hz10kN,Bearing3_1,A_rms_3sigma,1,20,0.0
XJTU-SY,40Hz10kN,Bearing3_1,B_mahalanobis,1,20,1.0
XJTU-SY,40Hz10kN,Bearing3_1,A_rms_3sigma,1,20,0.0
XJTU-SY,40Hz10kN,Bearing3_1,B_mahalanobis,1,20,1.0
XJTU-SY,40Hz10kN,Bearing3_1,A_rms_3sigma,1,20,0.0
XJTU-SY,40Hz10kN,Bearing3_1,B_mahalanobis,1,20,1.0
XJTU-SY,40Hz10kN,Bearing3_1,A_rms_3sigma,1,20,0.0
XJTU-SY,40Hz10kN,Bearing3_1,B_mahalanobis,1,20,0.0
XJTU-SY,40Hz10kN,Bearing3_1,A_rms_3sigma,1,20,0.0
XJTU-SY,40Hz10kN,Bearing3_1,B_mahalanobis,1,20,0.0
XJTU-SY,40Hz10kN,Bearing3_1,A_rms_3sigma,1,20,0.0
XJTU-SY,40Hz10kN,Bearing3_1,B_mahalanobis,1,20,1.0
XJTU-SY,40Hz10kN,Bearing3_1,A_rms_3sigma,1,20,0.0
XJTU-SY,40Hz10kN,Bearing3_1,B_mahalanobis,1,20,0.0
XJTU-SY,40Hz10kN,Bearing3_1,A_rms_3sigma,1,20,0.0
XJTU-SY,40Hz10kN,Bearing3_1,B_mahalanobis,1,20,1.0
XJTU-SY,40Hz10kN,Bearing3_1,A_rms_3sigma,1,20,0.0
XJTU-SY,40Hz10kN,Bearing3_1,B_mahalanobis,1,20,1.0
XJTU-SY,40Hz10kN,Bearing3_1,A_rms_3sigma,1,20,0.0
XJTU-SY,40Hz10kN,Bearing3_1,B_mahalanobis,1,20,1.0
XJTU-SY,40Hz10kN,Bearing3_1,A_rms_3sigma,2,20,0.0
XJTU-SY,40Hz10kN,Bearing3_1,B_mahalanobis,2,20,0.9833333333333333
XJTU-SY,40Hz10kN,Bearing3_1,A_rms_3sigma,2,20,0.0
XJTU-SY,40Hz10kN,Bearing3_1,B_mahalanobis,2,20,1.0
XJTU-SY,40Hz10kN,Bearing3_1,A_rms_3sigma,2,20,0.0
XJTU-SY,40Hz10kN,Bearing3_1,B_mahalanobis,2,20,0.95
XJTU-SY,40Hz10kN,Bearing3_1,A_rms_3sigma,2,20,0.0
XJTU-SY,40Hz10kN,Bearing3_1,B_mahalanobis,2,20,0.8333333333333334
XJTU-SY,40Hz10kN,Bearing3_1,A_rms_3sigma,2,20,0.0
XJTU-SY,40Hz10kN,Bearing3_1,B_mahalanobis,2,20,0.8333333333333334
XJTU-SY,40Hz10kN,Bearing3_1,A_rms_3sigma,2,20,0.0
XJTU-SY,40Hz10kN,Bearing3_1,B_mahalanobis,2,20,0.06666666666666667
XJTU-SY,40Hz10kN,Bearing3_1,A_rms_3sigma,2,20,0.0
XJTU-SY,40Hz10kN,Bearing3_1,B_mahalanobis,2,20,1.0
XJTU-SY,40Hz10kN,Bearing3_1,A_rms_3sigma,2,20,0.0
XJTU-SY,40Hz10kN,Bearing3_1,B_mahalanobis,2,20,0.9333333333333333
XJTU-SY,40Hz10kN,Bearing3_1,A_rms_3sigma,2,20,0.0
XJTU-SY,40Hz10kN,Bearing3_1,B_mahalanobis,2,20,1.0
XJTU-SY,40Hz10kN,Bearing3_1,A_rms_3sigma,2,20,0.0
XJTU-SY,40Hz10kN,Bearing3_1,B_mahalanobis,2,20,0.05
XJTU-SY,40Hz10kN,Bearing3_1,A_rms_3sigma,2,20,0.0
XJTU-SY,40Hz10kN,Bearing3_1,B_mahalanobis,2,20,1.0
XJTU-SY,40Hz10kN,Bearing3_1,A_rms_3sigma,2,20,0.0
XJTU-SY,40Hz10kN,Bearing3_1,B_mahalanobis,2,20,1.0
XJTU-SY,40Hz10kN,Bearing3_1,A_rms_3sigma,2,20,0.0
XJTU-SY,40Hz10kN,Bearing3_1,B_mahalanobis,2,20,0.7166666666666667
XJTU-SY,40Hz10kN,Bearing3_1,A_rms_3sigma,2,20,0.0
XJTU-SY,40Hz10kN,Bearing3_1,B_mahalanobis,2,20,1.0
XJTU-SY,40Hz10kN,Bearing3_1,A_rms_3sigma,2,20,0.0
XJTU-SY,40Hz10kN,Bearing3_1,B_mahalanobis,2,20,1.0
XJTU-SY,40Hz10kN,Bearing3_1,A_rms_3sigma,2,20,0.0
XJTU-SY,40Hz10kN,Bearing3_1,B_mahalanobis,2,20,1.0
XJTU-SY,40Hz10kN,Bearing3_1,A_rms_3sigma,2,20,0.0
XJTU-SY,40Hz10kN,Bearing3_1,B_mahalanobis,2,20,1.0
XJTU-SY,40Hz10kN,Bearing3_1,A_rms_3sigma,2,20,0.0
XJTU-SY,40Hz10kN,Bearing3_1,B_mahalanobis,2,20,1.0
XJTU-SY,40Hz10kN,Bearing3_1,A_rms_3sigma,2,20,0.0
XJTU-SY,40Hz10kN,Bearing3_1,B_mahalanobis,2,20,1.0
XJTU-SY,40Hz10kN,Bearing3_1,A_rms_3sigma,2,20,0.0
XJTU-SY,40Hz10kN,Bearing3_1,B_mahalanobis,2,20,0.7
XJTU-SY,40Hz10kN,Bearing3_1,A_rms_3sigma,2,20,0.0
XJTU-SY,40Hz10kN,Bearing3_1,B_mahalanobis,2,20,1.0
XJTU-SY,40Hz10kN,Bearing3_1,A_rms_3sigma,2,20,0.0
XJTU-SY,40Hz10kN,Bearing3_1,B_mahalanobis,2,20,0.7666666666666667
XJTU-SY,40Hz10kN,Bearing3_1,A_rms_3sigma,2,20,0.0
XJTU-SY,40Hz10kN,Bearing3_1,B_mahalanobis,2,20,1.0
XJTU-SY,40Hz10kN,Bearing3_1,A_rms_3sigma,2,20,0.0
XJTU-SY,40Hz10kN,Bearing3_1,B_mahalanobis,2,20,1.0
XJTU-SY,40Hz10kN,Bearing3_1,A_rms_3sigma,2,20,0.0
XJTU-SY,40Hz10kN,Bearing3_1,B_mahalanobis,2,20,1.0
XJTU-SY,40Hz10kN,Bearing3_1,A_rms_3sigma,2,20,0.0
XJTU-SY,40Hz10kN,Bearing3_1,B_mahalanobis,2,20,0.48333333333333334
XJTU-SY,40Hz10kN,Bearing3_1,A_rms_3sigma,2,20,0.0
XJTU-SY,40Hz10kN,Bearing3_1,B_mahalanobis,2,20,0.05
XJTU-SY,40Hz10kN,Bearing3_1,A_rms_3sigma,2,20,0.0
XJTU-SY,40Hz10kN,Bearing3_1,B_mahalanobis,2,20,1.0
XJTU-SY,40Hz10kN,Bearing3_1,A_rms_3sigma,2,20,0.0
XJTU-SY,40Hz10kN,Bearing3_1,B_mahalanobis,2,20,0.13333333333333333
XJTU-SY,40Hz10kN,Bearing3_1,A_rms_3sigma,2,20,0.0
XJTU-SY,40Hz10kN,Bearing3_1,B_mahalanobis,2,20,0.15
XJTU-SY,40Hz10kN,Bearing3_1,A_rms_3sigma,2,20,0.0
XJTU-SY,40Hz10kN,Bearing3_1,B_mahalanobis,2,20,0.8833333333333333
XJTU-SY,40Hz10kN,Bearing3_1,A_rms_3sigma,2,20,0.0
XJTU-SY,40Hz10kN,Bearing3_1,B_mahalanobis,2,20,1.0
XJTU-SY,40Hz10kN,Bearing3_1,A_rms_3sigma,2,20,0.0
XJTU-SY,40Hz10kN,Bearing3_1,B_mahalanobis,2,20,1.0
XJTU-SY,40Hz10kN,Bearing3_1,A_rms_3sigma,2,20,0.0
XJTU-SY,40Hz10kN,Bearing3_1,B_mahalanobis,2,20,0.11666666666666667
XJTU-SY,40Hz10kN,Bearing3_1,A_rms_3sigma,2,20,0.0
XJTU-SY,40Hz10kN,Bearing3_1,B_mahalanobis,2,20,0.16666666666666666
XJTU-SY,40Hz10kN,Bearing3_1,A_rms_3sigma,2,20,0.0
XJTU-SY,40Hz10kN,Bearing3_1,B_mahalanobis,2,20,0.016666666666666666
XJTU-SY,40Hz10kN,Bearing3_1,A_rms_3sigma,2,20,0.0
XJTU-SY,40Hz10kN,Bearing3_1,B_mahalanobis,2,20,0.08333333333333333
XJTU-SY,40Hz10kN,Bearing3_1,A_rms_3sigma,2,20,0.0
XJTU-SY,40Hz10kN,Bearing3_1,B_mahalanobis,2,20,0.9833333333333333
XJTU-SY,40Hz10kN,Bearing3_1,A_rms_3sigma,2,20,0.0
XJTU-SY,40Hz10kN,Bearing3_1,B_mahalanobis,2,20,0.9833333333333333
XJTU-SY,40Hz10kN,Bearing3_1,A_rms_3sigma,2,20,0.0
XJTU-SY,40Hz10kN,Bearing3_1,B_mahalanobis,2,20,0.0
XJTU-SY,40Hz10kN,Bearing3_1,A_rms_3sigma,2,20,0.0
XJTU-SY,40Hz10kN,Bearing3_1,B_mahalanobis,2,20,0.016666666666666666
XJTU-SY,40Hz10kN,Bearing3_1,A_rms_3sigma,2,20,0.0
XJTU-SY,40Hz10kN,Bearing3_1,B_mahalanobis,2,20,1.0
XJTU-SY,40Hz10kN,Bearing3_1,A_rms_3sigma,2,20,0.0
XJTU-SY,40Hz10kN,Bearing3_1,B_mahalanobis,2,20,0.11666666666666667
XJTU-SY,40Hz10kN,Bearing3_1,A_rms_3sigma,2,20,0.0
XJTU-SY,40Hz10kN,Bearing3_1,B_mahalanobis,2,20,1.0
XJTU-SY,40Hz10kN,Bearing3_1,A_rms_3sigma,2,20,0.0
XJTU-SY,40Hz10kN,Bearing3_1,B_mahalanobis,2,20,1.0
XJTU-SY,40Hz10kN,Bearing3_1,A_rms_3sigma,2,20,0.0
XJTU-SY,40Hz10kN,Bearing3_1,B_mahalanobis,2,20,0.016666666666666666
XJTU-SY,40Hz10kN,Bearing3_1,A_rms_3sigma,2,20,0.0
XJTU-SY,40Hz10kN,Bearing3_1,B_mahalanobis,2,20,1.0
XJTU-SY,40Hz10kN,Bearing3_1,A_rms_3sigma,2,20,0.0
XJTU-SY,40Hz10kN,Bearing3_1,B_mahalanobis,2,20,1.0
XJTU-SY,40Hz10kN,Bearing3_1,A_rms_3sigma,2,20,0.0
XJTU-SY,40Hz10kN,Bearing3_1,B_mahalanobis,2,20,0.15
XJTU-SY,40Hz10kN,Bearing3_1,A_rms_3sigma,2,20,0.0
XJTU-SY,40Hz10kN,Bearing3_1,B_mahalanobis,2,20,1.0
XJTU-SY,40Hz10kN,Bearing3_1,A_rms_3sigma,3,18,0.0
XJTU-SY,40Hz10kN,Bearing3_1,B_mahalanobis,3,18,0.0
XJTU-SY,40Hz10kN,Bearing3_1,A_rms_3sigma,3,18,0.0
XJTU-SY,40Hz10kN,Bearing3_1,B_mahalanobis,3,18,0.0
XJTU-SY,40Hz10kN,Bearing3_1,A_rms_3sigma,3,18,0.0
XJTU-SY,40Hz10kN,Bearing3_1,B_mahalanobis,3,18,1.0
XJTU-SY,40Hz10kN,Bearing3_1,A_rms_3sigma,3,18,0.0
XJTU-SY,40Hz10kN,Bearing3_1,B_mahalanobis,3,18,0.0
XJTU-SY,40Hz10kN,Bearing3_1,A_rms_3sigma,3,18,0.0
XJTU-SY,40Hz10kN,Bearing3_1,B_mahalanobis,3,18,1.0
XJTU-SY,40Hz10kN,Bearing3_1,A_rms_3sigma,3,18,0.0
XJTU-SY,40Hz10kN,Bearing3_1,B_mahalanobis,3,18,1.0
XJTU-SY,40Hz10kN,Bearing3_1,A_rms_3sigma,3,18,0.0
XJTU-SY,40Hz10kN,Bearing3_1,B_mahalanobis,3,18,1.0
XJTU-SY,40Hz10kN,Bearing3_1,A_rms_3sigma,3,18,0.0
XJTU-SY,40Hz10kN,Bearing3_1,B_mahalanobis,3,18,0.0
XJTU-SY,40Hz10kN,Bearing3_1,A_rms_3sigma,3,18,0.0
XJTU-SY,40Hz10kN,Bearing3_1,B_mahalanobis,3,18,0.05
XJTU-SY,40Hz10kN,Bearing3_1,A_rms_3sigma,3,18,0.0
XJTU-SY,40Hz10kN,Bearing3_1,B_mahalanobis,3,18,0.03333333333333333
XJTU-SY,40Hz10kN,Bearing3_1,A_rms_3sigma,3,18,0.0
XJTU-SY,40Hz10kN,Bearing3_1,B_mahalanobis,3,18,0.016666666666666666
XJTU-SY,40Hz10kN,Bearing3_1,A_rms_3sigma,3,18,0.0
XJTU-SY,40Hz10kN,Bearing3_1,B_mahalanobis,3,18,0.0
XJTU-SY,40Hz10kN,Bearing3_1,A_rms_3sigma,3,18,0.0
XJTU-SY,40Hz10kN,Bearing3_1,B_mahalanobis,3,18,0.18333333333333332
XJTU-SY,40Hz10kN,Bearing3_1,A_rms_3sigma,3,18,0.0
XJTU-SY,40Hz10kN,Bearing3_1,B_mahalanobis,3,18,0.0
XJTU-SY,40Hz10kN,Bearing3_1,A_rms_3sigma,3,18,0.0
XJTU-SY,40Hz10kN,Bearing3_1,B_mahalanobis,3,18,0.0
XJTU-SY,40Hz10kN,Bearing3_1,A_rms_3sigma,3,18,0.0
XJTU-SY,40Hz10kN,Bearing3_1,B_mahalanobis,3,18,0.016666666666666666
XJTU-SY,40Hz10kN,Bearing3_1,A_rms_3sigma,3,18,0.0
XJTU-SY,40Hz10kN,Bearing3_1,B_mahalanobis,3,18,0.03333333333333333
XJTU-SY,40Hz10kN,Bearing3_1,A_rms_3sigma,3,18,0.0
XJTU-SY,40Hz10kN,Bearing3_1,B_mahalanobis,3,18,0.0
XJTU-SY,40Hz10kN,Bearing3_1,A_rms_3sigma,3,18,0.0
XJTU-SY,40Hz10kN,Bearing3_1,B_mahalanobis,3,18,0.0
XJTU-SY,40Hz10kN,Bearing3_1,A_rms_3sigma,3,18,0.0
XJTU-SY,40Hz10kN,Bearing3_1,B_mahalanobis,3,18,0.0
XJTU-SY,40Hz10kN,Bearing3_1,A_rms_3sigma,3,18,0.0
XJTU-SY,40Hz10kN,Bearing3_1,B_mahalanobis,3,18,0.0
XJTU-SY,40Hz10kN,Bearing3_1,A_rms_3sigma,3,18,0.0
XJTU-SY,40Hz10kN,Bearing3_1,B_mahalanobis,3,18,0.03333333333333333
XJTU-SY,40Hz10kN,Bearing3_1,A_rms_3sigma,3,18,0.0
XJTU-SY,40Hz10kN,Bearing3_1,B_mahalanobis,3,18,0.06666666666666667
XJTU-SY,40Hz10kN,Bearing3_1,A_rms_3sigma,3,18,0.0
XJTU-SY,40Hz10kN,Bearing3_1,B_mahalanobis,3,18,0.0
XJTU-SY,40Hz10kN,Bearing3_1,A_rms_3sigma,3,18,0.0
XJTU-SY,40Hz10kN,Bearing3_1,B_mahalanobis,3,18,0.06666666666666667
XJTU-SY,40Hz10kN,Bearing3_1,A_rms_3sigma,3,18,0.0
XJTU-SY,40Hz10kN,Bearing3_1,B_mahalanobis,3,18,0.06666666666666667
XJTU-SY,40Hz10kN,Bearing3_1,A_rms_3sigma,3,18,0.0
XJTU-SY,40Hz10kN,Bearing3_1,B_mahalanobis,3,18,1.0
XJTU-SY,40Hz10kN,Bearing3_1,A_rms_3sigma,3,18,0.0
XJTU-SY,40Hz10kN,Bearing3_1,B_mahalanobis,3,18,0.0
XJTU-SY,40Hz10kN,Bearing3_1,A_rms_3sigma,3,18,0.0
XJTU-SY,40Hz10kN,Bearing3_1,B_mahalanobis,3,18,0.0
XJTU-SY,40Hz10kN,Bearing3_1,A_rms_3sigma,3,18,0.0
XJTU-SY,40Hz10kN,Bearing3_1,B_mahalanobis,3,18,0.0
XJTU-SY,40Hz10kN,Bearing3_1,A_rms_3sigma,3,18,0.0
XJTU-SY,40Hz10kN,Bearing3_1,B_mahalanobis,3,18,1.0
XJTU-SY,40Hz10kN,Bearing3_1,A_rms_3sigma,3,18,0.0
XJTU-SY,40Hz10kN,Bearing3_1,B_mahalanobis,3,18,0.0
XJTU-SY,40Hz10kN,Bearing3_1,A_rms_3sigma,3,18,0.0
XJTU-SY,40Hz10kN,Bearing3_1,B_mahalanobis,3,18,0.0
XJTU-SY,40Hz10kN,Bearing3_1,A_rms_3sigma,3,18,0.0
XJTU-SY,40Hz10kN,Bearing3_1,B_mahalanobis,3,18,0.016666666666666666
XJTU-SY,40Hz10kN,Bearing3_1,A_rms_3sigma,3,18,0.0
XJTU-SY,40Hz10kN,Bearing3_1,B_mahalanobis,3,18,0.0
XJTU-SY,40Hz10kN,Bearing3_1,A_rms_3sigma,3,18,0.0
XJTU-SY,40Hz10kN,Bearing3_1,B_mahalanobis,3,18,0.06666666666666667
XJTU-SY,40Hz10kN,Bearing3_1,A_rms_3sigma,3,18,0.0
XJTU-SY,40Hz10kN,Bearing3_1,B_mahalanobis,3,18,0.06666666666666667
XJTU-SY,40Hz10kN,Bearing3_1,A_rms_3sigma,3,18,0.0
XJTU-SY,40Hz10kN,Bearing3_1,B_mahalanobis,3,18,0.03333333333333333
XJTU-SY,40Hz10kN,Bearing3_1,A_rms_3sigma,3,18,0.0
XJTU-SY,40Hz10kN,Bearing3_1,B_mahalanobis,3,18,0.0
XJTU-SY,40Hz10kN,Bearing3_1,A_rms_3sigma,3,18,0.0
XJTU-SY,40Hz10kN,Bearing3_1,B_mahalanobis,3,18,0.016666666666666666
XJTU-SY,40Hz10kN,Bearing3_1,A_rms_3sigma,3,18,0.0
XJTU-SY,40Hz10kN,Bearing3_1,B_mahalanobis,3,18,0.11666666666666667
XJTU-SY,40Hz10kN,Bearing3_1,A_rms_3sigma,3,18,0.0
XJTU-SY,40Hz10kN,Bearing3_1,B_mahalanobis,3,18,1.0
XJTU-SY,40Hz10kN,Bearing3_1,A_rms_3sigma,3,18,0.0
XJTU-SY,40Hz10kN,Bearing3_1,B_mahalanobis,3,18,1.0
XJTU-SY,40Hz10kN,Bearing3_1,A_rms_3sigma,3,18,0.0
XJTU-SY,40Hz10kN,Bearing3_1,B_mahalanobis,3,18,0.016666666666666666
XJTU-SY,40Hz10kN,Bearing3_1,A_rms_3sigma,3,18,0.0
XJTU-SY,40Hz10kN,Bearing3_1,B_mahalanobis,3,18,1.0
XJTU-SY,40Hz10kN,Bearing3_1,A_rms_3sigma,3,18,0.0
XJTU-SY,40Hz10kN,Bearing3_1,B_mahalanobis,3,18,0.016666666666666666
XJTU-SY,40Hz10kN,Bearing3_1,A_rms_3sigma,3,18,0.0
XJTU-SY,40Hz10kN,Bearing3_1,B_mahalanobis,3,18,0.21666666666666667
XJTU-SY,40Hz10kN,Bearing3_1,A_rms_3sigma,3,18,0.0
XJTU-SY,40Hz10kN,Bearing3_1,B_mahalanobis,3,18,0.06666666666666667
XJTU-SY,40Hz10kN,Bearing3_1,A_rms_3sigma,3,18,0.0
XJTU-SY,40Hz10kN,Bearing3_1,B_mahalanobis,3,18,1.0
XJTU-SY,40Hz10kN,Bearing3_1,A_rms_3sigma,3,18,0.0
XJTU-SY,40Hz10kN,Bearing3_1,B_mahalanobis,3,18,1.0
XJTU-SY,40Hz10kN,Bearing3_1,A_rms_3sigma,4,20,0.0
XJTU-SY,40Hz10kN,Bearing3_1,B_mahalanobis,4,20,0.016666666666666666
XJTU-SY,40Hz10kN,Bearing3_1,A_rms_3sigma,4,20,0.0
XJTU-SY,40Hz10kN,Bearing3_1,B_mahalanobis,4,20,0.016666666666666666
XJTU-SY,40Hz10kN,Bearing3_1,A_rms_3sigma,4,20,0.0
XJTU-SY,40Hz10kN,Bearing3_1,B_mahalanobis,4,20,0.0
XJTU-SY,40Hz10kN,Bearing3_1,A_rms_3sigma,4,20,0.0
XJTU-SY,40Hz10kN,Bearing3_1,B_mahalanobis,4,20,0.18333333333333332
XJTU-SY,40Hz10kN,Bearing3_1,A_rms_3sigma,4,20,0.0
XJTU-SY,40Hz10kN,Bearing3_1,B_mahalanobis,4,20,0.0
XJTU-SY,40Hz10kN,Bearing3_1,A_rms_3sigma,4,20,0.0
XJTU-SY,40Hz10kN,Bearing3_1,B_mahalanobis,4,20,0.06666666666666667
XJTU-SY,40Hz10kN,Bearing3_1,A_rms_3sigma,4,20,0.0
XJTU-SY,40Hz10kN,Bearing3_1,B_mahalanobis,4,20,0.0
XJTU-SY,40Hz10kN,Bearing3_1,A_rms_3sigma,4,20,0.0
XJTU-SY,40Hz10kN,Bearing3_1,B_mahalanobis,4,20,0.0
XJTU-SY,40Hz10kN,Bearing3_1,A_rms_3sigma,4,20,0.0
XJTU-SY,40Hz10kN,Bearing3_1,B_mahalanobis,4,20,0.0
XJTU-SY,40Hz10kN,Bearing3_1,A_rms_3sigma,4,20,0.0
XJTU-SY,40Hz10kN,Bearing3_1,B_mahalanobis,4,20,0.016666666666666666
XJTU-SY,40Hz10kN,Bearing3_1,A_rms_3sigma,4,20,0.0
XJTU-SY,40Hz10kN,Bearing3_1,B_mahalanobis,4,20,0.06666666666666667
XJTU-SY,40Hz10kN,Bearing3_1,A_rms_3sigma,4,20,0.0
XJTU-SY,40Hz10kN,Bearing3_1,B_mahalanobis,4,20,0.0
XJTU-SY,40Hz10kN,Bearing3_1,A_rms_3sigma,4,20,0.0
XJTU-SY,40Hz10kN,Bearing3_1,B_mahalanobis,4,20,0.0
XJTU-SY,40Hz10kN,Bearing3_1,A_rms_3sigma,4,20,0.0
XJTU-SY,40Hz10kN,Bearing3_1,B_mahalanobis,4,20,0.0
XJTU-SY,40Hz10kN,Bearing3_1,A_rms_3sigma,4,20,0.0
XJTU-SY,40Hz10kN,Bearing3_1,B_mahalanobis,4,20,0.0
XJTU-SY,40Hz10kN,Bearing3_1,A_rms_3sigma,4,20,0.0
XJTU-SY,40Hz10kN,Bearing3_1,B_mahalanobis,4,20,0.0
XJTU-SY,40Hz10kN,Bearing3_1,A_rms_3sigma,4,20,0.0
XJTU-SY,40Hz10kN,Bearing3_1,B_mahalanobis,4,20,0.016666666666666666
XJTU-SY,40Hz10kN,Bearing3_1,A_rms_3sigma,4,20,0.0
XJTU-SY,40Hz10kN,Bearing3_1,B_mahalanobis,4,20,0.016666666666666666
XJTU-SY,40Hz10kN,Bearing3_1,A_rms_3sigma,4,20,0.0
XJTU-SY,40Hz10kN,Bearing3_1,B_mahalanobis,4,20,0.0
XJTU-SY,40Hz10kN,Bearing3_1,A_rms_3sigma,4,20,0.0
XJTU-SY,40Hz10kN,Bearing3_1,B_mahalanobis,4,20,0.0
XJTU-SY,40Hz10kN,Bearing3_1,A_rms_3sigma,4,20,0.0
XJTU-SY,40Hz10kN,Bearing3_1,B_mahalanobis,4,20,0.0
XJTU-SY,40Hz10kN,Bearing3_1,A_rms_3sigma,4,20,0.0
XJTU-SY,40Hz10kN,Bearing3_1,B_mahalanobis,4,20,0.0
XJTU-SY,40Hz10kN,Bearing3_1,A_rms_3sigma,4,20,0.0
XJTU-SY,40Hz10kN,Bearing3_1,B_mahalanobis,4,20,0.0
XJTU-SY,40Hz10kN,Bearing3_1,A_rms_3sigma,4,20,0.0
XJTU-SY,40Hz10kN,Bearing3_1,B_mahalanobis,4,20,0.0
XJTU-SY,40Hz10kN,Bearing3_1,A_rms_3sigma,4,20,0.0
XJTU-SY,40Hz10kN,Bearing3_1,B_mahalanobis,4,20,0.0
XJTU-SY,40Hz10kN,Bearing3_1,A_rms_3sigma,4,20,0.0
XJTU-SY,40Hz10kN,Bearing3_1,B_mahalanobis,4,20,0.0
XJTU-SY,40Hz10kN,Bearing3_1,A_rms_3sigma,4,20,0.0
XJTU-SY,40Hz10kN,Bearing3_1,B_mahalanobis,4,20,0.0
XJTU-SY,40Hz10kN,Bearing3_1,A_rms_3sigma,4,20,0.0
XJTU-SY,40Hz10kN,Bearing3_1,B_mahalanobis,4,20,0.03333333333333333
XJTU-SY,40Hz10kN,Bearing3_1,A_rms_3sigma,4,20,0.0
XJTU-SY,40Hz10kN,Bearing3_1,B_mahalanobis,4,20,0.0
XJTU-SY,40Hz10kN,Bearing3_1,A_rms_3sigma,4,20,0.0
XJTU-SY,40Hz10kN,Bearing3_1,B_mahalanobis,4,20,0.2833333333333333
XJTU-SY,40Hz10kN,Bearing3_1,A_rms_3sigma,4,20,0.0
XJTU-SY,40Hz10kN,Bearing3_1,B_mahalanobis,4,20,0.016666666666666666
XJTU-SY,40Hz10kN,Bearing3_1,A_rms_3sigma,4,20,0.0
XJTU-SY,40Hz10kN,Bearing3_1,B_mahalanobis,4,20,0.016666666666666666
XJTU-SY,40Hz10kN,Bearing3_1,A_rms_3sigma,4,20,0.0
XJTU-SY,40Hz10kN,Bearing3_1,B_mahalanobis,4,20,0.016666666666666666
XJTU-SY,40Hz10kN,Bearing3_1,A_rms_3sigma,4,20,0.0
XJTU-SY,40Hz10kN,Bearing3_1,B_mahalanobis,4,20,0.0
XJTU-SY,40Hz10kN,Bearing3_1,A_rms_3sigma,4,20,0.0
XJTU-SY,40Hz10kN,Bearing3_1,B_mahalanobis,4,20,0.016666666666666666
XJTU-SY,40Hz10kN,Bearing3_1,A_rms_3sigma,4,20,0.0
XJTU-SY,40Hz10kN,Bearing3_1,B_mahalanobis,4,20,0.0
XJTU-SY,40Hz10kN,Bearing3_1,A_rms_3sigma,4,20,0.0
XJTU-SY,40Hz10kN,Bearing3_1,B_mahalanobis,4,20,0.08333333333333333
XJTU-SY,40Hz10kN,Bearing3_1,A_rms_3sigma,4,20,0.0
XJTU-SY,40Hz10kN,Bearing3_1,B_mahalanobis,4,20,0.0
XJTU-SY,40Hz10kN,Bearing3_1,A_rms_3sigma,4,20,0.0
XJTU-SY,40Hz10kN,Bearing3_1,B_mahalanobis,4,20,0.0
XJTU-SY,40Hz10kN,Bearing3_1,A_rms_3sigma,4,20,0.0
XJTU-SY,40Hz10kN,Bearing3_1,B_mahalanobis,4,20,0.0
XJTU-SY,40Hz10kN,Bearing3_1,A_rms_3sigma,4,20,0.0
XJTU-SY,40Hz10kN,Bearing3_1,B_mahalanobis,4,20,0.0
XJTU-SY,40Hz10kN,Bearing3_1,A_rms_3sigma,4,20,0.0
XJTU-SY,40Hz10kN,Bearing3_1,B_mahalanobis,4,20,0.11666666666666667
XJTU-SY,40Hz10kN,Bearing3_1,A_rms_3sigma,4,20,0.0
XJTU-SY,40Hz10kN,Bearing3_1,B_mahalanobis,4,20,0.0
XJTU-SY,40Hz10kN,Bearing3_1,A_rms_3sigma,4,20,0.0
XJTU-SY,40Hz10kN,Bearing3_1,B_mahalanobis,4,20,0.0
XJTU-SY,40Hz10kN,Bearing3_1,A_rms_3sigma,4,20,0.0
XJTU-SY,40Hz10kN,Bearing3_1,B_mahalanobis,4,20,0.016666666666666666
XJTU-SY,40Hz10kN,Bearing3_1,A_rms_3sigma,4,20,0.0
XJTU-SY,40Hz10kN,Bearing3_1,B_mahalanobis,4,20,0.016666666666666666
XJTU-SY,40Hz10kN,Bearing3_1,A_rms_3sigma,4,20,0.0
XJTU-SY,40Hz10kN,Bearing3_1,B_mahalanobis,4,20,0.0
XJTU-SY,40Hz10kN,Bearing3_1,A_rms_3sigma,4,20,0.0
XJTU-SY,40Hz10kN,Bearing3_1,B_mahalanobis,4,20,0.0
XJTU-SY,40Hz10kN,Bearing3_1,A_rms_3sigma,4,20,0.0
XJTU-SY,40Hz10kN,Bearing3_1,B_mahalanobis,4,20,0.0
XJTU-SY,40Hz10kN,Bearing3_1,A_rms_3sigma,4,20,0.0
XJTU-SY,40Hz10kN,Bearing3_1,B_mahalanobis,4,20,0.0
XJTU-SY,40Hz10kN,Bearing3_2,A_rms_3sigma,1,20,1.0
XJTU-SY,40Hz10kN,Bearing3_2,B_mahalanobis,1,20,1.0
XJTU-SY,40Hz10kN,Bearing3_2,A_rms_3sigma,1,20,1.0
XJTU-SY,40Hz10kN,Bearing3_2,B_mahalanobis,1,20,1.0
XJTU-SY,40Hz10kN,Bearing3_2,A_rms_3sigma,1,20,1.0
XJTU-SY,40Hz10kN,Bearing3_2,B_mahalanobis,1,20,1.0
XJTU-SY,40Hz10kN,Bearing3_2,A_rms_3sigma,1,20,1.0
XJTU-SY,40Hz10kN,Bearing3_2,B_mahalanobis,1,20,1.0
XJTU-SY,40Hz10kN,Bearing3_2,A_rms_3sigma,1,20,1.0
XJTU-SY,40Hz10kN,Bearing3_2,B_mahalanobis,1,20,1.0
XJTU-SY,40Hz10kN,Bearing3_2,A_rms_3sigma,1,20,1.0
XJTU-SY,40Hz10kN,Bearing3_2,B_mahalanobis,1,20,1.0
XJTU-SY,40Hz10kN,Bearing3_2,A_rms_3sigma,1,20,1.0
XJTU-SY,40Hz10kN,Bearing3_2,B_mahalanobis,1,20,1.0
XJTU-SY,40Hz10kN,Bearing3_2,A_rms_3sigma,1,20,0.0
XJTU-SY,40Hz10kN,Bearing3_2,B_mahalanobis,1,20,0.5
XJTU-SY,40Hz10kN,Bearing3_2,A_rms_3sigma,1,20,1.0
XJTU-SY,40Hz10kN,Bearing3_2,B_mahalanobis,1,20,1.0
XJTU-SY,40Hz10kN,Bearing3_2,A_rms_3sigma,1,20,0.0
XJTU-SY,40Hz10kN,Bearing3_2,B_mahalanobis,1,20,0.5
XJTU-SY,40Hz10kN,Bearing3_2,A_rms_3sigma,1,20,1.0
XJTU-SY,40Hz10kN,Bearing3_2,B_mahalanobis,1,20,1.0
XJTU-SY,40Hz10kN,Bearing3_2,A_rms_3sigma,1,20,1.0
XJTU-SY,40Hz10kN,Bearing3_2,B_mahalanobis,1,20,1.0
XJTU-SY,40Hz10kN,Bearing3_2,A_rms_3sigma,1,20,1.0
XJTU-SY,40Hz10kN,Bearing3_2,B_mahalanobis,1,20,1.0
XJTU-SY,40Hz10kN,Bearing3_2,A_rms_3sigma,1,20,1.0
XJTU-SY,40Hz10kN,Bearing3_2,B_mahalanobis,1,20,1.0
XJTU-SY,40Hz10kN,Bearing3_2,A_rms_3sigma,1,20,1.0
XJTU-SY,40Hz10kN,Bearing3_2,B_mahalanobis,1,20,1.0
XJTU-SY,40Hz10kN,Bearing3_2,A_rms_3sigma,1,20,0.0
XJTU-SY,40Hz10kN,Bearing3_2,B_mahalanobis,1,20,0.5
XJTU-SY,40Hz10kN,Bearing3_2,A_rms_3sigma,1,20,1.0
XJTU-SY,40Hz10kN,Bearing3_2,B_mahalanobis,1,20,1.0
XJTU-SY,40Hz10kN,Bearing3_2,A_rms_3sigma,1,20,1.0
XJTU-SY,40Hz10kN,Bearing3_2,B_mahalanobis,1,20,1.0
XJTU-SY,40Hz10kN,Bearing3_2,A_rms_3sigma,1,20,0.0
XJTU-SY,40Hz10kN,Bearing3_2,B_mahalanobis,1,20,0.5
XJTU-SY,40Hz10kN,Bearing3_2,A_rms_3sigma,1,20,1.0
XJTU-SY,40Hz10kN,Bearing3_2,B_mahalanobis,1,20,1.0
XJTU-SY,40Hz10kN,Bearing3_2,A_rms_3sigma,1,20,1.0
XJTU-SY,40Hz10kN,Bearing3_2,B_mahalanobis,1,20,1.0
XJTU-SY,40Hz10kN,Bearing3_2,A_rms_3sigma,1,20,1.0
XJTU-SY,40Hz10kN,Bearing3_2,B_mahalanobis,1,20,1.0
XJTU-SY,40Hz10kN,Bearing3_2,A_rms_3sigma,1,20,1.0
XJTU-SY,40Hz10kN,Bearing3_2,B_mahalanobis,1,20,1.0
XJTU-SY,40Hz10kN,Bearing3_2,A_rms_3sigma,1,20,1.0
XJTU-SY,40Hz10kN,Bearing3_2,B_mahalanobis,1,20,1.0
XJTU-SY,40Hz10kN,Bearing3_2,A_rms_3sigma,1,20,0.0
XJTU-SY,40Hz10kN,Bearing3_2,B_mahalanobis,1,20,0.5
XJTU-SY,40Hz10kN,Bearing3_2,A_rms_3sigma,1,20,1.0
XJTU-SY,40Hz10kN,Bearing3_2,B_mahalanobis,1,20,1.0
XJTU-SY,40Hz10kN,Bearing3_2,A_rms_3sigma,1,20,1.0
XJTU-SY,40Hz10kN,Bearing3_2,B_mahalanobis,1,20,1.0
XJTU-SY,40Hz10kN,Bearing3_2,A_rms_3sigma,1,20,1.0
XJTU-SY,40Hz10kN,Bearing3_2,B_mahalanobis,1,20,1.0
XJTU-SY,40Hz10kN,Bearing3_2,A_rms_3sigma,1,20,1.0
XJTU-SY,40Hz10kN,Bearing3_2,B_mahalanobis,1,20,1.0
XJTU-SY,40Hz10kN,Bearing3_2,A_rms_3sigma,1,20,0.0
XJTU-SY,40Hz10kN,Bearing3_2,B_mahalanobis,1,20,0.5
XJTU-SY,40Hz10kN,Bearing3_2,A_rms_3sigma,1,20,1.0
XJTU-SY,40Hz10kN,Bearing3_2,B_mahalanobis,1,20,1.0
XJTU-SY,40Hz10kN,Bearing3_2,A_rms_3sigma,1,20,1.0
XJTU-SY,40Hz10kN,Bearing3_2,B_mahalanobis,1,20,1.0
XJTU-SY,40Hz10kN,Bearing3_2,A_rms_3sigma,1,20,1.0
XJTU-SY,40Hz10kN,Bearing3_2,B_mahalanobis,1,20,1.0
XJTU-SY,40Hz10kN,Bearing3_2,A_rms_3sigma,1,20,0.0
XJTU-SY,40Hz10kN,Bearing3_2,B_mahalanobis,1,20,0.5
XJTU-SY,40Hz10kN,Bearing3_2,A_rms_3sigma,1,20,1.0
XJTU-SY,40Hz10kN,Bearing3_2,B_mahalanobis,1,20,1.0
XJTU-SY,40Hz10kN,Bearing3_2,A_rms_3sigma,1,20,0.0
XJTU-SY,40Hz10kN,Bearing3_2,B_mahalanobis,1,20,0.5
XJTU-SY,40Hz10kN,Bearing3_2,A_rms_3sigma,1,20,0.0
XJTU-SY,40Hz10kN,Bearing3_2,B_mahalanobis,1,20,0.5
XJTU-SY,40Hz10kN,Bearing3_2,A_rms_3sigma,1,20,1.0
XJTU-SY,40Hz10kN,Bearing3_2,B_mahalanobis,1,20,1.0
XJTU-SY,40Hz10kN,Bearing3_2,A_rms_3sigma,1,20,1.0
XJTU-SY,40Hz10kN,Bearing3_2,B_mahalanobis,1,20,1.0
XJTU-SY,40Hz10kN,Bearing3_2,A_rms_3sigma,1,20,0.0
XJTU-SY,40Hz10kN,Bearing3_2,B_mahalanobis,1,20,0.5
XJTU-SY,40Hz10kN,Bearing3_2,A_rms_3sigma,1,20,1.0
XJTU-SY,40Hz10kN,Bearing3_2,B_mahalanobis,1,20,1.0
XJTU-SY,40Hz10kN,Bearing3_2,A_rms_3sigma,1,20,1.0
XJTU-SY,40Hz10kN,Bearing3_2,B_mahalanobis,1,20,1.0
XJTU-SY,40Hz10kN,Bearing3_2,A_rms_3sigma,1,20,1.0
XJTU-SY,40Hz10kN,Bearing3_2,B_mahalanobis,1,20,1.0
XJTU-SY,40Hz10kN,Bearing3_2,A_rms_3sigma,1,20,1.0
XJTU-SY,40Hz10kN,Bearing3_2,B_mahalanobis,1,20,1.0
XJTU-SY,40Hz10kN,Bearing3_2,A_rms_3sigma,1,20,1.0
XJTU-SY,40Hz10kN,Bearing3_2,B_mahalanobis,1,20,1.0
XJTU-SY,40Hz10kN,Bearing3_2,A_rms_3sigma,1,20,1.0
XJTU-SY,40Hz10kN,Bearing3_2,B_mahalanobis,1,20,1.0
XJTU-SY,40Hz10kN,Bearing3_2,A_rms_3sigma,1,20,1.0
XJTU-SY,40Hz10kN,Bearing3_2,B_mahalanobis,1,20,1.0
XJTU-SY,40Hz10kN,Bearing3_2,A_rms_3sigma,1,20,1.0
XJTU-SY,40Hz10kN,Bearing3_2,B_mahalanobis,1,20,1.0
XJTU-SY,40Hz10kN,Bearing3_2,A_rms_3sigma,1,20,0.0
XJTU-SY,40Hz10kN,Bearing3_2,B_mahalanobis,1,20,0.5
XJTU-SY,40Hz10kN,Bearing3_2,A_rms_3sigma,1,20,1.0
XJTU-SY,40Hz10kN,Bearing3_2,B_mahalanobis,1,20,1.0
XJTU-SY,40Hz10kN,Bearing3_2,A_rms_3sigma,2,20,1.0
XJTU-SY,40Hz10kN,Bearing3_2,B_mahalanobis,2,20,1.0
XJTU-SY,40Hz10kN,Bearing3_2,A_rms_3sigma,2,20,1.0
XJTU-SY,40Hz10kN,Bearing3_2,B_mahalanobis,2,20,1.0
XJTU-SY,40Hz10kN,Bearing3_2,A_rms_3sigma,2,20,1.0
XJTU-SY,40Hz10kN,Bearing3_2,B_mahalanobis,2,20,1.0
XJTU-SY,40Hz10kN,Bearing3_2,A_rms_3sigma,2,20,0.0
XJTU-SY,40Hz10kN,Bearing3_2,B_mahalanobis,2,20,0.8666666666666667
XJTU-SY,40Hz10kN,Bearing3_2,A_rms_3sigma,2,20,1.0
XJTU-SY,40Hz10kN,Bearing3_2,B_mahalanobis,2,20,1.0
XJTU-SY,40Hz10kN,Bearing3_2,A_rms_3sigma,2,20,0.0
XJTU-SY,40Hz10kN,Bearing3_2,B_mahalanobis,2,20,0.5
XJTU-SY,40Hz10kN,Bearing3_2,A_rms_3sigma,2,20,1.0
XJTU-SY,40Hz10kN,Bearing3_2,B_mahalanobis,2,20,1.0
XJTU-SY,40Hz10kN,Bearing3_2,A_rms_3sigma,2,20,0.0
XJTU-SY,40Hz10kN,Bearing3_2,B_mahalanobis,2,20,0.75
XJTU-SY,40Hz10kN,Bearing3_2,A_rms_3sigma,2,20,1.0
XJTU-SY,40Hz10kN,Bearing3_2,B_mahalanobis,2,20,1.0
XJTU-SY,40Hz10kN,Bearing3_2,A_rms_3sigma,2,20,0.0
XJTU-SY,40Hz10kN,Bearing3_2,B_mahalanobis,2,20,0.8
XJTU-SY,40Hz10kN,Bearing3_2,A_rms_3sigma,2,20,0.0
XJTU-SY,40Hz10kN,Bearing3_2,B_mahalanobis,2,20,0.7833333333333333
XJTU-SY,40Hz10kN,Bearing3_2,A_rms_3sigma,2,20,1.0
XJTU-SY,40Hz10kN,Bearing3_2,B_mahalanobis,2,20,1.0
XJTU-SY,40Hz10kN,Bearing3_2,A_rms_3sigma,2,20,1.0
XJTU-SY,40Hz10kN,Bearing3_2,B_mahalanobis,2,20,1.0
XJTU-SY,40Hz10kN,Bearing3_2,A_rms_3sigma,2,20,1.0
XJTU-SY,40Hz10kN,Bearing3_2,B_mahalanobis,2,20,1.0
XJTU-SY,40Hz10kN,Bearing3_2,A_rms_3sigma,2,20,0.0
XJTU-SY,40Hz10kN,Bearing3_2,B_mahalanobis,2,20,0.6166666666666667
XJTU-SY,40Hz10kN,Bearing3_2,A_rms_3sigma,2,20,1.0
XJTU-SY,40Hz10kN,Bearing3_2,B_mahalanobis,2,20,1.0
XJTU-SY,40Hz10kN,Bearing3_2,A_rms_3sigma,2,20,1.0
XJTU-SY,40Hz10kN,Bearing3_2,B_mahalanobis,2,20,1.0
XJTU-SY,40Hz10kN,Bearing3_2,A_rms_3sigma,2,20,1.0
XJTU-SY,40Hz10kN,Bearing3_2,B_mahalanobis,2,20,1.0
XJTU-SY,40Hz10kN,Bearing3_2,A_rms_3sigma,2,20,1.0
XJTU-SY,40Hz10kN,Bearing3_2,B_mahalanobis,2,20,1.0
XJTU-SY,40Hz10kN,Bearing3_2,A_rms_3sigma,2,20,1.0
XJTU-SY,40Hz10kN,Bearing3_2,B_mahalanobis,2,20,1.0
XJTU-SY,40Hz10kN,Bearing3_2,A_rms_3sigma,2,20,1.0
XJTU-SY,40Hz10kN,Bearing3_2,B_mahalanobis,2,20,1.0
XJTU-SY,40Hz10kN,Bearing3_2,A_rms_3sigma,2,20,1.0
XJTU-SY,40Hz10kN,Bearing3_2,B_mahalanobis,2,20,1.0
XJTU-SY,40Hz10kN,Bearing3_2,A_rms_3sigma,2,20,0.0
XJTU-SY,40Hz10kN,Bearing3_2,B_mahalanobis,2,20,0.2833333333333333
XJTU-SY,40Hz10kN,Bearing3_2,A_rms_3sigma,2,20,0.0
XJTU-SY,40Hz10kN,Bearing3_2,B_mahalanobis,2,20,0.9333333333333333
XJTU-SY,40Hz10kN,Bearing3_2,A_rms_3sigma,2,20,1.0
XJTU-SY,40Hz10kN,Bearing3_2,B_mahalanobis,2,20,1.0
XJTU-SY,40Hz10kN,Bearing3_2,A_rms_3sigma,2,20,0.0
XJTU-SY,40Hz10kN,Bearing3_2,B_mahalanobis,2,20,0.23333333333333334
XJTU-SY,40Hz10kN,Bearing3_2,A_rms_3sigma,2,20,0.0
XJTU-SY,40Hz10kN,Bearing3_2,B_mahalanobis,2,20,1.0
XJTU-SY,40Hz10kN,Bearing3_2,A_rms_3sigma,2,20,0.0
XJTU-SY,40Hz10kN,Bearing3_2,B_mahalanobis,2,20,0.9666666666666667
XJTU-SY,40Hz10kN,Bearing3_2,A_rms_3sigma,2,20,1.0
XJTU-SY,40Hz10kN,Bearing3_2,B_mahalanobis,2,20,1.0
XJTU-SY,40Hz10kN,Bearing3_2,A_rms_3sigma,2,20,1.0
XJTU-SY,40Hz10kN,Bearing3_2,B_mahalanobis,2,20,1.0
XJTU-SY,40Hz10kN,Bearing3_2,A_rms_3sigma,2,20,0.0
XJTU-SY,40Hz10kN,Bearing3_2,B_mahalanobis,2,20,0.26666666666666666
XJTU-SY,40Hz10kN,Bearing3_2,A_rms_3sigma,2,20,0.0
XJTU-SY,40Hz10kN,Bearing3_2,B_mahalanobis,2,20,0.9333333333333333
XJTU-SY,40Hz10kN,Bearing3_2,A_rms_3sigma,2,20,0.0
XJTU-SY,40Hz10kN,Bearing3_2,B_mahalanobis,2,20,0.18333333333333332
XJTU-SY,40Hz10kN,Bearing3_2,A_rms_3sigma,2,20,1.0
XJTU-SY,40Hz10kN,Bearing3_2,B_mahalanobis,2,20,1.0
XJTU-SY,40Hz10kN,Bearing3_2,A_rms_3sigma,2,20,1.0
XJTU-SY,40Hz10kN,Bearing3_2,B_mahalanobis,2,20,1.0
XJTU-SY,40Hz10kN,Bearing3_2,A_rms_3sigma,2,20,1.0
XJTU-SY,40Hz10kN,Bearing3_2,B_mahalanobis,2,20,1.0
XJTU-SY,40Hz10kN,Bearing3_2,A_rms_3sigma,2,20,1.0
XJTU-SY,40Hz10kN,Bearing3_2,B_mahalanobis,2,20,1.0
XJTU-SY,40Hz10kN,Bearing3_2,A_rms_3sigma,2,20,1.0
XJTU-SY,40Hz10kN,Bearing3_2,B_mahalanobis,2,20,1.0
XJTU-SY,40Hz10kN,Bearing3_2,A_rms_3sigma,2,20,1.0
XJTU-SY,40Hz10kN,Bearing3_2,B_mahalanobis,2,20,1.0
XJTU-SY,40Hz10kN,Bearing3_2,A_rms_3sigma,2,20,1.0
XJTU-SY,40Hz10kN,Bearing3_2,B_mahalanobis,2,20,1.0
XJTU-SY,40Hz10kN,Bearing3_2,A_rms_3sigma,2,20,1.0
XJTU-SY,40Hz10kN,Bearing3_2,B_mahalanobis,2,20,1.0
XJTU-SY,40Hz10kN,Bearing3_2,A_rms_3sigma,2,20,1.0
XJTU-SY,40Hz10kN,Bearing3_2,B_mahalanobis,2,20,1.0
XJTU-SY,40Hz10kN,Bearing3_2,A_rms_3sigma,2,20,0.0
XJTU-SY,40Hz10kN,Bearing3_2,B_mahalanobis,2,20,0.18333333333333332
XJTU-SY,40Hz10kN,Bearing3_2,A_rms_3sigma,2,20,1.0
XJTU-SY,40Hz10kN,Bearing3_2,B_mahalanobis,2,20,1.0
XJTU-SY,40Hz10kN,Bearing3_2,A_rms_3sigma,2,20,0.0
XJTU-SY,40Hz10kN,Bearing3_2,B_mahalanobis,2,20,0.18333333333333332
XJTU-SY,40Hz10kN,Bearing3_2,A_rms_3sigma,2,20,0.0
XJTU-SY,40Hz10kN,Bearing3_2,B_mahalanobis,2,20,0.18333333333333332
XJTU-SY,40Hz10kN,Bearing3_2,A_rms_3sigma,2,20,0.0
XJTU-SY,40Hz10kN,Bearing3_2,B_mahalanobis,2,20,0.6
XJTU-SY,40Hz10kN,Bearing3_2,A_rms_3sigma,2,20,1.0
XJTU-SY,40Hz10kN,Bearing3_2,B_mahalanobis,2,20,1.0
XJTU-SY,40Hz10kN,Bearing3_2,A_rms_3sigma,2,20,1.0
XJTU-SY,40Hz10kN,Bearing3_2,B_mahalanobis,2,20,1.0
XJTU-SY,40Hz10kN,Bearing3_2,A_rms_3sigma,2,20,0.0
XJTU-SY,40Hz10kN,Bearing3_2,B_mahalanobis,2,20,0.9166666666666666
XJTU-SY,40Hz10kN,Bearing3_2,A_rms_3sigma,3,18,1.0
XJTU-SY,40Hz10kN,Bearing3_2,B_mahalanobis,3,18,1.0
XJTU-SY,40Hz10kN,Bearing3_2,A_rms_3sigma,3,18,0.0
XJTU-SY,40Hz10kN,Bearing3_2,B_mahalanobis,3,18,0.26666666666666666
XJTU-SY,40Hz10kN,Bearing3_2,A_rms_3sigma,3,18,0.0
XJTU-SY,40Hz10kN,Bearing3_2,B_mahalanobis,3,18,0.55
XJTU-SY,40Hz10kN,Bearing3_2,A_rms_3sigma,3,18,1.0
XJTU-SY,40Hz10kN,Bearing3_2,B_mahalanobis,3,18,1.0
XJTU-SY,40Hz10kN,Bearing3_2,A_rms_3sigma,3,18,0.0
XJTU-SY,40Hz10kN,Bearing3_2,B_mahalanobis,3,18,0.4166666666666667
XJTU-SY,40Hz10kN,Bearing3_2,A_rms_3sigma,3,18,0.0
XJTU-SY,40Hz10kN,Bearing3_2,B_mahalanobis,3,18,0.4166666666666667
XJTU-SY,40Hz10kN,Bearing3_2,A_rms_3sigma,3,18,1.0
XJTU-SY,40Hz10kN,Bearing3_2,B_mahalanobis,3,18,1.0
XJTU-SY,40Hz10kN,Bearing3_2,A_rms_3sigma,3,18,1.0
XJTU-SY,40Hz10kN,Bearing3_2,B_mahalanobis,3,18,1.0
XJTU-SY,40Hz10kN,Bearing3_2,A_rms_3sigma,3,18,0.0
XJTU-SY,40Hz10kN,Bearing3_2,B_mahalanobis,3,18,0.9833333333333333
XJTU-SY,40Hz10kN,Bearing3_2,A_rms_3sigma,3,18,0.0
XJTU-SY,40Hz10kN,Bearing3_2,B_mahalanobis,3,18,0.8666666666666667
XJTU-SY,40Hz10kN,Bearing3_2,A_rms_3sigma,3,18,0.0
XJTU-SY,40Hz10kN,Bearing3_2,B_mahalanobis,3,18,0.6666666666666666
XJTU-SY,40Hz10kN,Bearing3_2,A_rms_3sigma,3,18,0.0
XJTU-SY,40Hz10kN,Bearing3_2,B_mahalanobis,3,18,0.7333333333333333
XJTU-SY,40Hz10kN,Bearing3_2,A_rms_3sigma,3,18,0.0
XJTU-SY,40Hz10kN,Bearing3_2,B_mahalanobis,3,18,0.23333333333333334
XJTU-SY,40Hz10kN,Bearing3_2,A_rms_3sigma,3,18,0.0
XJTU-SY,40Hz10kN,Bearing3_2,B_mahalanobis,3,18,0.6166666666666667
XJTU-SY,40Hz10kN,Bearing3_2,A_rms_3sigma,3,18,0.0
XJTU-SY,40Hz10kN,Bearing3_2,B_mahalanobis,3,18,0.18333333333333332
XJTU-SY,40Hz10kN,Bearing3_2,A_rms_3sigma,3,18,0.0
XJTU-SY,40Hz10kN,Bearing3_2,B_mahalanobis,3,18,0.9666666666666667
XJTU-SY,40Hz10kN,Bearing3_2,A_rms_3sigma,3,18,0.0
XJTU-SY,40Hz10kN,Bearing3_2,B_mahalanobis,3,18,0.9666666666666667
XJTU-SY,40Hz10kN,Bearing3_2,A_rms_3sigma,3,18,0.0
XJTU-SY,40Hz10kN,Bearing3_2,B_mahalanobis,3,18,0.36666666666666664
XJTU-SY,40Hz10kN,Bearing3_2,A_rms_3sigma,3,18,0.0
XJTU-SY,40Hz10kN,Bearing3_2,B_mahalanobis,3,18,0.18333333333333332
XJTU-SY,40Hz10kN,Bearing3_2,A_rms_3sigma,3,18,0.0
XJTU-SY,40Hz10kN,Bearing3_2,B_mahalanobis,3,18,0.2833333333333333
XJTU-SY,40Hz10kN,Bearing3_2,A_rms_3sigma,3,18,1.0
XJTU-SY,40Hz10kN,Bearing3_2,B_mahalanobis,3,18,1.0
XJTU-SY,40Hz10kN,Bearing3_2,A_rms_3sigma,3,18,1.0
XJTU-SY,40Hz10kN,Bearing3_2,B_mahalanobis,3,18,1.0
XJTU-SY,40Hz10kN,Bearing3_2,A_rms_3sigma,3,18,0.0
XJTU-SY,40Hz10kN,Bearing3_2,B_mahalanobis,3,18,1.0
XJTU-SY,40Hz10kN,Bearing3_2,A_rms_3sigma,3,18,0.0
XJTU-SY,40Hz10kN,Bearing3_2,B_mahalanobis,3,18,1.0
XJTU-SY,40Hz10kN,Bearing3_2,A_rms_3sigma,3,18,0.0
XJTU-SY,40Hz10kN,Bearing3_2,B_mahalanobis,3,18,1.0
XJTU-SY,40Hz10kN,Bearing3_2,A_rms_3sigma,3,18,1.0
XJTU-SY,40Hz10kN,Bearing3_2,B_mahalanobis,3,18,1.0
XJTU-SY,40Hz10kN,Bearing3_2,A_rms_3sigma,3,18,0.0
XJTU-SY,40Hz10kN,Bearing3_2,B_mahalanobis,3,18,0.26666666666666666
XJTU-SY,40Hz10kN,Bearing3_2,A_rms_3sigma,3,18,0.0
XJTU-SY,40Hz10kN,Bearing3_2,B_mahalanobis,3,18,0.5333333333333333
XJTU-SY,40Hz10kN,Bearing3_2,A_rms_3sigma,3,18,0.0
XJTU-SY,40Hz10kN,Bearing3_2,B_mahalanobis,3,18,0.3333333333333333
XJTU-SY,40Hz10kN,Bearing3_2,A_rms_3sigma,3,18,1.0
XJTU-SY,40Hz10kN,Bearing3_2,B_mahalanobis,3,18,1.0
XJTU-SY,40Hz10kN,Bearing3_2,A_rms_3sigma,3,18,0.0
XJTU-SY,40Hz10kN,Bearing3_2,B_mahalanobis,3,18,0.31666666666666665
XJTU-SY,40Hz10kN,Bearing3_2,A_rms_3sigma,3,18,1.0
XJTU-SY,40Hz10kN,Bearing3_2,B_mahalanobis,3,18,1.0
XJTU-SY,40Hz10kN,Bearing3_2,A_rms_3sigma,3,18,0.0
XJTU-SY,40Hz10kN,Bearing3_2,B_mahalanobis,3,18,0.45
XJTU-SY,40Hz10kN,Bearing3_2,A_rms_3sigma,3,18,0.0
XJTU-SY,40Hz10kN,Bearing3_2,B_mahalanobis,3,18,0.21666666666666667
XJTU-SY,40Hz10kN,Bearing3_2,A_rms_3sigma,3,18,1.0
XJTU-SY,40Hz10kN,Bearing3_2,B_mahalanobis,3,18,1.0
XJTU-SY,40Hz10kN,Bearing3_2,A_rms_3sigma,3,18,0.0
XJTU-SY,40Hz10kN,Bearing3_2,B_mahalanobis,3,18,0.1
XJTU-SY,40Hz10kN,Bearing3_2,A_rms_3sigma,3,18,1.0
XJTU-SY,40Hz10kN,Bearing3_2,B_mahalanobis,3,18,1.0
XJTU-SY,40Hz10kN,Bearing3_2,A_rms_3sigma,3,18,0.0
XJTU-SY,40Hz10kN,Bearing3_2,B_mahalanobis,3,18,0.4
XJTU-SY,40Hz10kN,Bearing3_2,A_rms_3sigma,3,18,0.0
XJTU-SY,40Hz10kN,Bearing3_2,B_mahalanobis,3,18,0.26666666666666666
XJTU-SY,40Hz10kN,Bearing3_2,A_rms_3sigma,3,18,0.0
XJTU-SY,40Hz10kN,Bearing3_2,B_mahalanobis,3,18,0.85
XJTU-SY,40Hz10kN,Bearing3_2,A_rms_3sigma,3,18,0.0
XJTU-SY,40Hz10kN,Bearing3_2,B_mahalanobis,3,18,0.16666666666666666
XJTU-SY,40Hz10kN,Bearing3_2,A_rms_3sigma,3,18,0.0
XJTU-SY,40Hz10kN,Bearing3_2,B_mahalanobis,3,18,0.55
XJTU-SY,40Hz10kN,Bearing3_2,A_rms_3sigma,3,18,1.0
XJTU-SY,40Hz10kN,Bearing3_2,B_mahalanobis,3,18,1.0
XJTU-SY,40Hz10kN,Bearing3_2,A_rms_3sigma,3,18,1.0
XJTU-SY,40Hz10kN,Bearing3_2,B_mahalanobis,3,18,1.0
XJTU-SY,40Hz10kN,Bearing3_2,A_rms_3sigma,3,18,1.0
XJTU-SY,40Hz10kN,Bearing3_2,B_mahalanobis,3,18,1.0
XJTU-SY,40Hz10kN,Bearing3_2,A_rms_3sigma,3,18,0.0
XJTU-SY,40Hz10kN,Bearing3_2,B_mahalanobis,3,18,0.23333333333333334
XJTU-SY,40Hz10kN,Bearing3_2,A_rms_3sigma,3,18,0.0
XJTU-SY,40Hz10kN,Bearing3_2,B_mahalanobis,3,18,0.2
XJTU-SY,40Hz10kN,Bearing3_2,A_rms_3sigma,3,18,0.0
XJTU-SY,40Hz10kN,Bearing3_2,B_mahalanobis,3,18,0.6333333333333333
XJTU-SY,40Hz10kN,Bearing3_2,A_rms_3sigma,3,18,0.0
XJTU-SY,40Hz10kN,Bearing3_2,B_mahalanobis,3,18,1.0
XJTU-SY,40Hz10kN,Bearing3_2,A_rms_3sigma,3,18,1.0
XJTU-SY,40Hz10kN,Bearing3_2,B_mahalanobis,3,18,1.0
XJTU-SY,40Hz10kN,Bearing3_2,A_rms_3sigma,4,20,0.0
XJTU-SY,40Hz10kN,Bearing3_2,B_mahalanobis,4,20,0.8166666666666667
XJTU-SY,40Hz10kN,Bearing3_2,A_rms_3sigma,4,20,0.0
XJTU-SY,40Hz10kN,Bearing3_2,B_mahalanobis,4,20,0.3
XJTU-SY,40Hz10kN,Bearing3_2,A_rms_3sigma,4,20,0.0
XJTU-SY,40Hz10kN,Bearing3_2,B_mahalanobis,4,20,0.45
XJTU-SY,40Hz10kN,Bearing3_2,A_rms_3sigma,4,20,0.0
XJTU-SY,40Hz10kN,Bearing3_2,B_mahalanobis,4,20,0.18333333333333332
XJTU-SY,40Hz10kN,Bearing3_2,A_rms_3sigma,4,20,0.0
XJTU-SY,40Hz10kN,Bearing3_2,B_mahalanobis,4,20,0.5833333333333334
XJTU-SY,40Hz10kN,Bearing3_2,A_rms_3sigma,4,20,0.0
XJTU-SY,40Hz10kN,Bearing3_2,B_mahalanobis,4,20,0.35
XJTU-SY,40Hz10kN,Bearing3_2,A_rms_3sigma,4,20,0.0
XJTU-SY,40Hz10kN,Bearing3_2,B_mahalanobis,4,20,0.35
XJTU-SY,40Hz10kN,Bearing3_2,A_rms_3sigma,4,20,0.0
XJTU-SY,40Hz10kN,Bearing3_2,B_mahalanobis,4,20,0.5
XJTU-SY,40Hz10kN,Bearing3_2,A_rms_3sigma,4,20,0.0
XJTU-SY,40Hz10kN,Bearing3_2,B_mahalanobis,4,20,0.21666666666666667
XJTU-SY,40Hz10kN,Bearing3_2,A_rms_3sigma,4,20,0.0
XJTU-SY,40Hz10kN,Bearing3_2,B_mahalanobis,4,20,0.15
XJTU-SY,40Hz10kN,Bearing3_2,A_rms_3sigma,4,20,0.0
XJTU-SY,40Hz10kN,Bearing3_2,B_mahalanobis,4,20,0.5166666666666667
XJTU-SY,40Hz10kN,Bearing3_2,A_rms_3sigma,4,20,0.0
XJTU-SY,40Hz10kN,Bearing3_2,B_mahalanobis,4,20,0.18333333333333332
XJTU-SY,40Hz10kN,Bearing3_2,A_rms_3sigma,4,20,0.0
XJTU-SY,40Hz10kN,Bearing3_2,B_mahalanobis,4,20,0.21666666666666667
XJTU-SY,40Hz10kN,Bearing3_2,A_rms_3sigma,4,20,0.0
XJTU-SY,40Hz10kN,Bearing3_2,B_mahalanobis,4,20,0.35
XJTU-SY,40Hz10kN,Bearing3_2,A_rms_3sigma,4,20,0.0
XJTU-SY,40Hz10kN,Bearing3_2,B_mahalanobis,4,20,0.3
XJTU-SY,40Hz10kN,Bearing3_2,A_rms_3sigma,4,20,0.0
XJTU-SY,40Hz10kN,Bearing3_2,B_mahalanobis,4,20,0.35
XJTU-SY,40Hz10kN,Bearing3_2,A_rms_3sigma,4,20,0.0
XJTU-SY,40Hz10kN,Bearing3_2,B_mahalanobis,4,20,0.16666666666666666
XJTU-SY,40Hz10kN,Bearing3_2,A_rms_3sigma,4,20,0.0
XJTU-SY,40Hz10kN,Bearing3_2,B_mahalanobis,4,20,0.2833333333333333
XJTU-SY,40Hz10kN,Bearing3_2,A_rms_3sigma,4,20,0.0
XJTU-SY,40Hz10kN,Bearing3_2,B_mahalanobis,4,20,0.11666666666666667
XJTU-SY,40Hz10kN,Bearing3_2,A_rms_3sigma,4,20,0.0
XJTU-SY,40Hz10kN,Bearing3_2,B_mahalanobis,4,20,0.3333333333333333
XJTU-SY,40Hz10kN,Bearing3_2,A_rms_3sigma,4,20,0.0
XJTU-SY,40Hz10kN,Bearing3_2,B_mahalanobis,4,20,0.4
XJTU-SY,40Hz10kN,Bearing3_2,A_rms_3sigma,4,20,0.0
XJTU-SY,40Hz10kN,Bearing3_2,B_mahalanobis,4,20,0.3
XJTU-SY,40Hz10kN,Bearing3_2,A_rms_3sigma,4,20,0.0
XJTU-SY,40Hz10kN,Bearing3_2,B_mahalanobis,4,20,0.5833333333333334
XJTU-SY,40Hz10kN,Bearing3_2,A_rms_3sigma,4,20,0.0
XJTU-SY,40Hz10kN,Bearing3_2,B_mahalanobis,4,20,0.26666666666666666
XJTU-SY,40Hz10kN,Bearing3_2,A_rms_3sigma,4,20,0.0
XJTU-SY,40Hz10kN,Bearing3_2,B_mahalanobis,4,20,0.48333333333333334
XJTU-SY,40Hz10kN,Bearing3_2,A_rms_3sigma,4,20,0.0
XJTU-SY,40Hz10kN,Bearing3_2,B_mahalanobis,4,20,0.43333333333333335
XJTU-SY,40Hz10kN,Bearing3_2,A_rms_3sigma,4,20,0.0
XJTU-SY,40Hz10kN,Bearing3_2,B_mahalanobis,4,20,0.5333333333333333
XJTU-SY,40Hz10kN,Bearing3_2,A_rms_3sigma,4,20,0.0
XJTU-SY,40Hz10kN,Bearing3_2,B_mahalanobis,4,20,0.2833333333333333
XJTU-SY,40Hz10kN,Bearing3_2,A_rms_3sigma,4,20,0.0
XJTU-SY,40Hz10kN,Bearing3_2,B_mahalanobis,4,20,0.5166666666666667
XJTU-SY,40Hz10kN,Bearing3_2,A_rms_3sigma,4,20,0.0
XJTU-SY,40Hz10kN,Bearing3_2,B_mahalanobis,4,20,0.18333333333333332
XJTU-SY,40Hz10kN,Bearing3_2,A_rms_3sigma,4,20,0.0
XJTU-SY,40Hz10kN,Bearing3_2,B_mahalanobis,4,20,0.35
XJTU-SY,40Hz10kN,Bearing3_2,A_rms_3sigma,4,20,0.0
XJTU-SY,40Hz10kN,Bearing3_2,B_mahalanobis,4,20,0.2833333333333333
XJTU-SY,40Hz10kN,Bearing3_2,A_rms_3sigma,4,20,0.0
XJTU-SY,40Hz10kN,Bearing3_2,B_mahalanobis,4,20,0.4
XJTU-SY,40Hz10kN,Bearing3_2,A_rms_3sigma,4,20,0.0
XJTU-SY,40Hz10kN,Bearing3_2,B_mahalanobis,4,20,0.3333333333333333
XJTU-SY,40Hz10kN,Bearing3_2,A_rms_3sigma,4,20,0.0
XJTU-SY,40Hz10kN,Bearing3_2,B_mahalanobis,4,20,0.3333333333333333
XJTU-SY,40Hz10kN,Bearing3_2,A_rms_3sigma,4,20,0.0
XJTU-SY,40Hz10kN,Bearing3_2,B_mahalanobis,4,20,0.7
XJTU-SY,40Hz10kN,Bearing3_2,A_rms_3sigma,4,20,0.0
XJTU-SY,40Hz10kN,Bearing3_2,B_mahalanobis,4,20,0.2
XJTU-SY,40Hz10kN,Bearing3_2,A_rms_3sigma,4,20,0.0
XJTU-SY,40Hz10kN,Bearing3_2,B_mahalanobis,4,20,0.18333333333333332
XJTU-SY,40Hz10kN,Bearing3_2,A_rms_3sigma,4,20,0.0
XJTU-SY,40Hz10kN,Bearing3_2,B_mahalanobis,4,20,0.26666666666666666
XJTU-SY,40Hz10kN,Bearing3_2,A_rms_3sigma,4,20,0.0
XJTU-SY,40Hz10kN,Bearing3_2,B_mahalanobis,4,20,0.15
XJTU-SY,40Hz10kN,Bearing3_2,A_rms_3sigma,4,20,0.0
XJTU-SY,40Hz10kN,Bearing3_2,B_mahalanobis,4,20,0.36666666666666664
XJTU-SY,40Hz10kN,Bearing3_2,A_rms_3sigma,4,20,0.0
XJTU-SY,40Hz10kN,Bearing3_2,B_mahalanobis,4,20,0.4666666666666667
XJTU-SY,40Hz10kN,Bearing3_2,A_rms_3sigma,4,20,0.0
XJTU-SY,40Hz10kN,Bearing3_2,B_mahalanobis,4,20,0.4666666666666667
XJTU-SY,40Hz10kN,Bearing3_2,A_rms_3sigma,4,20,0.0
XJTU-SY,40Hz10kN,Bearing3_2,B_mahalanobis,4,20,0.26666666666666666
XJTU-SY,40Hz10kN,Bearing3_2,A_rms_3sigma,4,20,0.0
XJTU-SY,40Hz10kN,Bearing3_2,B_mahalanobis,4,20,0.26666666666666666
XJTU-SY,40Hz10kN,Bearing3_2,A_rms_3sigma,4,20,0.0
XJTU-SY,40Hz10kN,Bearing3_2,B_mahalanobis,4,20,0.5666666666666667
XJTU-SY,40Hz10kN,Bearing3_2,A_rms_3sigma,4,20,0.0
XJTU-SY,40Hz10kN,Bearing3_2,B_mahalanobis,4,20,0.31666666666666665
XJTU-SY,40Hz10kN,Bearing3_2,A_rms_3sigma,4,20,0.0
XJTU-SY,40Hz10kN,Bearing3_2,B_mahalanobis,4,20,0.75
XJTU-SY,40Hz10kN,Bearing3_2,A_rms_3sigma,4,20,0.0
XJTU-SY,40Hz10kN,Bearing3_2,B_mahalanobis,4,20,0.3333333333333333
XJTU-SY,40Hz10kN,Bearing3_2,A_rms_3sigma,4,20,0.0
XJTU-SY,40Hz10kN,Bearing3_2,B_mahalanobis,4,20,0.36666666666666664
XJTU-SY,40Hz10kN,Bearing3_3,A_rms_3sigma,1,20,0.918918918918919
XJTU-SY,40Hz10kN,Bearing3_3,B_mahalanobis,1,20,1.0
XJTU-SY,40Hz10kN,Bearing3_3,A_rms_3sigma,1,20,0.918918918918919
XJTU-SY,40Hz10kN,Bearing3_3,B_mahalanobis,1,20,1.0
XJTU-SY,40Hz10kN,Bearing3_3,A_rms_3sigma,1,20,0.0
XJTU-SY,40Hz10kN,Bearing3_3,B_mahalanobis,1,20,0.02702702702702703
XJTU-SY,40Hz10kN,Bearing3_3,A_rms_3sigma,1,20,0.9459459459459459
XJTU-SY,40Hz10kN,Bearing3_3,B_mahalanobis,1,20,1.0
XJTU-SY,40Hz10kN,Bearing3_3,A_rms_3sigma,1,20,0.0
XJTU-SY,40Hz10kN,Bearing3_3,B_mahalanobis,1,20,0.02702702702702703
XJTU-SY,40Hz10kN,Bearing3_3,A_rms_3sigma,1,20,0.0
XJTU-SY,40Hz10kN,Bearing3_3,B_mahalanobis,1,20,1.0
XJTU-SY,40Hz10kN,Bearing3_3,A_rms_3sigma,1,20,0.918918918918919
XJTU-SY,40Hz10kN,Bearing3_3,B_mahalanobis,1,20,1.0
XJTU-SY,40Hz10kN,Bearing3_3,A_rms_3sigma,1,20,0.0
XJTU-SY,40Hz10kN,Bearing3_3,B_mahalanobis,1,20,1.0
XJTU-SY,40Hz10kN,Bearing3_3,A_rms_3sigma,1,20,0.9459459459459459
XJTU-SY,40Hz10kN,Bearing3_3,B_mahalanobis,1,20,1.0
XJTU-SY,40Hz10kN,Bearing3_3,A_rms_3sigma,1,20,0.918918918918919
XJTU-SY,40Hz10kN,Bearing3_3,B_mahalanobis,1,20,1.0
XJTU-SY,40Hz10kN,Bearing3_3,A_rms_3sigma,1,20,0.0
XJTU-SY,40Hz10kN,Bearing3_3,B_mahalanobis,1,20,1.0
XJTU-SY,40Hz10kN,Bearing3_3,A_rms_3sigma,1,20,0.0
XJTU-SY,40Hz10kN,Bearing3_3,B_mahalanobis,1,20,1.0
XJTU-SY,40Hz10kN,Bearing3_3,A_rms_3sigma,1,20,0.0
XJTU-SY,40Hz10kN,Bearing3_3,B_mahalanobis,1,20,0.02702702702702703
XJTU-SY,40Hz10kN,Bearing3_3,A_rms_3sigma,1,20,0.0
XJTU-SY,40Hz10kN,Bearing3_3,B_mahalanobis,1,20,1.0
XJTU-SY,40Hz10kN,Bearing3_3,A_rms_3sigma,1,20,0.0
XJTU-SY,40Hz10kN,Bearing3_3,B_mahalanobis,1,20,1.0
XJTU-SY,40Hz10kN,Bearing3_3,A_rms_3sigma,1,20,0.918918918918919
XJTU-SY,40Hz10kN,Bearing3_3,B_mahalanobis,1,20,1.0
XJTU-SY,40Hz10kN,Bearing3_3,A_rms_3sigma,1,20,0.0
XJTU-SY,40Hz10kN,Bearing3_3,B_mahalanobis,1,20,1.0
XJTU-SY,40Hz10kN,Bearing3_3,A_rms_3sigma,1,20,0.918918918918919
XJTU-SY,40Hz10kN,Bearing3_3,B_mahalanobis,1,20,1.0
XJTU-SY,40Hz10kN,Bearing3_3,A_rms_3sigma,1,20,0.0
XJTU-SY,40Hz10kN,Bearing3_3,B_mahalanobis,1,20,0.02702702702702703
XJTU-SY,40Hz10kN,Bearing3_3,A_rms_3sigma,1,20,0.0
XJTU-SY,40Hz10kN,Bearing3_3,B_mahalanobis,1,20,0.02702702702702703
XJTU-SY,40Hz10kN,Bearing3_3,A_rms_3sigma,1,20,0.918918918918919
XJTU-SY,40Hz10kN,Bearing3_3,B_mahalanobis,1,20,1.0
XJTU-SY,40Hz10kN,Bearing3_3,A_rms_3sigma,1,20,0.918918918918919
XJTU-SY,40Hz10kN,Bearing3_3,B_mahalanobis,1,20,1.0
XJTU-SY,40Hz10kN,Bearing3_3,A_rms_3sigma,1,20,0.918918918918919
XJTU-SY,40Hz10kN,Bearing3_3,B_mahalanobis,1,20,1.0
XJTU-SY,40Hz10kN,Bearing3_3,A_rms_3sigma,1,20,0.0
XJTU-SY,40Hz10kN,Bearing3_3,B_mahalanobis,1,20,0.02702702702702703
XJTU-SY,40Hz10kN,Bearing3_3,A_rms_3sigma,1,20,0.918918918918919
XJTU-SY,40Hz10kN,Bearing3_3,B_mahalanobis,1,20,1.0
XJTU-SY,40Hz10kN,Bearing3_3,A_rms_3sigma,1,20,0.918918918918919
XJTU-SY,40Hz10kN,Bearing3_3,B_mahalanobis,1,20,1.0
XJTU-SY,40Hz10kN,Bearing3_3,A_rms_3sigma,1,20,0.0
XJTU-SY,40Hz10kN,Bearing3_3,B_mahalanobis,1,20,0.02702702702702703
XJTU-SY,40Hz10kN,Bearing3_3,A_rms_3sigma,1,20,0.0
XJTU-SY,40Hz10kN,Bearing3_3,B_mahalanobis,1,20,1.0
XJTU-SY,40Hz10kN,Bearing3_3,A_rms_3sigma,1,20,0.918918918918919
XJTU-SY,40Hz10kN,Bearing3_3,B_mahalanobis,1,20,1.0
XJTU-SY,40Hz10kN,Bearing3_3,A_rms_3sigma,1,20,0.918918918918919
XJTU-SY,40Hz10kN,Bearing3_3,B_mahalanobis,1,20,1.0
XJTU-SY,40Hz10kN,Bearing3_3,A_rms_3sigma,1,20,0.918918918918919
XJTU-SY,40Hz10kN,Bearing3_3,B_mahalanobis,1,20,1.0
XJTU-SY,40Hz10kN,Bearing3_3,A_rms_3sigma,1,20,0.0
XJTU-SY,40Hz10kN,Bearing3_3,B_mahalanobis,1,20,0.02702702702702703
XJTU-SY,40Hz10kN,Bearing3_3,A_rms_3sigma,1,20,0.918918918918919
XJTU-SY,40Hz10kN,Bearing3_3,B_mahalanobis,1,20,1.0
XJTU-SY,40Hz10kN,Bearing3_3,A_rms_3sigma,1,20,0.0
XJTU-SY,40Hz10kN,Bearing3_3,B_mahalanobis,1,20,1.0
XJTU-SY,40Hz10kN,Bearing3_3,A_rms_3sigma,1,20,0.0
XJTU-SY,40Hz10kN,Bearing3_3,B_mahalanobis,1,20,1.0
XJTU-SY,40Hz10kN,Bearing3_3,A_rms_3sigma,1,20,0.0
XJTU-SY,40Hz10kN,Bearing3_3,B_mahalanobis,1,20,1.0
XJTU-SY,40Hz10kN,Bearing3_3,A_rms_3sigma,1,20,0.0
XJTU-SY,40Hz10kN,Bearing3_3,B_mahalanobis,1,20,0.02702702702702703
XJTU-SY,40Hz10kN,Bearing3_3,A_rms_3sigma,1,20,0.918918918918919
XJTU-SY,40Hz10kN,Bearing3_3,B_mahalanobis,1,20,1.0
XJTU-SY,40Hz10kN,Bearing3_3,A_rms_3sigma,1,20,0.918918918918919
XJTU-SY,40Hz10kN,Bearing3_3,B_mahalanobis,1,20,1.0
XJTU-SY,40Hz10kN,Bearing3_3,A_rms_3sigma,1,20,0.0
XJTU-SY,40Hz10kN,Bearing3_3,B_mahalanobis,1,20,1.0
XJTU-SY,40Hz10kN,Bearing3_3,A_rms_3sigma,1,20,0.0
XJTU-SY,40Hz10kN,Bearing3_3,B_mahalanobis,1,20,0.02702702702702703
XJTU-SY,40Hz10kN,Bearing3_3,A_rms_3sigma,1,20,0.0
XJTU-SY,40Hz10kN,Bearing3_3,B_mahalanobis,1,20,0.02702702702702703
XJTU-SY,40Hz10kN,Bearing3_3,A_rms_3sigma,1,20,1.0
XJTU-SY,40Hz10kN,Bearing3_3,B_mahalanobis,1,20,1.0
XJTU-SY,40Hz10kN,Bearing3_3,A_rms_3sigma,1,20,0.0
XJTU-SY,40Hz10kN,Bearing3_3,B_mahalanobis,1,20,1.0
XJTU-SY,40Hz10kN,Bearing3_3,A_rms_3sigma,1,20,0.0
XJTU-SY,40Hz10kN,Bearing3_3,B_mahalanobis,1,20,0.02702702702702703
XJTU-SY,40Hz10kN,Bearing3_3,A_rms_3sigma,1,20,0.0
XJTU-SY,40Hz10kN,Bearing3_3,B_mahalanobis,1,20,1.0
XJTU-SY,40Hz10kN,Bearing3_3,A_rms_3sigma,1,20,0.0
XJTU-SY,40Hz10kN,Bearing3_3,B_mahalanobis,1,20,0.02702702702702703
XJTU-SY,40Hz10kN,Bearing3_3,A_rms_3sigma,1,20,0.0
XJTU-SY,40Hz10kN,Bearing3_3,B_mahalanobis,1,20,0.02702702702702703
XJTU-SY,40Hz10kN,Bearing3_3,A_rms_3sigma,1,20,0.918918918918919
XJTU-SY,40Hz10kN,Bearing3_3,B_mahalanobis,1,20,1.0
XJTU-SY,40Hz10kN,Bearing3_3,A_rms_3sigma,1,20,0.9459459459459459
XJTU-SY,40Hz10kN,Bearing3_3,B_mahalanobis,1,20,1.0
XJTU-SY,40Hz10kN,Bearing3_3,A_rms_3sigma,2,20,0.0
XJTU-SY,40Hz10kN,Bearing3_3,B_mahalanobis,2,20,0.16216216216216217
XJTU-SY,40Hz10kN,Bearing3_3,A_rms_3sigma,2,20,0.0
XJTU-SY,40Hz10kN,Bearing3_3,B_mahalanobis,2,20,0.7567567567567568
XJTU-SY,40Hz10kN,Bearing3_3,A_rms_3sigma,2,20,0.0
XJTU-SY,40Hz10kN,Bearing3_3,B_mahalanobis,2,20,1.0
XJTU-SY,40Hz10kN,Bearing3_3,A_rms_3sigma,2,20,0.0
XJTU-SY,40Hz10kN,Bearing3_3,B_mahalanobis,2,20,1.0
XJTU-SY,40Hz10kN,Bearing3_3,A_rms_3sigma,2,20,0.0
XJTU-SY,40Hz10kN,Bearing3_3,B_mahalanobis,2,20,0.16216216216216217
XJTU-SY,40Hz10kN,Bearing3_3,A_rms_3sigma,2,20,0.0
XJTU-SY,40Hz10kN,Bearing3_3,B_mahalanobis,2,20,0.0
XJTU-SY,40Hz10kN,Bearing3_3,A_rms_3sigma,2,20,0.0
XJTU-SY,40Hz10kN,Bearing3_3,B_mahalanobis,2,20,0.0
XJTU-SY,40Hz10kN,Bearing3_3,A_rms_3sigma,2,20,0.0
XJTU-SY,40Hz10kN,Bearing3_3,B_mahalanobis,2,20,0.0
XJTU-SY,40Hz10kN,Bearing3_3,A_rms_3sigma,2,20,0.0
XJTU-SY,40Hz10kN,Bearing3_3,B_mahalanobis,2,20,0.1891891891891892
XJTU-SY,40Hz10kN,Bearing3_3,A_rms_3sigma,2,20,0.0
XJTU-SY,40Hz10kN,Bearing3_3,B_mahalanobis,2,20,0.0
XJTU-SY,40Hz10kN,Bearing3_3,A_rms_3sigma,2,20,0.0
XJTU-SY,40Hz10kN,Bearing3_3,B_mahalanobis,2,20,0.08108108108108109
XJTU-SY,40Hz10kN,Bearing3_3,A_rms_3sigma,2,20,0.0
XJTU-SY,40Hz10kN,Bearing3_3,B_mahalanobis,2,20,0.08108108108108109
XJTU-SY,40Hz10kN,Bearing3_3,A_rms_3sigma,2,20,0.0
XJTU-SY,40Hz10kN,Bearing3_3,B_mahalanobis,2,20,0.08108108108108109
XJTU-SY,40Hz10kN,Bearing3_3,A_rms_3sigma,2,20,0.0
XJTU-SY,40Hz10kN,Bearing3_3,B_mahalanobis,2,20,0.05405405405405406
XJTU-SY,40Hz10kN,Bearing3_3,A_rms_3sigma,2,20,0.0
XJTU-SY,40Hz10kN,Bearing3_3,B_mahalanobis,2,20,0.6216216216216216
XJTU-SY,40Hz10kN,Bearing3_3,A_rms_3sigma,2,20,0.0
XJTU-SY,40Hz10kN,Bearing3_3,B_mahalanobis,2,20,0.10810810810810811
XJTU-SY,40Hz10kN,Bearing3_3,A_rms_3sigma,2,20,0.0
XJTU-SY,40Hz10kN,Bearing3_3,B_mahalanobis,2,20,0.0
XJTU-SY,40Hz10kN,Bearing3_3,A_rms_3sigma,2,20,0.0
XJTU-SY,40Hz10kN,Bearing3_3,B_mahalanobis,2,20,0.0
XJTU-SY,40Hz10kN,Bearing3_3,A_rms_3sigma,2,20,0.0
XJTU-SY,40Hz10kN,Bearing3_3,B_mahalanobis,2,20,0.6216216216216216
XJTU-SY,40Hz10kN,Bearing3_3,A_rms_3sigma,2,20,0.0
XJTU-SY,40Hz10kN,Bearing3_3,B_mahalanobis,2,20,1.0
XJTU-SY,40Hz10kN,Bearing3_3,A_rms_3sigma,2,20,0.0
XJTU-SY,40Hz10kN,Bearing3_3,B_mahalanobis,2,20,0.0
XJTU-SY,40Hz10kN,Bearing3_3,A_rms_3sigma,2,20,0.0
XJTU-SY,40Hz10kN,Bearing3_3,B_mahalanobis,2,20,0.08108108108108109
XJTU-SY,40Hz10kN,Bearing3_3,A_rms_3sigma,2,20,0.0
XJTU-SY,40Hz10kN,Bearing3_3,B_mahalanobis,2,20,0.918918918918919
XJTU-SY,40Hz10kN,Bearing3_3,A_rms_3sigma,2,20,0.0
XJTU-SY,40Hz10kN,Bearing3_3,B_mahalanobis,2,20,0.1891891891891892
XJTU-SY,40Hz10kN,Bearing3_3,A_rms_3sigma,2,20,0.0
XJTU-SY,40Hz10kN,Bearing3_3,B_mahalanobis,2,20,0.0
XJTU-SY,40Hz10kN,Bearing3_3,A_rms_3sigma,2,20,0.0
XJTU-SY,40Hz10kN,Bearing3_3,B_mahalanobis,2,20,1.0
XJTU-SY,40Hz10kN,Bearing3_3,A_rms_3sigma,2,20,0.918918918918919
XJTU-SY,40Hz10kN,Bearing3_3,B_mahalanobis,2,20,1.0
XJTU-SY,40Hz10kN,Bearing3_3,A_rms_3sigma,2,20,0.918918918918919
XJTU-SY,40Hz10kN,Bearing3_3,B_mahalanobis,2,20,1.0
XJTU-SY,40Hz10kN,Bearing3_3,A_rms_3sigma,2,20,0.0
XJTU-SY,40Hz10kN,Bearing3_3,B_mahalanobis,2,20,1.0
XJTU-SY,40Hz10kN,Bearing3_3,A_rms_3sigma,2,20,0.0
XJTU-SY,40Hz10kN,Bearing3_3,B_mahalanobis,2,20,0.24324324324324326
XJTU-SY,40Hz10kN,Bearing3_3,A_rms_3sigma,2,20,0.0
XJTU-SY,40Hz10kN,Bearing3_3,B_mahalanobis,2,20,0.0
XJTU-SY,40Hz10kN,Bearing3_3,A_rms_3sigma,2,20,0.0
XJTU-SY,40Hz10kN,Bearing3_3,B_mahalanobis,2,20,0.08108108108108109
XJTU-SY,40Hz10kN,Bearing3_3,A_rms_3sigma,2,20,0.0
XJTU-SY,40Hz10kN,Bearing3_3,B_mahalanobis,2,20,1.0
XJTU-SY,40Hz10kN,Bearing3_3,A_rms_3sigma,2,20,0.918918918918919
XJTU-SY,40Hz10kN,Bearing3_3,B_mahalanobis,2,20,0.9459459459459459
XJTU-SY,40Hz10kN,Bearing3_3,A_rms_3sigma,2,20,0.0
XJTU-SY,40Hz10kN,Bearing3_3,B_mahalanobis,2,20,0.02702702702702703
XJTU-SY,40Hz10kN,Bearing3_3,A_rms_3sigma,2,20,0.0
XJTU-SY,40Hz10kN,Bearing3_3,B_mahalanobis,2,20,1.0
XJTU-SY,40Hz10kN,Bearing3_3,A_rms_3sigma,2,20,0.0
XJTU-SY,40Hz10kN,Bearing3_3,B_mahalanobis,2,20,0.0
XJTU-SY,40Hz10kN,Bearing3_3,A_rms_3sigma,2,20,0.918918918918919
XJTU-SY,40Hz10kN,Bearing3_3,B_mahalanobis,2,20,1.0
XJTU-SY,40Hz10kN,Bearing3_3,A_rms_3sigma,2,20,0.0
XJTU-SY,40Hz10kN,Bearing3_3,B_mahalanobis,2,20,0.13513513513513514
XJTU-SY,40Hz10kN,Bearing3_3,A_rms_3sigma,2,20,0.0
XJTU-SY,40Hz10kN,Bearing3_3,B_mahalanobis,2,20,0.3783783783783784
XJTU-SY,40Hz10kN,Bearing3_3,A_rms_3sigma,2,20,0.0
XJTU-SY,40Hz10kN,Bearing3_3,B_mahalanobis,2,20,0.1891891891891892
XJTU-SY,40Hz10kN,Bearing3_3,A_rms_3sigma,2,20,0.918918918918919
XJTU-SY,40Hz10kN,Bearing3_3,B_mahalanobis,2,20,1.0
XJTU-SY,40Hz10kN,Bearing3_3,A_rms_3sigma,2,20,0.918918918918919
XJTU-SY,40Hz10kN,Bearing3_3,B_mahalanobis,2,20,1.0
XJTU-SY,40Hz10kN,Bearing3_3,A_rms_3sigma,2,20,0.918918918918919
XJTU-SY,40Hz10kN,Bearing3_3,B_mahalanobis,2,20,0.9459459459459459
XJTU-SY,40Hz10kN,Bearing3_3,A_rms_3sigma,2,20,0.0
XJTU-SY,40Hz10kN,Bearing3_3,B_mahalanobis,2,20,0.05405405405405406
XJTU-SY,40Hz10kN,Bearing3_3,A_rms_3sigma,2,20,0.0
XJTU-SY,40Hz10kN,Bearing3_3,B_mahalanobis,2,20,0.0
XJTU-SY,40Hz10kN,Bearing3_3,A_rms_3sigma,2,20,0.918918918918919
XJTU-SY,40Hz10kN,Bearing3_3,B_mahalanobis,2,20,1.0
XJTU-SY,40Hz10kN,Bearing3_3,A_rms_3sigma,2,20,0.0
XJTU-SY,40Hz10kN,Bearing3_3,B_mahalanobis,2,20,0.8648648648648649
XJTU-SY,40Hz10kN,Bearing3_3,A_rms_3sigma,2,20,0.0
XJTU-SY,40Hz10kN,Bearing3_3,B_mahalanobis,2,20,0.0
XJTU-SY,40Hz10kN,Bearing3_3,A_rms_3sigma,2,20,0.918918918918919
XJTU-SY,40Hz10kN,Bearing3_3,B_mahalanobis,2,20,1.0
XJTU-SY,40Hz10kN,Bearing3_3,A_rms_3sigma,3,18,0.0
XJTU-SY,40Hz10kN,Bearing3_3,B_mahalanobis,3,18,0.918918918918919
XJTU-SY,40Hz10kN,Bearing3_3,A_rms_3sigma,3,18,0.0
XJTU-SY,40Hz10kN,Bearing3_3,B_mahalanobis,3,18,0.08108108108108109
XJTU-SY,40Hz10kN,Bearing3_3,A_rms_3sigma,3,18,0.0
XJTU-SY,40Hz10kN,Bearing3_3,B_mahalanobis,3,18,1.0
XJTU-SY,40Hz10kN,Bearing3_3,A_rms_3sigma,3,18,0.0
XJTU-SY,40Hz10kN,Bearing3_3,B_mahalanobis,3,18,0.02702702702702703
XJTU-SY,40Hz10kN,Bearing3_3,A_rms_3sigma,3,18,0.0
XJTU-SY,40Hz10kN,Bearing3_3,B_mahalanobis,3,18,0.08108108108108109
XJTU-SY,40Hz10kN,Bearing3_3,A_rms_3sigma,3,18,0.0
XJTU-SY,40Hz10kN,Bearing3_3,B_mahalanobis,3,18,0.0
XJTU-SY,40Hz10kN,Bearing3_3,A_rms_3sigma,3,18,0.0
XJTU-SY,40Hz10kN,Bearing3_3,B_mahalanobis,3,18,0.0
XJTU-SY,40Hz10kN,Bearing3_3,A_rms_3sigma,3,18,0.0
XJTU-SY,40Hz10kN,Bearing3_3,B_mahalanobis,3,18,0.9459459459459459
XJTU-SY,40Hz10kN,Bearing3_3,A_rms_3sigma,3,18,0.0
XJTU-SY,40Hz10kN,Bearing3_3,B_mahalanobis,3,18,0.08108108108108109
XJTU-SY,40Hz10kN,Bearing3_3,A_rms_3sigma,3,18,0.0
XJTU-SY,40Hz10kN,Bearing3_3,B_mahalanobis,3,18,0.0
XJTU-SY,40Hz10kN,Bearing3_3,A_rms_3sigma,3,18,0.0
XJTU-SY,40Hz10kN,Bearing3_3,B_mahalanobis,3,18,0.0
XJTU-SY,40Hz10kN,Bearing3_3,A_rms_3sigma,3,18,0.0
XJTU-SY,40Hz10kN,Bearing3_3,B_mahalanobis,3,18,0.0
XJTU-SY,40Hz10kN,Bearing3_3,A_rms_3sigma,3,18,0.0
XJTU-SY,40Hz10kN,Bearing3_3,B_mahalanobis,3,18,0.0
XJTU-SY,40Hz10kN,Bearing3_3,A_rms_3sigma,3,18,0.0
XJTU-SY,40Hz10kN,Bearing3_3,B_mahalanobis,3,18,0.8108108108108109
XJTU-SY,40Hz10kN,Bearing3_3,A_rms_3sigma,3,18,0.0
XJTU-SY,40Hz10kN,Bearing3_3,B_mahalanobis,3,18,0.0
XJTU-SY,40Hz10kN,Bearing3_3,A_rms_3sigma,3,18,0.0
XJTU-SY,40Hz10kN,Bearing3_3,B_mahalanobis,3,18,0.0
XJTU-SY,40Hz10kN,Bearing3_3,A_rms_3sigma,3,18,0.0
XJTU-SY,40Hz10kN,Bearing3_3,B_mahalanobis,3,18,0.02702702702702703
XJTU-SY,40Hz10kN,Bearing3_3,A_rms_3sigma,3,18,0.0
XJTU-SY,40Hz10kN,Bearing3_3,B_mahalanobis,3,18,0.0
XJTU-SY,40Hz10kN,Bearing3_3,A_rms_3sigma,3,18,0.0
XJTU-SY,40Hz10kN,Bearing3_3,B_mahalanobis,3,18,0.0
XJTU-SY,40Hz10kN,Bearing3_3,A_rms_3sigma,3,18,0.0
XJTU-SY,40Hz10kN,Bearing3_3,B_mahalanobis,3,18,1.0
XJTU-SY,40Hz10kN,Bearing3_3,A_rms_3sigma,3,18,0.0
XJTU-SY,40Hz10kN,Bearing3_3,B_mahalanobis,3,18,0.0
XJTU-SY,40Hz10kN,Bearing3_3,A_rms_3sigma,3,18,0.0
XJTU-SY,40Hz10kN,Bearing3_3,B_mahalanobis,3,18,0.08108108108108109
XJTU-SY,40Hz10kN,Bearing3_3,A_rms_3sigma,3,18,0.0
XJTU-SY,40Hz10kN,Bearing3_3,B_mahalanobis,3,18,0.0
XJTU-SY,40Hz10kN,Bearing3_3,A_rms_3sigma,3,18,0.0
XJTU-SY,40Hz10kN,Bearing3_3,B_mahalanobis,3,18,0.0
XJTU-SY,40Hz10kN,Bearing3_3,A_rms_3sigma,3,18,0.0
XJTU-SY,40Hz10kN,Bearing3_3,B_mahalanobis,3,18,0.0
XJTU-SY,40Hz10kN,Bearing3_3,A_rms_3sigma,3,18,0.0
XJTU-SY,40Hz10kN,Bearing3_3,B_mahalanobis,3,18,0.0
XJTU-SY,40Hz10kN,Bearing3_3,A_rms_3sigma,3,18,0.0
XJTU-SY,40Hz10kN,Bearing3_3,B_mahalanobis,3,18,0.02702702702702703
XJTU-SY,40Hz10kN,Bearing3_3,A_rms_3sigma,3,18,0.0
XJTU-SY,40Hz10kN,Bearing3_3,B_mahalanobis,3,18,0.0
XJTU-SY,40Hz10kN,Bearing3_3,A_rms_3sigma,3,18,0.0
XJTU-SY,40Hz10kN,Bearing3_3,B_mahalanobis,3,18,0.21621621621621623
XJTU-SY,40Hz10kN,Bearing3_3,A_rms_3sigma,3,18,0.0
XJTU-SY,40Hz10kN,Bearing3_3,B_mahalanobis,3,18,0.16216216216216217
XJTU-SY,40Hz10kN,Bearing3_3,A_rms_3sigma,3,18,0.0
XJTU-SY,40Hz10kN,Bearing3_3,B_mahalanobis,3,18,0.0
XJTU-SY,40Hz10kN,Bearing3_3,A_rms_3sigma,3,18,0.0
XJTU-SY,40Hz10kN,Bearing3_3,B_mahalanobis,3,18,0.0
XJTU-SY,40Hz10kN,Bearing3_3,A_rms_3sigma,3,18,0.0
XJTU-SY,40Hz10kN,Bearing3_3,B_mahalanobis,3,18,0.0
XJTU-SY,40Hz10kN,Bearing3_3,A_rms_3sigma,3,18,0.0
XJTU-SY,40Hz10kN,Bearing3_3,B_mahalanobis,3,18,0.05405405405405406
XJTU-SY,40Hz10kN,Bearing3_3,A_rms_3sigma,3,18,0.0
XJTU-SY,40Hz10kN,Bearing3_3,B_mahalanobis,3,18,0.02702702702702703
XJTU-SY,40Hz10kN,Bearing3_3,A_rms_3sigma,3,18,0.0
XJTU-SY,40Hz10kN,Bearing3_3,B_mahalanobis,3,18,0.0
XJTU-SY,40Hz10kN,Bearing3_3,A_rms_3sigma,3,18,0.0
XJTU-SY,40Hz10kN,Bearing3_3,B_mahalanobis,3,18,0.8108108108108109
XJTU-SY,40Hz10kN,Bearing3_3,A_rms_3sigma,3,18,0.0
XJTU-SY,40Hz10kN,Bearing3_3,B_mahalanobis,3,18,0.7297297297297297
XJTU-SY,40Hz10kN,Bearing3_3,A_rms_3sigma,3,18,0.0
XJTU-SY,40Hz10kN,Bearing3_3,B_mahalanobis,3,18,0.0
XJTU-SY,40Hz10kN,Bearing3_3,A_rms_3sigma,3,18,0.0
XJTU-SY,40Hz10kN,Bearing3_3,B_mahalanobis,3,18,0.0
XJTU-SY,40Hz10kN,Bearing3_3,A_rms_3sigma,3,18,0.0
XJTU-SY,40Hz10kN,Bearing3_3,B_mahalanobis,3,18,0.0
XJTU-SY,40Hz10kN,Bearing3_3,A_rms_3sigma,3,18,0.0
XJTU-SY,40Hz10kN,Bearing3_3,B_mahalanobis,3,18,0.0
XJTU-SY,40Hz10kN,Bearing3_3,A_rms_3sigma,3,18,0.0
XJTU-SY,40Hz10kN,Bearing3_3,B_mahalanobis,3,18,0.0
XJTU-SY,40Hz10kN,Bearing3_3,A_rms_3sigma,3,18,0.0
XJTU-SY,40Hz10kN,Bearing3_3,B_mahalanobis,3,18,0.02702702702702703
XJTU-SY,40Hz10kN,Bearing3_3,A_rms_3sigma,3,18,0.0
XJTU-SY,40Hz10kN,Bearing3_3,B_mahalanobis,3,18,0.0
XJTU-SY,40Hz10kN,Bearing3_3,A_rms_3sigma,3,18,0.0
XJTU-SY,40Hz10kN,Bearing3_3,B_mahalanobis,3,18,0.0
XJTU-SY,40Hz10kN,Bearing3_3,A_rms_3sigma,3,18,0.0
XJTU-SY,40Hz10kN,Bearing3_3,B_mahalanobis,3,18,0.0
XJTU-SY,40Hz10kN,Bearing3_3,A_rms_3sigma,3,18,0.0
XJTU-SY,40Hz10kN,Bearing3_3,B_mahalanobis,3,18,0.0
XJTU-SY,40Hz10kN,Bearing3_3,A_rms_3sigma,3,18,0.0
XJTU-SY,40Hz10kN,Bearing3_3,B_mahalanobis,3,18,0.0
XJTU-SY,40Hz10kN,Bearing3_3,A_rms_3sigma,3,18,0.0
XJTU-SY,40Hz10kN,Bearing3_3,B_mahalanobis,3,18,0.02702702702702703
XJTU-SY,40Hz10kN,Bearing3_3,A_rms_3sigma,4,20,0.0
XJTU-SY,40Hz10kN,Bearing3_3,B_mahalanobis,4,20,0.0
XJTU-SY,40Hz10kN,Bearing3_3,A_rms_3sigma,4,20,0.0
XJTU-SY,40Hz10kN,Bearing3_3,B_mahalanobis,4,20,0.0
XJTU-SY,40Hz10kN,Bearing3_3,A_rms_3sigma,4,20,0.0
XJTU-SY,40Hz10kN,Bearing3_3,B_mahalanobis,4,20,0.02702702702702703
XJTU-SY,40Hz10kN,Bearing3_3,A_rms_3sigma,4,20,0.0
XJTU-SY,40Hz10kN,Bearing3_3,B_mahalanobis,4,20,0.0
XJTU-SY,40Hz10kN,Bearing3_3,A_rms_3sigma,4,20,0.0
XJTU-SY,40Hz10kN,Bearing3_3,B_mahalanobis,4,20,0.02702702702702703
XJTU-SY,40Hz10kN,Bearing3_3,A_rms_3sigma,4,20,0.0
XJTU-SY,40Hz10kN,Bearing3_3,B_mahalanobis,4,20,0.0
XJTU-SY,40Hz10kN,Bearing3_3,A_rms_3sigma,4,20,0.0
XJTU-SY,40Hz10kN,Bearing3_3,B_mahalanobis,4,20,0.0
XJTU-SY,40Hz10kN,Bearing3_3,A_rms_3sigma,4,20,0.0
XJTU-SY,40Hz10kN,Bearing3_3,B_mahalanobis,4,20,0.0
XJTU-SY,40Hz10kN,Bearing3_3,A_rms_3sigma,4,20,0.0
XJTU-SY,40Hz10kN,Bearing3_3,B_mahalanobis,4,20,0.0
XJTU-SY,40Hz10kN,Bearing3_3,A_rms_3sigma,4,20,0.0
XJTU-SY,40Hz10kN,Bearing3_3,B_mahalanobis,4,20,0.0
XJTU-SY,40Hz10kN,Bearing3_3,A_rms_3sigma,4,20,0.0
XJTU-SY,40Hz10kN,Bearing3_3,B_mahalanobis,4,20,0.0
XJTU-SY,40Hz10kN,Bearing3_3,A_rms_3sigma,4,20,0.0
XJTU-SY,40Hz10kN,Bearing3_3,B_mahalanobis,4,20,0.0
XJTU-SY,40Hz10kN,Bearing3_3,A_rms_3sigma,4,20,0.0
XJTU-SY,40Hz10kN,Bearing3_3,B_mahalanobis,4,20,0.0
XJTU-SY,40Hz10kN,Bearing3_3,A_rms_3sigma,4,20,0.0
XJTU-SY,40Hz10kN,Bearing3_3,B_mahalanobis,4,20,0.0
XJTU-SY,40Hz10kN,Bearing3_3,A_rms_3sigma,4,20,0.0
XJTU-SY,40Hz10kN,Bearing3_3,B_mahalanobis,4,20,0.0
XJTU-SY,40Hz10kN,Bearing3_3,A_rms_3sigma,4,20,0.0
XJTU-SY,40Hz10kN,Bearing3_3,B_mahalanobis,4,20,0.0
XJTU-SY,40Hz10kN,Bearing3_3,A_rms_3sigma,4,20,0.0
XJTU-SY,40Hz10kN,Bearing3_3,B_mahalanobis,4,20,0.0
XJTU-SY,40Hz10kN,Bearing3_3,A_rms_3sigma,4,20,0.0
XJTU-SY,40Hz10kN,Bearing3_3,B_mahalanobis,4,20,0.0
XJTU-SY,40Hz10kN,Bearing3_3,A_rms_3sigma,4,20,0.0
XJTU-SY,40Hz10kN,Bearing3_3,B_mahalanobis,4,20,0.02702702702702703
XJTU-SY,40Hz10kN,Bearing3_3,A_rms_3sigma,4,20,0.0
XJTU-SY,40Hz10kN,Bearing3_3,B_mahalanobis,4,20,0.02702702702702703
XJTU-SY,40Hz10kN,Bearing3_3,A_rms_3sigma,4,20,0.0
XJTU-SY,40Hz10kN,Bearing3_3,B_mahalanobis,4,20,0.0
XJTU-SY,40Hz10kN,Bearing3_3,A_rms_3sigma,4,20,0.0
XJTU-SY,40Hz10kN,Bearing3_3,B_mahalanobis,4,20,0.02702702702702703
XJTU-SY,40Hz10kN,Bearing3_3,A_rms_3sigma,4,20,0.0
XJTU-SY,40Hz10kN,Bearing3_3,B_mahalanobis,4,20,0.10810810810810811
XJTU-SY,40Hz10kN,Bearing3_3,A_rms_3sigma,4,20,0.0
XJTU-SY,40Hz10kN,Bearing3_3,B_mahalanobis,4,20,0.0
XJTU-SY,40Hz10kN,Bearing3_3,A_rms_3sigma,4,20,0.0
XJTU-SY,40Hz10kN,Bearing3_3,B_mahalanobis,4,20,0.05405405405405406
XJTU-SY,40Hz10kN,Bearing3_3,A_rms_3sigma,4,20,0.0
XJTU-SY,40Hz10kN,Bearing3_3,B_mahalanobis,4,20,0.0
XJTU-SY,40Hz10kN,Bearing3_3,A_rms_3sigma,4,20,0.0
XJTU-SY,40Hz10kN,Bearing3_3,B_mahalanobis,4,20,0.0
XJTU-SY,40Hz10kN,Bearing3_3,A_rms_3sigma,4,20,0.0
XJTU-SY,40Hz10kN,Bearing3_3,B_mahalanobis,4,20,0.02702702702702703
XJTU-SY,40Hz10kN,Bearing3_3,A_rms_3sigma,4,20,0.0
XJTU-SY,40Hz10kN,Bearing3_3,B_mahalanobis,4,20,0.0
XJTU-SY,40Hz10kN,Bearing3_3,A_rms_3sigma,4,20,0.0
XJTU-SY,40Hz10kN,Bearing3_3,B_mahalanobis,4,20,0.0
XJTU-SY,40Hz10kN,Bearing3_3,A_rms_3sigma,4,20,0.0
XJTU-SY,40Hz10kN,Bearing3_3,B_mahalanobis,4,20,0.0
XJTU-SY,40Hz10kN,Bearing3_3,A_rms_3sigma,4,20,0.0
XJTU-SY,40Hz10kN,Bearing3_3,B_mahalanobis,4,20,0.0
XJTU-SY,40Hz10kN,Bearing3_3,A_rms_3sigma,4,20,0.0
XJTU-SY,40Hz10kN,Bearing3_3,B_mahalanobis,4,20,0.0
XJTU-SY,40Hz10kN,Bearing3_3,A_rms_3sigma,4,20,0.0
XJTU-SY,40Hz10kN,Bearing3_3,B_mahalanobis,4,20,0.0
XJTU-SY,40Hz10kN,Bearing3_3,A_rms_3sigma,4,20,0.0
XJTU-SY,40Hz10kN,Bearing3_3,B_mahalanobis,4,20,0.0
XJTU-SY,40Hz10kN,Bearing3_3,A_rms_3sigma,4,20,0.0
XJTU-SY,40Hz10kN,Bearing3_3,B_mahalanobis,4,20,0.0
XJTU-SY,40Hz10kN,Bearing3_3,A_rms_3sigma,4,20,0.0
XJTU-SY,40Hz10kN,Bearing3_3,B_mahalanobis,4,20,0.0
XJTU-SY,40Hz10kN,Bearing3_3,A_rms_3sigma,4,20,0.0
XJTU-SY,40Hz10kN,Bearing3_3,B_mahalanobis,4,20,0.0
XJTU-SY,40Hz10kN,Bearing3_3,A_rms_3sigma,4,20,0.0
XJTU-SY,40Hz10kN,Bearing3_3,B_mahalanobis,4,20,0.0
XJTU-SY,40Hz10kN,Bearing3_3,A_rms_3sigma,4,20,0.0
XJTU-SY,40Hz10kN,Bearing3_3,B_mahalanobis,4,20,0.0
XJTU-SY,40Hz10kN,Bearing3_3,A_rms_3sigma,4,20,0.0
XJTU-SY,40Hz10kN,Bearing3_3,B_mahalanobis,4,20,0.0
XJTU-SY,40Hz10kN,Bearing3_3,A_rms_3sigma,4,20,0.0
XJTU-SY,40Hz10kN,Bearing3_3,B_mahalanobis,4,20,0.0
XJTU-SY,40Hz10kN,Bearing3_3,A_rms_3sigma,4,20,0.0
XJTU-SY,40Hz10kN,Bearing3_3,B_mahalanobis,4,20,0.0
XJTU-SY,40Hz10kN,Bearing3_3,A_rms_3sigma,4,20,0.0
XJTU-SY,40Hz10kN,Bearing3_3,B_mahalanobis,4,20,0.0
XJTU-SY,40Hz10kN,Bearing3_3,A_rms_3sigma,4,20,0.0
XJTU-SY,40Hz10kN,Bearing3_3,B_mahalanobis,4,20,0.0
XJTU-SY,40Hz10kN,Bearing3_3,A_rms_3sigma,4,20,0.0
XJTU-SY,40Hz10kN,Bearing3_3,B_mahalanobis,4,20,0.0
XJTU-SY,40Hz10kN,Bearing3_3,A_rms_3sigma,4,20,0.0
XJTU-SY,40Hz10kN,Bearing3_3,B_mahalanobis,4,20,0.0
XJTU-SY,40Hz10kN,Bearing3_3,A_rms_3sigma,4,20,0.0
XJTU-SY,40Hz10kN,Bearing3_3,B_mahalanobis,4,20,0.0
XJTU-SY,40Hz10kN,Bearing3_3,A_rms_3sigma,4,20,0.0
XJTU-SY,40Hz10kN,Bearing3_3,B_mahalanobis,4,20,0.0
XJTU-SY,40Hz10kN,Bearing3_3,A_rms_3sigma,4,20,0.0
XJTU-SY,40Hz10kN,Bearing3_3,B_mahalanobis,4,20,0.0
XJTU-SY,40Hz10kN,Bearing3_4,A_rms_3sigma,1,20,0.8
XJTU-SY,40Hz10kN,Bearing3_4,B_mahalanobis,1,20,1.0
XJTU-SY,40Hz10kN,Bearing3_4,A_rms_3sigma,1,20,0.0
XJTU-SY,40Hz10kN,Bearing3_4,B_mahalanobis,1,20,1.0
XJTU-SY,40Hz10kN,Bearing3_4,A_rms_3sigma,1,20,0.0
XJTU-SY,40Hz10kN,Bearing3_4,B_mahalanobis,1,20,1.0
XJTU-SY,40Hz10kN,Bearing3_4,A_rms_3sigma,1,20,0.8333333333333334
XJTU-SY,40Hz10kN,Bearing3_4,B_mahalanobis,1,20,1.0
XJTU-SY,40Hz10kN,Bearing3_4,A_rms_3sigma,1,20,0.0
XJTU-SY,40Hz10kN,Bearing3_4,B_mahalanobis,1,20,0.8333333333333334
XJTU-SY,40Hz10kN,Bearing3_4,A_rms_3sigma,1,20,0.0
XJTU-SY,40Hz10kN,Bearing3_4,B_mahalanobis,1,20,1.0
XJTU-SY,40Hz10kN,Bearing3_4,A_rms_3sigma,1,20,0.5666666666666667
XJTU-SY,40Hz10kN,Bearing3_4,B_mahalanobis,1,20,1.0
XJTU-SY,40Hz10kN,Bearing3_4,A_rms_3sigma,1,20,0.0
XJTU-SY,40Hz10kN,Bearing3_4,B_mahalanobis,1,20,1.0
XJTU-SY,40Hz10kN,Bearing3_4,A_rms_3sigma,1,20,0.0
XJTU-SY,40Hz10kN,Bearing3_4,B_mahalanobis,1,20,1.0
XJTU-SY,40Hz10kN,Bearing3_4,A_rms_3sigma,1,20,0.0
XJTU-SY,40Hz10kN,Bearing3_4,B_mahalanobis,1,20,1.0
XJTU-SY,40Hz10kN,Bearing3_4,A_rms_3sigma,1,20,0.6833333333333333
XJTU-SY,40Hz10kN,Bearing3_4,B_mahalanobis,1,20,1.0
XJTU-SY,40Hz10kN,Bearing3_4,A_rms_3sigma,1,20,0.0
XJTU-SY,40Hz10kN,Bearing3_4,B_mahalanobis,1,20,1.0
XJTU-SY,40Hz10kN,Bearing3_4,A_rms_3sigma,1,20,0.0
XJTU-SY,40Hz10kN,Bearing3_4,B_mahalanobis,1,20,0.8333333333333334
XJTU-SY,40Hz10kN,Bearing3_4,A_rms_3sigma,1,20,0.0
XJTU-SY,40Hz10kN,Bearing3_4,B_mahalanobis,1,20,0.8333333333333334
XJTU-SY,40Hz10kN,Bearing3_4,A_rms_3sigma,1,20,0.5166666666666667
XJTU-SY,40Hz10kN,Bearing3_4,B_mahalanobis,1,20,1.0
XJTU-SY,40Hz10kN,Bearing3_4,A_rms_3sigma,1,20,0.8333333333333334
XJTU-SY,40Hz10kN,Bearing3_4,B_mahalanobis,1,20,1.0
XJTU-SY,40Hz10kN,Bearing3_4,A_rms_3sigma,1,20,0.0
XJTU-SY,40Hz10kN,Bearing3_4,B_mahalanobis,1,20,0.8333333333333334
XJTU-SY,40Hz10kN,Bearing3_4,A_rms_3sigma,1,20,0.0
XJTU-SY,40Hz10kN,Bearing3_4,B_mahalanobis,1,20,0.8333333333333334
XJTU-SY,40Hz10kN,Bearing3_4,A_rms_3sigma,1,20,0.65
XJTU-SY,40Hz10kN,Bearing3_4,B_mahalanobis,1,20,1.0
XJTU-SY,40Hz10kN,Bearing3_4,A_rms_3sigma,1,20,0.0
XJTU-SY,40Hz10kN,Bearing3_4,B_mahalanobis,1,20,1.0
XJTU-SY,40Hz10kN,Bearing3_4,A_rms_3sigma,1,20,0.0
XJTU-SY,40Hz10kN,Bearing3_4,B_mahalanobis,1,20,1.0
XJTU-SY,40Hz10kN,Bearing3_4,A_rms_3sigma,1,20,0.0
XJTU-SY,40Hz10kN,Bearing3_4,B_mahalanobis,1,20,0.8333333333333334
XJTU-SY,40Hz10kN,Bearing3_4,A_rms_3sigma,1,20,0.0
XJTU-SY,40Hz10kN,Bearing3_4,B_mahalanobis,1,20,1.0
XJTU-SY,40Hz10kN,Bearing3_4,A_rms_3sigma,1,20,0.0
XJTU-SY,40Hz10kN,Bearing3_4,B_mahalanobis,1,20,1.0
XJTU-SY,40Hz10kN,Bearing3_4,A_rms_3sigma,1,20,0.0
XJTU-SY,40Hz10kN,Bearing3_4,B_mahalanobis,1,20,1.0
XJTU-SY,40Hz10kN,Bearing3_4,A_rms_3sigma,1,20,0.0
XJTU-SY,40Hz10kN,Bearing3_4,B_mahalanobis,1,20,1.0
XJTU-SY,40Hz10kN,Bearing3_4,A_rms_3sigma,1,20,0.0
XJTU-SY,40Hz10kN,Bearing3_4,B_mahalanobis,1,20,1.0
XJTU-SY,40Hz10kN,Bearing3_4,A_rms_3sigma,1,20,0.0
XJTU-SY,40Hz10kN,Bearing3_4,B_mahalanobis,1,20,1.0
XJTU-SY,40Hz10kN,Bearing3_4,A_rms_3sigma,1,20,0.0
XJTU-SY,40Hz10kN,Bearing3_4,B_mahalanobis,1,20,1.0
XJTU-SY,40Hz10kN,Bearing3_4,A_rms_3sigma,1,20,0.0
XJTU-SY,40Hz10kN,Bearing3_4,B_mahalanobis,1,20,1.0
XJTU-SY,40Hz10kN,Bearing3_4,A_rms_3sigma,1,20,0.0
XJTU-SY,40Hz10kN,Bearing3_4,B_mahalanobis,1,20,1.0
XJTU-SY,40Hz10kN,Bearing3_4,A_rms_3sigma,1,20,0.0
XJTU-SY,40Hz10kN,Bearing3_4,B_mahalanobis,1,20,1.0
XJTU-SY,40Hz10kN,Bearing3_4,A_rms_3sigma,1,20,0.0
XJTU-SY,40Hz10kN,Bearing3_4,B_mahalanobis,1,20,1.0
XJTU-SY,40Hz10kN,Bearing3_4,A_rms_3sigma,1,20,0.0
XJTU-SY,40Hz10kN,Bearing3_4,B_mahalanobis,1,20,1.0
XJTU-SY,40Hz10kN,Bearing3_4,A_rms_3sigma,1,20,0.0
XJTU-SY,40Hz10kN,Bearing3_4,B_mahalanobis,1,20,1.0
XJTU-SY,40Hz10kN,Bearing3_4,A_rms_3sigma,1,20,0.0
XJTU-SY,40Hz10kN,Bearing3_4,B_mahalanobis,1,20,1.0
XJTU-SY,40Hz10kN,Bearing3_4,A_rms_3sigma,1,20,0.0
XJTU-SY,40Hz10kN,Bearing3_4,B_mahalanobis,1,20,1.0
XJTU-SY,40Hz10kN,Bearing3_4,A_rms_3sigma,1,20,0.0
XJTU-SY,40Hz10kN,Bearing3_4,B_mahalanobis,1,20,0.8333333333333334
XJTU-SY,40Hz10kN,Bearing3_4,A_rms_3sigma,1,20,0.5333333333333333
XJTU-SY,40Hz10kN,Bearing3_4,B_mahalanobis,1,20,1.0
XJTU-SY,40Hz10kN,Bearing3_4,A_rms_3sigma,1,20,0.0
XJTU-SY,40Hz10kN,Bearing3_4,B_mahalanobis,1,20,0.8333333333333334
XJTU-SY,40Hz10kN,Bearing3_4,A_rms_3sigma,1,20,0.0
XJTU-SY,40Hz10kN,Bearing3_4,B_mahalanobis,1,20,1.0
XJTU-SY,40Hz10kN,Bearing3_4,A_rms_3sigma,1,20,0.0
XJTU-SY,40Hz10kN,Bearing3_4,B_mahalanobis,1,20,1.0
XJTU-SY,40Hz10kN,Bearing3_4,A_rms_3sigma,1,20,0.0
XJTU-SY,40Hz10kN,Bearing3_4,B_mahalanobis,1,20,0.8333333333333334
XJTU-SY,40Hz10kN,Bearing3_4,A_rms_3sigma,1,20,0.0
XJTU-SY,40Hz10kN,Bearing3_4,B_mahalanobis,1,20,0.8333333333333334
XJTU-SY,40Hz10kN,Bearing3_4,A_rms_3sigma,1,20,0.0
XJTU-SY,40Hz10kN,Bearing3_4,B_mahalanobis,1,20,1.0
XJTU-SY,40Hz10kN,Bearing3_4,A_rms_3sigma,1,20,0.0
XJTU-SY,40Hz10kN,Bearing3_4,B_mahalanobis,1,20,1.0
XJTU-SY,40Hz10kN,Bearing3_4,A_rms_3sigma,1,20,0.65
XJTU-SY,40Hz10kN,Bearing3_4,B_mahalanobis,1,20,1.0
XJTU-SY,40Hz10kN,Bearing3_4,A_rms_3sigma,1,20,0.0
XJTU-SY,40Hz10kN,Bearing3_4,B_mahalanobis,1,20,1.0
XJTU-SY,40Hz10kN,Bearing3_4,A_rms_3sigma,1,20,0.0
XJTU-SY,40Hz10kN,Bearing3_4,B_mahalanobis,1,20,1.0
XJTU-SY,40Hz10kN,Bearing3_4,A_rms_3sigma,1,20,0.0
XJTU-SY,40Hz10kN,Bearing3_4,B_mahalanobis,1,20,1.0
XJTU-SY,40Hz10kN,Bearing3_4,A_rms_3sigma,2,20,0.0
XJTU-SY,40Hz10kN,Bearing3_4,B_mahalanobis,2,20,1.0
XJTU-SY,40Hz10kN,Bearing3_4,A_rms_3sigma,2,20,0.0
XJTU-SY,40Hz10kN,Bearing3_4,B_mahalanobis,2,20,1.0
XJTU-SY,40Hz10kN,Bearing3_4,A_rms_3sigma,2,20,0.0
XJTU-SY,40Hz10kN,Bearing3_4,B_mahalanobis,2,20,0.9666666666666667
XJTU-SY,40Hz10kN,Bearing3_4,A_rms_3sigma,2,20,0.0
XJTU-SY,40Hz10kN,Bearing3_4,B_mahalanobis,2,20,0.38333333333333336
XJTU-SY,40Hz10kN,Bearing3_4,A_rms_3sigma,2,20,0.0
XJTU-SY,40Hz10kN,Bearing3_4,B_mahalanobis,2,20,0.9666666666666667
XJTU-SY,40Hz10kN,Bearing3_4,A_rms_3sigma,2,20,0.0
XJTU-SY,40Hz10kN,Bearing3_4,B_mahalanobis,2,20,1.0
XJTU-SY,40Hz10kN,Bearing3_4,A_rms_3sigma,2,20,0.0
XJTU-SY,40Hz10kN,Bearing3_4,B_mahalanobis,2,20,0.95
XJTU-SY,40Hz10kN,Bearing3_4,A_rms_3sigma,2,20,0.0
XJTU-SY,40Hz10kN,Bearing3_4,B_mahalanobis,2,20,1.0
XJTU-SY,40Hz10kN,Bearing3_4,A_rms_3sigma,2,20,0.0
XJTU-SY,40Hz10kN,Bearing3_4,B_mahalanobis,2,20,0.3333333333333333
XJTU-SY,40Hz10kN,Bearing3_4,A_rms_3sigma,2,20,0.0
XJTU-SY,40Hz10kN,Bearing3_4,B_mahalanobis,2,20,1.0
XJTU-SY,40Hz10kN,Bearing3_4,A_rms_3sigma,2,20,0.0
XJTU-SY,40Hz10kN,Bearing3_4,B_mahalanobis,2,20,0.95
XJTU-SY,40Hz10kN,Bearing3_4,A_rms_3sigma,2,20,0.0
XJTU-SY,40Hz10kN,Bearing3_4,B_mahalanobis,2,20,0.9666666666666667
XJTU-SY,40Hz10kN,Bearing3_4,A_rms_3sigma,2,20,0.0
XJTU-SY,40Hz10kN,Bearing3_4,B_mahalanobis,2,20,1.0
XJTU-SY,40Hz10kN,Bearing3_4,A_rms_3sigma,2,20,0.0
XJTU-SY,40Hz10kN,Bearing3_4,B_mahalanobis,2,20,1.0
XJTU-SY,40Hz10kN,Bearing3_4,A_rms_3sigma,2,20,0.0
XJTU-SY,40Hz10kN,Bearing3_4,B_mahalanobis,2,20,0.8833333333333333
XJTU-SY,40Hz10kN,Bearing3_4,A_rms_3sigma,2,20,0.0
XJTU-SY,40Hz10kN,Bearing3_4,B_mahalanobis,2,20,0.8666666666666667
XJTU-SY,40Hz10kN,Bearing3_4,A_rms_3sigma,2,20,0.0
XJTU-SY,40Hz10kN,Bearing3_4,B_mahalanobis,2,20,0.3333333333333333
XJTU-SY,40Hz10kN,Bearing3_4,A_rms_3sigma,2,20,0.0
XJTU-SY,40Hz10kN,Bearing3_4,B_mahalanobis,2,20,0.95
XJTU-SY,40Hz10kN,Bearing3_4,A_rms_3sigma,2,20,0.0
XJTU-SY,40Hz10kN,Bearing3_4,B_mahalanobis,2,20,1.0
XJTU-SY,40Hz10kN,Bearing3_4,A_rms_3sigma,2,20,0.0
XJTU-SY,40Hz10kN,Bearing3_4,B_mahalanobis,2,20,1.0
XJTU-SY,40Hz10kN,Bearing3_4,A_rms_3sigma,2,20,0.0
XJTU-SY,40Hz10kN,Bearing3_4,B_mahalanobis,2,20,1.0
XJTU-SY,40Hz10kN,Bearing3_4,A_rms_3sigma,2,20,0.0
XJTU-SY,40Hz10kN,Bearing3_4,B_mahalanobis,2,20,1.0
XJTU-SY,40Hz10kN,Bearing3_4,A_rms_3sigma,2,20,0.0
XJTU-SY,40Hz10kN,Bearing3_4,B_mahalanobis,2,20,1.0
XJTU-SY,40Hz10kN,Bearing3_4,A_rms_3sigma,2,20,0.0
XJTU-SY,40Hz10kN,Bearing3_4,B_mahalanobis,2,20,1.0
XJTU-SY,40Hz10kN,Bearing3_4,A_rms_3sigma,2,20,0.0
XJTU-SY,40Hz10kN,Bearing3_4,B_mahalanobis,2,20,0.9666666666666667
XJTU-SY,40Hz10kN,Bearing3_4,A_rms_3sigma,2,20,0.0
XJTU-SY,40Hz10kN,Bearing3_4,B_mahalanobis,2,20,0.9833333333333333
XJTU-SY,40Hz10kN,Bearing3_4,A_rms_3sigma,2,20,0.0
XJTU-SY,40Hz10kN,Bearing3_4,B_mahalanobis,2,20,1.0
XJTU-SY,40Hz10kN,Bearing3_4,A_rms_3sigma,2,20,0.0
XJTU-SY,40Hz10kN,Bearing3_4,B_mahalanobis,2,20,1.0
XJTU-SY,40Hz10kN,Bearing3_4,A_rms_3sigma,2,20,0.0
XJTU-SY,40Hz10kN,Bearing3_4,B_mahalanobis,2,20,0.9666666666666667
XJTU-SY,40Hz10kN,Bearing3_4,A_rms_3sigma,2,20,0.0
XJTU-SY,40Hz10kN,Bearing3_4,B_mahalanobis,2,20,1.0
XJTU-SY,40Hz10kN,Bearing3_4,A_rms_3sigma,2,20,0.0
XJTU-SY,40Hz10kN,Bearing3_4,B_mahalanobis,2,20,0.95
XJTU-SY,40Hz10kN,Bearing3_4,A_rms_3sigma,2,20,0.0
XJTU-SY,40Hz10kN,Bearing3_4,B_mahalanobis,2,20,1.0
XJTU-SY,40Hz10kN,Bearing3_4,A_rms_3sigma,2,20,0.0
XJTU-SY,40Hz10kN,Bearing3_4,B_mahalanobis,2,20,0.9666666666666667
XJTU-SY,40Hz10kN,Bearing3_4,A_rms_3sigma,2,20,0.0
XJTU-SY,40Hz10kN,Bearing3_4,B_mahalanobis,2,20,1.0
XJTU-SY,40Hz10kN,Bearing3_4,A_rms_3sigma,2,20,0.0
XJTU-SY,40Hz10kN,Bearing3_4,B_mahalanobis,2,20,1.0
XJTU-SY,40Hz10kN,Bearing3_4,A_rms_3sigma,2,20,0.0
XJTU-SY,40Hz10kN,Bearing3_4,B_mahalanobis,2,20,1.0
XJTU-SY,40Hz10kN,Bearing3_4,A_rms_3sigma,2,20,0.0
XJTU-SY,40Hz10kN,Bearing3_4,B_mahalanobis,2,20,0.55
XJTU-SY,40Hz10kN,Bearing3_4,A_rms_3sigma,2,20,0.0
XJTU-SY,40Hz10kN,Bearing3_4,B_mahalanobis,2,20,0.9333333333333333
XJTU-SY,40Hz10kN,Bearing3_4,A_rms_3sigma,2,20,0.0
XJTU-SY,40Hz10kN,Bearing3_4,B_mahalanobis,2,20,0.95
XJTU-SY,40Hz10kN,Bearing3_4,A_rms_3sigma,2,20,0.0
XJTU-SY,40Hz10kN,Bearing3_4,B_mahalanobis,2,20,1.0
XJTU-SY,40Hz10kN,Bearing3_4,A_rms_3sigma,2,20,0.0
XJTU-SY,40Hz10kN,Bearing3_4,B_mahalanobis,2,20,1.0
XJTU-SY,40Hz10kN,Bearing3_4,A_rms_3sigma,2,20,0.0
XJTU-SY,40Hz10kN,Bearing3_4,B_mahalanobis,2,20,1.0
XJTU-SY,40Hz10kN,Bearing3_4,A_rms_3sigma,2,20,0.0
XJTU-SY,40Hz10kN,Bearing3_4,B_mahalanobis,2,20,1.0
XJTU-SY,40Hz10kN,Bearing3_4,A_rms_3sigma,2,20,0.0
XJTU-SY,40Hz10kN,Bearing3_4,B_mahalanobis,2,20,0.9666666666666667
XJTU-SY,40Hz10kN,Bearing3_4,A_rms_3sigma,2,20,0.0
XJTU-SY,40Hz10kN,Bearing3_4,B_mahalanobis,2,20,0.9166666666666666
XJTU-SY,40Hz10kN,Bearing3_4,A_rms_3sigma,2,20,0.0
XJTU-SY,40Hz10kN,Bearing3_4,B_mahalanobis,2,20,0.21666666666666667
XJTU-SY,40Hz10kN,Bearing3_4,A_rms_3sigma,2,20,0.0
XJTU-SY,40Hz10kN,Bearing3_4,B_mahalanobis,2,20,1.0
XJTU-SY,40Hz10kN,Bearing3_4,A_rms_3sigma,2,20,0.0
XJTU-SY,40Hz10kN,Bearing3_4,B_mahalanobis,2,20,0.9666666666666667
XJTU-SY,40Hz10kN,Bearing3_4,A_rms_3sigma,2,20,0.0
XJTU-SY,40Hz10kN,Bearing3_4,B_mahalanobis,2,20,0.9166666666666666
XJTU-SY,40Hz10kN,Bearing3_4,A_rms_3sigma,2,20,0.0
XJTU-SY,40Hz10kN,Bearing3_4,B_mahalanobis,2,20,0.35
XJTU-SY,40Hz10kN,Bearing3_4,A_rms_3sigma,3,18,0.0
XJTU-SY,40Hz10kN,Bearing3_4,B_mahalanobis,3,18,1.0
XJTU-SY,40Hz10kN,Bearing3_4,A_rms_3sigma,3,18,0.0
XJTU-SY,40Hz10kN,Bearing3_4,B_mahalanobis,3,18,0.95
XJTU-SY,40Hz10kN,Bearing3_4,A_rms_3sigma,3,18,0.0
XJTU-SY,40Hz10kN,Bearing3_4,B_mahalanobis,3,18,0.9833333333333333
XJTU-SY,40Hz10kN,Bearing3_4,A_rms_3sigma,3,18,0.0
XJTU-SY,40Hz10kN,Bearing3_4,B_mahalanobis,3,18,0.5166666666666667
XJTU-SY,40Hz10kN,Bearing3_4,A_rms_3sigma,3,18,0.0
XJTU-SY,40Hz10kN,Bearing3_4,B_mahalanobis,3,18,0.08333333333333333
XJTU-SY,40Hz10kN,Bearing3_4,A_rms_3sigma,3,18,0.0
XJTU-SY,40Hz10kN,Bearing3_4,B_mahalanobis,3,18,0.3
XJTU-SY,40Hz10kN,Bearing3_4,A_rms_3sigma,3,18,0.0
XJTU-SY,40Hz10kN,Bearing3_4,B_mahalanobis,3,18,0.5166666666666667
XJTU-SY,40Hz10kN,Bearing3_4,A_rms_3sigma,3,18,0.0
XJTU-SY,40Hz10kN,Bearing3_4,B_mahalanobis,3,18,0.95
XJTU-SY,40Hz10kN,Bearing3_4,A_rms_3sigma,3,18,0.0
XJTU-SY,40Hz10kN,Bearing3_4,B_mahalanobis,3,18,0.8
XJTU-SY,40Hz10kN,Bearing3_4,A_rms_3sigma,3,18,0.0
XJTU-SY,40Hz10kN,Bearing3_4,B_mahalanobis,3,18,0.7666666666666667
XJTU-SY,40Hz10kN,Bearing3_4,A_rms_3sigma,3,18,0.0
XJTU-SY,40Hz10kN,Bearing3_4,B_mahalanobis,3,18,1.0
XJTU-SY,40Hz10kN,Bearing3_4,A_rms_3sigma,3,18,0.0
XJTU-SY,40Hz10kN,Bearing3_4,B_mahalanobis,3,18,1.0
XJTU-SY,40Hz10kN,Bearing3_4,A_rms_3sigma,3,18,0.0
XJTU-SY,40Hz10kN,Bearing3_4,B_mahalanobis,3,18,0.85
XJTU-SY,40Hz10kN,Bearing3_4,A_rms_3sigma,3,18,0.0
XJTU-SY,40Hz10kN,Bearing3_4,B_mahalanobis,3,18,1.0
XJTU-SY,40Hz10kN,Bearing3_4,A_rms_3sigma,3,18,0.0
XJTU-SY,40Hz10kN,Bearing3_4,B_mahalanobis,3,18,0.9333333333333333
XJTU-SY,40Hz10kN,Bearing3_4,A_rms_3sigma,3,18,0.0
XJTU-SY,40Hz10kN,Bearing3_4,B_mahalanobis,3,18,0.16666666666666666
XJTU-SY,40Hz10kN,Bearing3_4,A_rms_3sigma,3,18,0.0
XJTU-SY,40Hz10kN,Bearing3_4,B_mahalanobis,3,18,1.0
XJTU-SY,40Hz10kN,Bearing3_4,A_rms_3sigma,3,18,0.0
XJTU-SY,40Hz10kN,Bearing3_4,B_mahalanobis,3,18,0.55
XJTU-SY,40Hz10kN,Bearing3_4,A_rms_3sigma,3,18,0.0
XJTU-SY,40Hz10kN,Bearing3_4,B_mahalanobis,3,18,1.0
XJTU-SY,40Hz10kN,Bearing3_4,A_rms_3sigma,3,18,0.0
XJTU-SY,40Hz10kN,Bearing3_4,B_mahalanobis,3,18,1.0
XJTU-SY,40Hz10kN,Bearing3_4,A_rms_3sigma,3,18,0.0
XJTU-SY,40Hz10kN,Bearing3_4,B_mahalanobis,3,18,0.7333333333333333
XJTU-SY,40Hz10kN,Bearing3_4,A_rms_3sigma,3,18,0.0
XJTU-SY,40Hz10kN,Bearing3_4,B_mahalanobis,3,18,0.48333333333333334
XJTU-SY,40Hz10kN,Bearing3_4,A_rms_3sigma,3,18,0.0
XJTU-SY,40Hz10kN,Bearing3_4,B_mahalanobis,3,18,0.7
XJTU-SY,40Hz10kN,Bearing3_4,A_rms_3sigma,3,18,0.0
XJTU-SY,40Hz10kN,Bearing3_4,B_mahalanobis,3,18,0.15
XJTU-SY,40Hz10kN,Bearing3_4,A_rms_3sigma,3,18,0.0
XJTU-SY,40Hz10kN,Bearing3_4,B_mahalanobis,3,18,0.9833333333333333
XJTU-SY,40Hz10kN,Bearing3_4,A_rms_3sigma,3,18,0.0
XJTU-SY,40Hz10kN,Bearing3_4,B_mahalanobis,3,18,0.48333333333333334
XJTU-SY,40Hz10kN,Bearing3_4,A_rms_3sigma,3,18,0.0
XJTU-SY,40Hz10kN,Bearing3_4,B_mahalanobis,3,18,0.75
XJTU-SY,40Hz10kN,Bearing3_4,A_rms_3sigma,3,18,0.0
XJTU-SY,40Hz10kN,Bearing3_4,B_mahalanobis,3,18,0.9
XJTU-SY,40Hz10kN,Bearing3_4,A_rms_3sigma,3,18,0.0
XJTU-SY,40Hz10kN,Bearing3_4,B_mahalanobis,3,18,0.26666666666666666
XJTU-SY,40Hz10kN,Bearing3_4,A_rms_3sigma,3,18,0.0
XJTU-SY,40Hz10kN,Bearing3_4,B_mahalanobis,3,18,0.4666666666666667
XJTU-SY,40Hz10kN,Bearing3_4,A_rms_3sigma,3,18,0.0
XJTU-SY,40Hz10kN,Bearing3_4,B_mahalanobis,3,18,0.95
XJTU-SY,40Hz10kN,Bearing3_4,A_rms_3sigma,3,18,0.0
XJTU-SY,40Hz10kN,Bearing3_4,B_mahalanobis,3,18,1.0
XJTU-SY,40Hz10kN,Bearing3_4,A_rms_3sigma,3,18,0.0
XJTU-SY,40Hz10kN,Bearing3_4,B_mahalanobis,3,18,0.9833333333333333
XJTU-SY,40Hz10kN,Bearing3_4,A_rms_3sigma,3,18,0.0
XJTU-SY,40Hz10kN,Bearing3_4,B_mahalanobis,3,18,0.9833333333333333
XJTU-SY,40Hz10kN,Bearing3_4,A_rms_3sigma,3,18,0.0
XJTU-SY,40Hz10kN,Bearing3_4,B_mahalanobis,3,18,0.95
XJTU-SY,40Hz10kN,Bearing3_4,A_rms_3sigma,3,18,0.0
XJTU-SY,40Hz10kN,Bearing3_4,B_mahalanobis,3,18,0.9833333333333333
XJTU-SY,40Hz10kN,Bearing3_4,A_rms_3sigma,3,18,0.0
XJTU-SY,40Hz10kN,Bearing3_4,B_mahalanobis,3,18,0.9333333333333333
XJTU-SY,40Hz10kN,Bearing3_4,A_rms_3sigma,3,18,0.0
XJTU-SY,40Hz10kN,Bearing3_4,B_mahalanobis,3,18,0.45
XJTU-SY,40Hz10kN,Bearing3_4,A_rms_3sigma,3,18,0.0
XJTU-SY,40Hz10kN,Bearing3_4,B_mahalanobis,3,18,0.9166666666666666
XJTU-SY,40Hz10kN,Bearing3_4,A_rms_3sigma,3,18,0.0
XJTU-SY,40Hz10kN,Bearing3_4,B_mahalanobis,3,18,0.9833333333333333
XJTU-SY,40Hz10kN,Bearing3_4,A_rms_3sigma,3,18,0.0
XJTU-SY,40Hz10kN,Bearing3_4,B_mahalanobis,3,18,0.9833333333333333
XJTU-SY,40Hz10kN,Bearing3_4,A_rms_3sigma,3,18,0.0
XJTU-SY,40Hz10kN,Bearing3_4,B_mahalanobis,3,18,1.0
XJTU-SY,40Hz10kN,Bearing3_4,A_rms_3sigma,3,18,0.0
XJTU-SY,40Hz10kN,Bearing3_4,B_mahalanobis,3,18,0.8666666666666667
XJTU-SY,40Hz10kN,Bearing3_4,A_rms_3sigma,3,18,0.0
XJTU-SY,40Hz10kN,Bearing3_4,B_mahalanobis,3,18,0.5833333333333334
XJTU-SY,40Hz10kN,Bearing3_4,A_rms_3sigma,3,18,0.0
XJTU-SY,40Hz10kN,Bearing3_4,B_mahalanobis,3,18,1.0
XJTU-SY,40Hz10kN,Bearing3_4,A_rms_3sigma,3,18,0.0
XJTU-SY,40Hz10kN,Bearing3_4,B_mahalanobis,3,18,0.4166666666666667
XJTU-SY,40Hz10kN,Bearing3_4,A_rms_3sigma,3,18,0.0
XJTU-SY,40Hz10kN,Bearing3_4,B_mahalanobis,3,18,0.6333333333333333
XJTU-SY,40Hz10kN,Bearing3_4,A_rms_3sigma,3,18,0.0
XJTU-SY,40Hz10kN,Bearing3_4,B_mahalanobis,3,18,1.0
XJTU-SY,40Hz10kN,Bearing3_4,A_rms_3sigma,3,18,0.0
XJTU-SY,40Hz10kN,Bearing3_4,B_mahalanobis,3,18,1.0
XJTU-SY,40Hz10kN,Bearing3_4,A_rms_3sigma,3,18,0.0
XJTU-SY,40Hz10kN,Bearing3_4,B_mahalanobis,3,18,1.0
XJTU-SY,40Hz10kN,Bearing3_4,A_rms_3sigma,4,20,0.0
XJTU-SY,40Hz10kN,Bearing3_4,B_mahalanobis,4,20,0.8
XJTU-SY,40Hz10kN,Bearing3_4,A_rms_3sigma,4,20,0.0
XJTU-SY,40Hz10kN,Bearing3_4,B_mahalanobis,4,20,0.6
XJTU-SY,40Hz10kN,Bearing3_4,A_rms_3sigma,4,20,0.0
XJTU-SY,40Hz10kN,Bearing3_4,B_mahalanobis,4,20,0.4166666666666667
XJTU-SY,40Hz10kN,Bearing3_4,A_rms_3sigma,4,20,0.0
XJTU-SY,40Hz10kN,Bearing3_4,B_mahalanobis,4,20,0.6833333333333333
XJTU-SY,40Hz10kN,Bearing3_4,A_rms_3sigma,4,20,0.0
XJTU-SY,40Hz10kN,Bearing3_4,B_mahalanobis,4,20,0.5833333333333334
XJTU-SY,40Hz10kN,Bearing3_4,A_rms_3sigma,4,20,0.0
XJTU-SY,40Hz10kN,Bearing3_4,B_mahalanobis,4,20,0.6166666666666667
XJTU-SY,40Hz10kN,Bearing3_4,A_rms_3sigma,4,20,0.0
XJTU-SY,40Hz10kN,Bearing3_4,B_mahalanobis,4,20,0.25
XJTU-SY,40Hz10kN,Bearing3_4,A_rms_3sigma,4,20,0.0
XJTU-SY,40Hz10kN,Bearing3_4,B_mahalanobis,4,20,0.23333333333333334
XJTU-SY,40Hz10kN,Bearing3_4,A_rms_3sigma,4,20,0.0
XJTU-SY,40Hz10kN,Bearing3_4,B_mahalanobis,4,20,0.6166666666666667
XJTU-SY,40Hz10kN,Bearing3_4,A_rms_3sigma,4,20,0.0
XJTU-SY,40Hz10kN,Bearing3_4,B_mahalanobis,4,20,0.6166666666666667
XJTU-SY,40Hz10kN,Bearing3_4,A_rms_3sigma,4,20,0.0
XJTU-SY,40Hz10kN,Bearing3_4,B_mahalanobis,4,20,0.38333333333333336
XJTU-SY,40Hz10kN,Bearing3_4,A_rms_3sigma,4,20,0.0
XJTU-SY,40Hz10kN,Bearing3_4,B_mahalanobis,4,20,0.48333333333333334
XJTU-SY,40Hz10kN,Bearing3_4,A_rms_3sigma,4,20,0.0
XJTU-SY,40Hz10kN,Bearing3_4,B_mahalanobis,4,20,0.43333333333333335
XJTU-SY,40Hz10kN,Bearing3_4,A_rms_3sigma,4,20,0.0
XJTU-SY,40Hz10kN,Bearing3_4,B_mahalanobis,4,20,0.3
XJTU-SY,40Hz10kN,Bearing3_4,A_rms_3sigma,4,20,0.0
XJTU-SY,40Hz10kN,Bearing3_4,B_mahalanobis,4,20,0.3
XJTU-SY,40Hz10kN,Bearing3_4,A_rms_3sigma,4,20,0.0
XJTU-SY,40Hz10kN,Bearing3_4,B_mahalanobis,4,20,0.48333333333333334
XJTU-SY,40Hz10kN,Bearing3_4,A_rms_3sigma,4,20,0.0
XJTU-SY,40Hz10kN,Bearing3_4,B_mahalanobis,4,20,0.4666666666666667
XJTU-SY,40Hz10kN,Bearing3_4,A_rms_3sigma,4,20,0.0
XJTU-SY,40Hz10kN,Bearing3_4,B_mahalanobis,4,20,0.6833333333333333
XJTU-SY,40Hz10kN,Bearing3_4,A_rms_3sigma,4,20,0.0
XJTU-SY,40Hz10kN,Bearing3_4,B_mahalanobis,4,20,0.8166666666666667
XJTU-SY,40Hz10kN,Bearing3_4,A_rms_3sigma,4,20,0.0
XJTU-SY,40Hz10kN,Bearing3_4,B_mahalanobis,4,20,0.4166666666666667
XJTU-SY,40Hz10kN,Bearing3_4,A_rms_3sigma,4,20,0.0
XJTU-SY,40Hz10kN,Bearing3_4,B_mahalanobis,4,20,0.8
XJTU-SY,40Hz10kN,Bearing3_4,A_rms_3sigma,4,20,0.0
XJTU-SY,40Hz10kN,Bearing3_4,B_mahalanobis,4,20,0.7833333333333333
XJTU-SY,40Hz10kN,Bearing3_4,A_rms_3sigma,4,20,0.0
XJTU-SY,40Hz10kN,Bearing3_4,B_mahalanobis,4,20,0.75
XJTU-SY,40Hz10kN,Bearing3_4,A_rms_3sigma,4,20,0.0
XJTU-SY,40Hz10kN,Bearing3_4,B_mahalanobis,4,20,0.03333333333333333
XJTU-SY,40Hz10kN,Bearing3_4,A_rms_3sigma,4,20,0.0
XJTU-SY,40Hz10kN,Bearing3_4,B_mahalanobis,4,20,0.31666666666666665
XJTU-SY,40Hz10kN,Bearing3_4,A_rms_3sigma,4,20,0.0
XJTU-SY,40Hz10kN,Bearing3_4,B_mahalanobis,4,20,0.7333333333333333
XJTU-SY,40Hz10kN,Bearing3_4,A_rms_3sigma,4,20,0.0
XJTU-SY,40Hz10kN,Bearing3_4,B_mahalanobis,4,20,0.5
XJTU-SY,40Hz10kN,Bearing3_4,A_rms_3sigma,4,20,0.0
XJTU-SY,40Hz10kN,Bearing3_4,B_mahalanobis,4,20,0.6333333333333333
XJTU-SY,40Hz10kN,Bearing3_4,A_rms_3sigma,4,20,0.0
XJTU-SY,40Hz10kN,Bearing3_4,B_mahalanobis,4,20,0.7166666666666667
XJTU-SY,40Hz10kN,Bearing3_4,A_rms_3sigma,4,20,0.0
XJTU-SY,40Hz10kN,Bearing3_4,B_mahalanobis,4,20,1.0
XJTU-SY,40Hz10kN,Bearing3_4,A_rms_3sigma,4,20,0.0
XJTU-SY,40Hz10kN,Bearing3_4,B_mahalanobis,4,20,0.6833333333333333
XJTU-SY,40Hz10kN,Bearing3_4,A_rms_3sigma,4,20,0.0
XJTU-SY,40Hz10kN,Bearing3_4,B_mahalanobis,4,20,0.05
XJTU-SY,40Hz10kN,Bearing3_4,A_rms_3sigma,4,20,0.0
XJTU-SY,40Hz10kN,Bearing3_4,B_mahalanobis,4,20,0.8666666666666667
XJTU-SY,40Hz10kN,Bearing3_4,A_rms_3sigma,4,20,0.0
XJTU-SY,40Hz10kN,Bearing3_4,B_mahalanobis,4,20,0.75
XJTU-SY,40Hz10kN,Bearing3_4,A_rms_3sigma,4,20,0.0
XJTU-SY,40Hz10kN,Bearing3_4,B_mahalanobis,4,20,0.5833333333333334
XJTU-SY,40Hz10kN,Bearing3_4,A_rms_3sigma,4,20,0.0
XJTU-SY,40Hz10kN,Bearing3_4,B_mahalanobis,4,20,0.6166666666666667
XJTU-SY,40Hz10kN,Bearing3_4,A_rms_3sigma,4,20,0.0
XJTU-SY,40Hz10kN,Bearing3_4,B_mahalanobis,4,20,0.0
XJTU-SY,40Hz10kN,Bearing3_4,A_rms_3sigma,4,20,0.0
XJTU-SY,40Hz10kN,Bearing3_4,B_mahalanobis,4,20,0.35
XJTU-SY,40Hz10kN,Bearing3_4,A_rms_3sigma,4,20,0.0
XJTU-SY,40Hz10kN,Bearing3_4,B_mahalanobis,4,20,0.8
XJTU-SY,40Hz10kN,Bearing3_4,A_rms_3sigma,4,20,0.0
XJTU-SY,40Hz10kN,Bearing3_4,B_mahalanobis,4,20,0.5333333333333333
XJTU-SY,40Hz10kN,Bearing3_4,A_rms_3sigma,4,20,0.0
XJTU-SY,40Hz10kN,Bearing3_4,B_mahalanobis,4,20,0.6
XJTU-SY,40Hz10kN,Bearing3_4,A_rms_3sigma,4,20,0.0
XJTU-SY,40Hz10kN,Bearing3_4,B_mahalanobis,4,20,0.6
XJTU-SY,40Hz10kN,Bearing3_4,A_rms_3sigma,4,20,0.0
XJTU-SY,40Hz10kN,Bearing3_4,B_mahalanobis,4,20,0.6833333333333333
XJTU-SY,40Hz10kN,Bearing3_4,A_rms_3sigma,4,20,0.0
XJTU-SY,40Hz10kN,Bearing3_4,B_mahalanobis,4,20,0.55
XJTU-SY,40Hz10kN,Bearing3_4,A_rms_3sigma,4,20,0.0
XJTU-SY,40Hz10kN,Bearing3_4,B_mahalanobis,4,20,0.7166666666666667
XJTU-SY,40Hz10kN,Bearing3_4,A_rms_3sigma,4,20,0.0
XJTU-SY,40Hz10kN,Bearing3_4,B_mahalanobis,4,20,0.38333333333333336
XJTU-SY,40Hz10kN,Bearing3_4,A_rms_3sigma,4,20,0.0
XJTU-SY,40Hz10kN,Bearing3_4,B_mahalanobis,4,20,0.5166666666666667
XJTU-SY,40Hz10kN,Bearing3_4,A_rms_3sigma,4,20,0.0
XJTU-SY,40Hz10kN,Bearing3_4,B_mahalanobis,4,20,0.9166666666666666
XJTU-SY,40Hz10kN,Bearing3_4,A_rms_3sigma,4,20,0.0
XJTU-SY,40Hz10kN,Bearing3_4,B_mahalanobis,4,20,0.6333333333333333
XJTU-SY,40Hz10kN,Bearing3_4,A_rms_3sigma,4,20,0.0
XJTU-SY,40Hz10kN,Bearing3_4,B_mahalanobis,4,20,0.5333333333333333
XJTU-SY,40Hz10kN,Bearing3_5,A_rms_3sigma,1,20,1.0
XJTU-SY,40Hz10kN,Bearing3_5,B_mahalanobis,1,20,1.0
XJTU-SY,40Hz10kN,Bearing3_5,A_rms_3sigma,1,20,1.0
XJTU-SY,40Hz10kN,Bearing3_5,B_mahalanobis,1,20,1.0
XJTU-SY,40Hz10kN,Bearing3_5,A_rms_3sigma,1,20,1.0
XJTU-SY,40Hz10kN,Bearing3_5,B_mahalanobis,1,20,1.0
XJTU-SY,40Hz10kN,Bearing3_5,A_rms_3sigma,1,20,1.0
XJTU-SY,40Hz10kN,Bearing3_5,B_mahalanobis,1,20,1.0
XJTU-SY,40Hz10kN,Bearing3_5,A_rms_3sigma,1,20,1.0
XJTU-SY,40Hz10kN,Bearing3_5,B_mahalanobis,1,20,1.0
XJTU-SY,40Hz10kN,Bearing3_5,A_rms_3sigma,1,20,1.0
XJTU-SY,40Hz10kN,Bearing3_5,B_mahalanobis,1,20,1.0
XJTU-SY,40Hz10kN,Bearing3_5,A_rms_3sigma,1,20,1.0
XJTU-SY,40Hz10kN,Bearing3_5,B_mahalanobis,1,20,1.0
XJTU-SY,40Hz10kN,Bearing3_5,A_rms_3sigma,1,20,0.6
XJTU-SY,40Hz10kN,Bearing3_5,B_mahalanobis,1,20,0.95
XJTU-SY,40Hz10kN,Bearing3_5,A_rms_3sigma,1,20,1.0
XJTU-SY,40Hz10kN,Bearing3_5,B_mahalanobis,1,20,1.0
XJTU-SY,40Hz10kN,Bearing3_5,A_rms_3sigma,1,20,1.0
XJTU-SY,40Hz10kN,Bearing3_5,B_mahalanobis,1,20,1.0
XJTU-SY,40Hz10kN,Bearing3_5,A_rms_3sigma,1,20,1.0
XJTU-SY,40Hz10kN,Bearing3_5,B_mahalanobis,1,20,1.0
XJTU-SY,40Hz10kN,Bearing3_5,A_rms_3sigma,1,20,1.0
XJTU-SY,40Hz10kN,Bearing3_5,B_mahalanobis,1,20,1.0
XJTU-SY,40Hz10kN,Bearing3_5,A_rms_3sigma,1,20,1.0
XJTU-SY,40Hz10kN,Bearing3_5,B_mahalanobis,1,20,1.0
XJTU-SY,40Hz10kN,Bearing3_5,A_rms_3sigma,1,20,1.0
XJTU-SY,40Hz10kN,Bearing3_5,B_mahalanobis,1,20,1.0
XJTU-SY,40Hz10kN,Bearing3_5,A_rms_3sigma,1,20,1.0
XJTU-SY,40Hz10kN,Bearing3_5,B_mahalanobis,1,20,1.0
XJTU-SY,40Hz10kN,Bearing3_5,A_rms_3sigma,1,20,1.0
XJTU-SY,40Hz10kN,Bearing3_5,B_mahalanobis,1,20,1.0
XJTU-SY,40Hz10kN,Bearing3_5,A_rms_3sigma,1,20,1.0
XJTU-SY,40Hz10kN,Bearing3_5,B_mahalanobis,1,20,1.0
XJTU-SY,40Hz10kN,Bearing3_5,A_rms_3sigma,1,20,1.0
XJTU-SY,40Hz10kN,Bearing3_5,B_mahalanobis,1,20,1.0
XJTU-SY,40Hz10kN,Bearing3_5,A_rms_3sigma,1,20,1.0
XJTU-SY,40Hz10kN,Bearing3_5,B_mahalanobis,1,20,1.0
XJTU-SY,40Hz10kN,Bearing3_5,A_rms_3sigma,1,20,1.0
XJTU-SY,40Hz10kN,Bearing3_5,B_mahalanobis,1,20,1.0
XJTU-SY,40Hz10kN,Bearing3_5,A_rms_3sigma,1,20,0.6
XJTU-SY,40Hz10kN,Bearing3_5,B_mahalanobis,1,20,0.95
XJTU-SY,40Hz10kN,Bearing3_5,A_rms_3sigma,1,20,1.0
XJTU-SY,40Hz10kN,Bearing3_5,B_mahalanobis,1,20,1.0
XJTU-SY,40Hz10kN,Bearing3_5,A_rms_3sigma,1,20,1.0
XJTU-SY,40Hz10kN,Bearing3_5,B_mahalanobis,1,20,1.0
XJTU-SY,40Hz10kN,Bearing3_5,A_rms_3sigma,1,20,1.0
XJTU-SY,40Hz10kN,Bearing3_5,B_mahalanobis,1,20,1.0
XJTU-SY,40Hz10kN,Bearing3_5,A_rms_3sigma,1,20,1.0
XJTU-SY,40Hz10kN,Bearing3_5,B_mahalanobis,1,20,1.0
XJTU-SY,40Hz10kN,Bearing3_5,A_rms_3sigma,1,20,1.0
XJTU-SY,40Hz10kN,Bearing3_5,B_mahalanobis,1,20,1.0
XJTU-SY,40Hz10kN,Bearing3_5,A_rms_3sigma,1,20,0.6
XJTU-SY,40Hz10kN,Bearing3_5,B_mahalanobis,1,20,0.95
XJTU-SY,40Hz10kN,Bearing3_5,A_rms_3sigma,1,20,1.0
XJTU-SY,40Hz10kN,Bearing3_5,B_mahalanobis,1,20,1.0
XJTU-SY,40Hz10kN,Bearing3_5,A_rms_3sigma,1,20,1.0
XJTU-SY,40Hz10kN,Bearing3_5,B_mahalanobis,1,20,1.0
XJTU-SY,40Hz10kN,Bearing3_5,A_rms_3sigma,1,20,1.0
XJTU-SY,40Hz10kN,Bearing3_5,B_mahalanobis,1,20,1.0
XJTU-SY,40Hz10kN,Bearing3_5,A_rms_3sigma,1,20,1.0
XJTU-SY,40Hz10kN,Bearing3_5,B_mahalanobis,1,20,1.0
XJTU-SY,40Hz10kN,Bearing3_5,A_rms_3sigma,1,20,1.0
XJTU-SY,40Hz10kN,Bearing3_5,B_mahalanobis,1,20,1.0
XJTU-SY,40Hz10kN,Bearing3_5,A_rms_3sigma,1,20,0.6
XJTU-SY,40Hz10kN,Bearing3_5,B_mahalanobis,1,20,0.95
XJTU-SY,40Hz10kN,Bearing3_5,A_rms_3sigma,1,20,0.6
XJTU-SY,40Hz10kN,Bearing3_5,B_mahalanobis,1,20,0.95
XJTU-SY,40Hz10kN,Bearing3_5,A_rms_3sigma,1,20,0.6
XJTU-SY,40Hz10kN,Bearing3_5,B_mahalanobis,1,20,0.95
XJTU-SY,40Hz10kN,Bearing3_5,A_rms_3sigma,1,20,0.6
XJTU-SY,40Hz10kN,Bearing3_5,B_mahalanobis,1,20,0.95
XJTU-SY,40Hz10kN,Bearing3_5,A_rms_3sigma,1,20,1.0
XJTU-SY,40Hz10kN,Bearing3_5,B_mahalanobis,1,20,1.0
XJTU-SY,40Hz10kN,Bearing3_5,A_rms_3sigma,1,20,1.0
XJTU-SY,40Hz10kN,Bearing3_5,B_mahalanobis,1,20,1.0
XJTU-SY,40Hz10kN,Bearing3_5,A_rms_3sigma,1,20,0.6
XJTU-SY,40Hz10kN,Bearing3_5,B_mahalanobis,1,20,0.95
XJTU-SY,40Hz10kN,Bearing3_5,A_rms_3sigma,1,20,1.0
XJTU-SY,40Hz10kN,Bearing3_5,B_mahalanobis,1,20,1.0
XJTU-SY,40Hz10kN,Bearing3_5,A_rms_3sigma,1,20,1.0
XJTU-SY,40Hz10kN,Bearing3_5,B_mahalanobis,1,20,1.0
XJTU-SY,40Hz10kN,Bearing3_5,A_rms_3sigma,1,20,1.0
XJTU-SY,40Hz10kN,Bearing3_5,B_mahalanobis,1,20,1.0
XJTU-SY,40Hz10kN,Bearing3_5,A_rms_3sigma,1,20,1.0
XJTU-SY,40Hz10kN,Bearing3_5,B_mahalanobis,1,20,1.0
XJTU-SY,40Hz10kN,Bearing3_5,A_rms_3sigma,1,20,0.65
XJTU-SY,40Hz10kN,Bearing3_5,B_mahalanobis,1,20,0.95
XJTU-SY,40Hz10kN,Bearing3_5,A_rms_3sigma,1,20,0.65
XJTU-SY,40Hz10kN,Bearing3_5,B_mahalanobis,1,20,0.95
XJTU-SY,40Hz10kN,Bearing3_5,A_rms_3sigma,1,20,1.0
XJTU-SY,40Hz10kN,Bearing3_5,B_mahalanobis,1,20,1.0
XJTU-SY,40Hz10kN,Bearing3_5,A_rms_3sigma,1,20,1.0
XJTU-SY,40Hz10kN,Bearing3_5,B_mahalanobis,1,20,1.0
XJTU-SY,40Hz10kN,Bearing3_5,A_rms_3sigma,1,20,1.0
XJTU-SY,40Hz10kN,Bearing3_5,B_mahalanobis,1,20,1.0
XJTU-SY,40Hz10kN,Bearing3_5,A_rms_3sigma,1,20,0.6
XJTU-SY,40Hz10kN,Bearing3_5,B_mahalanobis,1,20,1.0
XJTU-SY,40Hz10kN,Bearing3_5,A_rms_3sigma,1,20,1.0
XJTU-SY,40Hz10kN,Bearing3_5,B_mahalanobis,1,20,1.0
XJTU-SY,40Hz10kN,Bearing3_5,A_rms_3sigma,2,20,0.6
XJTU-SY,40Hz10kN,Bearing3_5,B_mahalanobis,2,20,0.9
XJTU-SY,40Hz10kN,Bearing3_5,A_rms_3sigma,2,20,1.0
XJTU-SY,40Hz10kN,Bearing3_5,B_mahalanobis,2,20,0.95
XJTU-SY,40Hz10kN,Bearing3_5,A_rms_3sigma,2,20,1.0
XJTU-SY,40Hz10kN,Bearing3_5,B_mahalanobis,2,20,1.0
XJTU-SY,40Hz10kN,Bearing3_5,A_rms_3sigma,2,20,1.0
XJTU-SY,40Hz10kN,Bearing3_5,B_mahalanobis,2,20,1.0
XJTU-SY,40Hz10kN,Bearing3_5,A_rms_3sigma,2,20,1.0
XJTU-SY,40Hz10kN,Bearing3_5,B_mahalanobis,2,20,1.0
XJTU-SY,40Hz10kN,Bearing3_5,A_rms_3sigma,2,20,0.65
XJTU-SY,40Hz10kN,Bearing3_5,B_mahalanobis,2,20,0.85
XJTU-SY,40Hz10kN,Bearing3_5,A_rms_3sigma,2,20,1.0
XJTU-SY,40Hz10kN,Bearing3_5,B_mahalanobis,2,20,1.0
XJTU-SY,40Hz10kN,Bearing3_5,A_rms_3sigma,2,20,1.0
XJTU-SY,40Hz10kN,Bearing3_5,B_mahalanobis,2,20,1.0
XJTU-SY,40Hz10kN,Bearing3_5,A_rms_3sigma,2,20,1.0
XJTU-SY,40Hz10kN,Bearing3_5,B_mahalanobis,2,20,1.0
XJTU-SY,40Hz10kN,Bearing3_5,A_rms_3sigma,2,20,1.0
XJTU-SY,40Hz10kN,Bearing3_5,B_mahalanobis,2,20,1.0
XJTU-SY,40Hz10kN,Bearing3_5,A_rms_3sigma,2,20,1.0
XJTU-SY,40Hz10kN,Bearing3_5,B_mahalanobis,2,20,1.0
XJTU-SY,40Hz10kN,Bearing3_5,A_rms_3sigma,2,20,1.0
XJTU-SY,40Hz10kN,Bearing3_5,B_mahalanobis,2,20,1.0
XJTU-SY,40Hz10kN,Bearing3_5,A_rms_3sigma,2,20,0.65
XJTU-SY,40Hz10kN,Bearing3_5,B_mahalanobis,2,20,0.7
XJTU-SY,40Hz10kN,Bearing3_5,A_rms_3sigma,2,20,1.0
XJTU-SY,40Hz10kN,Bearing3_5,B_mahalanobis,2,20,1.0
XJTU-SY,40Hz10kN,Bearing3_5,A_rms_3sigma,2,20,1.0
XJTU-SY,40Hz10kN,Bearing3_5,B_mahalanobis,2,20,0.9
XJTU-SY,40Hz10kN,Bearing3_5,A_rms_3sigma,2,20,1.0
XJTU-SY,40Hz10kN,Bearing3_5,B_mahalanobis,2,20,0.95
XJTU-SY,40Hz10kN,Bearing3_5,A_rms_3sigma,2,20,0.6
XJTU-SY,40Hz10kN,Bearing3_5,B_mahalanobis,2,20,0.9
XJTU-SY,40Hz10kN,Bearing3_5,A_rms_3sigma,2,20,1.0
XJTU-SY,40Hz10kN,Bearing3_5,B_mahalanobis,2,20,1.0
XJTU-SY,40Hz10kN,Bearing3_5,A_rms_3sigma,2,20,0.6
XJTU-SY,40Hz10kN,Bearing3_5,B_mahalanobis,2,20,0.7
XJTU-SY,40Hz10kN,Bearing3_5,A_rms_3sigma,2,20,1.0
XJTU-SY,40Hz10kN,Bearing3_5,B_mahalanobis,2,20,1.0
XJTU-SY,40Hz10kN,Bearing3_5,A_rms_3sigma,2,20,0.65
XJTU-SY,40Hz10kN,Bearing3_5,B_mahalanobis,2,20,0.75
XJTU-SY,40Hz10kN,Bearing3_5,A_rms_3sigma,2,20,1.0
XJTU-SY,40Hz10kN,Bearing3_5,B_mahalanobis,2,20,1.0
XJTU-SY,40Hz10kN,Bearing3_5,A_rms_3sigma,2,20,0.65
XJTU-SY,40Hz10kN,Bearing3_5,B_mahalanobis,2,20,0.65
XJTU-SY,40Hz10kN,Bearing3_5,A_rms_3sigma,2,20,1.0
XJTU-SY,40Hz10kN,Bearing3_5,B_mahalanobis,2,20,1.0
XJTU-SY,40Hz10kN,Bearing3_5,A_rms_3sigma,2,20,0.6
XJTU-SY,40Hz10kN,Bearing3_5,B_mahalanobis,2,20,0.7
XJTU-SY,40Hz10kN,Bearing3_5,A_rms_3sigma,2,20,1.0
XJTU-SY,40Hz10kN,Bearing3_5,B_mahalanobis,2,20,1.0
XJTU-SY,40Hz10kN,Bearing3_5,A_rms_3sigma,2,20,1.0
XJTU-SY,40Hz10kN,Bearing3_5,B_mahalanobis,2,20,1.0
XJTU-SY,40Hz10kN,Bearing3_5,A_rms_3sigma,2,20,1.0
XJTU-SY,40Hz10kN,Bearing3_5,B_mahalanobis,2,20,1.0
XJTU-SY,40Hz10kN,Bearing3_5,A_rms_3sigma,2,20,1.0
XJTU-SY,40Hz10kN,Bearing3_5,B_mahalanobis,2,20,1.0
XJTU-SY,40Hz10kN,Bearing3_5,A_rms_3sigma,2,20,1.0
XJTU-SY,40Hz10kN,Bearing3_5,B_mahalanobis,2,20,1.0
XJTU-SY,40Hz10kN,Bearing3_5,A_rms_3sigma,2,20,0.6
XJTU-SY,40Hz10kN,Bearing3_5,B_mahalanobis,2,20,0.65
XJTU-SY,40Hz10kN,Bearing3_5,A_rms_3sigma,2,20,0.65
XJTU-SY,40Hz10kN,Bearing3_5,B_mahalanobis,2,20,0.65
XJTU-SY,40Hz10kN,Bearing3_5,A_rms_3sigma,2,20,1.0
XJTU-SY,40Hz10kN,Bearing3_5,B_mahalanobis,2,20,1.0
XJTU-SY,40Hz10kN,Bearing3_5,A_rms_3sigma,2,20,1.0
XJTU-SY,40Hz10kN,Bearing3_5,B_mahalanobis,2,20,1.0
XJTU-SY,40Hz10kN,Bearing3_5,A_rms_3sigma,2,20,0.6
XJTU-SY,40Hz10kN,Bearing3_5,B_mahalanobis,2,20,0.85
XJTU-SY,40Hz10kN,Bearing3_5,A_rms_3sigma,2,20,1.0
XJTU-SY,40Hz10kN,Bearing3_5,B_mahalanobis,2,20,1.0
XJTU-SY,40Hz10kN,Bearing3_5,A_rms_3sigma,2,20,0.6
XJTU-SY,40Hz10kN,Bearing3_5,B_mahalanobis,2,20,0.65
XJTU-SY,40Hz10kN,Bearing3_5,A_rms_3sigma,2,20,1.0
XJTU-SY,40Hz10kN,Bearing3_5,B_mahalanobis,2,20,1.0
XJTU-SY,40Hz10kN,Bearing3_5,A_rms_3sigma,2,20,1.0
XJTU-SY,40Hz10kN,Bearing3_5,B_mahalanobis,2,20,1.0
XJTU-SY,40Hz10kN,Bearing3_5,A_rms_3sigma,2,20,0.6
XJTU-SY,40Hz10kN,Bearing3_5,B_mahalanobis,2,20,0.65
XJTU-SY,40Hz10kN,Bearing3_5,A_rms_3sigma,2,20,0.7
XJTU-SY,40Hz10kN,Bearing3_5,B_mahalanobis,2,20,0.8
XJTU-SY,40Hz10kN,Bearing3_5,A_rms_3sigma,2,20,0.6
XJTU-SY,40Hz10kN,Bearing3_5,B_mahalanobis,2,20,0.7
XJTU-SY,40Hz10kN,Bearing3_5,A_rms_3sigma,2,20,1.0
XJTU-SY,40Hz10kN,Bearing3_5,B_mahalanobis,2,20,0.95
XJTU-SY,40Hz10kN,Bearing3_5,A_rms_3sigma,2,20,1.0
XJTU-SY,40Hz10kN,Bearing3_5,B_mahalanobis,2,20,1.0
XJTU-SY,40Hz10kN,Bearing3_5,A_rms_3sigma,2,20,0.65
XJTU-SY,40Hz10kN,Bearing3_5,B_mahalanobis,2,20,0.85
XJTU-SY,40Hz10kN,Bearing3_5,A_rms_3sigma,2,20,1.0
XJTU-SY,40Hz10kN,Bearing3_5,B_mahalanobis,2,20,1.0
XJTU-SY,40Hz10kN,Bearing3_5,A_rms_3sigma,2,20,0.65
XJTU-SY,40Hz10kN,Bearing3_5,B_mahalanobis,2,20,0.7
XJTU-SY,40Hz10kN,Bearing3_5,A_rms_3sigma,2,20,1.0
XJTU-SY,40Hz10kN,Bearing3_5,B_mahalanobis,2,20,0.95
XJTU-SY,40Hz10kN,Bearing3_5,A_rms_3sigma,2,20,1.0
XJTU-SY,40Hz10kN,Bearing3_5,B_mahalanobis,2,20,1.0
XJTU-SY,40Hz10kN,Bearing3_5,A_rms_3sigma,2,20,1.0
XJTU-SY,40Hz10kN,Bearing3_5,B_mahalanobis,2,20,1.0
XJTU-SY,40Hz10kN,Bearing3_5,A_rms_3sigma,3,18,0.65
XJTU-SY,40Hz10kN,Bearing3_5,B_mahalanobis,3,18,0.6
XJTU-SY,40Hz10kN,Bearing3_5,A_rms_3sigma,3,18,0.65
XJTU-SY,40Hz10kN,Bearing3_5,B_mahalanobis,3,18,0.65
XJTU-SY,40Hz10kN,Bearing3_5,A_rms_3sigma,3,18,0.7
XJTU-SY,40Hz10kN,Bearing3_5,B_mahalanobis,3,18,0.65
XJTU-SY,40Hz10kN,Bearing3_5,A_rms_3sigma,3,18,0.65
XJTU-SY,40Hz10kN,Bearing3_5,B_mahalanobis,3,18,0.6
XJTU-SY,40Hz10kN,Bearing3_5,A_rms_3sigma,3,18,0.65
XJTU-SY,40Hz10kN,Bearing3_5,B_mahalanobis,3,18,0.6
XJTU-SY,40Hz10kN,Bearing3_5,A_rms_3sigma,3,18,1.0
XJTU-SY,40Hz10kN,Bearing3_5,B_mahalanobis,3,18,1.0
XJTU-SY,40Hz10kN,Bearing3_5,A_rms_3sigma,3,18,0.6
XJTU-SY,40Hz10kN,Bearing3_5,B_mahalanobis,3,18,0.6
XJTU-SY,40Hz10kN,Bearing3_5,A_rms_3sigma,3,18,1.0
XJTU-SY,40Hz10kN,Bearing3_5,B_mahalanobis,3,18,0.9
XJTU-SY,40Hz10kN,Bearing3_5,A_rms_3sigma,3,18,0.65
XJTU-SY,40Hz10kN,Bearing3_5,B_mahalanobis,3,18,0.6
XJTU-SY,40Hz10kN,Bearing3_5,A_rms_3sigma,3,18,0.6
XJTU-SY,40Hz10kN,Bearing3_5,B_mahalanobis,3,18,0.6
XJTU-SY,40Hz10kN,Bearing3_5,A_rms_3sigma,3,18,0.65
XJTU-SY,40Hz10kN,Bearing3_5,B_mahalanobis,3,18,0.6
XJTU-SY,40Hz10kN,Bearing3_5,A_rms_3sigma,3,18,0.65
XJTU-SY,40Hz10kN,Bearing3_5,B_mahalanobis,3,18,0.6
XJTU-SY,40Hz10kN,Bearing3_5,A_rms_3sigma,3,18,1.0
XJTU-SY,40Hz10kN,Bearing3_5,B_mahalanobis,3,18,1.0
XJTU-SY,40Hz10kN,Bearing3_5,A_rms_3sigma,3,18,0.65
XJTU-SY,40Hz10kN,Bearing3_5,B_mahalanobis,3,18,0.6
XJTU-SY,40Hz10kN,Bearing3_5,A_rms_3sigma,3,18,0.6
XJTU-SY,40Hz10kN,Bearing3_5,B_mahalanobis,3,18,0.6
XJTU-SY,40Hz10kN,Bearing3_5,A_rms_3sigma,3,18,0.7
XJTU-SY,40Hz10kN,Bearing3_5,B_mahalanobis,3,18,0.6
XJTU-SY,40Hz10kN,Bearing3_5,A_rms_3sigma,3,18,0.7
XJTU-SY,40Hz10kN,Bearing3_5,B_mahalanobis,3,18,0.65
XJTU-SY,40Hz10kN,Bearing3_5,A_rms_3sigma,3,18,0.65
XJTU-SY,40Hz10kN,Bearing3_5,B_mahalanobis,3,18,0.6
XJTU-SY,40Hz10kN,Bearing3_5,A_rms_3sigma,3,18,0.6
XJTU-SY,40Hz10kN,Bearing3_5,B_mahalanobis,3,18,0.6
XJTU-SY,40Hz10kN,Bearing3_5,A_rms_3sigma,3,18,0.65
XJTU-SY,40Hz10kN,Bearing3_5,B_mahalanobis,3,18,0.65
XJTU-SY,40Hz10kN,Bearing3_5,A_rms_3sigma,3,18,0.7
XJTU-SY,40Hz10kN,Bearing3_5,B_mahalanobis,3,18,0.6
XJTU-SY,40Hz10kN,Bearing3_5,A_rms_3sigma,3,18,0.7
XJTU-SY,40Hz10kN,Bearing3_5,B_mahalanobis,3,18,0.6
XJTU-SY,40Hz10kN,Bearing3_5,A_rms_3sigma,3,18,0.6
XJTU-SY,40Hz10kN,Bearing3_5,B_mahalanobis,3,18,0.6
XJTU-SY,40Hz10kN,Bearing3_5,A_rms_3sigma,3,18,0.65
XJTU-SY,40Hz10kN,Bearing3_5,B_mahalanobis,3,18,0.6
XJTU-SY,40Hz10kN,Bearing3_5,A_rms_3sigma,3,18,0.7
XJTU-SY,40Hz10kN,Bearing3_5,B_mahalanobis,3,18,0.6
XJTU-SY,40Hz10kN,Bearing3_5,A_rms_3sigma,3,18,0.7
XJTU-SY,40Hz10kN,Bearing3_5,B_mahalanobis,3,18,0.6
XJTU-SY,40Hz10kN,Bearing3_5,A_rms_3sigma,3,18,1.0
XJTU-SY,40Hz10kN,Bearing3_5,B_mahalanobis,3,18,0.9
XJTU-SY,40Hz10kN,Bearing3_5,A_rms_3sigma,3,18,1.0
XJTU-SY,40Hz10kN,Bearing3_5,B_mahalanobis,3,18,1.0
XJTU-SY,40Hz10kN,Bearing3_5,A_rms_3sigma,3,18,1.0
XJTU-SY,40Hz10kN,Bearing3_5,B_mahalanobis,3,18,0.7
XJTU-SY,40Hz10kN,Bearing3_5,A_rms_3sigma,3,18,0.65
XJTU-SY,40Hz10kN,Bearing3_5,B_mahalanobis,3,18,0.7
XJTU-SY,40Hz10kN,Bearing3_5,A_rms_3sigma,3,18,0.6
XJTU-SY,40Hz10kN,Bearing3_5,B_mahalanobis,3,18,0.6
XJTU-SY,40Hz10kN,Bearing3_5,A_rms_3sigma,3,18,0.6
XJTU-SY,40Hz10kN,Bearing3_5,B_mahalanobis,3,18,0.6
XJTU-SY,40Hz10kN,Bearing3_5,A_rms_3sigma,3,18,0.65
XJTU-SY,40Hz10kN,Bearing3_5,B_mahalanobis,3,18,0.65
XJTU-SY,40Hz10kN,Bearing3_5,A_rms_3sigma,3,18,0.65
XJTU-SY,40Hz10kN,Bearing3_5,B_mahalanobis,3,18,0.65
XJTU-SY,40Hz10kN,Bearing3_5,A_rms_3sigma,3,18,0.65
XJTU-SY,40Hz10kN,Bearing3_5,B_mahalanobis,3,18,0.6
XJTU-SY,40Hz10kN,Bearing3_5,A_rms_3sigma,3,18,0.65
XJTU-SY,40Hz10kN,Bearing3_5,B_mahalanobis,3,18,0.65
XJTU-SY,40Hz10kN,Bearing3_5,A_rms_3sigma,3,18,0.65
XJTU-SY,40Hz10kN,Bearing3_5,B_mahalanobis,3,18,0.65
XJTU-SY,40Hz10kN,Bearing3_5,A_rms_3sigma,3,18,0.65
XJTU-SY,40Hz10kN,Bearing3_5,B_mahalanobis,3,18,0.6
XJTU-SY,40Hz10kN,Bearing3_5,A_rms_3sigma,3,18,1.0
XJTU-SY,40Hz10kN,Bearing3_5,B_mahalanobis,3,18,1.0
XJTU-SY,40Hz10kN,Bearing3_5,A_rms_3sigma,3,18,0.65
XJTU-SY,40Hz10kN,Bearing3_5,B_mahalanobis,3,18,0.6
XJTU-SY,40Hz10kN,Bearing3_5,A_rms_3sigma,3,18,1.0
XJTU-SY,40Hz10kN,Bearing3_5,B_mahalanobis,3,18,0.75
XJTU-SY,40Hz10kN,Bearing3_5,A_rms_3sigma,3,18,0.6
XJTU-SY,40Hz10kN,Bearing3_5,B_mahalanobis,3,18,0.6
XJTU-SY,40Hz10kN,Bearing3_5,A_rms_3sigma,3,18,0.6
XJTU-SY,40Hz10kN,Bearing3_5,B_mahalanobis,3,18,0.65
XJTU-SY,40Hz10kN,Bearing3_5,A_rms_3sigma,3,18,0.6
XJTU-SY,40Hz10kN,Bearing3_5,B_mahalanobis,3,18,0.6
XJTU-SY,40Hz10kN,Bearing3_5,A_rms_3sigma,3,18,0.65
XJTU-SY,40Hz10kN,Bearing3_5,B_mahalanobis,3,18,0.65
XJTU-SY,40Hz10kN,Bearing3_5,A_rms_3sigma,3,18,1.0
XJTU-SY,40Hz10kN,Bearing3_5,B_mahalanobis,3,18,0.75
XJTU-SY,40Hz10kN,Bearing3_5,A_rms_3sigma,3,18,0.65
XJTU-SY,40Hz10kN,Bearing3_5,B_mahalanobis,3,18,0.65
XJTU-SY,40Hz10kN,Bearing3_5,A_rms_3sigma,3,18,1.0
XJTU-SY,40Hz10kN,Bearing3_5,B_mahalanobis,3,18,1.0
XJTU-SY,40Hz10kN,Bearing3_5,A_rms_3sigma,3,18,0.65
XJTU-SY,40Hz10kN,Bearing3_5,B_mahalanobis,3,18,0.6
XJTU-SY,40Hz10kN,Bearing3_5,A_rms_3sigma,3,18,1.0
XJTU-SY,40Hz10kN,Bearing3_5,B_mahalanobis,3,18,0.9
XJTU-SY,40Hz10kN,Bearing3_5,A_rms_3sigma,4,20,0.65
XJTU-SY,40Hz10kN,Bearing3_5,B_mahalanobis,4,20,0.6
XJTU-SY,40Hz10kN,Bearing3_5,A_rms_3sigma,4,20,0.7
XJTU-SY,40Hz10kN,Bearing3_5,B_mahalanobis,4,20,0.65
XJTU-SY,40Hz10kN,Bearing3_5,A_rms_3sigma,4,20,0.7
XJTU-SY,40Hz10kN,Bearing3_5,B_mahalanobis,4,20,0.6
XJTU-SY,40Hz10kN,Bearing3_5,A_rms_3sigma,4,20,0.7
XJTU-SY,40Hz10kN,Bearing3_5,B_mahalanobis,4,20,0.6
XJTU-SY,40Hz10kN,Bearing3_5,A_rms_3sigma,4,20,0.65
XJTU-SY,40Hz10kN,Bearing3_5,B_mahalanobis,4,20,0.7
XJTU-SY,40Hz10kN,Bearing3_5,A_rms_3sigma,4,20,0.65
XJTU-SY,40Hz10kN,Bearing3_5,B_mahalanobis,4,20,0.6
XJTU-SY,40Hz10kN,Bearing3_5,A_rms_3sigma,4,20,0.65
XJTU-SY,40Hz10kN,Bearing3_5,B_mahalanobis,4,20,0.65
XJTU-SY,40Hz10kN,Bearing3_5,A_rms_3sigma,4,20,0.65
XJTU-SY,40Hz10kN,Bearing3_5,B_mahalanobis,4,20,0.6
XJTU-SY,40Hz10kN,Bearing3_5,A_rms_3sigma,4,20,0.65
XJTU-SY,40Hz10kN,Bearing3_5,B_mahalanobis,4,20,0.75
XJTU-SY,40Hz10kN,Bearing3_5,A_rms_3sigma,4,20,0.65
XJTU-SY,40Hz10kN,Bearing3_5,B_mahalanobis,4,20,0.6
XJTU-SY,40Hz10kN,Bearing3_5,A_rms_3sigma,4,20,0.6
XJTU-SY,40Hz10kN,Bearing3_5,B_mahalanobis,4,20,0.6
XJTU-SY,40Hz10kN,Bearing3_5,A_rms_3sigma,4,20,0.6
XJTU-SY,40Hz10kN,Bearing3_5,B_mahalanobis,4,20,0.6
XJTU-SY,40Hz10kN,Bearing3_5,A_rms_3sigma,4,20,0.65
XJTU-SY,40Hz10kN,Bearing3_5,B_mahalanobis,4,20,0.65
XJTU-SY,40Hz10kN,Bearing3_5,A_rms_3sigma,4,20,0.65
XJTU-SY,40Hz10kN,Bearing3_5,B_mahalanobis,4,20,0.6
XJTU-SY,40Hz10kN,Bearing3_5,A_rms_3sigma,4,20,0.65
XJTU-SY,40Hz10kN,Bearing3_5,B_mahalanobis,4,20,0.6
XJTU-SY,40Hz10kN,Bearing3_5,A_rms_3sigma,4,20,0.6
XJTU-SY,40Hz10kN,Bearing3_5,B_mahalanobis,4,20,0.6
XJTU-SY,40Hz10kN,Bearing3_5,A_rms_3sigma,4,20,0.6
XJTU-SY,40Hz10kN,Bearing3_5,B_mahalanobis,4,20,0.65
XJTU-SY,40Hz10kN,Bearing3_5,A_rms_3sigma,4,20,0.65
XJTU-SY,40Hz10kN,Bearing3_5,B_mahalanobis,4,20,0.6
XJTU-SY,40Hz10kN,Bearing3_5,A_rms_3sigma,4,20,0.65
XJTU-SY,40Hz10kN,Bearing3_5,B_mahalanobis,4,20,0.6
XJTU-SY,40Hz10kN,Bearing3_5,A_rms_3sigma,4,20,0.65
XJTU-SY,40Hz10kN,Bearing3_5,B_mahalanobis,4,20,0.6
XJTU-SY,40Hz10kN,Bearing3_5,A_rms_3sigma,4,20,0.7
XJTU-SY,40Hz10kN,Bearing3_5,B_mahalanobis,4,20,0.6
XJTU-SY,40Hz10kN,Bearing3_5,A_rms_3sigma,4,20,0.6
XJTU-SY,40Hz10kN,Bearing3_5,B_mahalanobis,4,20,0.7
XJTU-SY,40Hz10kN,Bearing3_5,A_rms_3sigma,4,20,0.65
XJTU-SY,40Hz10kN,Bearing3_5,B_mahalanobis,4,20,0.6
XJTU-SY,40Hz10kN,Bearing3_5,A_rms_3sigma,4,20,0.65
XJTU-SY,40Hz10kN,Bearing3_5,B_mahalanobis,4,20,0.6
XJTU-SY,40Hz10kN,Bearing3_5,A_rms_3sigma,4,20,0.65
XJTU-SY,40Hz10kN,Bearing3_5,B_mahalanobis,4,20,0.6
XJTU-SY,40Hz10kN,Bearing3_5,A_rms_3sigma,4,20,0.65
XJTU-SY,40Hz10kN,Bearing3_5,B_mahalanobis,4,20,0.6
XJTU-SY,40Hz10kN,Bearing3_5,A_rms_3sigma,4,20,0.65
XJTU-SY,40Hz10kN,Bearing3_5,B_mahalanobis,4,20,0.6
XJTU-SY,40Hz10kN,Bearing3_5,A_rms_3sigma,4,20,0.65
XJTU-SY,40Hz10kN,Bearing3_5,B_mahalanobis,4,20,0.6
XJTU-SY,40Hz10kN,Bearing3_5,A_rms_3sigma,4,20,0.7
XJTU-SY,40Hz10kN,Bearing3_5,B_mahalanobis,4,20,0.6
XJTU-SY,40Hz10kN,Bearing3_5,A_rms_3sigma,4,20,0.65
XJTU-SY,40Hz10kN,Bearing3_5,B_mahalanobis,4,20,0.65
XJTU-SY,40Hz10kN,Bearing3_5,A_rms_3sigma,4,20,0.7
XJTU-SY,40Hz10kN,Bearing3_5,B_mahalanobis,4,20,0.6
XJTU-SY,40Hz10kN,Bearing3_5,A_rms_3sigma,4,20,0.65
XJTU-SY,40Hz10kN,Bearing3_5,B_mahalanobis,4,20,0.6
XJTU-SY,40Hz10kN,Bearing3_5,A_rms_3sigma,4,20,0.65
XJTU-SY,40Hz10kN,Bearing3_5,B_mahalanobis,4,20,0.6
XJTU-SY,40Hz10kN,Bearing3_5,A_rms_3sigma,4,20,0.65
XJTU-SY,40Hz10kN,Bearing3_5,B_mahalanobis,4,20,0.6
XJTU-SY,40Hz10kN,Bearing3_5,A_rms_3sigma,4,20,0.6
XJTU-SY,40Hz10kN,Bearing3_5,B_mahalanobis,4,20,0.6
XJTU-SY,40Hz10kN,Bearing3_5,A_rms_3sigma,4,20,0.65
XJTU-SY,40Hz10kN,Bearing3_5,B_mahalanobis,4,20,0.6
XJTU-SY,40Hz10kN,Bearing3_5,A_rms_3sigma,4,20,0.6
XJTU-SY,40Hz10kN,Bearing3_5,B_mahalanobis,4,20,0.6
XJTU-SY,40Hz10kN,Bearing3_5,A_rms_3sigma,4,20,0.65
XJTU-SY,40Hz10kN,Bearing3_5,B_mahalanobis,4,20,0.6
XJTU-SY,40Hz10kN,Bearing3_5,A_rms_3sigma,4,20,0.7
XJTU-SY,40Hz10kN,Bearing3_5,B_mahalanobis,4,20,0.6
XJTU-SY,40Hz10kN,Bearing3_5,A_rms_3sigma,4,20,0.65
XJTU-SY,40Hz10kN,Bearing3_5,B_mahalanobis,4,20,0.6
XJTU-SY,40Hz10kN,Bearing3_5,A_rms_3sigma,4,20,0.65
XJTU-SY,40Hz10kN,Bearing3_5,B_mahalanobis,4,20,0.6
XJTU-SY,40Hz10kN,Bearing3_5,A_rms_3sigma,4,20,0.65
XJTU-SY,40Hz10kN,Bearing3_5,B_mahalanobis,4,20,0.6
XJTU-SY,40Hz10kN,Bearing3_5,A_rms_3sigma,4,20,0.7
XJTU-SY,40Hz10kN,Bearing3_5,B_mahalanobis,4,20,0.6
XJTU-SY,40Hz10kN,Bearing3_5,A_rms_3sigma,4,20,0.65
XJTU-SY,40Hz10kN,Bearing3_5,B_mahalanobis,4,20,0.6
XJTU-SY,40Hz10kN,Bearing3_5,A_rms_3sigma,4,20,0.65
XJTU-SY,40Hz10kN,Bearing3_5,B_mahalanobis,4,20,0.6
XJTU-SY,40Hz10kN,Bearing3_5,A_rms_3sigma,4,20,0.65
XJTU-SY,40Hz10kN,Bearing3_5,B_mahalanobis,4,20,0.65
XJTU-SY,40Hz10kN,Bearing3_5,A_rms_3sigma,4,20,0.65
XJTU-SY,40Hz10kN,Bearing3_5,B_mahalanobis,4,20,0.6
XJTU-SY,40Hz10kN,Bearing3_5,A_rms_3sigma,4,20,0.65
XJTU-SY,40Hz10kN,Bearing3_5,B_mahalanobis,4,20,0.6
XJTU-SY,40Hz10kN,Bearing3_5,A_rms_3sigma,4,20,0.65
XJTU-SY,40Hz10kN,Bearing3_5,B_mahalanobis,4,20,0.6
XJTU-SY,40Hz10kN,Bearing3_5,A_rms_3sigma,4,20,0.6
XJTU-SY,40Hz10kN,Bearing3_5,B_mahalanobis,4,20,0.6
