arm,n_train,n_distinct_records,repeat,threshold,test_fp,test_pct_mean
S1_resample,5,4,0,0.5,0.0,1.0
S1_resample,5,5,1,0.5,0.0,1.0
S1_resample,5,4,2,0.5,0.0,1.0
S1_resample,5,5,3,0.5,0.0,1.0
S1_resample,5,5,4,0.5,0.0,1.0
S1_resample,5,5,5,0.5,0.0,1.0
S1_resample,5,5,6,0.5,0.0,1.0
S1_resample,5,4,7,0.5,0.0,1.0
S1_resample,5,3,8,0.5,0.0,1.0
S1_resample,5,5,9,0.5,0.0,1.0
S1_resample,5,4,10,0.5,0.0,1.0
S1_resample,5,5,11,0.5,0.0,1.0
S1_resample,5,5,12,0.5,0.0,1.0
S1_resample,5,5,13,0.5,0.0,1.0
S1_resample,5,4,14,0.5,0.0,1.0
S1_resample,5,5,15,0.5,0.0,1.0
S1_resample,5,4,16,0.5,0.0,1.0
S1_resample,5,5,17,0.5,0.0,1.0
S1_resample,5,4,18,0.5,0.0,1.0
S1_resample,5,4,19,0.5,0.0,1.0
S1_resample,5,4,20,0.5,0.0,1.0
S1_resample,5,5,21,0.5,0.0,1.0
S1_resample,5,5,22,0.5,0.0,1.0
S1_resample,5,3,23,0.5,0.0,1.0
S1_resample,5,5,24,0.5,0.0,1.0
S1_resample,5,4,25,0.5,0.0,1.0
S1_resample,5,5,26,0.5,0.0,1.0
S1_resample,5,5,27,0.5,0.0,1.0
S1_resample,5,5,28,0.5,0.0,1.0
S1_resample,5,5,29,0.5,0.0,1.0
S1_resample,5,5,30,0.5,0.0,1.0
S1_resample,5,4,31,0.5,0.0,1.0
S1_resample,5,4,32,0.5,0.0,1.0
S1_resample,5,3,33,0.5,0.0,1.0
S1_resample,5,5,34,0.5,0.0,1.0
S1_resample,5,5,35,0.5,0.0,1.0
S1_resample,5,4,36,0.5,0.0,1.0
S1_resample,5,4,37,0.5,0.0,1.0
S1_resample,5,5,38,0.5,0.0,1.0
S1_resample,5,4,39,0.5,0.0,1.0
S1_resample,5,4,40,0.5,0.0,1.0
S1_resample,5,5,41,0.5,0.0,1.0
S1_resample,5,5,42,0.5,0.0,1.0
S1_resample,5,5,43,0.5,0.0,1.0
S1_resample,5,4,44,0.5,0.0,1.0
S1_resample,5,5,45,0.5,0.0,1.0
S1_resample,5,4,46,0.5,0.0,1.0
S1_resample,5,5,47,0.5,0.0,1.0
S1_resample,5,5,48,0.5,0.0,1.0
S1_resample,5,4,49,0.5,0.0,1.0
S1_resample,5,5,50,0.5,0.0,1.0
S1_resample,5,3,51,0.5,0.0,1.0
S1_resample,5,4,52,0.5,0.0,1.0
S1_resample,5,5,53,0.5,0.0,1.0
S1_resample,5,4,54,0.5,0.0,1.0
S1_resample,5,5,55,0.5,0.0,1.0
S1_resample,5,5,56,0.5,0.0,1.0
S1_resample,5,5,57,0.5,0.0,1.0
S1_resample,5,5,58,0.5,0.0,1.0
S1_resample,5,5,59,0.5,0.0,1.0
S1_resample,5,5,60,0.5,0.0,1.0
S1_resample,5,5,61,0.5,0.0,1.0
S1_resample,5,5,62,0.5,0.0,1.0
S1_resample,5,5,63,0.5,0.0,1.0
S1_resample,5,5,64,0.5,0.0,1.0
S1_resample,5,5,65,0.5,0.0,1.0
S1_resample,5,3,66,0.5,0.0,1.0
S1_resample,5,4,67,0.5,0.0,1.0
S1_resample,5,5,68,0.5,0.0,1.0
S1_resample,5,5,69,0.5,0.0,1.0
S1_resample,5,5,70,0.5,0.0,1.0
S1_resample,5,3,71,0.5,0.0,1.0
S1_resample,5,4,72,0.5,0.0,1.0
S1_resample,5,4,73,0.5,0.0,1.0
S1_resample,5,4,74,0.5,0.0,1.0
S1_resample,5,4,75,0.5,0.0,1.0
S1_resample,5,4,76,0.5,0.0,1.0
S1_resample,5,4,77,0.5,0.0,1.0
S1_resample,5,5,78,0.5,0.0,1.0
S1_resample,5,4,79,0.5,0.0,1.0
S1_resample,5,4,80,0.5,0.0,1.0
S1_resample,5,5,81,0.5,0.0,1.0
S1_resample,5,5,82,0.5,0.0,1.0
S1_resample,5,5,83,0.5,0.0,1.0
S1_resample,5,5,84,0.5,0.0,1.0
S1_resample,5,5,85,0.5,0.0,1.0
S1_resample,5,5,86,0.5,0.0,1.0
S1_resample,5,4,87,0.5,0.0,1.0
S1_resample,5,3,88,0.5,0.0,1.0
S1_resample,5,5,89,0.5,0.0,1.0
S1_resample,5,5,90,0.5,0.0,1.0
S1_resample,5,5,91,0.5,0.0,1.0
S1_resample,5,3,92,0.5,0.0,1.0
S1_resample,5,5,93,0.5,0.0,1.0
S1_resample,5,4,94,0.5,0.0,1.0
S1_resample,5,5,95,0.5,0.0,1.0
S1_resample,5,4,96,0.5,0.0,1.0
S1_resample,5,5,97,0.5,0.0,1.0
S1_resample,5,4,98,0.5,0.0,1.0
S1_resample,5,5,99,0.5,0.0,1.0
S1_resample,5,5,100,0.5,0.0,1.0
S1_resample,5,3,101,0.5,0.0,1.0
S1_resample,5,5,102,0.5,0.0,1.0
S1_resample,5,5,103,0.5,0.0,1.0
S1_resample,5,4,104,0.5,0.0,1.0
S1_resample,5,5,105,0.5,0.0,1.0
S1_resample,5,5,106,0.5,0.0,1.0
S1_resample,5,4,107,0.5,0.0,1.0
S1_resample,5,4,108,0.5,0.0,1.0
S1_resample,5,5,109,0.5,0.0,1.0
S1_resample,5,5,110,0.5,0.0,1.0
S1_resample,5,4,111,0.5,0.0,1.0
S1_resample,5,4,112,0.5,0.0,1.0
S1_resample,5,4,113,0.5,0.0,1.0
S1_resample,5,5,114,0.5,0.0,1.0
S1_resample,5,5,115,0.5,0.0,1.0
S1_resample,5,5,116,0.5,0.0,1.0
S1_resample,5,4,117,0.5,0.0,1.0
S1_resample,5,5,118,0.5,0.0,1.0
S1_resample,5,4,119,0.5,0.0,1.0
S1_resample,5,5,120,0.5,0.0,1.0
S1_resample,5,5,121,0.5,0.0,1.0
S1_resample,5,4,122,0.5,0.0,1.0
S1_resample,5,5,123,0.5,0.0,1.0
S1_resample,5,5,124,0.5,0.0,1.0
S1_resample,5,5,125,0.5,0.0,1.0
S1_resample,5,4,126,0.5,0.0,1.0
S1_resample,5,4,127,0.5,0.0,1.0
S1_resample,5,5,128,0.5,0.0,1.0
S1_resample,5,5,129,0.5,0.0,1.0
S1_resample,5,5,130,0.5,0.0,1.0
S1_resample,5,5,131,0.5,0.0,1.0
S1_resample,5,5,132,0.5,0.0,1.0
S1_resample,5,5,133,0.5,0.0,1.0
S1_resample,5,5,134,0.5,0.0,1.0
S1_resample,5,4,135,0.5,0.0,1.0
S1_resample,5,5,136,0.5,0.0,1.0
S1_resample,5,5,137,0.5,0.0,1.0
S1_resample,5,4,138,0.5,0.0,1.0
S1_resample,5,5,139,0.5,0.0,1.0
S1_resample,5,5,140,0.5,0.0,1.0
S1_resample,5,4,141,0.5,0.0,1.0
S1_resample,5,5,142,0.5,0.0,1.0
S1_resample,5,4,143,0.5,0.0,1.0
S1_resample,5,4,144,0.5,0.0,1.0
S1_resample,5,4,145,0.5,0.0,1.0
S1_resample,5,4,146,0.5,0.0,1.0
S1_resample,5,5,147,0.5,0.0,1.0
S1_resample,5,4,148,0.5,0.0,1.0
S1_resample,5,5,149,0.5,0.0,1.0
S1_resample,10,9,0,0.5308693225713415,0.375,0.6375000000000001
S1_resample,10,9,1,0.5837272057451122,0.0,0.6333333333333333
S1_resample,10,9,2,0.6181447467967615,0.0,0.7416666666666667
S1_resample,10,8,3,0.5606629831998636,0.041666666666666664,0.8041666666666667
S1_resample,10,8,4,0.5446277206141158,0.041666666666666664,0.6166666666666667
S1_resample,10,6,5,0.5316386767151311,0.75,0.8958333333333334
S1_resample,10,8,6,0.6097090936614912,0.041666666666666664,0.7916666666666666
S1_resample,10,8,7,0.6102879696410526,0.0,0.7125
S1_resample,10,7,8,0.5298233381756461,0.3333333333333333,0.8250000000000001
S1_resample,10,7,9,0.584050817694308,0.0,0.6958333333333333
S1_resample,10,9,10,0.6197239868969942,0.0,0.7208333333333333
S1_resample,10,7,11,0.6181848762224382,0.041666666666666664,0.8541666666666666
S1_resample,10,7,12,0.6222503813610496,0.0,0.7458333333333332
S1_resample,10,7,13,0.5084286476236378,0.8333333333333334,0.9
S1_resample,10,8,14,0.5875219569960255,0.0,0.8125
S1_resample,10,9,15,0.5841172301997615,0.0,0.6208333333333333
S1_resample,10,8,16,0.6236771730093361,0.0,0.7208333333333333
S1_resample,10,7,17,0.5903758830742621,0.0,0.6416666666666666
S1_resample,10,8,18,0.6351358624039456,0.0,0.7166666666666668
S1_resample,10,7,19,0.5990952293071181,0.0,0.7041666666666667
S1_resample,10,7,20,0.61354283811691,0.0,0.7333333333333334
S1_resample,10,5,21,0.5184787497750282,0.8333333333333334,0.9250000000000002
S1_resample,10,9,22,0.5218807084893311,0.7916666666666666,0.9041666666666668
S1_resample,10,8,23,0.5989784491558715,0.0,0.7416666666666667
S1_resample,10,7,24,0.5378548577034947,0.5,0.7833333333333333
S1_resample,10,9,25,0.6120327313107111,0.041666666666666664,0.8166666666666668
S1_resample,10,8,26,0.5827782317561001,0.041666666666666664,0.7958333333333334
S1_resample,10,7,27,0.6317591227436034,0.041666666666666664,0.8375
S1_resample,10,8,28,0.5345023675404267,0.375,0.8708333333333332
S1_resample,10,9,29,0.6143379056254777,0.041666666666666664,0.8041666666666667
S1_resample,10,8,30,0.6188022881290374,0.041666666666666664,0.7958333333333334
S1_resample,10,9,31,0.5989413785698028,0.041666666666666664,0.8291666666666667
S1_resample,10,9,32,0.6156978497987163,0.0,0.725
S1_resample,10,9,33,0.571212630434873,0.0,0.6875
S1_resample,10,7,34,0.5497830374671361,0.5,0.9083333333333333
S1_resample,10,8,35,0.602992165225297,0.041666666666666664,0.8166666666666668
S1_resample,10,8,36,0.5740921799613443,0.041666666666666664,0.8375
S1_resample,10,7,37,0.6145567262168893,0.041666666666666664,0.7833333333333332
S1_resample,10,9,38,0.6148607209131116,0.0,0.725
S1_resample,10,9,39,0.5828793072634922,0.041666666666666664,0.6375000000000001
S1_resample,10,8,40,0.586943398006844,0.0,0.6625
S1_resample,10,7,41,0.5155974281556769,0.8333333333333334,0.8874999999999998
S1_resample,10,8,42,0.5954690902402754,0.0,0.7374999999999999
S1_resample,10,8,43,0.5632495428224291,0.08333333333333333,0.8250000000000001
S1_resample,10,8,44,0.5385382151103,0.3333333333333333,0.8416666666666668
S1_resample,10,10,45,0.6013900032123317,0.041666666666666664,0.8041666666666667
S1_resample,10,8,46,0.5833400749081469,0.0,0.6458333333333334
S1_resample,10,8,47,0.5945149415183434,0.041666666666666664,0.8083333333333335
S1_resample,10,8,48,0.6236771730093361,0.0,0.7166666666666668
S1_resample,10,10,49,0.6016423573431589,0.041666666666666664,0.8041666666666667
S1_resample,10,9,50,0.6144572959366453,0.0,0.7375000000000002
S1_resample,10,7,51,0.5941658325002983,0.08333333333333333,0.8166666666666668
S1_resample,10,9,52,0.5999881536200927,0.0,0.6208333333333332
S1_resample,10,7,53,0.5922509173109811,0.041666666666666664,0.8458333333333333
S1_resample,10,8,54,0.5266763741289902,0.8333333333333334,0.9458333333333334
S1_resample,10,8,55,0.6026669427980808,0.041666666666666664,0.7958333333333334
S1_resample,10,8,56,0.6233092804223038,0.041666666666666664,0.8333333333333334
S1_resample,10,8,57,0.626112308116495,0.041666666666666664,0.8208333333333333
S1_resample,10,8,58,0.5983891133918283,0.041666666666666664,0.8125
S1_resample,10,9,59,0.554025845343528,0.0,0.6375000000000001
S1_resample,10,8,60,0.5686661254186721,0.0,0.7291666666666666
S1_resample,10,9,61,0.6213845544874045,0.0,0.7291666666666666
S1_resample,10,6,62,0.5414756717657977,0.20833333333333334,0.8041666666666666
S1_resample,10,9,63,0.5873716611426171,0.041666666666666664,0.6291666666666667
S1_resample,10,9,64,0.547881958856509,0.041666666666666664,0.6749999999999999
S1_resample,10,7,65,0.5587878189228181,0.75,0.9416666666666668
S1_resample,10,9,66,0.6287129387659177,0.0,0.75
S1_resample,10,8,67,0.5526683052684961,0.0,0.6166666666666667
S1_resample,10,8,68,0.516965117608144,0.4583333333333333,0.8125
S1_resample,10,7,69,0.601333717473567,0.041666666666666664,0.775
S1_resample,10,9,70,0.6102616950498257,0.0,0.7208333333333333
S1_resample,10,7,71,0.5865631270796041,0.041666666666666664,0.8166666666666668
S1_resample,10,8,72,0.5507351144405538,0.375,0.8416666666666668
S1_resample,10,8,73,0.6119793721536028,0.041666666666666664,0.8208333333333334
S1_resample,10,9,74,0.6180388701694752,0.041666666666666664,0.8458333333333333
S1_resample,10,8,75,0.5108421511818281,0.625,0.8333333333333334
S1_resample,10,9,76,0.5995658790102174,0.0,0.7333333333333334
S1_resample,10,8,77,0.5461792506410951,0.3333333333333333,0.6708333333333334
S1_resample,10,8,78,0.584424707059284,0.08333333333333333,0.8291666666666666
S1_resample,10,9,79,0.5290974939966208,0.3333333333333333,0.6916666666666665
S1_resample,10,7,80,0.6298098512387018,0.0,0.7041666666666666
S1_resample,10,7,81,0.5458793678977893,0.375,0.6791666666666667
S1_resample,10,6,82,0.5998560535147773,0.0,0.5666666666666667
S1_resample,10,6,83,0.5601892500835258,0.0,0.65
S1_resample,10,7,84,0.6208536261971035,0.0,0.7416666666666667
S1_resample,10,7,85,0.5570370464880344,0.0,0.7666666666666666
S1_resample,10,9,86,0.6013900032123317,0.041666666666666664,0.7958333333333334
S1_resample,10,8,87,0.6040691616693419,0.0,0.7041666666666666
S1_resample,10,6,88,0.5305955051634872,0.375,0.8583333333333334
S1_resample,10,7,89,0.5631318682531957,0.375,0.6791666666666667
S1_resample,10,8,90,0.5534022794103787,0.3333333333333333,0.6666666666666666
S1_resample,10,7,91,0.6108295162975338,0.041666666666666664,0.8000000000000002
S1_resample,10,8,92,0.6168229268637503,0.041666666666666664,0.8041666666666667
S1_resample,10,7,93,0.5990952293071181,0.0,0.7291666666666666
S1_resample,10,9,94,0.5184522652662135,0.8333333333333334,0.9083333333333333
S1_resample,10,7,95,0.6017779968194072,0.041666666666666664,0.775
S1_resample,10,8,96,0.5737705387816181,0.0,0.6625
S1_resample,10,8,97,0.6268181174182764,0.0,0.7291666666666666
S1_resample,10,7,98,0.6025201496556664,0.041666666666666664,0.8208333333333333
S1_resample,10,7,99,0.5737705387816181,0.375,0.7458333333333332
S1_resample,10,9,100,0.6020977856999469,0.041666666666666664,0.8041666666666667
S1_resample,10,9,101,0.610063615234317,0.0,0.6791666666666667
S1_resample,10,8,102,0.608367089419972,0.0,0.7291666666666666
S1_resample,10,6,103,0.6008162566576556,0.0,0.6083333333333333
S1_resample,10,8,104,0.5903320032083547,0.0,0.6291666666666665
S1_resample,10,8,105,0.6178326822454074,0.041666666666666664,0.8375
S1_resample,10,8,106,0.6108076221366028,0.0,0.7208333333333333
S1_resample,10,8,107,0.5843173323828511,0.0,0.6291666666666667
S1_resample,10,8,108,0.5404423847847973,0.4166666666666667,0.7000000000000001
S1_resample,10,8,109,0.5384047119737665,0.375,0.6833333333333335
S1_resample,10,7,110,0.6267280595403911,0.0,0.7125
S1_resample,10,8,111,0.5919995088217874,0.0,0.6458333333333334
S1_resample,10,6,112,0.5580026237922727,0.0,0.6208333333333333
S1_resample,10,9,113,0.5257264437638075,0.8333333333333334,0.9166666666666666
S1_resample,10,7,114,0.5237794132074571,0.875,0.9625
S1_resample,10,8,115,0.6050257731400821,0.041666666666666664,0.75
S1_resample,10,9,116,0.6062116577963388,0.0,0.7291666666666666
S1_resample,10,9,117,0.6041462763387286,0.041666666666666664,0.8166666666666668
S1_resample,10,8,118,0.6178821469473815,0.041666666666666664,0.7416666666666667
S1_resample,10,8,119,0.6142663772647654,0.041666666666666664,0.7708333333333334
S1_resample,10,8,120,0.5357061234125168,0.3333333333333333,0.6708333333333334
S1_resample,10,7,121,0.5954257536068176,0.0,0.6499999999999999
S1_resample,10,10,122,0.6012162892063886,0.0,0.6708333333333333
S1_resample,10,8,123,0.5746257177900358,0.0,0.5708333333333333
S1_resample,10,6,124,0.5731452485987438,0.0,0.625
S1_resample,10,7,125,0.5374786774224307,0.8333333333333334,0.8833333333333333
S1_resample,10,9,126,0.6088017022900329,0.041666666666666664,0.8208333333333334
S1_resample,10,9,127,0.5921713948725372,0.041666666666666664,0.6625
S1_resample,10,7,128,0.5426957584241283,0.0,0.6749999999999999
S1_resample,10,9,129,0.5808048713762679,0.0,0.7041666666666666
S1_resample,10,7,130,0.6169338758725543,0.041666666666666664,0.7416666666666667
S1_resample,10,7,131,0.5797836251481019,0.041666666666666664,0.6083333333333334
S1_resample,10,8,132,0.6071706488042061,0.041666666666666664,0.8125
S1_resample,10,7,133,0.6090723620105087,0.0,0.7041666666666666
S1_resample,10,9,134,0.5944657369898467,0.041666666666666664,0.8416666666666667
S1_resample,10,8,135,0.5821204523006243,0.041666666666666664,0.6458333333333334
S1_resample,10,8,136,0.6104215858307177,0.0,0.7458333333333335
S1_resample,10,8,137,0.6342734229520456,0.0,0.725
S1_resample,10,10,138,0.5840552403408629,0.0,0.6458333333333334
S1_resample,10,7,139,0.5813336062387124,0.041666666666666664,0.6625
S1_resample,10,10,140,0.5744440843510894,0.041666666666666664,0.6666666666666666
S1_resample,10,8,141,0.6156046790773956,0.0,0.7375000000000002
S1_resample,10,10,142,0.5870659659654465,0.08333333333333333,0.8208333333333334
S1_resample,10,8,143,0.6159360840598394,0.0,0.7666666666666667
S1_resample,10,9,144,0.6065981784197929,0.041666666666666664,0.8083333333333335
S1_resample,10,10,145,0.5780741333452287,0.0,0.5916666666666667
S1_resample,10,8,146,0.5911184735021623,0.0,0.6666666666666666
S1_resample,10,8,147,0.5970472498065821,0.0,0.6625
S1_resample,10,8,148,0.6230382957503192,0.0,0.7166666666666667
S1_resample,10,10,149,0.6014321194766263,0.041666666666666664,0.7250000000000001
S1_resample,20,13,0,0.711284844817515,0.0,0.8104166666666667
S1_resample,20,13,1,0.6627211569771867,0.08333333333333333,0.8333333333333334
S1_resample,20,11,2,0.7049887513377261,0.0,0.8187500000000001
S1_resample,20,14,3,0.6477207854541054,0.041666666666666664,0.7395833333333334
S1_resample,20,9,4,0.693905805204007,0.0,0.8041666666666667
S1_resample,20,14,5,0.7100910037100651,0.0,0.8041666666666667
S1_resample,20,16,6,0.6499948287591137,0.0,0.7333333333333334
S1_resample,20,15,7,0.6748373231186233,0.0,0.7291666666666666
S1_resample,20,13,8,0.5892926934509392,0.4166666666666667,0.7604166666666666
S1_resample,20,14,9,0.6016308837173759,0.3333333333333333,0.7333333333333334
S1_resample,20,14,10,0.6742646510330474,0.0,0.7604166666666666
S1_resample,20,13,11,0.6639348135768082,0.041666666666666664,0.7416666666666667
S1_resample,20,15,12,0.6858577974963571,0.041666666666666664,0.7687499999999999
S1_resample,20,14,13,0.5856555384702073,0.4166666666666667,0.7312500000000001
S1_resample,20,11,14,0.683784582202346,0.0,0.775
S1_resample,20,12,15,0.6603355942661201,0.0,0.7270833333333334
S1_resample,20,11,16,0.6675198888387922,0.0,0.7875
S1_resample,20,14,17,0.661576114654847,0.041666666666666664,0.7374999999999999
S1_resample,20,13,18,0.6577616262212358,0.08333333333333333,0.8666666666666666
S1_resample,20,12,19,0.6553272892788113,0.041666666666666664,0.6833333333333335
S1_resample,20,11,20,0.680727132084599,0.0,0.7520833333333332
S1_resample,20,14,21,0.5981225611786917,0.3333333333333333,0.7354166666666666
S1_resample,20,14,22,0.5839047303214079,0.375,0.775
S1_resample,20,12,23,0.7160980750597441,0.0,0.8229166666666666
S1_resample,20,13,24,0.6925333159520544,0.041666666666666664,0.80625
S1_resample,20,11,25,0.7056869219514066,0.0,0.7979166666666666
S1_resample,20,10,26,0.6304693322013335,0.0,0.6416666666666666
S1_resample,20,13,27,0.6676131018220269,0.0,0.7729166666666666
S1_resample,20,13,28,0.6906483513632681,0.0,0.7687499999999999
S1_resample,20,17,29,0.6829321329180086,0.0,0.7604166666666666
S1_resample,20,11,30,0.6381725470832487,0.041666666666666664,0.7791666666666667
S1_resample,20,13,31,0.7026012179216985,0.0,0.7770833333333332
S1_resample,20,13,32,0.6501770539137558,0.0,0.75
S1_resample,20,11,33,0.6093517711232637,0.375,0.7333333333333334
S1_resample,20,13,34,0.649262611667763,0.041666666666666664,0.7291666666666666
S1_resample,20,11,35,0.6115413797066874,0.3333333333333333,0.7291666666666666
S1_resample,20,12,36,0.6164202616443898,0.0,0.7270833333333332
S1_resample,20,16,37,0.6228427438418304,0.0,0.7604166666666666
S1_resample,20,10,38,0.6830474226359761,0.041666666666666664,0.7354166666666666
S1_resample,20,13,39,0.5750130094396635,0.375,0.7312500000000001
S1_resample,20,14,40,0.6575016210345251,0.0,0.7062500000000002
S1_resample,20,12,41,0.6870560533404779,0.0,0.8583333333333334
S1_resample,20,15,42,0.7060277722638801,0.0,0.7937500000000001
S1_resample,20,15,43,0.6924381505821188,0.0,0.7687499999999998
S1_resample,20,15,44,0.6889882150568032,0.041666666666666664,0.7833333333333332
S1_resample,20,12,45,0.681828021844676,0.041666666666666664,0.7916666666666666
S1_resample,20,12,46,0.6638448991049363,0.0,0.74375
S1_resample,20,10,47,0.68306585618578,0.0,0.75
S1_resample,20,15,48,0.6823871813611997,0.041666666666666664,0.7937499999999998
S1_resample,20,13,49,0.6715808250501605,0.0,0.7770833333333332
S1_resample,20,10,50,0.6640780566315051,0.08333333333333333,0.8458333333333332
S1_resample,20,12,51,0.6338841663792758,0.041666666666666664,0.725
S1_resample,20,14,52,0.6650412899674354,0.0,0.7541666666666668
S1_resample,20,12,53,0.6509152369061667,0.0,0.7645833333333334
S1_resample,20,10,54,0.6873185408707768,0.041666666666666664,0.8208333333333332
S1_resample,20,14,55,0.704270861921691,0.0,0.8166666666666668
S1_resample,20,11,56,0.5816598661987938,0.625,0.9166666666666666
S1_resample,20,14,57,0.6121638768251279,0.375,0.7666666666666666
S1_resample,20,14,58,0.6695684110392603,0.0,0.7125
S1_resample,20,12,59,0.6242165642667264,0.041666666666666664,0.7583333333333334
S1_resample,20,11,60,0.7030637540688388,0.041666666666666664,0.7854166666666668
S1_resample,20,13,61,0.6913228701466223,0.0,0.7687499999999999
S1_resample,20,15,62,0.6239577844950881,0.375,0.7708333333333334
S1_resample,20,12,63,0.6983455674394768,0.0,0.7645833333333334
S1_resample,20,12,64,0.6588204180727573,0.041666666666666664,0.74375
S1_resample,20,13,65,0.6977107671087744,0.041666666666666664,0.8208333333333334
S1_resample,20,12,66,0.7025807298997997,0.0,0.80625
S1_resample,20,10,67,0.6816853925291595,0.0,0.75625
S1_resample,20,15,68,0.6354234776356719,0.041666666666666664,0.7416666666666666
S1_resample,20,14,69,0.6006408809345134,0.3333333333333333,0.7979166666666666
S1_resample,20,9,70,0.6152125223144431,0.041666666666666664,0.7624999999999998
S1_resample,20,15,71,0.6813657933247839,0.041666666666666664,0.7687499999999999
S1_resample,20,10,72,0.5761561237656662,0.8333333333333334,0.9291666666666667
S1_resample,20,11,73,0.6957986392381345,0.0,0.7687499999999998
S1_resample,20,15,74,0.6053511140386051,0.375,0.7458333333333332
S1_resample,20,14,75,0.6443877332926451,0.0,0.7208333333333333
S1_resample,20,11,76,0.6415049369278971,0.041666666666666664,0.7250000000000001
S1_resample,20,12,77,0.5532905577665301,0.8333333333333334,0.8874999999999998
S1_resample,20,12,78,0.6719824471916672,0.0,0.7208333333333333
S1_resample,20,13,79,0.6555074600188083,0.0,0.7083333333333334
S1_resample,20,15,80,0.6806056766457215,0.041666666666666664,0.7604166666666666
S1_resample,20,12,81,0.6563691970496798,0.0,0.78125
S1_resample,20,13,82,0.6607646558954832,0.041666666666666664,0.7416666666666667
S1_resample,20,13,83,0.6559166914851594,0.041666666666666664,0.7458333333333335
S1_resample,20,12,84,0.684120029351273,0.0,0.74375
S1_resample,20,12,85,0.6843775517836754,0.0,0.78125
S1_resample,20,10,86,0.6658442302060633,0.0,0.7312500000000001
S1_resample,20,14,87,0.6127627000422631,0.375,0.7687499999999999
S1_resample,20,12,88,0.6577193398290263,0.16666666666666666,0.8583333333333333
S1_resample,20,14,89,0.6827343282151731,0.041666666666666664,0.7520833333333333
S1_resample,20,12,90,0.6145073493042481,0.3333333333333333,0.7270833333333333
S1_resample,20,13,91,0.6512328380699643,0.041666666666666664,0.8708333333333332
S1_resample,20,13,92,0.6837589640873105,0.0,0.75
S1_resample,20,14,93,0.712055812003051,0.0,0.80625
S1_resample,20,15,94,0.6761816328552087,0.0,0.7374999999999999
S1_resample,20,13,95,0.7003311226634984,0.0,0.80625
S1_resample,20,12,96,0.7220418893109247,0.0,0.8104166666666667
S1_resample,20,10,97,0.6207234333811169,0.0,0.7166666666666667
S1_resample,20,11,98,0.6547188141940604,0.08333333333333333,0.8916666666666666
S1_resample,20,13,99,0.66625962393271,0.125,0.84375
S1_resample,20,14,100,0.7059598323291748,0.0,0.80625
S1_resample,20,9,101,0.6575856450238979,0.0,0.7125
S1_resample,20,14,102,0.6307298362716417,0.041666666666666664,0.7666666666666666
S1_resample,20,12,103,0.6445759939269061,0.041666666666666664,0.7645833333333333
S1_resample,20,13,104,0.6388779062238586,0.041666666666666664,0.7062499999999999
S1_resample,20,14,105,0.6120011268840546,0.375,0.75625
S1_resample,20,12,106,0.6058112090787781,0.3333333333333333,0.74375
S1_resample,20,15,107,0.6181922830884025,0.375,0.74375
S1_resample,20,13,108,0.7007836230480303,0.0,0.7770833333333332
S1_resample,20,11,109,0.7072432464527757,0.0,0.7729166666666666
S1_resample,20,14,110,0.686292109544179,0.0,0.8020833333333334
S1_resample,20,12,111,0.6345275914192146,0.041666666666666664,0.7145833333333332
S1_resample,20,11,112,0.6565626300902194,0.0,0.71875
S1_resample,20,14,113,0.6784297098494342,0.041666666666666664,0.7583333333333333
S1_resample,20,12,114,0.6352026697063425,0.375,0.8125
S1_resample,20,11,115,0.690109434773364,0.0,0.8020833333333334
S1_resample,20,13,116,0.6137219146646044,0.375,0.725
S1_resample,20,11,117,0.7117360002884411,0.0,0.8458333333333333
S1_resample,20,14,118,0.6896039466140496,0.0,0.7625000000000001
S1_resample,20,14,119,0.6151756835721324,0.3333333333333333,0.7666666666666666
S1_resample,20,12,120,0.692617672244501,0.041666666666666664,0.7729166666666666
S1_resample,20,11,121,0.6426026974562604,0.0,0.71875
S1_resample,20,12,122,0.62968829360629,0.041666666666666664,0.6958333333333333
S1_resample,20,13,123,0.6652559634515576,0.0,0.75
S1_resample,20,17,124,0.6964136299109925,0.0,0.775
S1_resample,20,14,125,0.670964285405198,0.041666666666666664,0.7583333333333334
S1_resample,20,15,126,0.7076862991076811,0.0,0.80625
S1_resample,20,14,127,0.6272270172000354,0.041666666666666664,0.75
S1_resample,20,15,128,0.6610170278296981,0.0,0.6708333333333334
S1_resample,20,12,129,0.6812250666956637,0.0,0.7604166666666666
S1_resample,20,13,130,0.5937917106266564,0.4166666666666667,0.8145833333333333
S1_resample,20,11,131,0.6872765621939889,0.0,0.8104166666666668
S1_resample,20,13,132,0.6469400274067002,0.041666666666666664,0.7229166666666668
S1_resample,20,14,133,0.7094348476418773,0.041666666666666664,0.8375
S1_resample,20,12,134,0.6731510401264864,0.041666666666666664,0.7395833333333334
S1_resample,20,13,135,0.6335130013135041,0.041666666666666664,0.7416666666666666
S1_resample,20,9,136,0.6979501795472013,0.0,0.8083333333333332
S1_resample,20,11,137,0.6323199327720267,0.041666666666666664,0.7291666666666666
S1_resample,20,13,138,0.6226799220841113,0.0,0.7437499999999999
S1_resample,20,12,139,0.5803841918658955,0.375,0.6979166666666666
S1_resample,20,13,140,0.6639755172840753,0.041666666666666664,0.75
S1_resample,20,12,141,0.5933099134393749,0.375,0.7979166666666666
S1_resample,20,12,142,0.6196953277875065,0.0,0.7083333333333334
S1_resample,20,13,143,0.632257953816121,0.3333333333333333,0.7624999999999998
S1_resample,20,11,144,0.6959373585809991,0.0,0.74375
S1_resample,20,10,145,0.6651835551813514,0.0,0.7270833333333334
S1_resample,20,12,146,0.6836103601557892,0.0,0.75
S1_resample,20,13,147,0.5690803437467806,0.4583333333333333,0.7937500000000001
S1_resample,20,11,148,0.6842042266965485,0.0,0.7562500000000001
S1_resample,20,12,149,0.6749663600096527,0.0,0.7937500000000001
S1_resample,40,18,0,0.635963550845281,0.0,0.7541666666666668
S1_resample,40,17,1,0.6558736514030393,0.0,0.8041666666666666
S1_resample,40,19,2,0.6394548027087342,0.375,0.7624999999999998
S1_resample,40,16,3,0.6152393279773591,0.4166666666666667,0.7791666666666668
S1_resample,40,18,4,0.655229287332181,0.375,0.796875
S1_resample,40,16,5,0.6731884117189659,0.0,0.7604166666666666
S1_resample,40,19,6,0.6655637676975331,0.375,0.8062499999999999
S1_resample,40,17,7,0.6390517335888929,0.041666666666666664,0.7927083333333332
S1_resample,40,17,8,0.6165949846576553,0.4166666666666667,0.790625
S1_resample,40,17,9,0.7068399599862673,0.041666666666666664,0.796875
S1_resample,40,15,10,0.6538878710941649,0.041666666666666664,0.7531249999999999
S1_resample,40,18,11,0.6510409886291506,0.08333333333333333,0.7802083333333334
S1_resample,40,16,12,0.6669373043044293,0.0,0.7843750000000002
S1_resample,40,18,13,0.7006237472858291,0.041666666666666664,0.8114583333333334
S1_resample,40,17,14,0.6830242120168741,0.0,0.7854166666666668
S1_resample,40,18,15,0.6378249477012061,0.4166666666666667,0.8250000000000001
S1_resample,40,17,16,0.7053150973186997,0.041666666666666664,0.7979166666666667
S1_resample,40,17,17,0.6835172763425318,0.0,0.8156249999999999
S1_resample,40,19,18,0.6615037098726064,0.375,0.8020833333333334
S1_resample,40,18,19,0.6554929386069612,0.4166666666666667,0.8354166666666667
S1_resample,40,17,20,0.6449101154141235,0.3333333333333333,0.828125
S1_resample,40,17,21,0.6854008875966573,0.0,0.7937500000000001
S1_resample,40,15,22,0.6885324225688925,0.0,0.8395833333333332
S1_resample,40,17,23,0.649107665150223,0.4166666666666667,0.8177083333333334
S1_resample,40,18,24,0.7154704557785158,0.0,0.7989583333333332
S1_resample,40,18,25,0.6580594423883416,0.08333333333333333,0.7875
S1_resample,40,17,26,0.6861645178463768,0.041666666666666664,0.78125
S1_resample,40,17,27,0.6484793881319272,0.0,0.7708333333333334
S1_resample,40,19,28,0.5931275433401587,0.4583333333333333,0.7895833333333333
S1_resample,40,17,29,0.684448913258464,0.0,0.78125
S1_resample,40,15,30,0.6747055906778509,0.041666666666666664,0.7947916666666667
S1_resample,40,18,31,0.6903627999150777,0.041666666666666664,0.8093749999999998
S1_resample,40,17,32,0.7042999700143926,0.0,0.8406250000000001
S1_resample,40,16,33,0.642082712398982,0.3333333333333333,0.765625
S1_resample,40,18,34,0.6745964775399687,0.0,0.7770833333333332
S1_resample,40,16,35,0.7447359606612396,0.0,0.8510416666666667
S1_resample,40,16,36,0.6690915889821663,0.0,0.80625
S1_resample,40,18,37,0.7275922121159202,0.041666666666666664,0.8135416666666666
S1_resample,40,17,38,0.7022387394634358,0.041666666666666664,0.7937500000000001
S1_resample,40,18,39,0.6950871269207367,0.041666666666666664,0.7729166666666667
S1_resample,40,17,40,0.6078271390136774,0.375,0.8020833333333334
S1_resample,40,16,41,0.6657291400555287,0.041666666666666664,0.8052083333333332
S1_resample,40,19,42,0.6589664630627875,0.4166666666666667,0.8052083333333332
S1_resample,40,16,43,0.6737378020256373,0.3333333333333333,0.8093750000000001
S1_resample,40,18,44,0.6611637053614422,0.041666666666666664,0.7854166666666668
S1_resample,40,19,45,0.6521129067984869,0.375,0.8135416666666666
S1_resample,40,18,46,0.6714365705186993,0.08333333333333333,0.7843749999999999
S1_resample,40,17,47,0.6681723236137715,0.041666666666666664,0.7927083333333332
S1_resample,40,18,48,0.7304121446803782,0.0,0.8208333333333334
S1_resample,40,19,49,0.7305996929005475,0.0,0.8083333333333332
S1_resample,40,17,50,0.685363239657237,0.0,0.7822916666666666
S1_resample,40,20,51,0.6842961746642332,0.041666666666666664,0.7791666666666667
S1_resample,40,18,52,0.6263882047982606,0.4166666666666667,0.7885416666666667
S1_resample,40,20,53,0.6720831686816123,0.4166666666666667,0.7999999999999999
S1_resample,40,17,54,0.751885319878377,0.0,0.8510416666666667
S1_resample,40,17,55,0.7105091094965067,0.0,0.7875
S1_resample,40,18,56,0.6989123534242954,0.0,0.8270833333333334
S1_resample,40,18,57,0.658212998893619,0.3333333333333333,0.7916666666666666
S1_resample,40,17,58,0.6233938015027223,0.4166666666666667,0.7958333333333334
S1_resample,40,16,59,0.7463328197597393,0.041666666666666664,0.8510416666666667
S1_resample,40,18,60,0.6681000412153284,0.041666666666666664,0.7427083333333333
S1_resample,40,17,61,0.6671977169857816,0.041666666666666664,0.8135416666666666
S1_resample,40,17,62,0.685168082149002,0.041666666666666664,0.7739583333333333
S1_resample,40,18,63,0.6255943558976943,0.4166666666666667,0.7802083333333334
S1_resample,40,18,64,0.6200523752772023,0.375,0.7781250000000001
S1_resample,40,17,65,0.6819455551117071,0.041666666666666664,0.775
S1_resample,40,18,66,0.6897716165472684,0.0,0.7822916666666666
S1_resample,40,18,67,0.7238391737598846,0.0,0.834375
S1_resample,40,19,68,0.6710681272979045,0.041666666666666664,0.7770833333333335
S1_resample,40,19,69,0.687199427551509,0.041666666666666664,0.7708333333333334
S1_resample,40,18,70,0.6601233598961996,0.041666666666666664,0.8125
S1_resample,40,18,71,0.7296024021360961,0.0,0.8197916666666667
S1_resample,40,16,72,0.7428780668657724,0.041666666666666664,0.8489583333333335
S1_resample,40,18,73,0.6781133265115806,0.041666666666666664,0.7708333333333334
S1_resample,40,17,74,0.7095239926317961,0.0,0.834375
S1_resample,40,18,75,0.6840709100760584,0.041666666666666664,0.7781249999999998
S1_resample,40,19,76,0.7175639816701919,0.041666666666666664,0.80625
S1_resample,40,18,77,0.6389095699896329,0.3333333333333333,0.8125
S1_resample,40,17,78,0.6875989962661226,0.041666666666666664,0.7843749999999999
S1_resample,40,18,79,0.690820944851788,0.0,0.771875
S1_resample,40,18,80,0.6855823167760526,0.0,0.7697916666666665
S1_resample,40,17,81,0.6751717059813684,0.0,0.7885416666666667
S1_resample,40,16,82,0.6999667916852953,0.0,0.7708333333333334
S1_resample,40,17,83,0.6219956575635786,0.375,0.7885416666666666
S1_resample,40,18,84,0.6470056990284775,0.0,0.7854166666666668
S1_resample,40,18,85,0.7214734356029889,0.041666666666666664,0.8343750000000001
S1_resample,40,17,86,0.6274176081642928,0.4166666666666667,0.8270833333333334
S1_resample,40,14,87,0.6268158378207415,0.0,0.7833333333333332
S1_resample,40,17,88,0.6545477421088407,0.3333333333333333,0.7947916666666668
S1_resample,40,15,89,0.7120810730457569,0.041666666666666664,0.7947916666666667
S1_resample,40,18,90,0.6619190431699803,0.0,0.8083333333333332
S1_resample,40,17,91,0.6886931742059528,0.041666666666666664,0.7843750000000002
S1_resample,40,16,92,0.654048971253081,0.3333333333333333,0.84375
S1_resample,40,20,93,0.6667420250864051,0.375,0.8156249999999999
S1_resample,40,16,94,0.6271231730710342,0.4166666666666667,0.7822916666666666
S1_resample,40,17,95,0.6489765704249806,0.0,0.8458333333333333
S1_resample,40,18,96,0.6725536882356985,0.0,0.7583333333333333
S1_resample,40,19,97,0.6818965116031014,0.041666666666666664,0.7749999999999999
S1_resample,40,18,98,0.6770962526559943,0.08333333333333333,0.8291666666666666
S1_resample,40,18,99,0.6721719640253604,0.041666666666666664,0.8041666666666666
S1_resample,40,18,100,0.6797704537180461,0.041666666666666664,0.7729166666666667
S1_resample,40,17,101,0.6893710413279991,0.041666666666666664,0.7947916666666667
S1_resample,40,14,102,0.6923639826799046,0.0,0.7802083333333333
S1_resample,40,19,103,0.6534236400981279,0.375,0.8145833333333333
S1_resample,40,20,104,0.6401178907814538,0.4166666666666667,0.7979166666666666
S1_resample,40,18,105,0.6437132168219478,0.3333333333333333,0.7875
S1_resample,40,16,106,0.7009249691735858,0.041666666666666664,0.81875
S1_resample,40,15,107,0.6815707998103345,0.041666666666666664,0.7572916666666666
S1_resample,40,16,108,0.7182412523244001,0.041666666666666664,0.8302083333333332
S1_resample,40,16,109,0.6757466194222722,0.0,0.7885416666666666
S1_resample,40,18,110,0.6301430546659986,0.3333333333333333,0.7687499999999999
S1_resample,40,18,111,0.6311529776480613,0.375,0.7864583333333334
S1_resample,40,18,112,0.7182695285840351,0.041666666666666664,0.8177083333333334
S1_resample,40,18,113,0.6488181744912206,0.375,0.8135416666666666
S1_resample,40,18,114,0.666117740636031,0.0,0.790625
S1_resample,40,17,115,0.673684028474224,0.0,0.8197916666666666
S1_resample,40,15,116,0.6953536475653248,0.0,0.7937499999999998
S1_resample,40,16,117,0.6998098199635543,0.041666666666666664,0.8010416666666668
S1_resample,40,17,118,0.7022590486556682,0.0,0.8177083333333334
S1_resample,40,16,119,0.6496032984929545,0.041666666666666664,0.7697916666666668
S1_resample,40,20,120,0.7215990441498894,0.041666666666666664,0.8333333333333334
S1_resample,40,18,121,0.6935605814040935,0.0,0.7979166666666666
S1_resample,40,17,122,0.6580333830925673,0.4166666666666667,0.8156249999999999
S1_resample,40,16,123,0.7601553016290513,0.0,0.8468750000000002
S1_resample,40,16,124,0.6590714806524031,0.041666666666666664,0.7395833333333334
S1_resample,40,15,125,0.6936911540138991,0.0,0.8249999999999998
S1_resample,40,18,126,0.6616954773753866,0.0,0.7677083333333332
S1_resample,40,17,127,0.6611168833858607,0.041666666666666664,0.7989583333333333
S1_resample,40,18,128,0.7269750222298835,0.0,0.8104166666666668
S1_resample,40,17,129,0.6906498734484006,0.0,0.7635416666666667
S1_resample,40,15,130,0.6548840722999307,0.0,0.7583333333333333
S1_resample,40,17,131,0.7390043736776144,0.0,0.8333333333333334
S1_resample,40,16,132,0.665429682614264,0.041666666666666664,0.803125
S1_resample,40,19,133,0.7326648014038724,0.041666666666666664,0.8166666666666668
S1_resample,40,16,134,0.7248988516296043,0.0,0.8072916666666666
S1_resample,40,19,135,0.6340686638952084,0.041666666666666664,0.75
S1_resample,40,16,136,0.6687557292218531,0.0,0.8312500000000002
S1_resample,40,14,137,0.6474618640869508,0.0,0.7520833333333332
S1_resample,40,20,138,0.6828889512736235,0.041666666666666664,0.7760416666666666
S1_resample,40,15,139,0.6707233868111515,0.0,0.7770833333333332
S1_resample,40,16,140,0.6947320704246338,0.0,0.7614583333333332
S1_resample,40,18,141,0.6827365354726714,0.0,0.7937500000000001
S1_resample,40,19,142,0.6624292131109243,0.0,0.7645833333333334
S1_resample,40,19,143,0.6768553418098576,0.041666666666666664,0.771875
S1_resample,40,19,144,0.6397761041472404,0.4166666666666667,0.8083333333333332
S1_resample,40,17,145,0.727599336079406,0.041666666666666664,0.84375
S1_resample,40,15,146,0.6480689850854626,0.0,0.771875
S1_resample,40,18,147,0.7233597559770641,0.041666666666666664,0.8250000000000001
S1_resample,40,19,148,0.6396929319000894,0.4166666666666667,0.8270833333333334
S1_resample,40,16,149,0.735350528525956,0.0,0.8250000000000002
S1_resample,60,19,0,0.681741680841847,0.0,0.8361111111111111
S1_resample,60,18,1,0.7225616144684389,0.0,0.8270833333333333
S1_resample,60,20,2,0.7043705723971534,0.041666666666666664,0.8215277777777779
S1_resample,60,20,3,0.6579333837620495,0.375,0.8006944444444445
S1_resample,60,20,4,0.6741554597704751,0.375,0.8409722222222221
S1_resample,60,20,5,0.6574267002456036,0.0,0.8055555555555557
S1_resample,60,20,6,0.6648669936054133,0.4166666666666667,0.8375
S1_resample,60,19,7,0.6577577208017406,0.4166666666666667,0.8256944444444444
S1_resample,60,17,8,0.6491994653205323,0.4166666666666667,0.7951388888888888
S1_resample,60,20,9,0.644527041402143,0.4166666666666667,0.8340277777777777
S1_resample,60,20,10,0.6598726663498419,0.041666666666666664,0.7722222222222223
S1_resample,60,20,11,0.6521852430522141,0.041666666666666664,0.7986111111111112
S1_resample,60,19,12,0.6697664466337931,0.08333333333333333,0.7937499999999998
S1_resample,60,18,13,0.6570488960164412,0.041666666666666664,0.8069444444444445
S1_resample,60,19,14,0.6825864060435416,0.041666666666666664,0.7895833333333334
S1_resample,60,19,15,0.6436605237097069,0.375,0.8222222222222223
S1_resample,60,19,16,0.6633752558826016,0.041666666666666664,0.7909722222222223
S1_resample,60,20,17,0.6806973630577966,0.041666666666666664,0.7944444444444444
S1_resample,60,20,18,0.6514095082592471,0.4166666666666667,0.7999999999999999
S1_resample,60,19,19,0.6691772431536637,0.3333333333333333,0.8159722222222222
S1_resample,60,19,20,0.6660700877900672,0.4166666666666667,0.8597222222222222
S1_resample,60,20,21,0.6638546185881711,0.08333333333333333,0.7923611111111112
S1_resample,60,19,22,0.6459725787414957,0.041666666666666664,0.7965277777777778
S1_resample,60,20,23,0.6835040291556802,0.0,0.8229166666666666
S1_resample,60,17,24,0.6850875472913578,0.0,0.8395833333333332
S1_resample,60,20,25,0.6393503084526311,0.4166666666666667,0.8076388888888889
S1_resample,60,20,26,0.6543683880900357,0.4166666666666667,0.8131944444444444
S1_resample,60,19,27,0.666615860657868,0.0,0.8069444444444445
S1_resample,60,18,28,0.6940316822525323,0.0,0.8423611111111112
S1_resample,60,18,29,0.6460493696290752,0.4166666666666667,0.8326388888888889
S1_resample,60,20,30,0.6884226544771962,0.0,0.8173611111111111
S1_resample,60,19,31,0.662987369610341,0.375,0.8298611111111112
S1_resample,60,19,32,0.6605277626674747,0.3333333333333333,0.8159722222222222
S1_resample,60,19,33,0.6819318787296965,0.0,0.7888888888888891
S1_resample,60,19,34,0.6206282908806892,0.4166666666666667,0.8083333333333332
S1_resample,60,19,35,0.6593140046439624,0.3333333333333333,0.8166666666666668
S1_resample,60,19,36,0.6673365276575206,0.08333333333333333,0.8013888888888889
S1_resample,60,18,37,0.680231554647573,0.0,0.8159722222222222
S1_resample,60,20,38,0.6990631084089945,0.041666666666666664,0.8159722222222223
S1_resample,60,20,39,0.7043401134078257,0.041666666666666664,0.81875
S1_resample,60,20,40,0.6662372174469935,0.3333333333333333,0.8229166666666666
S1_resample,60,19,41,0.6437443454343477,0.4166666666666667,0.7868055555555555
S1_resample,60,19,42,0.6405334988660072,0.375,0.8618055555555556
S1_resample,60,20,43,0.6433943865213714,0.375,0.8270833333333334
S1_resample,60,19,44,0.672718963429545,0.0,0.8013888888888889
S1_resample,60,18,45,0.6376815374720967,0.08333333333333333,0.8048611111111112
S1_resample,60,18,46,0.6628567842335231,0.3333333333333333,0.8097222222222222
S1_resample,60,16,47,0.7621117742581355,0.0,0.8520833333333332
S1_resample,60,19,48,0.7175305015480028,0.0,0.8131944444444444
S1_resample,60,20,49,0.6636976339048303,0.375,0.8166666666666668
S1_resample,60,20,50,0.6645039903268186,0.3333333333333333,0.7965277777777778
S1_resample,60,19,51,0.6530806821194369,0.3333333333333333,0.8430555555555556
S1_resample,60,20,52,0.6563450830144939,0.041666666666666664,0.8131944444444444
S1_resample,60,19,53,0.693973828655436,0.0,0.8222222222222223
S1_resample,60,17,54,0.6495989772905582,0.08333333333333333,0.7868055555555555
S1_resample,60,19,55,0.6893202656542634,0.08333333333333333,0.8416666666666667
S1_resample,60,20,56,0.6919431146341124,0.0,0.8312500000000002
S1_resample,60,19,57,0.7066737432033277,0.0,0.8187500000000001
S1_resample,60,19,58,0.6696230076400602,0.4166666666666667,0.826388888888889
S1_resample,60,19,59,0.6817104366362752,0.0,0.8305555555555556
S1_resample,60,19,60,0.6551693595661594,0.3333333333333333,0.8069444444444445
S1_resample,60,19,61,0.630293112023059,0.3333333333333333,0.7756944444444445
S1_resample,60,19,62,0.6833020259207158,0.041666666666666664,0.8173611111111111
S1_resample,60,18,63,0.663545105793016,0.375,0.8104166666666668
S1_resample,60,19,64,0.6690472535652118,0.0,0.7729166666666666
S1_resample,60,19,65,0.6542054726730441,0.4166666666666667,0.8208333333333333
S1_resample,60,20,66,0.6511555348099407,0.4166666666666667,0.8284722222222222
S1_resample,60,20,67,0.6958738400040236,0.0,0.8194444444444443
S1_resample,60,19,68,0.6800587808758201,0.0,0.7958333333333333
S1_resample,60,19,69,0.6977533943464008,0.0,0.8201388888888888
S1_resample,60,19,70,0.7209240936585886,0.041666666666666664,0.8236111111111111
S1_resample,60,18,71,0.6837175436320911,0.08333333333333333,0.7902777777777777
S1_resample,60,19,72,0.6563819761735384,0.375,0.8090277777777778
S1_resample,60,19,73,0.6976775015333879,0.0,0.7958333333333334
S1_resample,60,20,74,0.6182381103902189,0.4583333333333333,0.8611111111111112
S1_resample,60,20,75,0.6793616000759116,0.041666666666666664,0.8076388888888889
S1_resample,60,18,76,0.6608572368730129,0.08333333333333333,0.8118055555555556
S1_resample,60,18,77,0.6708208932006593,0.3333333333333333,0.8041666666666667
S1_resample,60,19,78,0.7437960872376166,0.041666666666666664,0.829861111111111
S1_resample,60,19,79,0.6367623600424417,0.3333333333333333,0.8243055555555555
S1_resample,60,20,80,0.6840596586909996,0.0,0.8194444444444443
S1_resample,60,20,81,0.6613704464674507,0.4166666666666667,0.8027777777777777
S1_resample,60,20,82,0.6382348824586506,0.4166666666666667,0.8006944444444445
S1_resample,60,19,83,0.6723365809976576,0.375,0.8361111111111112
S1_resample,60,19,84,0.6630446040800749,0.041666666666666664,0.7944444444444443
S1_resample,60,19,85,0.6794555109734167,0.0,0.8173611111111111
S1_resample,60,19,86,0.6578571597941086,0.4166666666666667,0.8166666666666665
S1_resample,60,19,87,0.6797549850103618,0.0,0.8465277777777778
S1_resample,60,19,88,0.6692088712248987,0.0,0.7965277777777778
S1_resample,60,19,89,0.7024373996392673,0.0,0.8208333333333334
S1_resample,60,19,90,0.6648963275161365,0.0,0.8055555555555557
S1_resample,60,20,91,0.6518027062520118,0.375,0.8173611111111111
S1_resample,60,19,92,0.6450680983550453,0.4166666666666667,0.8173611111111111
S1_resample,60,20,93,0.7004771906545684,0.041666666666666664,0.8159722222222223
S1_resample,60,19,94,0.6501293275433444,0.4166666666666667,0.7888888888888891
S1_resample,60,20,95,0.6712953814059357,0.3333333333333333,0.8375
S1_resample,60,19,96,0.6540722081965255,0.4166666666666667,0.8131944444444444
S1_resample,60,19,97,0.6428599028852244,0.4166666666666667,0.8034722222222221
S1_resample,60,19,98,0.6519757135673824,0.375,0.8180555555555555
S1_resample,60,19,99,0.7083465839609235,0.0,0.8104166666666668
S1_resample,60,19,100,0.6172201355136361,0.4166666666666667,0.8263888888888888
S1_resample,60,20,101,0.6521474141578872,0.08333333333333333,0.8083333333333332
S1_resample,60,19,102,0.7030229836593542,0.0,0.8215277777777779
S1_resample,60,19,103,0.6705300066078469,0.041666666666666664,0.8138888888888888
S1_resample,60,20,104,0.6723841687151957,0.4166666666666667,0.8222222222222223
S1_resample,60,20,105,0.6737992529911883,0.3333333333333333,0.8305555555555556
S1_resample,60,18,106,0.6910759118795148,0.041666666666666664,0.8055555555555555
S1_resample,60,20,107,0.6389756844933208,0.4166666666666667,0.8180555555555555
S1_resample,60,19,108,0.6561287997909974,0.3333333333333333,0.8020833333333334
S1_resample,60,20,109,0.6618980435026307,0.3333333333333333,0.8006944444444444
S1_resample,60,18,110,0.7036986236596345,0.0,0.8354166666666667
S1_resample,60,20,111,0.6431777422475043,0.4166666666666667,0.8027777777777777
S1_resample,60,20,112,0.6805696571097666,0.041666666666666664,0.8006944444444445
S1_resample,60,19,113,0.663819883899209,0.4166666666666667,0.8256944444444444
S1_resample,60,18,114,0.6844390245517284,0.3333333333333333,0.8152777777777777
S1_resample,60,20,115,0.6914141412444857,0.041666666666666664,0.8166666666666668
S1_resample,60,19,116,0.6618224559807186,0.4166666666666667,0.8368055555555555
S1_resample,60,17,117,0.6390097345264185,0.4166666666666667,0.8013888888888889
S1_resample,60,19,118,0.6493239129861778,0.3333333333333333,0.8069444444444445
S1_resample,60,18,119,0.6999263512853979,0.0,0.8368055555555557
S1_resample,60,18,120,0.6938321695962603,0.0,0.8194444444444445
S1_resample,60,19,121,0.6718618492965082,0.0,0.7972222222222222
S1_resample,60,20,122,0.6287559209555861,0.3333333333333333,0.8249999999999998
S1_resample,60,20,123,0.6425249659802524,0.4166666666666667,0.7965277777777778
S1_resample,60,20,124,0.7061497794577296,0.041666666666666664,0.8319444444444445
S1_resample,60,18,125,0.6775222015747953,0.041666666666666664,0.8270833333333334
S1_resample,60,18,126,0.6413353057763503,0.3333333333333333,0.7944444444444444
S1_resample,60,19,127,0.6782299430541405,0.041666666666666664,0.8159722222222223
S1_resample,60,19,128,0.6218731792352206,0.4166666666666667,0.7930555555555555
S1_resample,60,20,129,0.6960326208381561,0.0,0.8277777777777778
S1_resample,60,19,130,0.6738751504444175,0.3333333333333333,0.8166666666666668
S1_resample,60,20,131,0.6751017450424873,0.3333333333333333,0.8201388888888889
S1_resample,60,18,132,0.6783527448563716,0.3333333333333333,0.8305555555555556
S1_resample,60,19,133,0.7328120269183891,0.0,0.8111111111111112
S1_resample,60,19,134,0.6931944193896753,0.041666666666666664,0.8236111111111111
S1_resample,60,19,135,0.7202414376867747,0.041666666666666664,0.8319444444444445
S1_resample,60,20,136,0.6325499430899502,0.4166666666666667,0.8243055555555555
S1_resample,60,19,137,0.6349196622298011,0.3333333333333333,0.7916666666666666
S1_resample,60,20,138,0.6923541643202101,0.0,0.8097222222222222
S1_resample,60,19,139,0.6464584977209479,0.4166666666666667,0.8111111111111112
S1_resample,60,18,140,0.6619918270530042,0.3333333333333333,0.8229166666666666
S1_resample,60,20,141,0.6552126371160466,0.4166666666666667,0.7958333333333334
S1_resample,60,20,142,0.6732775755673225,0.0,0.8243055555555556
S1_resample,60,20,143,0.710272321816341,0.041666666666666664,0.8118055555555556
S1_resample,60,20,144,0.6683437953787281,0.3333333333333333,0.813888888888889
S1_resample,60,20,145,0.6812119369259547,0.041666666666666664,0.8020833333333334
S1_resample,60,20,146,0.6883692281684719,0.0,0.8215277777777779
S1_resample,60,19,147,0.6772008774448239,0.041666666666666664,0.826388888888889
S1_resample,60,19,148,0.724647247590302,0.0,0.8430555555555556
S1_resample,60,20,149,0.6452217172535456,0.4166666666666667,0.7958333333333334
S1_resample,80,20,0,0.6460782279810662,0.375,0.8463541666666666
S1_resample,80,20,1,0.6304329756932764,0.4166666666666667,0.8052083333333334
S1_resample,80,20,2,0.6818418692902402,0.0,0.8416666666666667
S1_resample,80,20,3,0.6633612402316277,0.3333333333333333,0.8515625
S1_resample,80,19,4,0.7173220945848596,0.0,0.8286458333333334
S1_resample,80,20,5,0.6610835397592061,0.3333333333333333,0.8239583333333332
S1_resample,80,19,6,0.639536616342553,0.4166666666666667,0.8177083333333334
S1_resample,80,20,7,0.6529422025007701,0.3333333333333333,0.8135416666666666
S1_resample,80,20,8,0.7105947719354642,0.0,0.8255208333333334
S1_resample,80,19,9,0.6651431775948065,0.3333333333333333,0.8161458333333332
S1_resample,80,20,10,0.6566666892726143,0.4166666666666667,0.8249999999999998
S1_resample,80,20,11,0.6795566231982965,0.0,0.8078124999999998
S1_resample,80,19,12,0.6393146168343514,0.3333333333333333,0.8041666666666666
S1_resample,80,20,13,0.6597131934344852,0.4166666666666667,0.8270833333333334
S1_resample,80,20,14,0.6903220835173688,0.041666666666666664,0.8197916666666667
S1_resample,80,20,15,0.6611532953757757,0.041666666666666664,0.8427083333333334
S1_resample,80,19,16,0.6850855464288734,0.0,0.8255208333333334
S1_resample,80,20,17,0.6668719657524599,0.3333333333333333,0.8447916666666666
S1_resample,80,18,18,0.6992194355794925,0.0,0.8427083333333334
S1_resample,80,20,19,0.6874011043760826,0.08333333333333333,0.8406250000000002
S1_resample,80,19,20,0.6957085401609262,0.0,0.8291666666666666
S1_resample,80,19,21,0.6669703094541833,0.08333333333333333,0.8401041666666668
S1_resample,80,20,22,0.6878277978352794,0.3333333333333333,0.8296875
S1_resample,80,20,23,0.6792277667679096,0.0,0.8302083333333333
S1_resample,80,19,24,0.6874711398685246,0.0,0.8395833333333335
S1_resample,80,20,25,0.689857772558429,0.0,0.8416666666666668
S1_resample,80,20,26,0.6324568880481327,0.5,0.8604166666666666
S1_resample,80,20,27,0.6629749529220686,0.375,0.8270833333333334
S1_resample,80,20,28,0.6472945192428149,0.4166666666666667,0.8302083333333332
S1_resample,80,20,29,0.6722253685567005,0.4166666666666667,0.8333333333333334
S1_resample,80,20,30,0.6729988587800217,0.375,0.8192708333333334
S1_resample,80,20,31,0.659536788842885,0.0,0.8276041666666666
S1_resample,80,20,32,0.6822271278341087,0.0,0.8348958333333334
S1_resample,80,19,33,0.6821257372112112,0.3333333333333333,0.8468749999999999
S1_resample,80,20,34,0.6746237245260038,0.041666666666666664,0.8203125
S1_resample,80,20,35,0.6890907795993527,0.0,0.8213541666666667
S1_resample,80,20,36,0.6811077751462719,0.0,0.8151041666666666
S1_resample,80,20,37,0.6675361415983624,0.3333333333333333,0.834375
S1_resample,80,20,38,0.6666599924649604,0.041666666666666664,0.7963541666666666
S1_resample,80,20,39,0.6612652710315657,0.4166666666666667,0.8364583333333333
S1_resample,80,20,40,0.6910661632920346,0.375,0.8328125000000001
S1_resample,80,20,41,0.6789367852192281,0.3333333333333333,0.8229166666666666
S1_resample,80,20,42,0.6490966299565406,0.4166666666666667,0.8052083333333334
S1_resample,80,20,43,0.682738642795322,0.041666666666666664,0.8250000000000001
S1_resample,80,20,44,0.6629648988035098,0.375,0.828125
S1_resample,80,18,45,0.6705040621426729,0.0,0.8161458333333332
S1_resample,80,20,46,0.6653057930998875,0.041666666666666664,0.7864583333333334
S1_resample,80,20,47,0.6749535381972498,0.0,0.821875
S1_resample,80,20,48,0.6689407254186356,0.0,0.8317708333333335
S1_resample,80,19,49,0.6981536611350355,0.0,0.8223958333333332
S1_resample,80,19,50,0.6561229855492827,0.4166666666666667,0.8234374999999999
S1_resample,80,20,51,0.6548206582661239,0.3333333333333333,0.8255208333333334
S1_resample,80,20,52,0.7173438683680622,0.041666666666666664,0.8583333333333334
S1_resample,80,20,53,0.6621111104185156,0.4166666666666667,0.8156250000000002
S1_resample,80,20,54,0.6677845095932924,0.3333333333333333,0.834375
S1_resample,80,20,55,0.6676505919835148,0.3333333333333333,0.8484375000000001
S1_resample,80,19,56,0.689364878658185,0.3333333333333333,0.8390624999999999
S1_resample,80,18,57,0.679422821097636,0.041666666666666664,0.8223958333333332
S1_resample,80,20,58,0.7084963750712138,0.041666666666666664,0.8630208333333332
S1_resample,80,19,59,0.6474201462741681,0.4166666666666667,0.8182291666666667
S1_resample,80,20,60,0.6984524830824017,0.0,0.8635416666666668
S1_resample,80,20,61,0.6402464016101328,0.3333333333333333,0.8223958333333332
S1_resample,80,20,62,0.6995436829588281,0.0,0.8510416666666666
S1_resample,80,19,63,0.65038914593069,0.3333333333333333,0.8369791666666667
S1_resample,80,20,64,0.649509130622241,0.4166666666666667,0.8119791666666667
S1_resample,80,19,65,0.633018602435298,0.4166666666666667,0.8005208333333335
S1_resample,80,20,66,0.6645851185752035,0.3333333333333333,0.828125
S1_resample,80,19,67,0.6831188386265523,0.0,0.8161458333333332
S1_resample,80,19,68,0.7068294222463969,0.0,0.8244791666666668
S1_resample,80,19,69,0.6420127408275343,0.375,0.7989583333333335
S1_resample,80,20,70,0.6718821045009478,0.041666666666666664,0.790625
S1_resample,80,20,71,0.6826647815482451,0.08333333333333333,0.8322916666666668
S1_resample,80,20,72,0.6780437721523686,0.3333333333333333,0.8447916666666666
S1_resample,80,20,73,0.6336662690745788,0.3333333333333333,0.8260416666666667
S1_resample,80,19,74,0.6576114074032142,0.0,0.828125
S1_resample,80,19,75,0.6633482302193326,0.3333333333333333,0.8552083333333332
S1_resample,80,20,76,0.6672862234557675,0.3333333333333333,0.8369791666666666
S1_resample,80,20,77,0.707845215097146,0.041666666666666664,0.8333333333333334
S1_resample,80,19,78,0.6949220623709161,0.0,0.828125
S1_resample,80,20,79,0.6872605116764543,0.0,0.8312500000000002
S1_resample,80,20,80,0.7547230215668523,0.041666666666666664,0.8640625000000001
S1_resample,80,20,81,0.6606865418992647,0.3333333333333333,0.8135416666666667
S1_resample,80,20,82,0.6465292269715636,0.4166666666666667,0.8140625
S1_resample,80,20,83,0.658910731751833,0.3333333333333333,0.8416666666666667
S1_resample,80,19,84,0.6760909120842737,0.0,0.8130208333333332
S1_resample,80,19,85,0.6683933254004538,0.375,0.85
S1_resample,80,20,86,0.6754452066071202,0.08333333333333333,0.8348958333333334
S1_resample,80,20,87,0.6236335593734278,0.375,0.8156250000000002
S1_resample,80,20,88,0.6799323493076297,0.0,0.8401041666666668
S1_resample,80,18,89,0.6558150142083853,0.3333333333333333,0.8411458333333334
S1_resample,80,20,90,0.6739020445434986,0.041666666666666664,0.8067708333333333
S1_resample,80,20,91,0.6469749970529969,0.375,0.8088541666666665
S1_resample,80,19,92,0.7063236474321344,0.041666666666666664,0.8255208333333334
S1_resample,80,20,93,0.6718628161053515,0.08333333333333333,0.8010416666666665
S1_resample,80,20,94,0.6842764107640465,0.3333333333333333,0.8458333333333332
S1_resample,80,20,95,0.6714517779357262,0.4166666666666667,0.8270833333333333
S1_resample,80,19,96,0.6809071925286138,0.041666666666666664,0.821875
S1_resample,80,20,97,0.6948175891436427,0.041666666666666664,0.8307291666666666
S1_resample,80,20,98,0.6589039788891213,0.4166666666666667,0.8442708333333334
S1_resample,80,20,99,0.6742092551131272,0.3333333333333333,0.8479166666666668
S1_resample,80,19,100,0.6745001362551017,0.0,0.828125
S1_resample,80,17,101,0.7059962574531786,0.0,0.8307291666666666
S1_resample,80,20,102,0.6948992141150668,0.3333333333333333,0.8484375000000001
S1_resample,80,20,103,0.7040533638311264,0.041666666666666664,0.8416666666666667
S1_resample,80,20,104,0.6811978435465117,0.0,0.8265625
S1_resample,80,20,105,0.6884453349403383,0.0,0.8244791666666668
S1_resample,80,20,106,0.6969518912030112,0.041666666666666664,0.8114583333333334
S1_resample,80,18,107,0.6678615292955239,0.0,0.7979166666666666
S1_resample,80,19,108,0.7381983835601266,0.0,0.8432291666666666
S1_resample,80,20,109,0.6806635359074348,0.375,0.8333333333333334
S1_resample,80,19,110,0.6906709838007347,0.0,0.8182291666666667
S1_resample,80,20,111,0.6755676653066374,0.4166666666666667,0.8447916666666667
S1_resample,80,19,112,0.6727847085049666,0.4166666666666667,0.8453125
S1_resample,80,20,113,0.6470531278065956,0.3333333333333333,0.8265625
S1_resample,80,19,114,0.6583909182632419,0.041666666666666664,0.803125
S1_resample,80,20,115,0.6791697253295838,0.4166666666666667,0.8432291666666668
S1_resample,80,20,116,0.6578154169318997,0.4166666666666667,0.8338541666666667
S1_resample,80,19,117,0.6836375310459893,0.375,0.8390625000000002
S1_resample,80,20,118,0.655264294271575,0.375,0.8255208333333334
S1_resample,80,19,119,0.6927548698178765,0.041666666666666664,0.8489583333333334
S1_resample,80,20,120,0.6745931300244168,0.3333333333333333,0.8390625000000002
S1_resample,80,20,121,0.674110969567735,0.041666666666666664,0.8265625
S1_resample,80,20,122,0.6365872992253201,0.3333333333333333,0.8609375
S1_resample,80,19,123,0.667158396141202,0.041666666666666664,0.8307291666666666
S1_resample,80,17,124,0.6996777190345281,0.0,0.8416666666666667
S1_resample,80,19,125,0.6541044959777543,0.4166666666666667,0.8182291666666667
S1_resample,80,20,126,0.6387960392248683,0.4166666666666667,0.8093749999999998
S1_resample,80,20,127,0.6430699641753719,0.4166666666666667,0.8401041666666668
S1_resample,80,20,128,0.665386808817591,0.0,0.8395833333333332
S1_resample,80,20,129,0.6743076523144301,0.0,0.8239583333333335
S1_resample,80,20,130,0.6768487811439791,0.041666666666666664,0.828125
S1_resample,80,20,131,0.6683336189438223,0.0,0.8046875
S1_resample,80,20,132,0.6290822501968085,0.4583333333333333,0.8255208333333334
S1_resample,80,19,133,0.6496468952496678,0.3333333333333333,0.8197916666666667
S1_resample,80,20,134,0.6466642423058876,0.3333333333333333,0.8052083333333333
S1_resample,80,19,135,0.6752577500179504,0.0,0.8385416666666666
S1_resample,80,20,136,0.72054571854114,0.0,0.8359375
S1_resample,80,20,137,0.6836880446568654,0.041666666666666664,0.8088541666666665
S1_resample,80,19,138,0.647798591900844,0.375,0.80625
S1_resample,80,20,139,0.6378978062803565,0.375,0.8088541666666668
S1_resample,80,20,140,0.6522388724177819,0.3333333333333333,0.8583333333333334
S1_resample,80,19,141,0.6725876392844231,0.3333333333333333,0.8557291666666668
S1_resample,80,20,142,0.6838411817801091,0.375,0.85
S1_resample,80,19,143,0.651479360801971,0.4166666666666667,0.8411458333333334
S1_resample,80,18,144,0.6641569111015216,0.08333333333333333,0.8135416666666666
S1_resample,80,20,145,0.6579586202804282,0.3333333333333333,0.8458333333333333
S1_resample,80,20,146,0.7252433341481457,0.041666666666666664,0.8494791666666667
S1_resample,80,19,147,0.6854038932599079,0.041666666666666664,0.8078125000000002
S1_resample,80,20,148,0.6472610182431788,0.4166666666666667,0.8494791666666668
S1_resample,80,20,149,0.6741374120231636,0.0,0.8187500000000001
S1_resample,96,18,0,0.6636647328007135,0.041666666666666664,0.8259548611111112
S1_resample,96,20,1,0.6438573582039789,0.041666666666666664,0.7708333333333334
S1_resample,96,20,2,0.6614032862616184,0.375,0.8402777777777777
S1_resample,96,20,3,0.6831230269176894,0.041666666666666664,0.8120659722222222
S1_resample,96,20,4,0.6749716149429202,0.041666666666666664,0.8107638888888888
S1_resample,96,20,5,0.6535033525979895,0.4166666666666667,0.8207465277777777
S1_resample,96,20,6,0.672680047002762,0.041666666666666664,0.8042534722222222
S1_resample,96,19,7,0.6808424291829973,0.0,0.84375
S1_resample,96,19,8,0.6162499700426893,0.5,0.830295138888889
S1_resample,96,20,9,0.6871525199667053,0.4166666666666667,0.8454861111111112
S1_resample,96,20,10,0.6821592873502513,0.4166666666666667,0.8433159722222223
S1_resample,96,20,11,0.6605543573636724,0.4166666666666667,0.8276909722222222
S1_resample,96,19,12,0.6625761211660394,0.4166666666666667,0.8346354166666666
S1_resample,96,20,13,0.6551230537505763,0.041666666666666664,0.8528645833333334
S1_resample,96,20,14,0.6464224705997789,0.4583333333333333,0.83203125
S1_resample,96,20,15,0.6404161818931157,0.4583333333333333,0.8229166666666666
S1_resample,96,20,16,0.6765106089363179,0.3333333333333333,0.8480902777777777
S1_resample,96,19,17,0.670671490297213,0.0,0.8151041666666666
S1_resample,96,19,18,0.6825376549365423,0.0,0.8433159722222222
S1_resample,96,20,19,0.6869686096496201,0.3333333333333333,0.8372395833333334
S1_resample,96,20,20,0.6728809768148263,0.08333333333333333,0.8046875
S1_resample,96,20,21,0.6793763730265714,0.0,0.8346354166666666
S1_resample,96,20,22,0.7168311145046915,0.041666666666666664,0.8407118055555557
S1_resample,96,19,23,0.6759063862416931,0.3333333333333333,0.8389756944444445
S1_resample,96,20,24,0.6851002946986363,0.3333333333333333,0.8246527777777777
S1_resample,96,20,25,0.6918553449904591,0.3333333333333333,0.8502604166666666
S1_resample,96,19,26,0.6770118621565427,0.0,0.8385416666666666
S1_resample,96,20,27,0.6772883194955307,0.08333333333333333,0.8372395833333334
S1_resample,96,20,28,0.6769212177327246,0.3333333333333333,0.8350694444444443
S1_resample,96,20,29,0.6596931630937817,0.0,0.8467881944444443
S1_resample,96,20,30,0.7047433235625927,0.0,0.8637152777777778
S1_resample,96,20,31,0.6523680094332188,0.3333333333333333,0.8446180555555557
S1_resample,96,20,32,0.7142929438235474,0.0,0.849826388888889
S1_resample,96,20,33,0.6804305800720517,0.0,0.841579861111111
S1_resample,96,20,34,0.659177111137031,0.4166666666666667,0.826388888888889
S1_resample,96,20,35,0.6600383321868504,0.3333333333333333,0.8333333333333334
S1_resample,96,20,36,0.687870677193319,0.0,0.8311631944444443
S1_resample,96,20,37,0.6799534857325437,0.4166666666666667,0.8480902777777778
S1_resample,96,20,38,0.6947294952940937,0.0,0.8424479166666666
S1_resample,96,20,39,0.6956197314933046,0.0,0.8424479166666666
S1_resample,96,20,40,0.6635945587478317,0.3333333333333333,0.8515625
S1_resample,96,20,41,0.6789528083723388,0.041666666666666664,0.8155381944444443
S1_resample,96,20,42,0.6826579648307279,0.0,0.8268229166666666
S1_resample,96,20,43,0.655762166963332,0.08333333333333333,0.8055555555555555
S1_resample,96,20,44,0.6613818019013713,0.3333333333333333,0.861111111111111
S1_resample,96,20,45,0.6523981017945204,0.375,0.80859375
S1_resample,96,20,46,0.6946988839819974,0.08333333333333333,0.8342013888888888
S1_resample,96,20,47,0.6894360560030814,0.0,0.8480902777777777
S1_resample,96,20,48,0.6645039098690941,0.3333333333333333,0.8381076388888888
S1_resample,96,20,49,0.666403302189066,0.0,0.8363715277777778
S1_resample,96,20,50,0.6759280172407915,0.3333333333333333,0.8567708333333334
S1_resample,96,20,51,0.6729093662049904,0.0,0.7934027777777777
S1_resample,96,20,52,0.6402218850297434,0.3333333333333333,0.8181423611111112
S1_resample,96,20,53,0.6682705575050923,0.041666666666666664,0.8207465277777777
S1_resample,96,20,54,0.6303772439859754,0.041666666666666664,0.7973090277777777
S1_resample,96,20,55,0.6905367961704125,0.0,0.8394097222222223
S1_resample,96,20,56,0.6959192453492132,0.0,0.8407118055555555
S1_resample,96,20,57,0.679476184144209,0.3333333333333333,0.8480902777777778
S1_resample,96,20,58,0.6702043891593109,0.375,0.833767361111111
S1_resample,96,20,59,0.6491352689599794,0.375,0.8155381944444445
S1_resample,96,19,60,0.6194397440767738,0.5,0.8394097222222222
S1_resample,96,20,61,0.6799172637936975,0.0,0.8090277777777777
S1_resample,96,20,62,0.6897740983324255,0.0,0.8203125
S1_resample,96,19,63,0.668324714175741,0.0,0.8480902777777777
S1_resample,96,19,64,0.6628004889643904,0.375,0.8233506944444445
S1_resample,96,20,65,0.6590024396639614,0.041666666666666664,0.8190104166666666
S1_resample,96,20,66,0.6502670929348179,0.3333333333333333,0.8784722222222222
S1_resample,96,20,67,0.6549164446363971,0.3333333333333333,0.83984375
S1_resample,96,20,68,0.6516231089751929,0.3333333333333333,0.8081597222222222
S1_resample,96,20,69,0.6587397673055608,0.4166666666666667,0.81640625
S1_resample,96,19,70,0.7051003244270462,0.041666666666666664,0.8311631944444445
S1_resample,96,19,71,0.6467546198305832,0.3333333333333333,0.8107638888888888
S1_resample,96,20,72,0.6758304405303268,0.4166666666666667,0.8402777777777777
S1_resample,96,19,73,0.6804297040264274,0.08333333333333333,0.8259548611111112
S1_resample,96,20,74,0.6657545701505251,0.041666666666666664,0.7864583333333334
S1_resample,96,20,75,0.6566385636488333,0.4166666666666667,0.8420138888888888
S1_resample,96,20,76,0.6954493108149895,0.041666666666666664,0.8519965277777777
S1_resample,96,20,77,0.6812638441629832,0.0,0.814236111111111
S1_resample,96,20,78,0.6398234005600864,0.4166666666666667,0.8328993055555555
S1_resample,96,20,79,0.6874795982749072,0.0,0.829861111111111
S1_resample,96,20,80,0.645772563713967,0.4166666666666667,0.828125
S1_resample,96,20,81,0.673732999886114,0.0,0.814670138888889
S1_resample,96,20,82,0.6954146570749938,0.0,0.8450520833333334
S1_resample,96,20,83,0.6807006441829583,0.041666666666666664,0.8211805555555557
S1_resample,96,20,84,0.6384746933411563,0.08333333333333333,0.8125
S1_resample,96,20,85,0.6757800979737716,0.3333333333333333,0.8541666666666666
S1_resample,96,20,86,0.6416054653147701,0.08333333333333333,0.806857638888889
S1_resample,96,20,87,0.6745006896192391,0.3333333333333333,0.842013888888889
S1_resample,96,20,88,0.6506588028385518,0.3333333333333333,0.8250868055555555
S1_resample,96,20,89,0.6796059585643903,0.0,0.8463541666666666
S1_resample,96,20,90,0.6647637984740076,0.3333333333333333,0.8190104166666666
S1_resample,96,19,91,0.6759253814914167,0.041666666666666664,0.8237847222222222
S1_resample,96,18,92,0.6821447519133305,0.0,0.8181423611111112
S1_resample,96,20,93,0.6768118837213207,0.3333333333333333,0.8289930555555555
S1_resample,96,20,94,0.6615870128911617,0.0,0.8220486111111112
S1_resample,96,20,95,0.6215400932953444,0.4166666666666667,0.8255208333333334
S1_resample,96,20,96,0.6606496065943548,0.08333333333333333,0.8346354166666666
S1_resample,96,20,97,0.6552034913903695,0.3333333333333333,0.830295138888889
S1_resample,96,20,98,0.6851326075667724,0.0,0.8276909722222222
S1_resample,96,20,99,0.680309200077639,0.0,0.8472222222222223
S1_resample,96,20,100,0.6455016875449544,0.3333333333333333,0.7990451388888888
S1_resample,96,20,101,0.6637925448401172,0.3333333333333333,0.8428819444444443
S1_resample,96,20,102,0.6324690045749692,0.4166666666666667,0.8125
S1_resample,96,19,103,0.7124139206323686,0.0,0.853732638888889
S1_resample,96,19,104,0.7145829204972236,0.0,0.8072916666666666
S1_resample,96,20,105,0.664350148339496,0.4166666666666667,0.8589409722222222
S1_resample,96,19,106,0.6860083489031489,0.0,0.8198784722222222
S1_resample,96,20,107,0.6451772173077672,0.4166666666666667,0.8307291666666666
S1_resample,96,20,108,0.6993631745363558,0.0,0.8407118055555555
S1_resample,96,20,109,0.6834292000525428,0.375,0.8394097222222222
S1_resample,96,20,110,0.665864399771462,0.08333333333333333,0.828125
S1_resample,96,19,111,0.675524864661543,0.0,0.8172743055555557
S1_resample,96,19,112,0.6817704740614726,0.0,0.822048611111111
S1_resample,96,20,113,0.6921809193662015,0.041666666666666664,0.8051215277777777
S1_resample,96,20,114,0.6619814126866544,0.4166666666666667,0.8402777777777778
S1_resample,96,20,115,0.6490870907023659,0.3333333333333333,0.8042534722222222
S1_resample,96,20,116,0.6565494142461614,0.3333333333333333,0.833767361111111
S1_resample,96,20,117,0.6695385349424119,0.4166666666666667,0.8307291666666666
S1_resample,96,20,118,0.6617017055368511,0.3333333333333333,0.838107638888889
S1_resample,96,19,119,0.657795297170274,0.041666666666666664,0.8081597222222222
S1_resample,96,19,120,0.6661449771145985,0.08333333333333333,0.8355034722222222
S1_resample,96,20,121,0.6845866285225201,0.041666666666666664,0.8268229166666666
S1_resample,96,20,122,0.6552694523498922,0.4166666666666667,0.8168402777777777
S1_resample,96,20,123,0.657353061524945,0.4166666666666667,0.8394097222222222
S1_resample,96,20,124,0.6917907140345396,0.041666666666666664,0.7960069444444443
S1_resample,96,20,125,0.6823372999076893,0.4166666666666667,0.8355034722222223
S1_resample,96,20,126,0.6541017659736139,0.3333333333333333,0.8194444444444443
S1_resample,96,19,127,0.6642559676761167,0.3333333333333333,0.8402777777777777
S1_resample,96,20,128,0.6579514186071549,0.4166666666666667,0.8307291666666666
S1_resample,96,20,129,0.6626728191657604,0.3333333333333333,0.8289930555555557
S1_resample,96,20,130,0.6830342418377704,0.0,0.8307291666666666
S1_resample,96,20,131,0.6924223534301114,0.0,0.8168402777777777
S1_resample,96,20,132,0.6744579749462893,0.3333333333333333,0.8467881944444445
S1_resample,96,20,133,0.7304092519037826,0.041666666666666664,0.8467881944444443
S1_resample,96,20,134,0.6677073479062653,0.3333333333333333,0.8250868055555555
S1_resample,96,20,135,0.6730087411710661,0.0,0.85546875
S1_resample,96,20,136,0.6360931208056128,0.375,0.8246527777777777
S1_resample,96,20,137,0.6485565622672276,0.375,0.8155381944444445
S1_resample,96,20,138,0.6606305388935167,0.4166666666666667,0.8216145833333334
S1_resample,96,20,139,0.6483339333040347,0.4166666666666667,0.8246527777777777
S1_resample,96,20,140,0.642565592061484,0.4166666666666667,0.8211805555555557
S1_resample,96,20,141,0.6914920318257698,0.0,0.8059895833333334
S1_resample,96,20,142,0.6928421256519414,0.0,0.8459201388888888
S1_resample,96,20,143,0.6616749580041252,0.041666666666666664,0.8055555555555557
S1_resample,96,20,144,0.6737086430755643,0.4166666666666667,0.85546875
S1_resample,96,19,145,0.6862985020778972,0.0,0.8311631944444445
S1_resample,96,20,146,0.6445311371272474,0.375,0.8480902777777778
S1_resample,96,20,147,0.6731684887430066,0.3333333333333333,0.8307291666666666
S1_resample,96,20,148,0.6501986656760379,0.3333333333333333,0.8298611111111112
S1_resample,96,20,149,0.6590455233455154,0.375,0.802951388888889
S2_new_records,5,5,0,0.5,0.0,1.0
S2_new_records,5,5,1,0.5,0.0,1.0
S2_new_records,5,5,2,0.5,0.0,1.0
S2_new_records,5,5,3,0.5,0.0,1.0
S2_new_records,5,5,4,0.5,0.0,1.0
S2_new_records,5,5,5,0.5,0.0,1.0
S2_new_records,5,5,6,0.5,0.0,1.0
S2_new_records,5,5,7,0.5,0.0,1.0
S2_new_records,5,5,8,0.5,0.0,1.0
S2_new_records,5,5,9,0.5,0.0,1.0
S2_new_records,5,5,10,0.5,0.0,1.0
S2_new_records,5,5,11,0.5,0.0,1.0
S2_new_records,5,5,12,0.5,0.0,1.0
S2_new_records,5,5,13,0.5,0.0,1.0
S2_new_records,5,5,14,0.5,0.0,1.0
S2_new_records,5,5,15,0.5,0.0,1.0
S2_new_records,5,5,16,0.5,0.0,1.0
S2_new_records,5,5,17,0.5,0.0,1.0
S2_new_records,5,5,18,0.5,0.0,1.0
S2_new_records,5,5,19,0.5,0.0,1.0
S2_new_records,5,5,20,0.5,0.0,1.0
S2_new_records,5,5,21,0.5,0.0,1.0
S2_new_records,5,5,22,0.5,0.0,1.0
S2_new_records,5,5,23,0.5,0.0,1.0
S2_new_records,5,5,24,0.5,0.0,1.0
S2_new_records,5,5,25,0.5,0.0,1.0
S2_new_records,5,5,26,0.5,0.0,1.0
S2_new_records,5,5,27,0.5,0.0,1.0
S2_new_records,5,5,28,0.5,0.0,1.0
S2_new_records,5,5,29,0.5,0.0,1.0
S2_new_records,5,5,30,0.5,0.0,1.0
S2_new_records,5,5,31,0.5,0.0,1.0
S2_new_records,5,5,32,0.5,0.0,1.0
S2_new_records,5,5,33,0.5,0.0,1.0
S2_new_records,5,5,34,0.5,0.0,1.0
S2_new_records,5,5,35,0.5,0.0,1.0
S2_new_records,5,5,36,0.5,0.0,1.0
S2_new_records,5,5,37,0.5,0.0,1.0
S2_new_records,5,5,38,0.5,0.0,1.0
S2_new_records,5,5,39,0.5,0.0,1.0
S2_new_records,5,5,40,0.5,0.0,1.0
S2_new_records,5,5,41,0.5,0.0,1.0
S2_new_records,5,5,42,0.5,0.0,1.0
S2_new_records,5,5,43,0.5,0.0,1.0
S2_new_records,5,5,44,0.5,0.0,1.0
S2_new_records,5,5,45,0.5,0.0,1.0
S2_new_records,5,5,46,0.5,0.0,1.0
S2_new_records,5,5,47,0.5,0.0,1.0
S2_new_records,5,5,48,0.5,0.0,1.0
S2_new_records,5,5,49,0.5,0.0,1.0
S2_new_records,5,5,50,0.5,0.0,1.0
S2_new_records,5,5,51,0.5,0.0,1.0
S2_new_records,5,5,52,0.5,0.0,1.0
S2_new_records,5,5,53,0.5,0.0,1.0
S2_new_records,5,5,54,0.5,0.0,1.0
S2_new_records,5,5,55,0.5,0.0,1.0
S2_new_records,5,5,56,0.5,0.0,1.0
S2_new_records,5,5,57,0.5,0.0,1.0
S2_new_records,5,5,58,0.5,0.0,1.0
S2_new_records,5,5,59,0.5,0.0,1.0
S2_new_records,5,5,60,0.5,0.0,1.0
S2_new_records,5,5,61,0.5,0.0,1.0
S2_new_records,5,5,62,0.5,0.0,1.0
S2_new_records,5,5,63,0.5,0.0,1.0
S2_new_records,5,5,64,0.5,0.0,1.0
S2_new_records,5,5,65,0.5,0.0,1.0
S2_new_records,5,5,66,0.5,0.0,1.0
S2_new_records,5,5,67,0.5,0.0,1.0
S2_new_records,5,5,68,0.5,0.0,1.0
S2_new_records,5,5,69,0.5,0.0,1.0
S2_new_records,5,5,70,0.5,0.0,1.0
S2_new_records,5,5,71,0.5,0.0,1.0
S2_new_records,5,5,72,0.5,0.0,1.0
S2_new_records,5,5,73,0.5,0.0,1.0
S2_new_records,5,5,74,0.5,0.0,1.0
S2_new_records,5,5,75,0.5,0.0,1.0
S2_new_records,5,5,76,0.5,0.0,1.0
S2_new_records,5,5,77,0.5,0.0,1.0
S2_new_records,5,5,78,0.5,0.0,1.0
S2_new_records,5,5,79,0.5,0.0,1.0
S2_new_records,5,5,80,0.5,0.0,1.0
S2_new_records,5,5,81,0.5,0.0,1.0
S2_new_records,5,5,82,0.5,0.0,1.0
S2_new_records,5,5,83,0.5,0.0,1.0
S2_new_records,5,5,84,0.5,0.0,1.0
S2_new_records,5,5,85,0.5,0.0,1.0
S2_new_records,5,5,86,0.5,0.0,1.0
S2_new_records,5,5,87,0.5,0.0,1.0
S2_new_records,5,5,88,0.5,0.0,1.0
S2_new_records,5,5,89,0.5,0.0,1.0
S2_new_records,5,5,90,0.5,0.0,1.0
S2_new_records,5,5,91,0.5,0.0,1.0
S2_new_records,5,5,92,0.5,0.0,1.0
S2_new_records,5,5,93,0.5,0.0,1.0
S2_new_records,5,5,94,0.5,0.0,1.0
S2_new_records,5,5,95,0.5,0.0,1.0
S2_new_records,5,5,96,0.5,0.0,1.0
S2_new_records,5,5,97,0.5,0.0,1.0
S2_new_records,5,5,98,0.5,0.0,1.0
S2_new_records,5,5,99,0.5,0.0,1.0
S2_new_records,5,5,100,0.5,0.0,1.0
S2_new_records,5,5,101,0.5,0.0,1.0
S2_new_records,5,5,102,0.5,0.0,1.0
S2_new_records,5,5,103,0.5,0.0,1.0
S2_new_records,5,5,104,0.5,0.0,1.0
S2_new_records,5,5,105,0.5,0.0,1.0
S2_new_records,5,5,106,0.5,0.0,1.0
S2_new_records,5,5,107,0.5,0.0,1.0
S2_new_records,5,5,108,0.5,0.0,1.0
S2_new_records,5,5,109,0.5,0.0,1.0
S2_new_records,5,5,110,0.5,0.0,1.0
S2_new_records,5,5,111,0.5,0.0,1.0
S2_new_records,5,5,112,0.5,0.0,1.0
S2_new_records,5,5,113,0.5,0.0,1.0
S2_new_records,5,5,114,0.5,0.0,1.0
S2_new_records,5,5,115,0.5,0.0,1.0
S2_new_records,5,5,116,0.5,0.0,1.0
S2_new_records,5,5,117,0.5,0.0,1.0
S2_new_records,5,5,118,0.5,0.0,1.0
S2_new_records,5,5,119,0.5,0.0,1.0
S2_new_records,5,5,120,0.5,0.0,1.0
S2_new_records,5,5,121,0.5,0.0,1.0
S2_new_records,5,5,122,0.5,0.0,1.0
S2_new_records,5,5,123,0.5,0.0,1.0
S2_new_records,5,5,124,0.5,0.0,1.0
S2_new_records,5,5,125,0.5,0.0,1.0
S2_new_records,5,5,126,0.5,0.0,1.0
S2_new_records,5,5,127,0.5,0.0,1.0
S2_new_records,5,5,128,0.5,0.0,1.0
S2_new_records,5,5,129,0.5,0.0,1.0
S2_new_records,5,5,130,0.5,0.0,1.0
S2_new_records,5,5,131,0.5,0.0,1.0
S2_new_records,5,5,132,0.5,0.0,1.0
S2_new_records,5,5,133,0.5,0.0,1.0
S2_new_records,5,5,134,0.5,0.0,1.0
S2_new_records,5,5,135,0.5,0.0,1.0
S2_new_records,5,5,136,0.5,0.0,1.0
S2_new_records,5,5,137,0.5,0.0,1.0
S2_new_records,5,5,138,0.5,0.0,1.0
S2_new_records,5,5,139,0.5,0.0,1.0
S2_new_records,5,5,140,0.5,0.0,1.0
S2_new_records,5,5,141,0.5,0.0,1.0
S2_new_records,5,5,142,0.5,0.0,1.0
S2_new_records,5,5,143,0.5,0.0,1.0
S2_new_records,5,5,144,0.5,0.0,1.0
S2_new_records,5,5,145,0.5,0.0,1.0
S2_new_records,5,5,146,0.5,0.0,1.0
S2_new_records,5,5,147,0.5,0.0,1.0
S2_new_records,5,5,148,0.5,0.0,1.0
S2_new_records,5,5,149,0.5,0.0,1.0
S2_new_records,10,10,0,0.5887838803299767,0.041666666666666664,0.6041666666666666
S2_new_records,10,10,1,0.5442752951063375,0.041666666666666664,0.5916666666666667
S2_new_records,10,10,2,0.573015979781988,0.08333333333333333,0.6708333333333334
S2_new_records,10,10,3,0.5978165396995027,0.20833333333333334,0.5708333333333334
S2_new_records,10,10,4,0.5733327565444138,0.08333333333333333,0.5583333333333333
S2_new_records,10,10,5,0.5381847590811337,0.0,0.5583333333333333
S2_new_records,10,10,6,0.5179545813402125,0.125,0.6791666666666667
S2_new_records,10,10,7,0.56027395631684,0.0,0.6333333333333333
S2_new_records,10,10,8,0.5349943434443042,0.0,0.5458333333333334
S2_new_records,10,10,9,0.5581458801165015,0.0,0.5125000000000001
S2_new_records,10,10,10,0.5806903633638403,0.0,0.5750000000000001
S2_new_records,10,10,11,0.523591378579661,0.0,0.4333333333333333
S2_new_records,10,10,12,0.5988738880095824,0.041666666666666664,0.6291666666666668
S2_new_records,10,10,13,0.56064527513927,0.041666666666666664,0.5291666666666667
S2_new_records,10,10,14,0.5656776924160797,0.041666666666666664,0.5666666666666668
S2_new_records,10,10,15,0.5563023635896066,0.0,0.6
S2_new_records,10,10,16,0.5722550455484013,0.041666666666666664,0.5583333333333333
S2_new_records,10,10,17,0.5172523693614466,0.0,0.5583333333333333
S2_new_records,10,10,18,0.5152207268087857,0.08333333333333333,0.5875
S2_new_records,10,10,19,0.552504300740333,0.125,0.5499999999999999
S2_new_records,10,10,20,0.5646110394246313,0.125,0.5625
S2_new_records,10,10,21,0.5349698939920337,0.041666666666666664,0.5166666666666667
S2_new_records,10,10,22,0.5750979127168188,0.0,0.5499999999999999
S2_new_records,10,10,23,0.5312360304327378,0.0,0.5541666666666667
S2_new_records,10,10,24,0.549458044639205,0.125,0.6541666666666667
S2_new_records,10,10,25,0.593002547476454,0.041666666666666664,0.5750000000000001
S2_new_records,10,10,26,0.5289589048420974,0.0,0.6416666666666667
S2_new_records,10,10,27,0.5842529416533004,0.08333333333333333,0.5708333333333333
S2_new_records,10,10,28,0.5341981452965857,0.0,0.5958333333333332
S2_new_records,10,10,29,0.5272144646701209,0.0,0.4875
S2_new_records,10,10,30,0.5482798995927078,0.0,0.4625000000000001
S2_new_records,10,10,31,0.5852352221007104,0.125,0.5750000000000001
S2_new_records,10,10,32,0.5461944449667729,0.041666666666666664,0.65
S2_new_records,10,10,33,0.524184622701837,0.20833333333333334,0.6541666666666667
S2_new_records,10,10,34,0.6021923797866766,0.0,0.5666666666666667
S2_new_records,10,10,35,0.5395659945246649,0.125,0.5625
S2_new_records,10,10,36,0.5235217218662418,0.08333333333333333,0.5916666666666667
S2_new_records,10,10,37,0.5633248496498612,0.0,0.6083333333333333
S2_new_records,10,10,38,0.5796343044415097,0.16666666666666666,0.5541666666666667
S2_new_records,10,10,39,0.5978307208976367,0.041666666666666664,0.6625
S2_new_records,10,10,40,0.5811249098953318,0.0,0.5291666666666667
S2_new_records,10,10,41,0.5646496310750143,0.375,0.6333333333333333
S2_new_records,10,10,42,0.5330331990587462,0.0,0.5666666666666667
S2_new_records,10,10,43,0.5592488542169772,0.0,0.5833333333333334
S2_new_records,10,10,44,0.5167062048196066,0.0,0.375
S2_new_records,10,10,45,0.5356779817027602,0.0,0.5958333333333333
S2_new_records,10,10,46,0.5121604855189389,0.041666666666666664,0.525
S2_new_records,10,10,47,0.6023730806567341,0.041666666666666664,0.5791666666666666
S2_new_records,10,10,48,0.5262576342074319,0.041666666666666664,0.6166666666666666
S2_new_records,10,10,49,0.5379782820933878,0.0,0.5541666666666667
S2_new_records,10,10,50,0.5561627969116413,0.08333333333333333,0.5625
S2_new_records,10,10,51,0.5891238676934016,0.041666666666666664,0.6124999999999999
S2_new_records,10,10,52,0.5654525666139885,0.16666666666666666,0.6083333333333334
S2_new_records,10,10,53,0.5220340825782723,0.041666666666666664,0.5541666666666667
S2_new_records,10,10,54,0.5549971665302386,0.041666666666666664,0.6291666666666668
S2_new_records,10,10,55,0.5412430748079751,0.0,0.7208333333333333
S2_new_records,10,10,56,0.5991597795649781,0.08333333333333333,0.625
S2_new_records,10,10,57,0.5812983501423994,0.0,0.5875
S2_new_records,10,10,58,0.567732947296304,0.125,0.5166666666666667
S2_new_records,10,10,59,0.5576870992615318,0.0,0.6333333333333333
S2_new_records,10,10,60,0.578935726666482,0.08333333333333333,0.7208333333333332
S2_new_records,10,10,61,0.6052297044685784,0.041666666666666664,0.7000000000000001
S2_new_records,10,10,62,0.5687559709229347,0.041666666666666664,0.5833333333333334
S2_new_records,10,10,63,0.526370597976964,0.0,0.5083333333333333
S2_new_records,10,10,64,0.525083455690355,0.08333333333333333,0.5708333333333333
S2_new_records,10,10,65,0.5649109839113384,0.041666666666666664,0.4833333333333334
S2_new_records,10,10,66,0.5195686419409868,0.0,0.44166666666666665
S2_new_records,10,10,67,0.5490970859575999,0.08333333333333333,0.5333333333333333
S2_new_records,10,10,68,0.5783335884713418,0.16666666666666666,0.5875
S2_new_records,10,10,69,0.6208844426944767,0.5,0.7916666666666666
S2_new_records,10,10,70,0.5489175042654916,0.041666666666666664,0.5625
S2_new_records,10,10,71,0.5288677438364598,0.0,0.5208333333333334
S2_new_records,10,10,72,0.5262169564042716,0.041666666666666664,0.5916666666666667
S2_new_records,10,10,73,0.5533464616034995,0.041666666666666664,0.5458333333333334
S2_new_records,10,10,74,0.5852352221007104,0.0,0.5958333333333333
S2_new_records,10,10,75,0.5787716714712632,0.16666666666666666,0.5791666666666667
S2_new_records,10,10,76,0.5861852614122327,0.0,0.5458333333333333
S2_new_records,10,10,77,0.5948599269330969,0.08333333333333333,0.5583333333333335
S2_new_records,10,10,78,0.5205507645564567,0.125,0.5750000000000001
S2_new_records,10,10,79,0.5215355921958854,0.16666666666666666,0.625
S2_new_records,10,10,80,0.5838246854694643,0.16666666666666666,0.6083333333333334
S2_new_records,10,10,81,0.5660708918417114,0.08333333333333333,0.6791666666666667
S2_new_records,10,10,82,0.5348532551387808,0.0,0.4583333333333333
S2_new_records,10,10,83,0.5216878669328068,0.0,0.5083333333333333
S2_new_records,10,10,84,0.5320151241272129,0.0,0.5
S2_new_records,10,10,85,0.6114120412987238,0.25,0.6541666666666667
S2_new_records,10,10,86,0.5856432770382823,0.041666666666666664,0.6333333333333333
S2_new_records,10,10,87,0.5467012957470821,0.0,0.5416666666666666
S2_new_records,10,10,88,0.5294396184561998,0.0,0.5666666666666667
S2_new_records,10,10,89,0.5800288159047757,0.0,0.5458333333333334
S2_new_records,10,10,90,0.5561820062968502,0.0,0.5166666666666667
S2_new_records,10,10,91,0.594926750061364,0.0,0.6208333333333332
S2_new_records,10,10,92,0.548712728015513,0.0,0.5750000000000001
S2_new_records,10,10,93,0.5777723371042177,0.08333333333333333,0.5750000000000001
S2_new_records,10,10,94,0.5243020072882528,0.041666666666666664,0.5125000000000001
S2_new_records,10,10,95,0.587967069989574,0.0,0.6208333333333333
S2_new_records,10,10,96,0.5419098890536967,0.0,0.5208333333333334
S2_new_records,10,10,97,0.5960474757715036,0.0,0.625
S2_new_records,10,10,98,0.5257264437638075,0.041666666666666664,0.6166666666666667
S2_new_records,10,10,99,0.5292364965807331,0.0,0.6458333333333334
S2_new_records,10,10,100,0.5510818191974403,0.0,0.4708333333333334
S2_new_records,10,10,101,0.5543746217171097,0.0,0.4666666666666666
S2_new_records,10,10,102,0.549458044639205,0.0,0.5750000000000001
S2_new_records,10,10,103,0.5683621333779928,0.0,0.4666666666666666
S2_new_records,10,10,104,0.5320278136823726,0.0,0.5
S2_new_records,10,10,105,0.5707767998608562,0.0,0.5458333333333334
S2_new_records,10,10,106,0.5238710451836579,0.0,0.5416666666666666
S2_new_records,10,10,107,0.5214658316622888,0.125,0.5375
S2_new_records,10,10,108,0.5053412372156981,0.16666666666666666,0.5499999999999999
S2_new_records,10,10,109,0.609513134102356,0.0,0.5583333333333333
S2_new_records,10,10,110,0.5194308759603595,0.0,0.5375
S2_new_records,10,10,111,0.5573893800831629,0.041666666666666664,0.6416666666666666
S2_new_records,10,10,112,0.5197936075135235,0.0,0.6
S2_new_records,10,10,113,0.5651350631479212,0.041666666666666664,0.5333333333333333
S2_new_records,10,10,114,0.5202277464759805,0.0,0.525
S2_new_records,10,10,115,0.5540786708925258,0.0,0.525
S2_new_records,10,10,116,0.5441742315849335,0.041666666666666664,0.5166666666666667
S2_new_records,10,10,117,0.5466285645734195,0.041666666666666664,0.4791666666666667
S2_new_records,10,10,118,0.5234045119758604,0.041666666666666664,0.5708333333333334
S2_new_records,10,10,119,0.5562320816294163,0.0,0.5666666666666668
S2_new_records,10,10,120,0.5600098744597095,0.0,0.5750000000000001
S2_new_records,10,10,121,0.5127382048138182,0.041666666666666664,0.5333333333333333
S2_new_records,10,10,122,0.5323987697836123,0.0,0.5083333333333333
S2_new_records,10,10,123,0.5260529760054525,0.0,0.5041666666666668
S2_new_records,10,10,124,0.5039055328806857,0.125,0.4291666666666667
S2_new_records,10,10,125,0.5710597263834429,0.0,0.48333333333333334
S2_new_records,10,10,126,0.5205000153218241,0.0,0.625
S2_new_records,10,10,127,0.5952259177720839,0.16666666666666666,0.5875
S2_new_records,10,10,128,0.5769856585516427,0.0,0.6291666666666667
S2_new_records,10,10,129,0.533122213120115,0.041666666666666664,0.6875
S2_new_records,10,10,130,0.52034303547636,0.041666666666666664,0.3875
S2_new_records,10,10,131,0.5771376544034077,0.0,0.5916666666666667
S2_new_records,10,10,132,0.5340413521721797,0.041666666666666664,0.45416666666666666
S2_new_records,10,10,133,0.5554364895050299,0.041666666666666664,0.5750000000000001
S2_new_records,10,10,134,0.5423243702012026,0.125,0.6875
S2_new_records,10,10,135,0.52034303547636,0.08333333333333333,0.5499999999999999
S2_new_records,10,10,136,0.5783036603872249,0.041666666666666664,0.5416666666666666
S2_new_records,10,10,137,0.5313771187382611,0.041666666666666664,0.5541666666666667
S2_new_records,10,10,138,0.5842450894886171,0.041666666666666664,0.6041666666666666
S2_new_records,10,10,139,0.5641227320505269,0.0,0.6416666666666667
S2_new_records,10,10,140,0.5481136583841141,0.16666666666666666,0.65
S2_new_records,10,10,141,0.6071953129910419,0.041666666666666664,0.6625
S2_new_records,10,10,142,0.5777701792387037,0.08333333333333333,0.5916666666666667
S2_new_records,10,10,143,0.6045969817429583,0.08333333333333333,0.6708333333333334
S2_new_records,10,10,144,0.5771215992831794,0.0,0.4916666666666667
S2_new_records,10,10,145,0.519071755102053,0.08333333333333333,0.5541666666666667
S2_new_records,10,10,146,0.5647093705897066,0.125,0.5541666666666667
S2_new_records,10,10,147,0.6030349262223097,0.041666666666666664,0.6458333333333334
S2_new_records,10,10,148,0.5280002539580783,0.0,0.5458333333333334
S2_new_records,10,10,149,0.5710018974300849,0.125,0.5833333333333334
S2_new_records,20,20,0,0.6317637464007684,0.0,0.6020833333333333
S2_new_records,20,20,1,0.6001608841930939,0.0,0.5020833333333333
S2_new_records,20,20,2,0.5850773290965106,0.08333333333333333,0.5062500000000001
S2_new_records,20,20,3,0.5796872661165343,0.16666666666666666,0.53125
S2_new_records,20,20,4,0.5909834278528472,0.0,0.5291666666666667
S2_new_records,20,20,5,0.5747317407845238,0.0,0.48750000000000004
S2_new_records,20,20,6,0.6289978080667425,0.041666666666666664,0.5270833333333333
S2_new_records,20,20,7,0.6036624941451165,0.041666666666666664,0.5125
S2_new_records,20,20,8,0.5899688757676106,0.041666666666666664,0.5479166666666667
S2_new_records,20,20,9,0.558259579665461,0.08333333333333333,0.55625
S2_new_records,20,20,10,0.5798719589227616,0.0,0.4791666666666667
S2_new_records,20,20,11,0.5676089204836364,0.041666666666666664,0.4729166666666667
S2_new_records,20,20,12,0.5742723328827926,0.041666666666666664,0.6666666666666666
S2_new_records,20,20,13,0.6352702595626456,0.0,0.6
S2_new_records,20,20,14,0.5720331710424698,0.041666666666666664,0.4437500000000001
S2_new_records,20,20,15,0.5807381285749061,0.16666666666666666,0.5270833333333333
S2_new_records,20,20,16,0.6080045349628913,0.0,0.5479166666666666
S2_new_records,20,20,17,0.5714902839734314,0.0,0.47500000000000003
S2_new_records,20,20,18,0.6029033974842056,0.041666666666666664,0.5854166666666667
S2_new_records,20,20,19,0.5925517541718011,0.041666666666666664,0.5437500000000001
S2_new_records,20,20,20,0.5956354916065901,0.0,0.5666666666666668
S2_new_records,20,20,21,0.5652073129247255,0.041666666666666664,0.5333333333333333
S2_new_records,20,20,22,0.5656264292147996,0.041666666666666664,0.4458333333333333
S2_new_records,20,20,23,0.5954745650405677,0.125,0.48333333333333334
S2_new_records,20,20,24,0.5809176982747161,0.041666666666666664,0.5229166666666666
S2_new_records,20,20,25,0.6667859831882259,0.08333333333333333,0.6291666666666668
S2_new_records,20,20,26,0.5967955125081406,0.0,0.5166666666666667
S2_new_records,20,20,27,0.5986663237764004,0.08333333333333333,0.5208333333333334
S2_new_records,20,20,28,0.5956969354879351,0.0,0.5187499999999999
S2_new_records,20,20,29,0.5581840758846455,0.0,0.4645833333333333
S2_new_records,20,20,30,0.588264860157378,0.08333333333333333,0.5812499999999999
S2_new_records,20,20,31,0.5914301698102011,0.0,0.53125
S2_new_records,20,20,32,0.5989848293698048,0.0,0.6208333333333333
S2_new_records,20,20,33,0.636121108303587,0.16666666666666666,0.5770833333333334
S2_new_records,20,20,34,0.6207496780268094,0.041666666666666664,0.5375
S2_new_records,20,20,35,0.5787765637070422,0.16666666666666666,0.5916666666666667
S2_new_records,20,20,36,0.5844544115666976,0.041666666666666664,0.49583333333333335
S2_new_records,20,20,37,0.6686815923274649,0.0,0.59375
S2_new_records,20,20,38,0.6319394847027783,0.08333333333333333,0.5583333333333333
S2_new_records,20,20,39,0.5728664591677864,0.041666666666666664,0.4479166666666667
S2_new_records,20,20,40,0.6047752607106667,0.0,0.4895833333333333
S2_new_records,20,20,41,0.5957808734860234,0.041666666666666664,0.5145833333333334
S2_new_records,20,20,42,0.5634439400696526,0.0,0.5041666666666667
S2_new_records,20,20,43,0.6026907817691322,0.0,0.56875
S2_new_records,20,20,44,0.6142895458710859,0.041666666666666664,0.5354166666666668
S2_new_records,20,20,45,0.600901678846179,0.041666666666666664,0.5104166666666666
S2_new_records,20,20,46,0.5830828290557593,0.041666666666666664,0.5020833333333333
S2_new_records,20,20,47,0.6053262689783659,0.0,0.5916666666666667
S2_new_records,20,20,48,0.5889930584448368,0.0,0.5104166666666666
S2_new_records,20,20,49,0.591917662792122,0.0,0.5291666666666667
S2_new_records,20,20,50,0.6426164777239092,0.041666666666666664,0.63125
S2_new_records,20,20,51,0.5845692514998043,0.0,0.625
S2_new_records,20,20,52,0.5989169380565409,0.08333333333333333,0.6916666666666668
S2_new_records,20,20,53,0.6753046413790631,0.041666666666666664,0.6645833333333334
S2_new_records,20,20,54,0.5960098633167099,0.0,0.5541666666666666
S2_new_records,20,20,55,0.5565240305284148,0.041666666666666664,0.4770833333333333
S2_new_records,20,20,56,0.5858187030930219,0.125,0.4916666666666667
S2_new_records,20,20,57,0.5974921926417246,0.041666666666666664,0.5208333333333334
S2_new_records,20,20,58,0.5685122848793377,0.08333333333333333,0.56875
S2_new_records,20,20,59,0.583280307678932,0.0,0.6041666666666666
S2_new_records,20,20,60,0.5833820148834143,0.041666666666666664,0.46875
S2_new_records,20,20,61,0.5666456300566396,0.08333333333333333,0.4708333333333334
S2_new_records,20,20,62,0.6020836596180731,0.0,0.50625
S2_new_records,20,20,63,0.6191837885460265,0.0,0.5583333333333333
S2_new_records,20,20,64,0.5775629568517799,0.08333333333333333,0.6166666666666667
S2_new_records,20,20,65,0.6005695863772328,0.041666666666666664,0.5833333333333334
S2_new_records,20,20,66,0.5813409907585546,0.0,0.5041666666666667
S2_new_records,20,20,67,0.5617984190635874,0.041666666666666664,0.5479166666666666
S2_new_records,20,20,68,0.605647646661636,0.0,0.5291666666666667
S2_new_records,20,20,69,0.5928169720416595,0.0,0.5125000000000001
S2_new_records,20,20,70,0.5974724457403914,0.16666666666666666,0.5104166666666666
S2_new_records,20,20,71,0.609258246622149,0.0,0.5770833333333334
S2_new_records,20,20,72,0.5646463008882883,0.16666666666666666,0.5354166666666668
S2_new_records,20,20,73,0.6181803945716644,0.125,0.6229166666666667
S2_new_records,20,20,74,0.6033252366819699,0.0,0.4604166666666667
S2_new_records,20,20,75,0.5942953538445622,0.08333333333333333,0.58125
S2_new_records,20,20,76,0.5705070805689795,0.20833333333333334,0.6229166666666667
S2_new_records,20,20,77,0.6716394754574754,0.0,0.5666666666666668
S2_new_records,20,20,78,0.5991822850393587,0.041666666666666664,0.5958333333333333
S2_new_records,20,20,79,0.5679344358570483,0.041666666666666664,0.5479166666666667
S2_new_records,20,20,80,0.5773367493569449,0.041666666666666664,0.4958333333333333
S2_new_records,20,20,81,0.594540445516379,0.0,0.47500000000000003
S2_new_records,20,20,82,0.5895576419940999,0.041666666666666664,0.50625
S2_new_records,20,20,83,0.5635057865028923,0.0,0.46875
S2_new_records,20,20,84,0.5918974723694751,0.041666666666666664,0.5125000000000001
S2_new_records,20,20,85,0.606533684083489,0.041666666666666664,0.5
S2_new_records,20,20,86,0.5815853327682663,0.0,0.5
S2_new_records,20,20,87,0.5619763980807025,0.0,0.44375000000000003
S2_new_records,20,20,88,0.6459274632521784,0.041666666666666664,0.5499999999999999
S2_new_records,20,20,89,0.6040600233578192,0.16666666666666666,0.5520833333333334
S2_new_records,20,20,90,0.6070514554839712,0.0,0.5437500000000001
S2_new_records,20,20,91,0.5714006602682501,0.08333333333333333,0.5395833333333333
S2_new_records,20,20,92,0.6037357695791645,0.0,0.49583333333333335
S2_new_records,20,20,93,0.5819279128186371,0.08333333333333333,0.5854166666666667
S2_new_records,20,20,94,0.5947883814313732,0.0,0.65
S2_new_records,20,20,95,0.607446025836035,0.041666666666666664,0.6437499999999999
S2_new_records,20,20,96,0.599377895439109,0.041666666666666664,0.5812499999999999
S2_new_records,20,20,97,0.611209938419841,0.041666666666666664,0.7166666666666667
S2_new_records,20,20,98,0.5924509295387054,0.08333333333333333,0.5604166666666667
S2_new_records,20,20,99,0.5533966566787901,0.041666666666666664,0.5229166666666667
S2_new_records,20,20,100,0.5860323427485388,0.0,0.6124999999999999
S2_new_records,20,20,101,0.5776240612977209,0.08333333333333333,0.44166666666666665
S2_new_records,20,20,102,0.5714488462276867,0.0,0.5416666666666666
S2_new_records,20,20,103,0.6149755991110345,0.041666666666666664,0.525
S2_new_records,20,20,104,0.5542235464091374,0.08333333333333333,0.5333333333333333
S2_new_records,20,20,105,0.5965077582733267,0.0,0.49374999999999997
S2_new_records,20,20,106,0.5934289784765154,0.0,0.45416666666666666
S2_new_records,20,20,107,0.5871494847629453,0.20833333333333334,0.6729166666666666
S2_new_records,20,20,108,0.5844172675841441,0.041666666666666664,0.5375
S2_new_records,20,20,109,0.5933089031334989,0.0,0.5854166666666667
S2_new_records,20,20,110,0.5809523286652724,0.041666666666666664,0.5104166666666666
S2_new_records,20,20,111,0.5766806672260132,0.08333333333333333,0.5479166666666667
S2_new_records,20,20,112,0.5971640361510753,0.0,0.56875
S2_new_records,20,20,113,0.649075807048126,0.0,0.5979166666666668
S2_new_records,20,20,114,0.5833233826505501,0.041666666666666664,0.5208333333333334
S2_new_records,20,20,115,0.5703659225461984,0.0,0.44166666666666665
S2_new_records,20,20,116,0.6049318459995546,0.0,0.53125
S2_new_records,20,20,117,0.6114305308043934,0.041666666666666664,0.5354166666666668
S2_new_records,20,20,118,0.5831361288367991,0.041666666666666664,0.5166666666666666
S2_new_records,20,20,119,0.5862348006940689,0.0,0.525
S2_new_records,20,20,120,0.5928774453491462,0.0,0.59375
S2_new_records,20,20,121,0.6396043480963058,0.041666666666666664,0.6041666666666666
S2_new_records,20,20,122,0.5884393830166266,0.041666666666666664,0.46458333333333335
S2_new_records,20,20,123,0.5949795970345245,0.041666666666666664,0.5937500000000001
S2_new_records,20,20,124,0.5956034792255602,0.041666666666666664,0.5416666666666666
S2_new_records,20,20,125,0.5658622588420348,0.0,0.44166666666666665
S2_new_records,20,20,126,0.5701483911191085,0.041666666666666664,0.6083333333333333
S2_new_records,20,20,127,0.5691199070623418,0.0,0.4937500000000001
S2_new_records,20,20,128,0.6041816830631416,0.0,0.5750000000000001
S2_new_records,20,20,129,0.5941934428090989,0.0,0.5625
S2_new_records,20,20,130,0.5870577779172798,0.041666666666666664,0.6083333333333334
S2_new_records,20,20,131,0.6060131107343126,0.041666666666666664,0.6354166666666666
S2_new_records,20,20,132,0.5764590851433691,0.041666666666666664,0.5041666666666667
S2_new_records,20,20,133,0.6085782066066762,0.0,0.6333333333333334
S2_new_records,20,20,134,0.6056381052818033,0.0,0.4895833333333333
S2_new_records,20,20,135,0.6040039895013658,0.041666666666666664,0.5666666666666668
S2_new_records,20,20,136,0.5869282184805868,0.041666666666666664,0.5125000000000001
S2_new_records,20,20,137,0.6283877978979233,0.0,0.5458333333333334
S2_new_records,20,20,138,0.6296834961972737,0.0,0.5729166666666666
S2_new_records,20,20,139,0.5896966367212593,0.0,0.4645833333333333
S2_new_records,20,20,140,0.5842476164317062,0.041666666666666664,0.5895833333333332
S2_new_records,20,20,141,0.6096987029027178,0.041666666666666664,0.5729166666666666
S2_new_records,20,20,142,0.6122570044114117,0.041666666666666664,0.5187499999999999
S2_new_records,20,20,143,0.5948859841314528,0.0,0.53125
S2_new_records,20,20,144,0.5867573068311027,0.0,0.5458333333333333
S2_new_records,20,20,145,0.5740646990923787,0.0,0.6458333333333334
S2_new_records,20,20,146,0.5853354210726165,0.0,0.525
S2_new_records,20,20,147,0.5852842285573293,0.08333333333333333,0.5541666666666667
S2_new_records,20,20,148,0.578601658304202,0.0,0.575
S2_new_records,20,20,149,0.6307721432003971,0.0,0.5812499999999999
S2_new_records,40,40,0,0.5979722589931658,0.0,0.4760416666666667
S2_new_records,40,40,1,0.5861317933728335,0.0,0.45625
S2_new_records,40,40,2,0.6117021839494311,0.08333333333333333,0.5541666666666667
S2_new_records,40,40,3,0.6016946512490273,0.0,0.4854166666666666
S2_new_records,40,40,4,0.6095567032770026,0.0,0.5333333333333333
S2_new_records,40,40,5,0.5990766101162878,0.0,0.4937500000000001
S2_new_records,40,40,6,0.629222257980201,0.041666666666666664,0.5395833333333333
S2_new_records,40,40,7,0.6050527956709981,0.0,0.49791666666666673
S2_new_records,40,40,8,0.6049300888662843,0.0,0.5020833333333333
S2_new_records,40,40,9,0.5973570900655686,0.0,0.5145833333333333
S2_new_records,40,40,10,0.6306292624135292,0.0,0.5437500000000001
S2_new_records,40,40,11,0.6199120301465871,0.0,0.55625
S2_new_records,40,40,12,0.5858465974168185,0.0,0.4791666666666667
S2_new_records,40,40,13,0.6071551309902908,0.0,0.48020833333333335
S2_new_records,40,40,14,0.6356157262621182,0.08333333333333333,0.5729166666666666
S2_new_records,40,40,15,0.6265397243921567,0.0,0.5541666666666667
S2_new_records,40,40,16,0.6212802286565464,0.0,0.484375
S2_new_records,40,40,17,0.6127826013803496,0.0,0.48854166666666665
S2_new_records,40,40,18,0.590720650480386,0.0,0.546875
S2_new_records,40,40,19,0.598952814089209,0.041666666666666664,0.46979166666666666
S2_new_records,40,40,20,0.627039298356872,0.0,0.5364583333333334
S2_new_records,40,40,21,0.6065123467764736,0.0,0.5281250000000001
S2_new_records,40,40,22,0.6049685723849804,0.0,0.5104166666666666
S2_new_records,40,40,23,0.6247521185652027,0.08333333333333333,0.5208333333333334
S2_new_records,40,40,24,0.6175154101562434,0.0,0.515625
S2_new_records,40,40,25,0.6175519436947321,0.041666666666666664,0.5135416666666667
S2_new_records,40,40,26,0.6206448817184331,0.041666666666666664,0.5302083333333334
S2_new_records,40,40,27,0.6424661290763073,0.0,0.53125
S2_new_records,40,40,28,0.6335667664373089,0.0,0.5031249999999999
S2_new_records,40,40,29,0.6198659819197176,0.0,0.5395833333333334
S2_new_records,40,40,30,0.5963759167580217,0.0,0.43333333333333335
S2_new_records,40,40,31,0.5961717453105155,0.0,0.47500000000000003
S2_new_records,40,40,32,0.6284490256497516,0.0,0.5302083333333334
S2_new_records,40,40,33,0.6330028354408378,0.0,0.5489583333333333
S2_new_records,40,40,34,0.6140570657894332,0.0,0.5385416666666667
S2_new_records,40,40,35,0.6372305521679732,0.041666666666666664,0.5135416666666667
S2_new_records,40,40,36,0.6144299903754062,0.0,0.5052083333333334
S2_new_records,40,40,37,0.6191093242223359,0.041666666666666664,0.5583333333333333
S2_new_records,40,40,38,0.6156047071762811,0.0,0.5052083333333334
S2_new_records,40,40,39,0.5888052171983275,0.041666666666666664,0.4927083333333333
S2_new_records,40,40,40,0.5744773720873682,0.041666666666666664,0.5229166666666667
S2_new_records,40,40,41,0.6167355560974378,0.0,0.5083333333333333
S2_new_records,40,40,42,0.6232432101548504,0.0,0.48854166666666665
S2_new_records,40,40,43,0.6321397990214698,0.041666666666666664,0.5635416666666667
S2_new_records,40,40,44,0.6168508985706376,0.041666666666666664,0.5447916666666667
S2_new_records,40,40,45,0.6301579240354265,0.041666666666666664,0.5375
S2_new_records,40,40,46,0.5899564146475361,0.0,0.4979166666666666
S2_new_records,40,40,47,0.5902771254839334,0.0,0.4937500000000001
S2_new_records,40,40,48,0.5934215765320082,0.0,0.4677083333333334
S2_new_records,40,40,49,0.6131939143758409,0.0,0.5020833333333333
S2_new_records,40,40,50,0.5969112676770468,0.0,0.49374999999999997
S2_new_records,40,40,51,0.5976194439312077,0.0,0.4906249999999999
S2_new_records,40,40,52,0.6329650554143081,0.0,0.5041666666666667
S2_new_records,40,40,53,0.6306667963010683,0.0,0.5125000000000001
S2_new_records,40,40,54,0.590326858474593,0.0,0.49895833333333334
S2_new_records,40,40,55,0.630259263826985,0.0,0.5333333333333333
S2_new_records,40,40,56,0.6008337696254049,0.0,0.47500000000000003
S2_new_records,40,40,57,0.593888718088202,0.0,0.46979166666666666
S2_new_records,40,40,58,0.6049099019035173,0.0,0.50625
S2_new_records,40,40,59,0.5994225194980551,0.0,0.5041666666666667
S2_new_records,40,40,60,0.5963334373287874,0.0,0.509375
S2_new_records,40,40,61,0.6186404533020755,0.0,0.5208333333333334
S2_new_records,40,40,62,0.6157548567700967,0.0,0.5656249999999999
S2_new_records,40,40,63,0.6455012391518995,0.0,0.540625
S2_new_records,40,40,64,0.5990210271703257,0.0,0.5270833333333333
S2_new_records,40,40,65,0.5913977632459327,0.0,0.4927083333333333
S2_new_records,40,40,66,0.6086340477758769,0.0,0.4885416666666667
S2_new_records,40,40,67,0.6188679932498947,0.0,0.49791666666666673
S2_new_records,40,40,68,0.5909748912517309,0.0,0.4875
S2_new_records,40,40,69,0.5977198476832547,0.0,0.43333333333333335
S2_new_records,40,40,70,0.6108266930726206,0.0,0.4739583333333333
S2_new_records,40,40,71,0.5949187143540845,0.041666666666666664,0.4791666666666667
S2_new_records,40,40,72,0.5914802506509235,0.0,0.47187500000000004
S2_new_records,40,40,73,0.6141952381881661,0.0,0.4875
S2_new_records,40,40,74,0.6134763948612427,0.041666666666666664,0.5031249999999999
S2_new_records,40,40,75,0.6090066639265984,0.0,0.5125000000000001
S2_new_records,40,40,76,0.6017719562436222,0.0,0.45625
S2_new_records,40,40,77,0.5783824751250853,0.0,0.49687499999999996
S2_new_records,40,40,78,0.6348221784509559,0.0,0.5656249999999999
S2_new_records,40,40,79,0.6083039261973084,0.0,0.4947916666666667
S2_new_records,40,40,80,0.6411906469163754,0.0,0.5385416666666666
S2_new_records,40,40,81,0.6505458835723101,0.041666666666666664,0.5208333333333334
S2_new_records,40,40,82,0.6190868412480915,0.0,0.5177083333333333
S2_new_records,40,40,83,0.5879195695032559,0.0,0.5020833333333333
S2_new_records,40,40,84,0.6010078997798318,0.0,0.48333333333333334
S2_new_records,40,40,85,0.5811949208549122,0.0,0.4864583333333334
S2_new_records,40,40,86,0.5915468080639261,0.041666666666666664,0.4395833333333334
S2_new_records,40,40,87,0.5859605519852641,0.0,0.4864583333333334
S2_new_records,40,40,88,0.6161404918594557,0.0,0.5187499999999999
S2_new_records,40,40,89,0.6195620750827117,0.0,0.5145833333333334
S2_new_records,40,40,90,0.5828377585581994,0.0,0.4635416666666667
S2_new_records,40,40,91,0.5954901891433291,0.0,0.45208333333333334
S2_new_records,40,40,92,0.572449134114124,0.0,0.4635416666666667
S2_new_records,40,40,93,0.5915742383267134,0.0,0.5333333333333333
S2_new_records,40,40,94,0.5986769149266672,0.0,0.4770833333333333
S2_new_records,40,40,95,0.6207301125975299,0.0,0.49687499999999996
S2_new_records,40,40,96,0.6352904189662012,0.041666666666666664,0.5364583333333334
S2_new_records,40,40,97,0.6359519128151905,0.0,0.5145833333333333
S2_new_records,40,40,98,0.6045728101489423,0.0,0.4489583333333333
S2_new_records,40,40,99,0.6186190460349733,0.041666666666666664,0.5291666666666667
S2_new_records,40,40,100,0.5963531090521372,0.0,0.47604166666666664
S2_new_records,40,40,101,0.6198714008583579,0.08333333333333333,0.575
S2_new_records,40,40,102,0.600868052623302,0.0,0.4416666666666667
S2_new_records,40,40,103,0.6073997690732111,0.0,0.5072916666666667
S2_new_records,40,40,104,0.581298506147238,0.0,0.4572916666666667
S2_new_records,40,40,105,0.6137618136286923,0.08333333333333333,0.5489583333333333
S2_new_records,40,40,106,0.6044369681731043,0.0,0.5135416666666667
S2_new_records,40,40,107,0.6015877111595378,0.0,0.5145833333333334
S2_new_records,40,40,108,0.5997862978484835,0.0,0.4979166666666666
S2_new_records,40,40,109,0.5764034625320221,0.0,0.5197916666666668
S2_new_records,40,40,110,0.5929260402377745,0.0,0.4947916666666667
S2_new_records,40,40,111,0.6098348995466732,0.0,0.5135416666666667
S2_new_records,40,40,112,0.6037579878484738,0.0,0.5343749999999999
S2_new_records,40,40,113,0.6491032815152957,0.0,0.5739583333333333
S2_new_records,40,40,114,0.612067446250083,0.041666666666666664,0.5197916666666668
S2_new_records,40,40,115,0.6407166291450983,0.0,0.4708333333333334
S2_new_records,40,40,116,0.608548015721846,0.0,0.47812499999999997
S2_new_records,40,40,117,0.6238265154253471,0.0,0.53125
S2_new_records,40,40,118,0.6227337447157107,0.0,0.5020833333333333
S2_new_records,40,40,119,0.6164823212549541,0.0,0.48125
S2_new_records,40,40,120,0.6086937510599824,0.0,0.5114583333333332
S2_new_records,40,40,121,0.5979308642750928,0.0,0.47083333333333327
S2_new_records,40,40,122,0.5897050087087394,0.0,0.4875
S2_new_records,40,40,123,0.6106664638137898,0.0,0.4864583333333334
S2_new_records,40,40,124,0.5816651530050189,0.0,0.5239583333333333
S2_new_records,40,40,125,0.603401075647634,0.0,0.5
S2_new_records,40,40,126,0.589980338632976,0.08333333333333333,0.509375
S2_new_records,40,40,127,0.582093278080046,0.0,0.46458333333333335
S2_new_records,40,40,128,0.6033051127065473,0.0,0.45625
S2_new_records,40,40,129,0.6223469797778323,0.0,0.5416666666666666
S2_new_records,40,40,130,0.6472483366246047,0.0,0.5625
S2_new_records,40,40,131,0.6190161920707509,0.0,0.4781250000000001
S2_new_records,40,40,132,0.5951117354265781,0.0,0.4479166666666667
S2_new_records,40,40,133,0.6394806980346274,0.0,0.5385416666666667
S2_new_records,40,40,134,0.618029456977661,0.0,0.5270833333333332
S2_new_records,40,40,135,0.5919936581950546,0.0,0.45937500000000003
S2_new_records,40,40,136,0.59599812541791,0.0,0.4916666666666667
S2_new_records,40,40,137,0.6137163513123217,0.0,0.47708333333333336
S2_new_records,40,40,138,0.6014772509222249,0.0,0.484375
S2_new_records,40,40,139,0.614596991727459,0.0,0.43854166666666666
S2_new_records,40,40,140,0.6298955492163703,0.041666666666666664,0.56875
S2_new_records,40,40,141,0.5677905769919229,0.041666666666666664,0.5229166666666667
S2_new_records,40,40,142,0.6037757316522354,0.0,0.48125
S2_new_records,40,40,143,0.6290276356298784,0.0,0.5343749999999999
S2_new_records,40,40,144,0.6395803104602237,0.041666666666666664,0.553125
S2_new_records,40,40,145,0.5871328308666895,0.0,0.48125
S2_new_records,40,40,146,0.5858799789548189,0.0,0.4395833333333334
S2_new_records,40,40,147,0.6042475280930162,0.0,0.5072916666666667
S2_new_records,40,40,148,0.5984991329857201,0.0,0.47604166666666664
S2_new_records,40,40,149,0.5985942479920461,0.0,0.4875
S2_new_records,60,60,0,0.5988150937464927,0.0,0.43124999999999997
S2_new_records,60,60,1,0.5986168389331775,0.041666666666666664,0.48611111111111116
S2_new_records,60,60,2,0.6139469570481862,0.0,0.46527777777777785
S2_new_records,60,60,3,0.6015239046221038,0.0,0.47361111111111115
S2_new_records,60,60,4,0.601743313117769,0.0,0.4520833333333334
S2_new_records,60,60,5,0.6247012372910582,0.0,0.4916666666666667
S2_new_records,60,60,6,0.6058752692440639,0.0,0.4770833333333333
S2_new_records,60,60,7,0.6113754584430423,0.0,0.5187499999999999
S2_new_records,60,60,8,0.6108137325608638,0.0,0.47847222222222224
S2_new_records,60,60,9,0.5910598550183407,0.0,0.45416666666666666
S2_new_records,60,60,10,0.612506071436346,0.0,0.48611111111111116
S2_new_records,60,60,11,0.5892234677146522,0.0,0.4923611111111111
S2_new_records,60,60,12,0.5957210928945772,0.0,0.4784722222222222
S2_new_records,60,60,13,0.5999322986911928,0.0,0.49374999999999997
S2_new_records,60,60,14,0.6294023435823571,0.0,0.5
S2_new_records,60,60,15,0.6076015107199167,0.0,0.4993055555555555
S2_new_records,60,60,16,0.6134252713770846,0.0,0.51875
S2_new_records,60,60,17,0.5999896704735329,0.0,0.4875
S2_new_records,60,60,18,0.6041037551702025,0.0,0.4451388888888889
S2_new_records,60,60,19,0.6426902000962463,0.0,0.4875
S2_new_records,60,60,20,0.6107932561764724,0.0,0.4784722222222222
S2_new_records,60,60,21,0.6109130626820184,0.0,0.47500000000000003
S2_new_records,60,60,22,0.599854817421657,0.0,0.4708333333333334
S2_new_records,60,60,23,0.5992912611647925,0.0,0.4777777777777777
S2_new_records,60,60,24,0.5992385852845405,0.041666666666666664,0.49583333333333335
S2_new_records,60,60,25,0.6091355273738223,0.0,0.4798611111111111
S2_new_records,60,60,26,0.5885915565840067,0.0,0.4770833333333333
S2_new_records,60,60,27,0.6083145837851351,0.0,0.46736111111111117
S2_new_records,60,60,28,0.6177556900519674,0.0,0.5034722222222222
S2_new_records,60,60,29,0.6105052499754212,0.0,0.4305555555555556
S2_new_records,60,60,30,0.6089982842301973,0.0,0.4840277777777778
S2_new_records,60,60,31,0.5958378233223676,0.0,0.4437500000000001
S2_new_records,60,60,32,0.5955781428072998,0.0,0.47013888888888894
S2_new_records,60,60,33,0.6065736575781498,0.0,0.48125
S2_new_records,60,60,34,0.6197806021143577,0.0,0.49722222222222223
S2_new_records,60,60,35,0.6191550463546494,0.0,0.4597222222222222
S2_new_records,60,60,36,0.5968724285572702,0.0,0.4680555555555555
S2_new_records,60,60,37,0.6103373616516611,0.0,0.47222222222222227
S2_new_records,60,60,38,0.6072603934807292,0.0,0.4875
S2_new_records,60,60,39,0.5884399689514531,0.0,0.47291666666666665
S2_new_records,60,60,40,0.5888212667675105,0.0,0.49652777777777785
S2_new_records,60,60,41,0.6006683262428173,0.0,0.5166666666666667
S2_new_records,60,60,42,0.5921061927193819,0.0,0.48888888888888893
S2_new_records,60,60,43,0.6113879406305104,0.0,0.49444444444444446
S2_new_records,60,60,44,0.5935805351285423,0.0,0.4888888888888889
S2_new_records,60,60,45,0.6049978660767331,0.0,0.4611111111111111
S2_new_records,60,60,46,0.6177291839607574,0.0,0.4777777777777778
S2_new_records,60,60,47,0.5796893225604722,0.0,0.46597222222222223
S2_new_records,60,60,48,0.6138901658981349,0.041666666666666664,0.49374999999999997
S2_new_records,60,60,49,0.6006168415118708,0.0,0.45902777777777776
S2_new_records,60,60,50,0.6424447478569092,0.041666666666666664,0.5354166666666667
S2_new_records,60,60,51,0.6040514325639128,0.0,0.5
S2_new_records,60,60,52,0.6189585339390677,0.0,0.48541666666666666
S2_new_records,60,60,53,0.6160706365701175,0.0,0.5236111111111111
S2_new_records,60,60,54,0.6151108426814038,0.0,0.4694444444444445
S2_new_records,60,60,55,0.5826520219787588,0.0,0.4847222222222222
S2_new_records,60,60,56,0.6022613055384819,0.0,0.4847222222222222
S2_new_records,60,60,57,0.6330130305301014,0.0,0.4791666666666667
S2_new_records,60,60,58,0.6201539822087548,0.0,0.48888888888888893
S2_new_records,60,60,59,0.6132705686969896,0.041666666666666664,0.5118055555555555
S2_new_records,60,60,60,0.5953219444073748,0.0,0.44930555555555557
S2_new_records,60,60,61,0.6123276606857124,0.0,0.48611111111111116
S2_new_records,60,60,62,0.6095493729476702,0.0,0.5118055555555555
S2_new_records,60,60,63,0.6099517895004912,0.0,0.48888888888888893
S2_new_records,60,60,64,0.5979282246277638,0.041666666666666664,0.4993055555555555
S2_new_records,60,60,65,0.6098583011030329,0.0,0.4673611111111111
S2_new_records,60,60,66,0.6164765762892391,0.041666666666666664,0.4930555555555555
S2_new_records,60,60,67,0.6016731832178087,0.0,0.45555555555555555
S2_new_records,60,60,68,0.5911538204365219,0.0,0.4222222222222223
S2_new_records,60,60,69,0.6062833403138558,0.0,0.49722222222222223
S2_new_records,60,60,70,0.654559278689115,0.0,0.49652777777777773
S2_new_records,60,60,71,0.6218030790939303,0.0,0.5125000000000001
S2_new_records,60,60,72,0.5860341421255477,0.0,0.45902777777777776
S2_new_records,60,60,73,0.6204823728302477,0.0,0.47291666666666665
S2_new_records,60,60,74,0.6013428145477113,0.0,0.513888888888889
S2_new_records,60,60,75,0.6110487594541132,0.0,0.49652777777777785
S2_new_records,60,60,76,0.6050337815478987,0.0,0.5048611111111111
S2_new_records,60,60,77,0.6180860677364871,0.0,0.5013888888888889
S2_new_records,60,60,78,0.621557427505289,0.0,0.5166666666666666
S2_new_records,60,60,79,0.6190516392992323,0.0,0.4694444444444444
S2_new_records,60,60,80,0.6069524774438038,0.0,0.4680555555555555
S2_new_records,60,60,81,0.6057944156989371,0.0,0.48194444444444445
S2_new_records,60,60,82,0.5941103190232581,0.0,0.46875
S2_new_records,60,60,83,0.592485863726037,0.0,0.49444444444444446
S2_new_records,60,60,84,0.5987672542300981,0.0,0.4993055555555556
S2_new_records,60,60,85,0.6094294570330699,0.0,0.48888888888888893
S2_new_records,60,60,86,0.6028467820362015,0.0,0.5097222222222222
S2_new_records,60,60,87,0.602265468608079,0.0,0.45
S2_new_records,60,60,88,0.623391263882086,0.0,0.4840277777777778
S2_new_records,60,60,89,0.6103669245525606,0.0,0.48194444444444445
S2_new_records,60,60,90,0.5898095045127056,0.0,0.4604166666666667
S2_new_records,60,60,91,0.612461299529883,0.0,0.4875
S2_new_records,60,60,92,0.5993711191743821,0.0,0.48125
S2_new_records,60,60,93,0.6109163758796383,0.0,0.4840277777777777
S2_new_records,60,60,94,0.6144889022189802,0.0,0.47361111111111115
S2_new_records,60,60,95,0.6240298476351116,0.0,0.4875
S2_new_records,60,60,96,0.6168229668543321,0.0,0.5138888888888888
S2_new_records,60,60,97,0.6076898313044199,0.0,0.4854166666666666
S2_new_records,60,60,98,0.6028436368331729,0.0,0.5048611111111111
S2_new_records,60,60,99,0.6058870772508705,0.0,0.45
S2_new_records,60,60,100,0.6071361944869823,0.0,0.4749999999999999
S2_new_records,60,60,101,0.5928965435496558,0.0,0.48680555555555555
S2_new_records,60,60,102,0.6211091670613804,0.0,0.46527777777777773
S2_new_records,60,60,103,0.6150012793089586,0.0,0.48125
S2_new_records,60,60,104,0.6050607577097143,0.0,0.4694444444444445
S2_new_records,60,60,105,0.6059068061665988,0.0,0.4763888888888889
S2_new_records,60,60,106,0.6143433561049925,0.0,0.501388888888889
S2_new_records,60,60,107,0.6182892487961468,0.0,0.49027777777777776
S2_new_records,60,60,108,0.6150618496690495,0.0,0.4784722222222222
S2_new_records,60,60,109,0.5991193763964651,0.0,0.4368055555555556
S2_new_records,60,60,110,0.6193567515826919,0.041666666666666664,0.5159722222222222
S2_new_records,60,60,111,0.584316190440729,0.0,0.4611111111111111
S2_new_records,60,60,112,0.6090012521496677,0.0,0.4548611111111111
S2_new_records,60,60,113,0.5996138514285139,0.0,0.48263888888888884
S2_new_records,60,60,114,0.584662989237174,0.0,0.4826388888888889
S2_new_records,60,60,115,0.6270733852071948,0.0,0.5284722222222222
S2_new_records,60,60,116,0.585635350926144,0.0,0.4618055555555556
S2_new_records,60,60,117,0.6345148164119846,0.0,0.4993055555555556
S2_new_records,60,60,118,0.5942094667728943,0.0,0.4548611111111111
S2_new_records,60,60,119,0.6207487026170408,0.0,0.4368055555555555
S2_new_records,60,60,120,0.6092997827667328,0.0,0.4611111111111111
S2_new_records,60,60,121,0.5879756521621607,0.0,0.4694444444444444
S2_new_records,60,60,122,0.61485036182577,0.0,0.5006944444444444
S2_new_records,60,60,123,0.5929101588268029,0.0,0.45555555555555555
S2_new_records,60,60,124,0.6015022413749583,0.0,0.5180555555555556
S2_new_records,60,60,125,0.5807341837764156,0.0,0.44930555555555557
S2_new_records,60,60,126,0.6034898828205985,0.0,0.44861111111111107
S2_new_records,60,60,127,0.6144713539386291,0.0,0.50625
S2_new_records,60,60,128,0.6169990270234336,0.0,0.49374999999999997
S2_new_records,60,60,129,0.6088146657018276,0.0,0.41874999999999996
S2_new_records,60,60,130,0.600430218763852,0.0,0.4930555555555556
S2_new_records,60,60,131,0.6162613268077513,0.041666666666666664,0.5243055555555555
S2_new_records,60,60,132,0.6081933207686243,0.0,0.4493055555555556
S2_new_records,60,60,133,0.6092727495399937,0.0,0.4583333333333333
S2_new_records,60,60,134,0.5843946648869087,0.0,0.5097222222222223
S2_new_records,60,60,135,0.6017832629819613,0.0,0.48055555555555557
S2_new_records,60,60,136,0.6113431813540747,0.0,0.49444444444444446
S2_new_records,60,60,137,0.6167738284175515,0.0,0.4937500000000001
S2_new_records,60,60,138,0.5959239247986492,0.0,0.47152777777777777
S2_new_records,60,60,139,0.6093702946982201,0.0,0.5125000000000001
S2_new_records,60,60,140,0.6280163663905773,0.0,0.5090277777777777
S2_new_records,60,60,141,0.6050996172905164,0.0,0.44236111111111115
S2_new_records,60,60,142,0.6176978648387276,0.0,0.47430555555555554
S2_new_records,60,60,143,0.5979672790669351,0.0,0.4611111111111111
S2_new_records,60,60,144,0.6042808121141514,0.0,0.49444444444444446
S2_new_records,60,60,145,0.5848110488239691,0.0,0.47291666666666665
S2_new_records,60,60,146,0.6183607071348721,0.0,0.45694444444444443
S2_new_records,60,60,147,0.6040973068389384,0.0,0.45555555555555555
S2_new_records,60,60,148,0.6109582465894415,0.0,0.5027777777777778
S2_new_records,60,60,149,0.6229199359948705,0.0,0.49652777777777773
S2_new_records,80,80,0,0.6228552320047765,0.0,0.4828124999999999
S2_new_records,80,80,1,0.6228339913184147,0.0,0.4703125000000001
S2_new_records,80,80,2,0.6347556829810589,0.0,0.4744791666666666
S2_new_records,80,80,3,0.6184007569371286,0.0,0.5041666666666668
S2_new_records,80,80,4,0.6102930372703436,0.0,0.48489583333333336
S2_new_records,80,80,5,0.6098804516446473,0.0,0.4890625
S2_new_records,80,80,6,0.6019347604267307,0.0,0.4994791666666667
S2_new_records,80,80,7,0.6044113071368155,0.0,0.4760416666666667
S2_new_records,80,80,8,0.6101123381056459,0.0,0.4786458333333334
S2_new_records,80,80,9,0.6235038344012697,0.0,0.45625000000000004
S2_new_records,80,80,10,0.6148106130668558,0.0,0.5213541666666667
S2_new_records,80,80,11,0.6276212571721788,0.0,0.4640625
S2_new_records,80,80,12,0.6056819868003857,0.0,0.49583333333333335
S2_new_records,80,80,13,0.5959214658031688,0.0,0.4921875
S2_new_records,80,80,14,0.6262721787749743,0.0,0.49895833333333334
S2_new_records,80,80,15,0.6077252716410236,0.0,0.4609375
S2_new_records,80,80,16,0.5979541609864214,0.0,0.4635416666666667
S2_new_records,80,80,17,0.6164978316491628,0.0,0.4744791666666666
S2_new_records,80,80,18,0.6109342580022032,0.0,0.465625
S2_new_records,80,80,19,0.6201484649612494,0.0,0.4947916666666667
S2_new_records,80,80,20,0.615313610218383,0.0,0.4692708333333333
S2_new_records,80,80,21,0.6019789237633257,0.041666666666666664,0.4953125
S2_new_records,80,80,22,0.6196386856629827,0.0,0.5031249999999999
S2_new_records,80,80,23,0.6037762681322687,0.041666666666666664,0.5010416666666666
S2_new_records,80,80,24,0.6193935856167369,0.0,0.4781250000000001
S2_new_records,80,80,25,0.6093188284632279,0.0,0.48281250000000003
S2_new_records,80,80,26,0.6030341929955403,0.0,0.496875
S2_new_records,80,80,27,0.6011332055081423,0.0,0.484375
S2_new_records,80,80,28,0.5981269363305382,0.0,0.4822916666666666
S2_new_records,80,80,29,0.600941374875652,0.0,0.4890625
S2_new_records,80,80,30,0.6148441806803326,0.0,0.4864583333333334
S2_new_records,80,80,31,0.6040198326484635,0.0,0.4588541666666666
S2_new_records,80,80,32,0.6067816253916382,0.0,0.4765625
S2_new_records,80,80,33,0.6135685207861113,0.0,0.4942708333333334
S2_new_records,80,80,34,0.6157218403548234,0.0,0.4848958333333333
S2_new_records,80,80,35,0.5924218088089527,0.0,0.4791666666666667
S2_new_records,80,80,36,0.6002528033551637,0.0,0.46770833333333334
S2_new_records,80,80,37,0.6125818756192947,0.0,0.4869791666666667
S2_new_records,80,80,38,0.608388367972677,0.0,0.5036458333333333
S2_new_records,80,80,39,0.606832314556394,0.0,0.47239583333333335
S2_new_records,80,80,40,0.5971734113115296,0.0,0.4911458333333334
S2_new_records,80,80,41,0.6127225277068832,0.0,0.5052083333333334
S2_new_records,80,80,42,0.6270930083543201,0.0,0.49583333333333335
S2_new_records,80,80,43,0.6194612680640057,0.0,0.48072916666666665
S2_new_records,80,80,44,0.6043923836195761,0.0,0.5010416666666666
S2_new_records,80,80,45,0.5949719729654651,0.0,0.47604166666666664
S2_new_records,80,80,46,0.6053318081387973,0.0,0.44635416666666666
S2_new_records,80,80,47,0.6128022833342547,0.0,0.4869791666666667
S2_new_records,80,80,48,0.5998760125058055,0.0,0.48333333333333334
S2_new_records,80,80,49,0.603573590298893,0.0,0.4760416666666667
S2_new_records,80,80,50,0.6112755935149947,0.0,0.4927083333333333
S2_new_records,80,80,51,0.6090167195656018,0.0,0.5026041666666666
S2_new_records,80,80,52,0.5897606877614955,0.0,0.4635416666666667
S2_new_records,80,80,53,0.6239427122832628,0.0,0.4729166666666667
S2_new_records,80,80,54,0.6280499558180751,0.0,0.4833333333333334
S2_new_records,80,80,55,0.6315209918717458,0.0,0.4869791666666667
S2_new_records,80,80,56,0.6105356895644899,0.0,0.48593749999999997
S2_new_records,80,80,57,0.587222477655785,0.0,0.4604166666666667
S2_new_records,80,80,58,0.6200172480283124,0.0,0.48593749999999997
S2_new_records,80,80,59,0.6093656428747211,0.0,0.5046875000000001
S2_new_records,80,80,60,0.6017767037210004,0.0,0.4765625
S2_new_records,80,80,61,0.6128384339419789,0.0,0.5020833333333333
S2_new_records,80,80,62,0.6040509797905681,0.0,0.49635416666666665
S2_new_records,80,80,63,0.6077791898944045,0.0,0.4864583333333334
S2_new_records,80,80,64,0.6146202392367819,0.0,0.4953125
S2_new_records,80,80,65,0.6121303490762131,0.0,0.4526041666666667
S2_new_records,80,80,66,0.613061239081608,0.0,0.48020833333333335
S2_new_records,80,80,67,0.6247624886405596,0.0,0.5078125
S2_new_records,80,80,68,0.6262322158477235,0.0,0.4838541666666667
S2_new_records,80,80,69,0.6108392118648402,0.0,0.48802083333333335
S2_new_records,80,80,70,0.6061340282795317,0.0,0.48281250000000003
S2_new_records,80,80,71,0.6270643947325147,0.0,0.4875
S2_new_records,80,80,72,0.6116371482138108,0.0,0.4708333333333334
S2_new_records,80,80,73,0.6036119096000082,0.0,0.46718750000000003
S2_new_records,80,80,74,0.5989805848222897,0.0,0.4557291666666667
S2_new_records,80,80,75,0.6017294568855974,0.0,0.47760416666666666
S2_new_records,80,80,76,0.6169064653989149,0.0,0.4791666666666667
S2_new_records,80,80,77,0.6041705674846202,0.0,0.48020833333333335
S2_new_records,80,80,78,0.6037024841304147,0.0,0.46979166666666666
S2_new_records,80,80,79,0.6260404848585964,0.0,0.47291666666666665
S2_new_records,80,80,80,0.618655619979919,0.0,0.5067708333333333
S2_new_records,80,80,81,0.6174668369044666,0.0,0.4776041666666666
S2_new_records,80,80,82,0.6078571410031469,0.0,0.4791666666666666
S2_new_records,80,80,83,0.607438584080158,0.0,0.45989583333333334
S2_new_records,80,80,84,0.6060227591148958,0.0,0.4817708333333333
S2_new_records,80,80,85,0.6184930744135021,0.0,0.4703125000000001
S2_new_records,80,80,86,0.6209909703935171,0.0,0.4833333333333332
S2_new_records,80,80,87,0.6099078183885159,0.0,0.4875
S2_new_records,80,80,88,0.6320533850017024,0.0,0.4869791666666667
S2_new_records,80,80,89,0.621723145632651,0.0,0.4666666666666666
S2_new_records,80,80,90,0.6172290551038326,0.0,0.5015625
S2_new_records,80,80,91,0.6137517107083493,0.0,0.4838541666666667
S2_new_records,80,80,92,0.6084326069036249,0.0,0.47812499999999997
S2_new_records,80,80,93,0.6217612579428837,0.0,0.49374999999999997
S2_new_records,80,80,94,0.6184629693477055,0.0,0.49635416666666665
S2_new_records,80,80,95,0.6089600327128734,0.0,0.4875
S2_new_records,80,80,96,0.6181786039601229,0.0,0.48333333333333334
S2_new_records,80,80,97,0.605828343860331,0.0,0.4791666666666667
S2_new_records,80,80,98,0.6201616012164978,0.0,0.4828124999999999
S2_new_records,80,80,99,0.5962505758259309,0.0,0.4869791666666667
S2_new_records,80,80,100,0.6008701553525302,0.0,0.4864583333333334
S2_new_records,80,80,101,0.6157902763304178,0.0,0.48802083333333335
S2_new_records,80,80,102,0.5978313341181485,0.0,0.48541666666666666
S2_new_records,80,80,103,0.6075959461906155,0.0,0.4875
S2_new_records,80,80,104,0.6175196256337736,0.0,0.4817708333333333
S2_new_records,80,80,105,0.6072727200822486,0.0,0.48541666666666666
S2_new_records,80,80,106,0.5941187660739998,0.0,0.4786458333333334
S2_new_records,80,80,107,0.6067521013429719,0.0,0.4890625
S2_new_records,80,80,108,0.6111442600671841,0.0,0.4947916666666667
S2_new_records,80,80,109,0.617663089001968,0.0,0.48645833333333327
S2_new_records,80,80,110,0.615461166673222,0.0,0.5005208333333333
S2_new_records,80,80,111,0.6085705356138407,0.0,0.4921875
S2_new_records,80,80,112,0.611070508422113,0.0,0.51875
S2_new_records,80,80,113,0.6004763003411975,0.0,0.4921875
S2_new_records,80,80,114,0.6109035504622601,0.0,0.48489583333333336
S2_new_records,80,80,115,0.6118050273253657,0.0,0.4739583333333333
S2_new_records,80,80,116,0.600952143275585,0.0,0.45156250000000003
S2_new_records,80,80,117,0.6112129545233155,0.0,0.4942708333333334
S2_new_records,80,80,118,0.6260136889213022,0.0,0.46718750000000003
S2_new_records,80,80,119,0.6120428842537384,0.0,0.4817708333333333
S2_new_records,80,80,120,0.6261600093784059,0.0,0.5036458333333333
S2_new_records,80,80,121,0.6176513083261411,0.0,0.4838541666666667
S2_new_records,80,80,122,0.6067699578436131,0.0,0.4864583333333334
S2_new_records,80,80,123,0.6126078956791474,0.0,0.4973958333333333
S2_new_records,80,80,124,0.6032503097426272,0.0,0.48593749999999997
S2_new_records,80,80,125,0.6192062442291636,0.0,0.46979166666666666
S2_new_records,80,80,126,0.6229263460986888,0.0,0.4770833333333333
S2_new_records,80,80,127,0.6296304022935727,0.0,0.48854166666666665
S2_new_records,80,80,128,0.6056088763305453,0.0,0.4692708333333333
S2_new_records,80,80,129,0.607434662877596,0.0,0.465625
S2_new_records,80,80,130,0.6248170943196683,0.0,0.4848958333333333
S2_new_records,80,80,131,0.6010101271044258,0.0,0.4817708333333333
S2_new_records,80,80,132,0.6153596898409069,0.0,0.4609375
S2_new_records,80,80,133,0.6150199039731986,0.0,0.5005208333333333
S2_new_records,80,80,134,0.5989667027801843,0.0,0.5098958333333333
S2_new_records,80,80,135,0.6124293634073588,0.0,0.4776041666666666
S2_new_records,80,80,136,0.6123233112011868,0.0,0.4817708333333333
S2_new_records,80,80,137,0.6080897869154878,0.0,0.5015625
S2_new_records,80,80,138,0.6010196453510985,0.0,0.4947916666666667
S2_new_records,80,80,139,0.6300449564921745,0.0,0.5010416666666666
S2_new_records,80,80,140,0.6021999759884437,0.0,0.5015625
S2_new_records,80,80,141,0.6078561088883117,0.0,0.4890625
S2_new_records,80,80,142,0.6182629179519425,0.0,0.5151041666666667
S2_new_records,80,80,143,0.6266629305030517,0.0,0.4947916666666667
S2_new_records,80,80,144,0.61244871273455,0.0,0.4682291666666667
S2_new_records,80,80,145,0.6159253402459183,0.0,0.4713541666666667
S2_new_records,80,80,146,0.5988120680804941,0.0,0.5088541666666667
S2_new_records,80,80,147,0.6086138783230616,0.0,0.4786458333333334
S2_new_records,80,80,148,0.6194277434093237,0.0,0.4609375
S2_new_records,80,80,149,0.627040029490078,0.0,0.4666666666666666
S2_new_records,96,96,0,0.6241070702706558,0.0,0.4791666666666667
S2_new_records,96,96,1,0.6192072410249699,0.0,0.4674479166666667
S2_new_records,96,96,2,0.6136784823673826,0.0,0.4774305555555556
S2_new_records,96,96,3,0.6060589451713678,0.0,0.4657118055555555
S2_new_records,96,96,4,0.61762054553463,0.0,0.4822048611111111
S2_new_records,96,96,5,0.6245438587024551,0.0,0.4848090277777777
S2_new_records,96,96,6,0.6141261819673968,0.0,0.4713541666666667
S2_new_records,96,96,7,0.616341956695256,0.0,0.4930555555555555
S2_new_records,96,96,8,0.6126060326303201,0.0,0.48046875
S2_new_records,96,96,9,0.6064290095769695,0.0,0.4778645833333333
S2_new_records,96,96,10,0.615081245398024,0.0,0.4813368055555556
S2_new_records,96,96,11,0.6228337692652348,0.0,0.47092013888888884
S2_new_records,96,96,12,0.6193578447973621,0.0,0.4791666666666667
S2_new_records,96,96,13,0.6134660003478324,0.0,0.49392361111111116
S2_new_records,96,96,14,0.6255343904268782,0.0,0.4908854166666667
S2_new_records,96,96,15,0.6183321508863546,0.0,0.4739583333333333
S2_new_records,96,96,16,0.6289933324136701,0.0,0.48871527777777773
S2_new_records,96,96,17,0.6098961508699718,0.0,0.46875
S2_new_records,96,96,18,0.6127752617764209,0.0,0.4874131944444445
S2_new_records,96,96,19,0.6164984971471926,0.0,0.4856770833333333
S2_new_records,96,96,20,0.6227554663761034,0.0,0.48611111111111116
S2_new_records,96,96,21,0.6183665752273159,0.0,0.4678819444444445
S2_new_records,96,96,22,0.6084573808552816,0.0,0.4835069444444445
S2_new_records,96,96,23,0.6218861350135452,0.0,0.4791666666666667
S2_new_records,96,96,24,0.6202412128573148,0.0,0.4765625
S2_new_records,96,96,25,0.6204434753894861,0.0,0.4739583333333333
S2_new_records,96,96,26,0.6145163927667893,0.0,0.48611111111111116
S2_new_records,96,96,27,0.6110224510487912,0.0,0.47873263888888884
S2_new_records,96,96,28,0.6306953791376801,0.0,0.47873263888888884
S2_new_records,96,96,29,0.6107610091642697,0.0,0.46614583333333326
S2_new_records,96,96,30,0.6077656396704186,0.0,0.4904513888888889
S2_new_records,96,96,31,0.6148461255038515,0.0,0.4835069444444445
S2_new_records,96,96,32,0.6217169871180749,0.0,0.4934895833333333
S2_new_records,96,96,33,0.6192757401640543,0.0,0.4900173611111111
S2_new_records,96,96,34,0.6210671512951264,0.0,0.4717881944444444
S2_new_records,96,96,35,0.6170026759664964,0.0,0.4796006944444444
S2_new_records,96,96,36,0.6203260870605709,0.0,0.4791666666666667
S2_new_records,96,96,37,0.6129854307065772,0.0,0.4991319444444444
S2_new_records,96,96,38,0.6091565371711926,0.0,0.47309027777777785
S2_new_records,96,96,39,0.6182384308603656,0.0,0.4835069444444445
S2_new_records,96,96,40,0.6083297633024336,0.0,0.4778645833333333
S2_new_records,96,96,41,0.6137039134764442,0.0,0.48480902777777773
S2_new_records,96,96,42,0.6284518440539485,0.0,0.4596354166666667
S2_new_records,96,96,43,0.6176419873484598,0.0,0.47829861111111116
S2_new_records,96,96,44,0.6183239408206748,0.0,0.4874131944444444
S2_new_records,96,96,45,0.61681457761695,0.0,0.4813368055555556
S2_new_records,96,96,46,0.6178221892230826,0.0,0.47873263888888884
S2_new_records,96,96,47,0.6138737022951928,0.0,0.48046875
S2_new_records,96,96,48,0.6146674765560609,0.0,0.4973958333333333
S2_new_records,96,96,49,0.6110878570176438,0.0,0.47309027777777785
S2_new_records,96,96,50,0.6146085750080059,0.0,0.4852430555555556
S2_new_records,96,96,51,0.6201924638168576,0.0,0.4982638888888889
S2_new_records,96,96,52,0.620767210920037,0.0,0.47439236111111116
S2_new_records,96,96,53,0.6153623213456275,0.0,0.4921875
S2_new_records,96,96,54,0.6208791525131847,0.0,0.4830729166666667
S2_new_records,96,96,55,0.6166089141035384,0.0,0.4835069444444445
S2_new_records,96,96,56,0.6123559526705002,0.0,0.4904513888888889
S2_new_records,96,96,57,0.6196450720786835,0.0,0.48090277777777773
S2_new_records,96,96,58,0.6230334369910021,0.0,0.47873263888888884
S2_new_records,96,96,59,0.6205454412780794,0.0,0.4895833333333333
S2_new_records,96,96,60,0.6168265046929556,0.0,0.48784722222222227
S2_new_records,96,96,61,0.6260324427824115,0.0,0.49782986111111116
S2_new_records,96,96,62,0.6165522022590759,0.0,0.49175347222222215
S2_new_records,96,96,63,0.6149838135144547,0.0,0.48480902777777785
S2_new_records,96,96,64,0.6116495601544215,0.0,0.4865451388888889
S2_new_records,96,96,65,0.6207534126882482,0.0,0.49001736111111116
S2_new_records,96,96,66,0.6164652044353699,0.0,0.48480902777777773
S2_new_records,96,96,67,0.6301947240920738,0.0,0.4752604166666667
S2_new_records,96,96,68,0.6156641766484414,0.0,0.4674479166666667
S2_new_records,96,96,69,0.6108738889308687,0.0,0.4822048611111111
S2_new_records,96,96,70,0.6176049256796163,0.0,0.4986979166666667
S2_new_records,96,96,71,0.6179485269509655,0.0,0.48871527777777785
S2_new_records,96,96,72,0.6196778440120718,0.0,0.4856770833333333
S2_new_records,96,96,73,0.6132438674057107,0.0,0.47612847222222215
S2_new_records,96,96,74,0.6288893842645057,0.0,0.4913194444444444
S2_new_records,96,96,75,0.6263820654930454,0.0,0.48090277777777785
S2_new_records,96,96,76,0.6220705999930408,0.0,0.48263888888888884
S2_new_records,96,96,77,0.6154795629023335,0.0,0.47309027777777785
S2_new_records,96,96,78,0.6087419426979814,0.0,0.4934895833333333
S2_new_records,96,96,79,0.6133072725079064,0.0,0.48003472222222227
S2_new_records,96,96,80,0.618537953704786,0.0,0.4774305555555556
S2_new_records,96,96,81,0.6289975675466903,0.0,0.4778645833333333
S2_new_records,96,96,82,0.6155473668757054,0.0,0.48871527777777773
S2_new_records,96,96,83,0.6300637034159374,0.0,0.48654513888888884
S2_new_records,96,96,84,0.6187559230265308,0.0,0.4700520833333333
S2_new_records,96,96,85,0.6177124765991149,0.0,0.4934895833333333
S2_new_records,96,96,86,0.6186471262724033,0.0,0.4765625
S2_new_records,96,96,87,0.6165357945156786,0.0,0.484375
S2_new_records,96,96,88,0.620497729360272,0.0,0.4874131944444445
S2_new_records,96,96,89,0.6111556551945311,0.0,0.49045138888888884
S2_new_records,96,96,90,0.6159234537899995,0.0,0.4782986111111111
S2_new_records,96,96,91,0.6154499741259595,0.0,0.4756944444444445
S2_new_records,96,96,92,0.6178259132475501,0.0,0.48046875
S2_new_records,96,96,93,0.615287070133469,0.0,0.4869791666666667
S2_new_records,96,96,94,0.6235624765767084,0.0,0.48263888888888884
S2_new_records,96,96,95,0.6093<user>83238,0.0,0.48394097222222215
S2_new_records,96,96,96,0.6159040095935681,0.0,0.4752604166666667
S2_new_records,96,96,97,0.6132528039148143,0.0,0.48394097222222215
S2_new_records,96,96,98,0.6212880488048661,0.0,0.4830729166666667
S2_new_records,96,96,99,0.6157519688713871,0.0,0.47829861111111116
S2_new_records,96,96,100,0.6173269284494936,0.0,0.4921875
S2_new_records,96,96,101,0.610767080317378,0.0,0.48654513888888884
S2_new_records,96,96,102,0.6238050540054161,0.0,0.47222222222222215
S2_new_records,96,96,103,0.6123334592148629,0.0,0.48046875
S2_new_records,96,96,104,0.6118466467399674,0.0,0.4813368055555556
S2_new_records,96,96,105,0.6151661823858665,0.0,0.49001736111111116
S2_new_records,96,96,106,0.6056150958901875,0.0,0.4813368055555555
S2_new_records,96,96,107,0.6270472606638832,0.0,0.4822048611111111
S2_new_records,96,96,108,0.6152123154585799,0.0,0.48220486111111116
S2_new_records,96,96,109,0.6237635726390661,0.0,0.4817708333333333
S2_new_records,96,96,110,0.6238756925844311,0.0,0.48611111111111116
S2_new_records,96,96,111,0.6172142042658849,0.0,0.47265625
S2_new_records,96,96,112,0.6228630182850653,0.0,0.4835069444444445
S2_new_records,96,96,113,0.6199592417831591,0.0,0.48394097222222227
S2_new_records,96,96,114,0.6171512952101141,0.0,0.48046875
S2_new_records,96,96,115,0.6261343094177031,0.0,0.4765625
S2_new_records,96,96,116,0.6156183331842857,0.0,0.4904513888888889
S2_new_records,96,96,117,0.6162645215914786,0.0,0.4817708333333333
S2_new_records,96,96,118,0.6197195997530697,0.0,0.48046875
S2_new_records,96,96,119,0.6072395041208497,0.0,0.4908854166666667
S2_new_records,96,96,120,0.613980884481309,0.0,0.4947916666666667
S2_new_records,96,96,121,0.6178487465923107,0.0,0.4717881944444445
S2_new_records,96,96,122,0.6129823233679031,0.0,0.4913194444444444
S2_new_records,96,96,123,0.6199803531902535,0.0,0.48394097222222227
S2_new_records,96,96,124,0.6191312557783036,0.0,0.47265625
S2_new_records,96,96,125,0.6101029554871035,0.0,0.47309027777777785
S2_new_records,96,96,126,0.6094883073189822,0.0,0.4891493055555556
S2_new_records,96,96,127,0.6125304789792956,0.0,0.48784722222222227
S2_new_records,96,96,128,0.6210416653477429,0.0,0.4835069444444444
S2_new_records,96,96,129,0.619202577618799,0.0,0.48871527777777785
S2_new_records,96,96,130,0.6145678928673141,0.0,0.48003472222222227
S2_new_records,96,96,131,0.611404227760622,0.0,0.4921875
S2_new_records,96,96,132,0.6176496976264698,0.0,0.48828125
S2_new_records,96,96,133,0.623208632078519,0.0,0.4756944444444445
S2_new_records,96,96,134,0.617594209561505,0.0,0.48784722222222215
S2_new_records,96,96,135,0.6193448154844295,0.0,0.4865451388888889
S2_new_records,96,96,136,0.6186149442900505,0.0,0.4852430555555555
S2_new_records,96,96,137,0.611015379827937,0.0,0.4670138888888889
S2_new_records,96,96,138,0.6171546894645075,0.0,0.48871527777777773
S2_new_records,96,96,139,0.616139372047614,0.0,0.4756944444444445
S2_new_records,96,96,140,0.6118589075881288,0.0,0.48046875
S2_new_records,96,96,141,0.6234621880670863,0.0,0.47309027777777785
S2_new_records,96,96,142,0.6212092218445513,0.0,0.4874131944444444
S2_new_records,96,96,143,0.6114401857027804,0.0,0.4895833333333333
S2_new_records,96,96,144,0.6107081380484181,0.0,0.4891493055555555
S2_new_records,96,96,145,0.6179287142608223,0.0,0.50390625
S2_new_records,96,96,146,0.6172656697174342,0.0,0.48003472222222215
S2_new_records,96,96,147,0.6105550032351797,0.0,0.49175347222222215
S2_new_records,96,96,148,0.6147340110692693,0.0,0.4700520833333333
S2_new_records,96,96,149,0.6013308900868861,0.0,0.49956597222222215
