dataset,condition,held_out,k_bearings,n_train,test_fp
PRONOSTIA,C1,Bearing1_1,1,20,0.0
PRONOSTIA,C1,Bearing1_1,1,20,0.0
PRONOSTIA,C1,Bearing1_1,1,20,0.0
PRONOSTIA,C1,Bearing1_1,1,20,0.03333333333333333
PRONOSTIA,C1,Bearing1_1,1,20,0.0
PRONOSTIA,C1,Bearing1_1,1,20,0.0
PRONOSTIA,C1,Bearing1_1,1,20,0.0
PRONOSTIA,C1,Bearing1_1,1,20,0.4166666666666667
PRONOSTIA,C1,Bearing1_1,1,20,0.4666666666666667
PRONOSTIA,C1,Bearing1_1,1,20,0.0
PRONOSTIA,C1,Bearing1_1,1,20,0.0
PRONOSTIA,C1,Bearing1_1,1,20,0.0
PRONOSTIA,C1,Bearing1_1,1,20,0.016666666666666666
PRONOSTIA,C1,Bearing1_1,1,20,0.0
PRONOSTIA,C1,Bearing1_1,1,20,0.0
PRONOSTIA,C1,Bearing1_1,1,20,0.0
PRONOSTIA,C1,Bearing1_1,1,20,0.0
PRONOSTIA,C1,Bearing1_1,1,20,0.0
PRONOSTIA,C1,Bearing1_1,1,20,0.0
PRONOSTIA,C1,Bearing1_1,1,20,0.0
PRONOSTIA,C1,Bearing1_1,1,20,0.0
PRONOSTIA,C1,Bearing1_1,1,20,0.0
PRONOSTIA,C1,Bearing1_1,1,20,0.0
PRONOSTIA,C1,Bearing1_1,1,20,0.0
PRONOSTIA,C1,Bearing1_1,1,20,0.0
PRONOSTIA,C1,Bearing1_1,1,20,0.0
PRONOSTIA,C1,Bearing1_1,1,20,0.03333333333333333
PRONOSTIA,C1,Bearing1_1,1,20,0.016666666666666666
PRONOSTIA,C1,Bearing1_1,1,20,0.0
PRONOSTIA,C1,Bearing1_1,1,20,0.0
PRONOSTIA,C1,Bearing1_1,1,20,0.0
PRONOSTIA,C1,Bearing1_1,1,20,0.0
PRONOSTIA,C1,Bearing1_1,1,20,0.0
PRONOSTIA,C1,Bearing1_1,1,20,0.6666666666666666
PRONOSTIA,C1,Bearing1_1,1,20,0.0
PRONOSTIA,C1,Bearing1_1,1,20,0.0
PRONOSTIA,C1,Bearing1_1,1,20,0.35
PRONOSTIA,C1,Bearing1_1,1,20,0.0
PRONOSTIA,C1,Bearing1_1,1,20,0.0
PRONOSTIA,C1,Bearing1_1,1,20,0.0
PRONOSTIA,C1,Bearing1_1,1,20,0.03333333333333333
PRONOSTIA,C1,Bearing1_1,1,20,0.03333333333333333
PRONOSTIA,C1,Bearing1_1,1,20,0.0
PRONOSTIA,C1,Bearing1_1,1,20,0.06666666666666667
PRONOSTIA,C1,Bearing1_1,1,20,0.0
PRONOSTIA,C1,Bearing1_1,1,20,0.0
PRONOSTIA,C1,Bearing1_1,1,20,0.0
PRONOSTIA,C1,Bearing1_1,1,20,0.03333333333333333
PRONOSTIA,C1,Bearing1_1,1,20,0.25
PRONOSTIA,C1,Bearing1_1,1,20,0.0
PRONOSTIA,C1,Bearing1_1,2,20,0.0
PRONOSTIA,C1,Bearing1_1,2,20,0.0
PRONOSTIA,C1,Bearing1_1,2,20,0.0
PRONOSTIA,C1,Bearing1_1,2,20,0.0
PRONOSTIA,C1,Bearing1_1,2,20,0.0
PRONOSTIA,C1,Bearing1_1,2,20,0.0
PRONOSTIA,C1,Bearing1_1,2,20,0.0
PRONOSTIA,C1,Bearing1_1,2,20,0.0
PRONOSTIA,C1,Bearing1_1,2,20,0.0
PRONOSTIA,C1,Bearing1_1,2,20,0.0
PRONOSTIA,C1,Bearing1_1,2,20,0.0
PRONOSTIA,C1,Bearing1_1,2,20,0.0
PRONOSTIA,C1,Bearing1_1,2,20,0.0
PRONOSTIA,C1,Bearing1_1,2,20,0.0
PRONOSTIA,C1,Bearing1_1,2,20,0.0
PRONOSTIA,C1,Bearing1_1,2,20,0.0
PRONOSTIA,C1,Bearing1_1,2,20,0.016666666666666666
PRONOSTIA,C1,Bearing1_1,2,20,0.0
PRONOSTIA,C1,Bearing1_1,2,20,0.0
PRONOSTIA,C1,Bearing1_1,2,20,0.0
PRONOSTIA,C1,Bearing1_1,2,20,0.0
PRONOSTIA,C1,Bearing1_1,2,20,0.0
PRONOSTIA,C1,Bearing1_1,2,20,0.0
PRONOSTIA,C1,Bearing1_1,2,20,0.06666666666666667
PRONOSTIA,C1,Bearing1_1,2,20,0.0
PRONOSTIA,C1,Bearing1_1,2,20,0.0
PRONOSTIA,C1,Bearing1_1,2,20,0.0
PRONOSTIA,C1,Bearing1_1,2,20,0.0
PRONOSTIA,C1,Bearing1_1,2,20,0.0
PRONOSTIA,C1,Bearing1_1,2,20,0.11666666666666667
PRONOSTIA,C1,Bearing1_1,2,20,0.0
PRONOSTIA,C1,Bearing1_1,2,20,0.0
PRONOSTIA,C1,Bearing1_1,2,20,0.0
PRONOSTIA,C1,Bearing1_1,2,20,0.0
PRONOSTIA,C1,Bearing1_1,2,20,0.0
PRONOSTIA,C1,Bearing1_1,2,20,0.0
PRONOSTIA,C1,Bearing1_1,2,20,0.0
PRONOSTIA,C1,Bearing1_1,2,20,0.0
PRONOSTIA,C1,Bearing1_1,2,20,0.0
PRONOSTIA,C1,Bearing1_1,2,20,0.016666666666666666
PRONOSTIA,C1,Bearing1_1,2,20,0.016666666666666666
PRONOSTIA,C1,Bearing1_1,2,20,0.03333333333333333
PRONOSTIA,C1,Bearing1_1,2,20,0.0
PRONOSTIA,C1,Bearing1_1,2,20,0.0
PRONOSTIA,C1,Bearing1_1,2,20,0.0
PRONOSTIA,C1,Bearing1_1,2,20,0.0
PRONOSTIA,C1,Bearing1_1,2,20,0.0
PRONOSTIA,C1,Bearing1_1,2,20,0.0
PRONOSTIA,C1,Bearing1_1,2,20,0.0
PRONOSTIA,C1,Bearing1_1,2,20,0.0
PRONOSTIA,C1,Bearing1_1,3,18,0.0
PRONOSTIA,C1,Bearing1_1,3,18,0.0
PRONOSTIA,C1,Bearing1_1,3,18,0.0
PRONOSTIA,C1,Bearing1_1,3,18,0.15
PRONOSTIA,C1,Bearing1_1,3,18,0.0
PRONOSTIA,C1,Bearing1_1,3,18,0.0
PRONOSTIA,C1,Bearing1_1,3,18,0.0
PRONOSTIA,C1,Bearing1_1,3,18,0.0
PRONOSTIA,C1,Bearing1_1,3,18,0.0
PRONOSTIA,C1,Bearing1_1,3,18,0.016666666666666666
PRONOSTIA,C1,Bearing1_1,3,18,0.0
PRONOSTIA,C1,Bearing1_1,3,18,0.0
PRONOSTIA,C1,Bearing1_1,3,18,0.0
PRONOSTIA,C1,Bearing1_1,3,18,0.0
PRONOSTIA,C1,Bearing1_1,3,18,0.0
PRONOSTIA,C1,Bearing1_1,3,18,0.0
PRONOSTIA,C1,Bearing1_1,3,18,0.0
PRONOSTIA,C1,Bearing1_1,3,18,0.13333333333333333
PRONOSTIA,C1,Bearing1_1,3,18,0.0
PRONOSTIA,C1,Bearing1_1,3,18,0.0
PRONOSTIA,C1,Bearing1_1,3,18,0.0
PRONOSTIA,C1,Bearing1_1,3,18,0.03333333333333333
PRONOSTIA,C1,Bearing1_1,3,18,0.0
PRONOSTIA,C1,Bearing1_1,3,18,0.13333333333333333
PRONOSTIA,C1,Bearing1_1,3,18,0.016666666666666666
PRONOSTIA,C1,Bearing1_1,3,18,0.0
PRONOSTIA,C1,Bearing1_1,3,18,0.0
PRONOSTIA,C1,Bearing1_1,3,18,0.0
PRONOSTIA,C1,Bearing1_1,3,18,0.0
PRONOSTIA,C1,Bearing1_1,3,18,0.0
PRONOSTIA,C1,Bearing1_1,3,18,0.0
PRONOSTIA,C1,Bearing1_1,3,18,0.0
PRONOSTIA,C1,Bearing1_1,3,18,0.0
PRONOSTIA,C1,Bearing1_1,3,18,0.0
PRONOSTIA,C1,Bearing1_1,3,18,0.0
PRONOSTIA,C1,Bearing1_1,3,18,0.016666666666666666
PRONOSTIA,C1,Bearing1_1,3,18,0.0
PRONOSTIA,C1,Bearing1_1,3,18,0.0
PRONOSTIA,C1,Bearing1_1,3,18,0.0
PRONOSTIA,C1,Bearing1_1,3,18,0.0
PRONOSTIA,C1,Bearing1_1,3,18,0.0
PRONOSTIA,C1,Bearing1_1,3,18,0.0
PRONOSTIA,C1,Bearing1_1,3,18,0.0
PRONOSTIA,C1,Bearing1_1,3,18,0.0
PRONOSTIA,C1,Bearing1_1,3,18,0.0
PRONOSTIA,C1,Bearing1_1,3,18,0.0
PRONOSTIA,C1,Bearing1_1,3,18,0.0
PRONOSTIA,C1,Bearing1_1,3,18,0.0
PRONOSTIA,C1,Bearing1_1,3,18,0.0
PRONOSTIA,C1,Bearing1_1,3,18,0.0
PRONOSTIA,C1,Bearing1_1,4,20,0.0
PRONOSTIA,C1,Bearing1_1,4,20,0.0
PRONOSTIA,C1,Bearing1_1,4,20,0.0
PRONOSTIA,C1,Bearing1_1,4,20,0.0
PRONOSTIA,C1,Bearing1_1,4,20,0.0
PRONOSTIA,C1,Bearing1_1,4,20,0.0
PRONOSTIA,C1,Bearing1_1,4,20,0.0
PRONOSTIA,C1,Bearing1_1,4,20,0.0
PRONOSTIA,C1,Bearing1_1,4,20,0.0
PRONOSTIA,C1,Bearing1_1,4,20,0.0
PRONOSTIA,C1,Bearing1_1,4,20,0.0
PRONOSTIA,C1,Bearing1_1,4,20,0.05
PRONOSTIA,C1,Bearing1_1,4,20,0.0
PRONOSTIA,C1,Bearing1_1,4,20,0.16666666666666666
PRONOSTIA,C1,Bearing1_1,4,20,0.0
PRONOSTIA,C1,Bearing1_1,4,20,0.0
PRONOSTIA,C1,Bearing1_1,4,20,0.0
PRONOSTIA,C1,Bearing1_1,4,20,0.0
PRONOSTIA,C1,Bearing1_1,4,20,0.0
PRONOSTIA,C1,Bearing1_1,4,20,0.0
PRONOSTIA,C1,Bearing1_1,4,20,0.0
PRONOSTIA,C1,Bearing1_1,4,20,0.0
PRONOSTIA,C1,Bearing1_1,4,20,0.03333333333333333
PRONOSTIA,C1,Bearing1_1,4,20,0.0
PRONOSTIA,C1,Bearing1_1,4,20,0.0
PRONOSTIA,C1,Bearing1_1,4,20,0.0
PRONOSTIA,C1,Bearing1_1,4,20,0.0
PRONOSTIA,C1,Bearing1_1,4,20,0.0
PRONOSTIA,C1,Bearing1_1,4,20,0.0
PRONOSTIA,C1,Bearing1_1,4,20,0.0
PRONOSTIA,C1,Bearing1_1,4,20,0.016666666666666666
PRONOSTIA,C1,Bearing1_1,4,20,0.0
PRONOSTIA,C1,Bearing1_1,4,20,0.0
PRONOSTIA,C1,Bearing1_1,4,20,0.0
PRONOSTIA,C1,Bearing1_1,4,20,0.0
PRONOSTIA,C1,Bearing1_1,4,20,0.0
PRONOSTIA,C1,Bearing1_1,4,20,0.0
PRONOSTIA,C1,Bearing1_1,4,20,0.0
PRONOSTIA,C1,Bearing1_1,4,20,0.0
PRONOSTIA,C1,Bearing1_1,4,20,0.0
PRONOSTIA,C1,Bearing1_1,4,20,0.0
PRONOSTIA,C1,Bearing1_1,4,20,0.0
PRONOSTIA,C1,Bearing1_1,4,20,0.0
PRONOSTIA,C1,Bearing1_1,4,20,0.0
PRONOSTIA,C1,Bearing1_1,4,20,0.0
PRONOSTIA,C1,Bearing1_1,4,20,0.0
PRONOSTIA,C1,Bearing1_1,4,20,0.0
PRONOSTIA,C1,Bearing1_1,4,20,0.0
PRONOSTIA,C1,Bearing1_1,4,20,0.0
PRONOSTIA,C1,Bearing1_1,4,20,0.0
PRONOSTIA,C1,Bearing1_2,1,20,0.1
PRONOSTIA,C1,Bearing1_2,1,20,0.03333333333333333
PRONOSTIA,C1,Bearing1_2,1,20,0.0
PRONOSTIA,C1,Bearing1_2,1,20,0.36666666666666664
PRONOSTIA,C1,Bearing1_2,1,20,0.03333333333333333
PRONOSTIA,C1,Bearing1_2,1,20,0.0
PRONOSTIA,C1,Bearing1_2,1,20,0.55
PRONOSTIA,C1,Bearing1_2,1,20,0.7
PRONOSTIA,C1,Bearing1_2,1,20,0.38333333333333336
PRONOSTIA,C1,Bearing1_2,1,20,0.016666666666666666
PRONOSTIA,C1,Bearing1_2,1,20,0.03333333333333333
PRONOSTIA,C1,Bearing1_2,1,20,0.03333333333333333
PRONOSTIA,C1,Bearing1_2,1,20,0.016666666666666666
PRONOSTIA,C1,Bearing1_2,1,20,0.016666666666666666
PRONOSTIA,C1,Bearing1_2,1,20,0.06666666666666667
PRONOSTIA,C1,Bearing1_2,1,20,0.3333333333333333
PRONOSTIA,C1,Bearing1_2,1,20,0.03333333333333333
PRONOSTIA,C1,Bearing1_2,1,20,0.06666666666666667
PRONOSTIA,C1,Bearing1_2,1,20,0.016666666666666666
PRONOSTIA,C1,Bearing1_2,1,20,0.06666666666666667
PRONOSTIA,C1,Bearing1_2,1,20,0.26666666666666666
PRONOSTIA,C1,Bearing1_2,1,20,0.03333333333333333
PRONOSTIA,C1,Bearing1_2,1,20,0.016666666666666666
PRONOSTIA,C1,Bearing1_2,1,20,0.03333333333333333
PRONOSTIA,C1,Bearing1_2,1,20,0.03333333333333333
PRONOSTIA,C1,Bearing1_2,1,20,0.06666666666666667
PRONOSTIA,C1,Bearing1_2,1,20,0.13333333333333333
PRONOSTIA,C1,Bearing1_2,1,20,0.08333333333333333
PRONOSTIA,C1,Bearing1_2,1,20,0.43333333333333335
PRONOSTIA,C1,Bearing1_2,1,20,0.05
PRONOSTIA,C1,Bearing1_2,1,20,0.0
PRONOSTIA,C1,Bearing1_2,1,20,0.1
PRONOSTIA,C1,Bearing1_2,1,20,0.43333333333333335
PRONOSTIA,C1,Bearing1_2,1,20,0.05
PRONOSTIA,C1,Bearing1_2,1,20,0.03333333333333333
PRONOSTIA,C1,Bearing1_2,1,20,0.0
PRONOSTIA,C1,Bearing1_2,1,20,0.03333333333333333
PRONOSTIA,C1,Bearing1_2,1,20,0.08333333333333333
PRONOSTIA,C1,Bearing1_2,1,20,0.08333333333333333
PRONOSTIA,C1,Bearing1_2,1,20,0.03333333333333333
PRONOSTIA,C1,Bearing1_2,1,20,0.06666666666666667
PRONOSTIA,C1,Bearing1_2,1,20,0.5166666666666667
PRONOSTIA,C1,Bearing1_2,1,20,0.03333333333333333
PRONOSTIA,C1,Bearing1_2,1,20,0.6166666666666667
PRONOSTIA,C1,Bearing1_2,1,20,0.16666666666666666
PRONOSTIA,C1,Bearing1_2,1,20,0.05
PRONOSTIA,C1,Bearing1_2,1,20,0.0
PRONOSTIA,C1,Bearing1_2,1,20,0.06666666666666667
PRONOSTIA,C1,Bearing1_2,1,20,0.05
PRONOSTIA,C1,Bearing1_2,1,20,0.0
PRONOSTIA,C1,Bearing1_2,2,20,0.016666666666666666
PRONOSTIA,C1,Bearing1_2,2,20,0.016666666666666666
PRONOSTIA,C1,Bearing1_2,2,20,0.016666666666666666
PRONOSTIA,C1,Bearing1_2,2,20,0.1
PRONOSTIA,C1,Bearing1_2,2,20,0.05
PRONOSTIA,C1,Bearing1_2,2,20,0.11666666666666667
PRONOSTIA,C1,Bearing1_2,2,20,0.03333333333333333
PRONOSTIA,C1,Bearing1_2,2,20,0.016666666666666666
PRONOSTIA,C1,Bearing1_2,2,20,0.016666666666666666
PRONOSTIA,C1,Bearing1_2,2,20,0.016666666666666666
PRONOSTIA,C1,Bearing1_2,2,20,0.03333333333333333
PRONOSTIA,C1,Bearing1_2,2,20,0.1
PRONOSTIA,C1,Bearing1_2,2,20,0.016666666666666666
PRONOSTIA,C1,Bearing1_2,2,20,0.03333333333333333
PRONOSTIA,C1,Bearing1_2,2,20,0.06666666666666667
PRONOSTIA,C1,Bearing1_2,2,20,0.05
PRONOSTIA,C1,Bearing1_2,2,20,0.03333333333333333
PRONOSTIA,C1,Bearing1_2,2,20,0.16666666666666666
PRONOSTIA,C1,Bearing1_2,2,20,0.0
PRONOSTIA,C1,Bearing1_2,2,20,0.03333333333333333
PRONOSTIA,C1,Bearing1_2,2,20,0.06666666666666667
PRONOSTIA,C1,Bearing1_2,2,20,0.03333333333333333
PRONOSTIA,C1,Bearing1_2,2,20,0.03333333333333333
PRONOSTIA,C1,Bearing1_2,2,20,0.016666666666666666
PRONOSTIA,C1,Bearing1_2,2,20,0.05
PRONOSTIA,C1,Bearing1_2,2,20,0.13333333333333333
PRONOSTIA,C1,Bearing1_2,2,20,0.06666666666666667
PRONOSTIA,C1,Bearing1_2,2,20,0.13333333333333333
PRONOSTIA,C1,Bearing1_2,2,20,0.21666666666666667
PRONOSTIA,C1,Bearing1_2,2,20,0.0
PRONOSTIA,C1,Bearing1_2,2,20,0.016666666666666666
PRONOSTIA,C1,Bearing1_2,2,20,0.08333333333333333
PRONOSTIA,C1,Bearing1_2,2,20,0.05
PRONOSTIA,C1,Bearing1_2,2,20,0.03333333333333333
PRONOSTIA,C1,Bearing1_2,2,20,0.0
PRONOSTIA,C1,Bearing1_2,2,20,0.21666666666666667
PRONOSTIA,C1,Bearing1_2,2,20,0.03333333333333333
PRONOSTIA,C1,Bearing1_2,2,20,0.05
PRONOSTIA,C1,Bearing1_2,2,20,0.03333333333333333
PRONOSTIA,C1,Bearing1_2,2,20,0.1
PRONOSTIA,C1,Bearing1_2,2,20,0.016666666666666666
PRONOSTIA,C1,Bearing1_2,2,20,0.05
PRONOSTIA,C1,Bearing1_2,2,20,0.16666666666666666
PRONOSTIA,C1,Bearing1_2,2,20,0.05
PRONOSTIA,C1,Bearing1_2,2,20,0.3333333333333333
PRONOSTIA,C1,Bearing1_2,2,20,0.0
PRONOSTIA,C1,Bearing1_2,2,20,0.11666666666666667
PRONOSTIA,C1,Bearing1_2,2,20,0.03333333333333333
PRONOSTIA,C1,Bearing1_2,2,20,0.03333333333333333
PRONOSTIA,C1,Bearing1_2,2,20,0.03333333333333333
PRONOSTIA,C1,Bearing1_2,3,18,0.0
PRONOSTIA,C1,Bearing1_2,3,18,0.06666666666666667
PRONOSTIA,C1,Bearing1_2,3,18,0.03333333333333333
PRONOSTIA,C1,Bearing1_2,3,18,0.03333333333333333
PRONOSTIA,C1,Bearing1_2,3,18,0.016666666666666666
PRONOSTIA,C1,Bearing1_2,3,18,0.0
PRONOSTIA,C1,Bearing1_2,3,18,0.016666666666666666
PRONOSTIA,C1,Bearing1_2,3,18,0.0
PRONOSTIA,C1,Bearing1_2,3,18,0.06666666666666667
PRONOSTIA,C1,Bearing1_2,3,18,0.13333333333333333
PRONOSTIA,C1,Bearing1_2,3,18,0.03333333333333333
PRONOSTIA,C1,Bearing1_2,3,18,0.03333333333333333
PRONOSTIA,C1,Bearing1_2,3,18,0.06666666666666667
PRONOSTIA,C1,Bearing1_2,3,18,0.03333333333333333
PRONOSTIA,C1,Bearing1_2,3,18,0.016666666666666666
PRONOSTIA,C1,Bearing1_2,3,18,0.11666666666666667
PRONOSTIA,C1,Bearing1_2,3,18,0.0
PRONOSTIA,C1,Bearing1_2,3,18,0.0
PRONOSTIA,C1,Bearing1_2,3,18,0.016666666666666666
PRONOSTIA,C1,Bearing1_2,3,18,0.3
PRONOSTIA,C1,Bearing1_2,3,18,0.08333333333333333
PRONOSTIA,C1,Bearing1_2,3,18,0.03333333333333333
PRONOSTIA,C1,Bearing1_2,3,18,0.0
PRONOSTIA,C1,Bearing1_2,3,18,0.03333333333333333
PRONOSTIA,C1,Bearing1_2,3,18,0.03333333333333333
PRONOSTIA,C1,Bearing1_2,3,18,0.03333333333333333
PRONOSTIA,C1,Bearing1_2,3,18,0.0
PRONOSTIA,C1,Bearing1_2,3,18,0.03333333333333333
PRONOSTIA,C1,Bearing1_2,3,18,0.18333333333333332
PRONOSTIA,C1,Bearing1_2,3,18,0.2
PRONOSTIA,C1,Bearing1_2,3,18,0.06666666666666667
PRONOSTIA,C1,Bearing1_2,3,18,0.05
PRONOSTIA,C1,Bearing1_2,3,18,0.25
PRONOSTIA,C1,Bearing1_2,3,18,0.016666666666666666
PRONOSTIA,C1,Bearing1_2,3,18,0.0
PRONOSTIA,C1,Bearing1_2,3,18,0.1
PRONOSTIA,C1,Bearing1_2,3,18,0.03333333333333333
PRONOSTIA,C1,Bearing1_2,3,18,0.0
PRONOSTIA,C1,Bearing1_2,3,18,0.08333333333333333
PRONOSTIA,C1,Bearing1_2,3,18,0.03333333333333333
PRONOSTIA,C1,Bearing1_2,3,18,0.0
PRONOSTIA,C1,Bearing1_2,3,18,0.03333333333333333
PRONOSTIA,C1,Bearing1_2,3,18,0.03333333333333333
PRONOSTIA,C1,Bearing1_2,3,18,0.05
PRONOSTIA,C1,Bearing1_2,3,18,0.016666666666666666
PRONOSTIA,C1,Bearing1_2,3,18,0.03333333333333333
PRONOSTIA,C1,Bearing1_2,3,18,0.03333333333333333
PRONOSTIA,C1,Bearing1_2,3,18,0.06666666666666667
PRONOSTIA,C1,Bearing1_2,3,18,0.016666666666666666
PRONOSTIA,C1,Bearing1_2,3,18,0.05
PRONOSTIA,C1,Bearing1_2,4,20,0.016666666666666666
PRONOSTIA,C1,Bearing1_2,4,20,0.05
PRONOSTIA,C1,Bearing1_2,4,20,0.03333333333333333
PRONOSTIA,C1,Bearing1_2,4,20,0.03333333333333333
PRONOSTIA,C1,Bearing1_2,4,20,0.03333333333333333
PRONOSTIA,C1,Bearing1_2,4,20,0.016666666666666666
PRONOSTIA,C1,Bearing1_2,4,20,0.05
PRONOSTIA,C1,Bearing1_2,4,20,0.016666666666666666
PRONOSTIA,C1,Bearing1_2,4,20,0.03333333333333333
PRONOSTIA,C1,Bearing1_2,4,20,0.03333333333333333
PRONOSTIA,C1,Bearing1_2,4,20,0.13333333333333333
PRONOSTIA,C1,Bearing1_2,4,20,0.05
PRONOSTIA,C1,Bearing1_2,4,20,0.13333333333333333
PRONOSTIA,C1,Bearing1_2,4,20,0.03333333333333333
PRONOSTIA,C1,Bearing1_2,4,20,0.18333333333333332
PRONOSTIA,C1,Bearing1_2,4,20,0.1
PRONOSTIA,C1,Bearing1_2,4,20,0.016666666666666666
PRONOSTIA,C1,Bearing1_2,4,20,0.03333333333333333
PRONOSTIA,C1,Bearing1_2,4,20,0.05
PRONOSTIA,C1,Bearing1_2,4,20,0.03333333333333333
PRONOSTIA,C1,Bearing1_2,4,20,0.03333333333333333
PRONOSTIA,C1,Bearing1_2,4,20,0.016666666666666666
PRONOSTIA,C1,Bearing1_2,4,20,0.03333333333333333
PRONOSTIA,C1,Bearing1_2,4,20,0.08333333333333333
PRONOSTIA,C1,Bearing1_2,4,20,0.05
PRONOSTIA,C1,Bearing1_2,4,20,0.016666666666666666
PRONOSTIA,C1,Bearing1_2,4,20,0.016666666666666666
PRONOSTIA,C1,Bearing1_2,4,20,0.03333333333333333
PRONOSTIA,C1,Bearing1_2,4,20,0.0
PRONOSTIA,C1,Bearing1_2,4,20,0.06666666666666667
PRONOSTIA,C1,Bearing1_2,4,20,0.0
PRONOSTIA,C1,Bearing1_2,4,20,0.06666666666666667
PRONOSTIA,C1,Bearing1_2,4,20,0.016666666666666666
PRONOSTIA,C1,Bearing1_2,4,20,0.0
PRONOSTIA,C1,Bearing1_2,4,20,0.03333333333333333
PRONOSTIA,C1,Bearing1_2,4,20,0.03333333333333333
PRONOSTIA,C1,Bearing1_2,4,20,0.03333333333333333
PRONOSTIA,C1,Bearing1_2,4,20,0.05
PRONOSTIA,C1,Bearing1_2,4,20,0.1
PRONOSTIA,C1,Bearing1_2,4,20,0.0
PRONOSTIA,C1,Bearing1_2,4,20,0.016666666666666666
PRONOSTIA,C1,Bearing1_2,4,20,0.0
PRONOSTIA,C1,Bearing1_2,4,20,0.03333333333333333
PRONOSTIA,C1,Bearing1_2,4,20,0.08333333333333333
PRONOSTIA,C1,Bearing1_2,4,20,0.15
PRONOSTIA,C1,Bearing1_2,4,20,0.03333333333333333
PRONOSTIA,C1,Bearing1_2,4,20,0.03333333333333333
PRONOSTIA,C1,Bearing1_2,4,20,0.03333333333333333
PRONOSTIA,C1,Bearing1_2,4,20,0.05
PRONOSTIA,C1,Bearing1_2,4,20,0.06666666666666667
PRONOSTIA,C1,Bearing1_3,1,20,0.016666666666666666
PRONOSTIA,C1,Bearing1_3,1,20,0.0
PRONOSTIA,C1,Bearing1_3,1,20,0.6166666666666667
PRONOSTIA,C1,Bearing1_3,1,20,0.5333333333333333
PRONOSTIA,C1,Bearing1_3,1,20,0.11666666666666667
PRONOSTIA,C1,Bearing1_3,1,20,0.5666666666666667
PRONOSTIA,C1,Bearing1_3,1,20,0.03333333333333333
PRONOSTIA,C1,Bearing1_3,1,20,0.016666666666666666
PRONOSTIA,C1,Bearing1_3,1,20,0.26666666666666666
PRONOSTIA,C1,Bearing1_3,1,20,0.016666666666666666
PRONOSTIA,C1,Bearing1_3,1,20,0.11666666666666667
PRONOSTIA,C1,Bearing1_3,1,20,0.35
PRONOSTIA,C1,Bearing1_3,1,20,0.18333333333333332
PRONOSTIA,C1,Bearing1_3,1,20,0.2
PRONOSTIA,C1,Bearing1_3,1,20,0.7666666666666667
PRONOSTIA,C1,Bearing1_3,1,20,0.2833333333333333
PRONOSTIA,C1,Bearing1_3,1,20,0.6166666666666667
PRONOSTIA,C1,Bearing1_3,1,20,0.23333333333333334
PRONOSTIA,C1,Bearing1_3,1,20,0.016666666666666666
PRONOSTIA,C1,Bearing1_3,1,20,0.23333333333333334
PRONOSTIA,C1,Bearing1_3,1,20,0.03333333333333333
PRONOSTIA,C1,Bearing1_3,1,20,0.0
PRONOSTIA,C1,Bearing1_3,1,20,0.15
PRONOSTIA,C1,Bearing1_3,1,20,0.05
PRONOSTIA,C1,Bearing1_3,1,20,0.8833333333333333
PRONOSTIA,C1,Bearing1_3,1,20,0.16666666666666666
PRONOSTIA,C1,Bearing1_3,1,20,0.03333333333333333
PRONOSTIA,C1,Bearing1_3,1,20,0.1
PRONOSTIA,C1,Bearing1_3,1,20,0.7166666666666667
PRONOSTIA,C1,Bearing1_3,1,20,0.016666666666666666
PRONOSTIA,C1,Bearing1_3,1,20,0.4166666666666667
PRONOSTIA,C1,Bearing1_3,1,20,0.0
PRONOSTIA,C1,Bearing1_3,1,20,0.25
PRONOSTIA,C1,Bearing1_3,1,20,0.03333333333333333
PRONOSTIA,C1,Bearing1_3,1,20,0.0
PRONOSTIA,C1,Bearing1_3,1,20,0.35
PRONOSTIA,C1,Bearing1_3,1,20,0.26666666666666666
PRONOSTIA,C1,Bearing1_3,1,20,0.6166666666666667
PRONOSTIA,C1,Bearing1_3,1,20,0.03333333333333333
PRONOSTIA,C1,Bearing1_3,1,20,0.21666666666666667
PRONOSTIA,C1,Bearing1_3,1,20,0.23333333333333334
PRONOSTIA,C1,Bearing1_3,1,20,0.03333333333333333
PRONOSTIA,C1,Bearing1_3,1,20,0.21666666666666667
PRONOSTIA,C1,Bearing1_3,1,20,0.016666666666666666
PRONOSTIA,C1,Bearing1_3,1,20,0.05
PRONOSTIA,C1,Bearing1_3,1,20,0.016666666666666666
PRONOSTIA,C1,Bearing1_3,1,20,0.016666666666666666
PRONOSTIA,C1,Bearing1_3,1,20,0.55
PRONOSTIA,C1,Bearing1_3,1,20,0.0
PRONOSTIA,C1,Bearing1_3,1,20,0.55
PRONOSTIA,C1,Bearing1_3,2,20,0.05
PRONOSTIA,C1,Bearing1_3,2,20,0.18333333333333332
PRONOSTIA,C1,Bearing1_3,2,20,0.26666666666666666
PRONOSTIA,C1,Bearing1_3,2,20,0.5833333333333334
PRONOSTIA,C1,Bearing1_3,2,20,0.0
PRONOSTIA,C1,Bearing1_3,2,20,0.38333333333333336
PRONOSTIA,C1,Bearing1_3,2,20,0.15
PRONOSTIA,C1,Bearing1_3,2,20,0.2
PRONOSTIA,C1,Bearing1_3,2,20,0.15
PRONOSTIA,C1,Bearing1_3,2,20,0.0
PRONOSTIA,C1,Bearing1_3,2,20,0.0
PRONOSTIA,C1,Bearing1_3,2,20,0.5166666666666667
PRONOSTIA,C1,Bearing1_3,2,20,0.26666666666666666
PRONOSTIA,C1,Bearing1_3,2,20,0.0
PRONOSTIA,C1,Bearing1_3,2,20,0.13333333333333333
PRONOSTIA,C1,Bearing1_3,2,20,0.0
PRONOSTIA,C1,Bearing1_3,2,20,0.0
PRONOSTIA,C1,Bearing1_3,2,20,0.016666666666666666
PRONOSTIA,C1,Bearing1_3,2,20,0.08333333333333333
PRONOSTIA,C1,Bearing1_3,2,20,0.16666666666666666
PRONOSTIA,C1,Bearing1_3,2,20,0.31666666666666665
PRONOSTIA,C1,Bearing1_3,2,20,0.0
PRONOSTIA,C1,Bearing1_3,2,20,0.0
PRONOSTIA,C1,Bearing1_3,2,20,0.016666666666666666
PRONOSTIA,C1,Bearing1_3,2,20,0.016666666666666666
PRONOSTIA,C1,Bearing1_3,2,20,0.11666666666666667
PRONOSTIA,C1,Bearing1_3,2,20,0.16666666666666666
PRONOSTIA,C1,Bearing1_3,2,20,0.13333333333333333
PRONOSTIA,C1,Bearing1_3,2,20,0.0
PRONOSTIA,C1,Bearing1_3,2,20,0.1
PRONOSTIA,C1,Bearing1_3,2,20,0.3333333333333333
PRONOSTIA,C1,Bearing1_3,2,20,0.0
PRONOSTIA,C1,Bearing1_3,2,20,0.08333333333333333
PRONOSTIA,C1,Bearing1_3,2,20,0.0
PRONOSTIA,C1,Bearing1_3,2,20,0.13333333333333333
PRONOSTIA,C1,Bearing1_3,2,20,0.06666666666666667
PRONOSTIA,C1,Bearing1_3,2,20,0.1
PRONOSTIA,C1,Bearing1_3,2,20,0.4166666666666667
PRONOSTIA,C1,Bearing1_3,2,20,0.0
PRONOSTIA,C1,Bearing1_3,2,20,0.16666666666666666
PRONOSTIA,C1,Bearing1_3,2,20,0.31666666666666665
PRONOSTIA,C1,Bearing1_3,2,20,0.11666666666666667
PRONOSTIA,C1,Bearing1_3,2,20,0.08333333333333333
PRONOSTIA,C1,Bearing1_3,2,20,0.016666666666666666
PRONOSTIA,C1,Bearing1_3,2,20,0.18333333333333332
PRONOSTIA,C1,Bearing1_3,2,20,0.2
PRONOSTIA,C1,Bearing1_3,2,20,0.5
PRONOSTIA,C1,Bearing1_3,2,20,0.03333333333333333
PRONOSTIA,C1,Bearing1_3,2,20,0.13333333333333333
PRONOSTIA,C1,Bearing1_3,2,20,0.0
PRONOSTIA,C1,Bearing1_3,3,18,0.16666666666666666
PRONOSTIA,C1,Bearing1_3,3,18,0.13333333333333333
PRONOSTIA,C1,Bearing1_3,3,18,0.0
PRONOSTIA,C1,Bearing1_3,3,18,0.25
PRONOSTIA,C1,Bearing1_3,3,18,0.11666666666666667
PRONOSTIA,C1,Bearing1_3,3,18,0.13333333333333333
PRONOSTIA,C1,Bearing1_3,3,18,0.1
PRONOSTIA,C1,Bearing1_3,3,18,0.03333333333333333
PRONOSTIA,C1,Bearing1_3,3,18,0.1
PRONOSTIA,C1,Bearing1_3,3,18,0.016666666666666666
PRONOSTIA,C1,Bearing1_3,3,18,0.08333333333333333
PRONOSTIA,C1,Bearing1_3,3,18,0.1
PRONOSTIA,C1,Bearing1_3,3,18,0.0
PRONOSTIA,C1,Bearing1_3,3,18,0.016666666666666666
PRONOSTIA,C1,Bearing1_3,3,18,0.11666666666666667
PRONOSTIA,C1,Bearing1_3,3,18,0.13333333333333333
PRONOSTIA,C1,Bearing1_3,3,18,0.21666666666666667
PRONOSTIA,C1,Bearing1_3,3,18,0.016666666666666666
PRONOSTIA,C1,Bearing1_3,3,18,0.03333333333333333
PRONOSTIA,C1,Bearing1_3,3,18,0.0
PRONOSTIA,C1,Bearing1_3,3,18,0.06666666666666667
PRONOSTIA,C1,Bearing1_3,3,18,0.05
PRONOSTIA,C1,Bearing1_3,3,18,0.06666666666666667
PRONOSTIA,C1,Bearing1_3,3,18,0.03333333333333333
PRONOSTIA,C1,Bearing1_3,3,18,0.25
PRONOSTIA,C1,Bearing1_3,3,18,0.0
PRONOSTIA,C1,Bearing1_3,3,18,0.16666666666666666
PRONOSTIA,C1,Bearing1_3,3,18,0.03333333333333333
PRONOSTIA,C1,Bearing1_3,3,18,0.016666666666666666
PRONOSTIA,C1,Bearing1_3,3,18,0.11666666666666667
PRONOSTIA,C1,Bearing1_3,3,18,0.16666666666666666
PRONOSTIA,C1,Bearing1_3,3,18,0.18333333333333332
PRONOSTIA,C1,Bearing1_3,3,18,0.0
PRONOSTIA,C1,Bearing1_3,3,18,0.13333333333333333
PRONOSTIA,C1,Bearing1_3,3,18,0.0
PRONOSTIA,C1,Bearing1_3,3,18,0.0
PRONOSTIA,C1,Bearing1_3,3,18,0.03333333333333333
PRONOSTIA,C1,Bearing1_3,3,18,0.16666666666666666
PRONOSTIA,C1,Bearing1_3,3,18,0.0
PRONOSTIA,C1,Bearing1_3,3,18,0.3333333333333333
PRONOSTIA,C1,Bearing1_3,3,18,0.016666666666666666
PRONOSTIA,C1,Bearing1_3,3,18,0.0
PRONOSTIA,C1,Bearing1_3,3,18,0.16666666666666666
PRONOSTIA,C1,Bearing1_3,3,18,0.4166666666666667
PRONOSTIA,C1,Bearing1_3,3,18,0.0
PRONOSTIA,C1,Bearing1_3,3,18,0.08333333333333333
PRONOSTIA,C1,Bearing1_3,3,18,0.11666666666666667
PRONOSTIA,C1,Bearing1_3,3,18,0.18333333333333332
PRONOSTIA,C1,Bearing1_3,3,18,0.08333333333333333
PRONOSTIA,C1,Bearing1_3,3,18,0.06666666666666667
PRONOSTIA,C1,Bearing1_3,4,20,0.0
PRONOSTIA,C1,Bearing1_3,4,20,0.16666666666666666
PRONOSTIA,C1,Bearing1_3,4,20,0.11666666666666667
PRONOSTIA,C1,Bearing1_3,4,20,0.016666666666666666
PRONOSTIA,C1,Bearing1_3,4,20,0.03333333333333333
PRONOSTIA,C1,Bearing1_3,4,20,0.05
PRONOSTIA,C1,Bearing1_3,4,20,0.0
PRONOSTIA,C1,Bearing1_3,4,20,0.05
PRONOSTIA,C1,Bearing1_3,4,20,0.0
PRONOSTIA,C1,Bearing1_3,4,20,0.1
PRONOSTIA,C1,Bearing1_3,4,20,0.05
PRONOSTIA,C1,Bearing1_3,4,20,0.08333333333333333
PRONOSTIA,C1,Bearing1_3,4,20,0.016666666666666666
PRONOSTIA,C1,Bearing1_3,4,20,0.016666666666666666
PRONOSTIA,C1,Bearing1_3,4,20,0.13333333333333333
PRONOSTIA,C1,Bearing1_3,4,20,0.1
PRONOSTIA,C1,Bearing1_3,4,20,0.06666666666666667
PRONOSTIA,C1,Bearing1_3,4,20,0.13333333333333333
PRONOSTIA,C1,Bearing1_3,4,20,0.13333333333333333
PRONOSTIA,C1,Bearing1_3,4,20,0.16666666666666666
PRONOSTIA,C1,Bearing1_3,4,20,0.08333333333333333
PRONOSTIA,C1,Bearing1_3,4,20,0.16666666666666666
PRONOSTIA,C1,Bearing1_3,4,20,0.06666666666666667
PRONOSTIA,C1,Bearing1_3,4,20,0.23333333333333334
PRONOSTIA,C1,Bearing1_3,4,20,0.13333333333333333
PRONOSTIA,C1,Bearing1_3,4,20,0.03333333333333333
PRONOSTIA,C1,Bearing1_3,4,20,0.016666666666666666
PRONOSTIA,C1,Bearing1_3,4,20,0.05
PRONOSTIA,C1,Bearing1_3,4,20,0.05
PRONOSTIA,C1,Bearing1_3,4,20,0.0
PRONOSTIA,C1,Bearing1_3,4,20,0.016666666666666666
PRONOSTIA,C1,Bearing1_3,4,20,0.0
PRONOSTIA,C1,Bearing1_3,4,20,0.016666666666666666
PRONOSTIA,C1,Bearing1_3,4,20,0.06666666666666667
PRONOSTIA,C1,Bearing1_3,4,20,0.05
PRONOSTIA,C1,Bearing1_3,4,20,0.016666666666666666
PRONOSTIA,C1,Bearing1_3,4,20,0.016666666666666666
PRONOSTIA,C1,Bearing1_3,4,20,0.06666666666666667
PRONOSTIA,C1,Bearing1_3,4,20,0.2
PRONOSTIA,C1,Bearing1_3,4,20,0.15
PRONOSTIA,C1,Bearing1_3,4,20,0.1
PRONOSTIA,C1,Bearing1_3,4,20,0.0
PRONOSTIA,C1,Bearing1_3,4,20,0.2
PRONOSTIA,C1,Bearing1_3,4,20,0.18333333333333332
PRONOSTIA,C1,Bearing1_3,4,20,0.0
PRONOSTIA,C1,Bearing1_3,4,20,0.13333333333333333
PRONOSTIA,C1,Bearing1_3,4,20,0.13333333333333333
PRONOSTIA,C1,Bearing1_3,4,20,0.05
PRONOSTIA,C1,Bearing1_3,4,20,0.2
PRONOSTIA,C1,Bearing1_3,4,20,0.016666666666666666
PRONOSTIA,C1,Bearing1_4,1,20,0.9666666666666667
PRONOSTIA,C1,Bearing1_4,1,20,0.0
PRONOSTIA,C1,Bearing1_4,1,20,0.25
PRONOSTIA,C1,Bearing1_4,1,20,0.0
PRONOSTIA,C1,Bearing1_4,1,20,0.0
PRONOSTIA,C1,Bearing1_4,1,20,0.0
PRONOSTIA,C1,Bearing1_4,1,20,0.11666666666666667
PRONOSTIA,C1,Bearing1_4,1,20,0.2833333333333333
PRONOSTIA,C1,Bearing1_4,1,20,0.0
PRONOSTIA,C1,Bearing1_4,1,20,0.0
PRONOSTIA,C1,Bearing1_4,1,20,0.0
PRONOSTIA,C1,Bearing1_4,1,20,0.0
PRONOSTIA,C1,Bearing1_4,1,20,0.23333333333333334
PRONOSTIA,C1,Bearing1_4,1,20,0.0
PRONOSTIA,C1,Bearing1_4,1,20,0.05
PRONOSTIA,C1,Bearing1_4,1,20,0.16666666666666666
PRONOSTIA,C1,Bearing1_4,1,20,0.0
PRONOSTIA,C1,Bearing1_4,1,20,0.0
PRONOSTIA,C1,Bearing1_4,1,20,0.45
PRONOSTIA,C1,Bearing1_4,1,20,0.0
PRONOSTIA,C1,Bearing1_4,1,20,0.0
PRONOSTIA,C1,Bearing1_4,1,20,0.0
PRONOSTIA,C1,Bearing1_4,1,20,0.0
PRONOSTIA,C1,Bearing1_4,1,20,0.0
PRONOSTIA,C1,Bearing1_4,1,20,0.0
PRONOSTIA,C1,Bearing1_4,1,20,0.0
PRONOSTIA,C1,Bearing1_4,1,20,0.0
PRONOSTIA,C1,Bearing1_4,1,20,0.0
PRONOSTIA,C1,Bearing1_4,1,20,0.0
PRONOSTIA,C1,Bearing1_4,1,20,0.0
PRONOSTIA,C1,Bearing1_4,1,20,0.4166666666666667
PRONOSTIA,C1,Bearing1_4,1,20,0.5
PRONOSTIA,C1,Bearing1_4,1,20,0.8833333333333333
PRONOSTIA,C1,Bearing1_4,1,20,0.0
PRONOSTIA,C1,Bearing1_4,1,20,0.0
PRONOSTIA,C1,Bearing1_4,1,20,0.0
PRONOSTIA,C1,Bearing1_4,1,20,0.7
PRONOSTIA,C1,Bearing1_4,1,20,0.8166666666666667
PRONOSTIA,C1,Bearing1_4,1,20,0.0
PRONOSTIA,C1,Bearing1_4,1,20,0.0
PRONOSTIA,C1,Bearing1_4,1,20,0.0
PRONOSTIA,C1,Bearing1_4,1,20,0.0
PRONOSTIA,C1,Bearing1_4,1,20,0.0
PRONOSTIA,C1,Bearing1_4,1,20,0.0
PRONOSTIA,C1,Bearing1_4,1,20,0.23333333333333334
PRONOSTIA,C1,Bearing1_4,1,20,0.0
PRONOSTIA,C1,Bearing1_4,1,20,0.0
PRONOSTIA,C1,Bearing1_4,1,20,0.1
PRONOSTIA,C1,Bearing1_4,1,20,0.0
PRONOSTIA,C1,Bearing1_4,1,20,0.0
PRONOSTIA,C1,Bearing1_4,2,20,0.0
PRONOSTIA,C1,Bearing1_4,2,20,0.0
PRONOSTIA,C1,Bearing1_4,2,20,0.0
PRONOSTIA,C1,Bearing1_4,2,20,0.0
PRONOSTIA,C1,Bearing1_4,2,20,0.2
PRONOSTIA,C1,Bearing1_4,2,20,0.26666666666666666
PRONOSTIA,C1,Bearing1_4,2,20,0.0
PRONOSTIA,C1,Bearing1_4,2,20,0.0
PRONOSTIA,C1,Bearing1_4,2,20,0.0
PRONOSTIA,C1,Bearing1_4,2,20,0.0
PRONOSTIA,C1,Bearing1_4,2,20,0.31666666666666665
PRONOSTIA,C1,Bearing1_4,2,20,0.0
PRONOSTIA,C1,Bearing1_4,2,20,0.0
PRONOSTIA,C1,Bearing1_4,2,20,0.0
PRONOSTIA,C1,Bearing1_4,2,20,0.0
PRONOSTIA,C1,Bearing1_4,2,20,0.05
PRONOSTIA,C1,Bearing1_4,2,20,0.0
PRONOSTIA,C1,Bearing1_4,2,20,0.0
PRONOSTIA,C1,Bearing1_4,2,20,0.0
PRONOSTIA,C1,Bearing1_4,2,20,0.0
PRONOSTIA,C1,Bearing1_4,2,20,0.0
PRONOSTIA,C1,Bearing1_4,2,20,0.0
PRONOSTIA,C1,Bearing1_4,2,20,0.0
PRONOSTIA,C1,Bearing1_4,2,20,0.0
PRONOSTIA,C1,Bearing1_4,2,20,0.0
PRONOSTIA,C1,Bearing1_4,2,20,0.0
PRONOSTIA,C1,Bearing1_4,2,20,0.0
PRONOSTIA,C1,Bearing1_4,2,20,0.0
PRONOSTIA,C1,Bearing1_4,2,20,0.0
PRONOSTIA,C1,Bearing1_4,2,20,0.0
PRONOSTIA,C1,Bearing1_4,2,20,0.0
PRONOSTIA,C1,Bearing1_4,2,20,0.0
PRONOSTIA,C1,Bearing1_4,2,20,0.0
PRONOSTIA,C1,Bearing1_4,2,20,0.0
PRONOSTIA,C1,Bearing1_4,2,20,0.0
PRONOSTIA,C1,Bearing1_4,2,20,0.0
PRONOSTIA,C1,Bearing1_4,2,20,0.0
PRONOSTIA,C1,Bearing1_4,2,20,0.0
PRONOSTIA,C1,Bearing1_4,2,20,0.0
PRONOSTIA,C1,Bearing1_4,2,20,0.0
PRONOSTIA,C1,Bearing1_4,2,20,0.0
PRONOSTIA,C1,Bearing1_4,2,20,0.0
PRONOSTIA,C1,Bearing1_4,2,20,0.0
PRONOSTIA,C1,Bearing1_4,2,20,0.0
PRONOSTIA,C1,Bearing1_4,2,20,0.0
PRONOSTIA,C1,Bearing1_4,2,20,0.0
PRONOSTIA,C1,Bearing1_4,2,20,0.0
PRONOSTIA,C1,Bearing1_4,2,20,0.0
PRONOSTIA,C1,Bearing1_4,2,20,0.18333333333333332
PRONOSTIA,C1,Bearing1_4,2,20,0.0
PRONOSTIA,C1,Bearing1_4,3,18,0.0
PRONOSTIA,C1,Bearing1_4,3,18,0.016666666666666666
PRONOSTIA,C1,Bearing1_4,3,18,0.0
PRONOSTIA,C1,Bearing1_4,3,18,0.0
PRONOSTIA,C1,Bearing1_4,3,18,0.0
PRONOSTIA,C1,Bearing1_4,3,18,0.0
PRONOSTIA,C1,Bearing1_4,3,18,0.0
PRONOSTIA,C1,Bearing1_4,3,18,0.0
PRONOSTIA,C1,Bearing1_4,3,18,0.0
PRONOSTIA,C1,Bearing1_4,3,18,0.0
PRONOSTIA,C1,Bearing1_4,3,18,0.0
PRONOSTIA,C1,Bearing1_4,3,18,0.0
PRONOSTIA,C1,Bearing1_4,3,18,0.0
PRONOSTIA,C1,Bearing1_4,3,18,0.0
PRONOSTIA,C1,Bearing1_4,3,18,0.6666666666666666
PRONOSTIA,C1,Bearing1_4,3,18,0.0
PRONOSTIA,C1,Bearing1_4,3,18,0.0
PRONOSTIA,C1,Bearing1_4,3,18,0.0
PRONOSTIA,C1,Bearing1_4,3,18,0.0
PRONOSTIA,C1,Bearing1_4,3,18,0.0
PRONOSTIA,C1,Bearing1_4,3,18,0.016666666666666666
PRONOSTIA,C1,Bearing1_4,3,18,0.0
PRONOSTIA,C1,Bearing1_4,3,18,0.0
PRONOSTIA,C1,Bearing1_4,3,18,0.0
PRONOSTIA,C1,Bearing1_4,3,18,0.0
PRONOSTIA,C1,Bearing1_4,3,18,0.0
PRONOSTIA,C1,Bearing1_4,3,18,0.0
PRONOSTIA,C1,Bearing1_4,3,18,0.0
PRONOSTIA,C1,Bearing1_4,3,18,0.0
PRONOSTIA,C1,Bearing1_4,3,18,0.0
PRONOSTIA,C1,Bearing1_4,3,18,0.0
PRONOSTIA,C1,Bearing1_4,3,18,0.0
PRONOSTIA,C1,Bearing1_4,3,18,0.0
PRONOSTIA,C1,Bearing1_4,3,18,0.0
PRONOSTIA,C1,Bearing1_4,3,18,0.0
PRONOSTIA,C1,Bearing1_4,3,18,0.0
PRONOSTIA,C1,Bearing1_4,3,18,0.0
PRONOSTIA,C1,Bearing1_4,3,18,0.0
PRONOSTIA,C1,Bearing1_4,3,18,0.0
PRONOSTIA,C1,Bearing1_4,3,18,0.0
PRONOSTIA,C1,Bearing1_4,3,18,0.0
PRONOSTIA,C1,Bearing1_4,3,18,0.0
PRONOSTIA,C1,Bearing1_4,3,18,0.0
PRONOSTIA,C1,Bearing1_4,3,18,0.0
PRONOSTIA,C1,Bearing1_4,3,18,0.0
PRONOSTIA,C1,Bearing1_4,3,18,0.0
PRONOSTIA,C1,Bearing1_4,3,18,0.0
PRONOSTIA,C1,Bearing1_4,3,18,0.0
PRONOSTIA,C1,Bearing1_4,3,18,0.0
PRONOSTIA,C1,Bearing1_4,3,18,0.0
PRONOSTIA,C1,Bearing1_4,4,20,0.0
PRONOSTIA,C1,Bearing1_4,4,20,0.0
PRONOSTIA,C1,Bearing1_4,4,20,0.0
PRONOSTIA,C1,Bearing1_4,4,20,0.0
PRONOSTIA,C1,Bearing1_4,4,20,0.0
PRONOSTIA,C1,Bearing1_4,4,20,0.0
PRONOSTIA,C1,Bearing1_4,4,20,0.0
PRONOSTIA,C1,Bearing1_4,4,20,0.0
PRONOSTIA,C1,Bearing1_4,4,20,0.0
PRONOSTIA,C1,Bearing1_4,4,20,0.0
PRONOSTIA,C1,Bearing1_4,4,20,0.0
PRONOSTIA,C1,Bearing1_4,4,20,0.0
PRONOSTIA,C1,Bearing1_4,4,20,0.0
PRONOSTIA,C1,Bearing1_4,4,20,0.0
PRONOSTIA,C1,Bearing1_4,4,20,0.0
PRONOSTIA,C1,Bearing1_4,4,20,0.26666666666666666
PRONOSTIA,C1,Bearing1_4,4,20,0.0
PRONOSTIA,C1,Bearing1_4,4,20,0.0
PRONOSTIA,C1,Bearing1_4,4,20,0.0
PRONOSTIA,C1,Bearing1_4,4,20,0.0
PRONOSTIA,C1,Bearing1_4,4,20,0.0
PRONOSTIA,C1,Bearing1_4,4,20,0.0
PRONOSTIA,C1,Bearing1_4,4,20,0.0
PRONOSTIA,C1,Bearing1_4,4,20,0.0
PRONOSTIA,C1,Bearing1_4,4,20,0.016666666666666666
PRONOSTIA,C1,Bearing1_4,4,20,0.0
PRONOSTIA,C1,Bearing1_4,4,20,0.0
PRONOSTIA,C1,Bearing1_4,4,20,0.0
PRONOSTIA,C1,Bearing1_4,4,20,0.08333333333333333
PRONOSTIA,C1,Bearing1_4,4,20,0.0
PRONOSTIA,C1,Bearing1_4,4,20,0.0
PRONOSTIA,C1,Bearing1_4,4,20,0.0
PRONOSTIA,C1,Bearing1_4,4,20,0.0
PRONOSTIA,C1,Bearing1_4,4,20,0.1
PRONOSTIA,C1,Bearing1_4,4,20,0.0
PRONOSTIA,C1,Bearing1_4,4,20,0.0
PRONOSTIA,C1,Bearing1_4,4,20,0.0
PRONOSTIA,C1,Bearing1_4,4,20,0.0
PRONOSTIA,C1,Bearing1_4,4,20,0.0
PRONOSTIA,C1,Bearing1_4,4,20,0.0
PRONOSTIA,C1,Bearing1_4,4,20,0.0
PRONOSTIA,C1,Bearing1_4,4,20,0.0
PRONOSTIA,C1,Bearing1_4,4,20,0.0
PRONOSTIA,C1,Bearing1_4,4,20,0.0
PRONOSTIA,C1,Bearing1_4,4,20,0.0
PRONOSTIA,C1,Bearing1_4,4,20,0.0
PRONOSTIA,C1,Bearing1_4,4,20,0.0
PRONOSTIA,C1,Bearing1_4,4,20,0.0
PRONOSTIA,C1,Bearing1_4,4,20,0.0
PRONOSTIA,C1,Bearing1_4,4,20,0.0
PRONOSTIA,C1,Bearing1_5,1,20,0.31666666666666665
PRONOSTIA,C1,Bearing1_5,1,20,0.0
PRONOSTIA,C1,Bearing1_5,1,20,0.0
PRONOSTIA,C1,Bearing1_5,1,20,0.48333333333333334
PRONOSTIA,C1,Bearing1_5,1,20,0.11666666666666667
PRONOSTIA,C1,Bearing1_5,1,20,0.0
PRONOSTIA,C1,Bearing1_5,1,20,0.0
PRONOSTIA,C1,Bearing1_5,1,20,0.0
PRONOSTIA,C1,Bearing1_5,1,20,0.5666666666666667
PRONOSTIA,C1,Bearing1_5,1,20,0.0
PRONOSTIA,C1,Bearing1_5,1,20,0.35
PRONOSTIA,C1,Bearing1_5,1,20,0.06666666666666667
PRONOSTIA,C1,Bearing1_5,1,20,0.0
PRONOSTIA,C1,Bearing1_5,1,20,0.0
PRONOSTIA,C1,Bearing1_5,1,20,0.0
PRONOSTIA,C1,Bearing1_5,1,20,0.23333333333333334
PRONOSTIA,C1,Bearing1_5,1,20,0.03333333333333333
PRONOSTIA,C1,Bearing1_5,1,20,0.0
PRONOSTIA,C1,Bearing1_5,1,20,0.6333333333333333
PRONOSTIA,C1,Bearing1_5,1,20,0.0
PRONOSTIA,C1,Bearing1_5,1,20,0.0
PRONOSTIA,C1,Bearing1_5,1,20,0.1
PRONOSTIA,C1,Bearing1_5,1,20,0.0
PRONOSTIA,C1,Bearing1_5,1,20,0.0
PRONOSTIA,C1,Bearing1_5,1,20,0.0
PRONOSTIA,C1,Bearing1_5,1,20,0.03333333333333333
PRONOSTIA,C1,Bearing1_5,1,20,0.03333333333333333
PRONOSTIA,C1,Bearing1_5,1,20,0.35
PRONOSTIA,C1,Bearing1_5,1,20,0.0
PRONOSTIA,C1,Bearing1_5,1,20,0.9166666666666666
PRONOSTIA,C1,Bearing1_5,1,20,0.5833333333333334
PRONOSTIA,C1,Bearing1_5,1,20,0.0
PRONOSTIA,C1,Bearing1_5,1,20,0.75
PRONOSTIA,C1,Bearing1_5,1,20,0.016666666666666666
PRONOSTIA,C1,Bearing1_5,1,20,0.0
PRONOSTIA,C1,Bearing1_5,1,20,0.11666666666666667
PRONOSTIA,C1,Bearing1_5,1,20,0.0
PRONOSTIA,C1,Bearing1_5,1,20,0.03333333333333333
PRONOSTIA,C1,Bearing1_5,1,20,0.45
PRONOSTIA,C1,Bearing1_5,1,20,0.03333333333333333
PRONOSTIA,C1,Bearing1_5,1,20,0.03333333333333333
PRONOSTIA,C1,Bearing1_5,1,20,0.0
PRONOSTIA,C1,Bearing1_5,1,20,0.03333333333333333
PRONOSTIA,C1,Bearing1_5,1,20,0.0
PRONOSTIA,C1,Bearing1_5,1,20,0.0
PRONOSTIA,C1,Bearing1_5,1,20,0.0
PRONOSTIA,C1,Bearing1_5,1,20,0.21666666666666667
PRONOSTIA,C1,Bearing1_5,1,20,0.03333333333333333
PRONOSTIA,C1,Bearing1_5,1,20,0.0
PRONOSTIA,C1,Bearing1_5,1,20,0.05
PRONOSTIA,C1,Bearing1_5,2,20,0.0
PRONOSTIA,C1,Bearing1_5,2,20,0.0
PRONOSTIA,C1,Bearing1_5,2,20,0.03333333333333333
PRONOSTIA,C1,Bearing1_5,2,20,0.0
PRONOSTIA,C1,Bearing1_5,2,20,0.0
PRONOSTIA,C1,Bearing1_5,2,20,0.016666666666666666
PRONOSTIA,C1,Bearing1_5,2,20,0.0
PRONOSTIA,C1,Bearing1_5,2,20,0.0
PRONOSTIA,C1,Bearing1_5,2,20,0.0
PRONOSTIA,C1,Bearing1_5,2,20,0.06666666666666667
PRONOSTIA,C1,Bearing1_5,2,20,0.0
PRONOSTIA,C1,Bearing1_5,2,20,0.016666666666666666
PRONOSTIA,C1,Bearing1_5,2,20,0.03333333333333333
PRONOSTIA,C1,Bearing1_5,2,20,0.016666666666666666
PRONOSTIA,C1,Bearing1_5,2,20,0.03333333333333333
PRONOSTIA,C1,Bearing1_5,2,20,0.03333333333333333
PRONOSTIA,C1,Bearing1_5,2,20,0.0
PRONOSTIA,C1,Bearing1_5,2,20,0.03333333333333333
PRONOSTIA,C1,Bearing1_5,2,20,0.0
PRONOSTIA,C1,Bearing1_5,2,20,0.0
PRONOSTIA,C1,Bearing1_5,2,20,0.05
PRONOSTIA,C1,Bearing1_5,2,20,0.0
PRONOSTIA,C1,Bearing1_5,2,20,0.03333333333333333
PRONOSTIA,C1,Bearing1_5,2,20,0.03333333333333333
PRONOSTIA,C1,Bearing1_5,2,20,0.016666666666666666
PRONOSTIA,C1,Bearing1_5,2,20,0.0
PRONOSTIA,C1,Bearing1_5,2,20,0.03333333333333333
PRONOSTIA,C1,Bearing1_5,2,20,0.016666666666666666
PRONOSTIA,C1,Bearing1_5,2,20,0.016666666666666666
PRONOSTIA,C1,Bearing1_5,2,20,0.0
PRONOSTIA,C1,Bearing1_5,2,20,0.0
PRONOSTIA,C1,Bearing1_5,2,20,0.06666666666666667
PRONOSTIA,C1,Bearing1_5,2,20,0.0
PRONOSTIA,C1,Bearing1_5,2,20,0.0
PRONOSTIA,C1,Bearing1_5,2,20,0.03333333333333333
PRONOSTIA,C1,Bearing1_5,2,20,0.0
PRONOSTIA,C1,Bearing1_5,2,20,0.0
PRONOSTIA,C1,Bearing1_5,2,20,0.0
PRONOSTIA,C1,Bearing1_5,2,20,0.0
PRONOSTIA,C1,Bearing1_5,2,20,0.0
PRONOSTIA,C1,Bearing1_5,2,20,0.0
PRONOSTIA,C1,Bearing1_5,2,20,0.0
PRONOSTIA,C1,Bearing1_5,2,20,0.05
PRONOSTIA,C1,Bearing1_5,2,20,0.0
PRONOSTIA,C1,Bearing1_5,2,20,0.016666666666666666
PRONOSTIA,C1,Bearing1_5,2,20,0.0
PRONOSTIA,C1,Bearing1_5,2,20,0.03333333333333333
PRONOSTIA,C1,Bearing1_5,2,20,0.016666666666666666
PRONOSTIA,C1,Bearing1_5,2,20,0.0
PRONOSTIA,C1,Bearing1_5,2,20,0.0
PRONOSTIA,C1,Bearing1_5,3,18,0.016666666666666666
PRONOSTIA,C1,Bearing1_5,3,18,0.016666666666666666
PRONOSTIA,C1,Bearing1_5,3,18,0.03333333333333333
PRONOSTIA,C1,Bearing1_5,3,18,0.08333333333333333
PRONOSTIA,C1,Bearing1_5,3,18,0.0
PRONOSTIA,C1,Bearing1_5,3,18,0.0
PRONOSTIA,C1,Bearing1_5,3,18,0.0
PRONOSTIA,C1,Bearing1_5,3,18,0.0
PRONOSTIA,C1,Bearing1_5,3,18,0.0
PRONOSTIA,C1,Bearing1_5,3,18,0.0
PRONOSTIA,C1,Bearing1_5,3,18,0.0
PRONOSTIA,C1,Bearing1_5,3,18,0.0
PRONOSTIA,C1,Bearing1_5,3,18,0.0
PRONOSTIA,C1,Bearing1_5,3,18,0.03333333333333333
PRONOSTIA,C1,Bearing1_5,3,18,0.0
PRONOSTIA,C1,Bearing1_5,3,18,0.03333333333333333
PRONOSTIA,C1,Bearing1_5,3,18,0.0
PRONOSTIA,C1,Bearing1_5,3,18,0.0
PRONOSTIA,C1,Bearing1_5,3,18,0.25
PRONOSTIA,C1,Bearing1_5,3,18,0.0
PRONOSTIA,C1,Bearing1_5,3,18,0.0
PRONOSTIA,C1,Bearing1_5,3,18,0.0
PRONOSTIA,C1,Bearing1_5,3,18,0.0
PRONOSTIA,C1,Bearing1_5,3,18,0.0
PRONOSTIA,C1,Bearing1_5,3,18,0.03333333333333333
PRONOSTIA,C1,Bearing1_5,3,18,0.03333333333333333
PRONOSTIA,C1,Bearing1_5,3,18,0.016666666666666666
PRONOSTIA,C1,Bearing1_5,3,18,0.016666666666666666
PRONOSTIA,C1,Bearing1_5,3,18,0.0
PRONOSTIA,C1,Bearing1_5,3,18,0.03333333333333333
PRONOSTIA,C1,Bearing1_5,3,18,0.03333333333333333
PRONOSTIA,C1,Bearing1_5,3,18,0.03333333333333333
PRONOSTIA,C1,Bearing1_5,3,18,0.0
PRONOSTIA,C1,Bearing1_5,3,18,0.0
PRONOSTIA,C1,Bearing1_5,3,18,0.0
PRONOSTIA,C1,Bearing1_5,3,18,0.13333333333333333
PRONOSTIA,C1,Bearing1_5,3,18,0.0
PRONOSTIA,C1,Bearing1_5,3,18,0.0
PRONOSTIA,C1,Bearing1_5,3,18,0.11666666666666667
PRONOSTIA,C1,Bearing1_5,3,18,0.016666666666666666
PRONOSTIA,C1,Bearing1_5,3,18,0.03333333333333333
PRONOSTIA,C1,Bearing1_5,3,18,0.0
PRONOSTIA,C1,Bearing1_5,3,18,0.03333333333333333
PRONOSTIA,C1,Bearing1_5,3,18,0.016666666666666666
PRONOSTIA,C1,Bearing1_5,3,18,0.03333333333333333
PRONOSTIA,C1,Bearing1_5,3,18,0.0
PRONOSTIA,C1,Bearing1_5,3,18,0.03333333333333333
PRONOSTIA,C1,Bearing1_5,3,18,0.03333333333333333
PRONOSTIA,C1,Bearing1_5,3,18,0.016666666666666666
PRONOSTIA,C1,Bearing1_5,3,18,0.03333333333333333
PRONOSTIA,C1,Bearing1_5,4,20,0.06666666666666667
PRONOSTIA,C1,Bearing1_5,4,20,0.03333333333333333
PRONOSTIA,C1,Bearing1_5,4,20,0.03333333333333333
PRONOSTIA,C1,Bearing1_5,4,20,0.03333333333333333
PRONOSTIA,C1,Bearing1_5,4,20,0.016666666666666666
PRONOSTIA,C1,Bearing1_5,4,20,0.0
PRONOSTIA,C1,Bearing1_5,4,20,0.0
PRONOSTIA,C1,Bearing1_5,4,20,0.016666666666666666
PRONOSTIA,C1,Bearing1_5,4,20,0.016666666666666666
PRONOSTIA,C1,Bearing1_5,4,20,0.18333333333333332
PRONOSTIA,C1,Bearing1_5,4,20,0.0
PRONOSTIA,C1,Bearing1_5,4,20,0.0
PRONOSTIA,C1,Bearing1_5,4,20,0.25
PRONOSTIA,C1,Bearing1_5,4,20,0.0
PRONOSTIA,C1,Bearing1_5,4,20,0.0
PRONOSTIA,C1,Bearing1_5,4,20,0.0
PRONOSTIA,C1,Bearing1_5,4,20,0.0
PRONOSTIA,C1,Bearing1_5,4,20,0.03333333333333333
PRONOSTIA,C1,Bearing1_5,4,20,0.016666666666666666
PRONOSTIA,C1,Bearing1_5,4,20,0.03333333333333333
PRONOSTIA,C1,Bearing1_5,4,20,0.0
PRONOSTIA,C1,Bearing1_5,4,20,0.016666666666666666
PRONOSTIA,C1,Bearing1_5,4,20,0.0
PRONOSTIA,C1,Bearing1_5,4,20,0.03333333333333333
PRONOSTIA,C1,Bearing1_5,4,20,0.016666666666666666
PRONOSTIA,C1,Bearing1_5,4,20,0.0
PRONOSTIA,C1,Bearing1_5,4,20,0.016666666666666666
PRONOSTIA,C1,Bearing1_5,4,20,0.0
PRONOSTIA,C1,Bearing1_5,4,20,0.016666666666666666
PRONOSTIA,C1,Bearing1_5,4,20,0.03333333333333333
PRONOSTIA,C1,Bearing1_5,4,20,0.03333333333333333
PRONOSTIA,C1,Bearing1_5,4,20,0.03333333333333333
PRONOSTIA,C1,Bearing1_5,4,20,0.016666666666666666
PRONOSTIA,C1,Bearing1_5,4,20,0.03333333333333333
PRONOSTIA,C1,Bearing1_5,4,20,0.016666666666666666
PRONOSTIA,C1,Bearing1_5,4,20,0.0
PRONOSTIA,C1,Bearing1_5,4,20,0.0
PRONOSTIA,C1,Bearing1_5,4,20,0.016666666666666666
PRONOSTIA,C1,Bearing1_5,4,20,0.0
PRONOSTIA,C1,Bearing1_5,4,20,0.0
PRONOSTIA,C1,Bearing1_5,4,20,0.0
PRONOSTIA,C1,Bearing1_5,4,20,0.03333333333333333
PRONOSTIA,C1,Bearing1_5,4,20,0.0
PRONOSTIA,C1,Bearing1_5,4,20,0.03333333333333333
PRONOSTIA,C1,Bearing1_5,4,20,0.0
PRONOSTIA,C1,Bearing1_5,4,20,0.0
PRONOSTIA,C1,Bearing1_5,4,20,0.03333333333333333
PRONOSTIA,C1,Bearing1_5,4,20,0.03333333333333333
PRONOSTIA,C1,Bearing1_5,4,20,0.016666666666666666
PRONOSTIA,C1,Bearing1_5,4,20,0.03333333333333333
PRONOSTIA,C1,Bearing1_6,1,20,0.7
PRONOSTIA,C1,Bearing1_6,1,20,0.26666666666666666
PRONOSTIA,C1,Bearing1_6,1,20,0.08333333333333333
PRONOSTIA,C1,Bearing1_6,1,20,0.6
PRONOSTIA,C1,Bearing1_6,1,20,0.11666666666666667
PRONOSTIA,C1,Bearing1_6,1,20,0.0
PRONOSTIA,C1,Bearing1_6,1,20,0.36666666666666664
PRONOSTIA,C1,Bearing1_6,1,20,0.15
PRONOSTIA,C1,Bearing1_6,1,20,0.6333333333333333
PRONOSTIA,C1,Bearing1_6,1,20,0.16666666666666666
PRONOSTIA,C1,Bearing1_6,1,20,0.8333333333333334
PRONOSTIA,C1,Bearing1_6,1,20,0.1
PRONOSTIA,C1,Bearing1_6,1,20,0.05
PRONOSTIA,C1,Bearing1_6,1,20,0.11666666666666667
PRONOSTIA,C1,Bearing1_6,1,20,0.5166666666666667
PRONOSTIA,C1,Bearing1_6,1,20,0.016666666666666666
PRONOSTIA,C1,Bearing1_6,1,20,0.7
PRONOSTIA,C1,Bearing1_6,1,20,0.016666666666666666
PRONOSTIA,C1,Bearing1_6,1,20,0.65
PRONOSTIA,C1,Bearing1_6,1,20,0.06666666666666667
PRONOSTIA,C1,Bearing1_6,1,20,0.06666666666666667
PRONOSTIA,C1,Bearing1_6,1,20,0.55
PRONOSTIA,C1,Bearing1_6,1,20,0.0
PRONOSTIA,C1,Bearing1_6,1,20,0.016666666666666666
PRONOSTIA,C1,Bearing1_6,1,20,0.65
PRONOSTIA,C1,Bearing1_6,1,20,0.8666666666666667
PRONOSTIA,C1,Bearing1_6,1,20,0.05
PRONOSTIA,C1,Bearing1_6,1,20,0.08333333333333333
PRONOSTIA,C1,Bearing1_6,1,20,0.31666666666666665
PRONOSTIA,C1,Bearing1_6,1,20,0.55
PRONOSTIA,C1,Bearing1_6,1,20,0.2833333333333333
PRONOSTIA,C1,Bearing1_6,1,20,0.6833333333333333
PRONOSTIA,C1,Bearing1_6,1,20,0.3
PRONOSTIA,C1,Bearing1_6,1,20,0.5833333333333334
PRONOSTIA,C1,Bearing1_6,1,20,0.7333333333333333
PRONOSTIA,C1,Bearing1_6,1,20,0.2833333333333333
PRONOSTIA,C1,Bearing1_6,1,20,0.35
PRONOSTIA,C1,Bearing1_6,1,20,0.31666666666666665
PRONOSTIA,C1,Bearing1_6,1,20,0.7666666666666667
PRONOSTIA,C1,Bearing1_6,1,20,0.7833333333333333
PRONOSTIA,C1,Bearing1_6,1,20,0.03333333333333333
PRONOSTIA,C1,Bearing1_6,1,20,0.18333333333333332
PRONOSTIA,C1,Bearing1_6,1,20,0.05
PRONOSTIA,C1,Bearing1_6,1,20,0.25
PRONOSTIA,C1,Bearing1_6,1,20,0.7166666666666667
PRONOSTIA,C1,Bearing1_6,1,20,0.6666666666666666
PRONOSTIA,C1,Bearing1_6,1,20,0.85
PRONOSTIA,C1,Bearing1_6,1,20,0.6
PRONOSTIA,C1,Bearing1_6,1,20,0.03333333333333333
PRONOSTIA,C1,Bearing1_6,1,20,0.75
PRONOSTIA,C1,Bearing1_6,2,20,0.23333333333333334
PRONOSTIA,C1,Bearing1_6,2,20,0.11666666666666667
PRONOSTIA,C1,Bearing1_6,2,20,0.7
PRONOSTIA,C1,Bearing1_6,2,20,0.6166666666666667
PRONOSTIA,C1,Bearing1_6,2,20,0.2833333333333333
PRONOSTIA,C1,Bearing1_6,2,20,0.2833333333333333
PRONOSTIA,C1,Bearing1_6,2,20,0.25
PRONOSTIA,C1,Bearing1_6,2,20,0.13333333333333333
PRONOSTIA,C1,Bearing1_6,2,20,0.0
PRONOSTIA,C1,Bearing1_6,2,20,0.03333333333333333
PRONOSTIA,C1,Bearing1_6,2,20,0.6166666666666667
PRONOSTIA,C1,Bearing1_6,2,20,0.06666666666666667
PRONOSTIA,C1,Bearing1_6,2,20,0.7666666666666667
PRONOSTIA,C1,Bearing1_6,2,20,0.21666666666666667
PRONOSTIA,C1,Bearing1_6,2,20,0.31666666666666665
PRONOSTIA,C1,Bearing1_6,2,20,0.05
PRONOSTIA,C1,Bearing1_6,2,20,0.11666666666666667
PRONOSTIA,C1,Bearing1_6,2,20,0.0
PRONOSTIA,C1,Bearing1_6,2,20,0.3
PRONOSTIA,C1,Bearing1_6,2,20,0.4
PRONOSTIA,C1,Bearing1_6,2,20,0.36666666666666664
PRONOSTIA,C1,Bearing1_6,2,20,0.26666666666666666
PRONOSTIA,C1,Bearing1_6,2,20,0.03333333333333333
PRONOSTIA,C1,Bearing1_6,2,20,0.03333333333333333
PRONOSTIA,C1,Bearing1_6,2,20,0.5166666666666667
PRONOSTIA,C1,Bearing1_6,2,20,0.55
PRONOSTIA,C1,Bearing1_6,2,20,0.05
PRONOSTIA,C1,Bearing1_6,2,20,0.43333333333333335
PRONOSTIA,C1,Bearing1_6,2,20,0.03333333333333333
PRONOSTIA,C1,Bearing1_6,2,20,0.7833333333333333
PRONOSTIA,C1,Bearing1_6,2,20,0.0
PRONOSTIA,C1,Bearing1_6,2,20,0.0
PRONOSTIA,C1,Bearing1_6,2,20,0.13333333333333333
PRONOSTIA,C1,Bearing1_6,2,20,0.5666666666666667
PRONOSTIA,C1,Bearing1_6,2,20,0.08333333333333333
PRONOSTIA,C1,Bearing1_6,2,20,0.25
PRONOSTIA,C1,Bearing1_6,2,20,0.05
PRONOSTIA,C1,Bearing1_6,2,20,0.2833333333333333
PRONOSTIA,C1,Bearing1_6,2,20,0.05
PRONOSTIA,C1,Bearing1_6,2,20,0.38333333333333336
PRONOSTIA,C1,Bearing1_6,2,20,0.0
PRONOSTIA,C1,Bearing1_6,2,20,0.0
PRONOSTIA,C1,Bearing1_6,2,20,0.03333333333333333
PRONOSTIA,C1,Bearing1_6,2,20,0.13333333333333333
PRONOSTIA,C1,Bearing1_6,2,20,0.0
PRONOSTIA,C1,Bearing1_6,2,20,0.21666666666666667
PRONOSTIA,C1,Bearing1_6,2,20,0.2
PRONOSTIA,C1,Bearing1_6,2,20,0.0
PRONOSTIA,C1,Bearing1_6,2,20,0.0
PRONOSTIA,C1,Bearing1_6,2,20,0.0
PRONOSTIA,C1,Bearing1_6,3,18,0.15
PRONOSTIA,C1,Bearing1_6,3,18,0.38333333333333336
PRONOSTIA,C1,Bearing1_6,3,18,0.03333333333333333
PRONOSTIA,C1,Bearing1_6,3,18,0.1
PRONOSTIA,C1,Bearing1_6,3,18,0.3
PRONOSTIA,C1,Bearing1_6,3,18,0.3
PRONOSTIA,C1,Bearing1_6,3,18,0.4
PRONOSTIA,C1,Bearing1_6,3,18,0.21666666666666667
PRONOSTIA,C1,Bearing1_6,3,18,0.21666666666666667
PRONOSTIA,C1,Bearing1_6,3,18,0.5833333333333334
PRONOSTIA,C1,Bearing1_6,3,18,0.05
PRONOSTIA,C1,Bearing1_6,3,18,0.03333333333333333
PRONOSTIA,C1,Bearing1_6,3,18,0.08333333333333333
PRONOSTIA,C1,Bearing1_6,3,18,0.03333333333333333
PRONOSTIA,C1,Bearing1_6,3,18,0.3
PRONOSTIA,C1,Bearing1_6,3,18,0.06666666666666667
PRONOSTIA,C1,Bearing1_6,3,18,0.11666666666666667
PRONOSTIA,C1,Bearing1_6,3,18,0.0
PRONOSTIA,C1,Bearing1_6,3,18,0.05
PRONOSTIA,C1,Bearing1_6,3,18,0.03333333333333333
PRONOSTIA,C1,Bearing1_6,3,18,0.36666666666666664
PRONOSTIA,C1,Bearing1_6,3,18,0.25
PRONOSTIA,C1,Bearing1_6,3,18,0.11666666666666667
PRONOSTIA,C1,Bearing1_6,3,18,0.0
PRONOSTIA,C1,Bearing1_6,3,18,0.016666666666666666
PRONOSTIA,C1,Bearing1_6,3,18,0.18333333333333332
PRONOSTIA,C1,Bearing1_6,3,18,0.21666666666666667
PRONOSTIA,C1,Bearing1_6,3,18,0.2
PRONOSTIA,C1,Bearing1_6,3,18,0.18333333333333332
PRONOSTIA,C1,Bearing1_6,3,18,0.06666666666666667
PRONOSTIA,C1,Bearing1_6,3,18,0.05
PRONOSTIA,C1,Bearing1_6,3,18,0.03333333333333333
PRONOSTIA,C1,Bearing1_6,3,18,0.0
PRONOSTIA,C1,Bearing1_6,3,18,0.21666666666666667
PRONOSTIA,C1,Bearing1_6,3,18,0.03333333333333333
PRONOSTIA,C1,Bearing1_6,3,18,0.75
PRONOSTIA,C1,Bearing1_6,3,18,0.5166666666666667
PRONOSTIA,C1,Bearing1_6,3,18,0.05
PRONOSTIA,C1,Bearing1_6,3,18,0.48333333333333334
PRONOSTIA,C1,Bearing1_6,3,18,0.2833333333333333
PRONOSTIA,C1,Bearing1_6,3,18,0.16666666666666666
PRONOSTIA,C1,Bearing1_6,3,18,0.1
PRONOSTIA,C1,Bearing1_6,3,18,0.16666666666666666
PRONOSTIA,C1,Bearing1_6,3,18,0.05
PRONOSTIA,C1,Bearing1_6,3,18,0.3
PRONOSTIA,C1,Bearing1_6,3,18,0.06666666666666667
PRONOSTIA,C1,Bearing1_6,3,18,0.05
PRONOSTIA,C1,Bearing1_6,3,18,0.08333333333333333
PRONOSTIA,C1,Bearing1_6,3,18,0.0
PRONOSTIA,C1,Bearing1_6,3,18,0.3333333333333333
PRONOSTIA,C1,Bearing1_6,4,20,0.2
PRONOSTIA,C1,Bearing1_6,4,20,0.1
PRONOSTIA,C1,Bearing1_6,4,20,0.18333333333333332
PRONOSTIA,C1,Bearing1_6,4,20,0.0
PRONOSTIA,C1,Bearing1_6,4,20,0.08333333333333333
PRONOSTIA,C1,Bearing1_6,4,20,0.2833333333333333
PRONOSTIA,C1,Bearing1_6,4,20,0.06666666666666667
PRONOSTIA,C1,Bearing1_6,4,20,0.13333333333333333
PRONOSTIA,C1,Bearing1_6,4,20,0.15
PRONOSTIA,C1,Bearing1_6,4,20,0.13333333333333333
PRONOSTIA,C1,Bearing1_6,4,20,0.016666666666666666
PRONOSTIA,C1,Bearing1_6,4,20,0.0
PRONOSTIA,C1,Bearing1_6,4,20,0.03333333333333333
PRONOSTIA,C1,Bearing1_6,4,20,0.26666666666666666
PRONOSTIA,C1,Bearing1_6,4,20,0.26666666666666666
PRONOSTIA,C1,Bearing1_6,4,20,0.08333333333333333
PRONOSTIA,C1,Bearing1_6,4,20,0.26666666666666666
PRONOSTIA,C1,Bearing1_6,4,20,0.25
PRONOSTIA,C1,Bearing1_6,4,20,0.21666666666666667
PRONOSTIA,C1,Bearing1_6,4,20,0.03333333333333333
PRONOSTIA,C1,Bearing1_6,4,20,0.0
PRONOSTIA,C1,Bearing1_6,4,20,0.16666666666666666
PRONOSTIA,C1,Bearing1_6,4,20,0.016666666666666666
PRONOSTIA,C1,Bearing1_6,4,20,0.06666666666666667
PRONOSTIA,C1,Bearing1_6,4,20,0.03333333333333333
PRONOSTIA,C1,Bearing1_6,4,20,0.26666666666666666
PRONOSTIA,C1,Bearing1_6,4,20,0.2
PRONOSTIA,C1,Bearing1_6,4,20,0.45
PRONOSTIA,C1,Bearing1_6,4,20,0.25
PRONOSTIA,C1,Bearing1_6,4,20,0.16666666666666666
PRONOSTIA,C1,Bearing1_6,4,20,0.25
PRONOSTIA,C1,Bearing1_6,4,20,0.016666666666666666
PRONOSTIA,C1,Bearing1_6,4,20,0.06666666666666667
PRONOSTIA,C1,Bearing1_6,4,20,0.06666666666666667
PRONOSTIA,C1,Bearing1_6,4,20,0.3
PRONOSTIA,C1,Bearing1_6,4,20,0.11666666666666667
PRONOSTIA,C1,Bearing1_6,4,20,0.0
PRONOSTIA,C1,Bearing1_6,4,20,0.0
PRONOSTIA,C1,Bearing1_6,4,20,0.16666666666666666
PRONOSTIA,C1,Bearing1_6,4,20,0.31666666666666665
PRONOSTIA,C1,Bearing1_6,4,20,0.0
PRONOSTIA,C1,Bearing1_6,4,20,0.3
PRONOSTIA,C1,Bearing1_6,4,20,0.03333333333333333
PRONOSTIA,C1,Bearing1_6,4,20,0.08333333333333333
PRONOSTIA,C1,Bearing1_6,4,20,0.0
PRONOSTIA,C1,Bearing1_6,4,20,0.05
PRONOSTIA,C1,Bearing1_6,4,20,0.2833333333333333
PRONOSTIA,C1,Bearing1_6,4,20,0.3
PRONOSTIA,C1,Bearing1_6,4,20,0.08333333333333333
PRONOSTIA,C1,Bearing1_6,4,20,0.4
PRONOSTIA,C1,Bearing1_7,1,20,0.2
PRONOSTIA,C1,Bearing1_7,1,20,0.18333333333333332
PRONOSTIA,C1,Bearing1_7,1,20,0.0
PRONOSTIA,C1,Bearing1_7,1,20,0.0
PRONOSTIA,C1,Bearing1_7,1,20,0.0
PRONOSTIA,C1,Bearing1_7,1,20,0.08333333333333333
PRONOSTIA,C1,Bearing1_7,1,20,0.0
PRONOSTIA,C1,Bearing1_7,1,20,0.4166666666666667
PRONOSTIA,C1,Bearing1_7,1,20,0.4166666666666667
PRONOSTIA,C1,Bearing1_7,1,20,0.0
PRONOSTIA,C1,Bearing1_7,1,20,0.0
PRONOSTIA,C1,Bearing1_7,1,20,0.0
PRONOSTIA,C1,Bearing1_7,1,20,0.016666666666666666
PRONOSTIA,C1,Bearing1_7,1,20,0.38333333333333336
PRONOSTIA,C1,Bearing1_7,1,20,0.3333333333333333
PRONOSTIA,C1,Bearing1_7,1,20,0.0
PRONOSTIA,C1,Bearing1_7,1,20,0.35
PRONOSTIA,C1,Bearing1_7,1,20,0.0
PRONOSTIA,C1,Bearing1_7,1,20,0.38333333333333336
PRONOSTIA,C1,Bearing1_7,1,20,0.23333333333333334
PRONOSTIA,C1,Bearing1_7,1,20,0.06666666666666667
PRONOSTIA,C1,Bearing1_7,1,20,0.03333333333333333
PRONOSTIA,C1,Bearing1_7,1,20,0.43333333333333335
PRONOSTIA,C1,Bearing1_7,1,20,0.3
PRONOSTIA,C1,Bearing1_7,1,20,0.08333333333333333
PRONOSTIA,C1,Bearing1_7,1,20,0.08333333333333333
PRONOSTIA,C1,Bearing1_7,1,20,0.06666666666666667
PRONOSTIA,C1,Bearing1_7,1,20,0.0
PRONOSTIA,C1,Bearing1_7,1,20,0.21666666666666667
PRONOSTIA,C1,Bearing1_7,1,20,0.0
PRONOSTIA,C1,Bearing1_7,1,20,0.0
PRONOSTIA,C1,Bearing1_7,1,20,0.15
PRONOSTIA,C1,Bearing1_7,1,20,0.18333333333333332
PRONOSTIA,C1,Bearing1_7,1,20,0.0
PRONOSTIA,C1,Bearing1_7,1,20,0.0
PRONOSTIA,C1,Bearing1_7,1,20,0.0
PRONOSTIA,C1,Bearing1_7,1,20,0.0
PRONOSTIA,C1,Bearing1_7,1,20,0.4
PRONOSTIA,C1,Bearing1_7,1,20,0.18333333333333332
PRONOSTIA,C1,Bearing1_7,1,20,0.1
PRONOSTIA,C1,Bearing1_7,1,20,0.5666666666666667
PRONOSTIA,C1,Bearing1_7,1,20,0.0
PRONOSTIA,C1,Bearing1_7,1,20,0.43333333333333335
PRONOSTIA,C1,Bearing1_7,1,20,0.0
PRONOSTIA,C1,Bearing1_7,1,20,0.4
PRONOSTIA,C1,Bearing1_7,1,20,0.5333333333333333
PRONOSTIA,C1,Bearing1_7,1,20,0.0
PRONOSTIA,C1,Bearing1_7,1,20,0.0
PRONOSTIA,C1,Bearing1_7,1,20,0.1
PRONOSTIA,C1,Bearing1_7,1,20,0.5166666666666667
PRONOSTIA,C1,Bearing1_7,2,20,0.0
PRONOSTIA,C1,Bearing1_7,2,20,0.18333333333333332
PRONOSTIA,C1,Bearing1_7,2,20,0.0
PRONOSTIA,C1,Bearing1_7,2,20,0.26666666666666666
PRONOSTIA,C1,Bearing1_7,2,20,0.0
PRONOSTIA,C1,Bearing1_7,2,20,0.0
PRONOSTIA,C1,Bearing1_7,2,20,0.35
PRONOSTIA,C1,Bearing1_7,2,20,0.03333333333333333
PRONOSTIA,C1,Bearing1_7,2,20,0.016666666666666666
PRONOSTIA,C1,Bearing1_7,2,20,0.0
PRONOSTIA,C1,Bearing1_7,2,20,0.0
PRONOSTIA,C1,Bearing1_7,2,20,0.31666666666666665
PRONOSTIA,C1,Bearing1_7,2,20,0.0
PRONOSTIA,C1,Bearing1_7,2,20,0.0
PRONOSTIA,C1,Bearing1_7,2,20,0.03333333333333333
PRONOSTIA,C1,Bearing1_7,2,20,0.0
PRONOSTIA,C1,Bearing1_7,2,20,0.16666666666666666
PRONOSTIA,C1,Bearing1_7,2,20,0.016666666666666666
PRONOSTIA,C1,Bearing1_7,2,20,0.0
PRONOSTIA,C1,Bearing1_7,2,20,0.0
PRONOSTIA,C1,Bearing1_7,2,20,0.0
PRONOSTIA,C1,Bearing1_7,2,20,0.016666666666666666
PRONOSTIA,C1,Bearing1_7,2,20,0.016666666666666666
PRONOSTIA,C1,Bearing1_7,2,20,0.23333333333333334
PRONOSTIA,C1,Bearing1_7,2,20,0.016666666666666666
PRONOSTIA,C1,Bearing1_7,2,20,0.0
PRONOSTIA,C1,Bearing1_7,2,20,0.03333333333333333
PRONOSTIA,C1,Bearing1_7,2,20,0.03333333333333333
PRONOSTIA,C1,Bearing1_7,2,20,0.0
PRONOSTIA,C1,Bearing1_7,2,20,0.0
PRONOSTIA,C1,Bearing1_7,2,20,0.0
PRONOSTIA,C1,Bearing1_7,2,20,0.1
PRONOSTIA,C1,Bearing1_7,2,20,0.0
PRONOSTIA,C1,Bearing1_7,2,20,0.11666666666666667
PRONOSTIA,C1,Bearing1_7,2,20,0.3333333333333333
PRONOSTIA,C1,Bearing1_7,2,20,0.1
PRONOSTIA,C1,Bearing1_7,2,20,0.0
PRONOSTIA,C1,Bearing1_7,2,20,0.0
PRONOSTIA,C1,Bearing1_7,2,20,0.016666666666666666
PRONOSTIA,C1,Bearing1_7,2,20,0.08333333333333333
PRONOSTIA,C1,Bearing1_7,2,20,0.0
PRONOSTIA,C1,Bearing1_7,2,20,0.0
PRONOSTIA,C1,Bearing1_7,2,20,0.0
PRONOSTIA,C1,Bearing1_7,2,20,0.0
PRONOSTIA,C1,Bearing1_7,2,20,0.05
PRONOSTIA,C1,Bearing1_7,2,20,0.11666666666666667
PRONOSTIA,C1,Bearing1_7,2,20,0.0
PRONOSTIA,C1,Bearing1_7,2,20,0.15
PRONOSTIA,C1,Bearing1_7,2,20,0.06666666666666667
PRONOSTIA,C1,Bearing1_7,2,20,0.016666666666666666
PRONOSTIA,C1,Bearing1_7,3,18,0.06666666666666667
PRONOSTIA,C1,Bearing1_7,3,18,0.0
PRONOSTIA,C1,Bearing1_7,3,18,0.03333333333333333
PRONOSTIA,C1,Bearing1_7,3,18,0.016666666666666666
PRONOSTIA,C1,Bearing1_7,3,18,0.0
PRONOSTIA,C1,Bearing1_7,3,18,0.0
PRONOSTIA,C1,Bearing1_7,3,18,0.1
PRONOSTIA,C1,Bearing1_7,3,18,0.0
PRONOSTIA,C1,Bearing1_7,3,18,0.0
PRONOSTIA,C1,Bearing1_7,3,18,0.0
PRONOSTIA,C1,Bearing1_7,3,18,0.03333333333333333
PRONOSTIA,C1,Bearing1_7,3,18,0.0
PRONOSTIA,C1,Bearing1_7,3,18,0.18333333333333332
PRONOSTIA,C1,Bearing1_7,3,18,0.06666666666666667
PRONOSTIA,C1,Bearing1_7,3,18,0.0
PRONOSTIA,C1,Bearing1_7,3,18,0.16666666666666666
PRONOSTIA,C1,Bearing1_7,3,18,0.0
PRONOSTIA,C1,Bearing1_7,3,18,0.016666666666666666
PRONOSTIA,C1,Bearing1_7,3,18,0.05
PRONOSTIA,C1,Bearing1_7,3,18,0.2833333333333333
PRONOSTIA,C1,Bearing1_7,3,18,0.15
PRONOSTIA,C1,Bearing1_7,3,18,0.0
PRONOSTIA,C1,Bearing1_7,3,18,0.0
PRONOSTIA,C1,Bearing1_7,3,18,0.08333333333333333
PRONOSTIA,C1,Bearing1_7,3,18,0.11666666666666667
PRONOSTIA,C1,Bearing1_7,3,18,0.0
PRONOSTIA,C1,Bearing1_7,3,18,0.06666666666666667
PRONOSTIA,C1,Bearing1_7,3,18,0.0
PRONOSTIA,C1,Bearing1_7,3,18,0.0
PRONOSTIA,C1,Bearing1_7,3,18,0.0
PRONOSTIA,C1,Bearing1_7,3,18,0.0
PRONOSTIA,C1,Bearing1_7,3,18,0.0
PRONOSTIA,C1,Bearing1_7,3,18,0.0
PRONOSTIA,C1,Bearing1_7,3,18,0.0
PRONOSTIA,C1,Bearing1_7,3,18,0.016666666666666666
PRONOSTIA,C1,Bearing1_7,3,18,0.0
PRONOSTIA,C1,Bearing1_7,3,18,0.0
PRONOSTIA,C1,Bearing1_7,3,18,0.0
PRONOSTIA,C1,Bearing1_7,3,18,0.0
PRONOSTIA,C1,Bearing1_7,3,18,0.016666666666666666
PRONOSTIA,C1,Bearing1_7,3,18,0.0
PRONOSTIA,C1,Bearing1_7,3,18,0.0
PRONOSTIA,C1,Bearing1_7,3,18,0.0
PRONOSTIA,C1,Bearing1_7,3,18,0.05
PRONOSTIA,C1,Bearing1_7,3,18,0.06666666666666667
PRONOSTIA,C1,Bearing1_7,3,18,0.05
PRONOSTIA,C1,Bearing1_7,3,18,0.08333333333333333
PRONOSTIA,C1,Bearing1_7,3,18,0.0
PRONOSTIA,C1,Bearing1_7,3,18,0.016666666666666666
PRONOSTIA,C1,Bearing1_7,3,18,0.016666666666666666
PRONOSTIA,C1,Bearing1_7,4,20,0.0
PRONOSTIA,C1,Bearing1_7,4,20,0.0
PRONOSTIA,C1,Bearing1_7,4,20,0.016666666666666666
PRONOSTIA,C1,Bearing1_7,4,20,0.11666666666666667
PRONOSTIA,C1,Bearing1_7,4,20,0.016666666666666666
PRONOSTIA,C1,Bearing1_7,4,20,0.18333333333333332
PRONOSTIA,C1,Bearing1_7,4,20,0.0
PRONOSTIA,C1,Bearing1_7,4,20,0.0
PRONOSTIA,C1,Bearing1_7,4,20,0.03333333333333333
PRONOSTIA,C1,Bearing1_7,4,20,0.0
PRONOSTIA,C1,Bearing1_7,4,20,0.0
PRONOSTIA,C1,Bearing1_7,4,20,0.03333333333333333
PRONOSTIA,C1,Bearing1_7,4,20,0.0
PRONOSTIA,C1,Bearing1_7,4,20,0.0
PRONOSTIA,C1,Bearing1_7,4,20,0.0
PRONOSTIA,C1,Bearing1_7,4,20,0.016666666666666666
PRONOSTIA,C1,Bearing1_7,4,20,0.0
PRONOSTIA,C1,Bearing1_7,4,20,0.0
PRONOSTIA,C1,Bearing1_7,4,20,0.0
PRONOSTIA,C1,Bearing1_7,4,20,0.016666666666666666
PRONOSTIA,C1,Bearing1_7,4,20,0.0
PRONOSTIA,C1,Bearing1_7,4,20,0.0
PRONOSTIA,C1,Bearing1_7,4,20,0.0
PRONOSTIA,C1,Bearing1_7,4,20,0.0
PRONOSTIA,C1,Bearing1_7,4,20,0.0
PRONOSTIA,C1,Bearing1_7,4,20,0.0
PRONOSTIA,C1,Bearing1_7,4,20,0.0
PRONOSTIA,C1,Bearing1_7,4,20,0.016666666666666666
PRONOSTIA,C1,Bearing1_7,4,20,0.0
PRONOSTIA,C1,Bearing1_7,4,20,0.03333333333333333
PRONOSTIA,C1,Bearing1_7,4,20,0.03333333333333333
PRONOSTIA,C1,Bearing1_7,4,20,0.0
PRONOSTIA,C1,Bearing1_7,4,20,0.0
PRONOSTIA,C1,Bearing1_7,4,20,0.0
PRONOSTIA,C1,Bearing1_7,4,20,0.03333333333333333
PRONOSTIA,C1,Bearing1_7,4,20,0.016666666666666666
PRONOSTIA,C1,Bearing1_7,4,20,0.0
PRONOSTIA,C1,Bearing1_7,4,20,0.16666666666666666
PRONOSTIA,C1,Bearing1_7,4,20,0.0
PRONOSTIA,C1,Bearing1_7,4,20,0.0
PRONOSTIA,C1,Bearing1_7,4,20,0.0
PRONOSTIA,C1,Bearing1_7,4,20,0.15
PRONOSTIA,C1,Bearing1_7,4,20,0.0
PRONOSTIA,C1,Bearing1_7,4,20,0.0
PRONOSTIA,C1,Bearing1_7,4,20,0.0
PRONOSTIA,C1,Bearing1_7,4,20,0.0
PRONOSTIA,C1,Bearing1_7,4,20,0.03333333333333333
PRONOSTIA,C1,Bearing1_7,4,20,0.016666666666666666
PRONOSTIA,C1,Bearing1_7,4,20,0.0
PRONOSTIA,C1,Bearing1_7,4,20,0.0
PRONOSTIA,C2,Bearing2_1,1,20,0.016666666666666666
PRONOSTIA,C2,Bearing2_1,1,20,0.08333333333333333
PRONOSTIA,C2,Bearing2_1,1,20,0.13333333333333333
PRONOSTIA,C2,Bearing2_1,1,20,0.26666666666666666
PRONOSTIA,C2,Bearing2_1,1,20,0.08333333333333333
PRONOSTIA,C2,Bearing2_1,1,20,0.21666666666666667
PRONOSTIA,C2,Bearing2_1,1,20,0.13333333333333333
PRONOSTIA,C2,Bearing2_1,1,20,0.03333333333333333
PRONOSTIA,C2,Bearing2_1,1,20,0.13333333333333333
PRONOSTIA,C2,Bearing2_1,1,20,0.03333333333333333
PRONOSTIA,C2,Bearing2_1,1,20,0.4666666666666667
PRONOSTIA,C2,Bearing2_1,1,20,0.15
PRONOSTIA,C2,Bearing2_1,1,20,0.15
PRONOSTIA,C2,Bearing2_1,1,20,0.016666666666666666
PRONOSTIA,C2,Bearing2_1,1,20,0.13333333333333333
PRONOSTIA,C2,Bearing2_1,1,20,0.16666666666666666
PRONOSTIA,C2,Bearing2_1,1,20,0.3333333333333333
PRONOSTIA,C2,Bearing2_1,1,20,0.1
PRONOSTIA,C2,Bearing2_1,1,20,0.13333333333333333
PRONOSTIA,C2,Bearing2_1,1,20,0.11666666666666667
PRONOSTIA,C2,Bearing2_1,1,20,0.11666666666666667
PRONOSTIA,C2,Bearing2_1,1,20,0.016666666666666666
PRONOSTIA,C2,Bearing2_1,1,20,0.5166666666666667
PRONOSTIA,C2,Bearing2_1,1,20,0.43333333333333335
PRONOSTIA,C2,Bearing2_1,1,20,0.15
PRONOSTIA,C2,Bearing2_1,1,20,0.26666666666666666
PRONOSTIA,C2,Bearing2_1,1,20,0.03333333333333333
PRONOSTIA,C2,Bearing2_1,1,20,0.3
PRONOSTIA,C2,Bearing2_1,1,20,0.13333333333333333
PRONOSTIA,C2,Bearing2_1,1,20,0.016666666666666666
PRONOSTIA,C2,Bearing2_1,1,20,0.21666666666666667
PRONOSTIA,C2,Bearing2_1,1,20,0.13333333333333333
PRONOSTIA,C2,Bearing2_1,1,20,0.15
PRONOSTIA,C2,Bearing2_1,1,20,0.016666666666666666
PRONOSTIA,C2,Bearing2_1,1,20,0.16666666666666666
PRONOSTIA,C2,Bearing2_1,1,20,0.13333333333333333
PRONOSTIA,C2,Bearing2_1,1,20,0.15
PRONOSTIA,C2,Bearing2_1,1,20,0.48333333333333334
PRONOSTIA,C2,Bearing2_1,1,20,0.25
PRONOSTIA,C2,Bearing2_1,1,20,0.21666666666666667
PRONOSTIA,C2,Bearing2_1,1,20,0.36666666666666664
PRONOSTIA,C2,Bearing2_1,1,20,0.016666666666666666
PRONOSTIA,C2,Bearing2_1,1,20,0.03333333333333333
PRONOSTIA,C2,Bearing2_1,1,20,0.2
PRONOSTIA,C2,Bearing2_1,1,20,0.016666666666666666
PRONOSTIA,C2,Bearing2_1,1,20,0.25
PRONOSTIA,C2,Bearing2_1,1,20,0.13333333333333333
PRONOSTIA,C2,Bearing2_1,1,20,0.0
PRONOSTIA,C2,Bearing2_1,1,20,0.05
PRONOSTIA,C2,Bearing2_1,1,20,0.6333333333333333
PRONOSTIA,C2,Bearing2_1,2,20,0.016666666666666666
PRONOSTIA,C2,Bearing2_1,2,20,0.16666666666666666
PRONOSTIA,C2,Bearing2_1,2,20,0.016666666666666666
PRONOSTIA,C2,Bearing2_1,2,20,0.16666666666666666
PRONOSTIA,C2,Bearing2_1,2,20,0.0
PRONOSTIA,C2,Bearing2_1,2,20,0.03333333333333333
PRONOSTIA,C2,Bearing2_1,2,20,0.03333333333333333
PRONOSTIA,C2,Bearing2_1,2,20,0.016666666666666666
PRONOSTIA,C2,Bearing2_1,2,20,0.0
PRONOSTIA,C2,Bearing2_1,2,20,0.016666666666666666
PRONOSTIA,C2,Bearing2_1,2,20,0.0
PRONOSTIA,C2,Bearing2_1,2,20,0.016666666666666666
PRONOSTIA,C2,Bearing2_1,2,20,0.03333333333333333
PRONOSTIA,C2,Bearing2_1,2,20,0.3
PRONOSTIA,C2,Bearing2_1,2,20,0.08333333333333333
PRONOSTIA,C2,Bearing2_1,2,20,0.016666666666666666
PRONOSTIA,C2,Bearing2_1,2,20,0.03333333333333333
PRONOSTIA,C2,Bearing2_1,2,20,0.15
PRONOSTIA,C2,Bearing2_1,2,20,0.05
PRONOSTIA,C2,Bearing2_1,2,20,0.08333333333333333
PRONOSTIA,C2,Bearing2_1,2,20,0.016666666666666666
PRONOSTIA,C2,Bearing2_1,2,20,0.0
PRONOSTIA,C2,Bearing2_1,2,20,0.016666666666666666
PRONOSTIA,C2,Bearing2_1,2,20,0.03333333333333333
PRONOSTIA,C2,Bearing2_1,2,20,0.016666666666666666
PRONOSTIA,C2,Bearing2_1,2,20,0.0
PRONOSTIA,C2,Bearing2_1,2,20,0.15
PRONOSTIA,C2,Bearing2_1,2,20,0.15
PRONOSTIA,C2,Bearing2_1,2,20,0.13333333333333333
PRONOSTIA,C2,Bearing2_1,2,20,0.16666666666666666
PRONOSTIA,C2,Bearing2_1,2,20,0.0
PRONOSTIA,C2,Bearing2_1,2,20,0.016666666666666666
PRONOSTIA,C2,Bearing2_1,2,20,0.016666666666666666
PRONOSTIA,C2,Bearing2_1,2,20,0.85
PRONOSTIA,C2,Bearing2_1,2,20,0.016666666666666666
PRONOSTIA,C2,Bearing2_1,2,20,0.15
PRONOSTIA,C2,Bearing2_1,2,20,0.016666666666666666
PRONOSTIA,C2,Bearing2_1,2,20,0.016666666666666666
PRONOSTIA,C2,Bearing2_1,2,20,0.016666666666666666
PRONOSTIA,C2,Bearing2_1,2,20,0.13333333333333333
PRONOSTIA,C2,Bearing2_1,2,20,0.21666666666666667
PRONOSTIA,C2,Bearing2_1,2,20,0.13333333333333333
PRONOSTIA,C2,Bearing2_1,2,20,0.26666666666666666
PRONOSTIA,C2,Bearing2_1,2,20,0.05
PRONOSTIA,C2,Bearing2_1,2,20,0.016666666666666666
PRONOSTIA,C2,Bearing2_1,2,20,0.05
PRONOSTIA,C2,Bearing2_1,2,20,0.016666666666666666
PRONOSTIA,C2,Bearing2_1,2,20,0.03333333333333333
PRONOSTIA,C2,Bearing2_1,2,20,0.03333333333333333
PRONOSTIA,C2,Bearing2_1,2,20,0.11666666666666667
PRONOSTIA,C2,Bearing2_1,3,18,0.05
PRONOSTIA,C2,Bearing2_1,3,18,0.016666666666666666
PRONOSTIA,C2,Bearing2_1,3,18,0.016666666666666666
PRONOSTIA,C2,Bearing2_1,3,18,0.1
PRONOSTIA,C2,Bearing2_1,3,18,0.06666666666666667
PRONOSTIA,C2,Bearing2_1,3,18,0.03333333333333333
PRONOSTIA,C2,Bearing2_1,3,18,0.05
PRONOSTIA,C2,Bearing2_1,3,18,0.06666666666666667
PRONOSTIA,C2,Bearing2_1,3,18,0.06666666666666667
PRONOSTIA,C2,Bearing2_1,3,18,0.16666666666666666
PRONOSTIA,C2,Bearing2_1,3,18,0.016666666666666666
PRONOSTIA,C2,Bearing2_1,3,18,0.08333333333333333
PRONOSTIA,C2,Bearing2_1,3,18,0.06666666666666667
PRONOSTIA,C2,Bearing2_1,3,18,0.03333333333333333
PRONOSTIA,C2,Bearing2_1,3,18,0.0
PRONOSTIA,C2,Bearing2_1,3,18,0.05
PRONOSTIA,C2,Bearing2_1,3,18,0.0
PRONOSTIA,C2,Bearing2_1,3,18,0.06666666666666667
PRONOSTIA,C2,Bearing2_1,3,18,0.016666666666666666
PRONOSTIA,C2,Bearing2_1,3,18,0.06666666666666667
PRONOSTIA,C2,Bearing2_1,3,18,0.13333333333333333
PRONOSTIA,C2,Bearing2_1,3,18,0.0
PRONOSTIA,C2,Bearing2_1,3,18,0.05
PRONOSTIA,C2,Bearing2_1,3,18,0.03333333333333333
PRONOSTIA,C2,Bearing2_1,3,18,0.06666666666666667
PRONOSTIA,C2,Bearing2_1,3,18,0.15
PRONOSTIA,C2,Bearing2_1,3,18,0.1
PRONOSTIA,C2,Bearing2_1,3,18,0.15
PRONOSTIA,C2,Bearing2_1,3,18,0.016666666666666666
PRONOSTIA,C2,Bearing2_1,3,18,0.016666666666666666
PRONOSTIA,C2,Bearing2_1,3,18,0.03333333333333333
PRONOSTIA,C2,Bearing2_1,3,18,0.06666666666666667
PRONOSTIA,C2,Bearing2_1,3,18,0.06666666666666667
PRONOSTIA,C2,Bearing2_1,3,18,0.4
PRONOSTIA,C2,Bearing2_1,3,18,0.05
PRONOSTIA,C2,Bearing2_1,3,18,0.16666666666666666
PRONOSTIA,C2,Bearing2_1,3,18,0.4
PRONOSTIA,C2,Bearing2_1,3,18,0.016666666666666666
PRONOSTIA,C2,Bearing2_1,3,18,0.13333333333333333
PRONOSTIA,C2,Bearing2_1,3,18,0.016666666666666666
PRONOSTIA,C2,Bearing2_1,3,18,0.016666666666666666
PRONOSTIA,C2,Bearing2_1,3,18,0.13333333333333333
PRONOSTIA,C2,Bearing2_1,3,18,0.05
PRONOSTIA,C2,Bearing2_1,3,18,0.05
PRONOSTIA,C2,Bearing2_1,3,18,0.016666666666666666
PRONOSTIA,C2,Bearing2_1,3,18,0.0
PRONOSTIA,C2,Bearing2_1,3,18,0.05
PRONOSTIA,C2,Bearing2_1,3,18,0.03333333333333333
PRONOSTIA,C2,Bearing2_1,3,18,0.016666666666666666
PRONOSTIA,C2,Bearing2_1,3,18,0.03333333333333333
PRONOSTIA,C2,Bearing2_1,4,20,0.016666666666666666
PRONOSTIA,C2,Bearing2_1,4,20,0.06666666666666667
PRONOSTIA,C2,Bearing2_1,4,20,0.016666666666666666
PRONOSTIA,C2,Bearing2_1,4,20,0.11666666666666667
PRONOSTIA,C2,Bearing2_1,4,20,0.03333333333333333
PRONOSTIA,C2,Bearing2_1,4,20,0.016666666666666666
PRONOSTIA,C2,Bearing2_1,4,20,0.016666666666666666
PRONOSTIA,C2,Bearing2_1,4,20,0.03333333333333333
PRONOSTIA,C2,Bearing2_1,4,20,0.05
PRONOSTIA,C2,Bearing2_1,4,20,0.05
PRONOSTIA,C2,Bearing2_1,4,20,0.016666666666666666
PRONOSTIA,C2,Bearing2_1,4,20,0.1
PRONOSTIA,C2,Bearing2_1,4,20,0.016666666666666666
PRONOSTIA,C2,Bearing2_1,4,20,0.05
PRONOSTIA,C2,Bearing2_1,4,20,0.05
PRONOSTIA,C2,Bearing2_1,4,20,0.016666666666666666
PRONOSTIA,C2,Bearing2_1,4,20,0.0
PRONOSTIA,C2,Bearing2_1,4,20,0.03333333333333333
PRONOSTIA,C2,Bearing2_1,4,20,0.05
PRONOSTIA,C2,Bearing2_1,4,20,0.05
PRONOSTIA,C2,Bearing2_1,4,20,0.05
PRONOSTIA,C2,Bearing2_1,4,20,0.016666666666666666
PRONOSTIA,C2,Bearing2_1,4,20,0.016666666666666666
PRONOSTIA,C2,Bearing2_1,4,20,0.03333333333333333
PRONOSTIA,C2,Bearing2_1,4,20,0.0
PRONOSTIA,C2,Bearing2_1,4,20,0.016666666666666666
PRONOSTIA,C2,Bearing2_1,4,20,0.016666666666666666
PRONOSTIA,C2,Bearing2_1,4,20,0.016666666666666666
PRONOSTIA,C2,Bearing2_1,4,20,0.05
PRONOSTIA,C2,Bearing2_1,4,20,0.016666666666666666
PRONOSTIA,C2,Bearing2_1,4,20,0.05
PRONOSTIA,C2,Bearing2_1,4,20,0.25
PRONOSTIA,C2,Bearing2_1,4,20,0.05
PRONOSTIA,C2,Bearing2_1,4,20,0.06666666666666667
PRONOSTIA,C2,Bearing2_1,4,20,0.18333333333333332
PRONOSTIA,C2,Bearing2_1,4,20,0.1
PRONOSTIA,C2,Bearing2_1,4,20,0.03333333333333333
PRONOSTIA,C2,Bearing2_1,4,20,0.05
PRONOSTIA,C2,Bearing2_1,4,20,0.016666666666666666
PRONOSTIA,C2,Bearing2_1,4,20,0.016666666666666666
PRONOSTIA,C2,Bearing2_1,4,20,0.05
PRONOSTIA,C2,Bearing2_1,4,20,0.06666666666666667
PRONOSTIA,C2,Bearing2_1,4,20,0.06666666666666667
PRONOSTIA,C2,Bearing2_1,4,20,0.13333333333333333
PRONOSTIA,C2,Bearing2_1,4,20,0.03333333333333333
PRONOSTIA,C2,Bearing2_1,4,20,0.03333333333333333
PRONOSTIA,C2,Bearing2_1,4,20,0.05
PRONOSTIA,C2,Bearing2_1,4,20,0.05
PRONOSTIA,C2,Bearing2_1,4,20,0.03333333333333333
PRONOSTIA,C2,Bearing2_1,4,20,0.03333333333333333
PRONOSTIA,C2,Bearing2_2,1,20,0.0
PRONOSTIA,C2,Bearing2_2,1,20,0.0
PRONOSTIA,C2,Bearing2_2,1,20,0.43333333333333335
PRONOSTIA,C2,Bearing2_2,1,20,0.0
PRONOSTIA,C2,Bearing2_2,1,20,0.2
PRONOSTIA,C2,Bearing2_2,1,20,0.5
PRONOSTIA,C2,Bearing2_2,1,20,0.0
PRONOSTIA,C2,Bearing2_2,1,20,0.4666666666666667
PRONOSTIA,C2,Bearing2_2,1,20,0.45
PRONOSTIA,C2,Bearing2_2,1,20,0.0
PRONOSTIA,C2,Bearing2_2,1,20,0.36666666666666664
PRONOSTIA,C2,Bearing2_2,1,20,0.0
PRONOSTIA,C2,Bearing2_2,1,20,0.11666666666666667
PRONOSTIA,C2,Bearing2_2,1,20,0.0
PRONOSTIA,C2,Bearing2_2,1,20,0.0
PRONOSTIA,C2,Bearing2_2,1,20,0.06666666666666667
PRONOSTIA,C2,Bearing2_2,1,20,0.0
PRONOSTIA,C2,Bearing2_2,1,20,0.4166666666666667
PRONOSTIA,C2,Bearing2_2,1,20,0.5
PRONOSTIA,C2,Bearing2_2,1,20,0.45
PRONOSTIA,C2,Bearing2_2,1,20,0.75
PRONOSTIA,C2,Bearing2_2,1,20,0.0
PRONOSTIA,C2,Bearing2_2,1,20,0.0
PRONOSTIA,C2,Bearing2_2,1,20,0.0
PRONOSTIA,C2,Bearing2_2,1,20,0.0
PRONOSTIA,C2,Bearing2_2,1,20,0.0
PRONOSTIA,C2,Bearing2_2,1,20,0.0
PRONOSTIA,C2,Bearing2_2,1,20,0.03333333333333333
PRONOSTIA,C2,Bearing2_2,1,20,0.0
PRONOSTIA,C2,Bearing2_2,1,20,0.45
PRONOSTIA,C2,Bearing2_2,1,20,0.0
PRONOSTIA,C2,Bearing2_2,1,20,0.05
PRONOSTIA,C2,Bearing2_2,1,20,0.26666666666666666
PRONOSTIA,C2,Bearing2_2,1,20,0.05
PRONOSTIA,C2,Bearing2_2,1,20,0.5
PRONOSTIA,C2,Bearing2_2,1,20,0.31666666666666665
PRONOSTIA,C2,Bearing2_2,1,20,0.13333333333333333
PRONOSTIA,C2,Bearing2_2,1,20,0.0
PRONOSTIA,C2,Bearing2_2,1,20,0.36666666666666664
PRONOSTIA,C2,Bearing2_2,1,20,0.05
PRONOSTIA,C2,Bearing2_2,1,20,0.0
PRONOSTIA,C2,Bearing2_2,1,20,0.016666666666666666
PRONOSTIA,C2,Bearing2_2,1,20,0.65
PRONOSTIA,C2,Bearing2_2,1,20,0.0
PRONOSTIA,C2,Bearing2_2,1,20,0.11666666666666667
PRONOSTIA,C2,Bearing2_2,1,20,0.0
PRONOSTIA,C2,Bearing2_2,1,20,0.3
PRONOSTIA,C2,Bearing2_2,1,20,0.21666666666666667
PRONOSTIA,C2,Bearing2_2,1,20,0.0
PRONOSTIA,C2,Bearing2_2,1,20,0.1
PRONOSTIA,C2,Bearing2_2,2,20,0.0
PRONOSTIA,C2,Bearing2_2,2,20,0.0
PRONOSTIA,C2,Bearing2_2,2,20,0.0
PRONOSTIA,C2,Bearing2_2,2,20,0.0
PRONOSTIA,C2,Bearing2_2,2,20,0.0
PRONOSTIA,C2,Bearing2_2,2,20,0.0
PRONOSTIA,C2,Bearing2_2,2,20,0.03333333333333333
PRONOSTIA,C2,Bearing2_2,2,20,0.0
PRONOSTIA,C2,Bearing2_2,2,20,0.0
PRONOSTIA,C2,Bearing2_2,2,20,0.0
PRONOSTIA,C2,Bearing2_2,2,20,0.03333333333333333
PRONOSTIA,C2,Bearing2_2,2,20,0.0
PRONOSTIA,C2,Bearing2_2,2,20,0.0
PRONOSTIA,C2,Bearing2_2,2,20,0.0
PRONOSTIA,C2,Bearing2_2,2,20,0.0
PRONOSTIA,C2,Bearing2_2,2,20,0.21666666666666667
PRONOSTIA,C2,Bearing2_2,2,20,0.0
PRONOSTIA,C2,Bearing2_2,2,20,0.0
PRONOSTIA,C2,Bearing2_2,2,20,0.0
PRONOSTIA,C2,Bearing2_2,2,20,0.0
PRONOSTIA,C2,Bearing2_2,2,20,0.0
PRONOSTIA,C2,Bearing2_2,2,20,0.0
PRONOSTIA,C2,Bearing2_2,2,20,0.0
PRONOSTIA,C2,Bearing2_2,2,20,0.016666666666666666
PRONOSTIA,C2,Bearing2_2,2,20,0.0
PRONOSTIA,C2,Bearing2_2,2,20,0.016666666666666666
PRONOSTIA,C2,Bearing2_2,2,20,0.06666666666666667
PRONOSTIA,C2,Bearing2_2,2,20,0.0
PRONOSTIA,C2,Bearing2_2,2,20,0.0
PRONOSTIA,C2,Bearing2_2,2,20,0.0
PRONOSTIA,C2,Bearing2_2,2,20,0.16666666666666666
PRONOSTIA,C2,Bearing2_2,2,20,0.016666666666666666
PRONOSTIA,C2,Bearing2_2,2,20,0.0
PRONOSTIA,C2,Bearing2_2,2,20,0.0
PRONOSTIA,C2,Bearing2_2,2,20,0.0
PRONOSTIA,C2,Bearing2_2,2,20,0.0
PRONOSTIA,C2,Bearing2_2,2,20,0.0
PRONOSTIA,C2,Bearing2_2,2,20,0.03333333333333333
PRONOSTIA,C2,Bearing2_2,2,20,0.0
PRONOSTIA,C2,Bearing2_2,2,20,0.0
PRONOSTIA,C2,Bearing2_2,2,20,0.0
PRONOSTIA,C2,Bearing2_2,2,20,0.016666666666666666
PRONOSTIA,C2,Bearing2_2,2,20,0.16666666666666666
PRONOSTIA,C2,Bearing2_2,2,20,0.0
PRONOSTIA,C2,Bearing2_2,2,20,0.05
PRONOSTIA,C2,Bearing2_2,2,20,0.0
PRONOSTIA,C2,Bearing2_2,2,20,0.0
PRONOSTIA,C2,Bearing2_2,2,20,0.4
PRONOSTIA,C2,Bearing2_2,2,20,0.0
PRONOSTIA,C2,Bearing2_2,2,20,0.0
PRONOSTIA,C2,Bearing2_2,3,18,0.0
PRONOSTIA,C2,Bearing2_2,3,18,0.0
PRONOSTIA,C2,Bearing2_2,3,18,0.0
PRONOSTIA,C2,Bearing2_2,3,18,0.0
PRONOSTIA,C2,Bearing2_2,3,18,0.0
PRONOSTIA,C2,Bearing2_2,3,18,0.18333333333333332
PRONOSTIA,C2,Bearing2_2,3,18,0.0
PRONOSTIA,C2,Bearing2_2,3,18,0.0
PRONOSTIA,C2,Bearing2_2,3,18,0.0
PRONOSTIA,C2,Bearing2_2,3,18,0.0
PRONOSTIA,C2,Bearing2_2,3,18,0.0
PRONOSTIA,C2,Bearing2_2,3,18,0.0
PRONOSTIA,C2,Bearing2_2,3,18,0.15
PRONOSTIA,C2,Bearing2_2,3,18,0.0
PRONOSTIA,C2,Bearing2_2,3,18,0.06666666666666667
PRONOSTIA,C2,Bearing2_2,3,18,0.0
PRONOSTIA,C2,Bearing2_2,3,18,0.0
PRONOSTIA,C2,Bearing2_2,3,18,0.0
PRONOSTIA,C2,Bearing2_2,3,18,0.0
PRONOSTIA,C2,Bearing2_2,3,18,0.0
PRONOSTIA,C2,Bearing2_2,3,18,0.0
PRONOSTIA,C2,Bearing2_2,3,18,0.0
PRONOSTIA,C2,Bearing2_2,3,18,0.0
PRONOSTIA,C2,Bearing2_2,3,18,0.06666666666666667
PRONOSTIA,C2,Bearing2_2,3,18,0.11666666666666667
PRONOSTIA,C2,Bearing2_2,3,18,0.0
PRONOSTIA,C2,Bearing2_2,3,18,0.0
PRONOSTIA,C2,Bearing2_2,3,18,0.0
PRONOSTIA,C2,Bearing2_2,3,18,0.0
PRONOSTIA,C2,Bearing2_2,3,18,0.0
PRONOSTIA,C2,Bearing2_2,3,18,0.0
PRONOSTIA,C2,Bearing2_2,3,18,0.0
PRONOSTIA,C2,Bearing2_2,3,18,0.0
PRONOSTIA,C2,Bearing2_2,3,18,0.0
PRONOSTIA,C2,Bearing2_2,3,18,0.0
PRONOSTIA,C2,Bearing2_2,3,18,0.0
PRONOSTIA,C2,Bearing2_2,3,18,0.0
PRONOSTIA,C2,Bearing2_2,3,18,0.0
PRONOSTIA,C2,Bearing2_2,3,18,0.0
PRONOSTIA,C2,Bearing2_2,3,18,0.0
PRONOSTIA,C2,Bearing2_2,3,18,0.0
PRONOSTIA,C2,Bearing2_2,3,18,0.0
PRONOSTIA,C2,Bearing2_2,3,18,0.0
PRONOSTIA,C2,Bearing2_2,3,18,0.0
PRONOSTIA,C2,Bearing2_2,3,18,0.0
PRONOSTIA,C2,Bearing2_2,3,18,0.0
PRONOSTIA,C2,Bearing2_2,3,18,0.0
PRONOSTIA,C2,Bearing2_2,3,18,0.0
PRONOSTIA,C2,Bearing2_2,3,18,0.0
PRONOSTIA,C2,Bearing2_2,3,18,0.0
PRONOSTIA,C2,Bearing2_2,4,20,0.0
PRONOSTIA,C2,Bearing2_2,4,20,0.0
PRONOSTIA,C2,Bearing2_2,4,20,0.0
PRONOSTIA,C2,Bearing2_2,4,20,0.0
PRONOSTIA,C2,Bearing2_2,4,20,0.0
PRONOSTIA,C2,Bearing2_2,4,20,0.0
PRONOSTIA,C2,Bearing2_2,4,20,0.0
PRONOSTIA,C2,Bearing2_2,4,20,0.0
PRONOSTIA,C2,Bearing2_2,4,20,0.0
PRONOSTIA,C2,Bearing2_2,4,20,0.0
PRONOSTIA,C2,Bearing2_2,4,20,0.016666666666666666
PRONOSTIA,C2,Bearing2_2,4,20,0.0
PRONOSTIA,C2,Bearing2_2,4,20,0.0
PRONOSTIA,C2,Bearing2_2,4,20,0.0
PRONOSTIA,C2,Bearing2_2,4,20,0.0
PRONOSTIA,C2,Bearing2_2,4,20,0.0
PRONOSTIA,C2,Bearing2_2,4,20,0.0
PRONOSTIA,C2,Bearing2_2,4,20,0.0
PRONOSTIA,C2,Bearing2_2,4,20,0.0
PRONOSTIA,C2,Bearing2_2,4,20,0.0
PRONOSTIA,C2,Bearing2_2,4,20,0.0
PRONOSTIA,C2,Bearing2_2,4,20,0.0
PRONOSTIA,C2,Bearing2_2,4,20,0.0
PRONOSTIA,C2,Bearing2_2,4,20,0.0
PRONOSTIA,C2,Bearing2_2,4,20,0.0
PRONOSTIA,C2,Bearing2_2,4,20,0.0
PRONOSTIA,C2,Bearing2_2,4,20,0.0
PRONOSTIA,C2,Bearing2_2,4,20,0.0
PRONOSTIA,C2,Bearing2_2,4,20,0.0
PRONOSTIA,C2,Bearing2_2,4,20,0.0
PRONOSTIA,C2,Bearing2_2,4,20,0.0
PRONOSTIA,C2,Bearing2_2,4,20,0.0
PRONOSTIA,C2,Bearing2_2,4,20,0.0
PRONOSTIA,C2,Bearing2_2,4,20,0.0
PRONOSTIA,C2,Bearing2_2,4,20,0.0
PRONOSTIA,C2,Bearing2_2,4,20,0.0
PRONOSTIA,C2,Bearing2_2,4,20,0.0
PRONOSTIA,C2,Bearing2_2,4,20,0.0
PRONOSTIA,C2,Bearing2_2,4,20,0.0
PRONOSTIA,C2,Bearing2_2,4,20,0.0
PRONOSTIA,C2,Bearing2_2,4,20,0.06666666666666667
PRONOSTIA,C2,Bearing2_2,4,20,0.0
PRONOSTIA,C2,Bearing2_2,4,20,0.0
PRONOSTIA,C2,Bearing2_2,4,20,0.0
PRONOSTIA,C2,Bearing2_2,4,20,0.0
PRONOSTIA,C2,Bearing2_2,4,20,0.0
PRONOSTIA,C2,Bearing2_2,4,20,0.0
PRONOSTIA,C2,Bearing2_2,4,20,0.0
PRONOSTIA,C2,Bearing2_2,4,20,0.0
PRONOSTIA,C2,Bearing2_2,4,20,0.0
PRONOSTIA,C2,Bearing2_3,1,20,0.45
PRONOSTIA,C2,Bearing2_3,1,20,0.48333333333333334
PRONOSTIA,C2,Bearing2_3,1,20,0.5666666666666667
PRONOSTIA,C2,Bearing2_3,1,20,0.7833333333333333
PRONOSTIA,C2,Bearing2_3,1,20,0.6
PRONOSTIA,C2,Bearing2_3,1,20,0.1
PRONOSTIA,C2,Bearing2_3,1,20,0.4666666666666667
PRONOSTIA,C2,Bearing2_3,1,20,0.25
PRONOSTIA,C2,Bearing2_3,1,20,0.0
PRONOSTIA,C2,Bearing2_3,1,20,0.0
PRONOSTIA,C2,Bearing2_3,1,20,0.31666666666666665
PRONOSTIA,C2,Bearing2_3,1,20,0.85
PRONOSTIA,C2,Bearing2_3,1,20,0.13333333333333333
PRONOSTIA,C2,Bearing2_3,1,20,0.45
PRONOSTIA,C2,Bearing2_3,1,20,0.2833333333333333
PRONOSTIA,C2,Bearing2_3,1,20,0.5333333333333333
PRONOSTIA,C2,Bearing2_3,1,20,0.0
PRONOSTIA,C2,Bearing2_3,1,20,0.2
PRONOSTIA,C2,Bearing2_3,1,20,0.7166666666666667
PRONOSTIA,C2,Bearing2_3,1,20,0.4
PRONOSTIA,C2,Bearing2_3,1,20,0.9
PRONOSTIA,C2,Bearing2_3,1,20,0.0
PRONOSTIA,C2,Bearing2_3,1,20,1.0
PRONOSTIA,C2,Bearing2_3,1,20,0.65
PRONOSTIA,C2,Bearing2_3,1,20,0.6666666666666666
PRONOSTIA,C2,Bearing2_3,1,20,0.8
PRONOSTIA,C2,Bearing2_3,1,20,0.5
PRONOSTIA,C2,Bearing2_3,1,20,0.5166666666666667
PRONOSTIA,C2,Bearing2_3,1,20,0.7666666666666667
PRONOSTIA,C2,Bearing2_3,1,20,0.7
PRONOSTIA,C2,Bearing2_3,1,20,0.03333333333333333
PRONOSTIA,C2,Bearing2_3,1,20,0.0
PRONOSTIA,C2,Bearing2_3,1,20,0.0
PRONOSTIA,C2,Bearing2_3,1,20,0.8333333333333334
PRONOSTIA,C2,Bearing2_3,1,20,0.8166666666666667
PRONOSTIA,C2,Bearing2_3,1,20,0.0
PRONOSTIA,C2,Bearing2_3,1,20,0.5666666666666667
PRONOSTIA,C2,Bearing2_3,1,20,0.5166666666666667
PRONOSTIA,C2,Bearing2_3,1,20,0.8
PRONOSTIA,C2,Bearing2_3,1,20,0.016666666666666666
PRONOSTIA,C2,Bearing2_3,1,20,0.8166666666666667
PRONOSTIA,C2,Bearing2_3,1,20,0.95
PRONOSTIA,C2,Bearing2_3,1,20,0.2833333333333333
PRONOSTIA,C2,Bearing2_3,1,20,0.4166666666666667
PRONOSTIA,C2,Bearing2_3,1,20,0.8833333333333333
PRONOSTIA,C2,Bearing2_3,1,20,0.5166666666666667
PRONOSTIA,C2,Bearing2_3,1,20,0.6166666666666667
PRONOSTIA,C2,Bearing2_3,1,20,0.0
PRONOSTIA,C2,Bearing2_3,1,20,0.6166666666666667
PRONOSTIA,C2,Bearing2_3,1,20,0.48333333333333334
PRONOSTIA,C2,Bearing2_3,2,20,0.4
PRONOSTIA,C2,Bearing2_3,2,20,0.03333333333333333
PRONOSTIA,C2,Bearing2_3,2,20,0.13333333333333333
PRONOSTIA,C2,Bearing2_3,2,20,0.05
PRONOSTIA,C2,Bearing2_3,2,20,0.6166666666666667
PRONOSTIA,C2,Bearing2_3,2,20,0.5
PRONOSTIA,C2,Bearing2_3,2,20,0.03333333333333333
PRONOSTIA,C2,Bearing2_3,2,20,0.6333333333333333
PRONOSTIA,C2,Bearing2_3,2,20,0.16666666666666666
PRONOSTIA,C2,Bearing2_3,2,20,0.21666666666666667
PRONOSTIA,C2,Bearing2_3,2,20,0.016666666666666666
PRONOSTIA,C2,Bearing2_3,2,20,0.13333333333333333
PRONOSTIA,C2,Bearing2_3,2,20,0.0
PRONOSTIA,C2,Bearing2_3,2,20,0.5166666666666667
PRONOSTIA,C2,Bearing2_3,2,20,0.0
PRONOSTIA,C2,Bearing2_3,2,20,0.4666666666666667
PRONOSTIA,C2,Bearing2_3,2,20,0.05
PRONOSTIA,C2,Bearing2_3,2,20,0.18333333333333332
PRONOSTIA,C2,Bearing2_3,2,20,0.48333333333333334
PRONOSTIA,C2,Bearing2_3,2,20,0.2833333333333333
PRONOSTIA,C2,Bearing2_3,2,20,0.0
PRONOSTIA,C2,Bearing2_3,2,20,0.6166666666666667
PRONOSTIA,C2,Bearing2_3,2,20,0.4666666666666667
PRONOSTIA,C2,Bearing2_3,2,20,0.0
PRONOSTIA,C2,Bearing2_3,2,20,0.48333333333333334
PRONOSTIA,C2,Bearing2_3,2,20,0.0
PRONOSTIA,C2,Bearing2_3,2,20,0.95
PRONOSTIA,C2,Bearing2_3,2,20,0.7
PRONOSTIA,C2,Bearing2_3,2,20,0.1
PRONOSTIA,C2,Bearing2_3,2,20,0.13333333333333333
PRONOSTIA,C2,Bearing2_3,2,20,0.4
PRONOSTIA,C2,Bearing2_3,2,20,0.13333333333333333
PRONOSTIA,C2,Bearing2_3,2,20,0.0
PRONOSTIA,C2,Bearing2_3,2,20,0.5
PRONOSTIA,C2,Bearing2_3,2,20,0.8666666666666667
PRONOSTIA,C2,Bearing2_3,2,20,0.55
PRONOSTIA,C2,Bearing2_3,2,20,0.5
PRONOSTIA,C2,Bearing2_3,2,20,0.05
PRONOSTIA,C2,Bearing2_3,2,20,0.23333333333333334
PRONOSTIA,C2,Bearing2_3,2,20,0.3
PRONOSTIA,C2,Bearing2_3,2,20,0.7666666666666667
PRONOSTIA,C2,Bearing2_3,2,20,0.5166666666666667
PRONOSTIA,C2,Bearing2_3,2,20,0.0
PRONOSTIA,C2,Bearing2_3,2,20,0.23333333333333334
PRONOSTIA,C2,Bearing2_3,2,20,0.7
PRONOSTIA,C2,Bearing2_3,2,20,0.13333333333333333
PRONOSTIA,C2,Bearing2_3,2,20,0.0
PRONOSTIA,C2,Bearing2_3,2,20,0.0
PRONOSTIA,C2,Bearing2_3,2,20,0.06666666666666667
PRONOSTIA,C2,Bearing2_3,2,20,0.5
PRONOSTIA,C2,Bearing2_3,3,18,0.7166666666666667
PRONOSTIA,C2,Bearing2_3,3,18,0.08333333333333333
PRONOSTIA,C2,Bearing2_3,3,18,0.13333333333333333
PRONOSTIA,C2,Bearing2_3,3,18,0.5833333333333334
PRONOSTIA,C2,Bearing2_3,3,18,0.65
PRONOSTIA,C2,Bearing2_3,3,18,0.18333333333333332
PRONOSTIA,C2,Bearing2_3,3,18,0.23333333333333334
PRONOSTIA,C2,Bearing2_3,3,18,0.03333333333333333
PRONOSTIA,C2,Bearing2_3,3,18,0.03333333333333333
PRONOSTIA,C2,Bearing2_3,3,18,0.6166666666666667
PRONOSTIA,C2,Bearing2_3,3,18,0.5333333333333333
PRONOSTIA,C2,Bearing2_3,3,18,0.06666666666666667
PRONOSTIA,C2,Bearing2_3,3,18,0.36666666666666664
PRONOSTIA,C2,Bearing2_3,3,18,0.0
PRONOSTIA,C2,Bearing2_3,3,18,0.5833333333333334
PRONOSTIA,C2,Bearing2_3,3,18,0.0
PRONOSTIA,C2,Bearing2_3,3,18,0.0
PRONOSTIA,C2,Bearing2_3,3,18,0.03333333333333333
PRONOSTIA,C2,Bearing2_3,3,18,0.0
PRONOSTIA,C2,Bearing2_3,3,18,0.0
PRONOSTIA,C2,Bearing2_3,3,18,0.23333333333333334
PRONOSTIA,C2,Bearing2_3,3,18,0.03333333333333333
PRONOSTIA,C2,Bearing2_3,3,18,0.4666666666666667
PRONOSTIA,C2,Bearing2_3,3,18,0.0
PRONOSTIA,C2,Bearing2_3,3,18,0.0
PRONOSTIA,C2,Bearing2_3,3,18,0.31666666666666665
PRONOSTIA,C2,Bearing2_3,3,18,0.3333333333333333
PRONOSTIA,C2,Bearing2_3,3,18,0.2833333333333333
PRONOSTIA,C2,Bearing2_3,3,18,0.6333333333333333
PRONOSTIA,C2,Bearing2_3,3,18,0.05
PRONOSTIA,C2,Bearing2_3,3,18,0.5
PRONOSTIA,C2,Bearing2_3,3,18,0.5666666666666667
PRONOSTIA,C2,Bearing2_3,3,18,0.7833333333333333
PRONOSTIA,C2,Bearing2_3,3,18,0.06666666666666667
PRONOSTIA,C2,Bearing2_3,3,18,0.6833333333333333
PRONOSTIA,C2,Bearing2_3,3,18,0.05
PRONOSTIA,C2,Bearing2_3,3,18,0.08333333333333333
PRONOSTIA,C2,Bearing2_3,3,18,0.1
PRONOSTIA,C2,Bearing2_3,3,18,0.13333333333333333
PRONOSTIA,C2,Bearing2_3,3,18,0.4666666666666667
PRONOSTIA,C2,Bearing2_3,3,18,0.18333333333333332
PRONOSTIA,C2,Bearing2_3,3,18,0.8
PRONOSTIA,C2,Bearing2_3,3,18,0.16666666666666666
PRONOSTIA,C2,Bearing2_3,3,18,0.25
PRONOSTIA,C2,Bearing2_3,3,18,0.23333333333333334
PRONOSTIA,C2,Bearing2_3,3,18,0.0
PRONOSTIA,C2,Bearing2_3,3,18,0.6833333333333333
PRONOSTIA,C2,Bearing2_3,3,18,0.0
PRONOSTIA,C2,Bearing2_3,3,18,0.0
PRONOSTIA,C2,Bearing2_3,3,18,0.85
PRONOSTIA,C2,Bearing2_3,4,20,0.05
PRONOSTIA,C2,Bearing2_3,4,20,0.15
PRONOSTIA,C2,Bearing2_3,4,20,0.03333333333333333
PRONOSTIA,C2,Bearing2_3,4,20,0.0
PRONOSTIA,C2,Bearing2_3,4,20,0.05
PRONOSTIA,C2,Bearing2_3,4,20,0.13333333333333333
PRONOSTIA,C2,Bearing2_3,4,20,0.2
PRONOSTIA,C2,Bearing2_3,4,20,0.016666666666666666
PRONOSTIA,C2,Bearing2_3,4,20,0.16666666666666666
PRONOSTIA,C2,Bearing2_3,4,20,0.13333333333333333
PRONOSTIA,C2,Bearing2_3,4,20,0.5333333333333333
PRONOSTIA,C2,Bearing2_3,4,20,0.55
PRONOSTIA,C2,Bearing2_3,4,20,0.21666666666666667
PRONOSTIA,C2,Bearing2_3,4,20,0.26666666666666666
PRONOSTIA,C2,Bearing2_3,4,20,0.36666666666666664
PRONOSTIA,C2,Bearing2_3,4,20,0.03333333333333333
PRONOSTIA,C2,Bearing2_3,4,20,0.16666666666666666
PRONOSTIA,C2,Bearing2_3,4,20,0.4666666666666667
PRONOSTIA,C2,Bearing2_3,4,20,0.0
PRONOSTIA,C2,Bearing2_3,4,20,0.5666666666666667
PRONOSTIA,C2,Bearing2_3,4,20,0.0
PRONOSTIA,C2,Bearing2_3,4,20,0.0
PRONOSTIA,C2,Bearing2_3,4,20,0.55
PRONOSTIA,C2,Bearing2_3,4,20,0.0
PRONOSTIA,C2,Bearing2_3,4,20,0.35
PRONOSTIA,C2,Bearing2_3,4,20,0.03333333333333333
PRONOSTIA,C2,Bearing2_3,4,20,0.0
PRONOSTIA,C2,Bearing2_3,4,20,0.5666666666666667
PRONOSTIA,C2,Bearing2_3,4,20,0.0
PRONOSTIA,C2,Bearing2_3,4,20,0.0
PRONOSTIA,C2,Bearing2_3,4,20,0.15
PRONOSTIA,C2,Bearing2_3,4,20,0.03333333333333333
PRONOSTIA,C2,Bearing2_3,4,20,0.13333333333333333
PRONOSTIA,C2,Bearing2_3,4,20,0.11666666666666667
PRONOSTIA,C2,Bearing2_3,4,20,0.1
PRONOSTIA,C2,Bearing2_3,4,20,0.6666666666666666
PRONOSTIA,C2,Bearing2_3,4,20,0.16666666666666666
PRONOSTIA,C2,Bearing2_3,4,20,0.43333333333333335
PRONOSTIA,C2,Bearing2_3,4,20,0.55
PRONOSTIA,C2,Bearing2_3,4,20,0.5833333333333334
PRONOSTIA,C2,Bearing2_3,4,20,0.4666666666666667
PRONOSTIA,C2,Bearing2_3,4,20,0.4666666666666667
PRONOSTIA,C2,Bearing2_3,4,20,0.016666666666666666
PRONOSTIA,C2,Bearing2_3,4,20,0.5
PRONOSTIA,C2,Bearing2_3,4,20,0.06666666666666667
PRONOSTIA,C2,Bearing2_3,4,20,0.05
PRONOSTIA,C2,Bearing2_3,4,20,0.13333333333333333
PRONOSTIA,C2,Bearing2_3,4,20,0.0
PRONOSTIA,C2,Bearing2_3,4,20,0.6
PRONOSTIA,C2,Bearing2_3,4,20,0.0
PRONOSTIA,C2,Bearing2_4,1,20,0.0
PRONOSTIA,C2,Bearing2_4,1,20,0.0
PRONOSTIA,C2,Bearing2_4,1,20,0.5666666666666667
PRONOSTIA,C2,Bearing2_4,1,20,0.26666666666666666
PRONOSTIA,C2,Bearing2_4,1,20,0.0
PRONOSTIA,C2,Bearing2_4,1,20,0.03333333333333333
PRONOSTIA,C2,Bearing2_4,1,20,0.23333333333333334
PRONOSTIA,C2,Bearing2_4,1,20,0.16666666666666666
PRONOSTIA,C2,Bearing2_4,1,20,0.0
PRONOSTIA,C2,Bearing2_4,1,20,0.06666666666666667
PRONOSTIA,C2,Bearing2_4,1,20,0.6666666666666666
PRONOSTIA,C2,Bearing2_4,1,20,0.25
PRONOSTIA,C2,Bearing2_4,1,20,0.5666666666666667
PRONOSTIA,C2,Bearing2_4,1,20,0.0
PRONOSTIA,C2,Bearing2_4,1,20,0.1
PRONOSTIA,C2,Bearing2_4,1,20,0.6333333333333333
PRONOSTIA,C2,Bearing2_4,1,20,0.18333333333333332
PRONOSTIA,C2,Bearing2_4,1,20,0.0
PRONOSTIA,C2,Bearing2_4,1,20,0.9
PRONOSTIA,C2,Bearing2_4,1,20,0.0
PRONOSTIA,C2,Bearing2_4,1,20,0.11666666666666667
PRONOSTIA,C2,Bearing2_4,1,20,0.0
PRONOSTIA,C2,Bearing2_4,1,20,0.016666666666666666
PRONOSTIA,C2,Bearing2_4,1,20,0.31666666666666665
PRONOSTIA,C2,Bearing2_4,1,20,0.2833333333333333
PRONOSTIA,C2,Bearing2_4,1,20,0.0
PRONOSTIA,C2,Bearing2_4,1,20,0.016666666666666666
PRONOSTIA,C2,Bearing2_4,1,20,0.0
PRONOSTIA,C2,Bearing2_4,1,20,0.21666666666666667
PRONOSTIA,C2,Bearing2_4,1,20,0.0
PRONOSTIA,C2,Bearing2_4,1,20,0.0
PRONOSTIA,C2,Bearing2_4,1,20,0.0
PRONOSTIA,C2,Bearing2_4,1,20,0.0
PRONOSTIA,C2,Bearing2_4,1,20,0.25
PRONOSTIA,C2,Bearing2_4,1,20,0.0
PRONOSTIA,C2,Bearing2_4,1,20,0.0
PRONOSTIA,C2,Bearing2_4,1,20,0.26666666666666666
PRONOSTIA,C2,Bearing2_4,1,20,0.26666666666666666
PRONOSTIA,C2,Bearing2_4,1,20,0.06666666666666667
PRONOSTIA,C2,Bearing2_4,1,20,0.55
PRONOSTIA,C2,Bearing2_4,1,20,0.0
PRONOSTIA,C2,Bearing2_4,1,20,0.06666666666666667
PRONOSTIA,C2,Bearing2_4,1,20,0.0
PRONOSTIA,C2,Bearing2_4,1,20,0.0
PRONOSTIA,C2,Bearing2_4,1,20,0.08333333333333333
PRONOSTIA,C2,Bearing2_4,1,20,0.08333333333333333
PRONOSTIA,C2,Bearing2_4,1,20,0.0
PRONOSTIA,C2,Bearing2_4,1,20,0.18333333333333332
PRONOSTIA,C2,Bearing2_4,1,20,0.6666666666666666
PRONOSTIA,C2,Bearing2_4,1,20,0.0
PRONOSTIA,C2,Bearing2_4,2,20,0.0
PRONOSTIA,C2,Bearing2_4,2,20,0.0
PRONOSTIA,C2,Bearing2_4,2,20,0.0
PRONOSTIA,C2,Bearing2_4,2,20,0.0
PRONOSTIA,C2,Bearing2_4,2,20,0.0
PRONOSTIA,C2,Bearing2_4,2,20,0.016666666666666666
PRONOSTIA,C2,Bearing2_4,2,20,0.03333333333333333
PRONOSTIA,C2,Bearing2_4,2,20,0.0
PRONOSTIA,C2,Bearing2_4,2,20,0.0
PRONOSTIA,C2,Bearing2_4,2,20,0.0
PRONOSTIA,C2,Bearing2_4,2,20,0.0
PRONOSTIA,C2,Bearing2_4,2,20,0.0
PRONOSTIA,C2,Bearing2_4,2,20,0.0
PRONOSTIA,C2,Bearing2_4,2,20,0.43333333333333335
PRONOSTIA,C2,Bearing2_4,2,20,0.0
PRONOSTIA,C2,Bearing2_4,2,20,0.0
PRONOSTIA,C2,Bearing2_4,2,20,0.0
PRONOSTIA,C2,Bearing2_4,2,20,0.0
PRONOSTIA,C2,Bearing2_4,2,20,0.0
PRONOSTIA,C2,Bearing2_4,2,20,0.0
PRONOSTIA,C2,Bearing2_4,2,20,0.0
PRONOSTIA,C2,Bearing2_4,2,20,0.0
PRONOSTIA,C2,Bearing2_4,2,20,0.0
PRONOSTIA,C2,Bearing2_4,2,20,0.0
PRONOSTIA,C2,Bearing2_4,2,20,0.03333333333333333
PRONOSTIA,C2,Bearing2_4,2,20,0.0
PRONOSTIA,C2,Bearing2_4,2,20,0.0
PRONOSTIA,C2,Bearing2_4,2,20,0.0
PRONOSTIA,C2,Bearing2_4,2,20,0.0
PRONOSTIA,C2,Bearing2_4,2,20,0.0
PRONOSTIA,C2,Bearing2_4,2,20,0.0
PRONOSTIA,C2,Bearing2_4,2,20,0.0
PRONOSTIA,C2,Bearing2_4,2,20,0.0
PRONOSTIA,C2,Bearing2_4,2,20,0.0
PRONOSTIA,C2,Bearing2_4,2,20,0.0
PRONOSTIA,C2,Bearing2_4,2,20,0.016666666666666666
PRONOSTIA,C2,Bearing2_4,2,20,0.0
PRONOSTIA,C2,Bearing2_4,2,20,0.0
PRONOSTIA,C2,Bearing2_4,2,20,0.0
PRONOSTIA,C2,Bearing2_4,2,20,0.0
PRONOSTIA,C2,Bearing2_4,2,20,0.0
PRONOSTIA,C2,Bearing2_4,2,20,0.0
PRONOSTIA,C2,Bearing2_4,2,20,0.0
PRONOSTIA,C2,Bearing2_4,2,20,0.0
PRONOSTIA,C2,Bearing2_4,2,20,0.0
PRONOSTIA,C2,Bearing2_4,2,20,0.0
PRONOSTIA,C2,Bearing2_4,2,20,0.0
PRONOSTIA,C2,Bearing2_4,2,20,0.0
PRONOSTIA,C2,Bearing2_4,2,20,0.03333333333333333
PRONOSTIA,C2,Bearing2_4,2,20,0.0
PRONOSTIA,C2,Bearing2_4,3,18,0.0
PRONOSTIA,C2,Bearing2_4,3,18,0.05
PRONOSTIA,C2,Bearing2_4,3,18,0.0
PRONOSTIA,C2,Bearing2_4,3,18,0.0
PRONOSTIA,C2,Bearing2_4,3,18,0.0
PRONOSTIA,C2,Bearing2_4,3,18,0.0
PRONOSTIA,C2,Bearing2_4,3,18,0.0
PRONOSTIA,C2,Bearing2_4,3,18,0.0
PRONOSTIA,C2,Bearing2_4,3,18,0.0
PRONOSTIA,C2,Bearing2_4,3,18,0.0
PRONOSTIA,C2,Bearing2_4,3,18,0.0
PRONOSTIA,C2,Bearing2_4,3,18,0.0
PRONOSTIA,C2,Bearing2_4,3,18,0.016666666666666666
PRONOSTIA,C2,Bearing2_4,3,18,0.0
PRONOSTIA,C2,Bearing2_4,3,18,0.0
PRONOSTIA,C2,Bearing2_4,3,18,0.0
PRONOSTIA,C2,Bearing2_4,3,18,0.0
PRONOSTIA,C2,Bearing2_4,3,18,0.016666666666666666
PRONOSTIA,C2,Bearing2_4,3,18,0.0
PRONOSTIA,C2,Bearing2_4,3,18,0.0
PRONOSTIA,C2,Bearing2_4,3,18,0.0
PRONOSTIA,C2,Bearing2_4,3,18,0.0
PRONOSTIA,C2,Bearing2_4,3,18,0.0
PRONOSTIA,C2,Bearing2_4,3,18,0.0
PRONOSTIA,C2,Bearing2_4,3,18,0.0
PRONOSTIA,C2,Bearing2_4,3,18,0.0
PRONOSTIA,C2,Bearing2_4,3,18,0.0
PRONOSTIA,C2,Bearing2_4,3,18,0.0
PRONOSTIA,C2,Bearing2_4,3,18,0.0
PRONOSTIA,C2,Bearing2_4,3,18,0.0
PRONOSTIA,C2,Bearing2_4,3,18,0.0
PRONOSTIA,C2,Bearing2_4,3,18,0.0
PRONOSTIA,C2,Bearing2_4,3,18,0.0
PRONOSTIA,C2,Bearing2_4,3,18,0.0
PRONOSTIA,C2,Bearing2_4,3,18,0.0
PRONOSTIA,C2,Bearing2_4,3,18,0.016666666666666666
PRONOSTIA,C2,Bearing2_4,3,18,0.0
PRONOSTIA,C2,Bearing2_4,3,18,0.0
PRONOSTIA,C2,Bearing2_4,3,18,0.0
PRONOSTIA,C2,Bearing2_4,3,18,0.0
PRONOSTIA,C2,Bearing2_4,3,18,0.0
PRONOSTIA,C2,Bearing2_4,3,18,0.0
PRONOSTIA,C2,Bearing2_4,3,18,0.0
PRONOSTIA,C2,Bearing2_4,3,18,0.0
PRONOSTIA,C2,Bearing2_4,3,18,0.0
PRONOSTIA,C2,Bearing2_4,3,18,0.0
PRONOSTIA,C2,Bearing2_4,3,18,0.0
PRONOSTIA,C2,Bearing2_4,3,18,0.0
PRONOSTIA,C2,Bearing2_4,3,18,0.0
PRONOSTIA,C2,Bearing2_4,3,18,0.0
PRONOSTIA,C2,Bearing2_4,4,20,0.0
PRONOSTIA,C2,Bearing2_4,4,20,0.05
PRONOSTIA,C2,Bearing2_4,4,20,0.0
PRONOSTIA,C2,Bearing2_4,4,20,0.0
PRONOSTIA,C2,Bearing2_4,4,20,0.0
PRONOSTIA,C2,Bearing2_4,4,20,0.0
PRONOSTIA,C2,Bearing2_4,4,20,0.0
PRONOSTIA,C2,Bearing2_4,4,20,0.0
PRONOSTIA,C2,Bearing2_4,4,20,0.0
PRONOSTIA,C2,Bearing2_4,4,20,0.0
PRONOSTIA,C2,Bearing2_4,4,20,0.03333333333333333
PRONOSTIA,C2,Bearing2_4,4,20,0.0
PRONOSTIA,C2,Bearing2_4,4,20,0.0
PRONOSTIA,C2,Bearing2_4,4,20,0.0
PRONOSTIA,C2,Bearing2_4,4,20,0.0
PRONOSTIA,C2,Bearing2_4,4,20,0.0
PRONOSTIA,C2,Bearing2_4,4,20,0.0
PRONOSTIA,C2,Bearing2_4,4,20,0.0
PRONOSTIA,C2,Bearing2_4,4,20,0.0
PRONOSTIA,C2,Bearing2_4,4,20,0.0
PRONOSTIA,C2,Bearing2_4,4,20,0.016666666666666666
PRONOSTIA,C2,Bearing2_4,4,20,0.0
PRONOSTIA,C2,Bearing2_4,4,20,0.0
PRONOSTIA,C2,Bearing2_4,4,20,0.0
PRONOSTIA,C2,Bearing2_4,4,20,0.0
PRONOSTIA,C2,Bearing2_4,4,20,0.0
PRONOSTIA,C2,Bearing2_4,4,20,0.0
PRONOSTIA,C2,Bearing2_4,4,20,0.0
PRONOSTIA,C2,Bearing2_4,4,20,0.0
PRONOSTIA,C2,Bearing2_4,4,20,0.016666666666666666
PRONOSTIA,C2,Bearing2_4,4,20,0.0
PRONOSTIA,C2,Bearing2_4,4,20,0.0
PRONOSTIA,C2,Bearing2_4,4,20,0.0
PRONOSTIA,C2,Bearing2_4,4,20,0.0
PRONOSTIA,C2,Bearing2_4,4,20,0.0
PRONOSTIA,C2,Bearing2_4,4,20,0.0
PRONOSTIA,C2,Bearing2_4,4,20,0.0
PRONOSTIA,C2,Bearing2_4,4,20,0.0
PRONOSTIA,C2,Bearing2_4,4,20,0.0
PRONOSTIA,C2,Bearing2_4,4,20,0.0
PRONOSTIA,C2,Bearing2_4,4,20,0.0
PRONOSTIA,C2,Bearing2_4,4,20,0.0
PRONOSTIA,C2,Bearing2_4,4,20,0.0
PRONOSTIA,C2,Bearing2_4,4,20,0.0
PRONOSTIA,C2,Bearing2_4,4,20,0.0
PRONOSTIA,C2,Bearing2_4,4,20,0.0
PRONOSTIA,C2,Bearing2_4,4,20,0.0
PRONOSTIA,C2,Bearing2_4,4,20,0.0
PRONOSTIA,C2,Bearing2_4,4,20,0.0
PRONOSTIA,C2,Bearing2_4,4,20,0.0
PRONOSTIA,C2,Bearing2_5,1,20,0.85
PRONOSTIA,C2,Bearing2_5,1,20,0.05
PRONOSTIA,C2,Bearing2_5,1,20,0.5666666666666667
PRONOSTIA,C2,Bearing2_5,1,20,0.0
PRONOSTIA,C2,Bearing2_5,1,20,0.5166666666666667
PRONOSTIA,C2,Bearing2_5,1,20,0.0
PRONOSTIA,C2,Bearing2_5,1,20,0.8166666666666667
PRONOSTIA,C2,Bearing2_5,1,20,0.35
PRONOSTIA,C2,Bearing2_5,1,20,0.05
PRONOSTIA,C2,Bearing2_5,1,20,0.8333333333333334
PRONOSTIA,C2,Bearing2_5,1,20,0.4
PRONOSTIA,C2,Bearing2_5,1,20,0.48333333333333334
PRONOSTIA,C2,Bearing2_5,1,20,0.4666666666666667
PRONOSTIA,C2,Bearing2_5,1,20,0.2833333333333333
PRONOSTIA,C2,Bearing2_5,1,20,0.05
PRONOSTIA,C2,Bearing2_5,1,20,0.15
PRONOSTIA,C2,Bearing2_5,1,20,0.31666666666666665
PRONOSTIA,C2,Bearing2_5,1,20,0.38333333333333336
PRONOSTIA,C2,Bearing2_5,1,20,0.23333333333333334
PRONOSTIA,C2,Bearing2_5,1,20,0.5166666666666667
PRONOSTIA,C2,Bearing2_5,1,20,0.0
PRONOSTIA,C2,Bearing2_5,1,20,0.4166666666666667
PRONOSTIA,C2,Bearing2_5,1,20,0.36666666666666664
PRONOSTIA,C2,Bearing2_5,1,20,0.0
PRONOSTIA,C2,Bearing2_5,1,20,0.05
PRONOSTIA,C2,Bearing2_5,1,20,0.3
PRONOSTIA,C2,Bearing2_5,1,20,0.25
PRONOSTIA,C2,Bearing2_5,1,20,0.0
PRONOSTIA,C2,Bearing2_5,1,20,0.45
PRONOSTIA,C2,Bearing2_5,1,20,0.0
PRONOSTIA,C2,Bearing2_5,1,20,0.23333333333333334
PRONOSTIA,C2,Bearing2_5,1,20,0.0
PRONOSTIA,C2,Bearing2_5,1,20,0.26666666666666666
PRONOSTIA,C2,Bearing2_5,1,20,0.0
PRONOSTIA,C2,Bearing2_5,1,20,0.6166666666666667
PRONOSTIA,C2,Bearing2_5,1,20,0.05
PRONOSTIA,C2,Bearing2_5,1,20,0.0
PRONOSTIA,C2,Bearing2_5,1,20,0.0
PRONOSTIA,C2,Bearing2_5,1,20,0.0
PRONOSTIA,C2,Bearing2_5,1,20,0.43333333333333335
PRONOSTIA,C2,Bearing2_5,1,20,0.8333333333333334
PRONOSTIA,C2,Bearing2_5,1,20,0.5
PRONOSTIA,C2,Bearing2_5,1,20,0.0
PRONOSTIA,C2,Bearing2_5,1,20,0.2833333333333333
PRONOSTIA,C2,Bearing2_5,1,20,0.4166666666666667
PRONOSTIA,C2,Bearing2_5,1,20,0.2833333333333333
PRONOSTIA,C2,Bearing2_5,1,20,0.3333333333333333
PRONOSTIA,C2,Bearing2_5,1,20,0.38333333333333336
PRONOSTIA,C2,Bearing2_5,1,20,0.16666666666666666
PRONOSTIA,C2,Bearing2_5,1,20,0.0
PRONOSTIA,C2,Bearing2_5,2,20,0.016666666666666666
PRONOSTIA,C2,Bearing2_5,2,20,0.5333333333333333
PRONOSTIA,C2,Bearing2_5,2,20,0.0
PRONOSTIA,C2,Bearing2_5,2,20,0.55
PRONOSTIA,C2,Bearing2_5,2,20,0.48333333333333334
PRONOSTIA,C2,Bearing2_5,2,20,0.05
PRONOSTIA,C2,Bearing2_5,2,20,0.5333333333333333
PRONOSTIA,C2,Bearing2_5,2,20,0.05
PRONOSTIA,C2,Bearing2_5,2,20,0.016666666666666666
PRONOSTIA,C2,Bearing2_5,2,20,0.0
PRONOSTIA,C2,Bearing2_5,2,20,0.0
PRONOSTIA,C2,Bearing2_5,2,20,0.016666666666666666
PRONOSTIA,C2,Bearing2_5,2,20,0.03333333333333333
PRONOSTIA,C2,Bearing2_5,2,20,0.05
PRONOSTIA,C2,Bearing2_5,2,20,0.016666666666666666
PRONOSTIA,C2,Bearing2_5,2,20,0.05
PRONOSTIA,C2,Bearing2_5,2,20,0.0
PRONOSTIA,C2,Bearing2_5,2,20,0.0
PRONOSTIA,C2,Bearing2_5,2,20,0.05
PRONOSTIA,C2,Bearing2_5,2,20,0.5166666666666667
PRONOSTIA,C2,Bearing2_5,2,20,0.03333333333333333
PRONOSTIA,C2,Bearing2_5,2,20,0.0
PRONOSTIA,C2,Bearing2_5,2,20,0.38333333333333336
PRONOSTIA,C2,Bearing2_5,2,20,0.05
PRONOSTIA,C2,Bearing2_5,2,20,0.05
PRONOSTIA,C2,Bearing2_5,2,20,0.0
PRONOSTIA,C2,Bearing2_5,2,20,0.0
PRONOSTIA,C2,Bearing2_5,2,20,0.38333333333333336
PRONOSTIA,C2,Bearing2_5,2,20,0.0
PRONOSTIA,C2,Bearing2_5,2,20,0.31666666666666665
PRONOSTIA,C2,Bearing2_5,2,20,0.5166666666666667
PRONOSTIA,C2,Bearing2_5,2,20,0.6
PRONOSTIA,C2,Bearing2_5,2,20,0.0
PRONOSTIA,C2,Bearing2_5,2,20,0.03333333333333333
PRONOSTIA,C2,Bearing2_5,2,20,0.5
PRONOSTIA,C2,Bearing2_5,2,20,0.0
PRONOSTIA,C2,Bearing2_5,2,20,0.0
PRONOSTIA,C2,Bearing2_5,2,20,0.48333333333333334
PRONOSTIA,C2,Bearing2_5,2,20,0.0
PRONOSTIA,C2,Bearing2_5,2,20,0.48333333333333334
PRONOSTIA,C2,Bearing2_5,2,20,0.48333333333333334
PRONOSTIA,C2,Bearing2_5,2,20,0.0
PRONOSTIA,C2,Bearing2_5,2,20,0.0
PRONOSTIA,C2,Bearing2_5,2,20,0.55
PRONOSTIA,C2,Bearing2_5,2,20,0.3
PRONOSTIA,C2,Bearing2_5,2,20,0.2833333333333333
PRONOSTIA,C2,Bearing2_5,2,20,0.5166666666666667
PRONOSTIA,C2,Bearing2_5,2,20,0.016666666666666666
PRONOSTIA,C2,Bearing2_5,2,20,0.0
PRONOSTIA,C2,Bearing2_5,2,20,0.21666666666666667
PRONOSTIA,C2,Bearing2_5,3,18,0.0
PRONOSTIA,C2,Bearing2_5,3,18,0.03333333333333333
PRONOSTIA,C2,Bearing2_5,3,18,0.0
PRONOSTIA,C2,Bearing2_5,3,18,0.0
PRONOSTIA,C2,Bearing2_5,3,18,0.0
PRONOSTIA,C2,Bearing2_5,3,18,0.0
PRONOSTIA,C2,Bearing2_5,3,18,0.2833333333333333
PRONOSTIA,C2,Bearing2_5,3,18,0.0
PRONOSTIA,C2,Bearing2_5,3,18,0.016666666666666666
PRONOSTIA,C2,Bearing2_5,3,18,0.016666666666666666
PRONOSTIA,C2,Bearing2_5,3,18,0.0
PRONOSTIA,C2,Bearing2_5,3,18,0.0
PRONOSTIA,C2,Bearing2_5,3,18,0.0
PRONOSTIA,C2,Bearing2_5,3,18,0.016666666666666666
PRONOSTIA,C2,Bearing2_5,3,18,0.21666666666666667
PRONOSTIA,C2,Bearing2_5,3,18,0.0
PRONOSTIA,C2,Bearing2_5,3,18,0.0
PRONOSTIA,C2,Bearing2_5,3,18,0.0
PRONOSTIA,C2,Bearing2_5,3,18,0.0
PRONOSTIA,C2,Bearing2_5,3,18,0.0
PRONOSTIA,C2,Bearing2_5,3,18,0.05
PRONOSTIA,C2,Bearing2_5,3,18,0.0
PRONOSTIA,C2,Bearing2_5,3,18,0.0
PRONOSTIA,C2,Bearing2_5,3,18,0.31666666666666665
PRONOSTIA,C2,Bearing2_5,3,18,0.65
PRONOSTIA,C2,Bearing2_5,3,18,0.16666666666666666
PRONOSTIA,C2,Bearing2_5,3,18,0.0
PRONOSTIA,C2,Bearing2_5,3,18,0.0
PRONOSTIA,C2,Bearing2_5,3,18,0.0
PRONOSTIA,C2,Bearing2_5,3,18,0.65
PRONOSTIA,C2,Bearing2_5,3,18,0.0
PRONOSTIA,C2,Bearing2_5,3,18,0.03333333333333333
PRONOSTIA,C2,Bearing2_5,3,18,0.36666666666666664
PRONOSTIA,C2,Bearing2_5,3,18,0.0
PRONOSTIA,C2,Bearing2_5,3,18,0.0
PRONOSTIA,C2,Bearing2_5,3,18,0.0
PRONOSTIA,C2,Bearing2_5,3,18,0.0
PRONOSTIA,C2,Bearing2_5,3,18,0.016666666666666666
PRONOSTIA,C2,Bearing2_5,3,18,0.0
PRONOSTIA,C2,Bearing2_5,3,18,0.0
PRONOSTIA,C2,Bearing2_5,3,18,0.05
PRONOSTIA,C2,Bearing2_5,3,18,0.016666666666666666
PRONOSTIA,C2,Bearing2_5,3,18,0.25
PRONOSTIA,C2,Bearing2_5,3,18,0.0
PRONOSTIA,C2,Bearing2_5,3,18,0.48333333333333334
PRONOSTIA,C2,Bearing2_5,3,18,0.0
PRONOSTIA,C2,Bearing2_5,3,18,0.0
PRONOSTIA,C2,Bearing2_5,3,18,0.7
PRONOSTIA,C2,Bearing2_5,3,18,0.65
PRONOSTIA,C2,Bearing2_5,3,18,0.7333333333333333
PRONOSTIA,C2,Bearing2_5,4,20,0.0
PRONOSTIA,C2,Bearing2_5,4,20,0.03333333333333333
PRONOSTIA,C2,Bearing2_5,4,20,0.0
PRONOSTIA,C2,Bearing2_5,4,20,0.0
PRONOSTIA,C2,Bearing2_5,4,20,0.016666666666666666
PRONOSTIA,C2,Bearing2_5,4,20,0.21666666666666667
PRONOSTIA,C2,Bearing2_5,4,20,0.016666666666666666
PRONOSTIA,C2,Bearing2_5,4,20,0.23333333333333334
PRONOSTIA,C2,Bearing2_5,4,20,0.11666666666666667
PRONOSTIA,C2,Bearing2_5,4,20,0.016666666666666666
PRONOSTIA,C2,Bearing2_5,4,20,0.0
PRONOSTIA,C2,Bearing2_5,4,20,0.5166666666666667
PRONOSTIA,C2,Bearing2_5,4,20,0.016666666666666666
PRONOSTIA,C2,Bearing2_5,4,20,0.0
PRONOSTIA,C2,Bearing2_5,4,20,0.36666666666666664
PRONOSTIA,C2,Bearing2_5,4,20,0.2833333333333333
PRONOSTIA,C2,Bearing2_5,4,20,0.0
PRONOSTIA,C2,Bearing2_5,4,20,0.016666666666666666
PRONOSTIA,C2,Bearing2_5,4,20,0.5833333333333334
PRONOSTIA,C2,Bearing2_5,4,20,0.0
PRONOSTIA,C2,Bearing2_5,4,20,0.0
PRONOSTIA,C2,Bearing2_5,4,20,0.0
PRONOSTIA,C2,Bearing2_5,4,20,0.0
PRONOSTIA,C2,Bearing2_5,4,20,0.0
PRONOSTIA,C2,Bearing2_5,4,20,0.0
PRONOSTIA,C2,Bearing2_5,4,20,0.55
PRONOSTIA,C2,Bearing2_5,4,20,0.3
PRONOSTIA,C2,Bearing2_5,4,20,0.03333333333333333
PRONOSTIA,C2,Bearing2_5,4,20,0.45
PRONOSTIA,C2,Bearing2_5,4,20,0.6333333333333333
PRONOSTIA,C2,Bearing2_5,4,20,0.0
PRONOSTIA,C2,Bearing2_5,4,20,0.65
PRONOSTIA,C2,Bearing2_5,4,20,0.0
PRONOSTIA,C2,Bearing2_5,4,20,0.31666666666666665
PRONOSTIA,C2,Bearing2_5,4,20,0.0
PRONOSTIA,C2,Bearing2_5,4,20,0.0
PRONOSTIA,C2,Bearing2_5,4,20,0.0
PRONOSTIA,C2,Bearing2_5,4,20,0.0
PRONOSTIA,C2,Bearing2_5,4,20,0.0
PRONOSTIA,C2,Bearing2_5,4,20,0.3
PRONOSTIA,C2,Bearing2_5,4,20,0.0
PRONOSTIA,C2,Bearing2_5,4,20,0.016666666666666666
PRONOSTIA,C2,Bearing2_5,4,20,0.0
PRONOSTIA,C2,Bearing2_5,4,20,0.6666666666666666
PRONOSTIA,C2,Bearing2_5,4,20,0.0
PRONOSTIA,C2,Bearing2_5,4,20,0.03333333333333333
PRONOSTIA,C2,Bearing2_5,4,20,0.0
PRONOSTIA,C2,Bearing2_5,4,20,0.0
PRONOSTIA,C2,Bearing2_5,4,20,0.18333333333333332
PRONOSTIA,C2,Bearing2_5,4,20,0.0
PRONOSTIA,C2,Bearing2_6,1,20,0.0
PRONOSTIA,C2,Bearing2_6,1,20,0.31666666666666665
PRONOSTIA,C2,Bearing2_6,1,20,0.0
PRONOSTIA,C2,Bearing2_6,1,20,0.05
PRONOSTIA,C2,Bearing2_6,1,20,0.06666666666666667
PRONOSTIA,C2,Bearing2_6,1,20,0.35
PRONOSTIA,C2,Bearing2_6,1,20,0.0
PRONOSTIA,C2,Bearing2_6,1,20,0.0
PRONOSTIA,C2,Bearing2_6,1,20,0.25
PRONOSTIA,C2,Bearing2_6,1,20,0.3
PRONOSTIA,C2,Bearing2_6,1,20,0.0
PRONOSTIA,C2,Bearing2_6,1,20,0.3
PRONOSTIA,C2,Bearing2_6,1,20,0.31666666666666665
PRONOSTIA,C2,Bearing2_6,1,20,0.0
PRONOSTIA,C2,Bearing2_6,1,20,0.0
PRONOSTIA,C2,Bearing2_6,1,20,0.08333333333333333
PRONOSTIA,C2,Bearing2_6,1,20,0.0
PRONOSTIA,C2,Bearing2_6,1,20,0.48333333333333334
PRONOSTIA,C2,Bearing2_6,1,20,0.0
PRONOSTIA,C2,Bearing2_6,1,20,0.5666666666666667
PRONOSTIA,C2,Bearing2_6,1,20,0.21666666666666667
PRONOSTIA,C2,Bearing2_6,1,20,0.4666666666666667
PRONOSTIA,C2,Bearing2_6,1,20,0.08333333333333333
PRONOSTIA,C2,Bearing2_6,1,20,0.0
PRONOSTIA,C2,Bearing2_6,1,20,0.0
PRONOSTIA,C2,Bearing2_6,1,20,0.0
PRONOSTIA,C2,Bearing2_6,1,20,0.0
PRONOSTIA,C2,Bearing2_6,1,20,0.0
PRONOSTIA,C2,Bearing2_6,1,20,0.0
PRONOSTIA,C2,Bearing2_6,1,20,0.45
PRONOSTIA,C2,Bearing2_6,1,20,0.0
PRONOSTIA,C2,Bearing2_6,1,20,0.016666666666666666
PRONOSTIA,C2,Bearing2_6,1,20,0.15
PRONOSTIA,C2,Bearing2_6,1,20,0.13333333333333333
PRONOSTIA,C2,Bearing2_6,1,20,0.0
PRONOSTIA,C2,Bearing2_6,1,20,0.03333333333333333
PRONOSTIA,C2,Bearing2_6,1,20,0.016666666666666666
PRONOSTIA,C2,Bearing2_6,1,20,0.7166666666666667
PRONOSTIA,C2,Bearing2_6,1,20,0.0
PRONOSTIA,C2,Bearing2_6,1,20,0.0
PRONOSTIA,C2,Bearing2_6,1,20,0.03333333333333333
PRONOSTIA,C2,Bearing2_6,1,20,0.6666666666666666
PRONOSTIA,C2,Bearing2_6,1,20,0.3333333333333333
PRONOSTIA,C2,Bearing2_6,1,20,0.03333333333333333
PRONOSTIA,C2,Bearing2_6,1,20,0.0
PRONOSTIA,C2,Bearing2_6,1,20,0.0
PRONOSTIA,C2,Bearing2_6,1,20,0.11666666666666667
PRONOSTIA,C2,Bearing2_6,1,20,0.0
PRONOSTIA,C2,Bearing2_6,1,20,0.016666666666666666
PRONOSTIA,C2,Bearing2_6,1,20,0.43333333333333335
PRONOSTIA,C2,Bearing2_6,2,20,0.0
PRONOSTIA,C2,Bearing2_6,2,20,0.0
PRONOSTIA,C2,Bearing2_6,2,20,0.0
PRONOSTIA,C2,Bearing2_6,2,20,0.0
PRONOSTIA,C2,Bearing2_6,2,20,0.03333333333333333
PRONOSTIA,C2,Bearing2_6,2,20,0.0
PRONOSTIA,C2,Bearing2_6,2,20,0.11666666666666667
PRONOSTIA,C2,Bearing2_6,2,20,0.0
PRONOSTIA,C2,Bearing2_6,2,20,0.0
PRONOSTIA,C2,Bearing2_6,2,20,0.0
PRONOSTIA,C2,Bearing2_6,2,20,0.0
PRONOSTIA,C2,Bearing2_6,2,20,0.0
PRONOSTIA,C2,Bearing2_6,2,20,0.0
PRONOSTIA,C2,Bearing2_6,2,20,0.0
PRONOSTIA,C2,Bearing2_6,2,20,0.03333333333333333
PRONOSTIA,C2,Bearing2_6,2,20,0.0
PRONOSTIA,C2,Bearing2_6,2,20,0.016666666666666666
PRONOSTIA,C2,Bearing2_6,2,20,0.0
PRONOSTIA,C2,Bearing2_6,2,20,0.0
PRONOSTIA,C2,Bearing2_6,2,20,0.0
PRONOSTIA,C2,Bearing2_6,2,20,0.0
PRONOSTIA,C2,Bearing2_6,2,20,0.0
PRONOSTIA,C2,Bearing2_6,2,20,0.0
PRONOSTIA,C2,Bearing2_6,2,20,0.1
PRONOSTIA,C2,Bearing2_6,2,20,0.65
PRONOSTIA,C2,Bearing2_6,2,20,0.05
PRONOSTIA,C2,Bearing2_6,2,20,0.0
PRONOSTIA,C2,Bearing2_6,2,20,0.0
PRONOSTIA,C2,Bearing2_6,2,20,0.0
PRONOSTIA,C2,Bearing2_6,2,20,0.0
PRONOSTIA,C2,Bearing2_6,2,20,0.0
PRONOSTIA,C2,Bearing2_6,2,20,0.0
PRONOSTIA,C2,Bearing2_6,2,20,0.0
PRONOSTIA,C2,Bearing2_6,2,20,0.0
PRONOSTIA,C2,Bearing2_6,2,20,0.0
PRONOSTIA,C2,Bearing2_6,2,20,0.0
PRONOSTIA,C2,Bearing2_6,2,20,0.0
PRONOSTIA,C2,Bearing2_6,2,20,0.0
PRONOSTIA,C2,Bearing2_6,2,20,0.0
PRONOSTIA,C2,Bearing2_6,2,20,0.0
PRONOSTIA,C2,Bearing2_6,2,20,0.0
PRONOSTIA,C2,Bearing2_6,2,20,0.0
PRONOSTIA,C2,Bearing2_6,2,20,0.0
PRONOSTIA,C2,Bearing2_6,2,20,0.0
PRONOSTIA,C2,Bearing2_6,2,20,0.0
PRONOSTIA,C2,Bearing2_6,2,20,0.13333333333333333
PRONOSTIA,C2,Bearing2_6,2,20,0.0
PRONOSTIA,C2,Bearing2_6,2,20,0.0
PRONOSTIA,C2,Bearing2_6,2,20,0.0
PRONOSTIA,C2,Bearing2_6,2,20,0.0
PRONOSTIA,C2,Bearing2_6,3,18,0.0
PRONOSTIA,C2,Bearing2_6,3,18,0.0
PRONOSTIA,C2,Bearing2_6,3,18,0.0
PRONOSTIA,C2,Bearing2_6,3,18,0.0
PRONOSTIA,C2,Bearing2_6,3,18,0.0
PRONOSTIA,C2,Bearing2_6,3,18,0.0
PRONOSTIA,C2,Bearing2_6,3,18,0.016666666666666666
PRONOSTIA,C2,Bearing2_6,3,18,0.0
PRONOSTIA,C2,Bearing2_6,3,18,0.0
PRONOSTIA,C2,Bearing2_6,3,18,0.0
PRONOSTIA,C2,Bearing2_6,3,18,0.0
PRONOSTIA,C2,Bearing2_6,3,18,0.0
PRONOSTIA,C2,Bearing2_6,3,18,0.0
PRONOSTIA,C2,Bearing2_6,3,18,0.0
PRONOSTIA,C2,Bearing2_6,3,18,0.03333333333333333
PRONOSTIA,C2,Bearing2_6,3,18,0.0
PRONOSTIA,C2,Bearing2_6,3,18,0.0
PRONOSTIA,C2,Bearing2_6,3,18,0.0
PRONOSTIA,C2,Bearing2_6,3,18,0.03333333333333333
PRONOSTIA,C2,Bearing2_6,3,18,0.016666666666666666
PRONOSTIA,C2,Bearing2_6,3,18,0.0
PRONOSTIA,C2,Bearing2_6,3,18,0.0
PRONOSTIA,C2,Bearing2_6,3,18,0.0
PRONOSTIA,C2,Bearing2_6,3,18,0.0
PRONOSTIA,C2,Bearing2_6,3,18,0.0
PRONOSTIA,C2,Bearing2_6,3,18,0.0
PRONOSTIA,C2,Bearing2_6,3,18,0.016666666666666666
PRONOSTIA,C2,Bearing2_6,3,18,0.0
PRONOSTIA,C2,Bearing2_6,3,18,0.2
PRONOSTIA,C2,Bearing2_6,3,18,0.0
PRONOSTIA,C2,Bearing2_6,3,18,0.0
PRONOSTIA,C2,Bearing2_6,3,18,0.0
PRONOSTIA,C2,Bearing2_6,3,18,0.0
PRONOSTIA,C2,Bearing2_6,3,18,0.0
PRONOSTIA,C2,Bearing2_6,3,18,0.0
PRONOSTIA,C2,Bearing2_6,3,18,0.0
PRONOSTIA,C2,Bearing2_6,3,18,0.0
PRONOSTIA,C2,Bearing2_6,3,18,0.0
PRONOSTIA,C2,Bearing2_6,3,18,0.0
PRONOSTIA,C2,Bearing2_6,3,18,0.0
PRONOSTIA,C2,Bearing2_6,3,18,0.0
PRONOSTIA,C2,Bearing2_6,3,18,0.0
PRONOSTIA,C2,Bearing2_6,3,18,0.0
PRONOSTIA,C2,Bearing2_6,3,18,0.0
PRONOSTIA,C2,Bearing2_6,3,18,0.13333333333333333
PRONOSTIA,C2,Bearing2_6,3,18,0.016666666666666666
PRONOSTIA,C2,Bearing2_6,3,18,0.0
PRONOSTIA,C2,Bearing2_6,3,18,0.0
PRONOSTIA,C2,Bearing2_6,3,18,0.0
PRONOSTIA,C2,Bearing2_6,3,18,0.0
PRONOSTIA,C2,Bearing2_6,4,20,0.0
PRONOSTIA,C2,Bearing2_6,4,20,0.0
PRONOSTIA,C2,Bearing2_6,4,20,0.0
PRONOSTIA,C2,Bearing2_6,4,20,0.0
PRONOSTIA,C2,Bearing2_6,4,20,0.0
PRONOSTIA,C2,Bearing2_6,4,20,0.0
PRONOSTIA,C2,Bearing2_6,4,20,0.0
PRONOSTIA,C2,Bearing2_6,4,20,0.016666666666666666
PRONOSTIA,C2,Bearing2_6,4,20,0.0
PRONOSTIA,C2,Bearing2_6,4,20,0.0
PRONOSTIA,C2,Bearing2_6,4,20,0.0
PRONOSTIA,C2,Bearing2_6,4,20,0.0
PRONOSTIA,C2,Bearing2_6,4,20,0.0
PRONOSTIA,C2,Bearing2_6,4,20,0.0
PRONOSTIA,C2,Bearing2_6,4,20,0.0
PRONOSTIA,C2,Bearing2_6,4,20,0.0
PRONOSTIA,C2,Bearing2_6,4,20,0.0
PRONOSTIA,C2,Bearing2_6,4,20,0.0
PRONOSTIA,C2,Bearing2_6,4,20,0.0
PRONOSTIA,C2,Bearing2_6,4,20,0.0
PRONOSTIA,C2,Bearing2_6,4,20,0.0
PRONOSTIA,C2,Bearing2_6,4,20,0.0
PRONOSTIA,C2,Bearing2_6,4,20,0.0
PRONOSTIA,C2,Bearing2_6,4,20,0.0
PRONOSTIA,C2,Bearing2_6,4,20,0.0
PRONOSTIA,C2,Bearing2_6,4,20,0.0
PRONOSTIA,C2,Bearing2_6,4,20,0.0
PRONOSTIA,C2,Bearing2_6,4,20,0.0
PRONOSTIA,C2,Bearing2_6,4,20,0.0
PRONOSTIA,C2,Bearing2_6,4,20,0.0
PRONOSTIA,C2,Bearing2_6,4,20,0.0
PRONOSTIA,C2,Bearing2_6,4,20,0.0
PRONOSTIA,C2,Bearing2_6,4,20,0.0
PRONOSTIA,C2,Bearing2_6,4,20,0.0
PRONOSTIA,C2,Bearing2_6,4,20,0.0
PRONOSTIA,C2,Bearing2_6,4,20,0.0
PRONOSTIA,C2,Bearing2_6,4,20,0.0
PRONOSTIA,C2,Bearing2_6,4,20,0.0
PRONOSTIA,C2,Bearing2_6,4,20,0.0
PRONOSTIA,C2,Bearing2_6,4,20,0.0
PRONOSTIA,C2,Bearing2_6,4,20,0.0
PRONOSTIA,C2,Bearing2_6,4,20,0.0
PRONOSTIA,C2,Bearing2_6,4,20,0.0
PRONOSTIA,C2,Bearing2_6,4,20,0.0
PRONOSTIA,C2,Bearing2_6,4,20,0.0
PRONOSTIA,C2,Bearing2_6,4,20,0.0
PRONOSTIA,C2,Bearing2_6,4,20,0.0
PRONOSTIA,C2,Bearing2_6,4,20,0.0
PRONOSTIA,C2,Bearing2_6,4,20,0.0
PRONOSTIA,C2,Bearing2_6,4,20,0.016666666666666666
PRONOSTIA,C2,Bearing2_7,1,20,0.0
PRONOSTIA,C2,Bearing2_7,1,20,0.0
PRONOSTIA,C2,Bearing2_7,1,20,0.0
PRONOSTIA,C2,Bearing2_7,1,20,0.13043478260869565
PRONOSTIA,C2,Bearing2_7,1,20,0.17391304347826086
PRONOSTIA,C2,Bearing2_7,1,20,0.30434782608695654
PRONOSTIA,C2,Bearing2_7,1,20,0.0
PRONOSTIA,C2,Bearing2_7,1,20,0.043478260869565216
PRONOSTIA,C2,Bearing2_7,1,20,0.0
PRONOSTIA,C2,Bearing2_7,1,20,0.0
PRONOSTIA,C2,Bearing2_7,1,20,0.17391304347826086
PRONOSTIA,C2,Bearing2_7,1,20,0.17391304347826086
PRONOSTIA,C2,Bearing2_7,1,20,0.5217391304347826
PRONOSTIA,C2,Bearing2_7,1,20,0.17391304347826086
PRONOSTIA,C2,Bearing2_7,1,20,0.17391304347826086
PRONOSTIA,C2,Bearing2_7,1,20,0.391304347826087
PRONOSTIA,C2,Bearing2_7,1,20,0.17391304347826086
PRONOSTIA,C2,Bearing2_7,1,20,0.0
PRONOSTIA,C2,Bearing2_7,1,20,0.0
PRONOSTIA,C2,Bearing2_7,1,20,0.0
PRONOSTIA,C2,Bearing2_7,1,20,0.0
PRONOSTIA,C2,Bearing2_7,1,20,0.0
PRONOSTIA,C2,Bearing2_7,1,20,0.391304347826087
PRONOSTIA,C2,Bearing2_7,1,20,0.43478260869565216
PRONOSTIA,C2,Bearing2_7,1,20,0.17391304347826086
PRONOSTIA,C2,Bearing2_7,1,20,0.0
PRONOSTIA,C2,Bearing2_7,1,20,0.0
PRONOSTIA,C2,Bearing2_7,1,20,0.4782608695652174
PRONOSTIA,C2,Bearing2_7,1,20,0.0
PRONOSTIA,C2,Bearing2_7,1,20,0.0
PRONOSTIA,C2,Bearing2_7,1,20,0.043478260869565216
PRONOSTIA,C2,Bearing2_7,1,20,0.0
PRONOSTIA,C2,Bearing2_7,1,20,0.0
PRONOSTIA,C2,Bearing2_7,1,20,0.17391304347826086
PRONOSTIA,C2,Bearing2_7,1,20,0.5217391304347826
PRONOSTIA,C2,Bearing2_7,1,20,0.17391304347826086
PRONOSTIA,C2,Bearing2_7,1,20,0.0
PRONOSTIA,C2,Bearing2_7,1,20,0.08695652173913043
PRONOSTIA,C2,Bearing2_7,1,20,0.0
PRONOSTIA,C2,Bearing2_7,1,20,0.0
PRONOSTIA,C2,Bearing2_7,1,20,0.0
PRONOSTIA,C2,Bearing2_7,1,20,0.13043478260869565
PRONOSTIA,C2,Bearing2_7,1,20,0.0
PRONOSTIA,C2,Bearing2_7,1,20,0.2608695652173913
PRONOSTIA,C2,Bearing2_7,1,20,0.17391304347826086
PRONOSTIA,C2,Bearing2_7,1,20,0.0
PRONOSTIA,C2,Bearing2_7,1,20,0.17391304347826086
PRONOSTIA,C2,Bearing2_7,1,20,0.0
PRONOSTIA,C2,Bearing2_7,1,20,0.0
PRONOSTIA,C2,Bearing2_7,1,20,0.30434782608695654
PRONOSTIA,C2,Bearing2_7,2,20,0.0
PRONOSTIA,C2,Bearing2_7,2,20,0.0
PRONOSTIA,C2,Bearing2_7,2,20,0.0
PRONOSTIA,C2,Bearing2_7,2,20,0.0
PRONOSTIA,C2,Bearing2_7,2,20,0.0
PRONOSTIA,C2,Bearing2_7,2,20,0.0
PRONOSTIA,C2,Bearing2_7,2,20,0.0
PRONOSTIA,C2,Bearing2_7,2,20,0.2608695652173913
PRONOSTIA,C2,Bearing2_7,2,20,0.0
PRONOSTIA,C2,Bearing2_7,2,20,0.17391304347826086
PRONOSTIA,C2,Bearing2_7,2,20,0.34782608695652173
PRONOSTIA,C2,Bearing2_7,2,20,0.0
PRONOSTIA,C2,Bearing2_7,2,20,0.0
PRONOSTIA,C2,Bearing2_7,2,20,0.0
PRONOSTIA,C2,Bearing2_7,2,20,0.13043478260869565
PRONOSTIA,C2,Bearing2_7,2,20,0.17391304347826086
PRONOSTIA,C2,Bearing2_7,2,20,0.0
PRONOSTIA,C2,Bearing2_7,2,20,0.0
PRONOSTIA,C2,Bearing2_7,2,20,0.391304347826087
PRONOSTIA,C2,Bearing2_7,2,20,0.08695652173913043
PRONOSTIA,C2,Bearing2_7,2,20,0.0
PRONOSTIA,C2,Bearing2_7,2,20,0.21739130434782608
PRONOSTIA,C2,Bearing2_7,2,20,0.0
PRONOSTIA,C2,Bearing2_7,2,20,0.0
PRONOSTIA,C2,Bearing2_7,2,20,0.0
PRONOSTIA,C2,Bearing2_7,2,20,0.13043478260869565
PRONOSTIA,C2,Bearing2_7,2,20,0.0
PRONOSTIA,C2,Bearing2_7,2,20,0.0
PRONOSTIA,C2,Bearing2_7,2,20,0.0
PRONOSTIA,C2,Bearing2_7,2,20,0.0
PRONOSTIA,C2,Bearing2_7,2,20,0.0
PRONOSTIA,C2,Bearing2_7,2,20,0.0
PRONOSTIA,C2,Bearing2_7,2,20,0.0
PRONOSTIA,C2,Bearing2_7,2,20,0.0
PRONOSTIA,C2,Bearing2_7,2,20,0.0
PRONOSTIA,C2,Bearing2_7,2,20,0.08695652173913043
PRONOSTIA,C2,Bearing2_7,2,20,0.0
PRONOSTIA,C2,Bearing2_7,2,20,0.0
PRONOSTIA,C2,Bearing2_7,2,20,0.0
PRONOSTIA,C2,Bearing2_7,2,20,0.0
PRONOSTIA,C2,Bearing2_7,2,20,0.0
PRONOSTIA,C2,Bearing2_7,2,20,0.0
PRONOSTIA,C2,Bearing2_7,2,20,0.0
PRONOSTIA,C2,Bearing2_7,2,20,0.17391304347826086
PRONOSTIA,C2,Bearing2_7,2,20,0.0
PRONOSTIA,C2,Bearing2_7,2,20,0.17391304347826086
PRONOSTIA,C2,Bearing2_7,2,20,0.0
PRONOSTIA,C2,Bearing2_7,2,20,0.0
PRONOSTIA,C2,Bearing2_7,2,20,0.0
PRONOSTIA,C2,Bearing2_7,2,20,0.0
PRONOSTIA,C2,Bearing2_7,3,18,0.0
PRONOSTIA,C2,Bearing2_7,3,18,0.0
PRONOSTIA,C2,Bearing2_7,3,18,0.0
PRONOSTIA,C2,Bearing2_7,3,18,0.0
PRONOSTIA,C2,Bearing2_7,3,18,0.0
PRONOSTIA,C2,Bearing2_7,3,18,0.0
PRONOSTIA,C2,Bearing2_7,3,18,0.34782608695652173
PRONOSTIA,C2,Bearing2_7,3,18,0.0
PRONOSTIA,C2,Bearing2_7,3,18,0.0
PRONOSTIA,C2,Bearing2_7,3,18,0.0
PRONOSTIA,C2,Bearing2_7,3,18,0.0
PRONOSTIA,C2,Bearing2_7,3,18,0.17391304347826086
PRONOSTIA,C2,Bearing2_7,3,18,0.0
PRONOSTIA,C2,Bearing2_7,3,18,0.0
PRONOSTIA,C2,Bearing2_7,3,18,0.0
PRONOSTIA,C2,Bearing2_7,3,18,0.0
PRONOSTIA,C2,Bearing2_7,3,18,0.0
PRONOSTIA,C2,Bearing2_7,3,18,0.0
PRONOSTIA,C2,Bearing2_7,3,18,0.0
PRONOSTIA,C2,Bearing2_7,3,18,0.0
PRONOSTIA,C2,Bearing2_7,3,18,0.0
PRONOSTIA,C2,Bearing2_7,3,18,0.0
PRONOSTIA,C2,Bearing2_7,3,18,0.0
PRONOSTIA,C2,Bearing2_7,3,18,0.0
PRONOSTIA,C2,Bearing2_7,3,18,0.0
PRONOSTIA,C2,Bearing2_7,3,18,0.0
PRONOSTIA,C2,Bearing2_7,3,18,0.0
PRONOSTIA,C2,Bearing2_7,3,18,0.0
PRONOSTIA,C2,Bearing2_7,3,18,0.0
PRONOSTIA,C2,Bearing2_7,3,18,0.0
PRONOSTIA,C2,Bearing2_7,3,18,0.13043478260869565
PRONOSTIA,C2,Bearing2_7,3,18,0.0
PRONOSTIA,C2,Bearing2_7,3,18,0.0
PRONOSTIA,C2,Bearing2_7,3,18,0.0
PRONOSTIA,C2,Bearing2_7,3,18,0.0
PRONOSTIA,C2,Bearing2_7,3,18,0.0
PRONOSTIA,C2,Bearing2_7,3,18,0.0
PRONOSTIA,C2,Bearing2_7,3,18,0.0
PRONOSTIA,C2,Bearing2_7,3,18,0.0
PRONOSTIA,C2,Bearing2_7,3,18,0.0
PRONOSTIA,C2,Bearing2_7,3,18,0.0
PRONOSTIA,C2,Bearing2_7,3,18,0.0
PRONOSTIA,C2,Bearing2_7,3,18,0.0
PRONOSTIA,C2,Bearing2_7,3,18,0.21739130434782608
PRONOSTIA,C2,Bearing2_7,3,18,0.0
PRONOSTIA,C2,Bearing2_7,3,18,0.0
PRONOSTIA,C2,Bearing2_7,3,18,0.0
PRONOSTIA,C2,Bearing2_7,3,18,0.0
PRONOSTIA,C2,Bearing2_7,3,18,0.34782608695652173
PRONOSTIA,C2,Bearing2_7,3,18,0.0
PRONOSTIA,C2,Bearing2_7,4,20,0.0
PRONOSTIA,C2,Bearing2_7,4,20,0.0
PRONOSTIA,C2,Bearing2_7,4,20,0.0
PRONOSTIA,C2,Bearing2_7,4,20,0.0
PRONOSTIA,C2,Bearing2_7,4,20,0.0
PRONOSTIA,C2,Bearing2_7,4,20,0.0
PRONOSTIA,C2,Bearing2_7,4,20,0.0
PRONOSTIA,C2,Bearing2_7,4,20,0.0
PRONOSTIA,C2,Bearing2_7,4,20,0.0
PRONOSTIA,C2,Bearing2_7,4,20,0.0
PRONOSTIA,C2,Bearing2_7,4,20,0.0
PRONOSTIA,C2,Bearing2_7,4,20,0.0
PRONOSTIA,C2,Bearing2_7,4,20,0.0
PRONOSTIA,C2,Bearing2_7,4,20,0.0
PRONOSTIA,C2,Bearing2_7,4,20,0.0
PRONOSTIA,C2,Bearing2_7,4,20,0.0
PRONOSTIA,C2,Bearing2_7,4,20,0.0
PRONOSTIA,C2,Bearing2_7,4,20,0.0
PRONOSTIA,C2,Bearing2_7,4,20,0.0
PRONOSTIA,C2,Bearing2_7,4,20,0.0
PRONOSTIA,C2,Bearing2_7,4,20,0.0
PRONOSTIA,C2,Bearing2_7,4,20,0.17391304347826086
PRONOSTIA,C2,Bearing2_7,4,20,0.0
PRONOSTIA,C2,Bearing2_7,4,20,0.0
PRONOSTIA,C2,Bearing2_7,4,20,0.0
PRONOSTIA,C2,Bearing2_7,4,20,0.0
PRONOSTIA,C2,Bearing2_7,4,20,0.0
PRONOSTIA,C2,Bearing2_7,4,20,0.0
PRONOSTIA,C2,Bearing2_7,4,20,0.17391304347826086
PRONOSTIA,C2,Bearing2_7,4,20,0.13043478260869565
PRONOSTIA,C2,Bearing2_7,4,20,0.0
PRONOSTIA,C2,Bearing2_7,4,20,0.0
PRONOSTIA,C2,Bearing2_7,4,20,0.0
PRONOSTIA,C2,Bearing2_7,4,20,0.0
PRONOSTIA,C2,Bearing2_7,4,20,0.0
PRONOSTIA,C2,Bearing2_7,4,20,0.0
PRONOSTIA,C2,Bearing2_7,4,20,0.0
PRONOSTIA,C2,Bearing2_7,4,20,0.0
PRONOSTIA,C2,Bearing2_7,4,20,0.0
PRONOSTIA,C2,Bearing2_7,4,20,0.0
PRONOSTIA,C2,Bearing2_7,4,20,0.0
PRONOSTIA,C2,Bearing2_7,4,20,0.0
PRONOSTIA,C2,Bearing2_7,4,20,0.0
PRONOSTIA,C2,Bearing2_7,4,20,0.13043478260869565
PRONOSTIA,C2,Bearing2_7,4,20,0.0
PRONOSTIA,C2,Bearing2_7,4,20,0.0
PRONOSTIA,C2,Bearing2_7,4,20,0.0
PRONOSTIA,C2,Bearing2_7,4,20,0.0
PRONOSTIA,C2,Bearing2_7,4,20,0.0
PRONOSTIA,C2,Bearing2_7,4,20,0.0
PRONOSTIA,C3,Bearing3_1,1,20,0.0392156862745098
PRONOSTIA,C3,Bearing3_1,1,20,0.09803921568627451
PRONOSTIA,C3,Bearing3_1,1,20,0.35294117647058826
PRONOSTIA,C3,Bearing3_1,1,20,0.0196078431372549
PRONOSTIA,C3,Bearing3_1,1,20,0.0392156862745098
PRONOSTIA,C3,Bearing3_1,1,20,0.3333333333333333
PRONOSTIA,C3,Bearing3_1,1,20,0.19607843137254902
PRONOSTIA,C3,Bearing3_1,1,20,0.39215686274509803
PRONOSTIA,C3,Bearing3_1,1,20,0.17647058823529413
PRONOSTIA,C3,Bearing3_1,1,20,0.9215686274509803
PRONOSTIA,C3,Bearing3_1,1,20,0.11764705882352941
PRONOSTIA,C3,Bearing3_1,1,20,0.37254901960784315
PRONOSTIA,C3,Bearing3_1,1,20,0.13725490196078433
PRONOSTIA,C3,Bearing3_1,1,20,0.0784313725490196
PRONOSTIA,C3,Bearing3_1,1,20,0.13725490196078433
PRONOSTIA,C3,Bearing3_1,1,20,0.0196078431372549
PRONOSTIA,C3,Bearing3_1,1,20,0.0392156862745098
PRONOSTIA,C3,Bearing3_1,1,20,0.09803921568627451
PRONOSTIA,C3,Bearing3_1,1,20,0.5098039215686274
PRONOSTIA,C3,Bearing3_1,1,20,0.29411764705882354
PRONOSTIA,C3,Bearing3_1,1,20,0.0
PRONOSTIA,C3,Bearing3_1,1,20,0.17647058823529413
PRONOSTIA,C3,Bearing3_1,1,20,0.13725490196078433
PRONOSTIA,C3,Bearing3_1,1,20,0.45098039215686275
PRONOSTIA,C3,Bearing3_1,1,20,0.0392156862745098
PRONOSTIA,C3,Bearing3_1,1,20,0.21568627450980393
PRONOSTIA,C3,Bearing3_1,1,20,0.0784313725490196
PRONOSTIA,C3,Bearing3_1,1,20,0.35294117647058826
PRONOSTIA,C3,Bearing3_1,1,20,0.11764705882352941
PRONOSTIA,C3,Bearing3_1,1,20,0.0196078431372549
PRONOSTIA,C3,Bearing3_1,1,20,0.37254901960784315
PRONOSTIA,C3,Bearing3_1,1,20,0.0392156862745098
PRONOSTIA,C3,Bearing3_1,1,20,0.7647058823529411
PRONOSTIA,C3,Bearing3_1,1,20,0.35294117647058826
PRONOSTIA,C3,Bearing3_1,1,20,0.09803921568627451
PRONOSTIA,C3,Bearing3_1,1,20,0.0392156862745098
PRONOSTIA,C3,Bearing3_1,1,20,0.0196078431372549
PRONOSTIA,C3,Bearing3_1,1,20,0.11764705882352941
PRONOSTIA,C3,Bearing3_1,1,20,0.0196078431372549
PRONOSTIA,C3,Bearing3_1,1,20,0.0392156862745098
PRONOSTIA,C3,Bearing3_1,1,20,0.39215686274509803
PRONOSTIA,C3,Bearing3_1,1,20,0.49019607843137253
PRONOSTIA,C3,Bearing3_1,1,20,0.17647058823529413
PRONOSTIA,C3,Bearing3_1,1,20,1.0
PRONOSTIA,C3,Bearing3_1,1,20,0.13725490196078433
PRONOSTIA,C3,Bearing3_1,1,20,0.0392156862745098
PRONOSTIA,C3,Bearing3_1,1,20,0.43137254901960786
PRONOSTIA,C3,Bearing3_1,1,20,0.4117647058823529
PRONOSTIA,C3,Bearing3_1,1,20,0.0196078431372549
PRONOSTIA,C3,Bearing3_1,1,20,0.21568627450980393
PRONOSTIA,C3,Bearing3_1,2,20,0.0392156862745098
PRONOSTIA,C3,Bearing3_1,2,20,0.1568627450980392
PRONOSTIA,C3,Bearing3_1,2,20,0.0784313725490196
PRONOSTIA,C3,Bearing3_1,2,20,0.0196078431372549
PRONOSTIA,C3,Bearing3_1,2,20,0.0196078431372549
PRONOSTIA,C3,Bearing3_1,2,20,0.21568627450980393
PRONOSTIA,C3,Bearing3_1,2,20,0.0392156862745098
PRONOSTIA,C3,Bearing3_1,2,20,0.0
PRONOSTIA,C3,Bearing3_1,2,20,0.21568627450980393
PRONOSTIA,C3,Bearing3_1,2,20,0.21568627450980393
PRONOSTIA,C3,Bearing3_1,2,20,0.0196078431372549
PRONOSTIA,C3,Bearing3_1,2,20,0.0196078431372549
PRONOSTIA,C3,Bearing3_1,2,20,0.3137254901960784
PRONOSTIA,C3,Bearing3_1,2,20,0.13725490196078433
PRONOSTIA,C3,Bearing3_1,2,20,0.0392156862745098
PRONOSTIA,C3,Bearing3_1,2,20,0.17647058823529413
PRONOSTIA,C3,Bearing3_1,2,20,0.1568627450980392
PRONOSTIA,C3,Bearing3_1,2,20,0.0
PRONOSTIA,C3,Bearing3_1,2,20,0.0
PRONOSTIA,C3,Bearing3_1,2,20,0.21568627450980393
PRONOSTIA,C3,Bearing3_1,2,20,0.058823529411764705
PRONOSTIA,C3,Bearing3_1,2,20,0.0196078431372549
PRONOSTIA,C3,Bearing3_1,2,20,0.0784313725490196
PRONOSTIA,C3,Bearing3_1,2,20,0.43137254901960786
PRONOSTIA,C3,Bearing3_1,2,20,0.0196078431372549
PRONOSTIA,C3,Bearing3_1,2,20,0.0196078431372549
PRONOSTIA,C3,Bearing3_1,2,20,0.0392156862745098
PRONOSTIA,C3,Bearing3_1,2,20,0.27450980392156865
PRONOSTIA,C3,Bearing3_1,2,20,0.0196078431372549
PRONOSTIA,C3,Bearing3_1,2,20,0.0196078431372549
PRONOSTIA,C3,Bearing3_1,2,20,0.0196078431372549
PRONOSTIA,C3,Bearing3_1,2,20,0.0392156862745098
PRONOSTIA,C3,Bearing3_1,2,20,0.058823529411764705
PRONOSTIA,C3,Bearing3_1,2,20,0.0196078431372549
PRONOSTIA,C3,Bearing3_1,2,20,0.0392156862745098
PRONOSTIA,C3,Bearing3_1,2,20,0.0392156862745098
PRONOSTIA,C3,Bearing3_1,2,20,0.09803921568627451
PRONOSTIA,C3,Bearing3_1,2,20,0.1568627450980392
PRONOSTIA,C3,Bearing3_1,2,20,0.0392156862745098
PRONOSTIA,C3,Bearing3_1,2,20,0.0
PRONOSTIA,C3,Bearing3_1,2,20,0.0392156862745098
PRONOSTIA,C3,Bearing3_1,2,20,0.3137254901960784
PRONOSTIA,C3,Bearing3_1,2,20,0.1568627450980392
PRONOSTIA,C3,Bearing3_1,2,20,0.0392156862745098
PRONOSTIA,C3,Bearing3_1,2,20,0.0392156862745098
PRONOSTIA,C3,Bearing3_1,2,20,0.058823529411764705
PRONOSTIA,C3,Bearing3_1,2,20,0.0392156862745098
PRONOSTIA,C3,Bearing3_1,2,20,0.0392156862745098
PRONOSTIA,C3,Bearing3_1,2,20,0.0392156862745098
PRONOSTIA,C3,Bearing3_1,2,20,0.23529411764705882
PRONOSTIA,C3,Bearing3_2,1,20,0.0
PRONOSTIA,C3,Bearing3_2,1,20,0.36666666666666664
PRONOSTIA,C3,Bearing3_2,1,20,1.0
PRONOSTIA,C3,Bearing3_2,1,20,0.08333333333333333
PRONOSTIA,C3,Bearing3_2,1,20,0.06666666666666667
PRONOSTIA,C3,Bearing3_2,1,20,0.0
PRONOSTIA,C3,Bearing3_2,1,20,0.08333333333333333
PRONOSTIA,C3,Bearing3_2,1,20,0.03333333333333333
PRONOSTIA,C3,Bearing3_2,1,20,0.016666666666666666
PRONOSTIA,C3,Bearing3_2,1,20,0.0
PRONOSTIA,C3,Bearing3_2,1,20,0.11666666666666667
PRONOSTIA,C3,Bearing3_2,1,20,0.2
PRONOSTIA,C3,Bearing3_2,1,20,0.11666666666666667
PRONOSTIA,C3,Bearing3_2,1,20,0.06666666666666667
PRONOSTIA,C3,Bearing3_2,1,20,0.08333333333333333
PRONOSTIA,C3,Bearing3_2,1,20,0.35
PRONOSTIA,C3,Bearing3_2,1,20,0.1
PRONOSTIA,C3,Bearing3_2,1,20,0.0
PRONOSTIA,C3,Bearing3_2,1,20,0.03333333333333333
PRONOSTIA,C3,Bearing3_2,1,20,0.9333333333333333
PRONOSTIA,C3,Bearing3_2,1,20,0.2
PRONOSTIA,C3,Bearing3_2,1,20,0.0
PRONOSTIA,C3,Bearing3_2,1,20,0.4
PRONOSTIA,C3,Bearing3_2,1,20,0.15
PRONOSTIA,C3,Bearing3_2,1,20,0.06666666666666667
PRONOSTIA,C3,Bearing3_2,1,20,0.06666666666666667
PRONOSTIA,C3,Bearing3_2,1,20,0.0
PRONOSTIA,C3,Bearing3_2,1,20,0.08333333333333333
PRONOSTIA,C3,Bearing3_2,1,20,0.13333333333333333
PRONOSTIA,C3,Bearing3_2,1,20,0.2
PRONOSTIA,C3,Bearing3_2,1,20,0.06666666666666667
PRONOSTIA,C3,Bearing3_2,1,20,0.18333333333333332
PRONOSTIA,C3,Bearing3_2,1,20,0.48333333333333334
PRONOSTIA,C3,Bearing3_2,1,20,0.03333333333333333
PRONOSTIA,C3,Bearing3_2,1,20,0.45
PRONOSTIA,C3,Bearing3_2,1,20,0.0
PRONOSTIA,C3,Bearing3_2,1,20,0.0
PRONOSTIA,C3,Bearing3_2,1,20,0.016666666666666666
PRONOSTIA,C3,Bearing3_2,1,20,0.08333333333333333
PRONOSTIA,C3,Bearing3_2,1,20,0.0
PRONOSTIA,C3,Bearing3_2,1,20,0.0
PRONOSTIA,C3,Bearing3_2,1,20,0.0
PRONOSTIA,C3,Bearing3_2,1,20,0.11666666666666667
PRONOSTIA,C3,Bearing3_2,1,20,0.1
PRONOSTIA,C3,Bearing3_2,1,20,0.0
PRONOSTIA,C3,Bearing3_2,1,20,0.0
PRONOSTIA,C3,Bearing3_2,1,20,0.48333333333333334
PRONOSTIA,C3,Bearing3_2,1,20,1.0
PRONOSTIA,C3,Bearing3_2,1,20,0.0
PRONOSTIA,C3,Bearing3_2,1,20,0.11666666666666667
PRONOSTIA,C3,Bearing3_2,2,20,0.0
PRONOSTIA,C3,Bearing3_2,2,20,0.0
PRONOSTIA,C3,Bearing3_2,2,20,0.05
PRONOSTIA,C3,Bearing3_2,2,20,0.0
PRONOSTIA,C3,Bearing3_2,2,20,0.0
PRONOSTIA,C3,Bearing3_2,2,20,0.0
PRONOSTIA,C3,Bearing3_2,2,20,0.0
PRONOSTIA,C3,Bearing3_2,2,20,0.0
PRONOSTIA,C3,Bearing3_2,2,20,0.05
PRONOSTIA,C3,Bearing3_2,2,20,0.016666666666666666
PRONOSTIA,C3,Bearing3_2,2,20,0.0
PRONOSTIA,C3,Bearing3_2,2,20,0.0
PRONOSTIA,C3,Bearing3_2,2,20,0.0
PRONOSTIA,C3,Bearing3_2,2,20,0.0
PRONOSTIA,C3,Bearing3_2,2,20,0.0
PRONOSTIA,C3,Bearing3_2,2,20,0.0
PRONOSTIA,C3,Bearing3_2,2,20,0.0
PRONOSTIA,C3,Bearing3_2,2,20,0.0
PRONOSTIA,C3,Bearing3_2,2,20,0.05
PRONOSTIA,C3,Bearing3_2,2,20,0.016666666666666666
PRONOSTIA,C3,Bearing3_2,2,20,0.0
PRONOSTIA,C3,Bearing3_2,2,20,0.0
PRONOSTIA,C3,Bearing3_2,2,20,0.11666666666666667
PRONOSTIA,C3,Bearing3_2,2,20,0.0
PRONOSTIA,C3,Bearing3_2,2,20,0.0
PRONOSTIA,C3,Bearing3_2,2,20,0.0
PRONOSTIA,C3,Bearing3_2,2,20,0.06666666666666667
PRONOSTIA,C3,Bearing3_2,2,20,0.0
PRONOSTIA,C3,Bearing3_2,2,20,0.0
PRONOSTIA,C3,Bearing3_2,2,20,0.0
PRONOSTIA,C3,Bearing3_2,2,20,0.0
PRONOSTIA,C3,Bearing3_2,2,20,0.0
PRONOSTIA,C3,Bearing3_2,2,20,0.05
PRONOSTIA,C3,Bearing3_2,2,20,0.0
PRONOSTIA,C3,Bearing3_2,2,20,0.0
PRONOSTIA,C3,Bearing3_2,2,20,0.0
PRONOSTIA,C3,Bearing3_2,2,20,0.0
PRONOSTIA,C3,Bearing3_2,2,20,0.016666666666666666
PRONOSTIA,C3,Bearing3_2,2,20,0.0
PRONOSTIA,C3,Bearing3_2,2,20,0.0
PRONOSTIA,C3,Bearing3_2,2,20,0.0
PRONOSTIA,C3,Bearing3_2,2,20,0.0
PRONOSTIA,C3,Bearing3_2,2,20,0.0
PRONOSTIA,C3,Bearing3_2,2,20,0.0
PRONOSTIA,C3,Bearing3_2,2,20,0.0
PRONOSTIA,C3,Bearing3_2,2,20,0.0
PRONOSTIA,C3,Bearing3_2,2,20,0.0
PRONOSTIA,C3,Bearing3_2,2,20,0.0
PRONOSTIA,C3,Bearing3_2,2,20,0.0
PRONOSTIA,C3,Bearing3_2,2,20,0.0
PRONOSTIA,C3,Bearing3_3,1,20,0.023255813953488372
PRONOSTIA,C3,Bearing3_3,1,20,0.046511627906976744
PRONOSTIA,C3,Bearing3_3,1,20,0.0
PRONOSTIA,C3,Bearing3_3,1,20,0.046511627906976744
PRONOSTIA,C3,Bearing3_3,1,20,0.16279069767441862
PRONOSTIA,C3,Bearing3_3,1,20,0.046511627906976744
PRONOSTIA,C3,Bearing3_3,1,20,0.046511627906976744
PRONOSTIA,C3,Bearing3_3,1,20,0.046511627906976744
PRONOSTIA,C3,Bearing3_3,1,20,0.7441860465116279
PRONOSTIA,C3,Bearing3_3,1,20,1.0
PRONOSTIA,C3,Bearing3_3,1,20,0.13953488372093023
PRONOSTIA,C3,Bearing3_3,1,20,0.06976744186046512
PRONOSTIA,C3,Bearing3_3,1,20,0.0
PRONOSTIA,C3,Bearing3_3,1,20,0.5581395348837209
PRONOSTIA,C3,Bearing3_3,1,20,0.46511627906976744
PRONOSTIA,C3,Bearing3_3,1,20,0.023255813953488372
PRONOSTIA,C3,Bearing3_3,1,20,0.5813953488372093
PRONOSTIA,C3,Bearing3_3,1,20,0.046511627906976744
PRONOSTIA,C3,Bearing3_3,1,20,0.0
PRONOSTIA,C3,Bearing3_3,1,20,0.18604651162790697
PRONOSTIA,C3,Bearing3_3,1,20,0.06976744186046512
PRONOSTIA,C3,Bearing3_3,1,20,0.046511627906976744
PRONOSTIA,C3,Bearing3_3,1,20,0.046511627906976744
PRONOSTIA,C3,Bearing3_3,1,20,0.627906976744186
PRONOSTIA,C3,Bearing3_3,1,20,0.046511627906976744
PRONOSTIA,C3,Bearing3_3,1,20,0.0
PRONOSTIA,C3,Bearing3_3,1,20,0.0
PRONOSTIA,C3,Bearing3_3,1,20,0.13953488372093023
PRONOSTIA,C3,Bearing3_3,1,20,0.06976744186046512
PRONOSTIA,C3,Bearing3_3,1,20,0.046511627906976744
PRONOSTIA,C3,Bearing3_3,1,20,0.46511627906976744
PRONOSTIA,C3,Bearing3_3,1,20,0.20930232558139536
PRONOSTIA,C3,Bearing3_3,1,20,0.046511627906976744
PRONOSTIA,C3,Bearing3_3,1,20,0.046511627906976744
PRONOSTIA,C3,Bearing3_3,1,20,0.9534883720930233
PRONOSTIA,C3,Bearing3_3,1,20,0.0
PRONOSTIA,C3,Bearing3_3,1,20,0.06976744186046512
PRONOSTIA,C3,Bearing3_3,1,20,0.046511627906976744
PRONOSTIA,C3,Bearing3_3,1,20,0.46511627906976744
PRONOSTIA,C3,Bearing3_3,1,20,0.046511627906976744
PRONOSTIA,C3,Bearing3_3,1,20,0.046511627906976744
PRONOSTIA,C3,Bearing3_3,1,20,0.0
PRONOSTIA,C3,Bearing3_3,1,20,0.046511627906976744
PRONOSTIA,C3,Bearing3_3,1,20,0.0
PRONOSTIA,C3,Bearing3_3,1,20,0.09302325581395349
PRONOSTIA,C3,Bearing3_3,1,20,0.2558139534883721
PRONOSTIA,C3,Bearing3_3,1,20,0.09302325581395349
PRONOSTIA,C3,Bearing3_3,1,20,0.023255813953488372
PRONOSTIA,C3,Bearing3_3,1,20,0.46511627906976744
PRONOSTIA,C3,Bearing3_3,1,20,0.0
PRONOSTIA,C3,Bearing3_3,2,20,0.0
PRONOSTIA,C3,Bearing3_3,2,20,0.0
PRONOSTIA,C3,Bearing3_3,2,20,0.5116279069767442
PRONOSTIA,C3,Bearing3_3,2,20,0.0
PRONOSTIA,C3,Bearing3_3,2,20,0.18604651162790697
PRONOSTIA,C3,Bearing3_3,2,20,0.0
PRONOSTIA,C3,Bearing3_3,2,20,0.0
PRONOSTIA,C3,Bearing3_3,2,20,0.023255813953488372
PRONOSTIA,C3,Bearing3_3,2,20,0.0
PRONOSTIA,C3,Bearing3_3,2,20,0.023255813953488372
PRONOSTIA,C3,Bearing3_3,2,20,0.0
PRONOSTIA,C3,Bearing3_3,2,20,0.0
PRONOSTIA,C3,Bearing3_3,2,20,0.0
PRONOSTIA,C3,Bearing3_3,2,20,0.11627906976744186
PRONOSTIA,C3,Bearing3_3,2,20,0.046511627906976744
PRONOSTIA,C3,Bearing3_3,2,20,0.023255813953488372
PRONOSTIA,C3,Bearing3_3,2,20,0.0
PRONOSTIA,C3,Bearing3_3,2,20,0.16279069767441862
PRONOSTIA,C3,Bearing3_3,2,20,0.11627906976744186
PRONOSTIA,C3,Bearing3_3,2,20,0.023255813953488372
PRONOSTIA,C3,Bearing3_3,2,20,0.0
PRONOSTIA,C3,Bearing3_3,2,20,0.046511627906976744
PRONOSTIA,C3,Bearing3_3,2,20,0.0
PRONOSTIA,C3,Bearing3_3,2,20,0.16279069767441862
PRONOSTIA,C3,Bearing3_3,2,20,0.0
PRONOSTIA,C3,Bearing3_3,2,20,0.0
PRONOSTIA,C3,Bearing3_3,2,20,0.0
PRONOSTIA,C3,Bearing3_3,2,20,0.046511627906976744
PRONOSTIA,C3,Bearing3_3,2,20,0.0
PRONOSTIA,C3,Bearing3_3,2,20,0.0
PRONOSTIA,C3,Bearing3_3,2,20,0.023255813953488372
PRONOSTIA,C3,Bearing3_3,2,20,0.0
PRONOSTIA,C3,Bearing3_3,2,20,0.0
PRONOSTIA,C3,Bearing3_3,2,20,0.046511627906976744
PRONOSTIA,C3,Bearing3_3,2,20,0.06976744186046512
PRONOSTIA,C3,Bearing3_3,2,20,0.0
PRONOSTIA,C3,Bearing3_3,2,20,0.0
PRONOSTIA,C3,Bearing3_3,2,20,0.023255813953488372
PRONOSTIA,C3,Bearing3_3,2,20,0.046511627906976744
PRONOSTIA,C3,Bearing3_3,2,20,0.0
PRONOSTIA,C3,Bearing3_3,2,20,0.046511627906976744
PRONOSTIA,C3,Bearing3_3,2,20,0.023255813953488372
PRONOSTIA,C3,Bearing3_3,2,20,0.0
PRONOSTIA,C3,Bearing3_3,2,20,0.046511627906976744
PRONOSTIA,C3,Bearing3_3,2,20,0.13953488372093023
PRONOSTIA,C3,Bearing3_3,2,20,0.023255813953488372
PRONOSTIA,C3,Bearing3_3,2,20,0.046511627906976744
PRONOSTIA,C3,Bearing3_3,2,20,0.023255813953488372
PRONOSTIA,C3,Bearing3_3,2,20,0.046511627906976744
PRONOSTIA,C3,Bearing3_3,2,20,0.09302325581395349
XJTU-SY,35Hz12kN,Bearing1_1,1,20,1.0
XJTU-SY,35Hz12kN,Bearing1_1,1,20,1.0
XJTU-SY,35Hz12kN,Bearing1_1,1,20,0.65
XJTU-SY,35Hz12kN,Bearing1_1,1,20,0.95
XJTU-SY,35Hz12kN,Bearing1_1,1,20,0.6
XJTU-SY,35Hz12kN,Bearing1_1,1,20,0.9
XJTU-SY,35Hz12kN,Bearing1_1,1,20,1.0
XJTU-SY,35Hz12kN,Bearing1_1,1,20,0.9
XJTU-SY,35Hz12kN,Bearing1_1,1,20,0.95
XJTU-SY,35Hz12kN,Bearing1_1,1,20,0.6
XJTU-SY,35Hz12kN,Bearing1_1,1,20,0.65
XJTU-SY,35Hz12kN,Bearing1_1,1,20,0.6
XJTU-SY,35Hz12kN,Bearing1_1,1,20,1.0
XJTU-SY,35Hz12kN,Bearing1_1,1,20,0.0
XJTU-SY,35Hz12kN,Bearing1_1,1,20,1.0
XJTU-SY,35Hz12kN,Bearing1_1,1,20,0.9
XJTU-SY,35Hz12kN,Bearing1_1,1,20,0.6
XJTU-SY,35Hz12kN,Bearing1_1,1,20,1.0
XJTU-SY,35Hz12kN,Bearing1_1,1,20,0.9
XJTU-SY,35Hz12kN,Bearing1_1,1,20,0.0
XJTU-SY,35Hz12kN,Bearing1_1,1,20,1.0
XJTU-SY,35Hz12kN,Bearing1_1,1,20,0.6
XJTU-SY,35Hz12kN,Bearing1_1,1,20,0.95
XJTU-SY,35Hz12kN,Bearing1_1,1,20,1.0
XJTU-SY,35Hz12kN,Bearing1_1,1,20,0.95
XJTU-SY,35Hz12kN,Bearing1_1,1,20,1.0
XJTU-SY,35Hz12kN,Bearing1_1,1,20,0.65
XJTU-SY,35Hz12kN,Bearing1_1,1,20,0.9
XJTU-SY,35Hz12kN,Bearing1_1,1,20,0.9
XJTU-SY,35Hz12kN,Bearing1_1,1,20,0.9
XJTU-SY,35Hz12kN,Bearing1_1,1,20,1.0
XJTU-SY,35Hz12kN,Bearing1_1,1,20,0.95
XJTU-SY,35Hz12kN,Bearing1_1,1,20,0.9
XJTU-SY,35Hz12kN,Bearing1_1,1,20,1.0
XJTU-SY,35Hz12kN,Bearing1_1,1,20,1.0
XJTU-SY,35Hz12kN,Bearing1_1,1,20,0.6
XJTU-SY,35Hz12kN,Bearing1_1,1,20,0.9
XJTU-SY,35Hz12kN,Bearing1_1,1,20,0.65
XJTU-SY,35Hz12kN,Bearing1_1,1,20,0.65
XJTU-SY,35Hz12kN,Bearing1_1,1,20,0.9
XJTU-SY,35Hz12kN,Bearing1_1,1,20,1.0
XJTU-SY,35Hz12kN,Bearing1_1,1,20,1.0
XJTU-SY,35Hz12kN,Bearing1_1,1,20,0.6
XJTU-SY,35Hz12kN,Bearing1_1,1,20,1.0
XJTU-SY,35Hz12kN,Bearing1_1,1,20,1.0
XJTU-SY,35Hz12kN,Bearing1_1,1,20,0.65
XJTU-SY,35Hz12kN,Bearing1_1,1,20,0.9
XJTU-SY,35Hz12kN,Bearing1_1,1,20,0.9
XJTU-SY,35Hz12kN,Bearing1_1,1,20,1.0
XJTU-SY,35Hz12kN,Bearing1_1,1,20,0.65
XJTU-SY,35Hz12kN,Bearing1_1,2,20,0.45
XJTU-SY,35Hz12kN,Bearing1_1,2,20,0.0
XJTU-SY,35Hz12kN,Bearing1_1,2,20,0.5
XJTU-SY,35Hz12kN,Bearing1_1,2,20,1.0
XJTU-SY,35Hz12kN,Bearing1_1,2,20,0.5
XJTU-SY,35Hz12kN,Bearing1_1,2,20,0.45
XJTU-SY,35Hz12kN,Bearing1_1,2,20,0.45
XJTU-SY,35Hz12kN,Bearing1_1,2,20,0.6
XJTU-SY,35Hz12kN,Bearing1_1,2,20,0.45
XJTU-SY,35Hz12kN,Bearing1_1,2,20,0.45
XJTU-SY,35Hz12kN,Bearing1_1,2,20,0.45
XJTU-SY,35Hz12kN,Bearing1_1,2,20,0.45
XJTU-SY,35Hz12kN,Bearing1_1,2,20,0.95
XJTU-SY,35Hz12kN,Bearing1_1,2,20,0.45
XJTU-SY,35Hz12kN,Bearing1_1,2,20,0.85
XJTU-SY,35Hz12kN,Bearing1_1,2,20,0.45
XJTU-SY,35Hz12kN,Bearing1_1,2,20,0.5
XJTU-SY,35Hz12kN,Bearing1_1,2,20,0.6
XJTU-SY,35Hz12kN,Bearing1_1,2,20,0.45
XJTU-SY,35Hz12kN,Bearing1_1,2,20,0.55
XJTU-SY,35Hz12kN,Bearing1_1,2,20,0.5
XJTU-SY,35Hz12kN,Bearing1_1,2,20,0.95
XJTU-SY,35Hz12kN,Bearing1_1,2,20,0.45
XJTU-SY,35Hz12kN,Bearing1_1,2,20,0.55
XJTU-SY,35Hz12kN,Bearing1_1,2,20,1.0
XJTU-SY,35Hz12kN,Bearing1_1,2,20,0.0
XJTU-SY,35Hz12kN,Bearing1_1,2,20,1.0
XJTU-SY,35Hz12kN,Bearing1_1,2,20,0.45
XJTU-SY,35Hz12kN,Bearing1_1,2,20,0.55
XJTU-SY,35Hz12kN,Bearing1_1,2,20,0.6
XJTU-SY,35Hz12kN,Bearing1_1,2,20,0.0
XJTU-SY,35Hz12kN,Bearing1_1,2,20,0.45
XJTU-SY,35Hz12kN,Bearing1_1,2,20,0.45
XJTU-SY,35Hz12kN,Bearing1_1,2,20,0.45
XJTU-SY,35Hz12kN,Bearing1_1,2,20,0.45
XJTU-SY,35Hz12kN,Bearing1_1,2,20,0.5
XJTU-SY,35Hz12kN,Bearing1_1,2,20,0.45
XJTU-SY,35Hz12kN,Bearing1_1,2,20,0.55
XJTU-SY,35Hz12kN,Bearing1_1,2,20,0.45
XJTU-SY,35Hz12kN,Bearing1_1,2,20,0.45
XJTU-SY,35Hz12kN,Bearing1_1,2,20,0.45
XJTU-SY,35Hz12kN,Bearing1_1,2,20,0.45
XJTU-SY,35Hz12kN,Bearing1_1,2,20,0.45
XJTU-SY,35Hz12kN,Bearing1_1,2,20,1.0
XJTU-SY,35Hz12kN,Bearing1_1,2,20,0.55
XJTU-SY,35Hz12kN,Bearing1_1,2,20,0.45
XJTU-SY,35Hz12kN,Bearing1_1,2,20,0.5
XJTU-SY,35Hz12kN,Bearing1_1,2,20,0.45
XJTU-SY,35Hz12kN,Bearing1_1,2,20,1.0
XJTU-SY,35Hz12kN,Bearing1_1,2,20,0.0
XJTU-SY,35Hz12kN,Bearing1_1,3,18,0.55
XJTU-SY,35Hz12kN,Bearing1_1,3,18,0.55
XJTU-SY,35Hz12kN,Bearing1_1,3,18,0.55
XJTU-SY,35Hz12kN,Bearing1_1,3,18,0.55
XJTU-SY,35Hz12kN,Bearing1_1,3,18,0.55
XJTU-SY,35Hz12kN,Bearing1_1,3,18,0.6
XJTU-SY,35Hz12kN,Bearing1_1,3,18,0.55
XJTU-SY,35Hz12kN,Bearing1_1,3,18,0.8
XJTU-SY,35Hz12kN,Bearing1_1,3,18,0.55
XJTU-SY,35Hz12kN,Bearing1_1,3,18,0.65
XJTU-SY,35Hz12kN,Bearing1_1,3,18,0.55
XJTU-SY,35Hz12kN,Bearing1_1,3,18,0.6
XJTU-SY,35Hz12kN,Bearing1_1,3,18,0.55
XJTU-SY,35Hz12kN,Bearing1_1,3,18,0.55
XJTU-SY,35Hz12kN,Bearing1_1,3,18,0.65
XJTU-SY,35Hz12kN,Bearing1_1,3,18,0.6
XJTU-SY,35Hz12kN,Bearing1_1,3,18,0.55
XJTU-SY,35Hz12kN,Bearing1_1,3,18,0.55
XJTU-SY,35Hz12kN,Bearing1_1,3,18,0.8
XJTU-SY,35Hz12kN,Bearing1_1,3,18,0.45
XJTU-SY,35Hz12kN,Bearing1_1,3,18,0.6
XJTU-SY,35Hz12kN,Bearing1_1,3,18,0.55
XJTU-SY,35Hz12kN,Bearing1_1,3,18,0.5
XJTU-SY,35Hz12kN,Bearing1_1,3,18,0.5
XJTU-SY,35Hz12kN,Bearing1_1,3,18,0.55
XJTU-SY,35Hz12kN,Bearing1_1,3,18,0.55
XJTU-SY,35Hz12kN,Bearing1_1,3,18,0.6
XJTU-SY,35Hz12kN,Bearing1_1,3,18,0.55
XJTU-SY,35Hz12kN,Bearing1_1,3,18,0.5
XJTU-SY,35Hz12kN,Bearing1_1,3,18,0.55
XJTU-SY,35Hz12kN,Bearing1_1,3,18,0.55
XJTU-SY,35Hz12kN,Bearing1_1,3,18,0.55
XJTU-SY,35Hz12kN,Bearing1_1,3,18,0.55
XJTU-SY,35Hz12kN,Bearing1_1,3,18,0.5
XJTU-SY,35Hz12kN,Bearing1_1,3,18,0.5
XJTU-SY,35Hz12kN,Bearing1_1,3,18,0.65
XJTU-SY,35Hz12kN,Bearing1_1,3,18,0.6
XJTU-SY,35Hz12kN,Bearing1_1,3,18,0.75
XJTU-SY,35Hz12kN,Bearing1_1,3,18,0.65
XJTU-SY,35Hz12kN,Bearing1_1,3,18,0.55
XJTU-SY,35Hz12kN,Bearing1_1,3,18,0.7
XJTU-SY,35Hz12kN,Bearing1_1,3,18,0.6
XJTU-SY,35Hz12kN,Bearing1_1,3,18,0.8
XJTU-SY,35Hz12kN,Bearing1_1,3,18,0.65
XJTU-SY,35Hz12kN,Bearing1_1,3,18,0.7
XJTU-SY,35Hz12kN,Bearing1_1,3,18,0.55
XJTU-SY,35Hz12kN,Bearing1_1,3,18,0.6
XJTU-SY,35Hz12kN,Bearing1_1,3,18,0.55
XJTU-SY,35Hz12kN,Bearing1_1,3,18,0.55
XJTU-SY,35Hz12kN,Bearing1_1,3,18,0.55
XJTU-SY,35Hz12kN,Bearing1_2,1,20,0.0
XJTU-SY,35Hz12kN,Bearing1_2,1,20,0.0
XJTU-SY,35Hz12kN,Bearing1_2,1,20,1.0
XJTU-SY,35Hz12kN,Bearing1_2,1,20,1.0
XJTU-SY,35Hz12kN,Bearing1_2,1,20,1.0
XJTU-SY,35Hz12kN,Bearing1_2,1,20,1.0
XJTU-SY,35Hz12kN,Bearing1_2,1,20,0.0
XJTU-SY,35Hz12kN,Bearing1_2,1,20,1.0
XJTU-SY,35Hz12kN,Bearing1_2,1,20,1.0
XJTU-SY,35Hz12kN,Bearing1_2,1,20,1.0
XJTU-SY,35Hz12kN,Bearing1_2,1,20,0.0
XJTU-SY,35Hz12kN,Bearing1_2,1,20,1.0
XJTU-SY,35Hz12kN,Bearing1_2,1,20,0.0
XJTU-SY,35Hz12kN,Bearing1_2,1,20,1.0
XJTU-SY,35Hz12kN,Bearing1_2,1,20,1.0
XJTU-SY,35Hz12kN,Bearing1_2,1,20,1.0
XJTU-SY,35Hz12kN,Bearing1_2,1,20,1.0
XJTU-SY,35Hz12kN,Bearing1_2,1,20,1.0
XJTU-SY,35Hz12kN,Bearing1_2,1,20,0.0
XJTU-SY,35Hz12kN,Bearing1_2,1,20,0.0
XJTU-SY,35Hz12kN,Bearing1_2,1,20,0.0
XJTU-SY,35Hz12kN,Bearing1_2,1,20,1.0
XJTU-SY,35Hz12kN,Bearing1_2,1,20,1.0
XJTU-SY,35Hz12kN,Bearing1_2,1,20,0.0
XJTU-SY,35Hz12kN,Bearing1_2,1,20,0.0
XJTU-SY,35Hz12kN,Bearing1_2,1,20,1.0
XJTU-SY,35Hz12kN,Bearing1_2,1,20,0.0
XJTU-SY,35Hz12kN,Bearing1_2,1,20,1.0
XJTU-SY,35Hz12kN,Bearing1_2,1,20,0.0
XJTU-SY,35Hz12kN,Bearing1_2,1,20,0.0
XJTU-SY,35Hz12kN,Bearing1_2,1,20,0.0
XJTU-SY,35Hz12kN,Bearing1_2,1,20,0.0
XJTU-SY,35Hz12kN,Bearing1_2,1,20,1.0
XJTU-SY,35Hz12kN,Bearing1_2,1,20,1.0
XJTU-SY,35Hz12kN,Bearing1_2,1,20,1.0
XJTU-SY,35Hz12kN,Bearing1_2,1,20,0.0
XJTU-SY,35Hz12kN,Bearing1_2,1,20,1.0
XJTU-SY,35Hz12kN,Bearing1_2,1,20,0.0
XJTU-SY,35Hz12kN,Bearing1_2,1,20,0.0
XJTU-SY,35Hz12kN,Bearing1_2,1,20,0.0
XJTU-SY,35Hz12kN,Bearing1_2,1,20,1.0
XJTU-SY,35Hz12kN,Bearing1_2,1,20,1.0
XJTU-SY,35Hz12kN,Bearing1_2,1,20,0.0
XJTU-SY,35Hz12kN,Bearing1_2,1,20,0.0
XJTU-SY,35Hz12kN,Bearing1_2,1,20,1.0
XJTU-SY,35Hz12kN,Bearing1_2,1,20,0.0
XJTU-SY,35Hz12kN,Bearing1_2,1,20,1.0
XJTU-SY,35Hz12kN,Bearing1_2,1,20,1.0
XJTU-SY,35Hz12kN,Bearing1_2,1,20,0.0
XJTU-SY,35Hz12kN,Bearing1_2,1,20,1.0
XJTU-SY,35Hz12kN,Bearing1_2,2,20,0.0
XJTU-SY,35Hz12kN,Bearing1_2,2,20,0.0
XJTU-SY,35Hz12kN,Bearing1_2,2,20,0.9
XJTU-SY,35Hz12kN,Bearing1_2,2,20,0.0
XJTU-SY,35Hz12kN,Bearing1_2,2,20,0.0
XJTU-SY,35Hz12kN,Bearing1_2,2,20,0.0
XJTU-SY,35Hz12kN,Bearing1_2,2,20,0.0
XJTU-SY,35Hz12kN,Bearing1_2,2,20,0.0
XJTU-SY,35Hz12kN,Bearing1_2,2,20,0.0
XJTU-SY,35Hz12kN,Bearing1_2,2,20,0.0
XJTU-SY,35Hz12kN,Bearing1_2,2,20,0.0
XJTU-SY,35Hz12kN,Bearing1_2,2,20,0.0
XJTU-SY,35Hz12kN,Bearing1_2,2,20,0.0
XJTU-SY,35Hz12kN,Bearing1_2,2,20,0.0
XJTU-SY,35Hz12kN,Bearing1_2,2,20,0.0
XJTU-SY,35Hz12kN,Bearing1_2,2,20,0.0
XJTU-SY,35Hz12kN,Bearing1_2,2,20,0.0
XJTU-SY,35Hz12kN,Bearing1_2,2,20,1.0
XJTU-SY,35Hz12kN,Bearing1_2,2,20,0.0
XJTU-SY,35Hz12kN,Bearing1_2,2,20,1.0
XJTU-SY,35Hz12kN,Bearing1_2,2,20,0.35
XJTU-SY,35Hz12kN,Bearing1_2,2,20,0.0
XJTU-SY,35Hz12kN,Bearing1_2,2,20,1.0
XJTU-SY,35Hz12kN,Bearing1_2,2,20,0.0
XJTU-SY,35Hz12kN,Bearing1_2,2,20,0.0
XJTU-SY,35Hz12kN,Bearing1_2,2,20,0.0
XJTU-SY,35Hz12kN,Bearing1_2,2,20,0.0
XJTU-SY,35Hz12kN,Bearing1_2,2,20,0.0
XJTU-SY,35Hz12kN,Bearing1_2,2,20,0.0
XJTU-SY,35Hz12kN,Bearing1_2,2,20,1.0
XJTU-SY,35Hz12kN,Bearing1_2,2,20,0.0
XJTU-SY,35Hz12kN,Bearing1_2,2,20,0.0
XJTU-SY,35Hz12kN,Bearing1_2,2,20,0.2
XJTU-SY,35Hz12kN,Bearing1_2,2,20,0.0
XJTU-SY,35Hz12kN,Bearing1_2,2,20,0.0
XJTU-SY,35Hz12kN,Bearing1_2,2,20,0.0
XJTU-SY,35Hz12kN,Bearing1_2,2,20,0.0
XJTU-SY,35Hz12kN,Bearing1_2,2,20,0.0
XJTU-SY,35Hz12kN,Bearing1_2,2,20,0.0
XJTU-SY,35Hz12kN,Bearing1_2,2,20,0.0
XJTU-SY,35Hz12kN,Bearing1_2,2,20,0.2
XJTU-SY,35Hz12kN,Bearing1_2,2,20,0.0
XJTU-SY,35Hz12kN,Bearing1_2,2,20,0.0
XJTU-SY,35Hz12kN,Bearing1_2,2,20,0.0
XJTU-SY,35Hz12kN,Bearing1_2,2,20,0.0
XJTU-SY,35Hz12kN,Bearing1_2,2,20,0.0
XJTU-SY,35Hz12kN,Bearing1_2,2,20,0.0
XJTU-SY,35Hz12kN,Bearing1_2,2,20,0.0
XJTU-SY,35Hz12kN,Bearing1_2,2,20,0.0
XJTU-SY,35Hz12kN,Bearing1_2,2,20,0.0
XJTU-SY,35Hz12kN,Bearing1_2,3,18,0.0
XJTU-SY,35Hz12kN,Bearing1_2,3,18,0.0
XJTU-SY,35Hz12kN,Bearing1_2,3,18,0.0
XJTU-SY,35Hz12kN,Bearing1_2,3,18,0.0
XJTU-SY,35Hz12kN,Bearing1_2,3,18,0.0
XJTU-SY,35Hz12kN,Bearing1_2,3,18,0.0
XJTU-SY,35Hz12kN,Bearing1_2,3,18,0.0
XJTU-SY,35Hz12kN,Bearing1_2,3,18,0.0
XJTU-SY,35Hz12kN,Bearing1_2,3,18,0.0
XJTU-SY,35Hz12kN,Bearing1_2,3,18,0.0
XJTU-SY,35Hz12kN,Bearing1_2,3,18,0.0
XJTU-SY,35Hz12kN,Bearing1_2,3,18,0.0
XJTU-SY,35Hz12kN,Bearing1_2,3,18,0.0
XJTU-SY,35Hz12kN,Bearing1_2,3,18,0.0
XJTU-SY,35Hz12kN,Bearing1_2,3,18,0.0
XJTU-SY,35Hz12kN,Bearing1_2,3,18,0.0
XJTU-SY,35Hz12kN,Bearing1_2,3,18,0.0
XJTU-SY,35Hz12kN,Bearing1_2,3,18,0.0
XJTU-SY,35Hz12kN,Bearing1_2,3,18,0.0
XJTU-SY,35Hz12kN,Bearing1_2,3,18,0.0
XJTU-SY,35Hz12kN,Bearing1_2,3,18,0.0
XJTU-SY,35Hz12kN,Bearing1_2,3,18,0.0
XJTU-SY,35Hz12kN,Bearing1_2,3,18,0.0
XJTU-SY,35Hz12kN,Bearing1_2,3,18,0.0
XJTU-SY,35Hz12kN,Bearing1_2,3,18,0.05
XJTU-SY,35Hz12kN,Bearing1_2,3,18,0.0
XJTU-SY,35Hz12kN,Bearing1_2,3,18,0.0
XJTU-SY,35Hz12kN,Bearing1_2,3,18,0.0
XJTU-SY,35Hz12kN,Bearing1_2,3,18,0.0
XJTU-SY,35Hz12kN,Bearing1_2,3,18,0.0
XJTU-SY,35Hz12kN,Bearing1_2,3,18,0.0
XJTU-SY,35Hz12kN,Bearing1_2,3,18,0.0
XJTU-SY,35Hz12kN,Bearing1_2,3,18,0.0
XJTU-SY,35Hz12kN,Bearing1_2,3,18,0.0
XJTU-SY,35Hz12kN,Bearing1_2,3,18,0.1
XJTU-SY,35Hz12kN,Bearing1_2,3,18,0.0
XJTU-SY,35Hz12kN,Bearing1_2,3,18,0.0
XJTU-SY,35Hz12kN,Bearing1_2,3,18,0.0
XJTU-SY,35Hz12kN,Bearing1_2,3,18,0.0
XJTU-SY,35Hz12kN,Bearing1_2,3,18,0.0
XJTU-SY,35Hz12kN,Bearing1_2,3,18,0.0
XJTU-SY,35Hz12kN,Bearing1_2,3,18,0.0
XJTU-SY,35Hz12kN,Bearing1_2,3,18,0.0
XJTU-SY,35Hz12kN,Bearing1_2,3,18,0.0
XJTU-SY,35Hz12kN,Bearing1_2,3,18,0.0
XJTU-SY,35Hz12kN,Bearing1_2,3,18,0.0
XJTU-SY,35Hz12kN,Bearing1_2,3,18,0.0
XJTU-SY,35Hz12kN,Bearing1_2,3,18,0.0
XJTU-SY,35Hz12kN,Bearing1_2,3,18,0.0
XJTU-SY,35Hz12kN,Bearing1_2,3,18,0.0
XJTU-SY,35Hz12kN,Bearing1_3,1,20,1.0
XJTU-SY,35Hz12kN,Bearing1_3,1,20,0.0
XJTU-SY,35Hz12kN,Bearing1_3,1,20,1.0
XJTU-SY,35Hz12kN,Bearing1_3,1,20,1.0
XJTU-SY,35Hz12kN,Bearing1_3,1,20,1.0
XJTU-SY,35Hz12kN,Bearing1_3,1,20,1.0
XJTU-SY,35Hz12kN,Bearing1_3,1,20,1.0
XJTU-SY,35Hz12kN,Bearing1_3,1,20,0.0
XJTU-SY,35Hz12kN,Bearing1_3,1,20,0.0
XJTU-SY,35Hz12kN,Bearing1_3,1,20,0.0
XJTU-SY,35Hz12kN,Bearing1_3,1,20,0.0
XJTU-SY,35Hz12kN,Bearing1_3,1,20,1.0
XJTU-SY,35Hz12kN,Bearing1_3,1,20,0.0
XJTU-SY,35Hz12kN,Bearing1_3,1,20,0.0
XJTU-SY,35Hz12kN,Bearing1_3,1,20,0.0
XJTU-SY,35Hz12kN,Bearing1_3,1,20,0.0
XJTU-SY,35Hz12kN,Bearing1_3,1,20,1.0
XJTU-SY,35Hz12kN,Bearing1_3,1,20,1.0
XJTU-SY,35Hz12kN,Bearing1_3,1,20,0.0
XJTU-SY,35Hz12kN,Bearing1_3,1,20,0.0
XJTU-SY,35Hz12kN,Bearing1_3,1,20,0.0
XJTU-SY,35Hz12kN,Bearing1_3,1,20,0.0
XJTU-SY,35Hz12kN,Bearing1_3,1,20,0.0
XJTU-SY,35Hz12kN,Bearing1_3,1,20,0.0
XJTU-SY,35Hz12kN,Bearing1_3,1,20,0.0
XJTU-SY,35Hz12kN,Bearing1_3,1,20,0.0
XJTU-SY,35Hz12kN,Bearing1_3,1,20,0.0
XJTU-SY,35Hz12kN,Bearing1_3,1,20,0.0
XJTU-SY,35Hz12kN,Bearing1_3,1,20,1.0
XJTU-SY,35Hz12kN,Bearing1_3,1,20,1.0
XJTU-SY,35Hz12kN,Bearing1_3,1,20,0.0
XJTU-SY,35Hz12kN,Bearing1_3,1,20,0.0
XJTU-SY,35Hz12kN,Bearing1_3,1,20,0.0
XJTU-SY,35Hz12kN,Bearing1_3,1,20,1.0
XJTU-SY,35Hz12kN,Bearing1_3,1,20,1.0
XJTU-SY,35Hz12kN,Bearing1_3,1,20,0.0
XJTU-SY,35Hz12kN,Bearing1_3,1,20,0.0
XJTU-SY,35Hz12kN,Bearing1_3,1,20,1.0
XJTU-SY,35Hz12kN,Bearing1_3,1,20,0.0
XJTU-SY,35Hz12kN,Bearing1_3,1,20,1.0
XJTU-SY,35Hz12kN,Bearing1_3,1,20,0.0
XJTU-SY,35Hz12kN,Bearing1_3,1,20,0.0
XJTU-SY,35Hz12kN,Bearing1_3,1,20,1.0
XJTU-SY,35Hz12kN,Bearing1_3,1,20,0.0
XJTU-SY,35Hz12kN,Bearing1_3,1,20,0.0
XJTU-SY,35Hz12kN,Bearing1_3,1,20,0.0
XJTU-SY,35Hz12kN,Bearing1_3,1,20,0.0
XJTU-SY,35Hz12kN,Bearing1_3,1,20,1.0
XJTU-SY,35Hz12kN,Bearing1_3,1,20,0.0
XJTU-SY,35Hz12kN,Bearing1_3,1,20,1.0
XJTU-SY,35Hz12kN,Bearing1_3,2,20,0.0
XJTU-SY,35Hz12kN,Bearing1_3,2,20,0.0
XJTU-SY,35Hz12kN,Bearing1_3,2,20,0.0
XJTU-SY,35Hz12kN,Bearing1_3,2,20,1.0
XJTU-SY,35Hz12kN,Bearing1_3,2,20,0.0
XJTU-SY,35Hz12kN,Bearing1_3,2,20,0.0
XJTU-SY,35Hz12kN,Bearing1_3,2,20,0.0
XJTU-SY,35Hz12kN,Bearing1_3,2,20,1.0
XJTU-SY,35Hz12kN,Bearing1_3,2,20,0.0
XJTU-SY,35Hz12kN,Bearing1_3,2,20,0.0
XJTU-SY,35Hz12kN,Bearing1_3,2,20,0.0
XJTU-SY,35Hz12kN,Bearing1_3,2,20,0.0
XJTU-SY,35Hz12kN,Bearing1_3,2,20,0.0
XJTU-SY,35Hz12kN,Bearing1_3,2,20,0.0
XJTU-SY,35Hz12kN,Bearing1_3,2,20,0.0
XJTU-SY,35Hz12kN,Bearing1_3,2,20,0.0
XJTU-SY,35Hz12kN,Bearing1_3,2,20,0.0
XJTU-SY,35Hz12kN,Bearing1_3,2,20,0.0
XJTU-SY,35Hz12kN,Bearing1_3,2,20,0.0
XJTU-SY,35Hz12kN,Bearing1_3,2,20,0.0
XJTU-SY,35Hz12kN,Bearing1_3,2,20,0.0
XJTU-SY,35Hz12kN,Bearing1_3,2,20,0.0
XJTU-SY,35Hz12kN,Bearing1_3,2,20,0.0
XJTU-SY,35Hz12kN,Bearing1_3,2,20,0.0
XJTU-SY,35Hz12kN,Bearing1_3,2,20,0.0
XJTU-SY,35Hz12kN,Bearing1_3,2,20,0.0
XJTU-SY,35Hz12kN,Bearing1_3,2,20,0.0
XJTU-SY,35Hz12kN,Bearing1_3,2,20,0.0
XJTU-SY,35Hz12kN,Bearing1_3,2,20,0.0
XJTU-SY,35Hz12kN,Bearing1_3,2,20,0.0
XJTU-SY,35Hz12kN,Bearing1_3,2,20,0.0
XJTU-SY,35Hz12kN,Bearing1_3,2,20,0.0
XJTU-SY,35Hz12kN,Bearing1_3,2,20,0.0
XJTU-SY,35Hz12kN,Bearing1_3,2,20,0.0
XJTU-SY,35Hz12kN,Bearing1_3,2,20,0.0
XJTU-SY,35Hz12kN,Bearing1_3,2,20,0.0
XJTU-SY,35Hz12kN,Bearing1_3,2,20,0.0
XJTU-SY,35Hz12kN,Bearing1_3,2,20,0.0
XJTU-SY,35Hz12kN,Bearing1_3,2,20,0.0
XJTU-SY,35Hz12kN,Bearing1_3,2,20,0.0
XJTU-SY,35Hz12kN,Bearing1_3,2,20,0.0
XJTU-SY,35Hz12kN,Bearing1_3,2,20,0.0
XJTU-SY,35Hz12kN,Bearing1_3,2,20,0.0
XJTU-SY,35Hz12kN,Bearing1_3,2,20,0.0
XJTU-SY,35Hz12kN,Bearing1_3,2,20,0.0
XJTU-SY,35Hz12kN,Bearing1_3,2,20,0.0
XJTU-SY,35Hz12kN,Bearing1_3,2,20,0.0
XJTU-SY,35Hz12kN,Bearing1_3,2,20,1.0
XJTU-SY,35Hz12kN,Bearing1_3,2,20,0.0
XJTU-SY,35Hz12kN,Bearing1_3,2,20,0.0
XJTU-SY,35Hz12kN,Bearing1_3,3,18,0.0
XJTU-SY,35Hz12kN,Bearing1_3,3,18,0.0
XJTU-SY,35Hz12kN,Bearing1_3,3,18,0.0
XJTU-SY,35Hz12kN,Bearing1_3,3,18,0.0
XJTU-SY,35Hz12kN,Bearing1_3,3,18,0.0
XJTU-SY,35Hz12kN,Bearing1_3,3,18,0.0
XJTU-SY,35Hz12kN,Bearing1_3,3,18,0.0
XJTU-SY,35Hz12kN,Bearing1_3,3,18,0.0
XJTU-SY,35Hz12kN,Bearing1_3,3,18,0.0
XJTU-SY,35Hz12kN,Bearing1_3,3,18,0.0
XJTU-SY,35Hz12kN,Bearing1_3,3,18,0.0
XJTU-SY,35Hz12kN,Bearing1_3,3,18,0.0
XJTU-SY,35Hz12kN,Bearing1_3,3,18,0.0
XJTU-SY,35Hz12kN,Bearing1_3,3,18,0.0
XJTU-SY,35Hz12kN,Bearing1_3,3,18,0.0
XJTU-SY,35Hz12kN,Bearing1_3,3,18,0.0
XJTU-SY,35Hz12kN,Bearing1_3,3,18,0.0
XJTU-SY,35Hz12kN,Bearing1_3,3,18,0.0
XJTU-SY,35Hz12kN,Bearing1_3,3,18,0.0
XJTU-SY,35Hz12kN,Bearing1_3,3,18,0.0
XJTU-SY,35Hz12kN,Bearing1_3,3,18,0.0
XJTU-SY,35Hz12kN,Bearing1_3,3,18,0.0
XJTU-SY,35Hz12kN,Bearing1_3,3,18,0.0
XJTU-SY,35Hz12kN,Bearing1_3,3,18,0.0
XJTU-SY,35Hz12kN,Bearing1_3,3,18,0.0
XJTU-SY,35Hz12kN,Bearing1_3,3,18,0.0
XJTU-SY,35Hz12kN,Bearing1_3,3,18,0.0
XJTU-SY,35Hz12kN,Bearing1_3,3,18,0.0
XJTU-SY,35Hz12kN,Bearing1_3,3,18,0.0
XJTU-SY,35Hz12kN,Bearing1_3,3,18,0.0
XJTU-SY,35Hz12kN,Bearing1_3,3,18,0.0
XJTU-SY,35Hz12kN,Bearing1_3,3,18,0.0
XJTU-SY,35Hz12kN,Bearing1_3,3,18,0.0
XJTU-SY,35Hz12kN,Bearing1_3,3,18,0.0
XJTU-SY,35Hz12kN,Bearing1_3,3,18,0.0
XJTU-SY,35Hz12kN,Bearing1_3,3,18,0.0
XJTU-SY,35Hz12kN,Bearing1_3,3,18,0.0
XJTU-SY,35Hz12kN,Bearing1_3,3,18,0.0
XJTU-SY,35Hz12kN,Bearing1_3,3,18,0.0
XJTU-SY,35Hz12kN,Bearing1_3,3,18,0.0
XJTU-SY,35Hz12kN,Bearing1_3,3,18,0.0
XJTU-SY,35Hz12kN,Bearing1_3,3,18,0.0
XJTU-SY,35Hz12kN,Bearing1_3,3,18,0.0
XJTU-SY,35Hz12kN,Bearing1_3,3,18,0.0
XJTU-SY,35Hz12kN,Bearing1_3,3,18,0.0
XJTU-SY,35Hz12kN,Bearing1_3,3,18,0.0
XJTU-SY,35Hz12kN,Bearing1_3,3,18,0.0
XJTU-SY,35Hz12kN,Bearing1_3,3,18,0.0
XJTU-SY,35Hz12kN,Bearing1_3,3,18,0.0
XJTU-SY,35Hz12kN,Bearing1_3,3,18,0.0
XJTU-SY,35Hz12kN,Bearing1_4,1,20,0.0
XJTU-SY,35Hz12kN,Bearing1_4,1,20,0.65
XJTU-SY,35Hz12kN,Bearing1_4,1,20,0.6
XJTU-SY,35Hz12kN,Bearing1_4,1,20,0.6
XJTU-SY,35Hz12kN,Bearing1_4,1,20,0.55
XJTU-SY,35Hz12kN,Bearing1_4,1,20,0.55
XJTU-SY,35Hz12kN,Bearing1_4,1,20,0.0
XJTU-SY,35Hz12kN,Bearing1_4,1,20,0.6
XJTU-SY,35Hz12kN,Bearing1_4,1,20,0.65
XJTU-SY,35Hz12kN,Bearing1_4,1,20,0.95
XJTU-SY,35Hz12kN,Bearing1_4,1,20,0.65
XJTU-SY,35Hz12kN,Bearing1_4,1,20,0.0
XJTU-SY,35Hz12kN,Bearing1_4,1,20,0.0
XJTU-SY,35Hz12kN,Bearing1_4,1,20,1.0
XJTU-SY,35Hz12kN,Bearing1_4,1,20,0.65
XJTU-SY,35Hz12kN,Bearing1_4,1,20,0.0
XJTU-SY,35Hz12kN,Bearing1_4,1,20,0.95
XJTU-SY,35Hz12kN,Bearing1_4,1,20,1.0
XJTU-SY,35Hz12kN,Bearing1_4,1,20,0.0
XJTU-SY,35Hz12kN,Bearing1_4,1,20,1.0
XJTU-SY,35Hz12kN,Bearing1_4,1,20,1.0
XJTU-SY,35Hz12kN,Bearing1_4,1,20,1.0
XJTU-SY,35Hz12kN,Bearing1_4,1,20,0.65
XJTU-SY,35Hz12kN,Bearing1_4,1,20,0.9
XJTU-SY,35Hz12kN,Bearing1_4,1,20,1.0
XJTU-SY,35Hz12kN,Bearing1_4,1,20,0.0
XJTU-SY,35Hz12kN,Bearing1_4,1,20,1.0
XJTU-SY,35Hz12kN,Bearing1_4,1,20,0.95
XJTU-SY,35Hz12kN,Bearing1_4,1,20,0.55
XJTU-SY,35Hz12kN,Bearing1_4,1,20,0.65
XJTU-SY,35Hz12kN,Bearing1_4,1,20,0.0
XJTU-SY,35Hz12kN,Bearing1_4,1,20,0.0
XJTU-SY,35Hz12kN,Bearing1_4,1,20,0.65
XJTU-SY,35Hz12kN,Bearing1_4,1,20,0.0
XJTU-SY,35Hz12kN,Bearing1_4,1,20,0.75
XJTU-SY,35Hz12kN,Bearing1_4,1,20,1.0
XJTU-SY,35Hz12kN,Bearing1_4,1,20,0.0
XJTU-SY,35Hz12kN,Bearing1_4,1,20,0.95
XJTU-SY,35Hz12kN,Bearing1_4,1,20,0.6
XJTU-SY,35Hz12kN,Bearing1_4,1,20,0.4
XJTU-SY,35Hz12kN,Bearing1_4,1,20,1.0
XJTU-SY,35Hz12kN,Bearing1_4,1,20,0.65
XJTU-SY,35Hz12kN,Bearing1_4,1,20,0.6
XJTU-SY,35Hz12kN,Bearing1_4,1,20,0.65
XJTU-SY,35Hz12kN,Bearing1_4,1,20,0.95
XJTU-SY,35Hz12kN,Bearing1_4,1,20,0.65
XJTU-SY,35Hz12kN,Bearing1_4,1,20,0.0
XJTU-SY,35Hz12kN,Bearing1_4,1,20,1.0
XJTU-SY,35Hz12kN,Bearing1_4,1,20,1.0
XJTU-SY,35Hz12kN,Bearing1_4,1,20,0.0
XJTU-SY,35Hz12kN,Bearing1_4,2,20,0.0
XJTU-SY,35Hz12kN,Bearing1_4,2,20,0.0
XJTU-SY,35Hz12kN,Bearing1_4,2,20,0.0
XJTU-SY,35Hz12kN,Bearing1_4,2,20,0.0
XJTU-SY,35Hz12kN,Bearing1_4,2,20,0.0
XJTU-SY,35Hz12kN,Bearing1_4,2,20,0.0
XJTU-SY,35Hz12kN,Bearing1_4,2,20,0.0
XJTU-SY,35Hz12kN,Bearing1_4,2,20,0.0
XJTU-SY,35Hz12kN,Bearing1_4,2,20,0.2
XJTU-SY,35Hz12kN,Bearing1_4,2,20,0.0
XJTU-SY,35Hz12kN,Bearing1_4,2,20,0.0
XJTU-SY,35Hz12kN,Bearing1_4,2,20,0.0
XJTU-SY,35Hz12kN,Bearing1_4,2,20,0.0
XJTU-SY,35Hz12kN,Bearing1_4,2,20,0.0
XJTU-SY,35Hz12kN,Bearing1_4,2,20,0.0
XJTU-SY,35Hz12kN,Bearing1_4,2,20,0.0
XJTU-SY,35Hz12kN,Bearing1_4,2,20,0.0
XJTU-SY,35Hz12kN,Bearing1_4,2,20,0.0
XJTU-SY,35Hz12kN,Bearing1_4,2,20,0.0
XJTU-SY,35Hz12kN,Bearing1_4,2,20,0.0
XJTU-SY,35Hz12kN,Bearing1_4,2,20,0.0
XJTU-SY,35Hz12kN,Bearing1_4,2,20,0.0
XJTU-SY,35Hz12kN,Bearing1_4,2,20,0.0
XJTU-SY,35Hz12kN,Bearing1_4,2,20,0.0
XJTU-SY,35Hz12kN,Bearing1_4,2,20,0.0
XJTU-SY,35Hz12kN,Bearing1_4,2,20,0.0
XJTU-SY,35Hz12kN,Bearing1_4,2,20,0.0
XJTU-SY,35Hz12kN,Bearing1_4,2,20,0.0
XJTU-SY,35Hz12kN,Bearing1_4,2,20,0.0
XJTU-SY,35Hz12kN,Bearing1_4,2,20,0.0
XJTU-SY,35Hz12kN,Bearing1_4,2,20,0.0
XJTU-SY,35Hz12kN,Bearing1_4,2,20,0.0
XJTU-SY,35Hz12kN,Bearing1_4,2,20,0.0
XJTU-SY,35Hz12kN,Bearing1_4,2,20,0.0
XJTU-SY,35Hz12kN,Bearing1_4,2,20,0.0
XJTU-SY,35Hz12kN,Bearing1_4,2,20,0.0
XJTU-SY,35Hz12kN,Bearing1_4,2,20,0.0
XJTU-SY,35Hz12kN,Bearing1_4,2,20,0.0
XJTU-SY,35Hz12kN,Bearing1_4,2,20,0.0
XJTU-SY,35Hz12kN,Bearing1_4,2,20,0.0
XJTU-SY,35Hz12kN,Bearing1_4,2,20,0.0
XJTU-SY,35Hz12kN,Bearing1_4,2,20,0.0
XJTU-SY,35Hz12kN,Bearing1_4,2,20,0.0
XJTU-SY,35Hz12kN,Bearing1_4,2,20,0.0
XJTU-SY,35Hz12kN,Bearing1_4,2,20,0.0
XJTU-SY,35Hz12kN,Bearing1_4,2,20,0.0
XJTU-SY,35Hz12kN,Bearing1_4,2,20,0.0
XJTU-SY,35Hz12kN,Bearing1_4,2,20,0.0
XJTU-SY,35Hz12kN,Bearing1_4,2,20,0.0
XJTU-SY,35Hz12kN,Bearing1_4,2,20,0.0
XJTU-SY,35Hz12kN,Bearing1_4,3,18,0.0
XJTU-SY,35Hz12kN,Bearing1_4,3,18,0.0
XJTU-SY,35Hz12kN,Bearing1_4,3,18,0.0
XJTU-SY,35Hz12kN,Bearing1_4,3,18,0.0
XJTU-SY,35Hz12kN,Bearing1_4,3,18,0.0
XJTU-SY,35Hz12kN,Bearing1_4,3,18,0.0
XJTU-SY,35Hz12kN,Bearing1_4,3,18,0.0
XJTU-SY,35Hz12kN,Bearing1_4,3,18,0.0
XJTU-SY,35Hz12kN,Bearing1_4,3,18,0.0
XJTU-SY,35Hz12kN,Bearing1_4,3,18,0.0
XJTU-SY,35Hz12kN,Bearing1_4,3,18,0.0
XJTU-SY,35Hz12kN,Bearing1_4,3,18,0.0
XJTU-SY,35Hz12kN,Bearing1_4,3,18,0.0
XJTU-SY,35Hz12kN,Bearing1_4,3,18,0.0
XJTU-SY,35Hz12kN,Bearing1_4,3,18,0.0
XJTU-SY,35Hz12kN,Bearing1_4,3,18,0.0
XJTU-SY,35Hz12kN,Bearing1_4,3,18,0.0
XJTU-SY,35Hz12kN,Bearing1_4,3,18,0.0
XJTU-SY,35Hz12kN,Bearing1_4,3,18,0.0
XJTU-SY,35Hz12kN,Bearing1_4,3,18,0.0
XJTU-SY,35Hz12kN,Bearing1_4,3,18,0.0
XJTU-SY,35Hz12kN,Bearing1_4,3,18,0.0
XJTU-SY,35Hz12kN,Bearing1_4,3,18,0.0
XJTU-SY,35Hz12kN,Bearing1_4,3,18,0.0
XJTU-SY,35Hz12kN,Bearing1_4,3,18,0.0
XJTU-SY,35Hz12kN,Bearing1_4,3,18,0.0
XJTU-SY,35Hz12kN,Bearing1_4,3,18,0.0
XJTU-SY,35Hz12kN,Bearing1_4,3,18,0.0
XJTU-SY,35Hz12kN,Bearing1_4,3,18,0.0
XJTU-SY,35Hz12kN,Bearing1_4,3,18,0.0
XJTU-SY,35Hz12kN,Bearing1_4,3,18,0.0
XJTU-SY,35Hz12kN,Bearing1_4,3,18,0.0
XJTU-SY,35Hz12kN,Bearing1_4,3,18,0.0
XJTU-SY,35Hz12kN,Bearing1_4,3,18,0.0
XJTU-SY,35Hz12kN,Bearing1_4,3,18,0.0
XJTU-SY,35Hz12kN,Bearing1_4,3,18,0.0
XJTU-SY,35Hz12kN,Bearing1_4,3,18,0.0
XJTU-SY,35Hz12kN,Bearing1_4,3,18,0.0
XJTU-SY,35Hz12kN,Bearing1_4,3,18,0.0
XJTU-SY,35Hz12kN,Bearing1_4,3,18,0.0
XJTU-SY,35Hz12kN,Bearing1_4,3,18,0.0
XJTU-SY,35Hz12kN,Bearing1_4,3,18,0.0
XJTU-SY,35Hz12kN,Bearing1_4,3,18,0.0
XJTU-SY,35Hz12kN,Bearing1_4,3,18,0.0
XJTU-SY,35Hz12kN,Bearing1_4,3,18,0.0
XJTU-SY,35Hz12kN,Bearing1_4,3,18,0.0
XJTU-SY,35Hz12kN,Bearing1_4,3,18,0.0
XJTU-SY,35Hz12kN,Bearing1_4,3,18,0.0
XJTU-SY,35Hz12kN,Bearing1_4,3,18,0.0
XJTU-SY,35Hz12kN,Bearing1_4,3,18,0.0
XJTU-SY,37.5Hz11kN,Bearing2_1,1,20,0.0
XJTU-SY,37.5Hz11kN,Bearing2_1,1,20,0.4489795918367347
XJTU-SY,37.5Hz11kN,Bearing2_1,1,20,0.8775510204081632
XJTU-SY,37.5Hz11kN,Bearing2_1,1,20,0.7551020408163265
XJTU-SY,37.5Hz11kN,Bearing2_1,1,20,0.0
XJTU-SY,37.5Hz11kN,Bearing2_1,1,20,0.6326530612244898
XJTU-SY,37.5Hz11kN,Bearing2_1,1,20,0.7346938775510204
XJTU-SY,37.5Hz11kN,Bearing2_1,1,20,0.8571428571428571
XJTU-SY,37.5Hz11kN,Bearing2_1,1,20,0.8571428571428571
XJTU-SY,37.5Hz11kN,Bearing2_1,1,20,1.0
XJTU-SY,37.5Hz11kN,Bearing2_1,1,20,0.0
XJTU-SY,37.5Hz11kN,Bearing2_1,1,20,0.8571428571428571
XJTU-SY,37.5Hz11kN,Bearing2_1,1,20,0.8775510204081632
XJTU-SY,37.5Hz11kN,Bearing2_1,1,20,0.0
XJTU-SY,37.5Hz11kN,Bearing2_1,1,20,0.5306122448979592
XJTU-SY,37.5Hz11kN,Bearing2_1,1,20,0.7551020408163265
XJTU-SY,37.5Hz11kN,Bearing2_1,1,20,0.8571428571428571
XJTU-SY,37.5Hz11kN,Bearing2_1,1,20,0.0
XJTU-SY,37.5Hz11kN,Bearing2_1,1,20,0.5102040816326531
XJTU-SY,37.5Hz11kN,Bearing2_1,1,20,0.0
XJTU-SY,37.5Hz11kN,Bearing2_1,1,20,0.6530612244897959
XJTU-SY,37.5Hz11kN,Bearing2_1,1,20,0.8571428571428571
XJTU-SY,37.5Hz11kN,Bearing2_1,1,20,0.673469387755102
XJTU-SY,37.5Hz11kN,Bearing2_1,1,20,0.673469387755102
XJTU-SY,37.5Hz11kN,Bearing2_1,1,20,0.4489795918367347
XJTU-SY,37.5Hz11kN,Bearing2_1,1,20,0.6122448979591837
XJTU-SY,37.5Hz11kN,Bearing2_1,1,20,0.22448979591836735
XJTU-SY,37.5Hz11kN,Bearing2_1,1,20,0.08163265306122448
XJTU-SY,37.5Hz11kN,Bearing2_1,1,20,0.9183673469387755
XJTU-SY,37.5Hz11kN,Bearing2_1,1,20,0.8775510204081632
XJTU-SY,37.5Hz11kN,Bearing2_1,1,20,0.8571428571428571
XJTU-SY,37.5Hz11kN,Bearing2_1,1,20,0.0
XJTU-SY,37.5Hz11kN,Bearing2_1,1,20,0.0
XJTU-SY,37.5Hz11kN,Bearing2_1,1,20,0.7959183673469388
XJTU-SY,37.5Hz11kN,Bearing2_1,1,20,0.0
XJTU-SY,37.5Hz11kN,Bearing2_1,1,20,0.0
XJTU-SY,37.5Hz11kN,Bearing2_1,1,20,0.7551020408163265
XJTU-SY,37.5Hz11kN,Bearing2_1,1,20,0.04081632653061224
XJTU-SY,37.5Hz11kN,Bearing2_1,1,20,0.10204081632653061
XJTU-SY,37.5Hz11kN,Bearing2_1,1,20,0.8163265306122449
XJTU-SY,37.5Hz11kN,Bearing2_1,1,20,0.8979591836734694
XJTU-SY,37.5Hz11kN,Bearing2_1,1,20,0.02040816326530612
XJTU-SY,37.5Hz11kN,Bearing2_1,1,20,1.0
XJTU-SY,37.5Hz11kN,Bearing2_1,1,20,1.0
XJTU-SY,37.5Hz11kN,Bearing2_1,1,20,0.7346938775510204
XJTU-SY,37.5Hz11kN,Bearing2_1,1,20,0.04081632653061224
XJTU-SY,37.5Hz11kN,Bearing2_1,1,20,0.0
XJTU-SY,37.5Hz11kN,Bearing2_1,1,20,1.0
XJTU-SY,37.5Hz11kN,Bearing2_1,1,20,0.8775510204081632
XJTU-SY,37.5Hz11kN,Bearing2_1,1,20,0.6122448979591837
XJTU-SY,37.5Hz11kN,Bearing2_1,2,20,0.32653061224489793
XJTU-SY,37.5Hz11kN,Bearing2_1,2,20,0.14285714285714285
XJTU-SY,37.5Hz11kN,Bearing2_1,2,20,0.14285714285714285
XJTU-SY,37.5Hz11kN,Bearing2_1,2,20,0.4489795918367347
XJTU-SY,37.5Hz11kN,Bearing2_1,2,20,0.08163265306122448
XJTU-SY,37.5Hz11kN,Bearing2_1,2,20,0.08163265306122448
XJTU-SY,37.5Hz11kN,Bearing2_1,2,20,0.0
XJTU-SY,37.5Hz11kN,Bearing2_1,2,20,0.0
XJTU-SY,37.5Hz11kN,Bearing2_1,2,20,0.0
XJTU-SY,37.5Hz11kN,Bearing2_1,2,20,0.0
XJTU-SY,37.5Hz11kN,Bearing2_1,2,20,0.0
XJTU-SY,37.5Hz11kN,Bearing2_1,2,20,0.0
XJTU-SY,37.5Hz11kN,Bearing2_1,2,20,0.0
XJTU-SY,37.5Hz11kN,Bearing2_1,2,20,0.0
XJTU-SY,37.5Hz11kN,Bearing2_1,2,20,0.0
XJTU-SY,37.5Hz11kN,Bearing2_1,2,20,0.2653061224489796
XJTU-SY,37.5Hz11kN,Bearing2_1,2,20,0.2857142857142857
XJTU-SY,37.5Hz11kN,Bearing2_1,2,20,0.04081632653061224
XJTU-SY,37.5Hz11kN,Bearing2_1,2,20,0.20408163265306123
XJTU-SY,37.5Hz11kN,Bearing2_1,2,20,0.2653061224489796
XJTU-SY,37.5Hz11kN,Bearing2_1,2,20,0.3877551020408163
XJTU-SY,37.5Hz11kN,Bearing2_1,2,20,0.02040816326530612
XJTU-SY,37.5Hz11kN,Bearing2_1,2,20,0.0
XJTU-SY,37.5Hz11kN,Bearing2_1,2,20,0.6530612244897959
XJTU-SY,37.5Hz11kN,Bearing2_1,2,20,0.10204081632653061
XJTU-SY,37.5Hz11kN,Bearing2_1,2,20,0.14285714285714285
XJTU-SY,37.5Hz11kN,Bearing2_1,2,20,0.16326530612244897
XJTU-SY,37.5Hz11kN,Bearing2_1,2,20,0.6122448979591837
XJTU-SY,37.5Hz11kN,Bearing2_1,2,20,0.2653061224489796
XJTU-SY,37.5Hz11kN,Bearing2_1,2,20,0.0
XJTU-SY,37.5Hz11kN,Bearing2_1,2,20,0.30612244897959184
XJTU-SY,37.5Hz11kN,Bearing2_1,2,20,0.02040816326530612
XJTU-SY,37.5Hz11kN,Bearing2_1,2,20,0.08163265306122448
XJTU-SY,37.5Hz11kN,Bearing2_1,2,20,0.10204081632653061
XJTU-SY,37.5Hz11kN,Bearing2_1,2,20,0.0
XJTU-SY,37.5Hz11kN,Bearing2_1,2,20,0.04081632653061224
XJTU-SY,37.5Hz11kN,Bearing2_1,2,20,0.0
XJTU-SY,37.5Hz11kN,Bearing2_1,2,20,0.0
XJTU-SY,37.5Hz11kN,Bearing2_1,2,20,0.0
XJTU-SY,37.5Hz11kN,Bearing2_1,2,20,0.24489795918367346
XJTU-SY,37.5Hz11kN,Bearing2_1,2,20,0.0
XJTU-SY,37.5Hz11kN,Bearing2_1,2,20,0.08163265306122448
XJTU-SY,37.5Hz11kN,Bearing2_1,2,20,0.22448979591836735
XJTU-SY,37.5Hz11kN,Bearing2_1,2,20,0.0
XJTU-SY,37.5Hz11kN,Bearing2_1,2,20,0.0
XJTU-SY,37.5Hz11kN,Bearing2_1,2,20,0.16326530612244897
XJTU-SY,37.5Hz11kN,Bearing2_1,2,20,0.0
XJTU-SY,37.5Hz11kN,Bearing2_1,2,20,0.0
XJTU-SY,37.5Hz11kN,Bearing2_1,2,20,0.0
XJTU-SY,37.5Hz11kN,Bearing2_1,2,20,0.0
XJTU-SY,37.5Hz11kN,Bearing2_1,3,18,0.0
XJTU-SY,37.5Hz11kN,Bearing2_1,3,18,0.0
XJTU-SY,37.5Hz11kN,Bearing2_1,3,18,0.0
XJTU-SY,37.5Hz11kN,Bearing2_1,3,18,0.0
XJTU-SY,37.5Hz11kN,Bearing2_1,3,18,0.0
XJTU-SY,37.5Hz11kN,Bearing2_1,3,18,0.0
XJTU-SY,37.5Hz11kN,Bearing2_1,3,18,0.0
XJTU-SY,37.5Hz11kN,Bearing2_1,3,18,0.0
XJTU-SY,37.5Hz11kN,Bearing2_1,3,18,0.0
XJTU-SY,37.5Hz11kN,Bearing2_1,3,18,0.0
XJTU-SY,37.5Hz11kN,Bearing2_1,3,18,0.0
XJTU-SY,37.5Hz11kN,Bearing2_1,3,18,0.0
XJTU-SY,37.5Hz11kN,Bearing2_1,3,18,0.0
XJTU-SY,37.5Hz11kN,Bearing2_1,3,18,0.0
XJTU-SY,37.5Hz11kN,Bearing2_1,3,18,0.0
XJTU-SY,37.5Hz11kN,Bearing2_1,3,18,0.0
XJTU-SY,37.5Hz11kN,Bearing2_1,3,18,0.0
XJTU-SY,37.5Hz11kN,Bearing2_1,3,18,0.0
XJTU-SY,37.5Hz11kN,Bearing2_1,3,18,0.0
XJTU-SY,37.5Hz11kN,Bearing2_1,3,18,0.0
XJTU-SY,37.5Hz11kN,Bearing2_1,3,18,0.0
XJTU-SY,37.5Hz11kN,Bearing2_1,3,18,0.0
XJTU-SY,37.5Hz11kN,Bearing2_1,3,18,0.0
XJTU-SY,37.5Hz11kN,Bearing2_1,3,18,0.0
XJTU-SY,37.5Hz11kN,Bearing2_1,3,18,0.0
XJTU-SY,37.5Hz11kN,Bearing2_1,3,18,0.0
XJTU-SY,37.5Hz11kN,Bearing2_1,3,18,0.0
XJTU-SY,37.5Hz11kN,Bearing2_1,3,18,0.0
XJTU-SY,37.5Hz11kN,Bearing2_1,3,18,0.0
XJTU-SY,37.5Hz11kN,Bearing2_1,3,18,0.0
XJTU-SY,37.5Hz11kN,Bearing2_1,3,18,0.0
XJTU-SY,37.5Hz11kN,Bearing2_1,3,18,0.0
XJTU-SY,37.5Hz11kN,Bearing2_1,3,18,0.0
XJTU-SY,37.5Hz11kN,Bearing2_1,3,18,0.0
XJTU-SY,37.5Hz11kN,Bearing2_1,3,18,0.0
XJTU-SY,37.5Hz11kN,Bearing2_1,3,18,0.0
XJTU-SY,37.5Hz11kN,Bearing2_1,3,18,0.0
XJTU-SY,37.5Hz11kN,Bearing2_1,3,18,0.0
XJTU-SY,37.5Hz11kN,Bearing2_1,3,18,0.0
XJTU-SY,37.5Hz11kN,Bearing2_1,3,18,0.0
XJTU-SY,37.5Hz11kN,Bearing2_1,3,18,0.0
XJTU-SY,37.5Hz11kN,Bearing2_1,3,18,0.0
XJTU-SY,37.5Hz11kN,Bearing2_1,3,18,0.0
XJTU-SY,37.5Hz11kN,Bearing2_1,3,18,0.0
XJTU-SY,37.5Hz11kN,Bearing2_1,3,18,0.0
XJTU-SY,37.5Hz11kN,Bearing2_1,3,18,0.0
XJTU-SY,37.5Hz11kN,Bearing2_1,3,18,0.0
XJTU-SY,37.5Hz11kN,Bearing2_1,3,18,0.0
XJTU-SY,37.5Hz11kN,Bearing2_1,3,18,0.0
XJTU-SY,37.5Hz11kN,Bearing2_1,3,18,0.0
XJTU-SY,37.5Hz11kN,Bearing2_2,1,20,0.85
XJTU-SY,37.5Hz11kN,Bearing2_2,1,20,0.35
XJTU-SY,37.5Hz11kN,Bearing2_2,1,20,0.85
XJTU-SY,37.5Hz11kN,Bearing2_2,1,20,0.85
XJTU-SY,37.5Hz11kN,Bearing2_2,1,20,0.85
XJTU-SY,37.5Hz11kN,Bearing2_2,1,20,0.8
XJTU-SY,37.5Hz11kN,Bearing2_2,1,20,0.8
XJTU-SY,37.5Hz11kN,Bearing2_2,1,20,0.15
XJTU-SY,37.5Hz11kN,Bearing2_2,1,20,0.9
XJTU-SY,37.5Hz11kN,Bearing2_2,1,20,0.4
XJTU-SY,37.5Hz11kN,Bearing2_2,1,20,0.35
XJTU-SY,37.5Hz11kN,Bearing2_2,1,20,0.5
XJTU-SY,37.5Hz11kN,Bearing2_2,1,20,0.85
XJTU-SY,37.5Hz11kN,Bearing2_2,1,20,0.0
XJTU-SY,37.5Hz11kN,Bearing2_2,1,20,0.0
XJTU-SY,37.5Hz11kN,Bearing2_2,1,20,0.9
XJTU-SY,37.5Hz11kN,Bearing2_2,1,20,0.8
XJTU-SY,37.5Hz11kN,Bearing2_2,1,20,0.7
XJTU-SY,37.5Hz11kN,Bearing2_2,1,20,0.2
XJTU-SY,37.5Hz11kN,Bearing2_2,1,20,0.35
XJTU-SY,37.5Hz11kN,Bearing2_2,1,20,0.9
XJTU-SY,37.5Hz11kN,Bearing2_2,1,20,0.2
XJTU-SY,37.5Hz11kN,Bearing2_2,1,20,0.15
XJTU-SY,37.5Hz11kN,Bearing2_2,1,20,0.8
XJTU-SY,37.5Hz11kN,Bearing2_2,1,20,0.75
XJTU-SY,37.5Hz11kN,Bearing2_2,1,20,0.0
XJTU-SY,37.5Hz11kN,Bearing2_2,1,20,0.7
XJTU-SY,37.5Hz11kN,Bearing2_2,1,20,0.8
XJTU-SY,37.5Hz11kN,Bearing2_2,1,20,0.4
XJTU-SY,37.5Hz11kN,Bearing2_2,1,20,0.75
XJTU-SY,37.5Hz11kN,Bearing2_2,1,20,0.25
XJTU-SY,37.5Hz11kN,Bearing2_2,1,20,1.0
XJTU-SY,37.5Hz11kN,Bearing2_2,1,20,0.8
XJTU-SY,37.5Hz11kN,Bearing2_2,1,20,0.0
XJTU-SY,37.5Hz11kN,Bearing2_2,1,20,0.0
XJTU-SY,37.5Hz11kN,Bearing2_2,1,20,1.0
XJTU-SY,37.5Hz11kN,Bearing2_2,1,20,0.6
XJTU-SY,37.5Hz11kN,Bearing2_2,1,20,0.85
XJTU-SY,37.5Hz11kN,Bearing2_2,1,20,1.0
XJTU-SY,37.5Hz11kN,Bearing2_2,1,20,0.8
XJTU-SY,37.5Hz11kN,Bearing2_2,1,20,0.2
XJTU-SY,37.5Hz11kN,Bearing2_2,1,20,0.3
XJTU-SY,37.5Hz11kN,Bearing2_2,1,20,0.0
XJTU-SY,37.5Hz11kN,Bearing2_2,1,20,0.8
XJTU-SY,37.5Hz11kN,Bearing2_2,1,20,0.8
XJTU-SY,37.5Hz11kN,Bearing2_2,1,20,0.55
XJTU-SY,37.5Hz11kN,Bearing2_2,1,20,0.0
XJTU-SY,37.5Hz11kN,Bearing2_2,1,20,0.5
XJTU-SY,37.5Hz11kN,Bearing2_2,1,20,0.2
XJTU-SY,37.5Hz11kN,Bearing2_2,1,20,0.35
XJTU-SY,37.5Hz11kN,Bearing2_2,2,20,0.05
XJTU-SY,37.5Hz11kN,Bearing2_2,2,20,0.55
XJTU-SY,37.5Hz11kN,Bearing2_2,2,20,0.15
XJTU-SY,37.5Hz11kN,Bearing2_2,2,20,0.1
XJTU-SY,37.5Hz11kN,Bearing2_2,2,20,0.45
XJTU-SY,37.5Hz11kN,Bearing2_2,2,20,0.35
XJTU-SY,37.5Hz11kN,Bearing2_2,2,20,0.65
XJTU-SY,37.5Hz11kN,Bearing2_2,2,20,0.3
XJTU-SY,37.5Hz11kN,Bearing2_2,2,20,0.2
XJTU-SY,37.5Hz11kN,Bearing2_2,2,20,0.15
XJTU-SY,37.5Hz11kN,Bearing2_2,2,20,0.0
XJTU-SY,37.5Hz11kN,Bearing2_2,2,20,0.1
XJTU-SY,37.5Hz11kN,Bearing2_2,2,20,0.2
XJTU-SY,37.5Hz11kN,Bearing2_2,2,20,0.1
XJTU-SY,37.5Hz11kN,Bearing2_2,2,20,1.0
XJTU-SY,37.5Hz11kN,Bearing2_2,2,20,0.25
XJTU-SY,37.5Hz11kN,Bearing2_2,2,20,0.0
XJTU-SY,37.5Hz11kN,Bearing2_2,2,20,0.05
XJTU-SY,37.5Hz11kN,Bearing2_2,2,20,0.0
XJTU-SY,37.5Hz11kN,Bearing2_2,2,20,0.05
XJTU-SY,37.5Hz11kN,Bearing2_2,2,20,0.2
XJTU-SY,37.5Hz11kN,Bearing2_2,2,20,0.05
XJTU-SY,37.5Hz11kN,Bearing2_2,2,20,0.0
XJTU-SY,37.5Hz11kN,Bearing2_2,2,20,0.0
XJTU-SY,37.5Hz11kN,Bearing2_2,2,20,0.15
XJTU-SY,37.5Hz11kN,Bearing2_2,2,20,0.1
XJTU-SY,37.5Hz11kN,Bearing2_2,2,20,0.0
XJTU-SY,37.5Hz11kN,Bearing2_2,2,20,0.6
XJTU-SY,37.5Hz11kN,Bearing2_2,2,20,0.2
XJTU-SY,37.5Hz11kN,Bearing2_2,2,20,0.15
XJTU-SY,37.5Hz11kN,Bearing2_2,2,20,0.25
XJTU-SY,37.5Hz11kN,Bearing2_2,2,20,0.3
XJTU-SY,37.5Hz11kN,Bearing2_2,2,20,0.2
XJTU-SY,37.5Hz11kN,Bearing2_2,2,20,0.35
XJTU-SY,37.5Hz11kN,Bearing2_2,2,20,0.8
XJTU-SY,37.5Hz11kN,Bearing2_2,2,20,0.0
XJTU-SY,37.5Hz11kN,Bearing2_2,2,20,0.65
XJTU-SY,37.5Hz11kN,Bearing2_2,2,20,0.1
XJTU-SY,37.5Hz11kN,Bearing2_2,2,20,0.1
XJTU-SY,37.5Hz11kN,Bearing2_2,2,20,1.0
XJTU-SY,37.5Hz11kN,Bearing2_2,2,20,0.7
XJTU-SY,37.5Hz11kN,Bearing2_2,2,20,0.05
XJTU-SY,37.5Hz11kN,Bearing2_2,2,20,0.1
XJTU-SY,37.5Hz11kN,Bearing2_2,2,20,0.2
XJTU-SY,37.5Hz11kN,Bearing2_2,2,20,0.6
XJTU-SY,37.5Hz11kN,Bearing2_2,2,20,0.9
XJTU-SY,37.5Hz11kN,Bearing2_2,2,20,0.45
XJTU-SY,37.5Hz11kN,Bearing2_2,2,20,0.0
XJTU-SY,37.5Hz11kN,Bearing2_2,2,20,0.4
XJTU-SY,37.5Hz11kN,Bearing2_2,2,20,0.3
XJTU-SY,37.5Hz11kN,Bearing2_2,3,18,0.0
XJTU-SY,37.5Hz11kN,Bearing2_2,3,18,0.0
XJTU-SY,37.5Hz11kN,Bearing2_2,3,18,0.0
XJTU-SY,37.5Hz11kN,Bearing2_2,3,18,0.0
XJTU-SY,37.5Hz11kN,Bearing2_2,3,18,0.0
XJTU-SY,37.5Hz11kN,Bearing2_2,3,18,0.0
XJTU-SY,37.5Hz11kN,Bearing2_2,3,18,0.0
XJTU-SY,37.5Hz11kN,Bearing2_2,3,18,0.0
XJTU-SY,37.5Hz11kN,Bearing2_2,3,18,0.0
XJTU-SY,37.5Hz11kN,Bearing2_2,3,18,0.0
XJTU-SY,37.5Hz11kN,Bearing2_2,3,18,0.0
XJTU-SY,37.5Hz11kN,Bearing2_2,3,18,0.0
XJTU-SY,37.5Hz11kN,Bearing2_2,3,18,0.0
XJTU-SY,37.5Hz11kN,Bearing2_2,3,18,0.0
XJTU-SY,37.5Hz11kN,Bearing2_2,3,18,0.0
XJTU-SY,37.5Hz11kN,Bearing2_2,3,18,0.0
XJTU-SY,37.5Hz11kN,Bearing2_2,3,18,0.0
XJTU-SY,37.5Hz11kN,Bearing2_2,3,18,0.0
XJTU-SY,37.5Hz11kN,Bearing2_2,3,18,0.0
XJTU-SY,37.5Hz11kN,Bearing2_2,3,18,0.0
XJTU-SY,37.5Hz11kN,Bearing2_2,3,18,0.0
XJTU-SY,37.5Hz11kN,Bearing2_2,3,18,0.0
XJTU-SY,37.5Hz11kN,Bearing2_2,3,18,0.0
XJTU-SY,37.5Hz11kN,Bearing2_2,3,18,0.0
XJTU-SY,37.5Hz11kN,Bearing2_2,3,18,0.0
XJTU-SY,37.5Hz11kN,Bearing2_2,3,18,0.0
XJTU-SY,37.5Hz11kN,Bearing2_2,3,18,0.0
XJTU-SY,37.5Hz11kN,Bearing2_2,3,18,0.0
XJTU-SY,37.5Hz11kN,Bearing2_2,3,18,0.0
XJTU-SY,37.5Hz11kN,Bearing2_2,3,18,0.0
XJTU-SY,37.5Hz11kN,Bearing2_2,3,18,0.0
XJTU-SY,37.5Hz11kN,Bearing2_2,3,18,0.0
XJTU-SY,37.5Hz11kN,Bearing2_2,3,18,0.0
XJTU-SY,37.5Hz11kN,Bearing2_2,3,18,0.0
XJTU-SY,37.5Hz11kN,Bearing2_2,3,18,0.0
XJTU-SY,37.5Hz11kN,Bearing2_2,3,18,0.0
XJTU-SY,37.5Hz11kN,Bearing2_2,3,18,0.0
XJTU-SY,37.5Hz11kN,Bearing2_2,3,18,0.0
XJTU-SY,37.5Hz11kN,Bearing2_2,3,18,0.0
XJTU-SY,37.5Hz11kN,Bearing2_2,3,18,0.0
XJTU-SY,37.5Hz11kN,Bearing2_2,3,18,0.0
XJTU-SY,37.5Hz11kN,Bearing2_2,3,18,0.0
XJTU-SY,37.5Hz11kN,Bearing2_2,3,18,0.0
XJTU-SY,37.5Hz11kN,Bearing2_2,3,18,0.0
XJTU-SY,37.5Hz11kN,Bearing2_2,3,18,0.0
XJTU-SY,37.5Hz11kN,Bearing2_2,3,18,0.0
XJTU-SY,37.5Hz11kN,Bearing2_2,3,18,0.0
XJTU-SY,37.5Hz11kN,Bearing2_2,3,18,0.0
XJTU-SY,37.5Hz11kN,Bearing2_2,3,18,0.0
XJTU-SY,37.5Hz11kN,Bearing2_2,3,18,0.0
XJTU-SY,37.5Hz11kN,Bearing2_3,1,20,0.0
XJTU-SY,37.5Hz11kN,Bearing2_3,1,20,0.9056603773584906
XJTU-SY,37.5Hz11kN,Bearing2_3,1,20,0.5094339622641509
XJTU-SY,37.5Hz11kN,Bearing2_3,1,20,1.0
XJTU-SY,37.5Hz11kN,Bearing2_3,1,20,0.4339622641509434
XJTU-SY,37.5Hz11kN,Bearing2_3,1,20,0.1320754716981132
XJTU-SY,37.5Hz11kN,Bearing2_3,1,20,0.5283018867924528
XJTU-SY,37.5Hz11kN,Bearing2_3,1,20,0.9811320754716981
XJTU-SY,37.5Hz11kN,Bearing2_3,1,20,0.0
XJTU-SY,37.5Hz11kN,Bearing2_3,1,20,0.03773584905660377
XJTU-SY,37.5Hz11kN,Bearing2_3,1,20,0.8490566037735849
XJTU-SY,37.5Hz11kN,Bearing2_3,1,20,0.7358490566037735
XJTU-SY,37.5Hz11kN,Bearing2_3,1,20,0.16981132075471697
XJTU-SY,37.5Hz11kN,Bearing2_3,1,20,0.5471698113207547
XJTU-SY,37.5Hz11kN,Bearing2_3,1,20,0.9811320754716981
XJTU-SY,37.5Hz11kN,Bearing2_3,1,20,0.0
XJTU-SY,37.5Hz11kN,Bearing2_3,1,20,0.0
XJTU-SY,37.5Hz11kN,Bearing2_3,1,20,0.4528301886792453
XJTU-SY,37.5Hz11kN,Bearing2_3,1,20,0.0
XJTU-SY,37.5Hz11kN,Bearing2_3,1,20,0.05660377358490566
XJTU-SY,37.5Hz11kN,Bearing2_3,1,20,0.7735849056603774
XJTU-SY,37.5Hz11kN,Bearing2_3,1,20,0.11320754716981132
XJTU-SY,37.5Hz11kN,Bearing2_3,1,20,0.5471698113207547
XJTU-SY,37.5Hz11kN,Bearing2_3,1,20,1.0
XJTU-SY,37.5Hz11kN,Bearing2_3,1,20,0.018867924528301886
XJTU-SY,37.5Hz11kN,Bearing2_3,1,20,0.0
XJTU-SY,37.5Hz11kN,Bearing2_3,1,20,0.7735849056603774
XJTU-SY,37.5Hz11kN,Bearing2_3,1,20,0.05660377358490566
XJTU-SY,37.5Hz11kN,Bearing2_3,1,20,0.6226415094339622
XJTU-SY,37.5Hz11kN,Bearing2_3,1,20,0.05660377358490566
XJTU-SY,37.5Hz11kN,Bearing2_3,1,20,0.0
XJTU-SY,37.5Hz11kN,Bearing2_3,1,20,0.5283018867924528
XJTU-SY,37.5Hz11kN,Bearing2_3,1,20,0.018867924528301886
XJTU-SY,37.5Hz11kN,Bearing2_3,1,20,0.0
XJTU-SY,37.5Hz11kN,Bearing2_3,1,20,1.0
XJTU-SY,37.5Hz11kN,Bearing2_3,1,20,0.9811320754716981
XJTU-SY,37.5Hz11kN,Bearing2_3,1,20,0.9622641509433962
XJTU-SY,37.5Hz11kN,Bearing2_3,1,20,0.7169811320754716
XJTU-SY,37.5Hz11kN,Bearing2_3,1,20,0.5283018867924528
XJTU-SY,37.5Hz11kN,Bearing2_3,1,20,0.5660377358490566
XJTU-SY,37.5Hz11kN,Bearing2_3,1,20,0.8490566037735849
XJTU-SY,37.5Hz11kN,Bearing2_3,1,20,0.1320754716981132
XJTU-SY,37.5Hz11kN,Bearing2_3,1,20,0.07547169811320754
XJTU-SY,37.5Hz11kN,Bearing2_3,1,20,0.0
XJTU-SY,37.5Hz11kN,Bearing2_3,1,20,0.0
XJTU-SY,37.5Hz11kN,Bearing2_3,1,20,0.4528301886792453
XJTU-SY,37.5Hz11kN,Bearing2_3,1,20,0.5471698113207547
XJTU-SY,37.5Hz11kN,Bearing2_3,1,20,0.09433962264150944
XJTU-SY,37.5Hz11kN,Bearing2_3,1,20,0.0
XJTU-SY,37.5Hz11kN,Bearing2_3,1,20,0.5094339622641509
XJTU-SY,37.5Hz11kN,Bearing2_3,2,20,0.09433962264150944
XJTU-SY,37.5Hz11kN,Bearing2_3,2,20,0.0
XJTU-SY,37.5Hz11kN,Bearing2_3,2,20,0.0
XJTU-SY,37.5Hz11kN,Bearing2_3,2,20,0.0
XJTU-SY,37.5Hz11kN,Bearing2_3,2,20,0.20754716981132076
XJTU-SY,37.5Hz11kN,Bearing2_3,2,20,0.5094339622641509
XJTU-SY,37.5Hz11kN,Bearing2_3,2,20,0.0
XJTU-SY,37.5Hz11kN,Bearing2_3,2,20,0.0
XJTU-SY,37.5Hz11kN,Bearing2_3,2,20,0.0
XJTU-SY,37.5Hz11kN,Bearing2_3,2,20,0.0
XJTU-SY,37.5Hz11kN,Bearing2_3,2,20,0.0
XJTU-SY,37.5Hz11kN,Bearing2_3,2,20,0.0
XJTU-SY,37.5Hz11kN,Bearing2_3,2,20,0.0
XJTU-SY,37.5Hz11kN,Bearing2_3,2,20,0.0
XJTU-SY,37.5Hz11kN,Bearing2_3,2,20,0.0
XJTU-SY,37.5Hz11kN,Bearing2_3,2,20,0.0
XJTU-SY,37.5Hz11kN,Bearing2_3,2,20,0.0
XJTU-SY,37.5Hz11kN,Bearing2_3,2,20,0.0
XJTU-SY,37.5Hz11kN,Bearing2_3,2,20,0.0
XJTU-SY,37.5Hz11kN,Bearing2_3,2,20,0.1320754716981132
XJTU-SY,37.5Hz11kN,Bearing2_3,2,20,0.05660377358490566
XJTU-SY,37.5Hz11kN,Bearing2_3,2,20,0.0
XJTU-SY,37.5Hz11kN,Bearing2_3,2,20,0.16981132075471697
XJTU-SY,37.5Hz11kN,Bearing2_3,2,20,0.0
XJTU-SY,37.5Hz11kN,Bearing2_3,2,20,0.03773584905660377
XJTU-SY,37.5Hz11kN,Bearing2_3,2,20,0.09433962264150944
XJTU-SY,37.5Hz11kN,Bearing2_3,2,20,0.0
XJTU-SY,37.5Hz11kN,Bearing2_3,2,20,0.0
XJTU-SY,37.5Hz11kN,Bearing2_3,2,20,0.37735849056603776
XJTU-SY,37.5Hz11kN,Bearing2_3,2,20,0.0
XJTU-SY,37.5Hz11kN,Bearing2_3,2,20,0.39622641509433965
XJTU-SY,37.5Hz11kN,Bearing2_3,2,20,0.03773584905660377
XJTU-SY,37.5Hz11kN,Bearing2_3,2,20,0.0
XJTU-SY,37.5Hz11kN,Bearing2_3,2,20,0.0
XJTU-SY,37.5Hz11kN,Bearing2_3,2,20,0.0
XJTU-SY,37.5Hz11kN,Bearing2_3,2,20,0.1320754716981132
XJTU-SY,37.5Hz11kN,Bearing2_3,2,20,0.11320754716981132
XJTU-SY,37.5Hz11kN,Bearing2_3,2,20,0.0
XJTU-SY,37.5Hz11kN,Bearing2_3,2,20,0.0
XJTU-SY,37.5Hz11kN,Bearing2_3,2,20,0.0
XJTU-SY,37.5Hz11kN,Bearing2_3,2,20,0.0
XJTU-SY,37.5Hz11kN,Bearing2_3,2,20,0.0
XJTU-SY,37.5Hz11kN,Bearing2_3,2,20,0.0
XJTU-SY,37.5Hz11kN,Bearing2_3,2,20,0.0
XJTU-SY,37.5Hz11kN,Bearing2_3,2,20,0.0
XJTU-SY,37.5Hz11kN,Bearing2_3,2,20,0.0
XJTU-SY,37.5Hz11kN,Bearing2_3,2,20,0.0
XJTU-SY,37.5Hz11kN,Bearing2_3,2,20,0.0
XJTU-SY,37.5Hz11kN,Bearing2_3,2,20,0.0
XJTU-SY,37.5Hz11kN,Bearing2_3,2,20,0.0
XJTU-SY,37.5Hz11kN,Bearing2_3,3,18,0.0
XJTU-SY,37.5Hz11kN,Bearing2_3,3,18,0.0
XJTU-SY,37.5Hz11kN,Bearing2_3,3,18,0.0
XJTU-SY,37.5Hz11kN,Bearing2_3,3,18,0.0
XJTU-SY,37.5Hz11kN,Bearing2_3,3,18,0.0
XJTU-SY,37.5Hz11kN,Bearing2_3,3,18,0.0
XJTU-SY,37.5Hz11kN,Bearing2_3,3,18,0.0
XJTU-SY,37.5Hz11kN,Bearing2_3,3,18,0.0
XJTU-SY,37.5Hz11kN,Bearing2_3,3,18,0.0
XJTU-SY,37.5Hz11kN,Bearing2_3,3,18,0.0
XJTU-SY,37.5Hz11kN,Bearing2_3,3,18,0.0
XJTU-SY,37.5Hz11kN,Bearing2_3,3,18,0.0
XJTU-SY,37.5Hz11kN,Bearing2_3,3,18,0.0
XJTU-SY,37.5Hz11kN,Bearing2_3,3,18,0.0
XJTU-SY,37.5Hz11kN,Bearing2_3,3,18,0.0
XJTU-SY,37.5Hz11kN,Bearing2_3,3,18,0.0
XJTU-SY,37.5Hz11kN,Bearing2_3,3,18,0.0
XJTU-SY,37.5Hz11kN,Bearing2_3,3,18,0.0
XJTU-SY,37.5Hz11kN,Bearing2_3,3,18,0.0
XJTU-SY,37.5Hz11kN,Bearing2_3,3,18,0.0
XJTU-SY,37.5Hz11kN,Bearing2_3,3,18,0.0
XJTU-SY,37.5Hz11kN,Bearing2_3,3,18,0.0
XJTU-SY,37.5Hz11kN,Bearing2_3,3,18,0.0
XJTU-SY,37.5Hz11kN,Bearing2_3,3,18,0.0
XJTU-SY,37.5Hz11kN,Bearing2_3,3,18,0.0
XJTU-SY,37.5Hz11kN,Bearing2_3,3,18,0.0
XJTU-SY,37.5Hz11kN,Bearing2_3,3,18,0.0
XJTU-SY,37.5Hz11kN,Bearing2_3,3,18,0.0
XJTU-SY,37.5Hz11kN,Bearing2_3,3,18,0.0
XJTU-SY,37.5Hz11kN,Bearing2_3,3,18,0.0
XJTU-SY,37.5Hz11kN,Bearing2_3,3,18,0.0
XJTU-SY,37.5Hz11kN,Bearing2_3,3,18,0.0
XJTU-SY,37.5Hz11kN,Bearing2_3,3,18,0.0
XJTU-SY,37.5Hz11kN,Bearing2_3,3,18,0.0
XJTU-SY,37.5Hz11kN,Bearing2_3,3,18,0.0
XJTU-SY,37.5Hz11kN,Bearing2_3,3,18,0.0
XJTU-SY,37.5Hz11kN,Bearing2_3,3,18,0.0
XJTU-SY,37.5Hz11kN,Bearing2_3,3,18,0.0
XJTU-SY,37.5Hz11kN,Bearing2_3,3,18,0.0
XJTU-SY,37.5Hz11kN,Bearing2_3,3,18,0.0
XJTU-SY,37.5Hz11kN,Bearing2_3,3,18,0.0
XJTU-SY,37.5Hz11kN,Bearing2_3,3,18,0.0
XJTU-SY,37.5Hz11kN,Bearing2_3,3,18,0.0
XJTU-SY,37.5Hz11kN,Bearing2_3,3,18,0.0
XJTU-SY,37.5Hz11kN,Bearing2_3,3,18,0.0
XJTU-SY,37.5Hz11kN,Bearing2_3,3,18,0.0
XJTU-SY,37.5Hz11kN,Bearing2_3,3,18,0.0
XJTU-SY,37.5Hz11kN,Bearing2_3,3,18,0.0
XJTU-SY,37.5Hz11kN,Bearing2_3,3,18,0.0
XJTU-SY,37.5Hz11kN,Bearing2_3,3,18,0.0
XJTU-SY,37.5Hz11kN,Bearing2_5,1,20,0.9090909090909091
XJTU-SY,37.5Hz11kN,Bearing2_5,1,20,0.7575757575757576
XJTU-SY,37.5Hz11kN,Bearing2_5,1,20,0.7878787878787878
XJTU-SY,37.5Hz11kN,Bearing2_5,1,20,0.9393939393939394
XJTU-SY,37.5Hz11kN,Bearing2_5,1,20,1.0
XJTU-SY,37.5Hz11kN,Bearing2_5,1,20,0.0
XJTU-SY,37.5Hz11kN,Bearing2_5,1,20,1.0
XJTU-SY,37.5Hz11kN,Bearing2_5,1,20,1.0
XJTU-SY,37.5Hz11kN,Bearing2_5,1,20,0.9696969696969697
XJTU-SY,37.5Hz11kN,Bearing2_5,1,20,1.0
XJTU-SY,37.5Hz11kN,Bearing2_5,1,20,0.9090909090909091
XJTU-SY,37.5Hz11kN,Bearing2_5,1,20,0.3333333333333333
XJTU-SY,37.5Hz11kN,Bearing2_5,1,20,0.7575757575757576
XJTU-SY,37.5Hz11kN,Bearing2_5,1,20,0.6666666666666666
XJTU-SY,37.5Hz11kN,Bearing2_5,1,20,1.0
XJTU-SY,37.5Hz11kN,Bearing2_5,1,20,0.6666666666666666
XJTU-SY,37.5Hz11kN,Bearing2_5,1,20,0.9090909090909091
XJTU-SY,37.5Hz11kN,Bearing2_5,1,20,0.7575757575757576
XJTU-SY,37.5Hz11kN,Bearing2_5,1,20,0.9090909090909091
XJTU-SY,37.5Hz11kN,Bearing2_5,1,20,0.5151515151515151
XJTU-SY,37.5Hz11kN,Bearing2_5,1,20,0.0
XJTU-SY,37.5Hz11kN,Bearing2_5,1,20,0.9090909090909091
XJTU-SY,37.5Hz11kN,Bearing2_5,1,20,0.7575757575757576
XJTU-SY,37.5Hz11kN,Bearing2_5,1,20,0.6666666666666666
XJTU-SY,37.5Hz11kN,Bearing2_5,1,20,0.696969696969697
XJTU-SY,37.5Hz11kN,Bearing2_5,1,20,0.8787878787878788
XJTU-SY,37.5Hz11kN,Bearing2_5,1,20,0.7575757575757576
XJTU-SY,37.5Hz11kN,Bearing2_5,1,20,0.0
XJTU-SY,37.5Hz11kN,Bearing2_5,1,20,0.7575757575757576
XJTU-SY,37.5Hz11kN,Bearing2_5,1,20,0.8787878787878788
XJTU-SY,37.5Hz11kN,Bearing2_5,1,20,0.9090909090909091
XJTU-SY,37.5Hz11kN,Bearing2_5,1,20,0.0
XJTU-SY,37.5Hz11kN,Bearing2_5,1,20,0.5151515151515151
XJTU-SY,37.5Hz11kN,Bearing2_5,1,20,0.7575757575757576
XJTU-SY,37.5Hz11kN,Bearing2_5,1,20,0.7575757575757576
XJTU-SY,37.5Hz11kN,Bearing2_5,1,20,0.9090909090909091
XJTU-SY,37.5Hz11kN,Bearing2_5,1,20,0.9696969696969697
XJTU-SY,37.5Hz11kN,Bearing2_5,1,20,0.696969696969697
XJTU-SY,37.5Hz11kN,Bearing2_5,1,20,1.0
XJTU-SY,37.5Hz11kN,Bearing2_5,1,20,0.7575757575757576
XJTU-SY,37.5Hz11kN,Bearing2_5,1,20,0.8484848484848485
XJTU-SY,37.5Hz11kN,Bearing2_5,1,20,0.8787878787878788
XJTU-SY,37.5Hz11kN,Bearing2_5,1,20,0.8787878787878788
XJTU-SY,37.5Hz11kN,Bearing2_5,1,20,0.5151515151515151
XJTU-SY,37.5Hz11kN,Bearing2_5,1,20,0.7575757575757576
XJTU-SY,37.5Hz11kN,Bearing2_5,1,20,0.0
XJTU-SY,37.5Hz11kN,Bearing2_5,1,20,0.3333333333333333
XJTU-SY,37.5Hz11kN,Bearing2_5,1,20,0.5151515151515151
XJTU-SY,37.5Hz11kN,Bearing2_5,1,20,1.0
XJTU-SY,37.5Hz11kN,Bearing2_5,1,20,1.0
XJTU-SY,37.5Hz11kN,Bearing2_5,2,20,0.7575757575757576
XJTU-SY,37.5Hz11kN,Bearing2_5,2,20,0.696969696969697
XJTU-SY,37.5Hz11kN,Bearing2_5,2,20,0.8484848484848485
XJTU-SY,37.5Hz11kN,Bearing2_5,2,20,0.7272727272727273
XJTU-SY,37.5Hz11kN,Bearing2_5,2,20,0.9090909090909091
XJTU-SY,37.5Hz11kN,Bearing2_5,2,20,0.9696969696969697
XJTU-SY,37.5Hz11kN,Bearing2_5,2,20,0.8787878787878788
XJTU-SY,37.5Hz11kN,Bearing2_5,2,20,0.9090909090909091
XJTU-SY,37.5Hz11kN,Bearing2_5,2,20,0.8787878787878788
XJTU-SY,37.5Hz11kN,Bearing2_5,2,20,0.8787878787878788
XJTU-SY,37.5Hz11kN,Bearing2_5,2,20,0.8484848484848485
XJTU-SY,37.5Hz11kN,Bearing2_5,2,20,0.7878787878787878
XJTU-SY,37.5Hz11kN,Bearing2_5,2,20,0.8787878787878788
XJTU-SY,37.5Hz11kN,Bearing2_5,2,20,0.5757575757575758
XJTU-SY,37.5Hz11kN,Bearing2_5,2,20,0.6666666666666666
XJTU-SY,37.5Hz11kN,Bearing2_5,2,20,0.5151515151515151
XJTU-SY,37.5Hz11kN,Bearing2_5,2,20,0.6666666666666666
XJTU-SY,37.5Hz11kN,Bearing2_5,2,20,0.9090909090909091
XJTU-SY,37.5Hz11kN,Bearing2_5,2,20,0.7878787878787878
XJTU-SY,37.5Hz11kN,Bearing2_5,2,20,0.696969696969697
XJTU-SY,37.5Hz11kN,Bearing2_5,2,20,0.8787878787878788
XJTU-SY,37.5Hz11kN,Bearing2_5,2,20,0.7878787878787878
XJTU-SY,37.5Hz11kN,Bearing2_5,2,20,0.6666666666666666
XJTU-SY,37.5Hz11kN,Bearing2_5,2,20,0.9090909090909091
XJTU-SY,37.5Hz11kN,Bearing2_5,2,20,0.8484848484848485
XJTU-SY,37.5Hz11kN,Bearing2_5,2,20,0.8787878787878788
XJTU-SY,37.5Hz11kN,Bearing2_5,2,20,0.9090909090909091
XJTU-SY,37.5Hz11kN,Bearing2_5,2,20,0.8787878787878788
XJTU-SY,37.5Hz11kN,Bearing2_5,2,20,0.7878787878787878
XJTU-SY,37.5Hz11kN,Bearing2_5,2,20,0.8787878787878788
XJTU-SY,37.5Hz11kN,Bearing2_5,2,20,0.8787878787878788
XJTU-SY,37.5Hz11kN,Bearing2_5,2,20,0.9090909090909091
XJTU-SY,37.5Hz11kN,Bearing2_5,2,20,0.9090909090909091
XJTU-SY,37.5Hz11kN,Bearing2_5,2,20,0.5151515151515151
XJTU-SY,37.5Hz11kN,Bearing2_5,2,20,0.9393939393939394
XJTU-SY,37.5Hz11kN,Bearing2_5,2,20,0.8787878787878788
XJTU-SY,37.5Hz11kN,Bearing2_5,2,20,0.9696969696969697
XJTU-SY,37.5Hz11kN,Bearing2_5,2,20,0.696969696969697
XJTU-SY,37.5Hz11kN,Bearing2_5,2,20,1.0
XJTU-SY,37.5Hz11kN,Bearing2_5,2,20,0.21212121212121213
XJTU-SY,37.5Hz11kN,Bearing2_5,2,20,0.0
XJTU-SY,37.5Hz11kN,Bearing2_5,2,20,0.8787878787878788
XJTU-SY,37.5Hz11kN,Bearing2_5,2,20,0.6666666666666666
XJTU-SY,37.5Hz11kN,Bearing2_5,2,20,0.7575757575757576
XJTU-SY,37.5Hz11kN,Bearing2_5,2,20,0.9090909090909091
XJTU-SY,37.5Hz11kN,Bearing2_5,2,20,0.7575757575757576
XJTU-SY,37.5Hz11kN,Bearing2_5,2,20,0.7575757575757576
XJTU-SY,37.5Hz11kN,Bearing2_5,2,20,0.8787878787878788
XJTU-SY,37.5Hz11kN,Bearing2_5,2,20,0.3333333333333333
XJTU-SY,37.5Hz11kN,Bearing2_5,2,20,1.0
XJTU-SY,37.5Hz11kN,Bearing2_5,3,18,0.0
XJTU-SY,37.5Hz11kN,Bearing2_5,3,18,0.5757575757575758
XJTU-SY,37.5Hz11kN,Bearing2_5,3,18,0.5757575757575758
XJTU-SY,37.5Hz11kN,Bearing2_5,3,18,0.7272727272727273
XJTU-SY,37.5Hz11kN,Bearing2_5,3,18,0.5151515151515151
XJTU-SY,37.5Hz11kN,Bearing2_5,3,18,0.24242424242424243
XJTU-SY,37.5Hz11kN,Bearing2_5,3,18,0.2727272727272727
XJTU-SY,37.5Hz11kN,Bearing2_5,3,18,0.0
XJTU-SY,37.5Hz11kN,Bearing2_5,3,18,0.0
XJTU-SY,37.5Hz11kN,Bearing2_5,3,18,0.696969696969697
XJTU-SY,37.5Hz11kN,Bearing2_5,3,18,0.0
XJTU-SY,37.5Hz11kN,Bearing2_5,3,18,0.7575757575757576
XJTU-SY,37.5Hz11kN,Bearing2_5,3,18,0.9393939393939394
XJTU-SY,37.5Hz11kN,Bearing2_5,3,18,0.9696969696969697
XJTU-SY,37.5Hz11kN,Bearing2_5,3,18,0.696969696969697
XJTU-SY,37.5Hz11kN,Bearing2_5,3,18,0.0
XJTU-SY,37.5Hz11kN,Bearing2_5,3,18,0.7575757575757576
XJTU-SY,37.5Hz11kN,Bearing2_5,3,18,0.6666666666666666
XJTU-SY,37.5Hz11kN,Bearing2_5,3,18,0.8787878787878788
XJTU-SY,37.5Hz11kN,Bearing2_5,3,18,1.0
XJTU-SY,37.5Hz11kN,Bearing2_5,3,18,0.7878787878787878
XJTU-SY,37.5Hz11kN,Bearing2_5,3,18,0.5151515151515151
XJTU-SY,37.5Hz11kN,Bearing2_5,3,18,0.9090909090909091
XJTU-SY,37.5Hz11kN,Bearing2_5,3,18,0.8787878787878788
XJTU-SY,37.5Hz11kN,Bearing2_5,3,18,0.0
XJTU-SY,37.5Hz11kN,Bearing2_5,3,18,0.9090909090909091
XJTU-SY,37.5Hz11kN,Bearing2_5,3,18,0.0
XJTU-SY,37.5Hz11kN,Bearing2_5,3,18,0.8484848484848485
XJTU-SY,37.5Hz11kN,Bearing2_5,3,18,1.0
XJTU-SY,37.5Hz11kN,Bearing2_5,3,18,0.6666666666666666
XJTU-SY,37.5Hz11kN,Bearing2_5,3,18,0.36363636363636365
XJTU-SY,37.5Hz11kN,Bearing2_5,3,18,0.8787878787878788
XJTU-SY,37.5Hz11kN,Bearing2_5,3,18,0.5151515151515151
XJTU-SY,37.5Hz11kN,Bearing2_5,3,18,0.0
XJTU-SY,37.5Hz11kN,Bearing2_5,3,18,1.0
XJTU-SY,37.5Hz11kN,Bearing2_5,3,18,0.8787878787878788
XJTU-SY,37.5Hz11kN,Bearing2_5,3,18,0.0
XJTU-SY,37.5Hz11kN,Bearing2_5,3,18,0.3333333333333333
XJTU-SY,37.5Hz11kN,Bearing2_5,3,18,0.3333333333333333
XJTU-SY,37.5Hz11kN,Bearing2_5,3,18,0.9090909090909091
XJTU-SY,37.5Hz11kN,Bearing2_5,3,18,0.8787878787878788
XJTU-SY,37.5Hz11kN,Bearing2_5,3,18,0.9393939393939394
XJTU-SY,37.5Hz11kN,Bearing2_5,3,18,0.7878787878787878
XJTU-SY,37.5Hz11kN,Bearing2_5,3,18,0.8787878787878788
XJTU-SY,37.5Hz11kN,Bearing2_5,3,18,0.5757575757575758
XJTU-SY,37.5Hz11kN,Bearing2_5,3,18,0.9090909090909091
XJTU-SY,37.5Hz11kN,Bearing2_5,3,18,0.696969696969697
XJTU-SY,37.5Hz11kN,Bearing2_5,3,18,0.8484848484848485
XJTU-SY,37.5Hz11kN,Bearing2_5,3,18,0.6666666666666666
XJTU-SY,37.5Hz11kN,Bearing2_5,3,18,0.8787878787878788
XJTU-SY,40Hz10kN,Bearing3_1,1,20,0.25
XJTU-SY,40Hz10kN,Bearing3_1,1,20,0.1
XJTU-SY,40Hz10kN,Bearing3_1,1,20,0.0
XJTU-SY,40Hz10kN,Bearing3_1,1,20,0.21666666666666667
XJTU-SY,40Hz10kN,Bearing3_1,1,20,0.0
XJTU-SY,40Hz10kN,Bearing3_1,1,20,0.2
XJTU-SY,40Hz10kN,Bearing3_1,1,20,0.8666666666666667
XJTU-SY,40Hz10kN,Bearing3_1,1,20,0.0
XJTU-SY,40Hz10kN,Bearing3_1,1,20,0.0
XJTU-SY,40Hz10kN,Bearing3_1,1,20,0.16666666666666666
XJTU-SY,40Hz10kN,Bearing3_1,1,20,0.0
XJTU-SY,40Hz10kN,Bearing3_1,1,20,0.36666666666666664
XJTU-SY,40Hz10kN,Bearing3_1,1,20,0.36666666666666664
XJTU-SY,40Hz10kN,Bearing3_1,1,20,0.13333333333333333
XJTU-SY,40Hz10kN,Bearing3_1,1,20,0.1
XJTU-SY,40Hz10kN,Bearing3_1,1,20,0.0
XJTU-SY,40Hz10kN,Bearing3_1,1,20,0.0
XJTU-SY,40Hz10kN,Bearing3_1,1,20,0.9333333333333333
XJTU-SY,40Hz10kN,Bearing3_1,1,20,1.0
XJTU-SY,40Hz10kN,Bearing3_1,1,20,0.9166666666666666
XJTU-SY,40Hz10kN,Bearing3_1,1,20,1.0
XJTU-SY,40Hz10kN,Bearing3_1,1,20,0.0
XJTU-SY,40Hz10kN,Bearing3_1,1,20,1.0
XJTU-SY,40Hz10kN,Bearing3_1,1,20,0.0
XJTU-SY,40Hz10kN,Bearing3_1,1,20,0.0
XJTU-SY,40Hz10kN,Bearing3_1,1,20,0.7166666666666667
XJTU-SY,40Hz10kN,Bearing3_1,1,20,0.0
XJTU-SY,40Hz10kN,Bearing3_1,1,20,0.0
XJTU-SY,40Hz10kN,Bearing3_1,1,20,0.9833333333333333
XJTU-SY,40Hz10kN,Bearing3_1,1,20,0.0
XJTU-SY,40Hz10kN,Bearing3_1,1,20,0.95
XJTU-SY,40Hz10kN,Bearing3_1,1,20,0.45
XJTU-SY,40Hz10kN,Bearing3_1,1,20,0.0
XJTU-SY,40Hz10kN,Bearing3_1,1,20,0.85
XJTU-SY,40Hz10kN,Bearing3_1,1,20,0.95
XJTU-SY,40Hz10kN,Bearing3_1,1,20,0.0
XJTU-SY,40Hz10kN,Bearing3_1,1,20,0.0
XJTU-SY,40Hz10kN,Bearing3_1,1,20,0.8333333333333334
XJTU-SY,40Hz10kN,Bearing3_1,1,20,1.0
XJTU-SY,40Hz10kN,Bearing3_1,1,20,0.0
XJTU-SY,40Hz10kN,Bearing3_1,1,20,0.0
XJTU-SY,40Hz10kN,Bearing3_1,1,20,0.0
XJTU-SY,40Hz10kN,Bearing3_1,1,20,0.0
XJTU-SY,40Hz10kN,Bearing3_1,1,20,0.0
XJTU-SY,40Hz10kN,Bearing3_1,1,20,0.8333333333333334
XJTU-SY,40Hz10kN,Bearing3_1,1,20,0.0
XJTU-SY,40Hz10kN,Bearing3_1,1,20,0.23333333333333334
XJTU-SY,40Hz10kN,Bearing3_1,1,20,0.0
XJTU-SY,40Hz10kN,Bearing3_1,1,20,0.8666666666666667
XJTU-SY,40Hz10kN,Bearing3_1,1,20,0.7
XJTU-SY,40Hz10kN,Bearing3_1,2,20,1.0
XJTU-SY,40Hz10kN,Bearing3_1,2,20,0.3
XJTU-SY,40Hz10kN,Bearing3_1,2,20,0.0
XJTU-SY,40Hz10kN,Bearing3_1,2,20,0.0
XJTU-SY,40Hz10kN,Bearing3_1,2,20,0.0
XJTU-SY,40Hz10kN,Bearing3_1,2,20,0.0
XJTU-SY,40Hz10kN,Bearing3_1,2,20,1.0
XJTU-SY,40Hz10kN,Bearing3_1,2,20,0.0
XJTU-SY,40Hz10kN,Bearing3_1,2,20,0.0
XJTU-SY,40Hz10kN,Bearing3_1,2,20,0.0
XJTU-SY,40Hz10kN,Bearing3_1,2,20,0.0
XJTU-SY,40Hz10kN,Bearing3_1,2,20,0.0
XJTU-SY,40Hz10kN,Bearing3_1,2,20,0.16666666666666666
XJTU-SY,40Hz10kN,Bearing3_1,2,20,0.0
XJTU-SY,40Hz10kN,Bearing3_1,2,20,0.0
XJTU-SY,40Hz10kN,Bearing3_1,2,20,0.0
XJTU-SY,40Hz10kN,Bearing3_1,2,20,0.0
XJTU-SY,40Hz10kN,Bearing3_1,2,20,0.0
XJTU-SY,40Hz10kN,Bearing3_1,2,20,0.0
XJTU-SY,40Hz10kN,Bearing3_1,2,20,0.0
XJTU-SY,40Hz10kN,Bearing3_1,2,20,0.8666666666666667
XJTU-SY,40Hz10kN,Bearing3_1,2,20,0.0
XJTU-SY,40Hz10kN,Bearing3_1,2,20,0.0
XJTU-SY,40Hz10kN,Bearing3_1,2,20,0.0
XJTU-SY,40Hz10kN,Bearing3_1,2,20,0.0
XJTU-SY,40Hz10kN,Bearing3_1,2,20,0.0
XJTU-SY,40Hz10kN,Bearing3_1,2,20,0.0
XJTU-SY,40Hz10kN,Bearing3_1,2,20,0.0
XJTU-SY,40Hz10kN,Bearing3_1,2,20,0.0
XJTU-SY,40Hz10kN,Bearing3_1,2,20,0.0
XJTU-SY,40Hz10kN,Bearing3_1,2,20,0.31666666666666665
XJTU-SY,40Hz10kN,Bearing3_1,2,20,0.0
XJTU-SY,40Hz10kN,Bearing3_1,2,20,0.0
XJTU-SY,40Hz10kN,Bearing3_1,2,20,0.0
XJTU-SY,40Hz10kN,Bearing3_1,2,20,0.0
XJTU-SY,40Hz10kN,Bearing3_1,2,20,0.0
XJTU-SY,40Hz10kN,Bearing3_1,2,20,0.0
XJTU-SY,40Hz10kN,Bearing3_1,2,20,0.0
XJTU-SY,40Hz10kN,Bearing3_1,2,20,0.0
XJTU-SY,40Hz10kN,Bearing3_1,2,20,0.9
XJTU-SY,40Hz10kN,Bearing3_1,2,20,0.0
XJTU-SY,40Hz10kN,Bearing3_1,2,20,0.0
XJTU-SY,40Hz10kN,Bearing3_1,2,20,0.0
XJTU-SY,40Hz10kN,Bearing3_1,2,20,0.0
XJTU-SY,40Hz10kN,Bearing3_1,2,20,0.0
XJTU-SY,40Hz10kN,Bearing3_1,2,20,0.0
XJTU-SY,40Hz10kN,Bearing3_1,2,20,0.0
XJTU-SY,40Hz10kN,Bearing3_1,2,20,1.0
XJTU-SY,40Hz10kN,Bearing3_1,2,20,0.0
XJTU-SY,40Hz10kN,Bearing3_1,2,20,0.0
XJTU-SY,40Hz10kN,Bearing3_1,3,18,0.0
XJTU-SY,40Hz10kN,Bearing3_1,3,18,0.0
XJTU-SY,40Hz10kN,Bearing3_1,3,18,0.0
XJTU-SY,40Hz10kN,Bearing3_1,3,18,0.0
XJTU-SY,40Hz10kN,Bearing3_1,3,18,0.0
XJTU-SY,40Hz10kN,Bearing3_1,3,18,0.0
XJTU-SY,40Hz10kN,Bearing3_1,3,18,0.0
XJTU-SY,40Hz10kN,Bearing3_1,3,18,0.0
XJTU-SY,40Hz10kN,Bearing3_1,3,18,0.0
XJTU-SY,40Hz10kN,Bearing3_1,3,18,0.0
XJTU-SY,40Hz10kN,Bearing3_1,3,18,0.0
XJTU-SY,40Hz10kN,Bearing3_1,3,18,0.0
XJTU-SY,40Hz10kN,Bearing3_1,3,18,0.0
XJTU-SY,40Hz10kN,Bearing3_1,3,18,0.0
XJTU-SY,40Hz10kN,Bearing3_1,3,18,0.0
XJTU-SY,40Hz10kN,Bearing3_1,3,18,0.0
XJTU-SY,40Hz10kN,Bearing3_1,3,18,0.0
XJTU-SY,40Hz10kN,Bearing3_1,3,18,0.0
XJTU-SY,40Hz10kN,Bearing3_1,3,18,0.0
XJTU-SY,40Hz10kN,Bearing3_1,3,18,0.0
XJTU-SY,40Hz10kN,Bearing3_1,3,18,0.0
XJTU-SY,40Hz10kN,Bearing3_1,3,18,0.0
XJTU-SY,40Hz10kN,Bearing3_1,3,18,0.0
XJTU-SY,40Hz10kN,Bearing3_1,3,18,0.0
XJTU-SY,40Hz10kN,Bearing3_1,3,18,0.0
XJTU-SY,40Hz10kN,Bearing3_1,3,18,0.0
XJTU-SY,40Hz10kN,Bearing3_1,3,18,0.0
XJTU-SY,40Hz10kN,Bearing3_1,3,18,0.0
XJTU-SY,40Hz10kN,Bearing3_1,3,18,0.0
XJTU-SY,40Hz10kN,Bearing3_1,3,18,0.0
XJTU-SY,40Hz10kN,Bearing3_1,3,18,0.0
XJTU-SY,40Hz10kN,Bearing3_1,3,18,0.0
XJTU-SY,40Hz10kN,Bearing3_1,3,18,0.0
XJTU-SY,40Hz10kN,Bearing3_1,3,18,0.0
XJTU-SY,40Hz10kN,Bearing3_1,3,18,0.0
XJTU-SY,40Hz10kN,Bearing3_1,3,18,0.0
XJTU-SY,40Hz10kN,Bearing3_1,3,18,0.0
XJTU-SY,40Hz10kN,Bearing3_1,3,18,0.0
XJTU-SY,40Hz10kN,Bearing3_1,3,18,0.0
XJTU-SY,40Hz10kN,Bearing3_1,3,18,0.0
XJTU-SY,40Hz10kN,Bearing3_1,3,18,0.0
XJTU-SY,40Hz10kN,Bearing3_1,3,18,0.0
XJTU-SY,40Hz10kN,Bearing3_1,3,18,0.0
XJTU-SY,40Hz10kN,Bearing3_1,3,18,0.0
XJTU-SY,40Hz10kN,Bearing3_1,3,18,0.0
XJTU-SY,40Hz10kN,Bearing3_1,3,18,0.0
XJTU-SY,40Hz10kN,Bearing3_1,3,18,0.0
XJTU-SY,40Hz10kN,Bearing3_1,3,18,0.0
XJTU-SY,40Hz10kN,Bearing3_1,3,18,0.0
XJTU-SY,40Hz10kN,Bearing3_1,3,18,0.0
XJTU-SY,40Hz10kN,Bearing3_1,4,20,0.0
XJTU-SY,40Hz10kN,Bearing3_1,4,20,0.0
XJTU-SY,40Hz10kN,Bearing3_1,4,20,0.0
XJTU-SY,40Hz10kN,Bearing3_1,4,20,0.0
XJTU-SY,40Hz10kN,Bearing3_1,4,20,0.0
XJTU-SY,40Hz10kN,Bearing3_1,4,20,0.0
XJTU-SY,40Hz10kN,Bearing3_1,4,20,0.0
XJTU-SY,40Hz10kN,Bearing3_1,4,20,0.0
XJTU-SY,40Hz10kN,Bearing3_1,4,20,0.0
XJTU-SY,40Hz10kN,Bearing3_1,4,20,0.0
XJTU-SY,40Hz10kN,Bearing3_1,4,20,0.0
XJTU-SY,40Hz10kN,Bearing3_1,4,20,0.0
XJTU-SY,40Hz10kN,Bearing3_1,4,20,0.0
XJTU-SY,40Hz10kN,Bearing3_1,4,20,0.0
XJTU-SY,40Hz10kN,Bearing3_1,4,20,0.0
XJTU-SY,40Hz10kN,Bearing3_1,4,20,0.0
XJTU-SY,40Hz10kN,Bearing3_1,4,20,0.0
XJTU-SY,40Hz10kN,Bearing3_1,4,20,0.0
XJTU-SY,40Hz10kN,Bearing3_1,4,20,0.0
XJTU-SY,40Hz10kN,Bearing3_1,4,20,0.0
XJTU-SY,40Hz10kN,Bearing3_1,4,20,0.0
XJTU-SY,40Hz10kN,Bearing3_1,4,20,0.0
XJTU-SY,40Hz10kN,Bearing3_1,4,20,0.0
XJTU-SY,40Hz10kN,Bearing3_1,4,20,0.0
XJTU-SY,40Hz10kN,Bearing3_1,4,20,0.0
XJTU-SY,40Hz10kN,Bearing3_1,4,20,0.0
XJTU-SY,40Hz10kN,Bearing3_1,4,20,0.0
XJTU-SY,40Hz10kN,Bearing3_1,4,20,0.0
XJTU-SY,40Hz10kN,Bearing3_1,4,20,0.0
XJTU-SY,40Hz10kN,Bearing3_1,4,20,0.0
XJTU-SY,40Hz10kN,Bearing3_1,4,20,0.0
XJTU-SY,40Hz10kN,Bearing3_1,4,20,0.0
XJTU-SY,40Hz10kN,Bearing3_1,4,20,0.0
XJTU-SY,40Hz10kN,Bearing3_1,4,20,0.0
XJTU-SY,40Hz10kN,Bearing3_1,4,20,0.0
XJTU-SY,40Hz10kN,Bearing3_1,4,20,0.0
XJTU-SY,40Hz10kN,Bearing3_1,4,20,0.0
XJTU-SY,40Hz10kN,Bearing3_1,4,20,0.0
XJTU-SY,40Hz10kN,Bearing3_1,4,20,0.0
XJTU-SY,40Hz10kN,Bearing3_1,4,20,0.0
XJTU-SY,40Hz10kN,Bearing3_1,4,20,0.0
XJTU-SY,40Hz10kN,Bearing3_1,4,20,0.0
XJTU-SY,40Hz10kN,Bearing3_1,4,20,0.0
XJTU-SY,40Hz10kN,Bearing3_1,4,20,0.0
XJTU-SY,40Hz10kN,Bearing3_1,4,20,0.0
XJTU-SY,40Hz10kN,Bearing3_1,4,20,0.0
XJTU-SY,40Hz10kN,Bearing3_1,4,20,0.0
XJTU-SY,40Hz10kN,Bearing3_1,4,20,0.0
XJTU-SY,40Hz10kN,Bearing3_1,4,20,0.0
XJTU-SY,40Hz10kN,Bearing3_1,4,20,0.0
XJTU-SY,40Hz10kN,Bearing3_2,1,20,0.0
XJTU-SY,40Hz10kN,Bearing3_2,1,20,0.9166666666666666
XJTU-SY,40Hz10kN,Bearing3_2,1,20,0.8666666666666667
XJTU-SY,40Hz10kN,Bearing3_2,1,20,0.0
XJTU-SY,40Hz10kN,Bearing3_2,1,20,0.43333333333333335
XJTU-SY,40Hz10kN,Bearing3_2,1,20,0.2833333333333333
XJTU-SY,40Hz10kN,Bearing3_2,1,20,0.5
XJTU-SY,40Hz10kN,Bearing3_2,1,20,0.8
XJTU-SY,40Hz10kN,Bearing3_2,1,20,0.0
XJTU-SY,40Hz10kN,Bearing3_2,1,20,0.3
XJTU-SY,40Hz10kN,Bearing3_2,1,20,1.0
XJTU-SY,40Hz10kN,Bearing3_2,1,20,0.85
XJTU-SY,40Hz10kN,Bearing3_2,1,20,0.9
XJTU-SY,40Hz10kN,Bearing3_2,1,20,0.4
XJTU-SY,40Hz10kN,Bearing3_2,1,20,0.9166666666666666
XJTU-SY,40Hz10kN,Bearing3_2,1,20,0.16666666666666666
XJTU-SY,40Hz10kN,Bearing3_2,1,20,0.0
XJTU-SY,40Hz10kN,Bearing3_2,1,20,1.0
XJTU-SY,40Hz10kN,Bearing3_2,1,20,1.0
XJTU-SY,40Hz10kN,Bearing3_2,1,20,0.9833333333333333
XJTU-SY,40Hz10kN,Bearing3_2,1,20,0.23333333333333334
XJTU-SY,40Hz10kN,Bearing3_2,1,20,1.0
XJTU-SY,40Hz10kN,Bearing3_2,1,20,0.9
XJTU-SY,40Hz10kN,Bearing3_2,1,20,0.016666666666666666
XJTU-SY,40Hz10kN,Bearing3_2,1,20,0.9
XJTU-SY,40Hz10kN,Bearing3_2,1,20,0.06666666666666667
XJTU-SY,40Hz10kN,Bearing3_2,1,20,1.0
XJTU-SY,40Hz10kN,Bearing3_2,1,20,0.38333333333333336
XJTU-SY,40Hz10kN,Bearing3_2,1,20,0.08333333333333333
XJTU-SY,40Hz10kN,Bearing3_2,1,20,0.95
XJTU-SY,40Hz10kN,Bearing3_2,1,20,0.06666666666666667
XJTU-SY,40Hz10kN,Bearing3_2,1,20,0.016666666666666666
XJTU-SY,40Hz10kN,Bearing3_2,1,20,0.8666666666666667
XJTU-SY,40Hz10kN,Bearing3_2,1,20,0.8833333333333333
XJTU-SY,40Hz10kN,Bearing3_2,1,20,0.0
XJTU-SY,40Hz10kN,Bearing3_2,1,20,0.2
XJTU-SY,40Hz10kN,Bearing3_2,1,20,0.43333333333333335
XJTU-SY,40Hz10kN,Bearing3_2,1,20,0.0
XJTU-SY,40Hz10kN,Bearing3_2,1,20,0.0
XJTU-SY,40Hz10kN,Bearing3_2,1,20,0.06666666666666667
XJTU-SY,40Hz10kN,Bearing3_2,1,20,1.0
XJTU-SY,40Hz10kN,Bearing3_2,1,20,0.03333333333333333
XJTU-SY,40Hz10kN,Bearing3_2,1,20,1.0
XJTU-SY,40Hz10kN,Bearing3_2,1,20,1.0
XJTU-SY,40Hz10kN,Bearing3_2,1,20,0.0
XJTU-SY,40Hz10kN,Bearing3_2,1,20,0.05
XJTU-SY,40Hz10kN,Bearing3_2,1,20,1.0
XJTU-SY,40Hz10kN,Bearing3_2,1,20,0.2833333333333333
XJTU-SY,40Hz10kN,Bearing3_2,1,20,0.3
XJTU-SY,40Hz10kN,Bearing3_2,1,20,0.2833333333333333
XJTU-SY,40Hz10kN,Bearing3_2,2,20,0.13333333333333333
XJTU-SY,40Hz10kN,Bearing3_2,2,20,0.8333333333333334
XJTU-SY,40Hz10kN,Bearing3_2,2,20,0.43333333333333335
XJTU-SY,40Hz10kN,Bearing3_2,2,20,0.0
XJTU-SY,40Hz10kN,Bearing3_2,2,20,1.0
XJTU-SY,40Hz10kN,Bearing3_2,2,20,1.0
XJTU-SY,40Hz10kN,Bearing3_2,2,20,0.0
XJTU-SY,40Hz10kN,Bearing3_2,2,20,0.45
XJTU-SY,40Hz10kN,Bearing3_2,2,20,0.0
XJTU-SY,40Hz10kN,Bearing3_2,2,20,0.0
XJTU-SY,40Hz10kN,Bearing3_2,2,20,0.0
XJTU-SY,40Hz10kN,Bearing3_2,2,20,0.06666666666666667
XJTU-SY,40Hz10kN,Bearing3_2,2,20,0.0
XJTU-SY,40Hz10kN,Bearing3_2,2,20,0.0
XJTU-SY,40Hz10kN,Bearing3_2,2,20,1.0
XJTU-SY,40Hz10kN,Bearing3_2,2,20,0.0
XJTU-SY,40Hz10kN,Bearing3_2,2,20,0.7666666666666667
XJTU-SY,40Hz10kN,Bearing3_2,2,20,0.8833333333333333
XJTU-SY,40Hz10kN,Bearing3_2,2,20,1.0
XJTU-SY,40Hz10kN,Bearing3_2,2,20,0.0
XJTU-SY,40Hz10kN,Bearing3_2,2,20,0.0
XJTU-SY,40Hz10kN,Bearing3_2,2,20,0.0
XJTU-SY,40Hz10kN,Bearing3_2,2,20,0.0
XJTU-SY,40Hz10kN,Bearing3_2,2,20,0.31666666666666665
XJTU-SY,40Hz10kN,Bearing3_2,2,20,1.0
XJTU-SY,40Hz10kN,Bearing3_2,2,20,0.11666666666666667
XJTU-SY,40Hz10kN,Bearing3_2,2,20,0.0
XJTU-SY,40Hz10kN,Bearing3_2,2,20,0.0
XJTU-SY,40Hz10kN,Bearing3_2,2,20,0.8
XJTU-SY,40Hz10kN,Bearing3_2,2,20,0.0
XJTU-SY,40Hz10kN,Bearing3_2,2,20,1.0
XJTU-SY,40Hz10kN,Bearing3_2,2,20,0.0
XJTU-SY,40Hz10kN,Bearing3_2,2,20,0.0
XJTU-SY,40Hz10kN,Bearing3_2,2,20,0.0
XJTU-SY,40Hz10kN,Bearing3_2,2,20,0.85
XJTU-SY,40Hz10kN,Bearing3_2,2,20,0.0
XJTU-SY,40Hz10kN,Bearing3_2,2,20,0.0
XJTU-SY,40Hz10kN,Bearing3_2,2,20,0.95
XJTU-SY,40Hz10kN,Bearing3_2,2,20,0.11666666666666667
XJTU-SY,40Hz10kN,Bearing3_2,2,20,0.8333333333333334
XJTU-SY,40Hz10kN,Bearing3_2,2,20,1.0
XJTU-SY,40Hz10kN,Bearing3_2,2,20,0.0
XJTU-SY,40Hz10kN,Bearing3_2,2,20,0.05
XJTU-SY,40Hz10kN,Bearing3_2,2,20,1.0
XJTU-SY,40Hz10kN,Bearing3_2,2,20,0.06666666666666667
XJTU-SY,40Hz10kN,Bearing3_2,2,20,0.0
XJTU-SY,40Hz10kN,Bearing3_2,2,20,0.0
XJTU-SY,40Hz10kN,Bearing3_2,2,20,0.0
XJTU-SY,40Hz10kN,Bearing3_2,2,20,0.0
XJTU-SY,40Hz10kN,Bearing3_2,2,20,0.0
XJTU-SY,40Hz10kN,Bearing3_2,3,18,0.0
XJTU-SY,40Hz10kN,Bearing3_2,3,18,0.0
XJTU-SY,40Hz10kN,Bearing3_2,3,18,0.3
XJTU-SY,40Hz10kN,Bearing3_2,3,18,0.3333333333333333
XJTU-SY,40Hz10kN,Bearing3_2,3,18,0.9666666666666667
XJTU-SY,40Hz10kN,Bearing3_2,3,18,0.0
XJTU-SY,40Hz10kN,Bearing3_2,3,18,0.0
XJTU-SY,40Hz10kN,Bearing3_2,3,18,0.5
XJTU-SY,40Hz10kN,Bearing3_2,3,18,0.2
XJTU-SY,40Hz10kN,Bearing3_2,3,18,0.26666666666666666
XJTU-SY,40Hz10kN,Bearing3_2,3,18,0.0
XJTU-SY,40Hz10kN,Bearing3_2,3,18,0.0
XJTU-SY,40Hz10kN,Bearing3_2,3,18,0.8833333333333333
XJTU-SY,40Hz10kN,Bearing3_2,3,18,0.0
XJTU-SY,40Hz10kN,Bearing3_2,3,18,0.9333333333333333
XJTU-SY,40Hz10kN,Bearing3_2,3,18,0.0
XJTU-SY,40Hz10kN,Bearing3_2,3,18,0.0
XJTU-SY,40Hz10kN,Bearing3_2,3,18,0.0
XJTU-SY,40Hz10kN,Bearing3_2,3,18,0.2
XJTU-SY,40Hz10kN,Bearing3_2,3,18,0.13333333333333333
XJTU-SY,40Hz10kN,Bearing3_2,3,18,0.0
XJTU-SY,40Hz10kN,Bearing3_2,3,18,0.0
XJTU-SY,40Hz10kN,Bearing3_2,3,18,0.5333333333333333
XJTU-SY,40Hz10kN,Bearing3_2,3,18,0.0
XJTU-SY,40Hz10kN,Bearing3_2,3,18,0.0
XJTU-SY,40Hz10kN,Bearing3_2,3,18,0.9333333333333333
XJTU-SY,40Hz10kN,Bearing3_2,3,18,0.0
XJTU-SY,40Hz10kN,Bearing3_2,3,18,0.0
XJTU-SY,40Hz10kN,Bearing3_2,3,18,0.0
XJTU-SY,40Hz10kN,Bearing3_2,3,18,0.0
XJTU-SY,40Hz10kN,Bearing3_2,3,18,0.0
XJTU-SY,40Hz10kN,Bearing3_2,3,18,0.0
XJTU-SY,40Hz10kN,Bearing3_2,3,18,0.0
XJTU-SY,40Hz10kN,Bearing3_2,3,18,0.21666666666666667
XJTU-SY,40Hz10kN,Bearing3_2,3,18,0.0
XJTU-SY,40Hz10kN,Bearing3_2,3,18,0.0
XJTU-SY,40Hz10kN,Bearing3_2,3,18,0.0
XJTU-SY,40Hz10kN,Bearing3_2,3,18,0.0
XJTU-SY,40Hz10kN,Bearing3_2,3,18,0.0
XJTU-SY,40Hz10kN,Bearing3_2,3,18,0.3333333333333333
XJTU-SY,40Hz10kN,Bearing3_2,3,18,0.0
XJTU-SY,40Hz10kN,Bearing3_2,3,18,0.0
XJTU-SY,40Hz10kN,Bearing3_2,3,18,0.0
XJTU-SY,40Hz10kN,Bearing3_2,3,18,0.0
XJTU-SY,40Hz10kN,Bearing3_2,3,18,0.0
XJTU-SY,40Hz10kN,Bearing3_2,3,18,0.0
XJTU-SY,40Hz10kN,Bearing3_2,3,18,0.0
XJTU-SY,40Hz10kN,Bearing3_2,3,18,0.2833333333333333
XJTU-SY,40Hz10kN,Bearing3_2,3,18,0.5333333333333333
XJTU-SY,40Hz10kN,Bearing3_2,3,18,0.0
XJTU-SY,40Hz10kN,Bearing3_2,4,20,0.0
XJTU-SY,40Hz10kN,Bearing3_2,4,20,0.0
XJTU-SY,40Hz10kN,Bearing3_2,4,20,0.0
XJTU-SY,40Hz10kN,Bearing3_2,4,20,0.0
XJTU-SY,40Hz10kN,Bearing3_2,4,20,0.0
XJTU-SY,40Hz10kN,Bearing3_2,4,20,0.0
XJTU-SY,40Hz10kN,Bearing3_2,4,20,0.0
XJTU-SY,40Hz10kN,Bearing3_2,4,20,0.0
XJTU-SY,40Hz10kN,Bearing3_2,4,20,0.016666666666666666
XJTU-SY,40Hz10kN,Bearing3_2,4,20,0.0
XJTU-SY,40Hz10kN,Bearing3_2,4,20,0.0
XJTU-SY,40Hz10kN,Bearing3_2,4,20,0.03333333333333333
XJTU-SY,40Hz10kN,Bearing3_2,4,20,0.0
XJTU-SY,40Hz10kN,Bearing3_2,4,20,0.0
XJTU-SY,40Hz10kN,Bearing3_2,4,20,0.0
XJTU-SY,40Hz10kN,Bearing3_2,4,20,0.0
XJTU-SY,40Hz10kN,Bearing3_2,4,20,0.0
XJTU-SY,40Hz10kN,Bearing3_2,4,20,0.2833333333333333
XJTU-SY,40Hz10kN,Bearing3_2,4,20,0.0
XJTU-SY,40Hz10kN,Bearing3_2,4,20,0.05
XJTU-SY,40Hz10kN,Bearing3_2,4,20,0.0
XJTU-SY,40Hz10kN,Bearing3_2,4,20,0.0
XJTU-SY,40Hz10kN,Bearing3_2,4,20,0.0
XJTU-SY,40Hz10kN,Bearing3_2,4,20,0.0
XJTU-SY,40Hz10kN,Bearing3_2,4,20,0.0
XJTU-SY,40Hz10kN,Bearing3_2,4,20,0.0
XJTU-SY,40Hz10kN,Bearing3_2,4,20,0.0
XJTU-SY,40Hz10kN,Bearing3_2,4,20,0.13333333333333333
XJTU-SY,40Hz10kN,Bearing3_2,4,20,0.0
XJTU-SY,40Hz10kN,Bearing3_2,4,20,0.0
XJTU-SY,40Hz10kN,Bearing3_2,4,20,0.0
XJTU-SY,40Hz10kN,Bearing3_2,4,20,0.0
XJTU-SY,40Hz10kN,Bearing3_2,4,20,0.0
XJTU-SY,40Hz10kN,Bearing3_2,4,20,0.0
XJTU-SY,40Hz10kN,Bearing3_2,4,20,0.0
XJTU-SY,40Hz10kN,Bearing3_2,4,20,0.0
XJTU-SY,40Hz10kN,Bearing3_2,4,20,0.0
XJTU-SY,40Hz10kN,Bearing3_2,4,20,0.0
XJTU-SY,40Hz10kN,Bearing3_2,4,20,0.0
XJTU-SY,40Hz10kN,Bearing3_2,4,20,0.0
XJTU-SY,40Hz10kN,Bearing3_2,4,20,0.0
XJTU-SY,40Hz10kN,Bearing3_2,4,20,0.0
XJTU-SY,40Hz10kN,Bearing3_2,4,20,0.0
XJTU-SY,40Hz10kN,Bearing3_2,4,20,0.05
XJTU-SY,40Hz10kN,Bearing3_2,4,20,0.0
XJTU-SY,40Hz10kN,Bearing3_2,4,20,0.0
XJTU-SY,40Hz10kN,Bearing3_2,4,20,0.0
XJTU-SY,40Hz10kN,Bearing3_2,4,20,0.0
XJTU-SY,40Hz10kN,Bearing3_2,4,20,0.0
XJTU-SY,40Hz10kN,Bearing3_2,4,20,0.0
XJTU-SY,40Hz10kN,Bearing3_3,1,20,0.0
XJTU-SY,40Hz10kN,Bearing3_3,1,20,0.8378378378378378
XJTU-SY,40Hz10kN,Bearing3_3,1,20,0.0
XJTU-SY,40Hz10kN,Bearing3_3,1,20,0.8918918918918919
XJTU-SY,40Hz10kN,Bearing3_3,1,20,0.8918918918918919
XJTU-SY,40Hz10kN,Bearing3_3,1,20,1.0
XJTU-SY,40Hz10kN,Bearing3_3,1,20,0.8378378378378378
XJTU-SY,40Hz10kN,Bearing3_3,1,20,0.0
XJTU-SY,40Hz10kN,Bearing3_3,1,20,0.918918918918919
XJTU-SY,40Hz10kN,Bearing3_3,1,20,1.0
XJTU-SY,40Hz10kN,Bearing3_3,1,20,1.0
XJTU-SY,40Hz10kN,Bearing3_3,1,20,0.8378378378378378
XJTU-SY,40Hz10kN,Bearing3_3,1,20,0.0
XJTU-SY,40Hz10kN,Bearing3_3,1,20,0.0
XJTU-SY,40Hz10kN,Bearing3_3,1,20,0.972972972972973
XJTU-SY,40Hz10kN,Bearing3_3,1,20,1.0
XJTU-SY,40Hz10kN,Bearing3_3,1,20,0.9459459459459459
XJTU-SY,40Hz10kN,Bearing3_3,1,20,0.9459459459459459
XJTU-SY,40Hz10kN,Bearing3_3,1,20,0.0
XJTU-SY,40Hz10kN,Bearing3_3,1,20,0.0
XJTU-SY,40Hz10kN,Bearing3_3,1,20,0.918918918918919
XJTU-SY,40Hz10kN,Bearing3_3,1,20,0.9459459459459459
XJTU-SY,40Hz10kN,Bearing3_3,1,20,0.8378378378378378
XJTU-SY,40Hz10kN,Bearing3_3,1,20,0.8918918918918919
XJTU-SY,40Hz10kN,Bearing3_3,1,20,0.7297297297297297
XJTU-SY,40Hz10kN,Bearing3_3,1,20,0.0
XJTU-SY,40Hz10kN,Bearing3_3,1,20,0.7297297297297297
XJTU-SY,40Hz10kN,Bearing3_3,1,20,0.4864864864864865
XJTU-SY,40Hz10kN,Bearing3_3,1,20,0.0
XJTU-SY,40Hz10kN,Bearing3_3,1,20,0.0
XJTU-SY,40Hz10kN,Bearing3_3,1,20,0.0
XJTU-SY,40Hz10kN,Bearing3_3,1,20,0.0
XJTU-SY,40Hz10kN,Bearing3_3,1,20,0.8648648648648649
XJTU-SY,40Hz10kN,Bearing3_3,1,20,1.0
XJTU-SY,40Hz10kN,Bearing3_3,1,20,0.7297297297297297
XJTU-SY,40Hz10kN,Bearing3_3,1,20,0.08108108108108109
XJTU-SY,40Hz10kN,Bearing3_3,1,20,0.918918918918919
XJTU-SY,40Hz10kN,Bearing3_3,1,20,0.8918918918918919
XJTU-SY,40Hz10kN,Bearing3_3,1,20,0.0
XJTU-SY,40Hz10kN,Bearing3_3,1,20,0.0
XJTU-SY,40Hz10kN,Bearing3_3,1,20,0.7567567567567568
XJTU-SY,40Hz10kN,Bearing3_3,1,20,0.0
XJTU-SY,40Hz10kN,Bearing3_3,1,20,0.918918918918919
XJTU-SY,40Hz10kN,Bearing3_3,1,20,0.0
XJTU-SY,40Hz10kN,Bearing3_3,1,20,0.8648648648648649
XJTU-SY,40Hz10kN,Bearing3_3,1,20,0.8918918918918919
XJTU-SY,40Hz10kN,Bearing3_3,1,20,1.0
XJTU-SY,40Hz10kN,Bearing3_3,1,20,0.32432432432432434
XJTU-SY,40Hz10kN,Bearing3_3,1,20,0.918918918918919
XJTU-SY,40Hz10kN,Bearing3_3,1,20,0.2702702702702703
XJTU-SY,40Hz10kN,Bearing3_3,2,20,0.0
XJTU-SY,40Hz10kN,Bearing3_3,2,20,0.0
XJTU-SY,40Hz10kN,Bearing3_3,2,20,0.0
XJTU-SY,40Hz10kN,Bearing3_3,2,20,0.0
XJTU-SY,40Hz10kN,Bearing3_3,2,20,0.02702702702702703
XJTU-SY,40Hz10kN,Bearing3_3,2,20,0.0
XJTU-SY,40Hz10kN,Bearing3_3,2,20,0.0
XJTU-SY,40Hz10kN,Bearing3_3,2,20,0.0
XJTU-SY,40Hz10kN,Bearing3_3,2,20,0.0
XJTU-SY,40Hz10kN,Bearing3_3,2,20,0.0
XJTU-SY,40Hz10kN,Bearing3_3,2,20,0.0
XJTU-SY,40Hz10kN,Bearing3_3,2,20,0.0
XJTU-SY,40Hz10kN,Bearing3_3,2,20,0.0
XJTU-SY,40Hz10kN,Bearing3_3,2,20,0.0
XJTU-SY,40Hz10kN,Bearing3_3,2,20,0.0
XJTU-SY,40Hz10kN,Bearing3_3,2,20,0.0
XJTU-SY,40Hz10kN,Bearing3_3,2,20,0.0
XJTU-SY,40Hz10kN,Bearing3_3,2,20,0.0
XJTU-SY,40Hz10kN,Bearing3_3,2,20,0.0
XJTU-SY,40Hz10kN,Bearing3_3,2,20,0.0
XJTU-SY,40Hz10kN,Bearing3_3,2,20,0.0
XJTU-SY,40Hz10kN,Bearing3_3,2,20,0.0
XJTU-SY,40Hz10kN,Bearing3_3,2,20,0.0
XJTU-SY,40Hz10kN,Bearing3_3,2,20,0.5945945945945946
XJTU-SY,40Hz10kN,Bearing3_3,2,20,0.0
XJTU-SY,40Hz10kN,Bearing3_3,2,20,1.0
XJTU-SY,40Hz10kN,Bearing3_3,2,20,0.0
XJTU-SY,40Hz10kN,Bearing3_3,2,20,0.0
XJTU-SY,40Hz10kN,Bearing3_3,2,20,0.0
XJTU-SY,40Hz10kN,Bearing3_3,2,20,0.0
XJTU-SY,40Hz10kN,Bearing3_3,2,20,0.0
XJTU-SY,40Hz10kN,Bearing3_3,2,20,0.0
XJTU-SY,40Hz10kN,Bearing3_3,2,20,0.0
XJTU-SY,40Hz10kN,Bearing3_3,2,20,0.0
XJTU-SY,40Hz10kN,Bearing3_3,2,20,0.0
XJTU-SY,40Hz10kN,Bearing3_3,2,20,0.0
XJTU-SY,40Hz10kN,Bearing3_3,2,20,0.0
XJTU-SY,40Hz10kN,Bearing3_3,2,20,0.0
XJTU-SY,40Hz10kN,Bearing3_3,2,20,0.0
XJTU-SY,40Hz10kN,Bearing3_3,2,20,0.8648648648648649
XJTU-SY,40Hz10kN,Bearing3_3,2,20,0.0
XJTU-SY,40Hz10kN,Bearing3_3,2,20,0.02702702702702703
XJTU-SY,40Hz10kN,Bearing3_3,2,20,0.0
XJTU-SY,40Hz10kN,Bearing3_3,2,20,0.0
XJTU-SY,40Hz10kN,Bearing3_3,2,20,0.0
XJTU-SY,40Hz10kN,Bearing3_3,2,20,0.0
XJTU-SY,40Hz10kN,Bearing3_3,2,20,0.0
XJTU-SY,40Hz10kN,Bearing3_3,2,20,0.13513513513513514
XJTU-SY,40Hz10kN,Bearing3_3,2,20,0.0
XJTU-SY,40Hz10kN,Bearing3_3,2,20,0.0
XJTU-SY,40Hz10kN,Bearing3_3,3,18,0.0
XJTU-SY,40Hz10kN,Bearing3_3,3,18,0.0
XJTU-SY,40Hz10kN,Bearing3_3,3,18,0.0
XJTU-SY,40Hz10kN,Bearing3_3,3,18,0.0
XJTU-SY,40Hz10kN,Bearing3_3,3,18,0.0
XJTU-SY,40Hz10kN,Bearing3_3,3,18,0.0
XJTU-SY,40Hz10kN,Bearing3_3,3,18,0.0
XJTU-SY,40Hz10kN,Bearing3_3,3,18,0.0
XJTU-SY,40Hz10kN,Bearing3_3,3,18,0.0
XJTU-SY,40Hz10kN,Bearing3_3,3,18,0.0
XJTU-SY,40Hz10kN,Bearing3_3,3,18,0.0
XJTU-SY,40Hz10kN,Bearing3_3,3,18,0.0
XJTU-SY,40Hz10kN,Bearing3_3,3,18,0.0
XJTU-SY,40Hz10kN,Bearing3_3,3,18,0.0
XJTU-SY,40Hz10kN,Bearing3_3,3,18,0.0
XJTU-SY,40Hz10kN,Bearing3_3,3,18,0.0
XJTU-SY,40Hz10kN,Bearing3_3,3,18,0.0
XJTU-SY,40Hz10kN,Bearing3_3,3,18,0.0
XJTU-SY,40Hz10kN,Bearing3_3,3,18,0.0
XJTU-SY,40Hz10kN,Bearing3_3,3,18,0.0
XJTU-SY,40Hz10kN,Bearing3_3,3,18,0.0
XJTU-SY,40Hz10kN,Bearing3_3,3,18,0.0
XJTU-SY,40Hz10kN,Bearing3_3,3,18,0.0
XJTU-SY,40Hz10kN,Bearing3_3,3,18,0.0
XJTU-SY,40Hz10kN,Bearing3_3,3,18,0.0
XJTU-SY,40Hz10kN,Bearing3_3,3,18,0.0
XJTU-SY,40Hz10kN,Bearing3_3,3,18,0.0
XJTU-SY,40Hz10kN,Bearing3_3,3,18,0.0
XJTU-SY,40Hz10kN,Bearing3_3,3,18,0.0
XJTU-SY,40Hz10kN,Bearing3_3,3,18,0.0
XJTU-SY,40Hz10kN,Bearing3_3,3,18,0.0
XJTU-SY,40Hz10kN,Bearing3_3,3,18,0.0
XJTU-SY,40Hz10kN,Bearing3_3,3,18,0.0
XJTU-SY,40Hz10kN,Bearing3_3,3,18,0.0
XJTU-SY,40Hz10kN,Bearing3_3,3,18,0.0
XJTU-SY,40Hz10kN,Bearing3_3,3,18,0.0
XJTU-SY,40Hz10kN,Bearing3_3,3,18,0.0
XJTU-SY,40Hz10kN,Bearing3_3,3,18,0.0
XJTU-SY,40Hz10kN,Bearing3_3,3,18,0.0
XJTU-SY,40Hz10kN,Bearing3_3,3,18,0.0
XJTU-SY,40Hz10kN,Bearing3_3,3,18,0.0
XJTU-SY,40Hz10kN,Bearing3_3,3,18,0.0
XJTU-SY,40Hz10kN,Bearing3_3,3,18,0.0
XJTU-SY,40Hz10kN,Bearing3_3,3,18,0.0
XJTU-SY,40Hz10kN,Bearing3_3,3,18,0.0
XJTU-SY,40Hz10kN,Bearing3_3,3,18,0.0
XJTU-SY,40Hz10kN,Bearing3_3,3,18,0.0
XJTU-SY,40Hz10kN,Bearing3_3,3,18,0.0
XJTU-SY,40Hz10kN,Bearing3_3,3,18,0.0
XJTU-SY,40Hz10kN,Bearing3_3,3,18,0.0
XJTU-SY,40Hz10kN,Bearing3_3,4,20,0.0
XJTU-SY,40Hz10kN,Bearing3_3,4,20,0.0
XJTU-SY,40Hz10kN,Bearing3_3,4,20,0.0
XJTU-SY,40Hz10kN,Bearing3_3,4,20,0.0
XJTU-SY,40Hz10kN,Bearing3_3,4,20,0.0
XJTU-SY,40Hz10kN,Bearing3_3,4,20,0.0
XJTU-SY,40Hz10kN,Bearing3_3,4,20,0.0
XJTU-SY,40Hz10kN,Bearing3_3,4,20,0.0
XJTU-SY,40Hz10kN,Bearing3_3,4,20,0.0
XJTU-SY,40Hz10kN,Bearing3_3,4,20,0.0
XJTU-SY,40Hz10kN,Bearing3_3,4,20,0.0
XJTU-SY,40Hz10kN,Bearing3_3,4,20,0.0
XJTU-SY,40Hz10kN,Bearing3_3,4,20,0.0
XJTU-SY,40Hz10kN,Bearing3_3,4,20,0.0
XJTU-SY,40Hz10kN,Bearing3_3,4,20,0.0
XJTU-SY,40Hz10kN,Bearing3_3,4,20,0.0
XJTU-SY,40Hz10kN,Bearing3_3,4,20,0.0
XJTU-SY,40Hz10kN,Bearing3_3,4,20,0.0
XJTU-SY,40Hz10kN,Bearing3_3,4,20,0.0
XJTU-SY,40Hz10kN,Bearing3_3,4,20,0.0
XJTU-SY,40Hz10kN,Bearing3_3,4,20,0.0
XJTU-SY,40Hz10kN,Bearing3_3,4,20,0.0
XJTU-SY,40Hz10kN,Bearing3_3,4,20,0.0
XJTU-SY,40Hz10kN,Bearing3_3,4,20,0.0
XJTU-SY,40Hz10kN,Bearing3_3,4,20,0.0
XJTU-SY,40Hz10kN,Bearing3_3,4,20,0.0
XJTU-SY,40Hz10kN,Bearing3_3,4,20,0.0
XJTU-SY,40Hz10kN,Bearing3_3,4,20,0.0
XJTU-SY,40Hz10kN,Bearing3_3,4,20,0.0
XJTU-SY,40Hz10kN,Bearing3_3,4,20,0.0
XJTU-SY,40Hz10kN,Bearing3_3,4,20,0.0
XJTU-SY,40Hz10kN,Bearing3_3,4,20,0.0
XJTU-SY,40Hz10kN,Bearing3_3,4,20,0.0
XJTU-SY,40Hz10kN,Bearing3_3,4,20,0.0
XJTU-SY,40Hz10kN,Bearing3_3,4,20,0.0
XJTU-SY,40Hz10kN,Bearing3_3,4,20,0.0
XJTU-SY,40Hz10kN,Bearing3_3,4,20,0.0
XJTU-SY,40Hz10kN,Bearing3_3,4,20,0.0
XJTU-SY,40Hz10kN,Bearing3_3,4,20,0.0
XJTU-SY,40Hz10kN,Bearing3_3,4,20,0.0
XJTU-SY,40Hz10kN,Bearing3_3,4,20,0.0
XJTU-SY,40Hz10kN,Bearing3_3,4,20,0.0
XJTU-SY,40Hz10kN,Bearing3_3,4,20,0.0
XJTU-SY,40Hz10kN,Bearing3_3,4,20,0.0
XJTU-SY,40Hz10kN,Bearing3_3,4,20,0.0
XJTU-SY,40Hz10kN,Bearing3_3,4,20,0.0
XJTU-SY,40Hz10kN,Bearing3_3,4,20,0.0
XJTU-SY,40Hz10kN,Bearing3_3,4,20,0.0
XJTU-SY,40Hz10kN,Bearing3_3,4,20,0.0
XJTU-SY,40Hz10kN,Bearing3_3,4,20,0.0
XJTU-SY,40Hz10kN,Bearing3_4,1,20,1.0
XJTU-SY,40Hz10kN,Bearing3_4,1,20,0.0
XJTU-SY,40Hz10kN,Bearing3_4,1,20,0.5666666666666667
XJTU-SY,40Hz10kN,Bearing3_4,1,20,1.0
XJTU-SY,40Hz10kN,Bearing3_4,1,20,0.0
XJTU-SY,40Hz10kN,Bearing3_4,1,20,0.0
XJTU-SY,40Hz10kN,Bearing3_4,1,20,1.0
XJTU-SY,40Hz10kN,Bearing3_4,1,20,0.5666666666666667
XJTU-SY,40Hz10kN,Bearing3_4,1,20,0.4166666666666667
XJTU-SY,40Hz10kN,Bearing3_4,1,20,0.0
XJTU-SY,40Hz10kN,Bearing3_4,1,20,0.8166666666666667
XJTU-SY,40Hz10kN,Bearing3_4,1,20,0.5833333333333334
XJTU-SY,40Hz10kN,Bearing3_4,1,20,1.0
XJTU-SY,40Hz10kN,Bearing3_4,1,20,1.0
XJTU-SY,40Hz10kN,Bearing3_4,1,20,0.9833333333333333
XJTU-SY,40Hz10kN,Bearing3_4,1,20,0.9833333333333333
XJTU-SY,40Hz10kN,Bearing3_4,1,20,0.7333333333333333
XJTU-SY,40Hz10kN,Bearing3_4,1,20,0.9833333333333333
XJTU-SY,40Hz10kN,Bearing3_4,1,20,1.0
XJTU-SY,40Hz10kN,Bearing3_4,1,20,1.0
XJTU-SY,40Hz10kN,Bearing3_4,1,20,1.0
XJTU-SY,40Hz10kN,Bearing3_4,1,20,1.0
XJTU-SY,40Hz10kN,Bearing3_4,1,20,0.9833333333333333
XJTU-SY,40Hz10kN,Bearing3_4,1,20,0.08333333333333333
XJTU-SY,40Hz10kN,Bearing3_4,1,20,0.85
XJTU-SY,40Hz10kN,Bearing3_4,1,20,1.0
XJTU-SY,40Hz10kN,Bearing3_4,1,20,1.0
XJTU-SY,40Hz10kN,Bearing3_4,1,20,0.9666666666666667
XJTU-SY,40Hz10kN,Bearing3_4,1,20,1.0
XJTU-SY,40Hz10kN,Bearing3_4,1,20,0.9833333333333333
XJTU-SY,40Hz10kN,Bearing3_4,1,20,0.16666666666666666
XJTU-SY,40Hz10kN,Bearing3_4,1,20,0.9833333333333333
XJTU-SY,40Hz10kN,Bearing3_4,1,20,1.0
XJTU-SY,40Hz10kN,Bearing3_4,1,20,0.6666666666666666
XJTU-SY,40Hz10kN,Bearing3_4,1,20,0.85
XJTU-SY,40Hz10kN,Bearing3_4,1,20,0.03333333333333333
XJTU-SY,40Hz10kN,Bearing3_4,1,20,0.9166666666666666
XJTU-SY,40Hz10kN,Bearing3_4,1,20,0.6166666666666667
XJTU-SY,40Hz10kN,Bearing3_4,1,20,0.4666666666666667
XJTU-SY,40Hz10kN,Bearing3_4,1,20,0.65
XJTU-SY,40Hz10kN,Bearing3_4,1,20,0.9833333333333333
XJTU-SY,40Hz10kN,Bearing3_4,1,20,0.7666666666666667
XJTU-SY,40Hz10kN,Bearing3_4,1,20,0.0
XJTU-SY,40Hz10kN,Bearing3_4,1,20,0.9666666666666667
XJTU-SY,40Hz10kN,Bearing3_4,1,20,0.9833333333333333
XJTU-SY,40Hz10kN,Bearing3_4,1,20,1.0
XJTU-SY,40Hz10kN,Bearing3_4,1,20,0.6333333333333333
XJTU-SY,40Hz10kN,Bearing3_4,1,20,0.85
XJTU-SY,40Hz10kN,Bearing3_4,1,20,0.0
XJTU-SY,40Hz10kN,Bearing3_4,1,20,0.5833333333333334
XJTU-SY,40Hz10kN,Bearing3_4,2,20,0.6166666666666667
XJTU-SY,40Hz10kN,Bearing3_4,2,20,0.6166666666666667
XJTU-SY,40Hz10kN,Bearing3_4,2,20,0.0
XJTU-SY,40Hz10kN,Bearing3_4,2,20,0.55
XJTU-SY,40Hz10kN,Bearing3_4,2,20,0.6166666666666667
XJTU-SY,40Hz10kN,Bearing3_4,2,20,0.0
XJTU-SY,40Hz10kN,Bearing3_4,2,20,0.65
XJTU-SY,40Hz10kN,Bearing3_4,2,20,0.0
XJTU-SY,40Hz10kN,Bearing3_4,2,20,0.0
XJTU-SY,40Hz10kN,Bearing3_4,2,20,0.0
XJTU-SY,40Hz10kN,Bearing3_4,2,20,0.8333333333333334
XJTU-SY,40Hz10kN,Bearing3_4,2,20,0.0
XJTU-SY,40Hz10kN,Bearing3_4,2,20,0.0
XJTU-SY,40Hz10kN,Bearing3_4,2,20,0.0
XJTU-SY,40Hz10kN,Bearing3_4,2,20,0.0
XJTU-SY,40Hz10kN,Bearing3_4,2,20,0.0
XJTU-SY,40Hz10kN,Bearing3_4,2,20,0.0
XJTU-SY,40Hz10kN,Bearing3_4,2,20,0.5166666666666667
XJTU-SY,40Hz10kN,Bearing3_4,2,20,0.0
XJTU-SY,40Hz10kN,Bearing3_4,2,20,0.38333333333333336
XJTU-SY,40Hz10kN,Bearing3_4,2,20,0.0
XJTU-SY,40Hz10kN,Bearing3_4,2,20,0.0
XJTU-SY,40Hz10kN,Bearing3_4,2,20,0.0
XJTU-SY,40Hz10kN,Bearing3_4,2,20,0.0
XJTU-SY,40Hz10kN,Bearing3_4,2,20,0.0
XJTU-SY,40Hz10kN,Bearing3_4,2,20,0.0
XJTU-SY,40Hz10kN,Bearing3_4,2,20,0.0
XJTU-SY,40Hz10kN,Bearing3_4,2,20,0.65
XJTU-SY,40Hz10kN,Bearing3_4,2,20,0.0
XJTU-SY,40Hz10kN,Bearing3_4,2,20,1.0
XJTU-SY,40Hz10kN,Bearing3_4,2,20,1.0
XJTU-SY,40Hz10kN,Bearing3_4,2,20,1.0
XJTU-SY,40Hz10kN,Bearing3_4,2,20,0.0
XJTU-SY,40Hz10kN,Bearing3_4,2,20,0.0
XJTU-SY,40Hz10kN,Bearing3_4,2,20,0.0
XJTU-SY,40Hz10kN,Bearing3_4,2,20,1.0
XJTU-SY,40Hz10kN,Bearing3_4,2,20,0.5166666666666667
XJTU-SY,40Hz10kN,Bearing3_4,2,20,0.0
XJTU-SY,40Hz10kN,Bearing3_4,2,20,0.6
XJTU-SY,40Hz10kN,Bearing3_4,2,20,0.38333333333333336
XJTU-SY,40Hz10kN,Bearing3_4,2,20,0.55
XJTU-SY,40Hz10kN,Bearing3_4,2,20,0.0
XJTU-SY,40Hz10kN,Bearing3_4,2,20,0.5833333333333334
XJTU-SY,40Hz10kN,Bearing3_4,2,20,0.5666666666666667
XJTU-SY,40Hz10kN,Bearing3_4,2,20,0.0
XJTU-SY,40Hz10kN,Bearing3_4,2,20,1.0
XJTU-SY,40Hz10kN,Bearing3_4,2,20,0.0
XJTU-SY,40Hz10kN,Bearing3_4,2,20,0.5
XJTU-SY,40Hz10kN,Bearing3_4,2,20,1.0
XJTU-SY,40Hz10kN,Bearing3_4,2,20,0.0
XJTU-SY,40Hz10kN,Bearing3_4,3,18,0.0
XJTU-SY,40Hz10kN,Bearing3_4,3,18,0.0
XJTU-SY,40Hz10kN,Bearing3_4,3,18,0.0
XJTU-SY,40Hz10kN,Bearing3_4,3,18,0.0
XJTU-SY,40Hz10kN,Bearing3_4,3,18,0.0
XJTU-SY,40Hz10kN,Bearing3_4,3,18,0.0
XJTU-SY,40Hz10kN,Bearing3_4,3,18,0.7166666666666667
XJTU-SY,40Hz10kN,Bearing3_4,3,18,0.0
XJTU-SY,40Hz10kN,Bearing3_4,3,18,0.0
XJTU-SY,40Hz10kN,Bearing3_4,3,18,0.0
XJTU-SY,40Hz10kN,Bearing3_4,3,18,0.0
XJTU-SY,40Hz10kN,Bearing3_4,3,18,0.0
XJTU-SY,40Hz10kN,Bearing3_4,3,18,0.0
XJTU-SY,40Hz10kN,Bearing3_4,3,18,0.0
XJTU-SY,40Hz10kN,Bearing3_4,3,18,0.0
XJTU-SY,40Hz10kN,Bearing3_4,3,18,0.0
XJTU-SY,40Hz10kN,Bearing3_4,3,18,0.0
XJTU-SY,40Hz10kN,Bearing3_4,3,18,0.0
XJTU-SY,40Hz10kN,Bearing3_4,3,18,0.0
XJTU-SY,40Hz10kN,Bearing3_4,3,18,0.0
XJTU-SY,40Hz10kN,Bearing3_4,3,18,0.0
XJTU-SY,40Hz10kN,Bearing3_4,3,18,0.0
XJTU-SY,40Hz10kN,Bearing3_4,3,18,0.0
XJTU-SY,40Hz10kN,Bearing3_4,3,18,0.0
XJTU-SY,40Hz10kN,Bearing3_4,3,18,0.0
XJTU-SY,40Hz10kN,Bearing3_4,3,18,0.0
XJTU-SY,40Hz10kN,Bearing3_4,3,18,0.13333333333333333
XJTU-SY,40Hz10kN,Bearing3_4,3,18,0.0
XJTU-SY,40Hz10kN,Bearing3_4,3,18,0.0
XJTU-SY,40Hz10kN,Bearing3_4,3,18,0.0
XJTU-SY,40Hz10kN,Bearing3_4,3,18,0.0
XJTU-SY,40Hz10kN,Bearing3_4,3,18,0.0
XJTU-SY,40Hz10kN,Bearing3_4,3,18,0.0
XJTU-SY,40Hz10kN,Bearing3_4,3,18,0.0
XJTU-SY,40Hz10kN,Bearing3_4,3,18,0.0
XJTU-SY,40Hz10kN,Bearing3_4,3,18,0.0
XJTU-SY,40Hz10kN,Bearing3_4,3,18,0.0
XJTU-SY,40Hz10kN,Bearing3_4,3,18,0.0
XJTU-SY,40Hz10kN,Bearing3_4,3,18,0.0
XJTU-SY,40Hz10kN,Bearing3_4,3,18,0.0
XJTU-SY,40Hz10kN,Bearing3_4,3,18,0.0
XJTU-SY,40Hz10kN,Bearing3_4,3,18,0.0
XJTU-SY,40Hz10kN,Bearing3_4,3,18,0.0
XJTU-SY,40Hz10kN,Bearing3_4,3,18,0.0
XJTU-SY,40Hz10kN,Bearing3_4,3,18,0.0
XJTU-SY,40Hz10kN,Bearing3_4,3,18,0.0
XJTU-SY,40Hz10kN,Bearing3_4,3,18,0.0
XJTU-SY,40Hz10kN,Bearing3_4,3,18,0.0
XJTU-SY,40Hz10kN,Bearing3_4,3,18,0.0
XJTU-SY,40Hz10kN,Bearing3_4,3,18,0.0
XJTU-SY,40Hz10kN,Bearing3_4,4,20,0.0
XJTU-SY,40Hz10kN,Bearing3_4,4,20,0.0
XJTU-SY,40Hz10kN,Bearing3_4,4,20,0.0
XJTU-SY,40Hz10kN,Bearing3_4,4,20,0.0
XJTU-SY,40Hz10kN,Bearing3_4,4,20,0.0
XJTU-SY,40Hz10kN,Bearing3_4,4,20,0.0
XJTU-SY,40Hz10kN,Bearing3_4,4,20,0.0
XJTU-SY,40Hz10kN,Bearing3_4,4,20,0.0
XJTU-SY,40Hz10kN,Bearing3_4,4,20,0.0
XJTU-SY,40Hz10kN,Bearing3_4,4,20,0.0
XJTU-SY,40Hz10kN,Bearing3_4,4,20,0.0
XJTU-SY,40Hz10kN,Bearing3_4,4,20,0.0
XJTU-SY,40Hz10kN,Bearing3_4,4,20,0.0
XJTU-SY,40Hz10kN,Bearing3_4,4,20,0.0
XJTU-SY,40Hz10kN,Bearing3_4,4,20,0.0
XJTU-SY,40Hz10kN,Bearing3_4,4,20,0.0
XJTU-SY,40Hz10kN,Bearing3_4,4,20,0.0
XJTU-SY,40Hz10kN,Bearing3_4,4,20,0.0
XJTU-SY,40Hz10kN,Bearing3_4,4,20,0.0
XJTU-SY,40Hz10kN,Bearing3_4,4,20,0.0
XJTU-SY,40Hz10kN,Bearing3_4,4,20,0.0
XJTU-SY,40Hz10kN,Bearing3_4,4,20,0.0
XJTU-SY,40Hz10kN,Bearing3_4,4,20,0.0
XJTU-SY,40Hz10kN,Bearing3_4,4,20,0.0
XJTU-SY,40Hz10kN,Bearing3_4,4,20,0.0
XJTU-SY,40Hz10kN,Bearing3_4,4,20,0.0
XJTU-SY,40Hz10kN,Bearing3_4,4,20,0.0
XJTU-SY,40Hz10kN,Bearing3_4,4,20,0.0
XJTU-SY,40Hz10kN,Bearing3_4,4,20,0.0
XJTU-SY,40Hz10kN,Bearing3_4,4,20,0.0
XJTU-SY,40Hz10kN,Bearing3_4,4,20,0.0
XJTU-SY,40Hz10kN,Bearing3_4,4,20,0.0
XJTU-SY,40Hz10kN,Bearing3_4,4,20,0.0
XJTU-SY,40Hz10kN,Bearing3_4,4,20,0.0
XJTU-SY,40Hz10kN,Bearing3_4,4,20,0.0
XJTU-SY,40Hz10kN,Bearing3_4,4,20,0.0
XJTU-SY,40Hz10kN,Bearing3_4,4,20,0.0
XJTU-SY,40Hz10kN,Bearing3_4,4,20,0.0
XJTU-SY,40Hz10kN,Bearing3_4,4,20,0.0
XJTU-SY,40Hz10kN,Bearing3_4,4,20,0.0
XJTU-SY,40Hz10kN,Bearing3_4,4,20,0.0
XJTU-SY,40Hz10kN,Bearing3_4,4,20,0.0
XJTU-SY,40Hz10kN,Bearing3_4,4,20,0.0
XJTU-SY,40Hz10kN,Bearing3_4,4,20,0.0
XJTU-SY,40Hz10kN,Bearing3_4,4,20,0.0
XJTU-SY,40Hz10kN,Bearing3_4,4,20,0.0
XJTU-SY,40Hz10kN,Bearing3_4,4,20,0.0
XJTU-SY,40Hz10kN,Bearing3_4,4,20,0.0
XJTU-SY,40Hz10kN,Bearing3_4,4,20,0.0
XJTU-SY,40Hz10kN,Bearing3_4,4,20,0.0
XJTU-SY,40Hz10kN,Bearing3_5,1,20,0.8
XJTU-SY,40Hz10kN,Bearing3_5,1,20,0.55
XJTU-SY,40Hz10kN,Bearing3_5,1,20,0.0
XJTU-SY,40Hz10kN,Bearing3_5,1,20,0.8
XJTU-SY,40Hz10kN,Bearing3_5,1,20,0.35
XJTU-SY,40Hz10kN,Bearing3_5,1,20,0.95
XJTU-SY,40Hz10kN,Bearing3_5,1,20,0.55
XJTU-SY,40Hz10kN,Bearing3_5,1,20,0.55
XJTU-SY,40Hz10kN,Bearing3_5,1,20,0.5
XJTU-SY,40Hz10kN,Bearing3_5,1,20,0.85
XJTU-SY,40Hz10kN,Bearing3_5,1,20,0.95
XJTU-SY,40Hz10kN,Bearing3_5,1,20,0.9
XJTU-SY,40Hz10kN,Bearing3_5,1,20,0.55
XJTU-SY,40Hz10kN,Bearing3_5,1,20,0.45
XJTU-SY,40Hz10kN,Bearing3_5,1,20,0.45
XJTU-SY,40Hz10kN,Bearing3_5,1,20,0.95
XJTU-SY,40Hz10kN,Bearing3_5,1,20,0.95
XJTU-SY,40Hz10kN,Bearing3_5,1,20,0.55
XJTU-SY,40Hz10kN,Bearing3_5,1,20,0.95
XJTU-SY,40Hz10kN,Bearing3_5,1,20,0.95
XJTU-SY,40Hz10kN,Bearing3_5,1,20,0.55
XJTU-SY,40Hz10kN,Bearing3_5,1,20,0.35
XJTU-SY,40Hz10kN,Bearing3_5,1,20,0.8
XJTU-SY,40Hz10kN,Bearing3_5,1,20,0.6
XJTU-SY,40Hz10kN,Bearing3_5,1,20,0.5
XJTU-SY,40Hz10kN,Bearing3_5,1,20,0.2
XJTU-SY,40Hz10kN,Bearing3_5,1,20,0.65
XJTU-SY,40Hz10kN,Bearing3_5,1,20,0.65
XJTU-SY,40Hz10kN,Bearing3_5,1,20,0.8
XJTU-SY,40Hz10kN,Bearing3_5,1,20,0.85
XJTU-SY,40Hz10kN,Bearing3_5,1,20,0.75
XJTU-SY,40Hz10kN,Bearing3_5,1,20,0.5
XJTU-SY,40Hz10kN,Bearing3_5,1,20,0.65
XJTU-SY,40Hz10kN,Bearing3_5,1,20,0.55
XJTU-SY,40Hz10kN,Bearing3_5,1,20,0.0
XJTU-SY,40Hz10kN,Bearing3_5,1,20,0.2
XJTU-SY,40Hz10kN,Bearing3_5,1,20,0.6
XJTU-SY,40Hz10kN,Bearing3_5,1,20,0.85
XJTU-SY,40Hz10kN,Bearing3_5,1,20,0.5
XJTU-SY,40Hz10kN,Bearing3_5,1,20,0.0
XJTU-SY,40Hz10kN,Bearing3_5,1,20,0.85
XJTU-SY,40Hz10kN,Bearing3_5,1,20,0.55
XJTU-SY,40Hz10kN,Bearing3_5,1,20,0.65
XJTU-SY,40Hz10kN,Bearing3_5,1,20,1.0
XJTU-SY,40Hz10kN,Bearing3_5,1,20,0.55
XJTU-SY,40Hz10kN,Bearing3_5,1,20,0.95
XJTU-SY,40Hz10kN,Bearing3_5,1,20,0.95
XJTU-SY,40Hz10kN,Bearing3_5,1,20,0.6
XJTU-SY,40Hz10kN,Bearing3_5,1,20,0.5
XJTU-SY,40Hz10kN,Bearing3_5,1,20,0.55
XJTU-SY,40Hz10kN,Bearing3_5,2,20,0.0
XJTU-SY,40Hz10kN,Bearing3_5,2,20,0.55
XJTU-SY,40Hz10kN,Bearing3_5,2,20,0.0
XJTU-SY,40Hz10kN,Bearing3_5,2,20,0.95
XJTU-SY,40Hz10kN,Bearing3_5,2,20,0.5
XJTU-SY,40Hz10kN,Bearing3_5,2,20,0.55
XJTU-SY,40Hz10kN,Bearing3_5,2,20,0.9
XJTU-SY,40Hz10kN,Bearing3_5,2,20,0.5
XJTU-SY,40Hz10kN,Bearing3_5,2,20,0.55
XJTU-SY,40Hz10kN,Bearing3_5,2,20,0.65
XJTU-SY,40Hz10kN,Bearing3_5,2,20,0.75
XJTU-SY,40Hz10kN,Bearing3_5,2,20,0.55
XJTU-SY,40Hz10kN,Bearing3_5,2,20,0.7
XJTU-SY,40Hz10kN,Bearing3_5,2,20,0.0
XJTU-SY,40Hz10kN,Bearing3_5,2,20,0.0
XJTU-SY,40Hz10kN,Bearing3_5,2,20,0.35
XJTU-SY,40Hz10kN,Bearing3_5,2,20,0.0
XJTU-SY,40Hz10kN,Bearing3_5,2,20,0.5
XJTU-SY,40Hz10kN,Bearing3_5,2,20,0.7
XJTU-SY,40Hz10kN,Bearing3_5,2,20,0.7
XJTU-SY,40Hz10kN,Bearing3_5,2,20,0.7
XJTU-SY,40Hz10kN,Bearing3_5,2,20,0.9
XJTU-SY,40Hz10kN,Bearing3_5,2,20,0.75
XJTU-SY,40Hz10kN,Bearing3_5,2,20,0.25
XJTU-SY,40Hz10kN,Bearing3_5,2,20,0.55
XJTU-SY,40Hz10kN,Bearing3_5,2,20,0.8
XJTU-SY,40Hz10kN,Bearing3_5,2,20,0.7
XJTU-SY,40Hz10kN,Bearing3_5,2,20,0.55
XJTU-SY,40Hz10kN,Bearing3_5,2,20,0.0
XJTU-SY,40Hz10kN,Bearing3_5,2,20,0.55
XJTU-SY,40Hz10kN,Bearing3_5,2,20,0.9
XJTU-SY,40Hz10kN,Bearing3_5,2,20,0.75
XJTU-SY,40Hz10kN,Bearing3_5,2,20,0.95
XJTU-SY,40Hz10kN,Bearing3_5,2,20,0.7
XJTU-SY,40Hz10kN,Bearing3_5,2,20,0.55
XJTU-SY,40Hz10kN,Bearing3_5,2,20,0.0
XJTU-SY,40Hz10kN,Bearing3_5,2,20,0.0
XJTU-SY,40Hz10kN,Bearing3_5,2,20,0.3
XJTU-SY,40Hz10kN,Bearing3_5,2,20,0.6
XJTU-SY,40Hz10kN,Bearing3_5,2,20,0.4
XJTU-SY,40Hz10kN,Bearing3_5,2,20,0.85
XJTU-SY,40Hz10kN,Bearing3_5,2,20,0.0
XJTU-SY,40Hz10kN,Bearing3_5,2,20,0.0
XJTU-SY,40Hz10kN,Bearing3_5,2,20,0.9
XJTU-SY,40Hz10kN,Bearing3_5,2,20,0.4
XJTU-SY,40Hz10kN,Bearing3_5,2,20,0.0
XJTU-SY,40Hz10kN,Bearing3_5,2,20,0.0
XJTU-SY,40Hz10kN,Bearing3_5,2,20,0.55
XJTU-SY,40Hz10kN,Bearing3_5,2,20,0.65
XJTU-SY,40Hz10kN,Bearing3_5,2,20,0.55
XJTU-SY,40Hz10kN,Bearing3_5,3,18,0.05
XJTU-SY,40Hz10kN,Bearing3_5,3,18,0.0
XJTU-SY,40Hz10kN,Bearing3_5,3,18,0.0
XJTU-SY,40Hz10kN,Bearing3_5,3,18,0.05
XJTU-SY,40Hz10kN,Bearing3_5,3,18,0.0
XJTU-SY,40Hz10kN,Bearing3_5,3,18,0.65
XJTU-SY,40Hz10kN,Bearing3_5,3,18,0.7
XJTU-SY,40Hz10kN,Bearing3_5,3,18,0.65
XJTU-SY,40Hz10kN,Bearing3_5,3,18,0.0
XJTU-SY,40Hz10kN,Bearing3_5,3,18,0.05
XJTU-SY,40Hz10kN,Bearing3_5,3,18,0.0
XJTU-SY,40Hz10kN,Bearing3_5,3,18,0.65
XJTU-SY,40Hz10kN,Bearing3_5,3,18,0.45
XJTU-SY,40Hz10kN,Bearing3_5,3,18,0.05
XJTU-SY,40Hz10kN,Bearing3_5,3,18,0.05
XJTU-SY,40Hz10kN,Bearing3_5,3,18,0.0
XJTU-SY,40Hz10kN,Bearing3_5,3,18,0.05
XJTU-SY,40Hz10kN,Bearing3_5,3,18,0.5
XJTU-SY,40Hz10kN,Bearing3_5,3,18,0.5
XJTU-SY,40Hz10kN,Bearing3_5,3,18,0.0
XJTU-SY,40Hz10kN,Bearing3_5,3,18,0.1
XJTU-SY,40Hz10kN,Bearing3_5,3,18,0.05
XJTU-SY,40Hz10kN,Bearing3_5,3,18,0.15
XJTU-SY,40Hz10kN,Bearing3_5,3,18,0.0
XJTU-SY,40Hz10kN,Bearing3_5,3,18,0.5
XJTU-SY,40Hz10kN,Bearing3_5,3,18,0.0
XJTU-SY,40Hz10kN,Bearing3_5,3,18,0.0
XJTU-SY,40Hz10kN,Bearing3_5,3,18,0.45
XJTU-SY,40Hz10kN,Bearing3_5,3,18,0.5
XJTU-SY,40Hz10kN,Bearing3_5,3,18,0.55
XJTU-SY,40Hz10kN,Bearing3_5,3,18,0.0
XJTU-SY,40Hz10kN,Bearing3_5,3,18,0.05
XJTU-SY,40Hz10kN,Bearing3_5,3,18,0.0
XJTU-SY,40Hz10kN,Bearing3_5,3,18,0.0
XJTU-SY,40Hz10kN,Bearing3_5,3,18,0.4
XJTU-SY,40Hz10kN,Bearing3_5,3,18,0.55
XJTU-SY,40Hz10kN,Bearing3_5,3,18,0.6
XJTU-SY,40Hz10kN,Bearing3_5,3,18,0.0
XJTU-SY,40Hz10kN,Bearing3_5,3,18,0.05
XJTU-SY,40Hz10kN,Bearing3_5,3,18,0.0
XJTU-SY,40Hz10kN,Bearing3_5,3,18,0.5
XJTU-SY,40Hz10kN,Bearing3_5,3,18,0.0
XJTU-SY,40Hz10kN,Bearing3_5,3,18,0.7
XJTU-SY,40Hz10kN,Bearing3_5,3,18,0.0
XJTU-SY,40Hz10kN,Bearing3_5,3,18,0.6
XJTU-SY,40Hz10kN,Bearing3_5,3,18,0.0
XJTU-SY,40Hz10kN,Bearing3_5,3,18,0.0
XJTU-SY,40Hz10kN,Bearing3_5,3,18,0.0
XJTU-SY,40Hz10kN,Bearing3_5,3,18,0.65
XJTU-SY,40Hz10kN,Bearing3_5,3,18,0.5
XJTU-SY,40Hz10kN,Bearing3_5,4,20,0.55
XJTU-SY,40Hz10kN,Bearing3_5,4,20,0.6
XJTU-SY,40Hz10kN,Bearing3_5,4,20,0.6
XJTU-SY,40Hz10kN,Bearing3_5,4,20,0.55
XJTU-SY,40Hz10kN,Bearing3_5,4,20,0.0
XJTU-SY,40Hz10kN,Bearing3_5,4,20,0.65
XJTU-SY,40Hz10kN,Bearing3_5,4,20,0.55
XJTU-SY,40Hz10kN,Bearing3_5,4,20,0.55
XJTU-SY,40Hz10kN,Bearing3_5,4,20,0.0
XJTU-SY,40Hz10kN,Bearing3_5,4,20,0.35
XJTU-SY,40Hz10kN,Bearing3_5,4,20,0.0
XJTU-SY,40Hz10kN,Bearing3_5,4,20,0.0
XJTU-SY,40Hz10kN,Bearing3_5,4,20,0.6
XJTU-SY,40Hz10kN,Bearing3_5,4,20,0.65
XJTU-SY,40Hz10kN,Bearing3_5,4,20,0.0
XJTU-SY,40Hz10kN,Bearing3_5,4,20,0.0
XJTU-SY,40Hz10kN,Bearing3_5,4,20,0.6
XJTU-SY,40Hz10kN,Bearing3_5,4,20,0.35
XJTU-SY,40Hz10kN,Bearing3_5,4,20,0.0
XJTU-SY,40Hz10kN,Bearing3_5,4,20,0.65
XJTU-SY,40Hz10kN,Bearing3_5,4,20,0.0
XJTU-SY,40Hz10kN,Bearing3_5,4,20,0.5
XJTU-SY,40Hz10kN,Bearing3_5,4,20,0.5
XJTU-SY,40Hz10kN,Bearing3_5,4,20,0.65
XJTU-SY,40Hz10kN,Bearing3_5,4,20,0.65
XJTU-SY,40Hz10kN,Bearing3_5,4,20,0.65
XJTU-SY,40Hz10kN,Bearing3_5,4,20,0.65
XJTU-SY,40Hz10kN,Bearing3_5,4,20,0.0
XJTU-SY,40Hz10kN,Bearing3_5,4,20,0.0
XJTU-SY,40Hz10kN,Bearing3_5,4,20,0.7
XJTU-SY,40Hz10kN,Bearing3_5,4,20,0.45
XJTU-SY,40Hz10kN,Bearing3_5,4,20,0.65
XJTU-SY,40Hz10kN,Bearing3_5,4,20,0.5
XJTU-SY,40Hz10kN,Bearing3_5,4,20,0.65
XJTU-SY,40Hz10kN,Bearing3_5,4,20,0.65
XJTU-SY,40Hz10kN,Bearing3_5,4,20,0.0
XJTU-SY,40Hz10kN,Bearing3_5,4,20,0.0
XJTU-SY,40Hz10kN,Bearing3_5,4,20,0.6
XJTU-SY,40Hz10kN,Bearing3_5,4,20,0.5
XJTU-SY,40Hz10kN,Bearing3_5,4,20,0.45
XJTU-SY,40Hz10kN,Bearing3_5,4,20,0.55
XJTU-SY,40Hz10kN,Bearing3_5,4,20,0.0
XJTU-SY,40Hz10kN,Bearing3_5,4,20,0.6
XJTU-SY,40Hz10kN,Bearing3_5,4,20,0.65
XJTU-SY,40Hz10kN,Bearing3_5,4,20,0.6
XJTU-SY,40Hz10kN,Bearing3_5,4,20,0.55
XJTU-SY,40Hz10kN,Bearing3_5,4,20,0.55
XJTU-SY,40Hz10kN,Bearing3_5,4,20,0.5
XJTU-SY,40Hz10kN,Bearing3_5,4,20,0.65
XJTU-SY,40Hz10kN,Bearing3_5,4,20,0.6
