n_train,n_train_actual,repeat,threshold,test_fp,test_pct_mean,variant
10,10,0,0.5310114654444087,0.07142857142857142,0.7071428571428571,V1_window
10,10,1,0.5430476927661188,0.0,0.6571428571428571,V1_window
10,10,2,0.5375322080217667,0.0,0.5357142857142857,V1_window
10,10,3,0.558369003140348,0.0,0.6928571428571428,V1_window
10,10,4,0.5516883159139053,0.0,0.65,V1_window
10,10,5,0.5053572967701101,0.21428571428571427,0.5928571428571427,V1_window
10,10,6,0.523019530932058,0.07142857142857142,0.6285714285714287,V1_window
10,10,7,0.5421838948906067,0.07142857142857142,0.642857142857143,V1_window
10,10,8,0.5183821221126426,0.14285714285714285,0.642857142857143,V1_window
10,10,9,0.5460356834415638,0.07142857142857142,0.7499999999999999,V1_window
10,10,10,0.5239115416423866,0.0,0.7214285714285715,V1_window
10,10,11,0.5443549535026492,0.14285714285714285,0.6928571428571427,V1_window
10,10,12,0.5565845405136082,0.0,0.65,V1_window
10,10,13,0.5045218588731185,0.35714285714285715,0.6785714285714285,V1_window
10,10,14,0.49955637982770845,0.2857142857142857,0.6071428571428571,V1_window
10,10,15,0.5447469359179083,0.07142857142857142,0.6571428571428573,V1_window
10,10,16,0.5206370389531888,0.2857142857142857,0.6214285714285717,V1_window
10,10,17,0.5309124497292195,0.07142857142857142,0.5571428571428572,V1_window
10,10,18,0.5187481680115484,0.21428571428571427,0.7428571428571429,V1_window
10,10,19,0.5239868727116247,0.14285714285714285,0.5785714285714285,V1_window
10,10,20,0.5659164391125522,0.0,0.7571428571428572,V1_window
10,10,21,0.5061771218708292,0.21428571428571427,0.7,V1_window
10,10,22,0.5485962383488883,0.07142857142857142,0.6571428571428571,V1_window
10,10,23,0.5397825694133644,0.0,0.6285714285714287,V1_window
10,10,24,0.5275238213857751,0.0,0.65,V1_window
10,10,25,0.548698552108752,0.0,0.5928571428571427,V1_window
10,10,26,0.5387804038583562,0.0,0.6428571428571429,V1_window
10,10,27,0.5401039254488118,0.0,0.6785714285714286,V1_window
10,10,28,0.5407810097560787,0.0,0.5285714285714286,V1_window
10,10,29,0.5686548282604743,0.0,0.7500000000000001,V1_window
10,10,30,0.5262276106047842,0.14285714285714285,0.692857142857143,V1_window
10,10,31,0.5133467213897763,0.07142857142857142,0.55,V1_window
10,10,32,0.5551246100990276,0.0,0.6714285714285714,V1_window
10,10,33,0.5652884360777904,0.0,0.6642857142857143,V1_window
10,10,34,0.5239796594660743,0.35714285714285715,0.742857142857143,V1_window
10,10,35,0.5334652471859244,0.07142857142857142,0.7142857142857143,V1_window
10,10,36,0.5504223410820767,0.14285714285714285,0.7071428571428571,V1_window
10,10,37,0.5419828618774638,0.14285714285714285,0.7071428571428572,V1_window
10,10,38,0.5251343553543091,0.21428571428571427,0.7071428571428572,V1_window
10,10,39,0.550260566495342,0.2857142857142857,0.7642857142857143,V1_window
10,10,40,0.5348373166268457,0.0,0.5357142857142857,V1_window
10,10,41,0.530077336205424,0.07142857142857142,0.6142857142857142,V1_window
10,10,42,0.5447469359179083,0.0,0.5214285714285715,V1_window
10,10,43,0.5405043887166586,0.0,0.7142857142857143,V1_window
10,10,44,0.5480749132585973,0.07142857142857142,0.7214285714285715,V1_window
10,10,45,0.5550701146705126,0.0,0.5285714285714287,V1_window
10,10,46,0.5336857295759995,0.0,0.5785714285714286,V1_window
10,10,47,0.5365045691333375,0.0,0.4928571428571428,V1_window
10,10,48,0.5143351813510956,0.42857142857142855,0.7142857142857143,V1_window
10,10,49,0.5175443484703092,0.21428571428571427,0.6214285714285716,V1_window
10,10,50,0.5329823799732019,0.0,0.6142857142857142,V1_window
10,10,51,0.5374855729217017,0.14285714285714285,0.7857142857142858,V1_window
10,10,52,0.535747534750511,0.0,0.6428571428571429,V1_window
10,10,53,0.5022726658827164,0.42857142857142855,0.75,V1_window
10,10,54,0.5317464760254281,0.0,0.6142857142857142,V1_window
10,10,55,0.5381847590811337,0.0,0.6714285714285715,V1_window
10,10,56,0.5207739110178204,0.21428571428571427,0.6142857142857144,V1_window
10,10,57,0.520911471970077,0.14285714285714285,0.7000000000000001,V1_window
10,10,58,0.5269735745254376,0.14285714285714285,0.6357142857142858,V1_window
10,10,59,0.5301911581000621,0.2857142857142857,0.7214285714285714,V1_window
10,10,60,0.5399079803297058,0.0,0.5928571428571427,V1_window
10,10,61,0.5703292962591823,0.07142857142857142,0.7357142857142859,V1_window
10,10,62,0.5546391846923919,0.0,0.6214285714285713,V1_window
10,10,63,0.5261465696920018,0.14285714285714285,0.7071428571428572,V1_window
10,10,64,0.5310953617602776,0.0,0.6142857142857141,V1_window
10,10,65,0.5319468030991407,0.0,0.6285714285714284,V1_window
10,10,66,0.5400674132810748,0.0,0.5714285714285714,V1_window
10,10,67,0.5552438103186296,0.07142857142857142,0.7071428571428572,V1_window
10,10,68,0.5218260438873875,0.21428571428571427,0.6857142857142857,V1_window
10,10,69,0.5279648858452,0.14285714285714285,0.6642857142857143,V1_window
10,10,70,0.5054087490453412,0.35714285714285715,0.6071428571428571,V1_window
10,10,71,0.5367011048913736,0.07142857142857142,0.6714285714285715,V1_window
10,10,72,0.5238435251941355,0.14285714285714285,0.692857142857143,V1_window
10,10,73,0.5545291545356958,0.0,0.7214285714285715,V1_window
10,10,74,0.5389715922367218,0.0,0.7785714285714286,V1_window
10,10,75,0.5176767656062768,0.0,0.6357142857142858,V1_window
10,10,76,0.5020722307936806,0.21428571428571427,0.5071428571428571,V1_window
10,10,77,0.5018063732911554,0.35714285714285715,0.6857142857142856,V1_window
10,10,78,0.5143168046700515,0.21428571428571427,0.6428571428571427,V1_window
10,10,79,0.522189886810234,0.14285714285714285,0.6428571428571429,V1_window
10,10,80,0.5433643715919575,0.07142857142857142,0.5357142857142857,V1_window
10,10,81,0.5140437236106012,0.21428571428571427,0.5999999999999999,V1_window
10,10,82,0.5321891761031027,0.07142857142857142,0.7285714285714285,V1_window
10,10,83,0.5199570948173355,0.2857142857142857,0.6785714285714286,V1_window
10,10,84,0.5649649005239746,0.0,0.7571428571428572,V1_window
10,10,85,0.5056908585870459,0.35714285714285715,0.8357142857142856,V1_window
10,10,86,0.5339168076396413,0.0,0.5357142857142857,V1_window
10,10,87,0.5406640105438368,0.0,0.6357142857142858,V1_window
10,10,88,0.5100818972099282,0.21428571428571427,0.5714285714285714,V1_window
10,10,89,0.5216054567043986,0.2857142857142857,0.6285714285714283,V1_window
10,10,90,0.5519458451051696,0.0,0.6428571428571429,V1_window
10,10,91,0.514741764681677,0.21428571428571427,0.6214285714285716,V1_window
10,10,92,0.5266329846515218,0.07142857142857142,0.7357142857142858,V1_window
10,10,93,0.5246242902494358,0.0,0.5214285714285715,V1_window
10,10,94,0.5638746518146495,0.0,0.6571428571428573,V1_window
10,10,95,0.5520365876823446,0.0,0.7428571428571429,V1_window
10,10,96,0.5388491331155616,0.21428571428571427,0.7285714285714286,V1_window
10,10,97,0.5434657455172365,0.0,0.6428571428571429,V1_window
10,10,98,0.5206897671405689,0.2857142857142857,0.7285714285714286,V1_window
10,10,99,0.5510753462230827,0.0,0.6785714285714286,V1_window
10,10,100,0.5217796539403307,0.0,0.6857142857142858,V1_window
10,10,101,0.5267053801267134,0.21428571428571427,0.6285714285714284,V1_window
10,10,102,0.5243717678218494,0.21428571428571427,0.5857142857142857,V1_window
10,10,103,0.5202956616996658,0.0,0.5857142857142857,V1_window
10,10,104,0.5435264771874988,0.07142857142857142,0.5999999999999999,V1_window
10,10,105,0.5047381341629726,0.21428571428571427,0.5714285714285714,V1_window
10,10,106,0.545365304018664,0.0,0.6928571428571428,V1_window
10,10,107,0.5611267760490167,0.0,0.7071428571428574,V1_window
10,10,108,0.5469491896540148,0.0,0.6571428571428571,V1_window
10,10,109,0.5435468210440545,0.0,0.65,V1_window
10,10,110,0.5270793403875097,0.35714285714285715,0.7214285714285715,V1_window
10,10,111,0.49404524867177774,0.35714285714285715,0.6571428571428574,V1_window
10,10,112,0.49224915170877803,0.42857142857142855,0.7357142857142858,V1_window
10,10,113,0.524760627423343,0.2857142857142857,0.6428571428571429,V1_window
10,10,114,0.5240933479907213,0.2857142857142857,0.6714285714285715,V1_window
10,10,115,0.5141332481057188,0.14285714285714285,0.6214285714285713,V1_window
10,10,116,0.5288897649165242,0.0,0.6214285714285716,V1_window
10,10,117,0.5654714002248274,0.0,0.7142857142857144,V1_window
10,10,118,0.5045218588731185,0.2857142857142857,0.6714285714285714,V1_window
10,10,119,0.5352628317717184,0.0,0.35,V1_window
10,10,120,0.5214405824393922,0.0,0.5428571428571428,V1_window
10,10,121,0.5432713735936736,0.0,0.7500000000000001,V1_window
10,10,122,0.5558921452529965,0.07142857142857142,0.7928571428571429,V1_window
10,10,123,0.5376312601772995,0.0,0.6571428571428571,V1_window
10,10,124,0.5277867304658116,0.0,0.5999999999999999,V1_window
10,10,125,0.5282039997797806,0.2857142857142857,0.6642857142857144,V1_window
10,10,126,0.5654413853138335,0.0,0.6428571428571427,V1_window
10,10,127,0.5472628240681227,0.0,0.7642857142857142,V1_window
10,10,128,0.5420688433680765,0.14285714285714285,0.7071428571428572,V1_window
10,10,129,0.5353317660572945,0.0,0.5928571428571429,V1_window
10,10,130,0.5300950601492945,0.0,0.5499999999999999,V1_window
10,10,131,0.5612087425097866,0.0,0.5785714285714285,V1_window
10,10,132,0.5441409437401585,0.0,0.5928571428571427,V1_window
10,10,133,0.52773186007666,0.0,0.6785714285714287,V1_window
10,10,134,0.5821592234063977,0.0,0.7000000000000001,V1_window
10,10,135,0.541262116690843,0.0,0.6,V1_window
10,10,136,0.5029722402886183,0.35714285714285715,0.7142857142857143,V1_window
10,10,137,0.5193621467031542,0.07142857142857142,0.692857142857143,V1_window
10,10,138,0.5343012736915425,0.0,0.6571428571428573,V1_window
10,10,139,0.5395420850364211,0.0,0.6428571428571429,V1_window
10,10,140,0.533192572535694,0.0,0.5857142857142857,V1_window
10,10,141,0.5319805168055711,0.2857142857142857,0.7714285714285714,V1_window
10,10,142,0.5100950754357273,0.35714285714285715,0.7499999999999999,V1_window
10,10,143,0.5230214324968122,0.21428571428571427,0.6714285714285714,V1_window
10,10,144,0.5204626222491125,0.07142857142857142,0.6,V1_window
10,10,145,0.5354311873643998,0.0,0.6285714285714287,V1_window
10,10,146,0.5289589048420974,0.07142857142857142,0.6714285714285715,V1_window
10,10,147,0.5500601314063063,0.0,0.6571428571428573,V1_window
10,10,148,0.5150148457411272,0.35714285714285715,0.7071428571428572,V1_window
10,10,149,0.5292856715765623,0.0,0.6785714285714287,V1_window
20,20,0,0.5816167672743561,0.0,0.5928571428571429,V1_window
20,20,1,0.5827774834622164,0.0,0.6821428571428572,V1_window
20,20,2,0.6009875267548576,0.0,0.6607142857142856,V1_window
20,20,3,0.5701321056638567,0.07142857142857142,0.7214285714285715,V1_window
20,20,4,0.5763335302135285,0.0,0.5607142857142857,V1_window
20,20,5,0.5693182530550587,0.0,0.6071428571428571,V1_window
20,20,6,0.5636681526849554,0.0,0.5857142857142856,V1_window
20,20,7,0.6018075935805242,0.0,0.7,V1_window
20,20,8,0.596421147149638,0.0,0.6892857142857143,V1_window
20,20,9,0.6171039015131892,0.0,0.6678571428571429,V1_window
20,20,10,0.5886430404594105,0.21428571428571427,0.7249999999999999,V1_window
20,20,11,0.5611023937047876,0.07142857142857142,0.6428571428571429,V1_window
20,20,12,0.5555428908784863,0.14285714285714285,0.6285714285714287,V1_window
20,20,13,0.6190991382460266,0.0,0.6964285714285715,V1_window
20,20,14,0.5922839845863231,0.0,0.5750000000000001,V1_window
20,20,15,0.5927743088038375,0.0,0.7535714285714284,V1_window
20,20,16,0.5971567148229736,0.0,0.642857142857143,V1_window
20,20,17,0.5856077902658611,0.0,0.6142857142857142,V1_window
20,20,18,0.6162989685636051,0.0,0.6642857142857143,V1_window
20,20,19,0.5808502960748921,0.07142857142857142,0.692857142857143,V1_window
20,20,20,0.6181527318988369,0.0,0.7321428571428571,V1_window
20,20,21,0.5739296848278176,0.14285714285714285,0.6392857142857141,V1_window
20,20,22,0.6034828975421347,0.07142857142857142,0.7178571428571429,V1_window
20,20,23,0.6196685516047256,0.0,0.6464285714285715,V1_window
20,20,24,0.5942219879808783,0.0,0.7142857142857143,V1_window
20,20,25,0.5846749635891374,0.0,0.5750000000000001,V1_window
20,20,26,0.6139421111186595,0.0,0.6607142857142857,V1_window
20,20,27,0.5653645775172946,0.14285714285714285,0.6857142857142857,V1_window
20,20,28,0.5763798627579937,0.07142857142857142,0.6678571428571428,V1_window
20,20,29,0.6079245443703283,0.0,0.75,V1_window
20,20,30,0.5727518845923191,0.21428571428571427,0.6142857142857142,V1_window
20,20,31,0.6060982419732929,0.0,0.7071428571428572,V1_window
20,20,32,0.5703336024470738,0.21428571428571427,0.6214285714285713,V1_window
20,20,33,0.5863029275336398,0.07142857142857142,0.6607142857142857,V1_window
20,20,34,0.6092757006835444,0.0,0.6607142857142857,V1_window
20,20,35,0.5666683211080447,0.07142857142857142,0.6142857142857141,V1_window
20,20,36,0.6057695308822882,0.0,0.6178571428571429,V1_window
20,20,37,0.5862818978726245,0.07142857142857142,0.6214285714285713,V1_window
20,20,38,0.5585463902377017,0.14285714285714285,0.6535714285714286,V1_window
20,20,39,0.6090586956469141,0.0,0.7071428571428572,V1_window
20,20,40,0.5989685831692193,0.21428571428571427,0.7107142857142856,V1_window
20,20,41,0.574921792132949,0.0,0.725,V1_window
20,20,42,0.5624260739669549,0.07142857142857142,0.5821428571428571,V1_window
20,20,43,0.6011589475661117,0.0,0.6142857142857141,V1_window
20,20,44,0.5632933515350156,0.0,0.49999999999999994,V1_window
20,20,45,0.5625034419096512,0.14285714285714285,0.7142857142857144,V1_window
20,20,46,0.5613408780197778,0.14285714285714285,0.6178571428571429,V1_window
20,20,47,0.5478788221013524,0.21428571428571427,0.5857142857142856,V1_window
20,20,48,0.6137260117816937,0.0,0.6714285714285715,V1_window
20,20,49,0.621653107990927,0.0,0.7428571428571429,V1_window
20,20,50,0.6074788838115011,0.0,0.7071428571428571,V1_window
20,20,51,0.6205907628748113,0.0,0.6928571428571431,V1_window
20,20,52,0.5806042267454582,0.0,0.6285714285714287,V1_window
20,20,53,0.5699409379822535,0.14285714285714285,0.6678571428571428,V1_window
20,20,54,0.5726018801792429,0.07142857142857142,0.725,V1_window
20,20,55,0.5726797584447456,0.0,0.65,V1_window
20,20,56,0.5752364713416626,0.14285714285714285,0.6392857142857142,V1_window
20,20,57,0.5971612657064845,0.0,0.7214285714285714,V1_window
20,20,58,0.5890355667601663,0.0,0.6464285714285715,V1_window
20,20,59,0.5863837048275404,0.0,0.6642857142857143,V1_window
20,20,60,0.5941919965919443,0.0,0.6428571428571429,V1_window
20,20,61,0.595252769812446,0.07142857142857142,0.7214285714285714,V1_window
20,20,62,0.5695813551874884,0.07142857142857142,0.5928571428571429,V1_window
20,20,63,0.5770352109097269,0.0,0.7142857142857143,V1_window
20,20,64,0.5726617608878334,0.07142857142857142,0.6178571428571429,V1_window
20,20,65,0.5611570343806779,0.14285714285714285,0.6285714285714287,V1_window
20,20,66,0.6227744403321333,0.0,0.7500000000000001,V1_window
20,20,67,0.5739326003830433,0.0,0.5535714285714286,V1_window
20,20,68,0.5801453677939632,0.07142857142857142,0.5928571428571427,V1_window
20,20,69,0.593779071716584,0.0,0.7107142857142857,V1_window
20,20,70,0.5865007281397516,0.0,0.7178571428571429,V1_window
20,20,71,0.5990362099601325,0.07142857142857142,0.6928571428571428,V1_window
20,20,72,0.5699691419084443,0.0,0.5892857142857143,V1_window
20,20,73,0.5966520923892662,0.0,0.7071428571428572,V1_window
20,20,74,0.5934525674221753,0.0,0.6607142857142857,V1_window
20,20,75,0.5684658100458414,0.07142857142857142,0.6678571428571428,V1_window
20,20,76,0.5812478301958688,0.21428571428571427,0.7107142857142856,V1_window
20,20,77,0.5967249126401204,0.0,0.7428571428571428,V1_window
20,20,78,0.58861536574568,0.0,0.6321428571428571,V1_window
20,20,79,0.5954718833485596,0.0,0.6535714285714286,V1_window
20,20,80,0.584989535092744,0.0,0.6607142857142857,V1_window
20,20,81,0.5627619624127047,0.21428571428571427,0.6285714285714287,V1_window
20,20,82,0.580178068309307,0.0,0.5785714285714285,V1_window
20,20,83,0.5731735393507832,0.0,0.6142857142857142,V1_window
20,20,84,0.5930514722072338,0.07142857142857142,0.6714285714285714,V1_window
20,20,85,0.5735154752111662,0.0,0.6107142857142858,V1_window
20,20,86,0.5729631137984512,0.0,0.6321428571428571,V1_window
20,20,87,0.5917613223288233,0.0,0.7214285714285714,V1_window
20,20,88,0.5726399677553392,0.07142857142857142,0.6035714285714285,V1_window
20,20,89,0.5767211850253589,0.0,0.625,V1_window
20,20,90,0.5736411295635802,0.0,0.6642857142857144,V1_window
20,20,91,0.5759072096100155,0.0,0.6214285714285713,V1_window
20,20,92,0.6223929685879882,0.0,0.7214285714285714,V1_window
20,20,93,0.5632827135353611,0.0,0.5714285714285714,V1_window
20,20,94,0.5933503272950671,0.0,0.6214285714285713,V1_window
20,20,95,0.5790953356538444,0.0,0.6178571428571428,V1_window
20,20,96,0.5595422108430638,0.21428571428571427,0.6214285714285713,V1_window
20,20,97,0.6298547093733673,0.0,0.6464285714285715,V1_window
20,20,98,0.5833896815847186,0.0,0.6607142857142857,V1_window
20,20,99,0.5626988648932366,0.21428571428571427,0.6857142857142857,V1_window
20,20,100,0.5737342700800929,0.0,0.6178571428571428,V1_window
20,20,101,0.5955261901151423,0.0,0.6892857142857143,V1_window
20,20,102,0.5694613392195771,0.07142857142857142,0.5857142857142857,V1_window
20,20,103,0.5433868314514488,0.21428571428571427,0.675,V1_window
20,20,104,0.58713821939712,0.0,0.5964285714285714,V1_window
20,20,105,0.5916742620330543,0.0,0.6,V1_window
20,20,106,0.5809062231123333,0.07142857142857142,0.7035714285714285,V1_window
20,20,107,0.5869977841568236,0.0,0.7142857142857143,V1_window
20,20,108,0.5722869949799901,0.21428571428571427,0.6607142857142858,V1_window
20,20,109,0.5619946651483215,0.21428571428571427,0.7107142857142856,V1_window
20,20,110,0.6504323591613369,0.0,0.7071428571428572,V1_window
20,20,111,0.5653161508422918,0.21428571428571427,0.6428571428571429,V1_window
20,20,112,0.6164368199779291,0.0,0.7892857142857143,V1_window
20,20,113,0.6137132851773819,0.0,0.6678571428571428,V1_window
20,20,114,0.6008799489394641,0.0,0.7142857142857143,V1_window
20,20,115,0.5484734795063279,0.07142857142857142,0.5214285714285715,V1_window
20,20,116,0.5587688960612521,0.07142857142857142,0.5928571428571427,V1_window
20,20,117,0.5837818958820107,0.0,0.5785714285714285,V1_window
20,20,118,0.5826373755357299,0.0,0.7,V1_window
20,20,119,0.5845672880880061,0.0,0.6678571428571428,V1_window
20,20,120,0.5898280965896084,0.0,0.7178571428571426,V1_window
20,20,121,0.583991553763971,0.0,0.6178571428571428,V1_window
20,20,122,0.5511841303706526,0.21428571428571427,0.6,V1_window
20,20,123,0.577990000786312,0.0,0.5357142857142857,V1_window
20,20,124,0.5905455588316935,0.0,0.6285714285714284,V1_window
20,20,125,0.5698415120986055,0.07142857142857142,0.5821428571428572,V1_window
20,20,126,0.5993824687094935,0.0,0.6464285714285714,V1_window
20,20,127,0.5844021820860895,0.07142857142857142,0.6571428571428571,V1_window
20,20,128,0.6245100087815927,0.0,0.7,V1_window
20,20,129,0.5730726409371322,0.21428571428571427,0.6607142857142857,V1_window
20,20,130,0.5876706094512556,0.0,0.6107142857142857,V1_window
20,20,131,0.5726287018047118,0.0,0.525,V1_window
20,20,132,0.5936288198949567,0.07142857142857142,0.7142857142857143,V1_window
20,20,133,0.5398470225402818,0.14285714285714285,0.6214285714285716,V1_window
20,20,134,0.6274704693082394,0.0,0.725,V1_window
20,20,135,0.5730218314970282,0.14285714285714285,0.6392857142857142,V1_window
20,20,136,0.5740810107936404,0.14285714285714285,0.6749999999999999,V1_window
20,20,137,0.5633242501715787,0.42857142857142855,0.7035714285714285,V1_window
20,20,138,0.5688141108307345,0.0,0.5678571428571428,V1_window
20,20,139,0.5969654541006687,0.21428571428571427,0.8214285714285714,V1_window
20,20,140,0.5871851093311259,0.14285714285714285,0.7142857142857144,V1_window
20,20,141,0.5583511621124915,0.07142857142857142,0.6142857142857142,V1_window
20,20,142,0.5853618843802404,0.07142857142857142,0.6392857142857143,V1_window
20,20,143,0.5894984484690614,0.07142857142857142,0.6,V1_window
20,20,144,0.576110505728639,0.21428571428571427,0.7178571428571429,V1_window
20,20,145,0.5765876729843117,0.07142857142857142,0.6892857142857143,V1_window
20,20,146,0.5802085742112589,0.07142857142857142,0.6428571428571429,V1_window
20,20,147,0.5725809477118382,0.0,0.5999999999999999,V1_window
20,20,148,0.5967387633321104,0.07142857142857142,0.6535714285714286,V1_window
20,20,149,0.5888076073544913,0.0,0.5821428571428571,V1_window
40,40,0,0.5999322932965255,0.07142857142857142,0.6624999999999999,V1_window
40,40,1,0.6260940142617365,0.0,0.6446428571428571,V1_window
40,40,2,0.6129924607373034,0.0,0.6553571428571429,V1_window
40,40,3,0.6213444347526409,0.0,0.6785714285714286,V1_window
40,40,4,0.6020490066307893,0.07142857142857142,0.6714285714285715,V1_window
40,40,5,0.590721723786881,0.07142857142857142,0.6607142857142858,V1_window
40,40,6,0.5801054502221441,0.14285714285714285,0.6767857142857142,V1_window
40,40,7,0.5879429028619858,0.07142857142857142,0.6357142857142858,V1_window
40,40,8,0.5882441717754189,0.0,0.6464285714285714,V1_window
40,40,9,0.5820715091998508,0.14285714285714285,0.625,V1_window
40,40,10,0.6050921731584525,0.0,0.6589285714285714,V1_window
40,40,11,0.6218435019496387,0.0,0.6732142857142858,V1_window
40,40,12,0.5777587612469787,0.07142857142857142,0.5785714285714285,V1_window
40,40,13,0.6350595131311875,0.0,0.7267857142857145,V1_window
40,40,14,0.5920833760584446,0.14285714285714285,0.6839285714285716,V1_window
40,40,15,0.6070596782843625,0.0,0.664285714285714,V1_window
40,40,16,0.5761887708637027,0.07142857142857142,0.6785714285714286,V1_window
40,40,17,0.5983950736739951,0.0,0.6839285714285713,V1_window
40,40,18,0.6044826176661126,0.21428571428571427,0.7178571428571429,V1_window
40,40,19,0.5847776128157863,0.21428571428571427,0.6464285714285715,V1_window
40,40,20,0.5844559538146658,0.07142857142857142,0.6375000000000001,V1_window
40,40,21,0.5699933789509487,0.21428571428571427,0.6821428571428572,V1_window
40,40,22,0.6199712766988031,0.0,0.6928571428571428,V1_window
40,40,23,0.611616347135267,0.0,0.7089285714285715,V1_window
40,40,24,0.6115842365999223,0.0,0.6339285714285714,V1_window
40,40,25,0.6192784580876158,0.0,0.6625,V1_window
40,40,26,0.582018489823136,0.07142857142857142,0.6410714285714286,V1_window
40,40,27,0.6041758076899464,0.14285714285714285,0.6892857142857143,V1_window
40,40,28,0.589507124596275,0.07142857142857142,0.6982142857142858,V1_window
40,40,29,0.642446305649169,0.0,0.6946428571428571,V1_window
40,40,30,0.5933918478387727,0.14285714285714285,0.6982142857142858,V1_window
40,40,31,0.6038942360442356,0.0,0.6642857142857143,V1_window
40,40,32,0.5939905001917696,0.0,0.6517857142857143,V1_window
40,40,33,0.6094438571897662,0.0,0.6357142857142856,V1_window
40,40,34,0.5940637403006166,0.07142857142857142,0.6375,V1_window
40,40,35,0.5710148814281838,0.21428571428571427,0.6357142857142858,V1_window
40,40,36,0.5971676706109492,0.07142857142857142,0.6482142857142856,V1_window
40,40,37,0.5913897863598806,0.07142857142857142,0.6857142857142858,V1_window
40,40,38,0.6220965124123381,0.0,0.6482142857142856,V1_window
40,40,39,0.5862698938429985,0.0,0.6232142857142857,V1_window
40,40,40,0.591722751178194,0.0,0.5928571428571429,V1_window
40,40,41,0.609752918646136,0.0,0.6482142857142856,V1_window
40,40,42,0.6022291093468933,0.0,0.6553571428571427,V1_window
40,40,43,0.5987250787276951,0.0,0.6660714285714286,V1_window
40,40,44,0.6034825834127995,0.07142857142857142,0.6857142857142858,V1_window
40,40,45,0.62661143211588,0.0,0.6892857142857142,V1_window
40,40,46,0.6225641610373085,0.0,0.6946428571428572,V1_window
40,40,47,0.6160544072996457,0.07142857142857142,0.7178571428571429,V1_window
40,40,48,0.5984589070139481,0.0,0.6607142857142856,V1_window
40,40,49,0.5957392270229835,0.0,0.6071428571428571,V1_window
40,40,50,0.5926976851014918,0.07142857142857142,0.6857142857142857,V1_window
40,40,51,0.5959290496004845,0.07142857142857142,0.6749999999999999,V1_window
40,40,52,0.5905844867048875,0.07142857142857142,0.630357142857143,V1_window
40,40,53,0.5783856520297554,0.14285714285714285,0.6499999999999998,V1_window
40,40,54,0.6761113429699992,0.0,0.7660714285714284,V1_window
40,40,55,0.5881012233280655,0.07142857142857142,0.7089285714285714,V1_window
40,40,56,0.5770374753272198,0.07142857142857142,0.6535714285714286,V1_window
40,40,57,0.6147284313057615,0.0,0.6303571428571428,V1_window
40,40,58,0.5905216329793426,0.21428571428571427,0.675,V1_window
40,40,59,0.6261138255590998,0.0,0.7339285714285715,V1_window
40,40,60,0.6009258200729354,0.07142857142857142,0.6660714285714285,V1_window
40,40,61,0.6336875944043517,0.0,0.7482142857142857,V1_window
40,40,62,0.5937743185841085,0.07142857142857142,0.6267857142857142,V1_window
40,40,63,0.5959941447183296,0.07142857142857142,0.7017857142857142,V1_window
40,40,64,0.5962521240723947,0.14285714285714285,0.6857142857142856,V1_window
40,40,65,0.6045372160356582,0.0,0.65,V1_window
40,40,66,0.5715914939719847,0.14285714285714285,0.7267857142857143,V1_window
40,40,67,0.5852684054910539,0.07142857142857142,0.630357142857143,V1_window
40,40,68,0.604706297108073,0.14285714285714285,0.7267857142857144,V1_window
40,40,69,0.6097339649798873,0.0,0.6785714285714286,V1_window
40,40,70,0.5829635090979229,0.07142857142857142,0.6464285714285714,V1_window
40,40,71,0.5937346401129854,0.0,0.625,V1_window
40,40,72,0.5876569004022797,0.0,0.6589285714285715,V1_window
40,40,73,0.601379245859592,0.0,0.6500000000000001,V1_window
40,40,74,0.5854367767665677,0.07142857142857142,0.6232142857142857,V1_window
40,40,75,0.5959433277705612,0.14285714285714285,0.6678571428571428,V1_window
40,40,76,0.6059735530271546,0.0,0.6678571428571429,V1_window
40,40,77,0.6017296523403326,0.0,0.6803571428571429,V1_window
40,40,78,0.6043387200599312,0.0,0.6696428571428571,V1_window
40,40,79,0.5857821097755188,0.07142857142857142,0.6767857142857141,V1_window
40,40,80,0.6079527082925872,0.07142857142857142,0.6660714285714285,V1_window
40,40,81,0.5919751554839787,0.07142857142857142,0.6535714285714286,V1_window
40,40,82,0.5893683642700394,0.14285714285714285,0.7,V1_window
40,40,83,0.596018949147444,0.07142857142857142,0.7089285714285714,V1_window
40,40,84,0.6146200433270217,0.0,0.6946428571428572,V1_window
40,40,85,0.6113181291935146,0.0,0.6785714285714285,V1_window
40,40,86,0.5936754141069712,0.0,0.6500000000000001,V1_window
40,40,87,0.6046542357405799,0.0,0.6624999999999999,V1_window
40,40,88,0.5859481752573351,0.0,0.6017857142857144,V1_window
40,40,89,0.5851606480489967,0.07142857142857142,0.5839285714285714,V1_window
40,40,90,0.6101190547186393,0.0,0.6857142857142858,V1_window
40,40,91,0.6112984868916447,0.0,0.6321428571428571,V1_window
40,40,92,0.6014047832561207,0.07142857142857142,0.6625,V1_window
40,40,93,0.5754178124813764,0.0,0.6232142857142857,V1_window
40,40,94,0.5876030401253779,0.0,0.6214285714285716,V1_window
40,40,95,0.6113781234351156,0.0,0.6875,V1_window
40,40,96,0.6337934883512143,0.0,0.6875000000000001,V1_window
40,40,97,0.594640822590438,0.0,0.6214285714285713,V1_window
40,40,98,0.5930208327860756,0.14285714285714285,0.6732142857142857,V1_window
40,40,99,0.6049566691031788,0.0,0.6392857142857142,V1_window
40,40,100,0.6180126967767152,0.21428571428571427,0.7428571428571428,V1_window
40,40,101,0.5945332055178371,0.0,0.6642857142857144,V1_window
40,40,102,0.6074815507837488,0.0,0.6535714285714285,V1_window
40,40,103,0.599595913594078,0.0,0.6624999999999999,V1_window
40,40,104,0.576043367870287,0.07142857142857142,0.6232142857142857,V1_window
40,40,105,0.6323664002501579,0.0,0.7232142857142857,V1_window
40,40,106,0.5686811228950692,0.2857142857142857,0.6178571428571428,V1_window
40,40,107,0.5984598187836583,0.14285714285714285,0.6857142857142856,V1_window
40,40,108,0.6204448728421281,0.0,0.6660714285714285,V1_window
40,40,109,0.6015331621981939,0.14285714285714285,0.669642857142857,V1_window
40,40,110,0.5991863631686779,0.0,0.6678571428571428,V1_window
40,40,111,0.6079458473909358,0.0,0.6553571428571429,V1_window
40,40,112,0.5935995143466827,0.0,0.6017857142857143,V1_window
40,40,113,0.5914615714989175,0.07142857142857142,0.6839285714285716,V1_window
40,40,114,0.6172648706782006,0.0,0.6625,V1_window
40,40,115,0.6012870635541615,0.14285714285714285,0.6517857142857142,V1_window
40,40,116,0.5951251526720222,0.07142857142857142,0.6785714285714286,V1_window
40,40,117,0.5910740116246896,0.07142857142857142,0.6660714285714285,V1_window
40,40,118,0.5762248335590257,0.07142857142857142,0.632142857142857,V1_window
40,40,119,0.5925472313692507,0.0,0.6482142857142857,V1_window
40,40,120,0.5921160404546094,0.07142857142857142,0.6589285714285715,V1_window
40,40,121,0.619532463015549,0.0,0.6517857142857144,V1_window
40,40,122,0.6000345631104659,0.07142857142857142,0.6517857142857143,V1_window
40,40,123,0.5806011852501274,0.07142857142857142,0.6821428571428572,V1_window
40,40,124,0.6114943862872059,0.0,0.6714285714285715,V1_window
40,40,125,0.5911627389731451,0.14285714285714285,0.65,V1_window
40,40,126,0.6136605635297068,0.0,0.6821428571428572,V1_window
40,40,127,0.6185650766705371,0.0,0.6875,V1_window
40,40,128,0.6077168176913658,0.07142857142857142,0.6749999999999999,V1_window
40,40,129,0.6253176800563561,0.0,0.7267857142857143,V1_window
40,40,130,0.5704737762311706,0.21428571428571427,0.6589285714285715,V1_window
40,40,131,0.5902958516601428,0.07142857142857142,0.6607142857142857,V1_window
40,40,132,0.5826405261277432,0.14285714285714285,0.6375,V1_window
40,40,133,0.57393752866499,0.14285714285714285,0.6410714285714284,V1_window
40,40,134,0.5943121656608584,0.0,0.6553571428571429,V1_window
40,40,135,0.5691235527275498,0.14285714285714285,0.6482142857142856,V1_window
40,40,136,0.5904414092490078,0.07142857142857142,0.65,V1_window
40,40,137,0.6049619453420442,0.07142857142857142,0.6785714285714286,V1_window
40,40,138,0.605428145145798,0.07142857142857142,0.669642857142857,V1_window
40,40,139,0.6021738342860693,0.0,0.630357142857143,V1_window
40,40,140,0.6100629034098383,0.0,0.692857142857143,V1_window
40,40,141,0.5983525606916006,0.0,0.6589285714285714,V1_window
40,40,142,0.5847715576867212,0.07142857142857142,0.6410714285714285,V1_window
40,40,143,0.5845361847379059,0.14285714285714285,0.6892857142857142,V1_window
40,40,144,0.6233909695855733,0.0,0.7089285714285714,V1_window
40,40,145,0.5894626618393887,0.21428571428571427,0.6535714285714286,V1_window
40,40,146,0.5866354228667687,0.07142857142857142,0.6696428571428571,V1_window
40,40,147,0.5975076054759999,0.0,0.6446428571428571,V1_window
40,40,148,0.5878515443925556,0.0,0.5642857142857143,V1_window
40,40,149,0.6090653966736462,0.0,0.7017857142857143,V1_window
80,80,0,0.6033921227863553,0.0,0.6499999999999998,V1_window
80,80,1,0.6228674311345745,0.14285714285714285,0.7044642857142857,V1_window
80,80,2,0.6111146431910965,0.0,0.6776785714285714,V1_window
80,80,3,0.5879273021669961,0.07142857142857142,0.6589285714285715,V1_window
80,80,4,0.6169232199243134,0.07142857142857142,0.6660714285714285,V1_window
80,80,5,0.6040747728042286,0.0,0.6410714285714286,V1_window
80,80,6,0.6181995238963461,0.07142857142857142,0.6883928571428571,V1_window
80,80,7,0.5928977440243653,0.07142857142857142,0.6473214285714287,V1_window
80,80,8,0.5998771713733816,0.07142857142857142,0.6562500000000001,V1_window
80,80,9,0.6279184395705658,0.0,0.682142857142857,V1_window
80,80,10,0.5926140387709183,0.07142857142857142,0.6339285714285713,V1_window
80,80,11,0.5898370868472296,0.21428571428571427,0.66875,V1_window
80,80,12,0.6067577315280983,0.07142857142857142,0.64375,V1_window
80,80,13,0.6069756180366521,0.07142857142857142,0.6651785714285715,V1_window
80,80,14,0.6443421800756794,0.0,0.6964285714285714,V1_window
80,80,15,0.6060272936068701,0.0,0.6732142857142857,V1_window
80,80,16,0.5873743272156603,0.07142857142857142,0.6151785714285715,V1_window
80,80,17,0.5996321347449729,0.07142857142857142,0.6991071428571427,V1_window
80,80,18,0.6101632216330074,0.07142857142857142,0.6982142857142858,V1_window
80,80,19,0.6296066948765809,0.0,0.6857142857142857,V1_window
80,80,20,0.6096236611451704,0.0,0.6428571428571427,V1_window
80,80,21,0.594237656867648,0.07142857142857142,0.6830357142857143,V1_window
80,80,22,0.5938099403254201,0.07142857142857142,0.6749999999999999,V1_window
80,80,23,0.61078660441634,0.07142857142857142,0.6437499999999999,V1_window
80,80,24,0.6029601485013356,0.0,0.6848214285714286,V1_window
80,80,25,0.5894614172791485,0.14285714285714285,0.6794642857142857,V1_window
80,80,26,0.6099237975079612,0.21428571428571427,0.7276785714285713,V1_window
80,80,27,0.6264205867964457,0.0,0.6901785714285715,V1_window
80,80,28,0.6278517472390311,0.07142857142857142,0.7151785714285712,V1_window
80,80,29,0.5957808513929798,0.07142857142857142,0.6714285714285715,V1_window
80,80,30,0.606050388678643,0.0,0.6383928571428571,V1_window
80,80,31,0.6035844604193032,0.07142857142857142,0.6767857142857142,V1_window
80,80,32,0.6032877236792888,0.14285714285714285,0.6785714285714286,V1_window
80,80,33,0.6253711048513501,0.0,0.6758928571428571,V1_window
80,80,34,0.5980579799492961,0.07142857142857142,0.661607142857143,V1_window
80,80,35,0.6119709283316707,0.0,0.6883928571428573,V1_window
80,80,36,0.5939952287238018,0.07142857142857142,0.6767857142857142,V1_window
80,80,37,0.6053960044871571,0.0,0.6232142857142857,V1_window
80,80,38,0.5861735794661939,0.07142857142857142,0.6196428571428572,V1_window
80,80,39,0.6157325493528202,0.0,0.6973214285714286,V1_window
80,80,40,0.5985609828597857,0.07142857142857142,0.69375,V1_window
80,80,41,0.6013035696680005,0.07142857142857142,0.6758928571428571,V1_window
80,80,42,0.5936844566109462,0.07142857142857142,0.6687500000000001,V1_window
80,80,43,0.6021343209972567,0.0,0.6598214285714287,V1_window
80,80,44,0.609597802849403,0.0,0.7142857142857143,V1_window
80,80,45,0.618831537467417,0.0,0.6928571428571428,V1_window
80,80,46,0.5938829926775681,0.07142857142857142,0.6571428571428571,V1_window
80,80,47,0.6056032351203626,0.07142857142857142,0.6687500000000001,V1_window
80,80,48,0.5975463012266006,0.07142857142857142,0.6714285714285714,V1_window
80,80,49,0.6071008330237871,0.07142857142857142,0.6732142857142859,V1_window
80,80,50,0.5965835473035079,0.07142857142857142,0.6883928571428571,V1_window
80,80,51,0.6120241386739718,0.0,0.6839285714285716,V1_window
80,80,52,0.5628624461988759,0.42857142857142855,0.6732142857142858,V1_window
80,80,53,0.5964127535841727,0.07142857142857142,0.6678571428571428,V1_window
80,80,54,0.6134561298883355,0.0,0.6848214285714286,V1_window
80,80,55,0.6209048622836487,0.0,0.7267857142857144,V1_window
80,80,56,0.6219398349350659,0.07142857142857142,0.7241071428571428,V1_window
80,80,57,0.5960993782144518,0.07142857142857142,0.6732142857142857,V1_window
80,80,58,0.6144293676154406,0.07142857142857142,0.6892857142857143,V1_window
80,80,59,0.6073270834184066,0.07142857142857142,0.7017857142857141,V1_window
80,80,60,0.5885349440442043,0.07142857142857142,0.6892857142857142,V1_window
80,80,61,0.6059724275128026,0.14285714285714285,0.6937499999999999,V1_window
80,80,62,0.5936527403641598,0.14285714285714285,0.7017857142857143,V1_window
80,80,63,0.6222826363890422,0.07142857142857142,0.7383928571428571,V1_window
80,80,64,0.6055504362893719,0.07142857142857142,0.68125,V1_window
80,80,65,0.6158456549747979,0.0,0.6758928571428571,V1_window
80,80,66,0.5752976772464806,0.21428571428571427,0.6491071428571428,V1_window
80,80,67,0.57476163173556,0.14285714285714285,0.6982142857142856,V1_window
80,80,68,0.5992542753101336,0.0,0.6339285714285714,V1_window
80,80,69,0.6111474334677226,0.07142857142857142,0.6857142857142857,V1_window
80,80,70,0.612677972878151,0.0,0.6276785714285714,V1_window
80,80,71,0.6035493532206713,0.07142857142857142,0.6839285714285716,V1_window
80,80,72,0.6085389255920719,0.0,0.6598214285714287,V1_window
80,80,73,0.6124840438706269,0.0,0.6446428571428572,V1_window
80,80,74,0.6122187670392232,0.0,0.7008928571428571,V1_window
80,80,75,0.6000804180507021,0.07142857142857142,0.6758928571428571,V1_window
80,80,76,0.5676444088065724,0.21428571428571427,0.6375000000000001,V1_window
80,80,77,0.5698648772153424,0.21428571428571427,0.6821428571428572,V1_window
80,80,78,0.5969597750310929,0.0,0.6348214285714284,V1_window
80,80,79,0.5860038325310971,0.07142857142857142,0.6464285714285715,V1_window
80,80,80,0.59761005565205,0.0,0.6651785714285714,V1_window
80,80,81,0.6048006229847819,0.07142857142857142,0.66875,V1_window
80,80,82,0.6143823368398675,0.0,0.6901785714285713,V1_window
80,80,83,0.6055717301857251,0.0,0.6937499999999998,V1_window
80,80,84,0.6010795812484453,0.14285714285714285,0.6598214285714284,V1_window
80,80,85,0.6038961352023501,0.07142857142857142,0.6910714285714284,V1_window
80,80,86,0.5911369028496961,0.14285714285714285,0.6616071428571431,V1_window
80,80,87,0.5952590609646491,0.14285714285714285,0.6874999999999999,V1_window
80,80,88,0.6097459380036505,0.07142857142857142,0.7026785714285714,V1_window
80,80,89,0.6067212183984356,0.07142857142857142,0.6526785714285713,V1_window
80,80,90,0.6064212022368305,0.21428571428571427,0.6776785714285714,V1_window
80,80,91,0.6511548337541584,0.0,0.7205357142857143,V1_window
80,80,92,0.6243086897907757,0.07142857142857142,0.6767857142857142,V1_window
80,80,93,0.6175808121264843,0.0,0.6919642857142857,V1_window
80,80,94,0.6156710699895979,0.07142857142857142,0.6937499999999999,V1_window
80,80,95,0.5962059851371729,0.21428571428571427,0.6821428571428572,V1_window
80,80,96,0.593457176150943,0.07142857142857142,0.6946428571428571,V1_window
80,80,97,0.6070537801015657,0.0,0.6892857142857141,V1_window
80,80,98,0.6027128271653677,0.21428571428571427,0.7187500000000001,V1_window
80,80,99,0.5780454835907592,0.14285714285714285,0.6607142857142857,V1_window
80,80,100,0.6017020489678421,0.07142857142857142,0.6544642857142858,V1_window
80,80,101,0.6146287889073911,0.07142857142857142,0.7071428571428572,V1_window
80,80,102,0.6106513430850927,0.0,0.6499999999999998,V1_window
80,80,103,0.6172935161487246,0.0,0.6875,V1_window
80,80,104,0.6100650554506348,0.07142857142857142,0.6758928571428572,V1_window
80,80,105,0.6096346782009278,0.07142857142857142,0.6598214285714287,V1_window
80,80,106,0.6032618165831983,0.07142857142857142,0.6669642857142859,V1_window
80,80,107,0.6028041920478902,0.07142857142857142,0.6866071428571429,V1_window
80,80,108,0.6099780152278693,0.0,0.7232142857142857,V1_window
80,80,109,0.6118533819686405,0.07142857142857142,0.6910714285714287,V1_window
80,80,110,0.6074647358171112,0.0,0.6651785714285714,V1_window
80,80,111,0.6049875753002327,0.07142857142857142,0.6741071428571427,V1_window
80,80,112,0.5973615590124992,0.07142857142857142,0.6901785714285714,V1_window
80,80,113,0.5910030674358034,0.0,0.6732142857142857,V1_window
80,80,114,0.616954154685653,0.07142857142857142,0.7089285714285715,V1_window
80,80,115,0.5999363473631604,0.07142857142857142,0.6758928571428572,V1_window
80,80,116,0.6296706484678816,0.0,0.6669642857142858,V1_window
80,80,117,0.5807157603853215,0.14285714285714285,0.7017857142857142,V1_window
80,80,118,0.6079513208834512,0.07142857142857142,0.6660714285714286,V1_window
80,80,119,0.6042974458961898,0.07142857142857142,0.6767857142857142,V1_window
80,80,120,0.6016154504410559,0.07142857142857142,0.6348214285714285,V1_window
80,80,121,0.608100502676983,0.07142857142857142,0.6964285714285714,V1_window
80,80,122,0.6191947999751548,0.0,0.6589285714285714,V1_window
80,80,123,0.6293137101001964,0.0,0.6910714285714287,V1_window
80,80,124,0.6063677304079237,0.0,0.6455357142857141,V1_window
80,80,125,0.6063868802390593,0.07142857142857142,0.6901785714285715,V1_window
80,80,126,0.5978711029308909,0.07142857142857142,0.6705357142857142,V1_window
80,80,127,0.6010197280105564,0.07142857142857142,0.69375,V1_window
80,80,128,0.5980433023435395,0.07142857142857142,0.6633928571428571,V1_window
80,80,129,0.5973000286656166,0.07142857142857142,0.682142857142857,V1_window
80,80,130,0.5873770791605004,0.07142857142857142,0.6437499999999999,V1_window
80,80,131,0.6076125780970599,0.07142857142857142,0.6696428571428573,V1_window
80,80,132,0.6054381862315581,0.0,0.6794642857142856,V1_window
80,80,133,0.5958281013517356,0.07142857142857142,0.6839285714285716,V1_window
80,80,134,0.6066348794047085,0.07142857142857142,0.7026785714285715,V1_window
80,80,135,0.5915619722415186,0.07142857142857142,0.6473214285714286,V1_window
80,80,136,0.6138595107553599,0.07142857142857142,0.6830357142857144,V1_window
80,80,137,0.6065440154522442,0.07142857142857142,0.7044642857142858,V1_window
80,80,138,0.6280001186205842,0.07142857142857142,0.7223214285714284,V1_window
80,80,139,0.5894489330766886,0.07142857142857142,0.6821428571428572,V1_window
80,80,140,0.61809791744542,0.07142857142857142,0.7062499999999999,V1_window
80,80,141,0.5924855879415412,0.07142857142857142,0.6625,V1_window
80,80,142,0.6099170848996891,0.07142857142857142,0.6919642857142858,V1_window
80,80,143,0.6099041490569144,0.0,0.6616071428571428,V1_window
80,80,144,0.6180860704689849,0.0,0.6625,V1_window
80,80,145,0.5885296988363727,0.07142857142857142,0.6562500000000001,V1_window
80,80,146,0.5858430922044271,0.07142857142857142,0.6321428571428571,V1_window
80,80,147,0.619208140987927,0.21428571428571427,0.7214285714285714,V1_window
80,80,148,0.6166379067737807,0.0,0.6776785714285715,V1_window
80,80,149,0.592699338776202,0.07142857142857142,0.6625,V1_window
160,160,0,0.6204543838829873,0.0,0.716517857142857,V1_window
160,160,1,0.6043390803557444,0.07142857142857142,0.6888392857142857,V1_window
160,160,2,0.6274220692287563,0.0,0.7022321428571429,V1_window
160,160,3,0.6064939170091894,0.07142857142857142,0.6879464285714285,V1_window
160,160,4,0.5990867680110412,0.07142857142857142,0.7004464285714286,V1_window
160,160,5,0.604088385646794,0.07142857142857142,0.6897321428571429,V1_window
160,160,6,0.6054781519538682,0.07142857142857142,0.7017857142857142,V1_window
160,160,7,0.6501129054049103,0.0,0.7196428571428569,V1_window
160,160,8,0.6268468099621657,0.07142857142857142,0.7281250000000001,V1_window
160,160,9,0.6073619088126667,0.0,0.6531250000000001,V1_window
160,160,10,0.6053320938517809,0.07142857142857142,0.7263392857142857,V1_window
160,160,11,0.6051667932893409,0.07142857142857142,0.7227678571428572,V1_window
160,160,12,0.6267504830738884,0.0,0.6866071428571427,V1_window
160,160,13,0.6096558609480072,0.07142857142857142,0.6950892857142856,V1_window
160,160,14,0.6178484213309958,0.0,0.6620535714285715,V1_window
160,160,15,0.6065493662758619,0.07142857142857142,0.6897321428571429,V1_window
160,160,16,0.6154293531331323,0.07142857142857142,0.6879464285714285,V1_window
160,160,17,0.5928629838973362,0.07142857142857142,0.6625,V1_window
160,160,18,0.5972869969614747,0.14285714285714285,0.6995535714285713,V1_window
160,160,19,0.6071908537792002,0.07142857142857142,0.7169642857142858,V1_window
160,160,20,0.6257798085958567,0.07142857142857142,0.752232142857143,V1_window
160,160,21,0.61469276116606,0.07142857142857142,0.6830357142857143,V1_window
160,160,22,0.6229325566134171,0.0,0.7071428571428571,V1_window
160,160,23,0.622831139456935,0.07142857142857142,0.677232142857143,V1_window
160,160,24,0.6033221411835427,0.07142857142857142,0.7227678571428572,V1_window
160,160,25,0.591442200909635,0.21428571428571427,0.6964285714285713,V1_window
160,160,26,0.582300507364211,0.21428571428571427,0.7040178571428571,V1_window
160,160,27,0.6175508677416651,0.07142857142857142,0.6964285714285713,V1_window
160,160,28,0.601843380856257,0.07142857142857142,0.6741071428571429,V1_window
160,160,29,0.6306067337621549,0.07142857142857142,0.6821428571428572,V1_window
160,160,30,0.5909721339445236,0.21428571428571427,0.7071428571428572,V1_window
160,160,31,0.601909873649061,0.07142857142857142,0.696875,V1_window
160,160,32,0.6116372167358685,0.0,0.6723214285714285,V1_window
160,160,33,0.5965907245956082,0.21428571428571427,0.705357142857143,V1_window
160,160,34,0.6264038183161406,0.07142857142857142,0.7316964285714286,V1_window
160,160,35,0.6109709438871856,0.07142857142857142,0.7066964285714287,V1_window
160,160,36,0.6094566837703265,0.07142857142857142,0.6941964285714286,V1_window
160,160,37,0.6255660509475077,0.0,0.7151785714285716,V1_window
160,160,38,0.6089566625560933,0.07142857142857142,0.715625,V1_window
160,160,39,0.6259465138550503,0.0,0.6861607142857142,V1_window
160,160,40,0.617743694451773,0.0,0.6700892857142857,V1_window
160,160,41,0.6010790056517615,0.07142857142857142,0.6566964285714285,V1_window
160,160,42,0.616563091302577,0.07142857142857142,0.7040178571428571,V1_window
160,160,43,0.5911329991898041,0.14285714285714285,0.6790178571428572,V1_window
160,160,44,0.6024830860568725,0.07142857142857142,0.7022321428571429,V1_window
160,160,45,0.630653890846614,0.0,0.7321428571428571,V1_window
160,160,46,0.6091269047117547,0.07142857142857142,0.6812500000000001,V1_window
160,160,47,0.6098546159915658,0.07142857142857142,0.6758928571428572,V1_window
160,160,48,0.6118923763212873,0.07142857142857142,0.6754464285714287,V1_window
160,160,49,0.6011226236239439,0.07142857142857142,0.677232142857143,V1_window
160,160,50,0.6172455591510666,0.07142857142857142,0.675,V1_window
160,160,51,0.5971360628301068,0.14285714285714285,0.6723214285714285,V1_window
160,160,52,0.6064521458412223,0.07142857142857142,0.6875,V1_window
160,160,53,0.610137254036663,0.07142857142857142,0.7174107142857143,V1_window
160,160,54,0.6369053585240658,0.0,0.7178571428571429,V1_window
160,160,55,0.6146335530756898,0.07142857142857142,0.6767857142857142,V1_window
160,160,56,0.6077395200415204,0.07142857142857142,0.6825892857142858,V1_window
160,160,57,0.6031798458540162,0.07142857142857142,0.6674107142857143,V1_window
160,160,58,0.6062220394265845,0.14285714285714285,0.6977678571428569,V1_window
160,160,59,0.5998573811368747,0.07142857142857142,0.6544642857142857,V1_window
160,160,60,0.6032591901632068,0.07142857142857142,0.6816964285714286,V1_window
160,160,61,0.6096234412279511,0.07142857142857142,0.6629464285714285,V1_window
160,160,62,0.6181049586155514,0.07142857142857142,0.6910714285714284,V1_window
160,160,63,0.5980716857571375,0.07142857142857142,0.7125000000000001,V1_window
160,160,64,0.6159167388662091,0.07142857142857142,0.7071428571428572,V1_window
160,160,65,0.6144050450803985,0.07142857142857142,0.7013392857142857,V1_window
160,160,66,0.6055339911913744,0.14285714285714285,0.6933035714285715,V1_window
160,160,67,0.6142250177664227,0.07142857142857142,0.6852678571428571,V1_window
160,160,68,0.6089212815637159,0.07142857142857142,0.6910714285714284,V1_window
160,160,69,0.5969725003113385,0.07142857142857142,0.6816964285714286,V1_window
160,160,70,0.6034730818841557,0.07142857142857142,0.6589285714285713,V1_window
160,160,71,0.6234584310807372,0.0,0.6808035714285714,V1_window
160,160,72,0.6144445067872234,0.07142857142857142,0.7049107142857143,V1_window
160,160,73,0.5874604605314225,0.14285714285714285,0.7093750000000002,V1_window
160,160,74,0.6079251432236651,0.0,0.6870535714285715,V1_window
160,160,75,0.6209542779775165,0.0,0.7111607142857143,V1_window
160,160,76,0.6071584458202481,0.0,0.6910714285714284,V1_window
160,160,77,0.5983100118635024,0.07142857142857142,0.6758928571428572,V1_window
160,160,78,0.6064491204341598,0.07142857142857142,0.70625,V1_window
160,160,79,0.6116439298754968,0.07142857142857142,0.6870535714285715,V1_window
160,160,80,0.6137939754545164,0.07142857142857142,0.7053571428571429,V1_window
160,160,81,0.5794269948079436,0.21428571428571427,0.6879464285714285,V1_window
160,160,82,0.6298287383021322,0.07142857142857142,0.7245535714285715,V1_window
160,160,83,0.6020804838524513,0.07142857142857142,0.6415178571428574,V1_window
160,160,84,0.6142873503158972,0.07142857142857142,0.6959821428571429,V1_window
160,160,85,0.6111663320550236,0.07142857142857142,0.7116071428571428,V1_window
160,160,86,0.616989971073579,0.07142857142857142,0.709375,V1_window
160,160,87,0.60547024364321,0.07142857142857142,0.7058035714285715,V1_window
160,160,88,0.60173064868548,0.07142857142857142,0.7058035714285715,V1_window
160,160,89,0.6072360419140673,0.0,0.6924107142857141,V1_window
160,160,90,0.6162680888112931,0.07142857142857142,0.7174107142857142,V1_window
160,160,91,0.6167016036860239,0.0,0.7249999999999999,V1_window
160,160,92,0.6088370687903844,0.07142857142857142,0.7013392857142857,V1_window
160,160,93,0.6161384414039325,0.07142857142857142,0.7209821428571429,V1_window
160,160,94,0.601635236161436,0.07142857142857142,0.6763392857142857,V1_window
160,160,95,0.6122155061306414,0.07142857142857142,0.7026785714285715,V1_window
160,160,96,0.6109930262303229,0.07142857142857142,0.7040178571428571,V1_window
160,160,97,0.6361344108809729,0.0,0.7142857142857143,V1_window
160,160,98,0.6020249196326506,0.14285714285714285,0.6879464285714285,V1_window
160,160,99,0.6134140328142089,0.07142857142857142,0.6946428571428571,V1_window
160,160,100,0.6279762524040977,0.0,0.71875,V1_window
160,160,101,0.6225360560016782,0.07142857142857142,0.7218749999999999,V1_window
160,160,102,0.6211503140883322,0.0,0.6991071428571428,V1_window
160,160,103,0.6052860234735411,0.07142857142857142,0.6767857142857144,V1_window
160,160,104,0.5985905223373709,0.07142857142857142,0.6933035714285715,V1_window
160,160,105,0.5993128636575147,0.07142857142857142,0.6959821428571429,V1_window
160,160,106,0.6124813188680186,0.07142857142857142,0.6714285714285715,V1_window
160,160,107,0.6155606320434964,0.0,0.6705357142857143,V1_window
160,160,108,0.6180612650008771,0.14285714285714285,0.6995535714285716,V1_window
160,160,109,0.6174791767460436,0.07142857142857142,0.7232142857142856,V1_window
160,160,110,0.5953867234886364,0.07142857142857142,0.6924107142857141,V1_window
160,160,111,0.6009991166815566,0.07142857142857142,0.6647321428571429,V1_window
160,160,112,0.6438652023107253,0.0,0.7348214285714286,V1_window
160,160,113,0.612484217938605,0.07142857142857142,0.703125,V1_window
160,160,114,0.6060630342031424,0.0,0.6531250000000001,V1_window
160,160,115,0.6186020207884041,0.07142857142857142,0.6816964285714286,V1_window
160,160,116,0.6034481366848721,0.07142857142857142,0.7026785714285715,V1_window
160,160,117,0.6079366999364454,0.07142857142857142,0.6669642857142856,V1_window
160,160,118,0.6230502767886525,0.07142857142857142,0.6834821428571429,V1_window
160,160,119,0.6008644460899476,0.07142857142857142,0.7142857142857144,V1_window
160,160,120,0.6048635874555662,0.07142857142857142,0.6843750000000001,V1_window
160,160,121,0.6135479873222895,0.07142857142857142,0.6683035714285713,V1_window
160,160,122,0.6118690028270831,0.07142857142857142,0.7013392857142858,V1_window
160,160,123,0.6048818047991634,0.07142857142857142,0.6678571428571428,V1_window
160,160,124,0.6110992238275991,0.07142857142857142,0.6933035714285715,V1_window
160,160,125,0.6034110494348428,0.07142857142857142,0.66875,V1_window
160,160,126,0.595723851175632,0.07142857142857142,0.6879464285714284,V1_window
160,160,127,0.6218905051924959,0.0,0.6866071428571431,V1_window
160,160,128,0.6154416736974098,0.07142857142857142,0.7013392857142857,V1_window
160,160,129,0.624525201488104,0.0,0.7008928571428573,V1_window
160,160,130,0.6252253942325238,0.07142857142857142,0.7308035714285716,V1_window
160,160,131,0.610688120567423,0.07142857142857142,0.6732142857142858,V1_window
160,160,132,0.6224373601888654,0.07142857142857142,0.7165178571428571,V1_window
160,160,133,0.6305224288772678,0.0,0.7232142857142858,V1_window
160,160,134,0.6043481520405896,0.07142857142857142,0.6933035714285714,V1_window
160,160,135,0.618028917361438,0.0,0.6857142857142857,V1_window
160,160,136,0.6259267305305847,0.07142857142857142,0.7066964285714288,V1_window
160,160,137,0.6133784752534758,0.07142857142857142,0.69375,V1_window
160,160,138,0.6157744884952098,0.0,0.6915178571428572,V1_window
160,160,139,0.6208921467570278,0.07142857142857142,0.6888392857142857,V1_window
160,160,140,0.6126154184986266,0.0,0.6950892857142856,V1_window
160,160,141,0.5969891472389635,0.07142857142857142,0.7040178571428573,V1_window
160,160,142,0.6196681741000944,0.07142857142857142,0.6808035714285715,V1_window
160,160,143,0.6125491625839454,0.07142857142857142,0.6897321428571427,V1_window
160,160,144,0.6162759689327563,0.07142857142857142,0.6995535714285716,V1_window
160,160,145,0.6236353763824649,0.0,0.7093749999999999,V1_window
160,160,146,0.5975026460994383,0.14285714285714285,0.6928571428571428,V1_window
160,160,147,0.6098685181823764,0.07142857142857142,0.7116071428571429,V1_window
160,160,148,0.6169448422089815,0.07142857142857142,0.720982142857143,V1_window
160,160,149,0.6122074021426305,0.07142857142857142,0.6611607142857144,V1_window
320,320,0,0.5990115587705293,0.07142857142857142,0.7064732142857143,V1_window
320,320,1,0.621177852886016,0.07142857142857142,0.7129464285714285,V1_window
320,320,2,0.6197835350515036,0.14285714285714285,0.7187500000000001,V1_window
320,320,3,0.6323857163572897,0.0,0.7194196428571428,V1_window
320,320,4,0.620248085602471,0.07142857142857142,0.6944196428571427,V1_window
320,320,5,0.6152328393468914,0.07142857142857142,0.7082589285714286,V1_window
320,320,6,0.6309866092590385,0.0,0.7180803571428571,V1_window
320,320,7,0.6358171856040702,0.0,0.6946428571428571,V1_window
320,320,8,0.641159684311981,0.0,0.7404017857142858,V1_window
320,320,9,0.6203640927988,0.07142857142857142,0.7129464285714285,V1_window
320,320,10,0.6199743261829901,0.07142857142857142,0.7189732142857144,V1_window
320,320,11,0.6204135647493012,0.07142857142857142,0.7125,V1_window
320,320,12,0.6123869812005205,0.07142857142857142,0.6966517857142858,V1_window
320,320,13,0.6229226226137126,0.07142857142857142,0.6988839285714284,V1_window
320,320,14,0.6222712746558718,0.07142857142857142,0.7006696428571428,V1_window
320,320,15,0.6299963359596988,0.0,0.7051339285714286,V1_window
320,320,16,0.6043243429893044,0.21428571428571427,0.725,V1_window
320,320,17,0.6273596951706255,0.14285714285714285,0.7321428571428573,V1_window
320,320,18,0.6086121897118785,0.07142857142857142,0.7160714285714286,V1_window
320,320,19,0.6367729871560873,0.0,0.7279017857142857,V1_window
320,320,20,0.6243602789557738,0.07142857142857142,0.6852678571428571,V1_window
320,320,21,0.6249801309317284,0.07142857142857142,0.7024553571428571,V1_window
320,320,22,0.6291004384612068,0.07142857142857142,0.7149553571428573,V1_window
320,320,23,0.6189804413791047,0.07142857142857142,0.7031250000000001,V1_window
320,320,24,0.6242139207949885,0.07142857142857142,0.6839285714285716,V1_window
320,320,25,0.6232221331681754,0.07142857142857142,0.7198660714285714,V1_window
320,320,26,0.6115901027412177,0.07142857142857142,0.7020089285714286,V1_window
320,320,27,0.6233637641864748,0.0,0.7116071428571428,V1_window
320,320,28,0.6295252626476273,0.0,0.7064732142857144,V1_window
320,320,29,0.5991406693223632,0.07142857142857142,0.6676339285714287,V1_window
320,320,30,0.6275500969474306,0.0,0.7118303571428573,V1_window
320,320,31,0.6178294571004178,0.07142857142857142,0.7020089285714286,V1_window
320,320,32,0.6228212331947269,0.07142857142857142,0.7401785714285714,V1_window
320,320,33,0.6125214185610477,0.07142857142857142,0.7111607142857143,V1_window
320,320,34,0.6249476912304308,0.07142857142857142,0.7194196428571429,V1_window
320,320,35,0.6237753045603988,0.07142857142857142,0.7091517857142857,V1_window
320,320,36,0.6315054288045349,0.0,0.6955357142857144,V1_window
320,320,37,0.6135928519429426,0.07142857142857142,0.689955357142857,V1_window
320,320,38,0.6204051064567588,0.07142857142857142,0.6991071428571428,V1_window
320,320,39,0.6216165506046794,0.07142857142857142,0.6805803571428573,V1_window
320,320,40,0.6154790439206692,0.07142857142857142,0.7031249999999998,V1_window
320,320,41,0.6351458345583277,0.07142857142857142,0.7171875,V1_window
320,320,42,0.6001007919521173,0.07142857142857142,0.7089285714285715,V1_window
320,320,43,0.6155494069967187,0.07142857142857142,0.6924107142857142,V1_window
320,320,44,0.6141798257387384,0.14285714285714285,0.7084821428571428,V1_window
320,320,45,0.6168974907591473,0.07142857142857142,0.7064732142857142,V1_window
320,320,46,0.6218812166067023,0.07142857142857142,0.7091517857142858,V1_window
320,320,47,0.6187278565149623,0.07142857142857142,0.7022321428571427,V1_window
320,320,48,0.6159971148769472,0.07142857142857142,0.7109375000000001,V1_window
320,320,49,0.624358228465033,0.0,0.7118303571428573,V1_window
320,320,50,0.6246586442316389,0.07142857142857142,0.6933035714285714,V1_window
320,320,51,0.6037144984477212,0.07142857142857142,0.6763392857142858,V1_window
320,320,52,0.6145575070221464,0.07142857142857142,0.6915178571428572,V1_window
320,320,53,0.6326240689610664,0.0,0.6955357142857144,V1_window
320,320,54,0.6335706909924501,0.0,0.7055803571428572,V1_window
320,320,55,0.6179649420909098,0.0,0.7002232142857142,V1_window
320,320,56,0.6322057576615768,0.0,0.7017857142857142,V1_window
320,320,57,0.6172377509959225,0.07142857142857142,0.6988839285714287,V1_window
320,320,58,0.6169703330543017,0.0,0.6892857142857142,V1_window
320,320,59,0.6187328421135749,0.0,0.697544642857143,V1_window
320,320,60,0.6292939509631893,0.07142857142857142,0.7111607142857143,V1_window
320,320,61,0.6138475755972443,0.07142857142857142,0.6948660714285715,V1_window
320,320,62,0.6208684776118266,0.07142857142857142,0.6970982142857143,V1_window
320,320,63,0.628273685400394,0.0,0.6919642857142857,V1_window
320,320,64,0.6207030578159008,0.07142857142857142,0.7198660714285715,V1_window
320,320,65,0.6154924683184754,0.07142857142857142,0.703125,V1_window
320,320,66,0.6265451798021016,0.07142857142857142,0.6953124999999999,V1_window
320,320,67,0.6060808448464042,0.07142857142857142,0.6892857142857144,V1_window
320,320,68,0.6038008205555219,0.07142857142857142,0.6819196428571427,V1_window
320,320,69,0.6265776499029483,0.07142857142857142,0.6897321428571427,V1_window
320,320,70,0.6071795869626914,0.07142857142857142,0.6964285714285713,V1_window
320,320,71,0.6094311576957969,0.07142857142857142,0.7116071428571429,V1_window
320,320,72,0.63815291819352,0.07142857142857142,0.7314732142857142,V1_window
320,320,73,0.6213883961423908,0.07142857142857142,0.7151785714285712,V1_window
320,320,74,0.6288393591419218,0.0,0.6794642857142855,V1_window
320,320,75,0.6251317201843106,0.07142857142857142,0.6933035714285715,V1_window
320,320,76,0.624081600947434,0.07142857142857142,0.7167410714285716,V1_window
320,320,77,0.6139418327067555,0.07142857142857142,0.7035714285714285,V1_window
320,320,78,0.636955353301091,0.0,0.7060267857142859,V1_window
320,320,79,0.6094939802850878,0.07142857142857142,0.6933035714285714,V1_window
320,320,80,0.6017965484796652,0.14285714285714285,0.7158482142857141,V1_window
320,320,81,0.6363595313343293,0.0,0.7243303571428571,V1_window
320,320,82,0.6130324673010985,0.07142857142857142,0.7091517857142858,V1_window
320,320,83,0.6278412317457406,0.07142857142857142,0.731919642857143,V1_window
320,320,84,0.6221834623172146,0.07142857142857142,0.6939732142857142,V1_window
320,320,85,0.6211698841524926,0.07142857142857142,0.7171874999999999,V1_window
320,320,86,0.6278530797650562,0.0,0.6986607142857143,V1_window
320,320,87,0.6322355698889364,0.07142857142857142,0.6993303571428572,V1_window
320,320,88,0.6204209173181013,0.07142857142857142,0.6633928571428571,V1_window
320,320,89,0.6189021021198231,0.14285714285714285,0.7254464285714286,V1_window
320,320,90,0.6266819081372532,0.0,0.728125,V1_window
320,320,91,0.6172639438383147,0.07142857142857142,0.6910714285714284,V1_window
320,320,92,0.6209963233864647,0.07142857142857142,0.7055803571428572,V1_window
320,320,93,0.6176710149074963,0.07142857142857142,0.7071428571428572,V1_window
320,320,94,0.6244240434309702,0.0,0.6953124999999999,V1_window
320,320,95,0.6094252796062677,0.07142857142857142,0.6825892857142859,V1_window
320,320,96,0.6200328255851677,0.07142857142857142,0.7017857142857142,V1_window
320,320,97,0.6017635452054265,0.21428571428571427,0.7131696428571427,V1_window
320,320,98,0.6270084292270056,0.0,0.6988839285714287,V1_window
320,320,99,0.614940271281859,0.07142857142857142,0.6912946428571428,V1_window
320,320,100,0.6076636804715593,0.07142857142857142,0.7042410714285714,V1_window
320,320,101,0.5965922208779727,0.07142857142857142,0.6970982142857142,V1_window
320,320,102,0.6191847100046787,0.07142857142857142,0.7116071428571429,V1_window
320,320,103,0.6338822574676591,0.0,0.6941964285714286,V1_window
320,320,104,0.6245235618174513,0.07142857142857142,0.6944196428571427,V1_window
320,320,105,0.6093188331574474,0.07142857142857142,0.6883928571428571,V1_window
320,320,106,0.6289650066762502,0.07142857142857142,0.7075892857142858,V1_window
320,320,107,0.6263811472758437,0.0,0.7138392857142856,V1_window
320,320,108,0.6274109775571719,0.0,0.7205357142857143,V1_window
320,320,109,0.6211850438014873,0.07142857142857142,0.7341517857142856,V1_window
320,320,110,0.6274748560692008,0.0,0.7026785714285715,V1_window
320,320,111,0.6072612999056258,0.14285714285714285,0.6937499999999999,V1_window
320,320,112,0.6311862908637618,0.07142857142857142,0.7080357142857142,V1_window
320,320,113,0.6299236516377814,0.07142857142857142,0.7120535714285713,V1_window
320,320,114,0.6169757930846789,0.07142857142857142,0.7276785714285713,V1_window
320,320,115,0.6251717342357175,0.07142857142857142,0.7075892857142856,V1_window
320,320,116,0.6179898520940996,0.07142857142857142,0.7125000000000001,V1_window
320,320,117,0.6217079813773272,0.07142857142857142,0.7116071428571429,V1_window
320,320,118,0.6203762817896745,0.07142857142857142,0.7109375,V1_window
320,320,119,0.6235863022974426,0.07142857142857142,0.7002232142857142,V1_window
320,320,120,0.6264099419092188,0.0,0.6785714285714286,V1_window
320,320,121,0.6165562068959116,0.07142857142857142,0.7049107142857142,V1_window
320,320,122,0.6030674106447732,0.07142857142857142,0.6895089285714285,V1_window
320,320,123,0.6303988807768011,0.0,0.7203125000000001,V1_window
320,320,124,0.6234937674445926,0.07142857142857142,0.7267857142857143,V1_window
320,320,125,0.6292162135631898,0.0,0.7118303571428573,V1_window
320,320,126,0.6305528858260442,0.0,0.7308035714285713,V1_window
320,320,127,0.6066964322142124,0.07142857142857142,0.7035714285714286,V1_window
320,320,128,0.6135082917140112,0.14285714285714285,0.7285714285714286,V1_window
320,320,129,0.6245635942338619,0.07142857142857142,0.715625,V1_window
320,320,130,0.6203171072855492,0.07142857142857142,0.7171874999999999,V1_window
320,320,131,0.6292555901892918,0.0,0.7122767857142855,V1_window
320,320,132,0.6286049230477015,0.07142857142857142,0.7046875,V1_window
320,320,133,0.6152164671250153,0.07142857142857142,0.6870535714285715,V1_window
320,320,134,0.6073274945779306,0.07142857142857142,0.6933035714285714,V1_window
320,320,135,0.6297552776549221,0.0,0.7227678571428571,V1_window
320,320,136,0.6018479286371073,0.14285714285714285,0.7091517857142857,V1_window
320,320,137,0.6077202680008784,0.07142857142857142,0.7127232142857143,V1_window
320,320,138,0.60968149881379,0.07142857142857142,0.7089285714285715,V1_window
320,320,139,0.608950957470786,0.07142857142857142,0.6803571428571429,V1_window
320,320,140,0.6263059996131359,0.07142857142857142,0.6908482142857143,V1_window
320,320,141,0.6153120898995946,0.07142857142857142,0.7087053571428571,V1_window
320,320,142,0.6228777626131274,0.07142857142857142,0.7225446428571428,V1_window
320,320,143,0.6182455330492987,0.0,0.6997767857142857,V1_window
320,320,144,0.6160721806728483,0.07142857142857142,0.7013392857142857,V1_window
320,320,145,0.6282816183819081,0.07142857142857142,0.7176339285714285,V1_window
320,320,146,0.6216895318933576,0.07142857142857142,0.7091517857142856,V1_window
320,320,147,0.6174335267498366,0.14285714285714285,0.7314732142857142,V1_window
320,320,148,0.6278424192240635,0.07142857142857142,0.7218749999999999,V1_window
320,320,149,0.6143706487217747,0.07142857142857142,0.7194196428571429,V1_window
640,640,0,0.6243693775235308,0.07142857142857142,0.7101562499999999,V1_window
640,640,1,0.6204723134717234,0.0,0.7125,V1_window
640,640,2,0.6263540277183763,0.0,0.6975446428571429,V1_window
640,640,3,0.6195466183474785,0.07142857142857142,0.7037946428571429,V1_window
640,640,4,0.6200419102167732,0.07142857142857142,0.6950892857142856,V1_window
640,640,5,0.6221977127005628,0.0,0.6936383928571429,V1_window
640,640,6,0.6347343789800759,0.07142857142857142,0.7167410714285715,V1_window
640,640,7,0.625115796962459,0.0,0.7110491071428572,V1_window
640,640,8,0.6119366071633804,0.07142857142857142,0.6886160714285713,V1_window
640,640,9,0.6168604576304062,0.0,0.6910714285714284,V1_window
640,640,10,0.6196942698527004,0.0,0.701450892857143,V1_window
640,640,11,0.6157776991977043,0.07142857142857142,0.6993303571428572,V1_window
640,640,12,0.6356196906891243,0.0,0.7187499999999999,V1_window
640,640,13,0.6191688146274907,0.0,0.6804687500000001,V1_window
640,640,14,0.6021828054644336,0.07142857142857142,0.7043526785714285,V1_window
640,640,15,0.6309703958270892,0.07142857142857142,0.7205357142857144,V1_window
640,640,16,0.6203310942740954,0.07142857142857142,0.7208705357142857,V1_window
640,640,17,0.6251219168869012,0.07142857142857142,0.7262276785714284,V1_window
640,640,18,0.6043384898042257,0.14285714285714285,0.6941964285714287,V1_window
640,640,19,0.6098364826293964,0.14285714285714285,0.7395089285714286,V1_window
640,640,20,0.6011260255558493,0.21428571428571427,0.7286830357142858,V1_window
640,640,21,0.6141413173759428,0.07142857142857142,0.6862723214285715,V1_window
640,640,22,0.6048761882988443,0.07142857142857142,0.6892857142857143,V1_window
640,640,23,0.6341234259796484,0.0,0.7089285714285715,V1_window
640,640,24,0.6318251735962214,0.0,0.6977678571428572,V1_window
640,640,25,0.626350792949407,0.0,0.6861607142857143,V1_window
640,640,26,0.6021234711059275,0.14285714285714285,0.708482142857143,V1_window
640,640,27,0.6084218649400084,0.07142857142857142,0.7011160714285714,V1_window
640,640,28,0.6269410785703131,0.0,0.6986607142857143,V1_window
640,640,29,0.6218500987489012,0.07142857142857142,0.704575892857143,V1_window
640,640,30,0.6185976637866706,0.07142857142857142,0.7193080357142857,V1_window
640,640,31,0.6240978039678343,0.07142857142857142,0.70234375,V1_window
640,640,32,0.61964384438444,0.07142857142857142,0.6859375000000002,V1_window
640,640,33,0.6017497626177795,0.07142857142857142,0.7122767857142857,V1_window
640,640,34,0.6259414995182042,0.0,0.7062499999999999,V1_window
640,640,35,0.6205721924598034,0.0,0.7063616071428571,V1_window
640,640,36,0.6150665959402047,0.07142857142857142,0.7126116071428573,V1_window
640,640,37,0.6074114413473998,0.0,0.6875000000000001,V1_window
640,640,38,0.6186728287483669,0.0,0.7022321428571429,V1_window
640,640,39,0.6079963046032131,0.14285714285714285,0.7258928571428572,V1_window
640,640,40,0.6231846479580637,0.0,0.6873883928571428,V1_window
640,640,41,0.6211358054669539,0.0,0.7075892857142856,V1_window
640,640,42,0.6116540543450133,0.14285714285714285,0.7218749999999999,V1_window
640,640,43,0.5996893717865605,0.07142857142857142,0.703348214285714,V1_window
640,640,44,0.6126356069809324,0.07142857142857142,0.6909598214285715,V1_window
640,640,45,0.6062336591697801,0.07142857142857142,0.6946428571428571,V1_window
640,640,46,0.6124386658706871,0.07142857142857142,0.7041294642857142,V1_window
640,640,47,0.61427727474236,0.07142857142857142,0.720200892857143,V1_window
640,640,48,0.6081357394063551,0.0,0.7020089285714286,V1_window
640,640,49,0.6238763809559384,0.0,0.6864955357142856,V1_window
640,640,50,0.6300236196537928,0.07142857142857142,0.7216517857142856,V1_window
640,640,51,0.603550714789581,0.14285714285714285,0.7245535714285715,V1_window
640,640,52,0.6147113432372416,0.07142857142857142,0.700669642857143,V1_window
640,640,53,0.6257588963232632,0.0,0.7243303571428571,V1_window
640,640,54,0.6227927603624749,0.0,0.68515625,V1_window
640,640,55,0.616908784010637,0.07142857142857142,0.7089285714285714,V1_window
640,640,56,0.6198345431009051,0.07142857142857142,0.7075892857142857,V1_window
640,640,57,0.6481173966206467,0.0,0.7189732142857143,V1_window
640,640,58,0.6043531836508899,0.07142857142857142,0.705580357142857,V1_window
640,640,59,0.6307675529636412,0.0,0.6843750000000001,V1_window
640,640,60,0.6326514672453017,0.0,0.7154017857142858,V1_window
640,640,61,0.6122693133189193,0.07142857142857142,0.7064732142857144,V1_window
640,640,62,0.6395870212376998,0.0,0.7113839285714286,V1_window
640,640,63,0.6279389483354411,0.0,0.6973214285714285,V1_window
640,640,64,0.6232360559596851,0.07142857142857142,0.6997767857142856,V1_window
640,640,65,0.6256395723669336,0.0,0.6975446428571429,V1_window
640,640,66,0.6373717968257573,0.07142857142857142,0.72265625,V1_window
640,640,67,0.6268569479565101,0.0,0.7362723214285714,V1_window
640,640,68,0.6240648624251168,0.0,0.6870535714285715,V1_window
640,640,69,0.6234990596847156,0.0,0.6864955357142858,V1_window
640,640,70,0.6119753281303641,0.07142857142857142,0.6933035714285715,V1_window
640,640,71,0.6383727433135412,0.07142857142857142,0.7335937499999998,V1_window
640,640,72,0.6049239081640568,0.07142857142857142,0.7202008928571427,V1_window
640,640,73,0.6223150398720042,0.0,0.7020089285714287,V1_window
640,640,74,0.6131798239706858,0.07142857142857142,0.7176339285714286,V1_window
640,640,75,0.6245586278613733,0.07142857142857142,0.7113839285714285,V1_window
640,640,76,0.6082611132431603,0.07142857142857142,0.7089285714285715,V1_window
640,640,77,0.6062823890341777,0.07142857142857142,0.7160714285714286,V1_window
640,640,78,0.6165962782491223,0.07142857142857142,0.6849330357142858,V1_window
640,640,79,0.6177988842326343,0.07142857142857142,0.722879464285714,V1_window
640,640,80,0.6297848913915468,0.0,0.7219866071428571,V1_window
640,640,81,0.6041322526981666,0.07142857142857142,0.7152901785714286,V1_window
640,640,82,0.6134031632413787,0.07142857142857142,0.709375,V1_window
640,640,83,0.6235800661413837,0.14285714285714285,0.7107142857142857,V1_window
640,640,84,0.6122499680627606,0.07142857142857142,0.7103794642857143,V1_window
640,640,85,0.6226348739736343,0.07142857142857142,0.7125000000000001,V1_window
640,640,86,0.6104702004383525,0.07142857142857142,0.7159598214285714,V1_window
640,640,87,0.6128304347631963,0.07142857142857142,0.6985491071428572,V1_window
640,640,88,0.6254732507499086,0.0,0.7037946428571429,V1_window
640,640,89,0.6208891934796852,0.07142857142857142,0.6975446428571429,V1_window
640,640,90,0.6400055912636136,0.0,0.7064732142857143,V1_window
640,640,91,0.6259567669332584,0.0,0.7135044642857142,V1_window
640,640,92,0.6160329440219157,0.07142857142857142,0.7060267857142858,V1_window
640,640,93,0.5934508682278814,0.2857142857142857,0.6927455357142857,V1_window
640,640,94,0.6265977783964684,0.0,0.7179687499999999,V1_window
640,640,95,0.6273744117703534,0.07142857142857142,0.7251116071428572,V1_window
640,640,96,0.6146368097638976,0.07142857142857142,0.7142857142857143,V1_window
640,640,97,0.6295457090873131,0.0,0.7204241071428571,V1_window
640,640,98,0.6042875536913317,0.07142857142857142,0.7141741071428572,V1_window
640,640,99,0.6228680741782098,0.07142857142857142,0.7110491071428571,V1_window
640,640,100,0.5980611235725217,0.07142857142857142,0.7014508928571427,V1_window
640,640,101,0.6220564281735751,0.07142857142857142,0.6860491071428573,V1_window
640,640,102,0.6034934889814108,0.14285714285714285,0.7159598214285714,V1_window
640,640,103,0.6397080063109253,0.0,0.7111607142857144,V1_window
640,640,104,0.6131904928420421,0.07142857142857142,0.6946428571428572,V1_window
640,640,105,0.5986030764295263,0.21428571428571427,0.7098214285714285,V1_window
640,640,106,0.6105154458792739,0.07142857142857142,0.6885044642857142,V1_window
640,640,107,0.635126269766804,0.0,0.6931919642857142,V1_window
640,640,108,0.6154296710261911,0.07142857142857142,0.6987723214285715,V1_window
640,640,109,0.626625100464652,0.0,0.7023437500000002,V1_window
640,640,110,0.6216682596898425,0.07142857142857142,0.7164062500000001,V1_window
640,640,111,0.6225492429946835,0.0,0.6801339285714286,V1_window
640,640,112,0.6260878061996069,0.0,0.685825892857143,V1_window
640,640,113,0.6295018491498106,0.0,0.7165178571428573,V1_window
640,640,114,0.6219235212811817,0.07142857142857142,0.7044642857142857,V1_window
640,640,115,0.6149097721015108,0.07142857142857142,0.6927455357142857,V1_window
640,640,116,0.6094294488118892,0.14285714285714285,0.7080357142857144,V1_window
640,640,117,0.6052792485343265,0.07142857142857142,0.6870535714285715,V1_window
640,640,118,0.6190113840601946,0.0,0.7060267857142858,V1_window
640,640,119,0.6012996027055583,0.14285714285714285,0.7026785714285715,V1_window
640,640,120,0.6308638064634554,0.0,0.6981026785714287,V1_window
640,640,121,0.6007641473827633,0.07142857142857142,0.7104910714285714,V1_window
640,640,122,0.6497198936934335,0.0,0.7013392857142857,V1_window
640,640,123,0.6270097618789151,0.0,0.7016741071428572,V1_window
640,640,124,0.6199114599876803,0.07142857142857142,0.7089285714285715,V1_window
640,640,125,0.6218534115262067,0.07142857142857142,0.7257812499999999,V1_window
640,640,126,0.6151915730586337,0.0,0.699888392857143,V1_window
640,640,127,0.6270534331227721,0.0,0.7198660714285714,V1_window
640,640,128,0.6004673728295686,0.07142857142857142,0.7100446428571431,V1_window
640,640,129,0.6014485472836545,0.07142857142857142,0.7023437499999998,V1_window
640,640,130,0.6129877856894597,0.07142857142857142,0.7196428571428571,V1_window
640,640,131,0.6159127467856151,0.0,0.7234375,V1_window
640,640,132,0.6179775782532928,0.07142857142857142,0.7087053571428571,V1_window
640,640,133,0.6306430865263942,0.0,0.7127232142857143,V1_window
640,640,134,0.6094442757484291,0.07142857142857142,0.6930803571428571,V1_window
640,640,135,0.6260199230308576,0.07142857142857142,0.7184151785714287,V1_window
640,640,136,0.6104830924922422,0.14285714285714285,0.7099330357142858,V1_window
640,640,137,0.6296847336058601,0.07142857142857142,0.7149553571428572,V1_window
640,640,138,0.6254386033046562,0.0,0.7073660714285713,V1_window
640,640,139,0.6216783280916922,0.0,0.7095982142857143,V1_window
640,640,140,0.6266390129742323,0.07142857142857142,0.72421875,V1_window
640,640,141,0.605481571023949,0.07142857142857142,0.6834821428571427,V1_window
640,640,142,0.6276435145974898,0.0,0.7143973214285715,V1_window
640,640,143,0.6210795922768803,0.0,0.7093749999999999,V1_window
640,640,144,0.6252805443923203,0.07142857142857142,0.708482142857143,V1_window
640,640,145,0.6223545214700197,0.0,0.6963169642857144,V1_window
640,640,146,0.6253856708007165,0.0,0.6991071428571428,V1_window
640,640,147,0.6142182640158713,0.07142857142857142,0.7015625,V1_window
640,640,148,0.6129236991955683,0.07142857142857142,0.7065848214285715,V1_window
640,640,149,0.6113585050933159,0.07142857142857142,0.7128348214285714,V1_window
10,14,0,0.5846724671793264,0.0,0.5612244897959183,V2_recording
10,14,1,0.5884825076200689,0.0,0.6938775510204083,V2_recording
10,14,2,0.5469888871802573,0.14285714285714285,0.5510204081632654,V2_recording
10,14,3,0.5839610893060793,0.0,0.5714285714285714,V2_recording
10,14,4,0.5640016474354584,0.14285714285714285,0.6530612244897959,V2_recording
10,14,5,0.5507324796795169,0.07142857142857142,0.5714285714285714,V2_recording
10,14,6,0.5600872653708086,0.0,0.5204081632653061,V2_recording
10,14,7,0.553013772488473,0.35714285714285715,0.826530612244898,V2_recording
10,14,8,0.5426176349307458,0.42857142857142855,0.7551020408163265,V2_recording
10,14,9,0.5456131437380956,0.14285714285714285,0.5357142857142857,V2_recording
10,14,10,0.565585231795044,0.35714285714285715,0.8724489795918368,V2_recording
10,14,11,0.590471729853408,0.0,0.6989795918367346,V2_recording
10,14,12,0.5472110950795361,0.21428571428571427,0.7397959183673469,V2_recording
10,14,13,0.5520399331615047,0.35714285714285715,0.8214285714285713,V2_recording
10,14,14,0.5454242029985508,0.14285714285714285,0.6785714285714287,V2_recording
10,14,15,0.5479333868593288,0.21428571428571427,0.6734693877551022,V2_recording
10,14,16,0.5758734063580027,0.0,0.5510204081632654,V2_recording
10,14,17,0.554264752373629,0.07142857142857142,0.6428571428571429,V2_recording
10,14,18,0.5520399331615047,0.35714285714285715,0.8214285714285713,V2_recording
10,14,19,0.5718665014353121,0.0,0.6173469387755102,V2_recording
10,14,20,0.5643881316334552,0.0,0.622448979591837,V2_recording
10,14,21,0.5664320926967314,0.0,0.5408163265306123,V2_recording
10,14,22,0.5797747482796601,0.0,0.5714285714285714,V2_recording
10,14,23,0.5712904247828959,0.2857142857142857,0.8724489795918368,V2_recording
10,14,24,0.565585231795044,0.35714285714285715,0.8724489795918368,V2_recording
10,14,25,0.5927051417730561,0.0,0.7040816326530612,V2_recording
10,14,26,0.583331542618342,0.0,0.6938775510204082,V2_recording
10,14,27,0.5733597962707931,0.0,0.6530612244897959,V2_recording
10,14,28,0.5456131437380956,0.14285714285714285,0.5357142857142857,V2_recording
10,14,29,0.5499784601656555,0.0,0.4795918367346939,V2_recording
10,14,30,0.5668903451645527,0.0,0.5510204081632654,V2_recording
10,14,31,0.5767590098569314,0.14285714285714285,0.7091836734693878,V2_recording
10,14,32,0.584910969397929,0.0,0.6581632653061226,V2_recording
10,14,33,0.5758734063580027,0.0,0.5510204081632654,V2_recording
10,14,34,0.5927051417730561,0.0,0.7040816326530612,V2_recording
10,14,35,0.5609859708061318,0.0,0.5408163265306122,V2_recording
10,14,36,0.5609859708061318,0.0,0.5408163265306122,V2_recording
10,14,37,0.563858438416799,0.0,0.5867346938775511,V2_recording
10,14,38,0.5666362936103163,0.0,0.5153061224489796,V2_recording
10,14,39,0.6020894186500504,0.0,0.6785714285714286,V2_recording
10,14,40,0.5526043823072113,0.07142857142857142,0.5510204081632653,V2_recording
10,14,41,0.5767590098569314,0.14285714285714285,0.7091836734693878,V2_recording
10,14,42,0.5679322018207182,0.0,0.7142857142857142,V2_recording
10,14,43,0.5469888871802573,0.14285714285714285,0.5510204081632654,V2_recording
10,14,44,0.5937900505451691,0.0,0.642857142857143,V2_recording
10,14,45,0.5828259887640086,0.0,0.653061224489796,V2_recording
10,14,46,0.5930517593629268,0.0,0.5612244897959183,V2_recording
10,14,47,0.5982472750249087,0.0,0.576530612244898,V2_recording
10,14,48,0.540611197173718,0.21428571428571427,0.576530612244898,V2_recording
10,14,49,0.565585231795044,0.35714285714285715,0.8724489795918368,V2_recording
10,14,50,0.5982472750249087,0.0,0.576530612244898,V2_recording
10,14,51,0.5758548109650264,0.0,0.8010204081632654,V2_recording
10,14,52,0.5758734063580027,0.0,0.5510204081632654,V2_recording
10,14,53,0.5839610893060793,0.0,0.5714285714285714,V2_recording
10,14,54,0.572996574124769,0.0,0.6581632653061223,V2_recording
10,14,55,0.560968803769129,0.0,0.5816326530612245,V2_recording
10,14,56,0.5708068507110465,0.0,0.4795918367346939,V2_recording
10,14,57,0.556547599238852,0.14285714285714285,0.5612244897959183,V2_recording
10,14,58,0.5507324796795169,0.07142857142857142,0.5714285714285714,V2_recording
10,14,59,0.6152366623457185,0.0,0.6428571428571427,V2_recording
10,14,60,0.5758734063580027,0.0,0.5510204081632654,V2_recording
10,14,61,0.5761327904972333,0.07142857142857142,0.6887755102040816,V2_recording
10,14,62,0.5643881316334552,0.0,0.622448979591837,V2_recording
10,14,63,0.5730036463817252,0.07142857142857142,0.6530612244897959,V2_recording
10,14,64,0.5707849463158021,0.14285714285714285,0.7704081632653061,V2_recording
10,14,65,0.5758548109650264,0.0,0.8010204081632654,V2_recording
10,14,66,0.5340639182698026,0.5,0.7397959183673468,V2_recording
10,14,67,0.5930517593629268,0.0,0.5612244897959183,V2_recording
10,14,68,0.5666362936103163,0.0,0.5153061224489796,V2_recording
10,14,69,0.5708068507110465,0.0,0.4795918367346939,V2_recording
10,14,70,0.5359297691670207,0.07142857142857142,0.47959183673469397,V2_recording
10,14,71,0.5842428486787109,0.07142857142857142,0.6836734693877552,V2_recording
10,14,72,0.5403968655899388,0.14285714285714285,0.6836734693877551,V2_recording
10,14,73,0.5454242029985508,0.14285714285714285,0.6785714285714287,V2_recording
10,14,74,0.5568868096338826,0.2857142857142857,0.8010204081632653,V2_recording
10,14,75,0.5828259887640086,0.0,0.653061224489796,V2_recording
10,14,76,0.5456131437380956,0.14285714285714285,0.5357142857142857,V2_recording
10,14,77,0.5784215387682731,0.0,0.5612244897959184,V2_recording
10,14,78,0.5609859708061318,0.0,0.5408163265306122,V2_recording
10,14,79,0.5549616165419333,0.0,0.5051020408163265,V2_recording
10,14,80,0.590471729853408,0.0,0.6989795918367346,V2_recording
10,14,81,0.5561323927084272,0.07142857142857142,0.5918367346938777,V2_recording
10,14,82,0.5846724671793264,0.0,0.5612244897959183,V2_recording
10,14,83,0.5640016474354584,0.14285714285714285,0.6530612244897959,V2_recording
10,14,84,0.5575573366362133,0.07142857142857142,0.6173469387755103,V2_recording
10,14,85,0.5719997588243482,0.14285714285714285,0.7448979591836735,V2_recording
10,14,86,0.5340639182698026,0.5,0.7397959183673468,V2_recording
10,14,87,0.5846724671793264,0.0,0.5612244897959183,V2_recording
10,14,88,0.5799802258504786,0.0,0.6632653061224489,V2_recording
10,14,89,0.5557330903916524,0.07142857142857142,0.5102040816326531,V2_recording
10,14,90,0.5828259887640086,0.0,0.653061224489796,V2_recording
10,14,91,0.5457979469277865,0.0,0.5153061224489797,V2_recording
10,14,92,0.5666362936103163,0.0,0.5153061224489796,V2_recording
10,14,93,0.5520399331615047,0.35714285714285715,0.8214285714285713,V2_recording
10,14,94,0.5930517593629268,0.0,0.5612244897959183,V2_recording
10,14,95,0.5340639182698026,0.5,0.7397959183673468,V2_recording
10,14,96,0.5679322018207182,0.0,0.7142857142857142,V2_recording
10,14,97,0.5568868096338826,0.2857142857142857,0.8010204081632653,V2_recording
10,14,98,0.5668903451645527,0.0,0.5510204081632654,V2_recording
10,14,99,0.5811587798071153,0.0,0.5969387755102041,V2_recording
10,14,100,0.5472110950795361,0.21428571428571427,0.7397959183673469,V2_recording
10,14,101,0.5643881316334552,0.0,0.622448979591837,V2_recording
10,14,102,0.584910969397929,0.0,0.6581632653061226,V2_recording
10,14,103,0.5761327904972333,0.07142857142857142,0.6887755102040816,V2_recording
10,14,104,0.5549616165419333,0.0,0.5051020408163265,V2_recording
10,14,105,0.5359297691670207,0.07142857142857142,0.47959183673469397,V2_recording
10,14,106,0.5549616165419333,0.0,0.5051020408163265,V2_recording
10,14,107,0.5708068507110465,0.0,0.4795918367346939,V2_recording
10,14,108,0.5834744168424806,0.0,0.6173469387755103,V2_recording
10,14,109,0.5557330903916524,0.07142857142857142,0.5102040816326531,V2_recording
10,14,110,0.565585231795044,0.35714285714285715,0.8724489795918368,V2_recording
10,14,111,0.5564000097196168,0.0,0.46938775510204084,V2_recording
10,14,112,0.5469888871802573,0.14285714285714285,0.5510204081632654,V2_recording
10,14,113,0.5459075329522252,0.14285714285714285,0.5816326530612246,V2_recording
10,14,114,0.5937900505451691,0.0,0.642857142857143,V2_recording
10,14,115,0.5561323927084272,0.07142857142857142,0.5918367346938777,V2_recording
10,14,116,0.5902811313730585,0.0,0.6173469387755102,V2_recording
10,14,117,0.5359297691670207,0.07142857142857142,0.47959183673469397,V2_recording
10,14,118,0.5562797493480007,0.0,0.566326530612245,V2_recording
10,14,119,0.5557330903916524,0.07142857142857142,0.5102040816326531,V2_recording
10,14,120,0.5758734063580027,0.0,0.5510204081632654,V2_recording
10,14,121,0.5562797493480007,0.0,0.566326530612245,V2_recording
10,14,122,0.5842428486787109,0.07142857142857142,0.6836734693877552,V2_recording
10,14,123,0.558709435504319,0.0,0.5408163265306122,V2_recording
10,14,124,0.5548740622909416,0.07142857142857142,0.6836734693877551,V2_recording
10,14,125,0.5549616165419333,0.0,0.5051020408163265,V2_recording
10,14,126,0.5719778162006384,0.14285714285714285,0.6785714285714286,V2_recording
10,14,127,0.5927051417730561,0.0,0.7040816326530612,V2_recording
10,14,128,0.572996574124769,0.0,0.6581632653061223,V2_recording
10,14,129,0.5479333868593288,0.21428571428571427,0.6734693877551022,V2_recording
10,14,130,0.5797747482796601,0.0,0.5714285714285714,V2_recording
10,14,131,0.603999933932834,0.0,0.6428571428571427,V2_recording
10,14,132,0.5664320926967314,0.0,0.5408163265306123,V2_recording
10,14,133,0.5542925840674297,0.0,0.5153061224489796,V2_recording
10,14,134,0.5828259887640086,0.0,0.653061224489796,V2_recording
10,14,135,0.5609859708061318,0.0,0.5408163265306122,V2_recording
10,14,136,0.5937900505451691,0.0,0.642857142857143,V2_recording
10,14,137,0.5420142568129577,0.2857142857142857,0.6530612244897959,V2_recording
10,14,138,0.5712904247828959,0.2857142857142857,0.8724489795918368,V2_recording
10,14,139,0.5457979469277865,0.0,0.5153061224489797,V2_recording
10,14,140,0.563858438416799,0.0,0.5867346938775511,V2_recording
10,14,141,0.584910969397929,0.0,0.6581632653061226,V2_recording
10,14,142,0.5733597962707931,0.0,0.6530612244897959,V2_recording
10,14,143,0.555839275462933,0.07142857142857142,0.6479591836734695,V2_recording
10,14,144,0.5526043823072113,0.07142857142857142,0.5510204081632653,V2_recording
10,14,145,0.5602478269267603,0.2857142857142857,0.7244897959183673,V2_recording
10,14,146,0.5743762367796272,0.0,0.6224489795918366,V2_recording
10,14,147,0.5839610893060793,0.0,0.5714285714285714,V2_recording
10,14,148,0.565585231795044,0.35714285714285715,0.8724489795918368,V2_recording
10,14,149,0.5712904247828959,0.2857142857142857,0.8724489795918368,V2_recording
20,21,0,0.6187877619138457,0.0,0.772108843537415,V2_recording
20,21,1,0.5702976558765117,0.07142857142857142,0.6088435374149659,V2_recording
20,21,2,0.5919080641827515,0.0,0.6564625850340137,V2_recording
20,21,3,0.5690958251768948,0.2857142857142857,0.6326530612244897,V2_recording
20,21,4,0.5965347750221728,0.0,0.642857142857143,V2_recording
20,21,5,0.570938377292893,0.07142857142857142,0.6462585034013607,V2_recording
20,21,6,0.5729569688630497,0.0,0.5578231292517006,V2_recording
20,21,7,0.5713625463284151,0.14285714285714285,0.6632653061224489,V2_recording
20,21,8,0.5985459463590542,0.0,0.6360544217687075,V2_recording
20,21,9,0.6097361287856164,0.0,0.5986394557823128,V2_recording
20,21,10,0.5680103589322377,0.14285714285714285,0.6428571428571429,V2_recording
20,21,11,0.5965314826108096,0.0,0.6802721088435374,V2_recording
20,21,12,0.5491197546412583,0.14285714285714285,0.5408163265306122,V2_recording
20,21,13,0.564435745998233,0.14285714285714285,0.5884353741496599,V2_recording
20,21,14,0.5860699403257507,0.0,0.6700680272108844,V2_recording
20,21,15,0.5978424902797199,0.0,0.6938775510204082,V2_recording
20,21,16,0.5869558506733684,0.0,0.6224489795918366,V2_recording
20,21,17,0.5606691661983924,0.2857142857142857,0.6870748299319729,V2_recording
20,21,18,0.5717430570300811,0.07142857142857142,0.6394557823129252,V2_recording
20,21,19,0.5911118238190162,0.0,0.6700680272108842,V2_recording
20,21,20,0.6187877619138457,0.0,0.772108843537415,V2_recording
20,21,21,0.6112302590489266,0.0,0.6938775510204082,V2_recording
20,21,22,0.5852312458235573,0.07142857142857142,0.6156462585034014,V2_recording
20,21,23,0.5648661306047013,0.0,0.49659863945578225,V2_recording
20,21,24,0.564659458619857,0.0,0.5714285714285714,V2_recording
20,21,25,0.602443130731765,0.0,0.6258503401360545,V2_recording
20,21,26,0.5701600747568576,0.14285714285714285,0.5544217687074829,V2_recording
20,21,27,0.5897614292098264,0.21428571428571427,0.8197278911564626,V2_recording
20,21,28,0.5694651159742621,0.0,0.5918367346938777,V2_recording
20,21,29,0.5619090932631018,0.0,0.5272108843537415,V2_recording
20,21,30,0.5757331322783448,0.21428571428571427,0.6530612244897959,V2_recording
20,21,31,0.5690973507115614,0.42857142857142855,0.7755102040816327,V2_recording
20,21,32,0.5925506064958919,0.0,0.6666666666666666,V2_recording
20,21,33,0.6082948655879616,0.0,0.6768707482993198,V2_recording
20,21,34,0.583074246780429,0.0,0.6054421768707483,V2_recording
20,21,35,0.6141669621496588,0.0,0.697278911564626,V2_recording
20,21,36,0.5736014200061557,0.0,0.5136054421768708,V2_recording
20,21,37,0.5677033515254418,0.35714285714285715,0.7755102040816325,V2_recording
20,21,38,0.6053608650264767,0.0,0.727891156462585,V2_recording
20,21,39,0.5951922077103208,0.0,0.673469387755102,V2_recording
20,21,40,0.5894355875423691,0.07142857142857142,0.7006802721088435,V2_recording
20,21,41,0.5998711511516036,0.0,0.6904761904761906,V2_recording
20,21,42,0.5702976558765117,0.07142857142857142,0.6088435374149659,V2_recording
20,21,43,0.5785527826381275,0.0,0.5884353741496599,V2_recording
20,21,44,0.6135908340736547,0.0,0.727891156462585,V2_recording
20,21,45,0.6404817769124168,0.0,0.7244897959183675,V2_recording
20,21,46,0.5568588702795173,0.07142857142857142,0.5408163265306122,V2_recording
20,21,47,0.570237590831338,0.0,0.5238095238095238,V2_recording
20,21,48,0.5749540735537847,0.07142857142857142,0.6802721088435374,V2_recording
20,21,49,0.5790760090002423,0.0,0.6156462585034014,V2_recording
20,21,50,0.5965314826108096,0.0,0.6802721088435374,V2_recording
20,21,51,0.5740128695294641,0.0,0.5340136054421768,V2_recording
20,21,52,0.5907141386859072,0.0,0.5816326530612245,V2_recording
20,21,53,0.5649410741085421,0.0,0.5476190476190476,V2_recording
20,21,54,0.5816944394677142,0.35714285714285715,0.8061224489795917,V2_recording
20,21,55,0.5841187503924976,0.0,0.5680272108843537,V2_recording
20,21,56,0.555917672447272,0.14285714285714285,0.5442176870748299,V2_recording
20,21,57,0.6333949876559181,0.0,0.7755102040816325,V2_recording
20,21,58,0.5934195541722888,0.0,0.6938775510204083,V2_recording
20,21,59,0.5809340565322559,0.0,0.7006802721088435,V2_recording
20,21,60,0.5774877398857893,0.0,0.5986394557823129,V2_recording
20,21,61,0.5698563807131211,0.0,0.5306122448979591,V2_recording
20,21,62,0.6065810316477991,0.2857142857142857,0.7891156462585034,V2_recording
20,21,63,0.610570019516759,0.0,0.653061224489796,V2_recording
20,21,64,0.5533961676200393,0.2857142857142857,0.6530612244897961,V2_recording
20,21,65,0.5717911688163219,0.14285714285714285,0.6326530612244898,V2_recording
20,21,66,0.6097700888589466,0.0,0.7517006802721088,V2_recording
20,21,67,0.6126537080380284,0.0,0.6802721088435374,V2_recording
20,21,68,0.5627136761242312,0.07142857142857142,0.5374149659863946,V2_recording
20,21,69,0.6122588943165275,0.0,0.6258503401360545,V2_recording
20,21,70,0.5762057073574662,0.14285714285714285,0.6462585034013605,V2_recording
20,21,71,0.5816170883946362,0.0,0.5748299319727891,V2_recording
20,21,72,0.584338606563783,0.21428571428571427,0.7074829931972789,V2_recording
20,21,73,0.5649480784118284,0.07142857142857142,0.5374149659863946,V2_recording
20,21,74,0.5768970258124808,0.0,0.6054421768707483,V2_recording
20,21,75,0.5719709086187176,0.0,0.5170068027210883,V2_recording
20,21,76,0.5724869818309215,0.0,0.564625850340136,V2_recording
20,21,77,0.6056291583389471,0.0,0.6088435374149659,V2_recording
20,21,78,0.5993212046502787,0.0,0.5850340136054423,V2_recording
20,21,79,0.5880333758778856,0.07142857142857142,0.7074829931972789,V2_recording
20,21,80,0.5542349462952649,0.14285714285714285,0.5578231292517007,V2_recording
20,21,81,0.6076027707538836,0.14285714285714285,0.7142857142857143,V2_recording
20,21,82,0.5956258994812486,0.0,0.6122448979591837,V2_recording
20,21,83,0.6112784572203009,0.0,0.619047619047619,V2_recording
20,21,84,0.5564459556094011,0.14285714285714285,0.6598639455782314,V2_recording
20,21,85,0.5712405198655579,0.0,0.5068027210884355,V2_recording
20,21,86,0.5710076676496073,0.35714285714285715,0.7244897959183673,V2_recording
20,21,87,0.5632646357368742,0.0,0.5272108843537414,V2_recording
20,21,88,0.5837298686620087,0.0,0.6700680272108845,V2_recording
20,21,89,0.5744089647691712,0.07142857142857142,0.6666666666666666,V2_recording
20,21,90,0.5741870080045725,0.0,0.5170068027210885,V2_recording
20,21,91,0.5599268280196185,0.07142857142857142,0.5408163265306122,V2_recording
20,21,92,0.5789706709013381,0.0,0.5986394557823129,V2_recording
20,21,93,0.5688014196127262,0.21428571428571427,0.7040816326530613,V2_recording
20,21,94,0.6104336596981254,0.0,0.619047619047619,V2_recording
20,21,95,0.5666060704974016,0.2857142857142857,0.7006802721088435,V2_recording
20,21,96,0.5668635100374324,0.21428571428571427,0.6326530612244898,V2_recording
20,21,97,0.5702218516283198,0.07142857142857142,0.6666666666666666,V2_recording
20,21,98,0.5783112535569889,0.35714285714285715,0.870748299319728,V2_recording
20,21,99,0.5474686885117788,0.2857142857142857,0.5816326530612245,V2_recording
20,21,100,0.571941063007822,0.2857142857142857,0.8095238095238095,V2_recording
20,21,101,0.5649480784118284,0.07142857142857142,0.5374149659863946,V2_recording
20,21,102,0.6068858681692666,0.0,0.5748299319727891,V2_recording
20,21,103,0.5938219268467639,0.0,0.7040816326530611,V2_recording
20,21,104,0.5781191550075931,0.14285714285714285,0.6802721088435374,V2_recording
20,21,105,0.5601327193011552,0.0,0.5374149659863945,V2_recording
20,21,106,0.576601958053693,0.07142857142857142,0.5850340136054423,V2_recording
20,21,107,0.584338606563783,0.21428571428571427,0.7074829931972789,V2_recording
20,21,108,0.59810476876826,0.07142857142857142,0.717687074829932,V2_recording
20,21,109,0.5864391654734975,0.2857142857142857,0.8401360544217686,V2_recording
20,21,110,0.5758349497393903,0.21428571428571427,0.6666666666666667,V2_recording
20,21,111,0.5553378632429412,0.21428571428571427,0.6598639455782314,V2_recording
20,21,112,0.5994268701608048,0.0,0.5748299319727891,V2_recording
20,21,113,0.5783015020627116,0.0,0.6326530612244898,V2_recording
20,21,114,0.562781301661205,0.14285714285714285,0.6088435374149659,V2_recording
20,21,115,0.5654310723005779,0.14285714285714285,0.653061224489796,V2_recording
20,21,116,0.5982425030378233,0.0,0.574829931972789,V2_recording
20,21,117,0.5749750646471186,0.0,0.5714285714285714,V2_recording
20,21,118,0.5729569688630497,0.0,0.5578231292517006,V2_recording
20,21,119,0.5759623171985971,0.0,0.5850340136054422,V2_recording
20,21,120,0.5712405198655579,0.0,0.5068027210884355,V2_recording
20,21,121,0.5692093245997741,0.21428571428571427,0.6700680272108844,V2_recording
20,21,122,0.5690973507115614,0.42857142857142855,0.7755102040816327,V2_recording
20,21,123,0.5744867492802146,0.0,0.5850340136054422,V2_recording
20,21,124,0.5816944394677142,0.35714285714285715,0.8061224489795917,V2_recording
20,21,125,0.5543403081328636,0.14285714285714285,0.5544217687074829,V2_recording
20,21,126,0.557598904429835,0.14285714285714285,0.5680272108843537,V2_recording
20,21,127,0.5704345944068657,0.07142857142857142,0.5646258503401361,V2_recording
20,21,128,0.5633172329203351,0.21428571428571427,0.6496598639455782,V2_recording
20,21,129,0.5911797211632763,0.0,0.6734693877551022,V2_recording
20,21,130,0.6003289506201654,0.0,0.6564625850340136,V2_recording
20,21,131,0.5869805852440702,0.0,0.5714285714285714,V2_recording
20,21,132,0.6131636170666057,0.0,0.6428571428571429,V2_recording
20,21,133,0.5652327650255128,0.14285714285714285,0.6428571428571429,V2_recording
20,21,134,0.5869299313963826,0.0,0.608843537414966,V2_recording
20,21,135,0.5518957656225696,0.42857142857142855,0.727891156462585,V2_recording
20,21,136,0.5632646357368742,0.0,0.5272108843537414,V2_recording
20,21,137,0.5795546384687548,0.07142857142857142,0.6258503401360545,V2_recording
20,21,138,0.5677767561065757,0.07142857142857142,0.5986394557823128,V2_recording
20,21,139,0.5625790003631264,0.14285714285714285,0.6394557823129252,V2_recording
20,21,140,0.5633285407678323,0.0,0.5510204081632654,V2_recording
20,21,141,0.5673443262549925,0.0,0.554421768707483,V2_recording
20,21,142,0.5929120467876886,0.0,0.6326530612244898,V2_recording
20,21,143,0.5644400980499535,0.14285714285714285,0.6326530612244898,V2_recording
20,21,144,0.6109901984108806,0.0,0.6326530612244897,V2_recording
20,21,145,0.6003990593156838,0.07142857142857142,0.7108843537414966,V2_recording
20,21,146,0.5653728529465671,0.07142857142857142,0.5748299319727891,V2_recording
20,21,147,0.5602460081601474,0.21428571428571427,0.5986394557823129,V2_recording
20,21,148,0.5850631514501129,0.0,0.6054421768707483,V2_recording
20,21,149,0.5606691661983924,0.2857142857142857,0.6870748299319729,V2_recording
40,42,0,0.5937872722093728,0.07142857142857142,0.6173469387755102,V2_recording
40,42,1,0.5937392963561856,0.0,0.6054421768707483,V2_recording
40,42,2,0.6153137794782698,0.0,0.629251700680272,V2_recording
40,42,3,0.6061971039443921,0.0,0.6598639455782314,V2_recording
40,42,4,0.6117335176155642,0.0,0.7159863945578231,V2_recording
40,42,5,0.6318821032298602,0.07142857142857142,0.7482993197278912,V2_recording
40,42,6,0.591518818080372,0.07142857142857142,0.6122448979591837,V2_recording
40,42,7,0.5783851978943282,0.21428571428571427,0.6564625850340136,V2_recording
40,42,8,0.5746778563953026,0.0,0.596938775510204,V2_recording
40,42,9,0.5958303526382788,0.0,0.6326530612244898,V2_recording
40,42,10,0.5951425030070041,0.0,0.5935374149659864,V2_recording
40,42,11,0.5806652814870809,0.0,0.6513605442176872,V2_recording
40,42,12,0.6035815161396397,0.0,0.6292517006802721,V2_recording
40,42,13,0.5890719418849752,0.14285714285714285,0.6343537414965988,V2_recording
40,42,14,0.5991936265621834,0.0,0.6105442176870748,V2_recording
40,42,15,0.6077521376730608,0.0,0.6785714285714287,V2_recording
40,42,16,0.5890559415761297,0.07142857142857142,0.6360544217687075,V2_recording
40,42,17,0.6200489856174837,0.0,0.6751700680272109,V2_recording
40,42,18,0.5799472504517243,0.07142857142857142,0.5646258503401361,V2_recording
40,42,19,0.5981096921193874,0.0,0.6666666666666667,V2_recording
40,42,20,0.6157013211038166,0.07142857142857142,0.7227891156462586,V2_recording
40,42,21,0.5864387428137172,0.07142857142857142,0.6326530612244898,V2_recording
40,42,22,0.6143769728053374,0.0,0.6564625850340136,V2_recording
40,42,23,0.5883978491185033,0.0,0.5986394557823129,V2_recording
40,42,24,0.6546943605764832,0.0,0.7346938775510206,V2_recording
40,42,25,0.5998298622529938,0.07142857142857142,0.6683673469387755,V2_recording
40,42,26,0.5727422779669343,0.14285714285714285,0.5901360544217688,V2_recording
40,42,27,0.5974049931557343,0.0,0.630952380952381,V2_recording
40,42,28,0.6257209831215756,0.0,0.761904761904762,V2_recording
40,42,29,0.6468532915276327,0.0,0.8078231292517007,V2_recording
40,42,30,0.6274796368339144,0.0,0.7057823129251702,V2_recording
40,42,31,0.5840780940252629,0.07142857142857142,0.6632653061224489,V2_recording
40,42,32,0.639642895292473,0.0,0.7312925170068028,V2_recording
40,42,33,0.5823573521234583,0.0,0.5663265306122448,V2_recording
40,42,34,0.6138769124784016,0.0,0.6258503401360543,V2_recording
40,42,35,0.5989993350735807,0.0,0.6751700680272109,V2_recording
40,42,36,0.613627233689478,0.0,0.7006802721088435,V2_recording
40,42,37,0.6013951233984589,0.0,0.6292517006802721,V2_recording
40,42,38,0.6066770555055592,0.0,0.6156462585034014,V2_recording
40,42,39,0.5987156797122826,0.21428571428571427,0.7346938775510204,V2_recording
40,42,40,0.6352171266013138,0.0,0.7261904761904763,V2_recording
40,42,41,0.5975481380932943,0.0,0.6343537414965988,V2_recording
40,42,42,0.6162415240099031,0.07142857142857142,0.6836734693877552,V2_recording
40,42,43,0.5899415489925557,0.0,0.5816326530612246,V2_recording
40,42,44,0.6049171954008407,0.07142857142857142,0.6581632653061226,V2_recording
40,42,45,0.6221125870430709,0.0,0.6870748299319729,V2_recording
40,42,46,0.5976287765962935,0.0,0.6258503401360543,V2_recording
40,42,47,0.6258473602882852,0.0,0.7074829931972789,V2_recording
40,42,48,0.6010407789450476,0.0,0.6071428571428571,V2_recording
40,42,49,0.5896260259429011,0.14285714285714285,0.6122448979591837,V2_recording
40,42,50,0.5929919200077086,0.07142857142857142,0.6513605442176871,V2_recording
40,42,51,0.5975218512261328,0.0,0.6802721088435374,V2_recording
40,42,52,0.6164796970271055,0.07142857142857142,0.7125850340136054,V2_recording
40,42,53,0.5897587194613634,0.2857142857142857,0.7006802721088435,V2_recording
40,42,54,0.6183918073979017,0.07142857142857142,0.6904761904761905,V2_recording
40,42,55,0.6067647968610128,0.0,0.6241496598639455,V2_recording
40,42,56,0.6189856144601973,0.0,0.6870748299319729,V2_recording
40,42,57,0.5859893824509677,0.07142857142857142,0.6479591836734694,V2_recording
40,42,58,0.5867857912970128,0.14285714285714285,0.7397959183673469,V2_recording
40,42,59,0.6080061861794871,0.0,0.7108843537414967,V2_recording
40,42,60,0.602478534991699,0.0,0.6615646258503401,V2_recording
40,42,61,0.5998667810793575,0.0,0.6190476190476192,V2_recording
40,42,62,0.5786473028546544,0.14285714285714285,0.5935374149659863,V2_recording
40,42,63,0.5924214195694794,0.21428571428571427,0.6700680272108842,V2_recording
40,42,64,0.5886963130417693,0.2857142857142857,0.7159863945578231,V2_recording
40,42,65,0.5934118352568906,0.07142857142857142,0.6564625850340136,V2_recording
40,42,66,0.5814014212443553,0.07142857142857142,0.5918367346938778,V2_recording
40,42,67,0.583249948113037,0.14285714285714285,0.70578231292517,V2_recording
40,42,68,0.5919129838953182,0.0,0.6003401360544217,V2_recording
40,42,69,0.6232052166593554,0.0,0.804421768707483,V2_recording
40,42,70,0.6307553686273806,0.0,0.7431972789115647,V2_recording
40,42,71,0.6307287304606337,0.0,0.6887755102040817,V2_recording
40,42,72,0.6116685025258196,0.0,0.6921768707482994,V2_recording
40,42,73,0.5956771238408706,0.07142857142857142,0.6649659863945578,V2_recording
40,42,74,0.6039908925716221,0.0,0.596938775510204,V2_recording
40,42,75,0.6075435905910112,0.07142857142857142,0.6683673469387756,V2_recording
40,42,76,0.5912410828450849,0.07142857142857142,0.6241496598639457,V2_recording
40,42,77,0.5873725382672411,0.0,0.6564625850340136,V2_recording
40,42,78,0.6007653022690819,0.2857142857142857,0.7755102040816327,V2_recording
40,42,79,0.5809795766512745,0.07142857142857142,0.6037414965986395,V2_recording
40,42,80,0.6082989091141096,0.0,0.6071428571428573,V2_recording
40,42,81,0.6174864898168098,0.07142857142857142,0.6938775510204082,V2_recording
40,42,82,0.6200844599637003,0.0,0.6564625850340137,V2_recording
40,42,83,0.599847886075343,0.0,0.6479591836734695,V2_recording
40,42,84,0.5907669115206333,0.21428571428571427,0.7108843537414966,V2_recording
40,42,85,0.5868606698467485,0.0,0.5986394557823129,V2_recording
40,42,86,0.5860684835640142,0.0,0.5782312925170068,V2_recording
40,42,87,0.5888268704092132,0.0,0.630952380952381,V2_recording
40,42,88,0.6005195506801648,0.07142857142857142,0.6853741496598639,V2_recording
40,42,89,0.6062877001685034,0.07142857142857142,0.7040816326530612,V2_recording
40,42,90,0.6012098373602494,0.0,0.6717687074829932,V2_recording
40,42,91,0.6525965177892576,0.0,0.7227891156462585,V2_recording
40,42,92,0.5969209510932645,0.0,0.6173469387755103,V2_recording
40,42,93,0.5989563384095042,0.21428571428571427,0.7176870748299321,V2_recording
40,42,94,0.5938373222753908,0.0,0.6258503401360543,V2_recording
40,42,95,0.6566925208485705,0.0,0.7414965986394558,V2_recording
40,42,96,0.5979228597448198,0.0,0.6122448979591837,V2_recording
40,42,97,0.5819051075887708,0.0,0.6275510204081634,V2_recording
40,42,98,0.6114474477522095,0.0,0.664965986394558,V2_recording
40,42,99,0.5902062268033765,0.0,0.5952380952380951,V2_recording
40,42,100,0.5980029379737066,0.0,0.641156462585034,V2_recording
40,42,101,0.600589917021446,0.0,0.6377551020408163,V2_recording
40,42,102,0.606751424454344,0.07142857142857142,0.6649659863945578,V2_recording
40,42,103,0.6266882437020858,0.0,0.6921768707482993,V2_recording
40,42,104,0.5910875337376202,0.0,0.6479591836734694,V2_recording
40,42,105,0.5933921594903724,0.07142857142857142,0.6071428571428571,V2_recording
40,42,106,0.5866108262690257,0.14285714285714285,0.6785714285714286,V2_recording
40,42,107,0.564835490328084,0.2857142857142857,0.7329931972789117,V2_recording
40,42,108,0.6043199060045579,0.0,0.6564625850340136,V2_recording
40,42,109,0.6321108403707165,0.0,0.6751700680272109,V2_recording
40,42,110,0.6145426388325,0.0,0.6819727891156463,V2_recording
40,42,111,0.5981336315034765,0.0,0.6326530612244898,V2_recording
40,42,112,0.5854362338152218,0.14285714285714285,0.6088435374149661,V2_recording
40,42,113,0.5978179780825326,0.0,0.6105442176870747,V2_recording
40,42,114,0.603657012305854,0.0,0.6819727891156463,V2_recording
40,42,115,0.5923635173499201,0.07142857142857142,0.6904761904761906,V2_recording
40,42,116,0.6066439634320185,0.07142857142857142,0.6666666666666667,V2_recording
40,42,117,0.583792251142382,0.07142857142857142,0.5833333333333333,V2_recording
40,42,118,0.6112279146197463,0.07142857142857142,0.7074829931972789,V2_recording
40,42,119,0.6063736395009464,0.0,0.6479591836734695,V2_recording
40,42,120,0.5928459290314346,0.0,0.5425170068027211,V2_recording
40,42,121,0.6059176192613251,0.07142857142857142,0.6768707482993197,V2_recording
40,42,122,0.6315986953324316,0.07142857142857142,0.7653061224489796,V2_recording
40,42,123,0.6208544953080902,0.0,0.6921768707482993,V2_recording
40,42,124,0.6273111183811826,0.14285714285714285,0.7619047619047619,V2_recording
40,42,125,0.6132338835811066,0.0,0.6224489795918366,V2_recording
40,42,126,0.602408809014889,0.0,0.6496598639455782,V2_recording
40,42,127,0.5750325443220846,0.07142857142857142,0.5986394557823128,V2_recording
40,42,128,0.5934002018809359,0.0,0.5561224489795918,V2_recording
40,42,129,0.5995665393886039,0.14285714285714285,0.7108843537414966,V2_recording
40,42,130,0.5753419897019851,0.2857142857142857,0.6037414965986395,V2_recording
40,42,131,0.5756581654391805,0.2857142857142857,0.6785714285714286,V2_recording
40,42,132,0.5847882982028637,0.0,0.630952380952381,V2_recording
40,42,133,0.6004590013918366,0.0,0.6343537414965986,V2_recording
40,42,134,0.5935493601452667,0.14285714285714285,0.7125850340136053,V2_recording
40,42,135,0.6002191036304956,0.07142857142857142,0.6683673469387755,V2_recording
40,42,136,0.5976194976347138,0.0,0.6071428571428573,V2_recording
40,42,137,0.5793864655902935,0.0,0.6003401360544218,V2_recording
40,42,138,0.6248312057761524,0.0,0.7108843537414966,V2_recording
40,42,139,0.5936057917286489,0.21428571428571427,0.7329931972789117,V2_recording
40,42,140,0.6086418476233236,0.0,0.6938775510204084,V2_recording
40,42,141,0.6340129362344996,0.07142857142857142,0.7414965986394558,V2_recording
40,42,142,0.6224172023327775,0.0,0.6394557823129253,V2_recording
40,42,143,0.6054440235298585,0.07142857142857142,0.6717687074829933,V2_recording
40,42,144,0.6394547616315063,0.0,0.7091836734693879,V2_recording
40,42,145,0.6057938551514721,0.0,0.620748299319728,V2_recording
40,42,146,0.5821071401225987,0.07142857142857142,0.6377551020408162,V2_recording
40,42,147,0.5794425172533268,0.14285714285714285,0.6292517006802721,V2_recording
40,42,148,0.6534449601354272,0.0,0.7244897959183675,V2_recording
40,42,149,0.5958881291442487,0.0,0.6292517006802723,V2_recording
80,84,0,0.5953292192728641,0.07142857142857142,0.641156462585034,V2_recording
80,84,1,0.6115173886343954,0.0,0.6930272108843539,V2_recording
80,84,2,0.616597193763695,0.0,0.6666666666666666,V2_recording
80,84,3,0.6008238462602498,0.07142857142857142,0.6581632653061222,V2_recording
80,84,4,0.5948793623632375,0.07142857142857142,0.6224489795918368,V2_recording
80,84,5,0.5944445684907229,0.07142857142857142,0.663265306122449,V2_recording
80,84,6,0.6171093347884092,0.0,0.66156462585034,V2_recording
80,84,7,0.5817260353199145,0.07142857142857142,0.6717687074829932,V2_recording
80,84,8,0.6051580356596461,0.07142857142857142,0.6717687074829932,V2_recording
80,84,9,0.5877997008780176,0.07142857142857142,0.6632653061224489,V2_recording
80,84,10,0.6263298329696635,0.0,0.7380952380952381,V2_recording
80,84,11,0.5746848481677856,0.42857142857142855,0.6938775510204082,V2_recording
80,84,12,0.6019376896153906,0.0,0.6743197278911565,V2_recording
80,84,13,0.6010989346045894,0.0,0.6113945578231291,V2_recording
80,84,14,0.5900925569246948,0.07142857142857142,0.6335034013605442,V2_recording
80,84,15,0.5806547088180762,0.14285714285714285,0.6845238095238095,V2_recording
80,84,16,0.5975954646250315,0.07142857142857142,0.6556122448979592,V2_recording
80,84,17,0.5912670891002894,0.0,0.6181972789115647,V2_recording
80,84,18,0.6085699175929229,0.07142857142857142,0.7168367346938778,V2_recording
80,84,19,0.5959831541103313,0.07142857142857142,0.6624149659863946,V2_recording
80,84,20,0.6092847821985719,0.07142857142857142,0.6658163265306124,V2_recording
80,84,21,0.6118665386571367,0.0,0.657312925170068,V2_recording
80,84,22,0.61519200178889,0.07142857142857142,0.6369047619047619,V2_recording
80,84,23,0.5916035068722869,0.0,0.6598639455782314,V2_recording
80,84,24,0.5988222922118941,0.0,0.6267006802721088,V2_recording
80,84,25,0.5872825935590604,0.21428571428571427,0.6692176870748299,V2_recording
80,84,26,0.6241057141747837,0.0,0.6879251700680272,V2_recording
80,84,27,0.6062087298037788,0.07142857142857142,0.7074829931972788,V2_recording
80,84,28,0.6248573799944824,0.0,0.6641156462585035,V2_recording
80,84,29,0.6067590710610987,0.07142857142857142,0.6607142857142857,V2_recording
80,84,30,0.6145318290814978,0.0,0.7176870748299319,V2_recording
80,84,31,0.6081485906515164,0.0,0.6488095238095238,V2_recording
80,84,32,0.6275970755734696,0.0,0.6870748299319728,V2_recording
80,84,33,0.6148342343089759,0.07142857142857142,0.7414965986394557,V2_recording
80,84,34,0.5998615984750602,0.07142857142857142,0.7032312925170068,V2_recording
80,84,35,0.5931495845099047,0.14285714285714285,0.7032312925170068,V2_recording
80,84,36,0.6107398531226448,0.0,0.6743197278911565,V2_recording
80,84,37,0.624969438915413,0.0,0.6556122448979592,V2_recording
80,84,38,0.6103532113534329,0.07142857142857142,0.7083333333333331,V2_recording
80,84,39,0.6318285700609073,0.0,0.7134353741496599,V2_recording
80,84,40,0.6034859524521737,0.07142857142857142,0.6675170068027211,V2_recording
80,84,41,0.594274329923422,0.07142857142857142,0.6420068027210885,V2_recording
80,84,42,0.6019889858701539,0.14285714285714285,0.6734693877551019,V2_recording
80,84,43,0.586722818785117,0.14285714285714285,0.7032312925170069,V2_recording
80,84,44,0.5942964452840194,0.14285714285714285,0.648809523809524,V2_recording
80,84,45,0.5981909662564732,0.14285714285714285,0.7049319727891158,V2_recording
80,84,46,0.6126091828802667,0.07142857142857142,0.6955782312925171,V2_recording
80,84,47,0.6166544915717099,0.0,0.66156462585034,V2_recording
80,84,48,0.6115059507043519,0.07142857142857142,0.6632653061224489,V2_recording
80,84,49,0.6018653065537626,0.0,0.7066326530612245,V2_recording
80,84,50,0.6223572052213187,0.0,0.6870748299319729,V2_recording
80,84,51,0.6380097008694029,0.0,0.6938775510204083,V2_recording
80,84,52,0.6181295919860893,0.0,0.6641156462585035,V2_recording
80,84,53,0.5918894079239414,0.0,0.6113945578231293,V2_recording
80,84,54,0.5911325022517989,0.07142857142857142,0.6700680272108844,V2_recording
80,84,55,0.6201250954586545,0.07142857142857142,0.6921768707482993,V2_recording
80,84,56,0.6092846901244577,0.07142857142857142,0.7176870748299319,V2_recording
80,84,57,0.5939763569064985,0.07142857142857142,0.6326530612244897,V2_recording
80,84,58,0.5820517405485337,0.07142857142857142,0.6122448979591837,V2_recording
80,84,59,0.6108652370810553,0.07142857142857142,0.7074829931972789,V2_recording
80,84,60,0.6385794546722413,0.0,0.7355442176870749,V2_recording
80,84,61,0.5888461694630841,0.14285714285714285,0.66156462585034,V2_recording
80,84,62,0.5965246412887484,0.07142857142857142,0.6675170068027211,V2_recording
80,84,63,0.599041520803018,0.07142857142857142,0.6760204081632654,V2_recording
80,84,64,0.6010392108967517,0.07142857142857142,0.6232993197278912,V2_recording
80,84,65,0.6144191391487653,0.07142857142857142,0.66156462585034,V2_recording
80,84,66,0.6108614402252414,0.0,0.6760204081632654,V2_recording
80,84,67,0.6362597272436582,0.0,0.6726190476190478,V2_recording
80,84,68,0.5772906957198571,0.14285714285714285,0.6513605442176872,V2_recording
80,84,69,0.5981130385069611,0.07142857142857142,0.6275510204081632,V2_recording
80,84,70,0.6202658240748716,0.07142857142857142,0.7176870748299321,V2_recording
80,84,71,0.6053315226998308,0.07142857142857142,0.6785714285714286,V2_recording
80,84,72,0.6084654842079901,0.07142857142857142,0.6930272108843536,V2_recording
80,84,73,0.62989170663369,0.0,0.6887755102040817,V2_recording
80,84,74,0.6218195612416892,0.0,0.7023809523809524,V2_recording
80,84,75,0.6049782810876586,0.14285714285714285,0.70578231292517,V2_recording
80,84,76,0.6130444804433778,0.0,0.6913265306122449,V2_recording
80,84,77,0.5829617305337381,0.07142857142857142,0.6343537414965985,V2_recording
80,84,78,0.6353534329950451,0.0,0.7933673469387753,V2_recording
80,84,79,0.61563578022032,0.0,0.6675170068027211,V2_recording
80,84,80,0.5960964219567123,0.0,0.6181972789115647,V2_recording
80,84,81,0.6013337452571091,0.0,0.6479591836734694,V2_recording
80,84,82,0.5974879310602044,0.07142857142857142,0.6488095238095238,V2_recording
80,84,83,0.5946411277024001,0.07142857142857142,0.6428571428571429,V2_recording
80,84,84,0.592844710685396,0.07142857142857142,0.6326530612244898,V2_recording
80,84,85,0.6029582328165277,0.07142857142857142,0.6709183673469388,V2_recording
80,84,86,0.6222507429430094,0.0,0.657312925170068,V2_recording
80,84,87,0.6060024265681292,0.0,0.6845238095238095,V2_recording
80,84,88,0.5931161770487956,0.07142857142857142,0.6258503401360545,V2_recording
80,84,89,0.6038659117649636,0.14285714285714285,0.6828231292517007,V2_recording
80,84,90,0.6089831745790707,0.07142857142857142,0.6845238095238093,V2_recording
80,84,91,0.5882836118981333,0.21428571428571427,0.6802721088435375,V2_recording
80,84,92,0.6139124020580756,0.07142857142857142,0.727891156462585,V2_recording
80,84,93,0.6249197340363813,0.0,0.7363945578231291,V2_recording
80,84,94,0.6009999360406588,0.07142857142857142,0.6760204081632653,V2_recording
80,84,95,0.6250511574766036,0.07142857142857142,0.7363945578231291,V2_recording
80,84,96,0.5924055032306751,0.14285714285714285,0.6666666666666667,V2_recording
80,84,97,0.586370151351989,0.07142857142857142,0.6335034013605442,V2_recording
80,84,98,0.6173976960973367,0.07142857142857142,0.7636054421768707,V2_recording
80,84,99,0.6115589130052439,0.0,0.6887755102040815,V2_recording
80,84,100,0.6009827791089196,0.07142857142857142,0.6726190476190476,V2_recording
80,84,101,0.593986028469265,0.07142857142857142,0.7185374149659863,V2_recording
80,84,102,0.6276148595549991,0.0,0.711734693877551,V2_recording
80,84,103,0.6137707030291171,0.0,0.6879251700680271,V2_recording
80,84,104,0.5941975056881547,0.07142857142857142,0.6802721088435374,V2_recording
80,84,105,0.5991975307640212,0.07142857142857142,0.6998299319727892,V2_recording
80,84,106,0.6220029673820263,0.07142857142857142,0.7406462585034014,V2_recording
80,84,107,0.5894058388202317,0.07142857142857142,0.6479591836734694,V2_recording
80,84,108,0.6243778435387844,0.07142857142857142,0.7261904761904763,V2_recording
80,84,109,0.6144806992591197,0.0,0.6377551020408162,V2_recording
80,84,110,0.6051678414348156,0.07142857142857142,0.6828231292517006,V2_recording
80,84,111,0.6064909693850272,0.0,0.675170068027211,V2_recording
80,84,112,0.6297755936885431,0.0,0.6887755102040817,V2_recording
80,84,113,0.6134916798261854,0.07142857142857142,0.7202380952380952,V2_recording
80,84,114,0.5877071583579327,0.07142857142857142,0.6513605442176871,V2_recording
80,84,115,0.5977191327121296,0.14285714285714285,0.7091836734693879,V2_recording
80,84,116,0.5855846687568617,0.14285714285714285,0.6964285714285714,V2_recording
80,84,117,0.6379459462158155,0.0,0.7329931972789117,V2_recording
80,84,118,0.592203149798431,0.07142857142857142,0.6258503401360543,V2_recording
80,84,119,0.6340820189262669,0.0,0.7372448979591837,V2_recording
80,84,120,0.5957935427904862,0.07142857142857142,0.6428571428571427,V2_recording
80,84,121,0.6034860903640981,0.0,0.6666666666666666,V2_recording
80,84,122,0.6088855400875639,0.0,0.6709183673469389,V2_recording
80,84,123,0.6065985230819605,0.21428571428571427,0.7108843537414966,V2_recording
80,84,124,0.6177605285930357,0.07142857142857142,0.6989795918367347,V2_recording
80,84,125,0.5994300092910592,0.07142857142857142,0.7049319727891158,V2_recording
80,84,126,0.6022717357302756,0.0,0.6692176870748298,V2_recording
80,84,127,0.5993074130021164,0.14285714285714285,0.6658163265306122,V2_recording
80,84,128,0.6282871903380254,0.0,0.7108843537414966,V2_recording
80,84,129,0.6034992673379331,0.0,0.6709183673469388,V2_recording
80,84,130,0.5888098157716766,0.07142857142857142,0.6352040816326531,V2_recording
80,84,131,0.5797965678043862,0.14285714285714285,0.6301020408163265,V2_recording
80,84,132,0.5983998991879507,0.07142857142857142,0.6522108843537415,V2_recording
80,84,133,0.5911380035641042,0.07142857142857142,0.6581632653061223,V2_recording
80,84,134,0.6248823929838105,0.0,0.7142857142857143,V2_recording
80,84,135,0.595603000773294,0.07142857142857142,0.6836734693877551,V2_recording
80,84,136,0.5844862892802564,0.21428571428571427,0.6624149659863946,V2_recording
80,84,137,0.6016958088926541,0.0,0.6445578231292517,V2_recording
80,84,138,0.60241887249332,0.07142857142857142,0.6598639455782314,V2_recording
80,84,139,0.6130356354188746,0.0,0.6717687074829932,V2_recording
80,84,140,0.6185659285324155,0.07142857142857142,0.7380952380952381,V2_recording
80,84,141,0.6021421081667708,0.0,0.6343537414965985,V2_recording
80,84,142,0.5904804057883413,0.07142857142857142,0.6343537414965985,V2_recording
80,84,143,0.6051058610084953,0.0,0.6488095238095237,V2_recording
80,84,144,0.6067244293281645,0.0,0.6394557823129251,V2_recording
80,84,145,0.5973191112328359,0.07142857142857142,0.6581632653061223,V2_recording
80,84,146,0.6120293627424308,0.0,0.6471088435374149,V2_recording
80,84,147,0.5977587895638297,0.07142857142857142,0.6743197278911565,V2_recording
80,84,148,0.6173400379293337,0.0,0.6981292517006803,V2_recording
80,84,149,0.6027164492900349,0.0,0.6760204081632654,V2_recording
160,161,0,0.6078979298807148,0.07142857142857142,0.6818988464951198,V2_recording
160,161,1,0.623374016057068,0.0,0.6836734693877552,V2_recording
160,161,2,0.6057769168210112,0.07142857142857142,0.7058562555456965,V2_recording
160,161,3,0.5915106605163241,0.07142857142857142,0.6433007985803016,V2_recording
160,161,4,0.6060461676861935,0.0,0.6867790594498667,V2_recording
160,161,5,0.6032003324387265,0.07142857142857142,0.665927240461402,V2_recording
160,161,6,0.6087585400650349,0.07142857142857142,0.6885536823425022,V2_recording
160,161,7,0.6124300005015829,0.07142857142857142,0.7169476486246672,V2_recording
160,161,8,0.6093277903238452,0.07142857142857142,0.7023070097604259,V2_recording
160,161,9,0.6195363605322032,0.0,0.6685891748003551,V2_recording
160,161,10,0.6070774312680143,0.07142857142857142,0.6628216503992902,V2_recording
160,161,11,0.6130828745389058,0.07142857142857142,0.6992014196983142,V2_recording
160,161,12,0.6189654222316184,0.07142857142857142,0.7160603371783497,V2_recording
160,161,13,0.6157138153227442,0.07142857142857142,0.6978704525288376,V2_recording
160,161,14,0.6071628931234072,0.0,0.6637089618456079,V2_recording
160,161,15,0.6094669291395234,0.07142857142857142,0.6668145519077197,V2_recording
160,161,16,0.6109697918783678,0.07142857142857142,0.7284826974267967,V2_recording
160,161,17,0.6225967380317067,0.07142857142857142,0.7311446317657497,V2_recording
160,161,18,0.6091513188351615,0.07142857142857142,0.709849157054126,V2_recording
160,161,19,0.6171383481830774,0.07142857142857142,0.7000887311446318,V2_recording
160,161,20,0.6115397525231769,0.07142857142857142,0.665483584738243,V2_recording
160,161,21,0.6004661947202178,0.07142857142857142,0.69698314108252,V2_recording
160,161,22,0.6073344551388596,0.07142857142857142,0.7102928127772848,V2_recording
160,161,23,0.6224370207467638,0.07142857142857142,0.728039041703638,V2_recording
160,161,24,0.5955591947056165,0.07142857142857142,0.6699201419698315,V2_recording
160,161,25,0.6062722777690166,0.07142857142857142,0.6756876663708963,V2_recording
160,161,26,0.6242088225825453,0.07142857142857142,0.6836734693877551,V2_recording
160,161,27,0.6315437291048144,0.07142857142857142,0.7324755989352261,V2_recording
160,161,28,0.6143266621550221,0.07142857142857142,0.7094055013309671,V2_recording
160,161,29,0.6111848270204829,0.07142857142857142,0.6965394853593612,V2_recording
160,161,30,0.6066438489027626,0.07142857142857142,0.6796805678793255,V2_recording
160,161,31,0.626008916016423,0.14285714285714285,0.7604259094942325,V2_recording
160,161,32,0.6109389366735566,0.07142857142857142,0.7102928127772847,V2_recording
160,161,33,0.6090956603547463,0.0,0.6490683229813664,V2_recording
160,161,34,0.6239607420447073,0.07142857142857142,0.69698314108252,V2_recording
160,161,35,0.6145545989515113,0.07142857142857142,0.6641526175687665,V2_recording
160,161,36,0.6177860352020175,0.0,0.6894409937888198,V2_recording
160,161,37,0.6126531139538371,0.07142857142857142,0.6845607808340726,V2_recording
160,161,38,0.5962669710717011,0.07142857142857142,0.6619343389529725,V2_recording
160,161,39,0.610859527665361,0.07142857142857142,0.7040816326530612,V2_recording
160,161,40,0.6026980705667452,0.07142857142857142,0.7067435669920142,V2_recording
160,161,41,0.6083025476969538,0.07142857142857142,0.6894409937888201,V2_recording
160,161,42,0.6224505612601033,0.0,0.7094055013309671,V2_recording
160,161,43,0.6125120161179818,0.07142857142857142,0.69698314108252,V2_recording
160,161,44,0.6012191789041524,0.0,0.6721384205856255,V2_recording
160,161,45,0.6188352928361501,0.0,0.6765749778172138,V2_recording
160,161,46,0.6128050908647167,0.07142857142857142,0.6867790594498668,V2_recording
160,161,47,0.6229073082483296,0.07142857142857142,0.707187222715173,V2_recording
160,161,48,0.6252172994658342,0.0,0.6992014196983141,V2_recording
160,161,49,0.6087372640624513,0.07142857142857142,0.738243123336291,V2_recording
160,161,50,0.6084924182160905,0.0,0.6566104702750666,V2_recording
160,161,51,0.6157685008591028,0.0,0.7027506654835847,V2_recording
160,161,52,0.6050336369652486,0.07142857142857142,0.6850044365572316,V2_recording
160,161,53,0.6195184300686699,0.07142857142857142,0.7275953859804792,V2_recording
160,161,54,0.6098286316212306,0.07142857142857142,0.7129547471162379,V2_recording
160,161,55,0.6074927553442027,0.07142857142857142,0.6938775510204083,V2_recording
160,161,56,0.6262025301543932,0.07142857142857142,0.6925465838509318,V2_recording
160,161,57,0.609615047393875,0.07142857142857142,0.699645075421473,V2_recording
160,161,58,0.6096275758498925,0.07142857142857142,0.6898846495119787,V2_recording
160,161,59,0.5998347333971218,0.14285714285714285,0.7116237799467614,V2_recording
160,161,60,0.6180084880044059,0.07142857142857142,0.7413487133984027,V2_recording
160,161,61,0.6059328183733519,0.0,0.6734693877551019,V2_recording
160,161,62,0.605209159079573,0.21428571428571427,0.7275953859804793,V2_recording
160,161,63,0.6064437474724795,0.14285714285714285,0.7218278615794143,V2_recording
160,161,64,0.5975712273159797,0.07142857142857142,0.6566104702750666,V2_recording
160,161,65,0.6307745425723817,0.07142857142857142,0.6761313220940549,V2_recording
160,161,66,0.6057751881955522,0.07142857142857142,0.6606033717834959,V2_recording
160,161,67,0.5965769048075156,0.14285714285714285,0.6898846495119788,V2_recording
160,161,68,0.6340753053727326,0.0,0.7382431233362912,V2_recording
160,161,69,0.6181142418870901,0.0,0.7111801242236025,V2_recording
160,161,70,0.6151573410949013,0.0,0.6876663708961844,V2_recording
160,161,71,0.6063679575336266,0.07142857142857142,0.6850044365572316,V2_recording
160,161,72,0.6036959261620976,0.07142857142857142,0.6748003549245783,V2_recording
160,161,73,0.6169911586855368,0.07142857142857142,0.7000887311446318,V2_recording
160,161,74,0.6152905643799902,0.07142857142857142,0.6854480922803904,V2_recording
160,161,75,0.6136321729080417,0.0,0.759094942324756,V2_recording
160,161,76,0.6136985789754295,0.07142857142857142,0.6650399290150844,V2_recording
160,161,77,0.5954737001718581,0.14285714285714285,0.6743566992014198,V2_recording
160,161,78,0.623325901180255,0.07142857142857142,0.7165039929015083,V2_recording
160,161,79,0.6091007725669203,0.0,0.6299911268855369,V2_recording
160,161,80,0.620595299150619,0.07142857142857142,0.6632653061224489,V2_recording
160,161,81,0.5941438648151988,0.07142857142857142,0.6761313220940551,V2_recording
160,161,82,0.6026414664205714,0.07142857142857142,0.6796805678793257,V2_recording
160,161,83,0.598332027945605,0.0,0.6699201419698314,V2_recording
160,161,84,0.5926784247641522,0.07142857142857142,0.6770186335403726,V2_recording
160,161,85,0.6083325893824055,0.07142857142857142,0.7054125998225377,V2_recording
160,161,86,0.6038615551188717,0.07142857142857142,0.6641526175687666,V2_recording
160,161,87,0.5880731577291143,0.21428571428571427,0.6801242236024845,V2_recording
160,161,88,0.6065602487216718,0.07142857142857142,0.6814551907719608,V2_recording
160,161,89,0.6212207576076927,0.0,0.6770186335403726,V2_recording
160,161,90,0.6175188076527643,0.07142857142857142,0.7054125998225377,V2_recording
160,161,91,0.6235366733452833,0.0,0.7324755989352264,V2_recording
160,161,92,0.6088835503098518,0.07142857142857142,0.6805678793256432,V2_recording
160,161,93,0.6077882049847237,0.07142857142857142,0.6752440106477374,V2_recording
160,161,94,0.6139217104479114,0.07142857142857142,0.7249334516415262,V2_recording
160,161,95,0.5991275650580631,0.14285714285714285,0.6912156166814551,V2_recording
160,161,96,0.6086911589491587,0.07142857142857142,0.6659272404614018,V2_recording
160,161,97,0.6141638237562617,0.0,0.7098491570541261,V2_recording
160,161,98,0.6095917494391252,0.0,0.6606033717834959,V2_recording
160,161,99,0.6060824236590442,0.07142857142857142,0.7151730257320319,V2_recording
160,161,100,0.613544198467798,0.07142857142857142,0.6863354037267081,V2_recording
160,161,101,0.5933309755593263,0.07142857142857142,0.665927240461402,V2_recording
160,161,102,0.5985336677294737,0.07142857142857142,0.6574977817213842,V2_recording
160,161,103,0.6160868603405508,0.07142857142857142,0.7080745341614907,V2_recording
160,161,104,0.6175724445232857,0.07142857142857142,0.7071872227151731,V2_recording
160,161,105,0.603041011524141,0.07142857142857142,0.6739130434782609,V2_recording
160,161,106,0.6075660945845008,0.07142857142857142,0.6872227151730258,V2_recording
160,161,107,0.5961238057256705,0.14285714285714285,0.6677018633540373,V2_recording
160,161,108,0.5921334846823525,0.07142857142857142,0.6685891748003547,V2_recording
160,161,109,0.6049040778684739,0.07142857142857142,0.6783496007098491,V2_recording
160,161,110,0.6075698542273097,0.07142857142857142,0.6464063886424134,V2_recording
160,161,111,0.61679302269423,0.07142857142857142,0.7142857142857143,V2_recording
160,161,112,0.5988647623483604,0.07142857142857142,0.6805678793256432,V2_recording
160,161,113,0.6011815151920992,0.0,0.6823425022182786,V2_recording
160,161,114,0.6122854717254999,0.0,0.6570541259982254,V2_recording
160,161,115,0.6084132116159566,0.07142857142857142,0.6898846495119787,V2_recording
160,161,116,0.6103078791241556,0.07142857142857142,0.6978704525288376,V2_recording
160,161,117,0.6123663528707807,0.07142857142857142,0.7023070097604259,V2_recording
160,161,118,0.6103168631341658,0.07142857142857142,0.6801242236024845,V2_recording
160,161,119,0.6239502444468402,0.0,0.6614906832298136,V2_recording
160,161,120,0.6014123406064718,0.07142857142857142,0.6792369121561669,V2_recording
160,161,121,0.602940158424157,0.07142857142857142,0.6863354037267081,V2_recording
160,161,122,0.6129074573856061,0.07142857142857142,0.7018633540372672,V2_recording
160,161,123,0.62507716136201,0.0,0.6792369121561668,V2_recording
160,161,124,0.6141590006972257,0.07142857142857142,0.7142857142857144,V2_recording
160,161,125,0.6147262894851081,0.07142857142857142,0.7293700088731147,V2_recording
160,161,126,0.6063113701567752,0.14285714285714285,0.7213842058562554,V2_recording
160,161,127,0.618315439419973,0.0,0.6805678793256433,V2_recording
160,161,128,0.599066200358377,0.07142857142857142,0.6606033717834962,V2_recording
160,161,129,0.6211693359404152,0.0,0.6823425022182787,V2_recording
160,161,130,0.6340521305108928,0.07142857142857142,0.7249334516415261,V2_recording
160,161,131,0.6190699886324427,0.07142857142857142,0.7196095829636203,V2_recording
160,161,132,0.5982113552228652,0.07142857142857142,0.6574977817213842,V2_recording
160,161,133,0.6102590571382505,0.07142857142857142,0.725377107364685,V2_recording
160,161,134,0.6122910964103325,0.07142857142857142,0.6881100266193433,V2_recording
160,161,135,0.612434745737318,0.07142857142857142,0.7236024844720498,V2_recording
160,161,136,0.6081490818165393,0.07142857142857142,0.665927240461402,V2_recording
160,161,137,0.6082044726061032,0.14285714285714285,0.7165039929015083,V2_recording
160,161,138,0.6169055492882125,0.0,0.6934338952972494,V2_recording
160,161,139,0.6076805472931612,0.07142857142857142,0.686779059449867,V2_recording
160,161,140,0.6127970455844564,0.07142857142857142,0.6694764862466727,V2_recording
160,161,141,0.6118094231340642,0.07142857142857142,0.6650399290150844,V2_recording
160,161,142,0.6287224614253073,0.0,0.7071872227151729,V2_recording
160,161,143,0.611687913499498,0.07142857142857142,0.7280390417036381,V2_recording
160,161,144,0.6069123443823239,0.07142857142857142,0.691659272404614,V2_recording
160,161,145,0.6031236917476263,0.07142857142857142,0.676131322094055,V2_recording
160,161,146,0.6002641875133691,0.0,0.6610470275066548,V2_recording
160,161,147,0.6174576380987433,0.07142857142857142,0.7085181898846494,V2_recording
160,161,148,0.6107298865580261,0.07142857142857142,0.6796805678793257,V2_recording
160,161,149,0.6196972793907843,0.0,0.6992014196983142,V2_recording
320,322,0,0.6034359937986759,0.07142857142857142,0.6750221827861579,V2_recording
320,322,1,0.6318668468984113,0.0,0.7393522626441881,V2_recording
320,322,2,0.6210676770547081,0.07142857142857142,0.7116237799467615,V2_recording
320,322,3,0.6203160596079078,0.07142857142857142,0.7058562555456964,V2_recording
320,322,4,0.6173694498213661,0.07142857142857142,0.6892191659272404,V2_recording
320,322,5,0.6303498535414064,0.0,0.7149511978704526,V2_recording
320,322,6,0.6333254266242516,0.0,0.7107364685004437,V2_recording
320,322,7,0.6273593666859186,0.07142857142857142,0.704081632653061,V2_recording
320,322,8,0.6066163921051912,0.07142857142857142,0.6850044365572316,V2_recording
320,322,9,0.6258705585915275,0.0,0.6925465838509316,V2_recording
320,322,10,0.6013552570023557,0.07142857142857142,0.6759094942324755,V2_recording
320,322,11,0.603683688425765,0.07142857142857142,0.6985359361135759,V2_recording
320,322,12,0.6319604862029528,0.0,0.7125110913930789,V2_recording
320,322,13,0.6114986807068696,0.07142857142857142,0.7131765749778173,V2_recording
320,322,14,0.6074740845498046,0.07142857142857142,0.6936557231588287,V2_recording
320,322,15,0.6207516649962915,0.07142857142857142,0.6892191659272404,V2_recording
320,322,16,0.5972273864890373,0.07142857142857142,0.6728039041703638,V2_recording
320,322,17,0.6298341826303412,0.0,0.7089618456078084,V2_recording
320,322,18,0.6191766860141638,0.07142857142857142,0.7122892635314996,V2_recording
320,322,19,0.6285339051425629,0.07142857142857142,0.7129547471162379,V2_recording
320,322,20,0.5998011175371196,0.07142857142857142,0.7016415261756876,V2_recording
320,322,21,0.6252828386056922,0.07142857142857142,0.7100709849157054,V2_recording
320,322,22,0.6174548037460417,0.07142857142857142,0.665927240461402,V2_recording
320,322,23,0.6031182104801568,0.07142857142857142,0.7043034605146408,V2_recording
320,322,24,0.6183038339883054,0.07142857142857142,0.7040816326530612,V2_recording
320,322,25,0.610184537212475,0.07142857142857142,0.7322537710736469,V2_recording
320,322,26,0.6013374901704727,0.21428571428571427,0.7038598047914818,V2_recording
320,322,27,0.6085551728148793,0.07142857142857142,0.6679236912156166,V2_recording
320,322,28,0.6045088792548803,0.07142857142857142,0.6661490683229815,V2_recording
320,322,29,0.643934247971554,0.0,0.6989795918367347,V2_recording
320,322,30,0.6171246850910742,0.07142857142857142,0.6650399290150842,V2_recording
320,322,31,0.6113193634567998,0.07142857142857142,0.7116237799467615,V2_recording
320,322,32,0.6056308473024493,0.07142857142857142,0.6772404614019519,V2_recording
320,322,33,0.6021262825009281,0.07142857142857142,0.6952085181898846,V2_recording
320,322,34,0.6374577275386653,0.0,0.7220496894409937,V2_recording
320,322,35,0.6258348070826856,0.07142857142857142,0.6889973380656611,V2_recording
320,322,36,0.6107537788403647,0.07142857142857142,0.7107364685004438,V2_recording
320,322,37,0.6326144114861407,0.07142857142857142,0.7315882874889087,V2_recording
320,322,38,0.6138712318975752,0.07142857142857142,0.7200532386867791,V2_recording
320,322,39,0.6250688261701273,0.0,0.7338065661047027,V2_recording
320,322,40,0.63599909456472,0.0,0.7413487133984028,V2_recording
320,322,41,0.5993831275370067,0.14285714285714285,0.7005323868677907,V2_recording
320,322,42,0.6338676038830677,0.07142857142857142,0.7131765749778172,V2_recording
320,322,43,0.6277542834296881,0.0,0.7340283939662822,V2_recording
320,322,44,0.6231072904281152,0.07142857142857142,0.6852262644188111,V2_recording
320,322,45,0.6168238928203473,0.07142857142857142,0.715173025732032,V2_recording
320,322,46,0.6053699887069697,0.07142857142857142,0.6723602484472051,V2_recording
320,322,47,0.6173189370308879,0.07142857142857142,0.7129547471162377,V2_recording
320,322,48,0.6175262916906228,0.0,0.6783496007098491,V2_recording
320,322,49,0.6269759117080266,0.07142857142857142,0.7107364685004436,V2_recording
320,322,50,0.6261475677910088,0.0,0.6914374445430346,V2_recording
320,322,51,0.6250054975971371,0.07142857142857142,0.7384649511978704,V2_recording
320,322,52,0.6297835688465143,0.0,0.6936557231588288,V2_recording
320,322,53,0.6294370691157992,0.0,0.6938775510204083,V2_recording
320,322,54,0.5998652095441815,0.14285714285714285,0.6972049689440994,V2_recording
320,322,55,0.6256737785348357,0.07142857142857142,0.7304791481810115,V2_recording
320,322,56,0.618715357919584,0.07142857142857142,0.6974267968056787,V2_recording
320,322,57,0.6374557285663538,0.0,0.76131322094055,V2_recording
320,322,58,0.6277291516322623,0.07142857142857142,0.6929902395740904,V2_recording
320,322,59,0.6274875819339842,0.07142857142857142,0.7211623779946761,V2_recording
320,322,60,0.6136460199139684,0.07142857142857142,0.7078527062999113,V2_recording
320,322,61,0.6078539008235468,0.07142857142857142,0.6929902395740906,V2_recording
320,322,62,0.6199006730206502,0.07142857142857142,0.6954303460514641,V2_recording
320,322,63,0.6237193666420494,0.07142857142857142,0.694321206743567,V2_recording
320,322,64,0.6327516213934221,0.0,0.7322537710736468,V2_recording
320,322,65,0.6296035366944794,0.0,0.7371339840283939,V2_recording
320,322,66,0.6234719488641345,0.07142857142857142,0.6812333629103815,V2_recording
320,322,67,0.6149689486286252,0.07142857142857142,0.6681455190771961,V2_recording
320,322,68,0.617386944373866,0.07142857142857142,0.7016415261756878,V2_recording
320,322,69,0.6340499881379518,0.07142857142857142,0.7320319432120674,V2_recording
320,322,70,0.6409978117169044,0.0,0.7142857142857142,V2_recording
320,322,71,0.6262475428822352,0.0,0.7142857142857144,V2_recording
320,322,72,0.620016513702003,0.07142857142857142,0.7140638864241348,V2_recording
320,322,73,0.6227034315597616,0.07142857142857142,0.7173913043478262,V2_recording
320,322,74,0.6174962488852365,0.07142857142857142,0.6894409937888201,V2_recording
320,322,75,0.6166660234726008,0.07142857142857142,0.6980922803904172,V2_recording
320,322,76,0.6238155957807109,0.07142857142857142,0.6965394853593612,V2_recording
320,322,77,0.6099438583778841,0.07142857142857142,0.7027506654835848,V2_recording
320,322,78,0.6098204349617581,0.07142857142857142,0.668145519077196,V2_recording
320,322,79,0.6304467414034379,0.0,0.7062999112688553,V2_recording
320,322,80,0.6090427421318787,0.07142857142857142,0.6967613132209406,V2_recording
320,322,81,0.6225890656257783,0.07142857142857142,0.7173913043478262,V2_recording
320,322,82,0.624755913686992,0.07142857142857142,0.7058562555456965,V2_recording
320,322,83,0.6318915606882941,0.0,0.7069653948535936,V2_recording
320,322,84,0.6056194694136714,0.14285714285714285,0.7065217391304348,V2_recording
320,322,85,0.6304088830455687,0.07142857142857142,0.7136202307009761,V2_recording
320,322,86,0.6183513075944601,0.07142857142857142,0.6980922803904172,V2_recording
320,322,87,0.6125013433906633,0.07142857142857142,0.6972049689440992,V2_recording
320,322,88,0.618153584495154,0.07142857142857142,0.7131765749778172,V2_recording
320,322,89,0.5995294546155995,0.07142857142857142,0.6870008873114463,V2_recording
320,322,90,0.6354902903778551,0.0,0.7105146406388643,V2_recording
320,322,91,0.616670842165228,0.07142857142857142,0.6814551907719609,V2_recording
320,322,92,0.6092678498290836,0.07142857142857142,0.7326974267968057,V2_recording
320,322,93,0.6244480543184956,0.0,0.6847826086956523,V2_recording
320,322,94,0.6309332589451331,0.0,0.711401952085182,V2_recording
320,322,95,0.6248054718231076,0.07142857142857142,0.7147293700088729,V2_recording
320,322,96,0.6051156889149175,0.07142857142857142,0.6838952972493345,V2_recording
320,322,97,0.6183339298679938,0.0,0.6861135758651287,V2_recording
320,322,98,0.5932526990341317,0.14285714285714285,0.6759094942324756,V2_recording
320,322,99,0.612930631474893,0.07142857142857142,0.7116237799467614,V2_recording
320,322,100,0.601912219852113,0.07142857142857142,0.6683673469387754,V2_recording
320,322,101,0.6291790878135889,0.07142857142857142,0.751552795031056,V2_recording
320,322,102,0.6052399058293609,0.07142857142857142,0.7189440993788818,V2_recording
320,322,103,0.6155062920931976,0.07142857142857142,0.6779059449866904,V2_recording
320,322,104,0.6231686845827583,0.0,0.7016415261756875,V2_recording
320,322,105,0.6228539698017692,0.07142857142857142,0.7189440993788819,V2_recording
320,322,106,0.6194381478994664,0.07142857142857142,0.6914374445430347,V2_recording
320,322,107,0.6209148414272638,0.07142857142857142,0.7169476486246672,V2_recording
320,322,108,0.6282856684593207,0.07142857142857142,0.7222715173025732,V2_recording
320,322,109,0.6247150861081021,0.0,0.7060780834072761,V2_recording
320,322,110,0.622032033039412,0.07142857142857142,0.7260425909494234,V2_recording
320,322,111,0.6327094607443263,0.07142857142857142,0.7111801242236025,V2_recording
320,322,112,0.6222032310990744,0.0,0.699645075421473,V2_recording
320,322,113,0.6079981935089537,0.14285714285714285,0.717834960070985,V2_recording
320,322,114,0.6173216864724722,0.0,0.687888198757764,V2_recording
320,322,115,0.6124183650844746,0.14285714285714285,0.7406832298136646,V2_recording
320,322,116,0.6190224935375578,0.07142857142857142,0.6841171251109139,V2_recording
320,322,117,0.6138559288274515,0.07142857142857142,0.7282608695652174,V2_recording
320,322,118,0.6301654097072092,0.07142857142857142,0.7517746228926354,V2_recording
320,322,119,0.6105973647922919,0.07142857142857142,0.6923247559893523,V2_recording
320,322,120,0.61284899079662,0.07142857142857142,0.6960958296362023,V2_recording
320,322,121,0.6173864006732864,0.07142857142857142,0.7151730257320318,V2_recording
320,322,122,0.639347349345873,0.0,0.6960958296362023,V2_recording
320,322,123,0.6047219330196338,0.07142857142857142,0.6665927240461401,V2_recording
320,322,124,0.6144010095932643,0.07142857142857142,0.680346051464064,V2_recording
320,322,125,0.6388891581554009,0.0,0.7271517302573203,V2_recording
320,322,126,0.6077966669395062,0.07142857142857142,0.7018633540372671,V2_recording
320,322,127,0.6192969596700458,0.07142857142857142,0.7060780834072761,V2_recording
320,322,128,0.6247311555574033,0.0,0.7180567879325643,V2_recording
320,322,129,0.6193382911837818,0.07142857142857142,0.690550133096717,V2_recording
320,322,130,0.6224776544611293,0.0,0.6830079858030168,V2_recording
320,322,131,0.6138496348624969,0.07142857142857142,0.7020851818988465,V2_recording
320,322,132,0.6148917224875602,0.07142857142857142,0.7269299023957408,V2_recording
320,322,133,0.6253496485140209,0.07142857142857142,0.6992014196983142,V2_recording
320,322,134,0.600279169740872,0.07142857142857142,0.6976486246672581,V2_recording
320,322,135,0.6252248845323232,0.0,0.7153948535936113,V2_recording
320,322,136,0.6213029530389607,0.07142857142857142,0.709849157054126,V2_recording
320,322,137,0.619797413630531,0.0,0.710958296362023,V2_recording
320,322,138,0.6203587264831009,0.07142857142857142,0.7198314108251996,V2_recording
320,322,139,0.624239382139871,0.07142857142857142,0.721606033717835,V2_recording
320,322,140,0.6153895276059562,0.07142857142857142,0.707852706299911,V2_recording
320,322,141,0.6232798905900789,0.07142857142857142,0.7111801242236025,V2_recording
320,322,142,0.627567785960063,0.0,0.6992014196983142,V2_recording
320,322,143,0.6203464075261603,0.07142857142857142,0.7136202307009762,V2_recording
320,322,144,0.6189708843106733,0.07142857142857142,0.7158385093167704,V2_recording
320,322,145,0.6286156241772135,0.07142857142857142,0.6730257320319433,V2_recording
320,322,146,0.611284527584709,0.07142857142857142,0.6878881987577641,V2_recording
320,322,147,0.6273853887086086,0.0,0.7003105590062112,V2_recording
320,322,148,0.6228498262809192,0.0,0.6685891748003551,V2_recording
320,322,149,0.6163363691860948,0.07142857142857142,0.7040816326530612,V2_recording
640,644,0,0.626163810907657,0.0,0.6987577639751554,V2_recording
640,644,1,0.6131056758468402,0.07142857142857142,0.7030834072759539,V2_recording
640,644,2,0.6100125905582401,0.07142857142857142,0.7178349600709849,V2_recording
640,644,3,0.6185088770351438,0.07142857142857142,0.698425022182786,V2_recording
640,644,4,0.6133178475370925,0.07142857142857142,0.6804569653948535,V2_recording
640,644,5,0.6271897439650903,0.0,0.6892191659272404,V2_recording
640,644,6,0.6137614408685949,0.07142857142857142,0.7006433007985803,V2_recording
640,644,7,0.6236637079348867,0.0,0.7094055013309671,V2_recording
640,644,8,0.6164618997534951,0.0,0.6813442768411714,V2_recording
640,644,9,0.6182130187109044,0.07142857142857142,0.7030834072759539,V2_recording
640,644,10,0.6268077862616934,0.0,0.717058562555457,V2_recording
640,644,11,0.6227249288348373,0.07142857142857142,0.6987577639751553,V2_recording
640,644,12,0.6360433970353438,0.0,0.7455634427684118,V2_recording
640,644,13,0.6269512010206644,0.0,0.7045252883762201,V2_recording
640,644,14,0.6170195497132295,0.07142857142857142,0.7222715173025731,V2_recording
640,644,15,0.6227900250556161,0.07142857142857142,0.699977817213842,V2_recording
640,644,16,0.6214745436468654,0.07142857142857142,0.7062999112688555,V2_recording
640,644,17,0.6210432372753334,0.0,0.6885536823425022,V2_recording
640,644,18,0.6212463895320438,0.07142857142857142,0.7062999112688553,V2_recording
640,644,19,0.6126289496075821,0.14285714285714285,0.7165039929015086,V2_recording
640,644,20,0.6471972620442901,0.0,0.7450088731144632,V2_recording
640,644,21,0.6163337978490887,0.07142857142857142,0.6928793256433007,V2_recording
640,644,22,0.6126490139732123,0.07142857142857142,0.7294809228039042,V2_recording
640,644,23,0.6202108754068137,0.07142857142857142,0.7223824312333631,V2_recording
640,644,24,0.6167861551290937,0.07142857142857142,0.6954303460514639,V2_recording
640,644,25,0.623764382855827,0.0,0.6792369121561668,V2_recording
640,644,26,0.6209297242955878,0.07142857142857142,0.709849157054126,V2_recording
640,644,27,0.6025236383709526,0.14285714285714285,0.7515527950310558,V2_recording
640,644,28,0.601377883311447,0.07142857142857142,0.7091836734693876,V2_recording
640,644,29,0.6293113585188016,0.0,0.7400177462289262,V2_recording
640,644,30,0.6144964286882375,0.0,0.713620230700976,V2_recording
640,644,31,0.608247036649789,0.07142857142857142,0.6836734693877552,V2_recording
640,644,32,0.6260886260553646,0.07142857142857142,0.7173913043478259,V2_recording
640,644,33,0.6247488976724906,0.0,0.7191659272404616,V2_recording
640,644,34,0.6150462696681621,0.07142857142857142,0.70075421472937,V2_recording
640,644,35,0.6125036018544529,0.07142857142857142,0.6913265306122449,V2_recording
640,644,36,0.6207054353740703,0.07142857142857142,0.7105146406388643,V2_recording
640,644,37,0.603105008435859,0.07142857142857142,0.7039707187222713,V2_recording
640,644,38,0.6111605915496727,0.14285714285714285,0.7091836734693878,V2_recording
640,644,39,0.6051662709371111,0.07142857142857142,0.7128438331854482,V2_recording
640,644,40,0.6133056998282519,0.07142857142857142,0.7006433007985803,V2_recording
640,644,41,0.6398422626663613,0.0,0.7181677018633542,V2_recording
640,644,42,0.6232073915415064,0.07142857142857142,0.7043034605146407,V2_recording
640,644,43,0.6002899286679344,0.07142857142857142,0.6987577639751554,V2_recording
640,644,44,0.6115026367506617,0.07142857142857142,0.6862244897959184,V2_recording
640,644,45,0.6243211565113912,0.0,0.7190550133096718,V2_recording
640,644,46,0.6250579206024315,0.0,0.716282165039929,V2_recording
640,644,47,0.6309304025072311,0.0,0.7044143744454303,V2_recording
640,644,48,0.6184360415748809,0.07142857142857142,0.6917701863354038,V2_recording
640,644,49,0.601937254069096,0.0,0.7018633540372672,V2_recording
640,644,50,0.6296556666651748,0.0,0.6919920141969831,V2_recording
640,644,51,0.6111798325912925,0.07142857142857142,0.7029724933451643,V2_recording
640,644,52,0.603099477036623,0.07142857142857142,0.7019742679680568,V2_recording
640,644,53,0.6039377730639917,0.14285714285714285,0.7194986690328304,V2_recording
640,644,54,0.6210871247146486,0.07142857142857142,0.7157275953859805,V2_recording
640,644,55,0.627443838286554,0.0,0.7080745341614906,V2_recording
640,644,56,0.6271884461377738,0.07142857142857142,0.6917701863354039,V2_recording
640,644,57,0.6063237128826063,0.07142857142857142,0.7319210292812778,V2_recording
640,644,58,0.6159537019506545,0.07142857142857142,0.7003105590062111,V2_recording
640,644,59,0.6144359509691759,0.07142857142857142,0.717391304347826,V2_recording
640,644,60,0.5998812028001296,0.14285714285714285,0.7034161490683228,V2_recording
640,644,61,0.5987907948783637,0.07142857142857142,0.6834516415261758,V2_recording
640,644,62,0.6285582663069536,0.0,0.7074090505767524,V2_recording
640,644,63,0.6212692308586194,0.07142857142857142,0.7211623779946761,V2_recording
640,644,64,0.6009919087473792,0.07142857142857142,0.6903283052351374,V2_recording
640,644,65,0.6246449152920284,0.07142857142857142,0.692102928127773,V2_recording
640,644,66,0.6245672117149835,0.0,0.69698314108252,V2_recording
640,644,67,0.6184307342993005,0.14285714285714285,0.7108473824312334,V2_recording
640,644,68,0.619017168598842,0.0,0.6816770186335405,V2_recording
640,644,69,0.6267031269647823,0.0,0.71206743566992,V2_recording
640,644,70,0.6223307987354023,0.0,0.6948757763975155,V2_recording
640,644,71,0.6181506350322166,0.0,0.7101818988464952,V2_recording
640,644,72,0.6172085885426352,0.07142857142857142,0.7141748003549246,V2_recording
640,644,73,0.621294894648503,0.07142857142857142,0.7027506654835848,V2_recording
640,644,74,0.6280271094662104,0.0,0.7114019520851819,V2_recording
640,644,75,0.623890766356872,0.0,0.7199423247559894,V2_recording
640,644,76,0.6126269584806647,0.0,0.6931011535048803,V2_recording
640,644,77,0.623405439224654,0.07142857142857142,0.698868677905945,V2_recording
640,644,78,0.62275076156459,0.0,0.6876663708961847,V2_recording
640,644,79,0.6055296308951914,0.07142857142857142,0.6850044365572316,V2_recording
640,644,80,0.6144979461312092,0.07142857142857142,0.7017524401064774,V2_recording
640,644,81,0.6380258971532142,0.0,0.7298136645962733,V2_recording
640,644,82,0.6147230554440983,0.07142857142857142,0.703748890860692,V2_recording
640,644,83,0.6384634421482834,0.0,0.7332519964507542,V2_recording
640,644,84,0.6194745545978656,0.07142857142857142,0.7252661934338953,V2_recording
640,644,85,0.6187571834651109,0.0,0.7026397515527949,V2_recording
640,644,86,0.6451049244773848,0.0,0.7313664596273293,V2_recording
640,644,87,0.616515387096018,0.07142857142857142,0.6942102928127774,V2_recording
640,644,88,0.6262241871521764,0.0,0.7274844720496895,V2_recording
640,644,89,0.6250749538889041,0.0,0.7077417923691217,V2_recording
640,644,90,0.6246280453038263,0.0,0.7191659272404614,V2_recording
640,644,91,0.6057717256155736,0.07142857142857142,0.6963176574977819,V2_recording
640,644,92,0.623230574170719,0.0,0.7128438331854482,V2_recording
640,644,93,0.6125579153046274,0.14285714285714285,0.7066326530612245,V2_recording
640,644,94,0.6172597490762193,0.07142857142857142,0.6912156166814551,V2_recording
640,644,95,0.6197250204370228,0.07142857142857142,0.7031943212067435,V2_recording
640,644,96,0.5990001769675463,0.07142857142857142,0.6973158828748892,V2_recording
640,644,97,0.6203286464394342,0.0,0.7339174800354925,V2_recording
640,644,98,0.6267354606200365,0.0,0.7070763087843833,V2_recording
640,644,99,0.6388523403805364,0.0,0.7385758651286601,V2_recording
640,644,100,0.6265019795828447,0.07142857142857142,0.7078527062999113,V2_recording
640,644,101,0.611696834460659,0.07142857142857142,0.6842280390417035,V2_recording
640,644,102,0.6216969043157307,0.0,0.687888198757764,V2_recording
640,644,103,0.6383856437099374,0.0,0.7118456078083407,V2_recording
640,644,104,0.6204677218724822,0.07142857142857142,0.6987577639751553,V2_recording
640,644,105,0.6092193086622588,0.07142857142857142,0.6854480922803905,V2_recording
640,644,106,0.6133778895935732,0.07142857142857142,0.6800133096716946,V2_recording
640,644,107,0.6206065224531475,0.07142857142857142,0.7110692102928129,V2_recording
640,644,108,0.6047038594226426,0.07142857142857142,0.6879991126885537,V2_recording
640,644,109,0.5999094668487127,0.07142857142857142,0.6978704525288377,V2_recording
640,644,110,0.6330166584192656,0.0,0.7047471162377994,V2_recording
640,644,111,0.6229611651092051,0.0,0.6879991126885538,V2_recording
640,644,112,0.6161599375822864,0.07142857142857142,0.6909937888198757,V2_recording
640,644,113,0.6210670615629748,0.07142857142857142,0.7592058562555456,V2_recording
640,644,114,0.6251983199425231,0.07142857142857142,0.7168367346938777,V2_recording
640,644,115,0.6210568314463881,0.0,0.6868899733806566,V2_recording
640,644,116,0.6322897296983873,0.0,0.696650399290151,V2_recording
640,644,117,0.5949756839225141,0.14285714285714285,0.6903283052351376,V2_recording
640,644,118,0.6079892456616539,0.07142857142857142,0.6898846495119787,V2_recording
640,644,119,0.6231237663011615,0.0,0.7301464063886424,V2_recording
640,644,120,0.6047636313175917,0.07142857142857142,0.7017524401064773,V2_recording
640,644,121,0.6233676967845834,0.07142857142857142,0.7251552795031054,V2_recording
640,644,122,0.6276061381832315,0.07142857142857142,0.7251552795031057,V2_recording
640,644,123,0.6245520410670684,0.0,0.6868899733806566,V2_recording
640,644,124,0.6180218777576754,0.0,0.7190550133096716,V2_recording
640,644,125,0.6283638458079108,0.0,0.6985359361135759,V2_recording
640,644,126,0.6065541193831226,0.07142857142857142,0.6864463176574978,V2_recording
640,644,127,0.6042186613936203,0.07142857142857142,0.6878881987577641,V2_recording
640,644,128,0.6199264018648921,0.07142857142857142,0.7031943212067436,V2_recording
640,644,129,0.6292911522136688,0.0,0.702639751552795,V2_recording
640,644,130,0.6191515096537785,0.0,0.6954303460514639,V2_recording
640,644,131,0.6013501106519701,0.07142857142857142,0.6884427684117126,V2_recording
640,644,132,0.6165308493617551,0.07142857142857142,0.7131765749778172,V2_recording
640,644,133,0.6134346294303807,0.07142857142857142,0.7049689440993789,V2_recording
640,644,134,0.6260630545487845,0.07142857142857142,0.7161712511091392,V2_recording
640,644,135,0.6159874823433961,0.07142857142857142,0.6866681455190772,V2_recording
640,644,136,0.6156863239274072,0.0,0.7072981366459627,V2_recording
640,644,137,0.6198471600615534,0.0,0.7149511978704525,V2_recording
640,644,138,0.6236235559774866,0.0,0.7033052351375332,V2_recording
640,644,139,0.6148302484207898,0.07142857142857142,0.7229370008873115,V2_recording
640,644,140,0.6074799845118422,0.07142857142857142,0.6821206743566991,V2_recording
640,644,141,0.6553872757657635,0.0,0.7328083407275953,V2_recording
640,644,142,0.5943810035134227,0.14285714285714285,0.7146184560780834,V2_recording
640,644,143,0.6121681322465715,0.07142857142857142,0.6982031943212068,V2_recording
640,644,144,0.6209722179113775,0.07142857142857142,0.7200532386867791,V2_recording
640,644,145,0.6244318572157304,0.07142857142857142,0.6924356699201418,V2_recording
640,644,146,0.6443822640841963,0.0,0.7233806566104704,V2_recording
640,644,147,0.6316601152790554,0.0,0.7228260869565216,V2_recording
640,644,148,0.6154631370303312,0.07142857142857142,0.7129547471162379,V2_recording
640,644,149,0.615787314339886,0.0,0.6751330967169477,V2_recording
