regime,fold,arm,n_train,k_bearings,repeat,test_fp
R1_within_bearing,all,S1_resample,10,,0,0.0
R1_within_bearing,all,S1_resample,10,,1,0.0
R1_within_bearing,all,S1_resample,10,,2,0.041666666666666664
R1_within_bearing,all,S1_resample,10,,3,0.041666666666666664
R1_within_bearing,all,S1_resample,10,,4,0.0
R1_within_bearing,all,S1_resample,10,,5,0.041666666666666664
R1_within_bearing,all,S1_resample,10,,6,0.0
R1_within_bearing,all,S1_resample,10,,7,0.0
R1_within_bearing,all,S1_resample,10,,8,0.0
R1_within_bearing,all,S1_resample,10,,9,0.0
R1_within_bearing,all,S1_resample,10,,10,0.041666666666666664
R1_within_bearing,all,S1_resample,10,,11,0.0
R1_within_bearing,all,S1_resample,10,,12,0.0
R1_within_bearing,all,S1_resample,10,,13,0.0
R1_within_bearing,all,S1_resample,10,,14,0.0
R1_within_bearing,all,S1_resample,10,,15,0.0
R1_within_bearing,all,S1_resample,10,,16,0.0
R1_within_bearing,all,S1_resample,10,,17,0.0
R1_within_bearing,all,S1_resample,10,,18,0.375
R1_within_bearing,all,S1_resample,10,,19,0.041666666666666664
R1_within_bearing,all,S1_resample,10,,20,0.3333333333333333
R1_within_bearing,all,S1_resample,10,,21,0.041666666666666664
R1_within_bearing,all,S1_resample,10,,22,0.0
R1_within_bearing,all,S1_resample,10,,23,0.0
R1_within_bearing,all,S1_resample,10,,24,0.0
R1_within_bearing,all,S1_resample,10,,25,0.0
R1_within_bearing,all,S1_resample,10,,26,0.0
R1_within_bearing,all,S1_resample,10,,27,0.08333333333333333
R1_within_bearing,all,S1_resample,10,,28,0.8333333333333334
R1_within_bearing,all,S1_resample,10,,29,0.041666666666666664
R1_within_bearing,all,S1_resample,10,,30,0.0
R1_within_bearing,all,S1_resample,10,,31,0.041666666666666664
R1_within_bearing,all,S1_resample,10,,32,0.08333333333333333
R1_within_bearing,all,S1_resample,10,,33,0.0
R1_within_bearing,all,S1_resample,10,,34,0.0
R1_within_bearing,all,S1_resample,10,,35,0.0
R1_within_bearing,all,S1_resample,10,,36,0.8333333333333334
R1_within_bearing,all,S1_resample,10,,37,0.0
R1_within_bearing,all,S1_resample,10,,38,0.041666666666666664
R1_within_bearing,all,S1_resample,10,,39,0.0
R1_within_bearing,all,S1_resample,10,,40,0.0
R1_within_bearing,all,S1_resample,10,,41,0.041666666666666664
R1_within_bearing,all,S1_resample,10,,42,0.041666666666666664
R1_within_bearing,all,S1_resample,10,,43,0.3333333333333333
R1_within_bearing,all,S1_resample,10,,44,0.041666666666666664
R1_within_bearing,all,S1_resample,10,,45,0.0
R1_within_bearing,all,S1_resample,10,,46,0.0
R1_within_bearing,all,S1_resample,10,,47,0.0
R1_within_bearing,all,S1_resample,10,,48,0.3333333333333333
R1_within_bearing,all,S1_resample,10,,49,0.8333333333333334
R1_within_bearing,all,S1_resample,10,,50,0.0
R1_within_bearing,all,S1_resample,10,,51,0.0
R1_within_bearing,all,S1_resample,10,,52,0.0
R1_within_bearing,all,S1_resample,10,,53,0.0
R1_within_bearing,all,S1_resample,10,,54,0.0
R1_within_bearing,all,S1_resample,10,,55,0.0
R1_within_bearing,all,S1_resample,10,,56,0.0
R1_within_bearing,all,S1_resample,10,,57,0.041666666666666664
R1_within_bearing,all,S1_resample,10,,58,0.0
R1_within_bearing,all,S1_resample,10,,59,0.041666666666666664
R1_within_bearing,all,S1_resample,10,,60,0.0
R1_within_bearing,all,S1_resample,10,,61,0.041666666666666664
R1_within_bearing,all,S1_resample,10,,62,0.0
R1_within_bearing,all,S1_resample,10,,63,0.041666666666666664
R1_within_bearing,all,S1_resample,10,,64,0.0
R1_within_bearing,all,S1_resample,10,,65,0.0
R1_within_bearing,all,S1_resample,10,,66,0.7083333333333334
R1_within_bearing,all,S1_resample,10,,67,0.0
R1_within_bearing,all,S1_resample,10,,68,0.041666666666666664
R1_within_bearing,all,S1_resample,10,,69,0.0
R1_within_bearing,all,S1_resample,10,,70,0.8333333333333334
R1_within_bearing,all,S1_resample,10,,71,0.041666666666666664
R1_within_bearing,all,S1_resample,10,,72,0.0
R1_within_bearing,all,S1_resample,10,,73,0.0
R1_within_bearing,all,S1_resample,10,,74,0.0
R1_within_bearing,all,S1_resample,10,,75,0.0
R1_within_bearing,all,S1_resample,10,,76,0.0
R1_within_bearing,all,S1_resample,10,,77,0.375
R1_within_bearing,all,S1_resample,10,,78,0.5
R1_within_bearing,all,S1_resample,10,,79,0.0
R1_within_bearing,all,S1_resample,10,,80,0.0
R1_within_bearing,all,S1_resample,10,,81,0.0
R1_within_bearing,all,S1_resample,10,,82,0.0
R1_within_bearing,all,S1_resample,10,,83,0.08333333333333333
R1_within_bearing,all,S1_resample,10,,84,0.8333333333333334
R1_within_bearing,all,S1_resample,10,,85,0.8333333333333334
R1_within_bearing,all,S1_resample,10,,86,0.041666666666666664
R1_within_bearing,all,S1_resample,10,,87,0.0
R1_within_bearing,all,S1_resample,10,,88,0.041666666666666664
R1_within_bearing,all,S1_resample,10,,89,0.041666666666666664
R1_within_bearing,all,S1_resample,10,,90,0.0
R1_within_bearing,all,S1_resample,10,,91,0.0
R1_within_bearing,all,S1_resample,10,,92,0.0
R1_within_bearing,all,S1_resample,10,,93,0.0
R1_within_bearing,all,S1_resample,10,,94,0.0
R1_within_bearing,all,S1_resample,10,,95,0.041666666666666664
R1_within_bearing,all,S1_resample,10,,96,0.0
R1_within_bearing,all,S1_resample,10,,97,0.0
R1_within_bearing,all,S1_resample,10,,98,0.0
R1_within_bearing,all,S1_resample,10,,99,0.0
R1_within_bearing,all,S1_resample,20,,0,0.0
R1_within_bearing,all,S1_resample,20,,1,0.041666666666666664
R1_within_bearing,all,S1_resample,20,,2,0.0
R1_within_bearing,all,S1_resample,20,,3,0.0
R1_within_bearing,all,S1_resample,20,,4,0.08333333333333333
R1_within_bearing,all,S1_resample,20,,5,0.08333333333333333
R1_within_bearing,all,S1_resample,20,,6,0.0
R1_within_bearing,all,S1_resample,20,,7,0.041666666666666664
R1_within_bearing,all,S1_resample,20,,8,0.0
R1_within_bearing,all,S1_resample,20,,9,0.0
R1_within_bearing,all,S1_resample,20,,10,0.0
R1_within_bearing,all,S1_resample,20,,11,0.0
R1_within_bearing,all,S1_resample,20,,12,0.0
R1_within_bearing,all,S1_resample,20,,13,0.0
R1_within_bearing,all,S1_resample,20,,14,0.0
R1_within_bearing,all,S1_resample,20,,15,0.0
R1_within_bearing,all,S1_resample,20,,16,0.0
R1_within_bearing,all,S1_resample,20,,17,0.0
R1_within_bearing,all,S1_resample,20,,18,0.0
R1_within_bearing,all,S1_resample,20,,19,0.0
R1_within_bearing,all,S1_resample,20,,20,0.3333333333333333
R1_within_bearing,all,S1_resample,20,,21,0.0
R1_within_bearing,all,S1_resample,20,,22,0.0
R1_within_bearing,all,S1_resample,20,,23,0.08333333333333333
R1_within_bearing,all,S1_resample,20,,24,0.0
R1_within_bearing,all,S1_resample,20,,25,0.0
R1_within_bearing,all,S1_resample,20,,26,0.0
R1_within_bearing,all,S1_resample,20,,27,0.4166666666666667
R1_within_bearing,all,S1_resample,20,,28,0.0
R1_within_bearing,all,S1_resample,20,,29,0.08333333333333333
R1_within_bearing,all,S1_resample,20,,30,0.8333333333333334
R1_within_bearing,all,S1_resample,20,,31,0.0
R1_within_bearing,all,S1_resample,20,,32,0.0
R1_within_bearing,all,S1_resample,20,,33,0.0
R1_within_bearing,all,S1_resample,20,,34,0.0
R1_within_bearing,all,S1_resample,20,,35,0.0
R1_within_bearing,all,S1_resample,20,,36,0.0
R1_within_bearing,all,S1_resample,20,,37,0.0
R1_within_bearing,all,S1_resample,20,,38,0.0
R1_within_bearing,all,S1_resample,20,,39,0.0
R1_within_bearing,all,S1_resample,20,,40,0.0
R1_within_bearing,all,S1_resample,20,,41,0.0
R1_within_bearing,all,S1_resample,20,,42,0.0
R1_within_bearing,all,S1_resample,20,,43,0.0
R1_within_bearing,all,S1_resample,20,,44,0.0
R1_within_bearing,all,S1_resample,20,,45,0.0
R1_within_bearing,all,S1_resample,20,,46,0.0
R1_within_bearing,all,S1_resample,20,,47,0.0
R1_within_bearing,all,S1_resample,20,,48,0.0
R1_within_bearing,all,S1_resample,20,,49,0.0
R1_within_bearing,all,S1_resample,20,,50,0.0
R1_within_bearing,all,S1_resample,20,,51,0.0
R1_within_bearing,all,S1_resample,20,,52,0.0
R1_within_bearing,all,S1_resample,20,,53,0.041666666666666664
R1_within_bearing,all,S1_resample,20,,54,0.0
R1_within_bearing,all,S1_resample,20,,55,0.0
R1_within_bearing,all,S1_resample,20,,56,0.0
R1_within_bearing,all,S1_resample,20,,57,0.0
R1_within_bearing,all,S1_resample,20,,58,0.0
R1_within_bearing,all,S1_resample,20,,59,0.041666666666666664
R1_within_bearing,all,S1_resample,20,,60,0.0
R1_within_bearing,all,S1_resample,20,,61,0.0
R1_within_bearing,all,S1_resample,20,,62,0.0
R1_within_bearing,all,S1_resample,20,,63,0.0
R1_within_bearing,all,S1_resample,20,,64,0.0
R1_within_bearing,all,S1_resample,20,,65,0.0
R1_within_bearing,all,S1_resample,20,,66,0.8333333333333334
R1_within_bearing,all,S1_resample,20,,67,0.0
R1_within_bearing,all,S1_resample,20,,68,0.0
R1_within_bearing,all,S1_resample,20,,69,0.0
R1_within_bearing,all,S1_resample,20,,70,0.0
R1_within_bearing,all,S1_resample,20,,71,0.041666666666666664
R1_within_bearing,all,S1_resample,20,,72,0.0
R1_within_bearing,all,S1_resample,20,,73,0.0
R1_within_bearing,all,S1_resample,20,,74,0.0
R1_within_bearing,all,S1_resample,20,,75,0.0
R1_within_bearing,all,S1_resample,20,,76,0.0
R1_within_bearing,all,S1_resample,20,,77,0.0
R1_within_bearing,all,S1_resample,20,,78,0.0
R1_within_bearing,all,S1_resample,20,,79,0.0
R1_within_bearing,all,S1_resample,20,,80,0.041666666666666664
R1_within_bearing,all,S1_resample,20,,81,0.041666666666666664
R1_within_bearing,all,S1_resample,20,,82,0.0
R1_within_bearing,all,S1_resample,20,,83,0.0
R1_within_bearing,all,S1_resample,20,,84,0.0
R1_within_bearing,all,S1_resample,20,,85,0.0
R1_within_bearing,all,S1_resample,20,,86,0.0
R1_within_bearing,all,S1_resample,20,,87,0.0
R1_within_bearing,all,S1_resample,20,,88,0.0
R1_within_bearing,all,S1_resample,20,,89,0.0
R1_within_bearing,all,S1_resample,20,,90,0.0
R1_within_bearing,all,S1_resample,20,,91,0.3333333333333333
R1_within_bearing,all,S1_resample,20,,92,0.0
R1_within_bearing,all,S1_resample,20,,93,0.0
R1_within_bearing,all,S1_resample,20,,94,0.0
R1_within_bearing,all,S1_resample,20,,95,0.0
R1_within_bearing,all,S1_resample,20,,96,0.0
R1_within_bearing,all,S1_resample,20,,97,0.0
R1_within_bearing,all,S1_resample,20,,98,0.0
R1_within_bearing,all,S1_resample,20,,99,0.0
R1_within_bearing,all,S1_resample,40,,0,0.0
R1_within_bearing,all,S1_resample,40,,1,0.0
R1_within_bearing,all,S1_resample,40,,2,0.0
R1_within_bearing,all,S1_resample,40,,3,0.0
R1_within_bearing,all,S1_resample,40,,4,0.0
R1_within_bearing,all,S1_resample,40,,5,0.0
R1_within_bearing,all,S1_resample,40,,6,0.0
R1_within_bearing,all,S1_resample,40,,7,0.0
R1_within_bearing,all,S1_resample,40,,8,0.0
R1_within_bearing,all,S1_resample,40,,9,0.0
R1_within_bearing,all,S1_resample,40,,10,0.0
R1_within_bearing,all,S1_resample,40,,11,0.0
R1_within_bearing,all,S1_resample,40,,12,0.0
R1_within_bearing,all,S1_resample,40,,13,0.0
R1_within_bearing,all,S1_resample,40,,14,0.0
R1_within_bearing,all,S1_resample,40,,15,0.0
R1_within_bearing,all,S1_resample,40,,16,0.0
R1_within_bearing,all,S1_resample,40,,17,0.0
R1_within_bearing,all,S1_resample,40,,18,0.0
R1_within_bearing,all,S1_resample,40,,19,0.0
R1_within_bearing,all,S1_resample,40,,20,0.0
R1_within_bearing,all,S1_resample,40,,21,0.0
R1_within_bearing,all,S1_resample,40,,22,0.0
R1_within_bearing,all,S1_resample,40,,23,0.0
R1_within_bearing,all,S1_resample,40,,24,0.0
R1_within_bearing,all,S1_resample,40,,25,0.0
R1_within_bearing,all,S1_resample,40,,26,0.0
R1_within_bearing,all,S1_resample,40,,27,0.0
R1_within_bearing,all,S1_resample,40,,28,0.0
R1_within_bearing,all,S1_resample,40,,29,0.0
R1_within_bearing,all,S1_resample,40,,30,0.0
R1_within_bearing,all,S1_resample,40,,31,0.0
R1_within_bearing,all,S1_resample,40,,32,0.0
R1_within_bearing,all,S1_resample,40,,33,0.0
R1_within_bearing,all,S1_resample,40,,34,0.0
R1_within_bearing,all,S1_resample,40,,35,0.0
R1_within_bearing,all,S1_resample,40,,36,0.0
R1_within_bearing,all,S1_resample,40,,37,0.0
R1_within_bearing,all,S1_resample,40,,38,0.0
R1_within_bearing,all,S1_resample,40,,39,0.0
R1_within_bearing,all,S1_resample,40,,40,0.0
R1_within_bearing,all,S1_resample,40,,41,0.0
R1_within_bearing,all,S1_resample,40,,42,0.0
R1_within_bearing,all,S1_resample,40,,43,0.0
R1_within_bearing,all,S1_resample,40,,44,0.0
R1_within_bearing,all,S1_resample,40,,45,0.0
R1_within_bearing,all,S1_resample,40,,46,0.0
R1_within_bearing,all,S1_resample,40,,47,0.0
R1_within_bearing,all,S1_resample,40,,48,0.0
R1_within_bearing,all,S1_resample,40,,49,0.0
R1_within_bearing,all,S1_resample,40,,50,0.3333333333333333
R1_within_bearing,all,S1_resample,40,,51,0.0
R1_within_bearing,all,S1_resample,40,,52,0.0
R1_within_bearing,all,S1_resample,40,,53,0.0
R1_within_bearing,all,S1_resample,40,,54,0.0
R1_within_bearing,all,S1_resample,40,,55,0.0
R1_within_bearing,all,S1_resample,40,,56,0.0
R1_within_bearing,all,S1_resample,40,,57,0.0
R1_within_bearing,all,S1_resample,40,,58,0.0
R1_within_bearing,all,S1_resample,40,,59,0.0
R1_within_bearing,all,S1_resample,40,,60,0.3333333333333333
R1_within_bearing,all,S1_resample,40,,61,0.0
R1_within_bearing,all,S1_resample,40,,62,0.0
R1_within_bearing,all,S1_resample,40,,63,0.0
R1_within_bearing,all,S1_resample,40,,64,0.0
R1_within_bearing,all,S1_resample,40,,65,0.3333333333333333
R1_within_bearing,all,S1_resample,40,,66,0.0
R1_within_bearing,all,S1_resample,40,,67,0.0
R1_within_bearing,all,S1_resample,40,,68,0.041666666666666664
R1_within_bearing,all,S1_resample,40,,69,0.3333333333333333
R1_within_bearing,all,S1_resample,40,,70,0.0
R1_within_bearing,all,S1_resample,40,,71,0.0
R1_within_bearing,all,S1_resample,40,,72,0.0
R1_within_bearing,all,S1_resample,40,,73,0.0
R1_within_bearing,all,S1_resample,40,,74,0.0
R1_within_bearing,all,S1_resample,40,,75,0.0
R1_within_bearing,all,S1_resample,40,,76,0.0
R1_within_bearing,all,S1_resample,40,,77,0.0
R1_within_bearing,all,S1_resample,40,,78,0.0
R1_within_bearing,all,S1_resample,40,,79,0.0
R1_within_bearing,all,S1_resample,40,,80,0.0
R1_within_bearing,all,S1_resample,40,,81,0.0
R1_within_bearing,all,S1_resample,40,,82,0.3333333333333333
R1_within_bearing,all,S1_resample,40,,83,0.0
R1_within_bearing,all,S1_resample,40,,84,0.0
R1_within_bearing,all,S1_resample,40,,85,0.0
R1_within_bearing,all,S1_resample,40,,86,0.0
R1_within_bearing,all,S1_resample,40,,87,0.3333333333333333
R1_within_bearing,all,S1_resample,40,,88,0.0
R1_within_bearing,all,S1_resample,40,,89,0.0
R1_within_bearing,all,S1_resample,40,,90,0.0
R1_within_bearing,all,S1_resample,40,,91,0.0
R1_within_bearing,all,S1_resample,40,,92,0.0
R1_within_bearing,all,S1_resample,40,,93,0.0
R1_within_bearing,all,S1_resample,40,,94,0.0
R1_within_bearing,all,S1_resample,40,,95,0.0
R1_within_bearing,all,S1_resample,40,,96,0.0
R1_within_bearing,all,S1_resample,40,,97,0.0
R1_within_bearing,all,S1_resample,40,,98,0.0
R1_within_bearing,all,S1_resample,40,,99,0.0
R1_within_bearing,all,S1_resample,60,,0,0.041666666666666664
R1_within_bearing,all,S1_resample,60,,1,0.0
R1_within_bearing,all,S1_resample,60,,2,0.0
R1_within_bearing,all,S1_resample,60,,3,0.0
R1_within_bearing,all,S1_resample,60,,4,0.0
R1_within_bearing,all,S1_resample,60,,5,0.0
R1_within_bearing,all,S1_resample,60,,6,0.0
R1_within_bearing,all,S1_resample,60,,7,0.0
R1_within_bearing,all,S1_resample,60,,8,0.0
R1_within_bearing,all,S1_resample,60,,9,0.0
R1_within_bearing,all,S1_resample,60,,10,0.0
R1_within_bearing,all,S1_resample,60,,11,0.3333333333333333
R1_within_bearing,all,S1_resample,60,,12,0.0
R1_within_bearing,all,S1_resample,60,,13,0.3333333333333333
R1_within_bearing,all,S1_resample,60,,14,0.0
R1_within_bearing,all,S1_resample,60,,15,0.0
R1_within_bearing,all,S1_resample,60,,16,0.0
R1_within_bearing,all,S1_resample,60,,17,0.0
R1_within_bearing,all,S1_resample,60,,18,0.3333333333333333
R1_within_bearing,all,S1_resample,60,,19,0.041666666666666664
R1_within_bearing,all,S1_resample,60,,20,0.0
R1_within_bearing,all,S1_resample,60,,21,0.0
R1_within_bearing,all,S1_resample,60,,22,0.0
R1_within_bearing,all,S1_resample,60,,23,0.0
R1_within_bearing,all,S1_resample,60,,24,0.0
R1_within_bearing,all,S1_resample,60,,25,0.3333333333333333
R1_within_bearing,all,S1_resample,60,,26,0.3333333333333333
R1_within_bearing,all,S1_resample,60,,27,0.0
R1_within_bearing,all,S1_resample,60,,28,0.0
R1_within_bearing,all,S1_resample,60,,29,0.3333333333333333
R1_within_bearing,all,S1_resample,60,,30,0.0
R1_within_bearing,all,S1_resample,60,,31,0.0
R1_within_bearing,all,S1_resample,60,,32,0.0
R1_within_bearing,all,S1_resample,60,,33,0.0
R1_within_bearing,all,S1_resample,60,,34,0.0
R1_within_bearing,all,S1_resample,60,,35,0.0
R1_within_bearing,all,S1_resample,60,,36,0.0
R1_within_bearing,all,S1_resample,60,,37,0.0
R1_within_bearing,all,S1_resample,60,,38,0.0
R1_within_bearing,all,S1_resample,60,,39,0.0
R1_within_bearing,all,S1_resample,60,,40,0.0
R1_within_bearing,all,S1_resample,60,,41,0.0
R1_within_bearing,all,S1_resample,60,,42,0.0
R1_within_bearing,all,S1_resample,60,,43,0.0
R1_within_bearing,all,S1_resample,60,,44,0.0
R1_within_bearing,all,S1_resample,60,,45,0.0
R1_within_bearing,all,S1_resample,60,,46,0.0
R1_within_bearing,all,S1_resample,60,,47,0.0
R1_within_bearing,all,S1_resample,60,,48,0.0
R1_within_bearing,all,S1_resample,60,,49,0.0
R1_within_bearing,all,S1_resample,60,,50,0.0
R1_within_bearing,all,S1_resample,60,,51,0.0
R1_within_bearing,all,S1_resample,60,,52,0.0
R1_within_bearing,all,S1_resample,60,,53,0.0
R1_within_bearing,all,S1_resample,60,,54,0.0
R1_within_bearing,all,S1_resample,60,,55,0.0
R1_within_bearing,all,S1_resample,60,,56,0.0
R1_within_bearing,all,S1_resample,60,,57,0.0
R1_within_bearing,all,S1_resample,60,,58,0.0
R1_within_bearing,all,S1_resample,60,,59,0.0
R1_within_bearing,all,S1_resample,60,,60,0.0
R1_within_bearing,all,S1_resample,60,,61,0.0
R1_within_bearing,all,S1_resample,60,,62,0.0
R1_within_bearing,all,S1_resample,60,,63,0.041666666666666664
R1_within_bearing,all,S1_resample,60,,64,0.0
R1_within_bearing,all,S1_resample,60,,65,0.0
R1_within_bearing,all,S1_resample,60,,66,0.0
R1_within_bearing,all,S1_resample,60,,67,0.0
R1_within_bearing,all,S1_resample,60,,68,0.0
R1_within_bearing,all,S1_resample,60,,69,0.0
R1_within_bearing,all,S1_resample,60,,70,0.0
R1_within_bearing,all,S1_resample,60,,71,0.0
R1_within_bearing,all,S1_resample,60,,72,0.0
R1_within_bearing,all,S1_resample,60,,73,0.0
R1_within_bearing,all,S1_resample,60,,74,0.0
R1_within_bearing,all,S1_resample,60,,75,0.0
R1_within_bearing,all,S1_resample,60,,76,0.0
R1_within_bearing,all,S1_resample,60,,77,0.3333333333333333
R1_within_bearing,all,S1_resample,60,,78,0.0
R1_within_bearing,all,S1_resample,60,,79,0.0
R1_within_bearing,all,S1_resample,60,,80,0.0
R1_within_bearing,all,S1_resample,60,,81,0.0
R1_within_bearing,all,S1_resample,60,,82,0.0
R1_within_bearing,all,S1_resample,60,,83,0.0
R1_within_bearing,all,S1_resample,60,,84,0.0
R1_within_bearing,all,S1_resample,60,,85,0.0
R1_within_bearing,all,S1_resample,60,,86,0.0
R1_within_bearing,all,S1_resample,60,,87,0.3333333333333333
R1_within_bearing,all,S1_resample,60,,88,0.0
R1_within_bearing,all,S1_resample,60,,89,0.0
R1_within_bearing,all,S1_resample,60,,90,0.0
R1_within_bearing,all,S1_resample,60,,91,0.0
R1_within_bearing,all,S1_resample,60,,92,0.0
R1_within_bearing,all,S1_resample,60,,93,0.3333333333333333
R1_within_bearing,all,S1_resample,60,,94,0.0
R1_within_bearing,all,S1_resample,60,,95,0.3333333333333333
R1_within_bearing,all,S1_resample,60,,96,0.0
R1_within_bearing,all,S1_resample,60,,97,0.375
R1_within_bearing,all,S1_resample,60,,98,0.0
R1_within_bearing,all,S1_resample,60,,99,0.0
R1_within_bearing,all,S1_resample,80,,0,0.0
R1_within_bearing,all,S1_resample,80,,1,0.0
R1_within_bearing,all,S1_resample,80,,2,0.3333333333333333
R1_within_bearing,all,S1_resample,80,,3,0.041666666666666664
R1_within_bearing,all,S1_resample,80,,4,0.0
R1_within_bearing,all,S1_resample,80,,5,0.0
R1_within_bearing,all,S1_resample,80,,6,0.0
R1_within_bearing,all,S1_resample,80,,7,0.0
R1_within_bearing,all,S1_resample,80,,8,0.0
R1_within_bearing,all,S1_resample,80,,9,0.0
R1_within_bearing,all,S1_resample,80,,10,0.0
R1_within_bearing,all,S1_resample,80,,11,0.0
R1_within_bearing,all,S1_resample,80,,12,0.0
R1_within_bearing,all,S1_resample,80,,13,0.0
R1_within_bearing,all,S1_resample,80,,14,0.0
R1_within_bearing,all,S1_resample,80,,15,0.0
R1_within_bearing,all,S1_resample,80,,16,0.0
R1_within_bearing,all,S1_resample,80,,17,0.0
R1_within_bearing,all,S1_resample,80,,18,0.0
R1_within_bearing,all,S1_resample,80,,19,0.0
R1_within_bearing,all,S1_resample,80,,20,0.0
R1_within_bearing,all,S1_resample,80,,21,0.0
R1_within_bearing,all,S1_resample,80,,22,0.0
R1_within_bearing,all,S1_resample,80,,23,0.0
R1_within_bearing,all,S1_resample,80,,24,0.0
R1_within_bearing,all,S1_resample,80,,25,0.0
R1_within_bearing,all,S1_resample,80,,26,0.3333333333333333
R1_within_bearing,all,S1_resample,80,,27,0.0
R1_within_bearing,all,S1_resample,80,,28,0.0
R1_within_bearing,all,S1_resample,80,,29,0.0
R1_within_bearing,all,S1_resample,80,,30,0.0
R1_within_bearing,all,S1_resample,80,,31,0.0
R1_within_bearing,all,S1_resample,80,,32,0.0
R1_within_bearing,all,S1_resample,80,,33,0.3333333333333333
R1_within_bearing,all,S1_resample,80,,34,0.0
R1_within_bearing,all,S1_resample,80,,35,0.0
R1_within_bearing,all,S1_resample,80,,36,0.0
R1_within_bearing,all,S1_resample,80,,37,0.0
R1_within_bearing,all,S1_resample,80,,38,0.0
R1_within_bearing,all,S1_resample,80,,39,0.0
R1_within_bearing,all,S1_resample,80,,40,0.0
R1_within_bearing,all,S1_resample,80,,41,0.0
R1_within_bearing,all,S1_resample,80,,42,0.375
R1_within_bearing,all,S1_resample,80,,43,0.0
R1_within_bearing,all,S1_resample,80,,44,0.0
R1_within_bearing,all,S1_resample,80,,45,0.3333333333333333
R1_within_bearing,all,S1_resample,80,,46,0.0
R1_within_bearing,all,S1_resample,80,,47,0.0
R1_within_bearing,all,S1_resample,80,,48,0.0
R1_within_bearing,all,S1_resample,80,,49,0.0
R1_within_bearing,all,S1_resample,80,,50,0.0
R1_within_bearing,all,S1_resample,80,,51,0.0
R1_within_bearing,all,S1_resample,80,,52,0.0
R1_within_bearing,all,S1_resample,80,,53,0.0
R1_within_bearing,all,S1_resample,80,,54,0.0
R1_within_bearing,all,S1_resample,80,,55,0.0
R1_within_bearing,all,S1_resample,80,,56,0.0
R1_within_bearing,all,S1_resample,80,,57,0.0
R1_within_bearing,all,S1_resample,80,,58,0.0
R1_within_bearing,all,S1_resample,80,,59,0.3333333333333333
R1_within_bearing,all,S1_resample,80,,60,0.375
R1_within_bearing,all,S1_resample,80,,61,0.0
R1_within_bearing,all,S1_resample,80,,62,0.0
R1_within_bearing,all,S1_resample,80,,63,0.0
R1_within_bearing,all,S1_resample,80,,64,0.0
R1_within_bearing,all,S1_resample,80,,65,0.0
R1_within_bearing,all,S1_resample,80,,66,0.0
R1_within_bearing,all,S1_resample,80,,67,0.0
R1_within_bearing,all,S1_resample,80,,68,0.0
R1_within_bearing,all,S1_resample,80,,69,0.0
R1_within_bearing,all,S1_resample,80,,70,0.0
R1_within_bearing,all,S1_resample,80,,71,0.0
R1_within_bearing,all,S1_resample,80,,72,0.0
R1_within_bearing,all,S1_resample,80,,73,0.0
R1_within_bearing,all,S1_resample,80,,74,0.0
R1_within_bearing,all,S1_resample,80,,75,0.0
R1_within_bearing,all,S1_resample,80,,76,0.0
R1_within_bearing,all,S1_resample,80,,77,0.3333333333333333
R1_within_bearing,all,S1_resample,80,,78,0.3333333333333333
R1_within_bearing,all,S1_resample,80,,79,0.0
R1_within_bearing,all,S1_resample,80,,80,0.0
R1_within_bearing,all,S1_resample,80,,81,0.0
R1_within_bearing,all,S1_resample,80,,82,0.0
R1_within_bearing,all,S1_resample,80,,83,0.0
R1_within_bearing,all,S1_resample,80,,84,0.0
R1_within_bearing,all,S1_resample,80,,85,0.0
R1_within_bearing,all,S1_resample,80,,86,0.3333333333333333
R1_within_bearing,all,S1_resample,80,,87,0.041666666666666664
R1_within_bearing,all,S1_resample,80,,88,0.041666666666666664
R1_within_bearing,all,S1_resample,80,,89,0.0
R1_within_bearing,all,S1_resample,80,,90,0.0
R1_within_bearing,all,S1_resample,80,,91,0.0
R1_within_bearing,all,S1_resample,80,,92,0.0
R1_within_bearing,all,S1_resample,80,,93,0.3333333333333333
R1_within_bearing,all,S1_resample,80,,94,0.3333333333333333
R1_within_bearing,all,S1_resample,80,,95,0.0
R1_within_bearing,all,S1_resample,80,,96,0.0
R1_within_bearing,all,S1_resample,80,,97,0.0
R1_within_bearing,all,S1_resample,80,,98,0.0
R1_within_bearing,all,S1_resample,80,,99,0.0
R1_within_bearing,all,S1_resample,96,,0,0.0
R1_within_bearing,all,S1_resample,96,,1,0.0
R1_within_bearing,all,S1_resample,96,,2,0.0
R1_within_bearing,all,S1_resample,96,,3,0.0
R1_within_bearing,all,S1_resample,96,,4,0.0
R1_within_bearing,all,S1_resample,96,,5,0.0
R1_within_bearing,all,S1_resample,96,,6,0.3333333333333333
R1_within_bearing,all,S1_resample,96,,7,0.0
R1_within_bearing,all,S1_resample,96,,8,0.0
R1_within_bearing,all,S1_resample,96,,9,0.0
R1_within_bearing,all,S1_resample,96,,10,0.0
R1_within_bearing,all,S1_resample,96,,11,0.0
R1_within_bearing,all,S1_resample,96,,12,0.0
R1_within_bearing,all,S1_resample,96,,13,0.0
R1_within_bearing,all,S1_resample,96,,14,0.375
R1_within_bearing,all,S1_resample,96,,15,0.3333333333333333
R1_within_bearing,all,S1_resample,96,,16,0.0
R1_within_bearing,all,S1_resample,96,,17,0.0
R1_within_bearing,all,S1_resample,96,,18,0.041666666666666664
R1_within_bearing,all,S1_resample,96,,19,0.0
R1_within_bearing,all,S1_resample,96,,20,0.0
R1_within_bearing,all,S1_resample,96,,21,0.4166666666666667
R1_within_bearing,all,S1_resample,96,,22,0.0
R1_within_bearing,all,S1_resample,96,,23,0.0
R1_within_bearing,all,S1_resample,96,,24,0.0
R1_within_bearing,all,S1_resample,96,,25,0.0
R1_within_bearing,all,S1_resample,96,,26,0.0
R1_within_bearing,all,S1_resample,96,,27,0.0
R1_within_bearing,all,S1_resample,96,,28,0.375
R1_within_bearing,all,S1_resample,96,,29,0.0
R1_within_bearing,all,S1_resample,96,,30,0.0
R1_within_bearing,all,S1_resample,96,,31,0.0
R1_within_bearing,all,S1_resample,96,,32,0.0
R1_within_bearing,all,S1_resample,96,,33,0.0
R1_within_bearing,all,S1_resample,96,,34,0.0
R1_within_bearing,all,S1_resample,96,,35,0.0
R1_within_bearing,all,S1_resample,96,,36,0.0
R1_within_bearing,all,S1_resample,96,,37,0.3333333333333333
R1_within_bearing,all,S1_resample,96,,38,0.0
R1_within_bearing,all,S1_resample,96,,39,0.041666666666666664
R1_within_bearing,all,S1_resample,96,,40,0.0
R1_within_bearing,all,S1_resample,96,,41,0.041666666666666664
R1_within_bearing,all,S1_resample,96,,42,0.0
R1_within_bearing,all,S1_resample,96,,43,0.0
R1_within_bearing,all,S1_resample,96,,44,0.375
R1_within_bearing,all,S1_resample,96,,45,0.0
R1_within_bearing,all,S1_resample,96,,46,0.0
R1_within_bearing,all,S1_resample,96,,47,0.0
R1_within_bearing,all,S1_resample,96,,48,0.0
R1_within_bearing,all,S1_resample,96,,49,0.0
R1_within_bearing,all,S1_resample,96,,50,0.0
R1_within_bearing,all,S1_resample,96,,51,0.375
R1_within_bearing,all,S1_resample,96,,52,0.0
R1_within_bearing,all,S1_resample,96,,53,0.0
R1_within_bearing,all,S1_resample,96,,54,0.041666666666666664
R1_within_bearing,all,S1_resample,96,,55,0.0
R1_within_bearing,all,S1_resample,96,,56,0.0
R1_within_bearing,all,S1_resample,96,,57,0.0
R1_within_bearing,all,S1_resample,96,,58,0.0
R1_within_bearing,all,S1_resample,96,,59,0.0
R1_within_bearing,all,S1_resample,96,,60,0.0
R1_within_bearing,all,S1_resample,96,,61,0.0
R1_within_bearing,all,S1_resample,96,,62,0.041666666666666664
R1_within_bearing,all,S1_resample,96,,63,0.0
R1_within_bearing,all,S1_resample,96,,64,0.0
R1_within_bearing,all,S1_resample,96,,65,0.0
R1_within_bearing,all,S1_resample,96,,66,0.3333333333333333
R1_within_bearing,all,S1_resample,96,,67,0.0
R1_within_bearing,all,S1_resample,96,,68,0.0
R1_within_bearing,all,S1_resample,96,,69,0.041666666666666664
R1_within_bearing,all,S1_resample,96,,70,0.375
R1_within_bearing,all,S1_resample,96,,71,0.0
R1_within_bearing,all,S1_resample,96,,72,0.375
R1_within_bearing,all,S1_resample,96,,73,0.0
R1_within_bearing,all,S1_resample,96,,74,0.0
R1_within_bearing,all,S1_resample,96,,75,0.0
R1_within_bearing,all,S1_resample,96,,76,0.041666666666666664
R1_within_bearing,all,S1_resample,96,,77,0.0
R1_within_bearing,all,S1_resample,96,,78,0.0
R1_within_bearing,all,S1_resample,96,,79,0.0
R1_within_bearing,all,S1_resample,96,,80,0.0
R1_within_bearing,all,S1_resample,96,,81,0.0
R1_within_bearing,all,S1_resample,96,,82,0.0
R1_within_bearing,all,S1_resample,96,,83,0.0
R1_within_bearing,all,S1_resample,96,,84,0.0
R1_within_bearing,all,S1_resample,96,,85,0.0
R1_within_bearing,all,S1_resample,96,,86,0.3333333333333333
R1_within_bearing,all,S1_resample,96,,87,0.0
R1_within_bearing,all,S1_resample,96,,88,0.0
R1_within_bearing,all,S1_resample,96,,89,0.0
R1_within_bearing,all,S1_resample,96,,90,0.0
R1_within_bearing,all,S1_resample,96,,91,0.0
R1_within_bearing,all,S1_resample,96,,92,0.0
R1_within_bearing,all,S1_resample,96,,93,0.0
R1_within_bearing,all,S1_resample,96,,94,0.0
R1_within_bearing,all,S1_resample,96,,95,0.0
R1_within_bearing,all,S1_resample,96,,96,0.0
R1_within_bearing,all,S1_resample,96,,97,0.3333333333333333
R1_within_bearing,all,S1_resample,96,,98,0.0
R1_within_bearing,all,S1_resample,96,,99,0.0
R1_within_bearing,all,S2_new_records,10,,0,0.0
R1_within_bearing,all,S2_new_records,10,,1,0.08333333333333333
R1_within_bearing,all,S2_new_records,10,,2,0.041666666666666664
R1_within_bearing,all,S2_new_records,10,,3,0.0
R1_within_bearing,all,S2_new_records,10,,4,0.0
R1_within_bearing,all,S2_new_records,10,,5,0.0
R1_within_bearing,all,S2_new_records,10,,6,0.041666666666666664
R1_within_bearing,all,S2_new_records,10,,7,0.041666666666666664
R1_within_bearing,all,S2_new_records,10,,8,0.0
R1_within_bearing,all,S2_new_records,10,,9,0.0
R1_within_bearing,all,S2_new_records,10,,10,0.0
R1_within_bearing,all,S2_new_records,10,,11,0.08333333333333333
R1_within_bearing,all,S2_new_records,10,,12,0.041666666666666664
R1_within_bearing,all,S2_new_records,10,,13,0.20833333333333334
R1_within_bearing,all,S2_new_records,10,,14,0.0
R1_within_bearing,all,S2_new_records,10,,15,0.0
R1_within_bearing,all,S2_new_records,10,,16,0.041666666666666664
R1_within_bearing,all,S2_new_records,10,,17,0.0
R1_within_bearing,all,S2_new_records,10,,18,0.0
R1_within_bearing,all,S2_new_records,10,,19,0.041666666666666664
R1_within_bearing,all,S2_new_records,10,,20,0.041666666666666664
R1_within_bearing,all,S2_new_records,10,,21,0.041666666666666664
R1_within_bearing,all,S2_new_records,10,,22,0.0
R1_within_bearing,all,S2_new_records,10,,23,0.0
R1_within_bearing,all,S2_new_records,10,,24,0.041666666666666664
R1_within_bearing,all,S2_new_records,10,,25,0.041666666666666664
R1_within_bearing,all,S2_new_records,10,,26,0.041666666666666664
R1_within_bearing,all,S2_new_records,10,,27,0.0
R1_within_bearing,all,S2_new_records,10,,28,0.0
R1_within_bearing,all,S2_new_records,10,,29,0.0
R1_within_bearing,all,S2_new_records,10,,30,0.125
R1_within_bearing,all,S2_new_records,10,,31,0.16666666666666666
R1_within_bearing,all,S2_new_records,10,,32,0.0
R1_within_bearing,all,S2_new_records,10,,33,0.125
R1_within_bearing,all,S2_new_records,10,,34,0.041666666666666664
R1_within_bearing,all,S2_new_records,10,,35,0.041666666666666664
R1_within_bearing,all,S2_new_records,10,,36,0.0
R1_within_bearing,all,S2_new_records,10,,37,0.125
R1_within_bearing,all,S2_new_records,10,,38,0.0
R1_within_bearing,all,S2_new_records,10,,39,0.0
R1_within_bearing,all,S2_new_records,10,,40,0.125
R1_within_bearing,all,S2_new_records,10,,41,0.041666666666666664
R1_within_bearing,all,S2_new_records,10,,42,0.0
R1_within_bearing,all,S2_new_records,10,,43,0.041666666666666664
R1_within_bearing,all,S2_new_records,10,,44,0.041666666666666664
R1_within_bearing,all,S2_new_records,10,,45,0.0
R1_within_bearing,all,S2_new_records,10,,46,0.0
R1_within_bearing,all,S2_new_records,10,,47,0.0
R1_within_bearing,all,S2_new_records,10,,48,0.041666666666666664
R1_within_bearing,all,S2_new_records,10,,49,0.08333333333333333
R1_within_bearing,all,S2_new_records,10,,50,0.08333333333333333
R1_within_bearing,all,S2_new_records,10,,51,0.0
R1_within_bearing,all,S2_new_records,10,,52,0.0
R1_within_bearing,all,S2_new_records,10,,53,0.041666666666666664
R1_within_bearing,all,S2_new_records,10,,54,0.041666666666666664
R1_within_bearing,all,S2_new_records,10,,55,0.125
R1_within_bearing,all,S2_new_records,10,,56,0.20833333333333334
R1_within_bearing,all,S2_new_records,10,,57,0.041666666666666664
R1_within_bearing,all,S2_new_records,10,,58,0.0
R1_within_bearing,all,S2_new_records,10,,59,0.08333333333333333
R1_within_bearing,all,S2_new_records,10,,60,0.08333333333333333
R1_within_bearing,all,S2_new_records,10,,61,0.125
R1_within_bearing,all,S2_new_records,10,,62,0.041666666666666664
R1_within_bearing,all,S2_new_records,10,,63,0.08333333333333333
R1_within_bearing,all,S2_new_records,10,,64,0.0
R1_within_bearing,all,S2_new_records,10,,65,0.0
R1_within_bearing,all,S2_new_records,10,,66,0.0
R1_within_bearing,all,S2_new_records,10,,67,0.0
R1_within_bearing,all,S2_new_records,10,,68,0.0
R1_within_bearing,all,S2_new_records,10,,69,0.041666666666666664
R1_within_bearing,all,S2_new_records,10,,70,0.125
R1_within_bearing,all,S2_new_records,10,,71,0.25
R1_within_bearing,all,S2_new_records,10,,72,0.041666666666666664
R1_within_bearing,all,S2_new_records,10,,73,0.0
R1_within_bearing,all,S2_new_records,10,,74,0.041666666666666664
R1_within_bearing,all,S2_new_records,10,,75,0.0
R1_within_bearing,all,S2_new_records,10,,76,0.0
R1_within_bearing,all,S2_new_records,10,,77,0.4166666666666667
R1_within_bearing,all,S2_new_records,10,,78,0.125
R1_within_bearing,all,S2_new_records,10,,79,0.08333333333333333
R1_within_bearing,all,S2_new_records,10,,80,0.08333333333333333
R1_within_bearing,all,S2_new_records,10,,81,0.0
R1_within_bearing,all,S2_new_records,10,,82,0.3333333333333333
R1_within_bearing,all,S2_new_records,10,,83,0.0
R1_within_bearing,all,S2_new_records,10,,84,0.041666666666666664
R1_within_bearing,all,S2_new_records,10,,85,0.125
R1_within_bearing,all,S2_new_records,10,,86,0.08333333333333333
R1_within_bearing,all,S2_new_records,10,,87,0.125
R1_within_bearing,all,S2_new_records,10,,88,0.0
R1_within_bearing,all,S2_new_records,10,,89,0.0
R1_within_bearing,all,S2_new_records,10,,90,0.041666666666666664
R1_within_bearing,all,S2_new_records,10,,91,0.041666666666666664
R1_within_bearing,all,S2_new_records,10,,92,0.041666666666666664
R1_within_bearing,all,S2_new_records,10,,93,0.16666666666666666
R1_within_bearing,all,S2_new_records,10,,94,0.041666666666666664
R1_within_bearing,all,S2_new_records,10,,95,0.0
R1_within_bearing,all,S2_new_records,10,,96,0.041666666666666664
R1_within_bearing,all,S2_new_records,10,,97,0.0
R1_within_bearing,all,S2_new_records,10,,98,0.125
R1_within_bearing,all,S2_new_records,10,,99,0.0
R1_within_bearing,all,S2_new_records,20,,0,0.0
R1_within_bearing,all,S2_new_records,20,,1,0.0
R1_within_bearing,all,S2_new_records,20,,2,0.041666666666666664
R1_within_bearing,all,S2_new_records,20,,3,0.0
R1_within_bearing,all,S2_new_records,20,,4,0.0
R1_within_bearing,all,S2_new_records,20,,5,0.08333333333333333
R1_within_bearing,all,S2_new_records,20,,6,0.0
R1_within_bearing,all,S2_new_records,20,,7,0.041666666666666664
R1_within_bearing,all,S2_new_records,20,,8,0.0
R1_within_bearing,all,S2_new_records,20,,9,0.041666666666666664
R1_within_bearing,all,S2_new_records,20,,10,0.125
R1_within_bearing,all,S2_new_records,20,,11,0.041666666666666664
R1_within_bearing,all,S2_new_records,20,,12,0.0
R1_within_bearing,all,S2_new_records,20,,13,0.041666666666666664
R1_within_bearing,all,S2_new_records,20,,14,0.0
R1_within_bearing,all,S2_new_records,20,,15,0.20833333333333334
R1_within_bearing,all,S2_new_records,20,,16,0.0
R1_within_bearing,all,S2_new_records,20,,17,0.041666666666666664
R1_within_bearing,all,S2_new_records,20,,18,0.08333333333333333
R1_within_bearing,all,S2_new_records,20,,19,0.0
R1_within_bearing,all,S2_new_records,20,,20,0.0
R1_within_bearing,all,S2_new_records,20,,21,0.041666666666666664
R1_within_bearing,all,S2_new_records,20,,22,0.041666666666666664
R1_within_bearing,all,S2_new_records,20,,23,0.0
R1_within_bearing,all,S2_new_records,20,,24,0.08333333333333333
R1_within_bearing,all,S2_new_records,20,,25,0.08333333333333333
R1_within_bearing,all,S2_new_records,20,,26,0.0
R1_within_bearing,all,S2_new_records,20,,27,0.125
R1_within_bearing,all,S2_new_records,20,,28,0.08333333333333333
R1_within_bearing,all,S2_new_records,20,,29,0.0
R1_within_bearing,all,S2_new_records,20,,30,0.16666666666666666
R1_within_bearing,all,S2_new_records,20,,31,0.041666666666666664
R1_within_bearing,all,S2_new_records,20,,32,0.0
R1_within_bearing,all,S2_new_records,20,,33,0.041666666666666664
R1_within_bearing,all,S2_new_records,20,,34,0.0
R1_within_bearing,all,S2_new_records,20,,35,0.041666666666666664
R1_within_bearing,all,S2_new_records,20,,36,0.0
R1_within_bearing,all,S2_new_records,20,,37,0.0
R1_within_bearing,all,S2_new_records,20,,38,0.0
R1_within_bearing,all,S2_new_records,20,,39,0.0
R1_within_bearing,all,S2_new_records,20,,40,0.041666666666666664
R1_within_bearing,all,S2_new_records,20,,41,0.0
R1_within_bearing,all,S2_new_records,20,,42,0.08333333333333333
R1_within_bearing,all,S2_new_records,20,,43,0.0
R1_within_bearing,all,S2_new_records,20,,44,0.041666666666666664
R1_within_bearing,all,S2_new_records,20,,45,0.041666666666666664
R1_within_bearing,all,S2_new_records,20,,46,0.0
R1_within_bearing,all,S2_new_records,20,,47,0.0
R1_within_bearing,all,S2_new_records,20,,48,0.0
R1_within_bearing,all,S2_new_records,20,,49,0.0
R1_within_bearing,all,S2_new_records,20,,50,0.041666666666666664
R1_within_bearing,all,S2_new_records,20,,51,0.041666666666666664
R1_within_bearing,all,S2_new_records,20,,52,0.0
R1_within_bearing,all,S2_new_records,20,,53,0.08333333333333333
R1_within_bearing,all,S2_new_records,20,,54,0.041666666666666664
R1_within_bearing,all,S2_new_records,20,,55,0.041666666666666664
R1_within_bearing,all,S2_new_records,20,,56,0.0
R1_within_bearing,all,S2_new_records,20,,57,0.0
R1_within_bearing,all,S2_new_records,20,,58,0.041666666666666664
R1_within_bearing,all,S2_new_records,20,,59,0.0
R1_within_bearing,all,S2_new_records,20,,60,0.041666666666666664
R1_within_bearing,all,S2_new_records,20,,61,0.08333333333333333
R1_within_bearing,all,S2_new_records,20,,62,0.08333333333333333
R1_within_bearing,all,S2_new_records,20,,63,0.08333333333333333
R1_within_bearing,all,S2_new_records,20,,64,0.0
R1_within_bearing,all,S2_new_records,20,,65,0.041666666666666664
R1_within_bearing,all,S2_new_records,20,,66,0.0
R1_within_bearing,all,S2_new_records,20,,67,0.041666666666666664
R1_within_bearing,all,S2_new_records,20,,68,0.0
R1_within_bearing,all,S2_new_records,20,,69,0.16666666666666666
R1_within_bearing,all,S2_new_records,20,,70,0.0
R1_within_bearing,all,S2_new_records,20,,71,0.125
R1_within_bearing,all,S2_new_records,20,,72,0.08333333333333333
R1_within_bearing,all,S2_new_records,20,,73,0.041666666666666664
R1_within_bearing,all,S2_new_records,20,,74,0.041666666666666664
R1_within_bearing,all,S2_new_records,20,,75,0.041666666666666664
R1_within_bearing,all,S2_new_records,20,,76,0.041666666666666664
R1_within_bearing,all,S2_new_records,20,,77,0.0
R1_within_bearing,all,S2_new_records,20,,78,0.0
R1_within_bearing,all,S2_new_records,20,,79,0.0
R1_within_bearing,all,S2_new_records,20,,80,0.041666666666666664
R1_within_bearing,all,S2_new_records,20,,81,0.041666666666666664
R1_within_bearing,all,S2_new_records,20,,82,0.0
R1_within_bearing,all,S2_new_records,20,,83,0.041666666666666664
R1_within_bearing,all,S2_new_records,20,,84,0.0
R1_within_bearing,all,S2_new_records,20,,85,0.0
R1_within_bearing,all,S2_new_records,20,,86,0.0
R1_within_bearing,all,S2_new_records,20,,87,0.041666666666666664
R1_within_bearing,all,S2_new_records,20,,88,0.041666666666666664
R1_within_bearing,all,S2_new_records,20,,89,0.041666666666666664
R1_within_bearing,all,S2_new_records,20,,90,0.125
R1_within_bearing,all,S2_new_records,20,,91,0.0
R1_within_bearing,all,S2_new_records,20,,92,0.0
R1_within_bearing,all,S2_new_records,20,,93,0.0
R1_within_bearing,all,S2_new_records,20,,94,0.041666666666666664
R1_within_bearing,all,S2_new_records,20,,95,0.0
R1_within_bearing,all,S2_new_records,20,,96,0.041666666666666664
R1_within_bearing,all,S2_new_records,20,,97,0.08333333333333333
R1_within_bearing,all,S2_new_records,20,,98,0.041666666666666664
R1_within_bearing,all,S2_new_records,20,,99,0.041666666666666664
R1_within_bearing,all,S2_new_records,40,,0,0.0
R1_within_bearing,all,S2_new_records,40,,1,0.0
R1_within_bearing,all,S2_new_records,40,,2,0.0
R1_within_bearing,all,S2_new_records,40,,3,0.0
R1_within_bearing,all,S2_new_records,40,,4,0.0
R1_within_bearing,all,S2_new_records,40,,5,0.0
R1_within_bearing,all,S2_new_records,40,,6,0.041666666666666664
R1_within_bearing,all,S2_new_records,40,,7,0.041666666666666664
R1_within_bearing,all,S2_new_records,40,,8,0.0
R1_within_bearing,all,S2_new_records,40,,9,0.0
R1_within_bearing,all,S2_new_records,40,,10,0.041666666666666664
R1_within_bearing,all,S2_new_records,40,,11,0.0
R1_within_bearing,all,S2_new_records,40,,12,0.0
R1_within_bearing,all,S2_new_records,40,,13,0.0
R1_within_bearing,all,S2_new_records,40,,14,0.08333333333333333
R1_within_bearing,all,S2_new_records,40,,15,0.0
R1_within_bearing,all,S2_new_records,40,,16,0.0
R1_within_bearing,all,S2_new_records,40,,17,0.0
R1_within_bearing,all,S2_new_records,40,,18,0.0
R1_within_bearing,all,S2_new_records,40,,19,0.0
R1_within_bearing,all,S2_new_records,40,,20,0.041666666666666664
R1_within_bearing,all,S2_new_records,40,,21,0.0
R1_within_bearing,all,S2_new_records,40,,22,0.041666666666666664
R1_within_bearing,all,S2_new_records,40,,23,0.0
R1_within_bearing,all,S2_new_records,40,,24,0.041666666666666664
R1_within_bearing,all,S2_new_records,40,,25,0.0
R1_within_bearing,all,S2_new_records,40,,26,0.0
R1_within_bearing,all,S2_new_records,40,,27,0.0
R1_within_bearing,all,S2_new_records,40,,28,0.041666666666666664
R1_within_bearing,all,S2_new_records,40,,29,0.0
R1_within_bearing,all,S2_new_records,40,,30,0.0
R1_within_bearing,all,S2_new_records,40,,31,0.041666666666666664
R1_within_bearing,all,S2_new_records,40,,32,0.0
R1_within_bearing,all,S2_new_records,40,,33,0.0
R1_within_bearing,all,S2_new_records,40,,34,0.0
R1_within_bearing,all,S2_new_records,40,,35,0.0
R1_within_bearing,all,S2_new_records,40,,36,0.0
R1_within_bearing,all,S2_new_records,40,,37,0.0
R1_within_bearing,all,S2_new_records,40,,38,0.0
R1_within_bearing,all,S2_new_records,40,,39,0.0
R1_within_bearing,all,S2_new_records,40,,40,0.0
R1_within_bearing,all,S2_new_records,40,,41,0.0
R1_within_bearing,all,S2_new_records,40,,42,0.0
R1_within_bearing,all,S2_new_records,40,,43,0.08333333333333333
R1_within_bearing,all,S2_new_records,40,,44,0.0
R1_within_bearing,all,S2_new_records,40,,45,0.0
R1_within_bearing,all,S2_new_records,40,,46,0.041666666666666664
R1_within_bearing,all,S2_new_records,40,,47,0.041666666666666664
R1_within_bearing,all,S2_new_records,40,,48,0.041666666666666664
R1_within_bearing,all,S2_new_records,40,,49,0.0
R1_within_bearing,all,S2_new_records,40,,50,0.0
R1_within_bearing,all,S2_new_records,40,,51,0.0
R1_within_bearing,all,S2_new_records,40,,52,0.0
R1_within_bearing,all,S2_new_records,40,,53,0.0
R1_within_bearing,all,S2_new_records,40,,54,0.0
R1_within_bearing,all,S2_new_records,40,,55,0.0
R1_within_bearing,all,S2_new_records,40,,56,0.0
R1_within_bearing,all,S2_new_records,40,,57,0.0
R1_within_bearing,all,S2_new_records,40,,58,0.0
R1_within_bearing,all,S2_new_records,40,,59,0.0
R1_within_bearing,all,S2_new_records,40,,60,0.0
R1_within_bearing,all,S2_new_records,40,,61,0.0
R1_within_bearing,all,S2_new_records,40,,62,0.0
R1_within_bearing,all,S2_new_records,40,,63,0.0
R1_within_bearing,all,S2_new_records,40,,64,0.0
R1_within_bearing,all,S2_new_records,40,,65,0.0
R1_within_bearing,all,S2_new_records,40,,66,0.0
R1_within_bearing,all,S2_new_records,40,,67,0.0
R1_within_bearing,all,S2_new_records,40,,68,0.0
R1_within_bearing,all,S2_new_records,40,,69,0.0
R1_within_bearing,all,S2_new_records,40,,70,0.0
R1_within_bearing,all,S2_new_records,40,,71,0.0
R1_within_bearing,all,S2_new_records,40,,72,0.0
R1_within_bearing,all,S2_new_records,40,,73,0.041666666666666664
R1_within_bearing,all,S2_new_records,40,,74,0.0
R1_within_bearing,all,S2_new_records,40,,75,0.0
R1_within_bearing,all,S2_new_records,40,,76,0.041666666666666664
R1_within_bearing,all,S2_new_records,40,,77,0.041666666666666664
R1_within_bearing,all,S2_new_records,40,,78,0.0
R1_within_bearing,all,S2_new_records,40,,79,0.0
R1_within_bearing,all,S2_new_records,40,,80,0.0
R1_within_bearing,all,S2_new_records,40,,81,0.0
R1_within_bearing,all,S2_new_records,40,,82,0.041666666666666664
R1_within_bearing,all,S2_new_records,40,,83,0.0
R1_within_bearing,all,S2_new_records,40,,84,0.041666666666666664
R1_within_bearing,all,S2_new_records,40,,85,0.0
R1_within_bearing,all,S2_new_records,40,,86,0.041666666666666664
R1_within_bearing,all,S2_new_records,40,,87,0.041666666666666664
R1_within_bearing,all,S2_new_records,40,,88,0.0
R1_within_bearing,all,S2_new_records,40,,89,0.0
R1_within_bearing,all,S2_new_records,40,,90,0.0
R1_within_bearing,all,S2_new_records,40,,91,0.041666666666666664
R1_within_bearing,all,S2_new_records,40,,92,0.0
R1_within_bearing,all,S2_new_records,40,,93,0.0
R1_within_bearing,all,S2_new_records,40,,94,0.0
R1_within_bearing,all,S2_new_records,40,,95,0.0
R1_within_bearing,all,S2_new_records,40,,96,0.0
R1_within_bearing,all,S2_new_records,40,,97,0.0
R1_within_bearing,all,S2_new_records,40,,98,0.041666666666666664
R1_within_bearing,all,S2_new_records,40,,99,0.0
R1_within_bearing,all,S2_new_records,60,,0,0.0
R1_within_bearing,all,S2_new_records,60,,1,0.0
R1_within_bearing,all,S2_new_records,60,,2,0.0
R1_within_bearing,all,S2_new_records,60,,3,0.0
R1_within_bearing,all,S2_new_records,60,,4,0.0
R1_within_bearing,all,S2_new_records,60,,5,0.0
R1_within_bearing,all,S2_new_records,60,,6,0.0
R1_within_bearing,all,S2_new_records,60,,7,0.0
R1_within_bearing,all,S2_new_records,60,,8,0.0
R1_within_bearing,all,S2_new_records,60,,9,0.0
R1_within_bearing,all,S2_new_records,60,,10,0.041666666666666664
R1_within_bearing,all,S2_new_records,60,,11,0.0
R1_within_bearing,all,S2_new_records,60,,12,0.0
R1_within_bearing,all,S2_new_records,60,,13,0.0
R1_within_bearing,all,S2_new_records,60,,14,0.0
R1_within_bearing,all,S2_new_records,60,,15,0.0
R1_within_bearing,all,S2_new_records,60,,16,0.0
R1_within_bearing,all,S2_new_records,60,,17,0.0
R1_within_bearing,all,S2_new_records,60,,18,0.0
R1_within_bearing,all,S2_new_records,60,,19,0.041666666666666664
R1_within_bearing,all,S2_new_records,60,,20,0.0
R1_within_bearing,all,S2_new_records,60,,21,0.0
R1_within_bearing,all,S2_new_records,60,,22,0.0
R1_within_bearing,all,S2_new_records,60,,23,0.041666666666666664
R1_within_bearing,all,S2_new_records,60,,24,0.0
R1_within_bearing,all,S2_new_records,60,,25,0.0
R1_within_bearing,all,S2_new_records,60,,26,0.041666666666666664
R1_within_bearing,all,S2_new_records,60,,27,0.0
R1_within_bearing,all,S2_new_records,60,,28,0.0
R1_within_bearing,all,S2_new_records,60,,29,0.0
R1_within_bearing,all,S2_new_records,60,,30,0.0
R1_within_bearing,all,S2_new_records,60,,31,0.0
R1_within_bearing,all,S2_new_records,60,,32,0.041666666666666664
R1_within_bearing,all,S2_new_records,60,,33,0.0
R1_within_bearing,all,S2_new_records,60,,34,0.0
R1_within_bearing,all,S2_new_records,60,,35,0.0
R1_within_bearing,all,S2_new_records,60,,36,0.0
R1_within_bearing,all,S2_new_records,60,,37,0.0
R1_within_bearing,all,S2_new_records,60,,38,0.0
R1_within_bearing,all,S2_new_records,60,,39,0.0
R1_within_bearing,all,S2_new_records,60,,40,0.041666666666666664
R1_within_bearing,all,S2_new_records,60,,41,0.0
R1_within_bearing,all,S2_new_records,60,,42,0.0
R1_within_bearing,all,S2_new_records,60,,43,0.0
R1_within_bearing,all,S2_new_records,60,,44,0.0
R1_within_bearing,all,S2_new_records,60,,45,0.0
R1_within_bearing,all,S2_new_records,60,,46,0.0
R1_within_bearing,all,S2_new_records,60,,47,0.0
R1_within_bearing,all,S2_new_records,60,,48,0.0
R1_within_bearing,all,S2_new_records,60,,49,0.0
R1_within_bearing,all,S2_new_records,60,,50,0.0
R1_within_bearing,all,S2_new_records,60,,51,0.0
R1_within_bearing,all,S2_new_records,60,,52,0.0
R1_within_bearing,all,S2_new_records,60,,53,0.0
R1_within_bearing,all,S2_new_records,60,,54,0.0
R1_within_bearing,all,S2_new_records,60,,55,0.0
R1_within_bearing,all,S2_new_records,60,,56,0.0
R1_within_bearing,all,S2_new_records,60,,57,0.0
R1_within_bearing,all,S2_new_records,60,,58,0.0
R1_within_bearing,all,S2_new_records,60,,59,0.0
R1_within_bearing,all,S2_new_records,60,,60,0.0
R1_within_bearing,all,S2_new_records,60,,61,0.0
R1_within_bearing,all,S2_new_records,60,,62,0.0
R1_within_bearing,all,S2_new_records,60,,63,0.0
R1_within_bearing,all,S2_new_records,60,,64,0.0
R1_within_bearing,all,S2_new_records,60,,65,0.0
R1_within_bearing,all,S2_new_records,60,,66,0.0
R1_within_bearing,all,S2_new_records,60,,67,0.0
R1_within_bearing,all,S2_new_records,60,,68,0.0
R1_within_bearing,all,S2_new_records,60,,69,0.0
R1_within_bearing,all,S2_new_records,60,,70,0.041666666666666664
R1_within_bearing,all,S2_new_records,60,,71,0.0
R1_within_bearing,all,S2_new_records,60,,72,0.0
R1_within_bearing,all,S2_new_records,60,,73,0.0
R1_within_bearing,all,S2_new_records,60,,74,0.0
R1_within_bearing,all,S2_new_records,60,,75,0.0
R1_within_bearing,all,S2_new_records,60,,76,0.0
R1_within_bearing,all,S2_new_records,60,,77,0.0
R1_within_bearing,all,S2_new_records,60,,78,0.0
R1_within_bearing,all,S2_new_records,60,,79,0.0
R1_within_bearing,all,S2_new_records,60,,80,0.0
R1_within_bearing,all,S2_new_records,60,,81,0.0
R1_within_bearing,all,S2_new_records,60,,82,0.0
R1_within_bearing,all,S2_new_records,60,,83,0.0
R1_within_bearing,all,S2_new_records,60,,84,0.0
R1_within_bearing,all,S2_new_records,60,,85,0.0
R1_within_bearing,all,S2_new_records,60,,86,0.0
R1_within_bearing,all,S2_new_records,60,,87,0.0
R1_within_bearing,all,S2_new_records,60,,88,0.0
R1_within_bearing,all,S2_new_records,60,,89,0.0
R1_within_bearing,all,S2_new_records,60,,90,0.0
R1_within_bearing,all,S2_new_records,60,,91,0.0
R1_within_bearing,all,S2_new_records,60,,92,0.0
R1_within_bearing,all,S2_new_records,60,,93,0.0
R1_within_bearing,all,S2_new_records,60,,94,0.0
R1_within_bearing,all,S2_new_records,60,,95,0.0
R1_within_bearing,all,S2_new_records,60,,96,0.0
R1_within_bearing,all,S2_new_records,60,,97,0.0
R1_within_bearing,all,S2_new_records,60,,98,0.0
R1_within_bearing,all,S2_new_records,60,,99,0.0
R1_within_bearing,all,S2_new_records,80,,0,0.0
R1_within_bearing,all,S2_new_records,80,,1,0.0
R1_within_bearing,all,S2_new_records,80,,2,0.0
R1_within_bearing,all,S2_new_records,80,,3,0.0
R1_within_bearing,all,S2_new_records,80,,4,0.0
R1_within_bearing,all,S2_new_records,80,,5,0.0
R1_within_bearing,all,S2_new_records,80,,6,0.0
R1_within_bearing,all,S2_new_records,80,,7,0.0
R1_within_bearing,all,S2_new_records,80,,8,0.0
R1_within_bearing,all,S2_new_records,80,,9,0.0
R1_within_bearing,all,S2_new_records,80,,10,0.0
R1_within_bearing,all,S2_new_records,80,,11,0.0
R1_within_bearing,all,S2_new_records,80,,12,0.0
R1_within_bearing,all,S2_new_records,80,,13,0.0
R1_within_bearing,all,S2_new_records,80,,14,0.0
R1_within_bearing,all,S2_new_records,80,,15,0.0
R1_within_bearing,all,S2_new_records,80,,16,0.0
R1_within_bearing,all,S2_new_records,80,,17,0.0
R1_within_bearing,all,S2_new_records,80,,18,0.0
R1_within_bearing,all,S2_new_records,80,,19,0.0
R1_within_bearing,all,S2_new_records,80,,20,0.0
R1_within_bearing,all,S2_new_records,80,,21,0.0
R1_within_bearing,all,S2_new_records,80,,22,0.0
R1_within_bearing,all,S2_new_records,80,,23,0.0
R1_within_bearing,all,S2_new_records,80,,24,0.0
R1_within_bearing,all,S2_new_records,80,,25,0.0
R1_within_bearing,all,S2_new_records,80,,26,0.0
R1_within_bearing,all,S2_new_records,80,,27,0.0
R1_within_bearing,all,S2_new_records,80,,28,0.0
R1_within_bearing,all,S2_new_records,80,,29,0.0
R1_within_bearing,all,S2_new_records,80,,30,0.0
R1_within_bearing,all,S2_new_records,80,,31,0.0
R1_within_bearing,all,S2_new_records,80,,32,0.0
R1_within_bearing,all,S2_new_records,80,,33,0.0
R1_within_bearing,all,S2_new_records,80,,34,0.0
R1_within_bearing,all,S2_new_records,80,,35,0.0
R1_within_bearing,all,S2_new_records,80,,36,0.0
R1_within_bearing,all,S2_new_records,80,,37,0.0
R1_within_bearing,all,S2_new_records,80,,38,0.0
R1_within_bearing,all,S2_new_records,80,,39,0.0
R1_within_bearing,all,S2_new_records,80,,40,0.0
R1_within_bearing,all,S2_new_records,80,,41,0.0
R1_within_bearing,all,S2_new_records,80,,42,0.0
R1_within_bearing,all,S2_new_records,80,,43,0.0
R1_within_bearing,all,S2_new_records,80,,44,0.0
R1_within_bearing,all,S2_new_records,80,,45,0.0
R1_within_bearing,all,S2_new_records,80,,46,0.0
R1_within_bearing,all,S2_new_records,80,,47,0.0
R1_within_bearing,all,S2_new_records,80,,48,0.0
R1_within_bearing,all,S2_new_records,80,,49,0.0
R1_within_bearing,all,S2_new_records,80,,50,0.0
R1_within_bearing,all,S2_new_records,80,,51,0.0
R1_within_bearing,all,S2_new_records,80,,52,0.0
R1_within_bearing,all,S2_new_records,80,,53,0.0
R1_within_bearing,all,S2_new_records,80,,54,0.0
R1_within_bearing,all,S2_new_records,80,,55,0.0
R1_within_bearing,all,S2_new_records,80,,56,0.0
R1_within_bearing,all,S2_new_records,80,,57,0.0
R1_within_bearing,all,S2_new_records,80,,58,0.0
R1_within_bearing,all,S2_new_records,80,,59,0.0
R1_within_bearing,all,S2_new_records,80,,60,0.0
R1_within_bearing,all,S2_new_records,80,,61,0.0
R1_within_bearing,all,S2_new_records,80,,62,0.0
R1_within_bearing,all,S2_new_records,80,,63,0.0
R1_within_bearing,all,S2_new_records,80,,64,0.0
R1_within_bearing,all,S2_new_records,80,,65,0.0
R1_within_bearing,all,S2_new_records,80,,66,0.0
R1_within_bearing,all,S2_new_records,80,,67,0.0
R1_within_bearing,all,S2_new_records,80,,68,0.0
R1_within_bearing,all,S2_new_records,80,,69,0.0
R1_within_bearing,all,S2_new_records,80,,70,0.0
R1_within_bearing,all,S2_new_records,80,,71,0.0
R1_within_bearing,all,S2_new_records,80,,72,0.0
R1_within_bearing,all,S2_new_records,80,,73,0.0
R1_within_bearing,all,S2_new_records,80,,74,0.0
R1_within_bearing,all,S2_new_records,80,,75,0.0
R1_within_bearing,all,S2_new_records,80,,76,0.0
R1_within_bearing,all,S2_new_records,80,,77,0.0
R1_within_bearing,all,S2_new_records,80,,78,0.0
R1_within_bearing,all,S2_new_records,80,,79,0.0
R1_within_bearing,all,S2_new_records,80,,80,0.0
R1_within_bearing,all,S2_new_records,80,,81,0.0
R1_within_bearing,all,S2_new_records,80,,82,0.0
R1_within_bearing,all,S2_new_records,80,,83,0.0
R1_within_bearing,all,S2_new_records,80,,84,0.0
R1_within_bearing,all,S2_new_records,80,,85,0.0
R1_within_bearing,all,S2_new_records,80,,86,0.0
R1_within_bearing,all,S2_new_records,80,,87,0.0
R1_within_bearing,all,S2_new_records,80,,88,0.0
R1_within_bearing,all,S2_new_records,80,,89,0.0
R1_within_bearing,all,S2_new_records,80,,90,0.0
R1_within_bearing,all,S2_new_records,80,,91,0.0
R1_within_bearing,all,S2_new_records,80,,92,0.0
R1_within_bearing,all,S2_new_records,80,,93,0.0
R1_within_bearing,all,S2_new_records,80,,94,0.0
R1_within_bearing,all,S2_new_records,80,,95,0.0
R1_within_bearing,all,S2_new_records,80,,96,0.0
R1_within_bearing,all,S2_new_records,80,,97,0.0
R1_within_bearing,all,S2_new_records,80,,98,0.0
R1_within_bearing,all,S2_new_records,80,,99,0.0
R1_within_bearing,all,S2_new_records,96,,0,0.0
R1_within_bearing,all,S2_new_records,96,,1,0.0
R1_within_bearing,all,S2_new_records,96,,2,0.0
R1_within_bearing,all,S2_new_records,96,,3,0.0
R1_within_bearing,all,S2_new_records,96,,4,0.0
R1_within_bearing,all,S2_new_records,96,,5,0.0
R1_within_bearing,all,S2_new_records,96,,6,0.0
R1_within_bearing,all,S2_new_records,96,,7,0.0
R1_within_bearing,all,S2_new_records,96,,8,0.0
R1_within_bearing,all,S2_new_records,96,,9,0.0
R1_within_bearing,all,S2_new_records,96,,10,0.0
R1_within_bearing,all,S2_new_records,96,,11,0.0
R1_within_bearing,all,S2_new_records,96,,12,0.0
R1_within_bearing,all,S2_new_records,96,,13,0.0
R1_within_bearing,all,S2_new_records,96,,14,0.0
R1_within_bearing,all,S2_new_records,96,,15,0.0
R1_within_bearing,all,S2_new_records,96,,16,0.0
R1_within_bearing,all,S2_new_records,96,,17,0.0
R1_within_bearing,all,S2_new_records,96,,18,0.0
R1_within_bearing,all,S2_new_records,96,,19,0.0
R1_within_bearing,all,S2_new_records,96,,20,0.0
R1_within_bearing,all,S2_new_records,96,,21,0.0
R1_within_bearing,all,S2_new_records,96,,22,0.0
R1_within_bearing,all,S2_new_records,96,,23,0.0
R1_within_bearing,all,S2_new_records,96,,24,0.0
R1_within_bearing,all,S2_new_records,96,,25,0.0
R1_within_bearing,all,S2_new_records,96,,26,0.0
R1_within_bearing,all,S2_new_records,96,,27,0.0
R1_within_bearing,all,S2_new_records,96,,28,0.0
R1_within_bearing,all,S2_new_records,96,,29,0.0
R1_within_bearing,all,S2_new_records,96,,30,0.0
R1_within_bearing,all,S2_new_records,96,,31,0.0
R1_within_bearing,all,S2_new_records,96,,32,0.0
R1_within_bearing,all,S2_new_records,96,,33,0.0
R1_within_bearing,all,S2_new_records,96,,34,0.0
R1_within_bearing,all,S2_new_records,96,,35,0.0
R1_within_bearing,all,S2_new_records,96,,36,0.0
R1_within_bearing,all,S2_new_records,96,,37,0.0
R1_within_bearing,all,S2_new_records,96,,38,0.0
R1_within_bearing,all,S2_new_records,96,,39,0.0
R1_within_bearing,all,S2_new_records,96,,40,0.0
R1_within_bearing,all,S2_new_records,96,,41,0.0
R1_within_bearing,all,S2_new_records,96,,42,0.0
R1_within_bearing,all,S2_new_records,96,,43,0.0
R1_within_bearing,all,S2_new_records,96,,44,0.0
R1_within_bearing,all,S2_new_records,96,,45,0.0
R1_within_bearing,all,S2_new_records,96,,46,0.0
R1_within_bearing,all,S2_new_records,96,,47,0.0
R1_within_bearing,all,S2_new_records,96,,48,0.0
R1_within_bearing,all,S2_new_records,96,,49,0.0
R1_within_bearing,all,S2_new_records,96,,50,0.0
R1_within_bearing,all,S2_new_records,96,,51,0.0
R1_within_bearing,all,S2_new_records,96,,52,0.0
R1_within_bearing,all,S2_new_records,96,,53,0.0
R1_within_bearing,all,S2_new_records,96,,54,0.0
R1_within_bearing,all,S2_new_records,96,,55,0.0
R1_within_bearing,all,S2_new_records,96,,56,0.0
R1_within_bearing,all,S2_new_records,96,,57,0.0
R1_within_bearing,all,S2_new_records,96,,58,0.0
R1_within_bearing,all,S2_new_records,96,,59,0.0
R1_within_bearing,all,S2_new_records,96,,60,0.0
R1_within_bearing,all,S2_new_records,96,,61,0.0
R1_within_bearing,all,S2_new_records,96,,62,0.0
R1_within_bearing,all,S2_new_records,96,,63,0.0
R1_within_bearing,all,S2_new_records,96,,64,0.0
R1_within_bearing,all,S2_new_records,96,,65,0.0
R1_within_bearing,all,S2_new_records,96,,66,0.0
R1_within_bearing,all,S2_new_records,96,,67,0.0
R1_within_bearing,all,S2_new_records,96,,68,0.0
R1_within_bearing,all,S2_new_records,96,,69,0.0
R1_within_bearing,all,S2_new_records,96,,70,0.0
R1_within_bearing,all,S2_new_records,96,,71,0.0
R1_within_bearing,all,S2_new_records,96,,72,0.0
R1_within_bearing,all,S2_new_records,96,,73,0.0
R1_within_bearing,all,S2_new_records,96,,74,0.0
R1_within_bearing,all,S2_new_records,96,,75,0.0
R1_within_bearing,all,S2_new_records,96,,76,0.0
R1_within_bearing,all,S2_new_records,96,,77,0.0
R1_within_bearing,all,S2_new_records,96,,78,0.0
R1_within_bearing,all,S2_new_records,96,,79,0.0
R1_within_bearing,all,S2_new_records,96,,80,0.0
R1_within_bearing,all,S2_new_records,96,,81,0.0
R1_within_bearing,all,S2_new_records,96,,82,0.0
R1_within_bearing,all,S2_new_records,96,,83,0.0
R1_within_bearing,all,S2_new_records,96,,84,0.0
R1_within_bearing,all,S2_new_records,96,,85,0.0
R1_within_bearing,all,S2_new_records,96,,86,0.0
R1_within_bearing,all,S2_new_records,96,,87,0.0
R1_within_bearing,all,S2_new_records,96,,88,0.0
R1_within_bearing,all,S2_new_records,96,,89,0.0
R1_within_bearing,all,S2_new_records,96,,90,0.0
R1_within_bearing,all,S2_new_records,96,,91,0.0
R1_within_bearing,all,S2_new_records,96,,92,0.0
R1_within_bearing,all,S2_new_records,96,,93,0.0
R1_within_bearing,all,S2_new_records,96,,94,0.0
R1_within_bearing,all,S2_new_records,96,,95,0.0
R1_within_bearing,all,S2_new_records,96,,96,0.0
R1_within_bearing,all,S2_new_records,96,,97,0.0
R1_within_bearing,all,S2_new_records,96,,98,0.0
R1_within_bearing,all,S2_new_records,96,,99,0.0
R2_bearing_holdout,K001,S1_resample,10,,0,0.4
R2_bearing_holdout,K001,S1_resample,10,,1,1.0
R2_bearing_holdout,K001,S1_resample,10,,2,0.95
R2_bearing_holdout,K001,S1_resample,10,,3,1.0
R2_bearing_holdout,K001,S1_resample,10,,4,1.0
R2_bearing_holdout,K001,S1_resample,10,,5,0.0
R2_bearing_holdout,K001,S1_resample,10,,6,0.0
R2_bearing_holdout,K001,S1_resample,10,,7,0.95
R2_bearing_holdout,K001,S1_resample,10,,8,0.0
R2_bearing_holdout,K001,S1_resample,10,,9,0.0
R2_bearing_holdout,K001,S1_resample,10,,10,0.0
R2_bearing_holdout,K001,S1_resample,10,,11,1.0
R2_bearing_holdout,K001,S1_resample,10,,12,0.7
R2_bearing_holdout,K001,S1_resample,10,,13,1.0
R2_bearing_holdout,K001,S1_resample,10,,14,0.55
R2_bearing_holdout,K001,S1_resample,10,,15,0.0
R2_bearing_holdout,K001,S1_resample,10,,16,0.95
R2_bearing_holdout,K001,S1_resample,10,,17,0.5
R2_bearing_holdout,K001,S1_resample,10,,18,0.9
R2_bearing_holdout,K001,S1_resample,10,,19,0.9
R2_bearing_holdout,K001,S1_resample,10,,20,1.0
R2_bearing_holdout,K001,S1_resample,10,,21,1.0
R2_bearing_holdout,K001,S1_resample,10,,22,0.75
R2_bearing_holdout,K001,S1_resample,10,,23,0.25
R2_bearing_holdout,K001,S1_resample,10,,24,0.5
R2_bearing_holdout,K001,S1_resample,10,,25,0.0
R2_bearing_holdout,K001,S1_resample,10,,26,0.25
R2_bearing_holdout,K001,S1_resample,10,,27,0.0
R2_bearing_holdout,K001,S1_resample,10,,28,0.9
R2_bearing_holdout,K001,S1_resample,10,,29,1.0
R2_bearing_holdout,K001,S1_resample,10,,30,0.95
R2_bearing_holdout,K001,S1_resample,10,,31,1.0
R2_bearing_holdout,K001,S1_resample,10,,32,1.0
R2_bearing_holdout,K001,S1_resample,10,,33,1.0
R2_bearing_holdout,K001,S1_resample,10,,34,0.9
R2_bearing_holdout,K001,S1_resample,10,,35,0.0
R2_bearing_holdout,K001,S1_resample,10,,36,0.95
R2_bearing_holdout,K001,S1_resample,10,,37,0.0
R2_bearing_holdout,K001,S1_resample,10,,38,0.0
R2_bearing_holdout,K001,S1_resample,10,,39,0.95
R2_bearing_holdout,K001,S1_resample,10,,40,0.95
R2_bearing_holdout,K001,S1_resample,10,,41,1.0
R2_bearing_holdout,K001,S1_resample,10,,42,0.85
R2_bearing_holdout,K001,S1_resample,10,,43,1.0
R2_bearing_holdout,K001,S1_resample,10,,44,0.95
R2_bearing_holdout,K001,S1_resample,10,,45,0.4
R2_bearing_holdout,K001,S1_resample,10,,46,0.85
R2_bearing_holdout,K001,S1_resample,10,,47,0.95
R2_bearing_holdout,K001,S1_resample,10,,48,0.95
R2_bearing_holdout,K001,S1_resample,10,,49,0.0
R2_bearing_holdout,K001,S1_resample,10,,50,0.3
R2_bearing_holdout,K001,S1_resample,10,,51,0.95
R2_bearing_holdout,K001,S1_resample,10,,52,1.0
R2_bearing_holdout,K001,S1_resample,10,,53,0.0
R2_bearing_holdout,K001,S1_resample,10,,54,0.95
R2_bearing_holdout,K001,S1_resample,10,,55,1.0
R2_bearing_holdout,K001,S1_resample,10,,56,0.0
R2_bearing_holdout,K001,S1_resample,10,,57,0.95
R2_bearing_holdout,K001,S1_resample,10,,58,0.95
R2_bearing_holdout,K001,S1_resample,10,,59,1.0
R2_bearing_holdout,K001,S1_resample,10,,60,0.25
R2_bearing_holdout,K001,S1_resample,10,,61,0.95
R2_bearing_holdout,K001,S1_resample,10,,62,0.0
R2_bearing_holdout,K001,S1_resample,10,,63,0.0
R2_bearing_holdout,K001,S1_resample,10,,64,1.0
R2_bearing_holdout,K001,S1_resample,10,,65,0.95
R2_bearing_holdout,K001,S1_resample,10,,66,0.65
R2_bearing_holdout,K001,S1_resample,10,,67,1.0
R2_bearing_holdout,K001,S1_resample,10,,68,0.4
R2_bearing_holdout,K001,S1_resample,10,,69,1.0
R2_bearing_holdout,K001,S1_resample,10,,70,0.0
R2_bearing_holdout,K001,S1_resample,10,,71,0.8
R2_bearing_holdout,K001,S1_resample,10,,72,0.9
R2_bearing_holdout,K001,S1_resample,10,,73,1.0
R2_bearing_holdout,K001,S1_resample,10,,74,0.0
R2_bearing_holdout,K001,S1_resample,10,,75,1.0
R2_bearing_holdout,K001,S1_resample,10,,76,0.7
R2_bearing_holdout,K001,S1_resample,10,,77,1.0
R2_bearing_holdout,K001,S1_resample,10,,78,0.0
R2_bearing_holdout,K001,S1_resample,10,,79,0.5
R2_bearing_holdout,K001,S1_resample,10,,80,0.4
R2_bearing_holdout,K001,S1_resample,10,,81,1.0
R2_bearing_holdout,K001,S1_resample,10,,82,0.6
R2_bearing_holdout,K001,S1_resample,10,,83,0.9
R2_bearing_holdout,K001,S1_resample,10,,84,0.0
R2_bearing_holdout,K001,S1_resample,10,,85,0.95
R2_bearing_holdout,K001,S1_resample,10,,86,0.85
R2_bearing_holdout,K001,S1_resample,10,,87,1.0
R2_bearing_holdout,K001,S1_resample,10,,88,0.4
R2_bearing_holdout,K001,S1_resample,10,,89,0.0
R2_bearing_holdout,K001,S1_resample,10,,90,0.9
R2_bearing_holdout,K001,S1_resample,10,,91,0.85
R2_bearing_holdout,K001,S1_resample,10,,92,0.8
R2_bearing_holdout,K001,S1_resample,10,,93,1.0
R2_bearing_holdout,K001,S1_resample,10,,94,1.0
R2_bearing_holdout,K001,S1_resample,10,,95,0.85
R2_bearing_holdout,K001,S1_resample,10,,96,0.95
R2_bearing_holdout,K001,S1_resample,10,,97,0.95
R2_bearing_holdout,K001,S1_resample,10,,98,0.75
R2_bearing_holdout,K001,S1_resample,10,,99,1.0
R2_bearing_holdout,K001,S1_resample,20,,0,1.0
R2_bearing_holdout,K001,S1_resample,20,,1,0.65
R2_bearing_holdout,K001,S1_resample,20,,2,0.4
R2_bearing_holdout,K001,S1_resample,20,,3,0.0
R2_bearing_holdout,K001,S1_resample,20,,4,1.0
R2_bearing_holdout,K001,S1_resample,20,,5,0.95
R2_bearing_holdout,K001,S1_resample,20,,6,0.95
R2_bearing_holdout,K001,S1_resample,20,,7,0.95
R2_bearing_holdout,K001,S1_resample,20,,8,0.95
R2_bearing_holdout,K001,S1_resample,20,,9,0.95
R2_bearing_holdout,K001,S1_resample,20,,10,0.75
R2_bearing_holdout,K001,S1_resample,20,,11,0.95
R2_bearing_holdout,K001,S1_resample,20,,12,0.7
R2_bearing_holdout,K001,S1_resample,20,,13,0.0
R2_bearing_holdout,K001,S1_resample,20,,14,0.95
R2_bearing_holdout,K001,S1_resample,20,,15,1.0
R2_bearing_holdout,K001,S1_resample,20,,16,0.95
R2_bearing_holdout,K001,S1_resample,20,,17,0.85
R2_bearing_holdout,K001,S1_resample,20,,18,0.0
R2_bearing_holdout,K001,S1_resample,20,,19,0.95
R2_bearing_holdout,K001,S1_resample,20,,20,0.35
R2_bearing_holdout,K001,S1_resample,20,,21,1.0
R2_bearing_holdout,K001,S1_resample,20,,22,1.0
R2_bearing_holdout,K001,S1_resample,20,,23,0.95
R2_bearing_holdout,K001,S1_resample,20,,24,1.0
R2_bearing_holdout,K001,S1_resample,20,,25,0.55
R2_bearing_holdout,K001,S1_resample,20,,26,0.95
R2_bearing_holdout,K001,S1_resample,20,,27,0.2
R2_bearing_holdout,K001,S1_resample,20,,28,0.95
R2_bearing_holdout,K001,S1_resample,20,,29,1.0
R2_bearing_holdout,K001,S1_resample,20,,30,1.0
R2_bearing_holdout,K001,S1_resample,20,,31,0.4
R2_bearing_holdout,K001,S1_resample,20,,32,0.75
R2_bearing_holdout,K001,S1_resample,20,,33,0.5
R2_bearing_holdout,K001,S1_resample,20,,34,1.0
R2_bearing_holdout,K001,S1_resample,20,,35,0.95
R2_bearing_holdout,K001,S1_resample,20,,36,0.8
R2_bearing_holdout,K001,S1_resample,20,,37,0.0
R2_bearing_holdout,K001,S1_resample,20,,38,1.0
R2_bearing_holdout,K001,S1_resample,20,,39,0.95
R2_bearing_holdout,K001,S1_resample,20,,40,1.0
R2_bearing_holdout,K001,S1_resample,20,,41,0.6
R2_bearing_holdout,K001,S1_resample,20,,42,0.65
R2_bearing_holdout,K001,S1_resample,20,,43,0.95
R2_bearing_holdout,K001,S1_resample,20,,44,0.85
R2_bearing_holdout,K001,S1_resample,20,,45,0.9
R2_bearing_holdout,K001,S1_resample,20,,46,0.8
R2_bearing_holdout,K001,S1_resample,20,,47,1.0
R2_bearing_holdout,K001,S1_resample,20,,48,0.9
R2_bearing_holdout,K001,S1_resample,20,,49,0.8
R2_bearing_holdout,K001,S1_resample,20,,50,0.85
R2_bearing_holdout,K001,S1_resample,20,,51,0.65
R2_bearing_holdout,K001,S1_resample,20,,52,0.95
R2_bearing_holdout,K001,S1_resample,20,,53,0.95
R2_bearing_holdout,K001,S1_resample,20,,54,0.9
R2_bearing_holdout,K001,S1_resample,20,,55,0.95
R2_bearing_holdout,K001,S1_resample,20,,56,0.0
R2_bearing_holdout,K001,S1_resample,20,,57,0.65
R2_bearing_holdout,K001,S1_resample,20,,58,0.4
R2_bearing_holdout,K001,S1_resample,20,,59,0.65
R2_bearing_holdout,K001,S1_resample,20,,60,0.0
R2_bearing_holdout,K001,S1_resample,20,,61,0.75
R2_bearing_holdout,K001,S1_resample,20,,62,0.95
R2_bearing_holdout,K001,S1_resample,20,,63,1.0
R2_bearing_holdout,K001,S1_resample,20,,64,1.0
R2_bearing_holdout,K001,S1_resample,20,,65,0.0
R2_bearing_holdout,K001,S1_resample,20,,66,1.0
R2_bearing_holdout,K001,S1_resample,20,,67,0.55
R2_bearing_holdout,K001,S1_resample,20,,68,0.95
R2_bearing_holdout,K001,S1_resample,20,,69,0.85
R2_bearing_holdout,K001,S1_resample,20,,70,0.75
R2_bearing_holdout,K001,S1_resample,20,,71,0.8
R2_bearing_holdout,K001,S1_resample,20,,72,0.7
R2_bearing_holdout,K001,S1_resample,20,,73,0.95
R2_bearing_holdout,K001,S1_resample,20,,74,0.4
R2_bearing_holdout,K001,S1_resample,20,,75,1.0
R2_bearing_holdout,K001,S1_resample,20,,76,0.8
R2_bearing_holdout,K001,S1_resample,20,,77,0.95
R2_bearing_holdout,K001,S1_resample,20,,78,0.95
R2_bearing_holdout,K001,S1_resample,20,,79,1.0
R2_bearing_holdout,K001,S1_resample,20,,80,0.95
R2_bearing_holdout,K001,S1_resample,20,,81,0.95
R2_bearing_holdout,K001,S1_resample,20,,82,0.95
R2_bearing_holdout,K001,S1_resample,20,,83,0.95
R2_bearing_holdout,K001,S1_resample,20,,84,0.95
R2_bearing_holdout,K001,S1_resample,20,,85,0.7
R2_bearing_holdout,K001,S1_resample,20,,86,0.0
R2_bearing_holdout,K001,S1_resample,20,,87,0.7
R2_bearing_holdout,K001,S1_resample,20,,88,0.95
R2_bearing_holdout,K001,S1_resample,20,,89,0.55
R2_bearing_holdout,K001,S1_resample,20,,90,0.0
R2_bearing_holdout,K001,S1_resample,20,,91,0.95
R2_bearing_holdout,K001,S1_resample,20,,92,0.55
R2_bearing_holdout,K001,S1_resample,20,,93,0.2
R2_bearing_holdout,K001,S1_resample,20,,94,1.0
R2_bearing_holdout,K001,S1_resample,20,,95,0.75
R2_bearing_holdout,K001,S1_resample,20,,96,0.85
R2_bearing_holdout,K001,S1_resample,20,,97,0.0
R2_bearing_holdout,K001,S1_resample,20,,98,0.95
R2_bearing_holdout,K001,S1_resample,20,,99,0.95
R2_bearing_holdout,K001,S1_resample,40,,0,0.4
R2_bearing_holdout,K001,S1_resample,40,,1,0.45
R2_bearing_holdout,K001,S1_resample,40,,2,1.0
R2_bearing_holdout,K001,S1_resample,40,,3,0.95
R2_bearing_holdout,K001,S1_resample,40,,4,0.95
R2_bearing_holdout,K001,S1_resample,40,,5,0.95
R2_bearing_holdout,K001,S1_resample,40,,6,1.0
R2_bearing_holdout,K001,S1_resample,40,,7,0.35
R2_bearing_holdout,K001,S1_resample,40,,8,1.0
R2_bearing_holdout,K001,S1_resample,40,,9,0.45
R2_bearing_holdout,K001,S1_resample,40,,10,0.95
R2_bearing_holdout,K001,S1_resample,40,,11,0.85
R2_bearing_holdout,K001,S1_resample,40,,12,1.0
R2_bearing_holdout,K001,S1_resample,40,,13,1.0
R2_bearing_holdout,K001,S1_resample,40,,14,0.9
R2_bearing_holdout,K001,S1_resample,40,,15,0.95
R2_bearing_holdout,K001,S1_resample,40,,16,1.0
R2_bearing_holdout,K001,S1_resample,40,,17,0.8
R2_bearing_holdout,K001,S1_resample,40,,18,0.95
R2_bearing_holdout,K001,S1_resample,40,,19,0.75
R2_bearing_holdout,K001,S1_resample,40,,20,1.0
R2_bearing_holdout,K001,S1_resample,40,,21,0.85
R2_bearing_holdout,K001,S1_resample,40,,22,0.9
R2_bearing_holdout,K001,S1_resample,40,,23,0.65
R2_bearing_holdout,K001,S1_resample,40,,24,0.55
R2_bearing_holdout,K001,S1_resample,40,,25,1.0
R2_bearing_holdout,K001,S1_resample,40,,26,1.0
R2_bearing_holdout,K001,S1_resample,40,,27,0.65
R2_bearing_holdout,K001,S1_resample,40,,28,0.85
R2_bearing_holdout,K001,S1_resample,40,,29,0.75
R2_bearing_holdout,K001,S1_resample,40,,30,1.0
R2_bearing_holdout,K001,S1_resample,40,,31,0.95
R2_bearing_holdout,K001,S1_resample,40,,32,0.65
R2_bearing_holdout,K001,S1_resample,40,,33,0.95
R2_bearing_holdout,K001,S1_resample,40,,34,0.85
R2_bearing_holdout,K001,S1_resample,40,,35,0.35
R2_bearing_holdout,K001,S1_resample,40,,36,0.0
R2_bearing_holdout,K001,S1_resample,40,,37,0.7
R2_bearing_holdout,K001,S1_resample,40,,38,1.0
R2_bearing_holdout,K001,S1_resample,40,,39,0.75
R2_bearing_holdout,K001,S1_resample,40,,40,0.95
R2_bearing_holdout,K001,S1_resample,40,,41,0.85
R2_bearing_holdout,K001,S1_resample,40,,42,0.55
R2_bearing_holdout,K001,S1_resample,40,,43,1.0
R2_bearing_holdout,K001,S1_resample,40,,44,0.95
R2_bearing_holdout,K001,S1_resample,40,,45,0.8
R2_bearing_holdout,K001,S1_resample,40,,46,0.55
R2_bearing_holdout,K001,S1_resample,40,,47,0.0
R2_bearing_holdout,K001,S1_resample,40,,48,0.9
R2_bearing_holdout,K001,S1_resample,40,,49,0.95
R2_bearing_holdout,K001,S1_resample,40,,50,0.7
R2_bearing_holdout,K001,S1_resample,40,,51,0.7
R2_bearing_holdout,K001,S1_resample,40,,52,0.8
R2_bearing_holdout,K001,S1_resample,40,,53,0.75
R2_bearing_holdout,K001,S1_resample,40,,54,0.6
R2_bearing_holdout,K001,S1_resample,40,,55,1.0
R2_bearing_holdout,K001,S1_resample,40,,56,1.0
R2_bearing_holdout,K001,S1_resample,40,,57,0.35
R2_bearing_holdout,K001,S1_resample,40,,58,0.65
R2_bearing_holdout,K001,S1_resample,40,,59,0.95
R2_bearing_holdout,K001,S1_resample,40,,60,0.95
R2_bearing_holdout,K001,S1_resample,40,,61,0.9
R2_bearing_holdout,K001,S1_resample,40,,62,0.8
R2_bearing_holdout,K001,S1_resample,40,,63,0.6
R2_bearing_holdout,K001,S1_resample,40,,64,0.6
R2_bearing_holdout,K001,S1_resample,40,,65,0.55
R2_bearing_holdout,K001,S1_resample,40,,66,0.35
R2_bearing_holdout,K001,S1_resample,40,,67,0.85
R2_bearing_holdout,K001,S1_resample,40,,68,0.8
R2_bearing_holdout,K001,S1_resample,40,,69,0.95
R2_bearing_holdout,K001,S1_resample,40,,70,0.65
R2_bearing_holdout,K001,S1_resample,40,,71,1.0
R2_bearing_holdout,K001,S1_resample,40,,72,1.0
R2_bearing_holdout,K001,S1_resample,40,,73,0.95
R2_bearing_holdout,K001,S1_resample,40,,74,0.95
R2_bearing_holdout,K001,S1_resample,40,,75,0.8
R2_bearing_holdout,K001,S1_resample,40,,76,0.95
R2_bearing_holdout,K001,S1_resample,40,,77,0.35
R2_bearing_holdout,K001,S1_resample,40,,78,0.9
R2_bearing_holdout,K001,S1_resample,40,,79,0.95
R2_bearing_holdout,K001,S1_resample,40,,80,0.95
R2_bearing_holdout,K001,S1_resample,40,,81,0.55
R2_bearing_holdout,K001,S1_resample,40,,82,0.95
R2_bearing_holdout,K001,S1_resample,40,,83,1.0
R2_bearing_holdout,K001,S1_resample,40,,84,0.95
R2_bearing_holdout,K001,S1_resample,40,,85,1.0
R2_bearing_holdout,K001,S1_resample,40,,86,1.0
R2_bearing_holdout,K001,S1_resample,40,,87,1.0
R2_bearing_holdout,K001,S1_resample,40,,88,0.6
R2_bearing_holdout,K001,S1_resample,40,,89,0.75
R2_bearing_holdout,K001,S1_resample,40,,90,1.0
R2_bearing_holdout,K001,S1_resample,40,,91,0.6
R2_bearing_holdout,K001,S1_resample,40,,92,0.0
R2_bearing_holdout,K001,S1_resample,40,,93,0.75
R2_bearing_holdout,K001,S1_resample,40,,94,0.85
R2_bearing_holdout,K001,S1_resample,40,,95,1.0
R2_bearing_holdout,K001,S1_resample,40,,96,1.0
R2_bearing_holdout,K001,S1_resample,40,,97,0.9
R2_bearing_holdout,K001,S1_resample,40,,98,0.75
R2_bearing_holdout,K001,S1_resample,40,,99,0.85
R2_bearing_holdout,K001,S1_resample,60,,0,0.5
R2_bearing_holdout,K001,S1_resample,60,,1,0.6
R2_bearing_holdout,K001,S1_resample,60,,2,1.0
R2_bearing_holdout,K001,S1_resample,60,,3,0.85
R2_bearing_holdout,K001,S1_resample,60,,4,0.85
R2_bearing_holdout,K001,S1_resample,60,,5,0.45
R2_bearing_holdout,K001,S1_resample,60,,6,0.55
R2_bearing_holdout,K001,S1_resample,60,,7,0.45
R2_bearing_holdout,K001,S1_resample,60,,8,0.95
R2_bearing_holdout,K001,S1_resample,60,,9,0.95
R2_bearing_holdout,K001,S1_resample,60,,10,1.0
R2_bearing_holdout,K001,S1_resample,60,,11,1.0
R2_bearing_holdout,K001,S1_resample,60,,12,0.65
R2_bearing_holdout,K001,S1_resample,60,,13,0.75
R2_bearing_holdout,K001,S1_resample,60,,14,1.0
R2_bearing_holdout,K001,S1_resample,60,,15,1.0
R2_bearing_holdout,K001,S1_resample,60,,16,1.0
R2_bearing_holdout,K001,S1_resample,60,,17,1.0
R2_bearing_holdout,K001,S1_resample,60,,18,0.65
R2_bearing_holdout,K001,S1_resample,60,,19,0.85
R2_bearing_holdout,K001,S1_resample,60,,20,0.4
R2_bearing_holdout,K001,S1_resample,60,,21,1.0
R2_bearing_holdout,K001,S1_resample,60,,22,0.7
R2_bearing_holdout,K001,S1_resample,60,,23,0.9
R2_bearing_holdout,K001,S1_resample,60,,24,0.65
R2_bearing_holdout,K001,S1_resample,60,,25,0.65
R2_bearing_holdout,K001,S1_resample,60,,26,0.75
R2_bearing_holdout,K001,S1_resample,60,,27,0.85
R2_bearing_holdout,K001,S1_resample,60,,28,0.4
R2_bearing_holdout,K001,S1_resample,60,,29,1.0
R2_bearing_holdout,K001,S1_resample,60,,30,0.85
R2_bearing_holdout,K001,S1_resample,60,,31,0.6
R2_bearing_holdout,K001,S1_resample,60,,32,0.25
R2_bearing_holdout,K001,S1_resample,60,,33,0.85
R2_bearing_holdout,K001,S1_resample,60,,34,0.8
R2_bearing_holdout,K001,S1_resample,60,,35,0.4
R2_bearing_holdout,K001,S1_resample,60,,36,1.0
R2_bearing_holdout,K001,S1_resample,60,,37,0.6
R2_bearing_holdout,K001,S1_resample,60,,38,0.5
R2_bearing_holdout,K001,S1_resample,60,,39,0.7
R2_bearing_holdout,K001,S1_resample,60,,40,0.35
R2_bearing_holdout,K001,S1_resample,60,,41,0.95
R2_bearing_holdout,K001,S1_resample,60,,42,0.75
R2_bearing_holdout,K001,S1_resample,60,,43,0.75
R2_bearing_holdout,K001,S1_resample,60,,44,0.95
R2_bearing_holdout,K001,S1_resample,60,,45,0.9
R2_bearing_holdout,K001,S1_resample,60,,46,1.0
R2_bearing_holdout,K001,S1_resample,60,,47,0.0
R2_bearing_holdout,K001,S1_resample,60,,48,1.0
R2_bearing_holdout,K001,S1_resample,60,,49,1.0
R2_bearing_holdout,K001,S1_resample,60,,50,0.85
R2_bearing_holdout,K001,S1_resample,60,,51,0.95
R2_bearing_holdout,K001,S1_resample,60,,52,0.7
R2_bearing_holdout,K001,S1_resample,60,,53,0.7
R2_bearing_holdout,K001,S1_resample,60,,54,0.95
R2_bearing_holdout,K001,S1_resample,60,,55,1.0
R2_bearing_holdout,K001,S1_resample,60,,56,0.85
R2_bearing_holdout,K001,S1_resample,60,,57,1.0
R2_bearing_holdout,K001,S1_resample,60,,58,0.8
R2_bearing_holdout,K001,S1_resample,60,,59,0.6
R2_bearing_holdout,K001,S1_resample,60,,60,0.55
R2_bearing_holdout,K001,S1_resample,60,,61,0.8
R2_bearing_holdout,K001,S1_resample,60,,62,1.0
R2_bearing_holdout,K001,S1_resample,60,,63,0.7
R2_bearing_holdout,K001,S1_resample,60,,64,0.95
R2_bearing_holdout,K001,S1_resample,60,,65,0.95
R2_bearing_holdout,K001,S1_resample,60,,66,0.95
R2_bearing_holdout,K001,S1_resample,60,,67,0.7
R2_bearing_holdout,K001,S1_resample,60,,68,1.0
R2_bearing_holdout,K001,S1_resample,60,,69,0.85
R2_bearing_holdout,K001,S1_resample,60,,70,1.0
R2_bearing_holdout,K001,S1_resample,60,,71,0.95
R2_bearing_holdout,K001,S1_resample,60,,72,1.0
R2_bearing_holdout,K001,S1_resample,60,,73,1.0
R2_bearing_holdout,K001,S1_resample,60,,74,0.75
R2_bearing_holdout,K001,S1_resample,60,,75,0.9
R2_bearing_holdout,K001,S1_resample,60,,76,0.5
R2_bearing_holdout,K001,S1_resample,60,,77,0.45
R2_bearing_holdout,K001,S1_resample,60,,78,0.9
R2_bearing_holdout,K001,S1_resample,60,,79,0.95
R2_bearing_holdout,K001,S1_resample,60,,80,0.95
R2_bearing_holdout,K001,S1_resample,60,,81,0.95
R2_bearing_holdout,K001,S1_resample,60,,82,0.95
R2_bearing_holdout,K001,S1_resample,60,,83,0.95
R2_bearing_holdout,K001,S1_resample,60,,84,0.5
R2_bearing_holdout,K001,S1_resample,60,,85,1.0
R2_bearing_holdout,K001,S1_resample,60,,86,1.0
R2_bearing_holdout,K001,S1_resample,60,,87,0.25
R2_bearing_holdout,K001,S1_resample,60,,88,0.95
R2_bearing_holdout,K001,S1_resample,60,,89,0.5
R2_bearing_holdout,K001,S1_resample,60,,90,0.95
R2_bearing_holdout,K001,S1_resample,60,,91,0.5
R2_bearing_holdout,K001,S1_resample,60,,92,0.9
R2_bearing_holdout,K001,S1_resample,60,,93,0.55
R2_bearing_holdout,K001,S1_resample,60,,94,1.0
R2_bearing_holdout,K001,S1_resample,60,,95,1.0
R2_bearing_holdout,K001,S1_resample,60,,96,1.0
R2_bearing_holdout,K001,S1_resample,60,,97,1.0
R2_bearing_holdout,K001,S1_resample,60,,98,0.5
R2_bearing_holdout,K001,S1_resample,60,,99,0.9
R2_bearing_holdout,K001,S1_resample,80,,0,0.9
R2_bearing_holdout,K001,S1_resample,80,,1,0.65
R2_bearing_holdout,K001,S1_resample,80,,2,0.35
R2_bearing_holdout,K001,S1_resample,80,,3,0.95
R2_bearing_holdout,K001,S1_resample,80,,4,1.0
R2_bearing_holdout,K001,S1_resample,80,,5,0.95
R2_bearing_holdout,K001,S1_resample,80,,6,0.85
R2_bearing_holdout,K001,S1_resample,80,,7,0.0
R2_bearing_holdout,K001,S1_resample,80,,8,0.0
R2_bearing_holdout,K001,S1_resample,80,,9,0.4
R2_bearing_holdout,K001,S1_resample,80,,10,0.45
R2_bearing_holdout,K001,S1_resample,80,,11,0.65
R2_bearing_holdout,K001,S1_resample,80,,12,0.95
R2_bearing_holdout,K001,S1_resample,80,,13,0.5
R2_bearing_holdout,K001,S1_resample,80,,14,0.6
R2_bearing_holdout,K001,S1_resample,80,,15,0.85
R2_bearing_holdout,K001,S1_resample,80,,16,0.0
R2_bearing_holdout,K001,S1_resample,80,,17,0.0
R2_bearing_holdout,K001,S1_resample,80,,18,0.55
R2_bearing_holdout,K001,S1_resample,80,,19,0.5
R2_bearing_holdout,K001,S1_resample,80,,20,0.5
R2_bearing_holdout,K001,S1_resample,80,,21,0.7
R2_bearing_holdout,K001,S1_resample,80,,22,0.5
R2_bearing_holdout,K001,S1_resample,80,,23,0.95
R2_bearing_holdout,K001,S1_resample,80,,24,0.95
R2_bearing_holdout,K001,S1_resample,80,,25,0.7
R2_bearing_holdout,K001,S1_resample,80,,26,0.2
R2_bearing_holdout,K001,S1_resample,80,,27,1.0
R2_bearing_holdout,K001,S1_resample,80,,28,0.3
R2_bearing_holdout,K001,S1_resample,80,,29,0.4
R2_bearing_holdout,K001,S1_resample,80,,30,0.2
R2_bearing_holdout,K001,S1_resample,80,,31,0.95
R2_bearing_holdout,K001,S1_resample,80,,32,0.35
R2_bearing_holdout,K001,S1_resample,80,,33,0.2
R2_bearing_holdout,K001,S1_resample,80,,34,0.95
R2_bearing_holdout,K001,S1_resample,80,,35,0.85
R2_bearing_holdout,K001,S1_resample,80,,36,0.85
R2_bearing_holdout,K001,S1_resample,80,,37,0.6
R2_bearing_holdout,K001,S1_resample,80,,38,0.3
R2_bearing_holdout,K001,S1_resample,80,,39,0.25
R2_bearing_holdout,K001,S1_resample,80,,40,0.6
R2_bearing_holdout,K001,S1_resample,80,,41,0.5
R2_bearing_holdout,K001,S1_resample,80,,42,0.0
R2_bearing_holdout,K001,S1_resample,80,,43,0.0
R2_bearing_holdout,K001,S1_resample,80,,44,0.4
R2_bearing_holdout,K001,S1_resample,80,,45,0.45
R2_bearing_holdout,K001,S1_resample,80,,46,1.0
R2_bearing_holdout,K001,S1_resample,80,,47,0.4
R2_bearing_holdout,K001,S1_resample,80,,48,0.85
R2_bearing_holdout,K001,S1_resample,80,,49,0.8
R2_bearing_holdout,K001,S1_resample,80,,50,1.0
R2_bearing_holdout,K001,S1_resample,80,,51,0.45
R2_bearing_holdout,K001,S1_resample,80,,52,1.0
R2_bearing_holdout,K001,S1_resample,80,,53,0.9
R2_bearing_holdout,K001,S1_resample,80,,54,0.95
R2_bearing_holdout,K001,S1_resample,80,,55,1.0
R2_bearing_holdout,K001,S1_resample,80,,56,1.0
R2_bearing_holdout,K001,S1_resample,80,,57,0.95
R2_bearing_holdout,K001,S1_resample,80,,58,0.65
R2_bearing_holdout,K001,S1_resample,80,,59,0.95
R2_bearing_holdout,K001,S1_resample,80,,60,1.0
R2_bearing_holdout,K001,S1_resample,80,,61,0.35
R2_bearing_holdout,K001,S1_resample,80,,62,0.85
R2_bearing_holdout,K001,S1_resample,80,,63,0.6
R2_bearing_holdout,K001,S1_resample,80,,64,1.0
R2_bearing_holdout,K001,S1_resample,80,,65,1.0
R2_bearing_holdout,K001,S1_resample,80,,66,0.4
R2_bearing_holdout,K001,S1_resample,80,,67,0.55
R2_bearing_holdout,K001,S1_resample,80,,68,0.6
R2_bearing_holdout,K001,S1_resample,80,,69,0.5
R2_bearing_holdout,K001,S1_resample,80,,70,1.0
R2_bearing_holdout,K001,S1_resample,80,,71,0.7
R2_bearing_holdout,K001,S1_resample,80,,72,0.2
R2_bearing_holdout,K001,S1_resample,80,,73,0.4
R2_bearing_holdout,K001,S1_resample,80,,74,0.85
R2_bearing_holdout,K001,S1_resample,80,,75,0.5
R2_bearing_holdout,K001,S1_resample,80,,76,0.9
R2_bearing_holdout,K001,S1_resample,80,,77,0.95
R2_bearing_holdout,K001,S1_resample,80,,78,0.65
R2_bearing_holdout,K001,S1_resample,80,,79,0.35
R2_bearing_holdout,K001,S1_resample,80,,80,1.0
R2_bearing_holdout,K001,S1_resample,80,,81,0.25
R2_bearing_holdout,K001,S1_resample,80,,82,1.0
R2_bearing_holdout,K001,S1_resample,80,,83,0.75
R2_bearing_holdout,K001,S1_resample,80,,84,0.95
R2_bearing_holdout,K001,S1_resample,80,,85,0.7
R2_bearing_holdout,K001,S1_resample,80,,86,0.5
R2_bearing_holdout,K001,S1_resample,80,,87,0.7
R2_bearing_holdout,K001,S1_resample,80,,88,0.9
R2_bearing_holdout,K001,S1_resample,80,,89,0.9
R2_bearing_holdout,K001,S1_resample,80,,90,0.35
R2_bearing_holdout,K001,S1_resample,80,,91,1.0
R2_bearing_holdout,K001,S1_resample,80,,92,0.3
R2_bearing_holdout,K001,S1_resample,80,,93,0.65
R2_bearing_holdout,K001,S1_resample,80,,94,0.9
R2_bearing_holdout,K001,S1_resample,80,,95,0.0
R2_bearing_holdout,K001,S1_resample,80,,96,0.35
R2_bearing_holdout,K001,S1_resample,80,,97,0.35
R2_bearing_holdout,K001,S1_resample,80,,98,0.65
R2_bearing_holdout,K001,S1_resample,80,,99,0.8
R2_bearing_holdout,K001,S1_resample,96,,0,0.35
R2_bearing_holdout,K001,S1_resample,96,,1,0.45
R2_bearing_holdout,K001,S1_resample,96,,2,0.75
R2_bearing_holdout,K001,S1_resample,96,,3,0.65
R2_bearing_holdout,K001,S1_resample,96,,4,0.85
R2_bearing_holdout,K001,S1_resample,96,,5,1.0
R2_bearing_holdout,K001,S1_resample,96,,6,1.0
R2_bearing_holdout,K001,S1_resample,96,,7,0.25
R2_bearing_holdout,K001,S1_resample,96,,8,0.3
R2_bearing_holdout,K001,S1_resample,96,,9,0.5
R2_bearing_holdout,K001,S1_resample,96,,10,0.65
R2_bearing_holdout,K001,S1_resample,96,,11,0.35
R2_bearing_holdout,K001,S1_resample,96,,12,0.8
R2_bearing_holdout,K001,S1_resample,96,,13,0.4
R2_bearing_holdout,K001,S1_resample,96,,14,0.45
R2_bearing_holdout,K001,S1_resample,96,,15,0.8
R2_bearing_holdout,K001,S1_resample,96,,16,0.95
R2_bearing_holdout,K001,S1_resample,96,,17,0.3
R2_bearing_holdout,K001,S1_resample,96,,18,0.4
R2_bearing_holdout,K001,S1_resample,96,,19,0.5
R2_bearing_holdout,K001,S1_resample,96,,20,0.4
R2_bearing_holdout,K001,S1_resample,96,,21,1.0
R2_bearing_holdout,K001,S1_resample,96,,22,0.6
R2_bearing_holdout,K001,S1_resample,96,,23,1.0
R2_bearing_holdout,K001,S1_resample,96,,24,0.6
R2_bearing_holdout,K001,S1_resample,96,,25,0.95
R2_bearing_holdout,K001,S1_resample,96,,26,0.65
R2_bearing_holdout,K001,S1_resample,96,,27,0.3
R2_bearing_holdout,K001,S1_resample,96,,28,1.0
R2_bearing_holdout,K001,S1_resample,96,,29,0.7
R2_bearing_holdout,K001,S1_resample,96,,30,1.0
R2_bearing_holdout,K001,S1_resample,96,,31,0.9
R2_bearing_holdout,K001,S1_resample,96,,32,0.0
R2_bearing_holdout,K001,S1_resample,96,,33,0.0
R2_bearing_holdout,K001,S1_resample,96,,34,1.0
R2_bearing_holdout,K001,S1_resample,96,,35,1.0
R2_bearing_holdout,K001,S1_resample,96,,36,0.6
R2_bearing_holdout,K001,S1_resample,96,,37,0.5
R2_bearing_holdout,K001,S1_resample,96,,38,0.45
R2_bearing_holdout,K001,S1_resample,96,,39,0.65
R2_bearing_holdout,K001,S1_resample,96,,40,0.05
R2_bearing_holdout,K001,S1_resample,96,,41,0.35
R2_bearing_holdout,K001,S1_resample,96,,42,0.2
R2_bearing_holdout,K001,S1_resample,96,,43,0.85
R2_bearing_holdout,K001,S1_resample,96,,44,0.25
R2_bearing_holdout,K001,S1_resample,96,,45,0.0
R2_bearing_holdout,K001,S1_resample,96,,46,0.0
R2_bearing_holdout,K001,S1_resample,96,,47,0.0
R2_bearing_holdout,K001,S1_resample,96,,48,0.85
R2_bearing_holdout,K001,S1_resample,96,,49,1.0
R2_bearing_holdout,K001,S1_resample,96,,50,0.65
R2_bearing_holdout,K001,S1_resample,96,,51,0.5
R2_bearing_holdout,K001,S1_resample,96,,52,0.0
R2_bearing_holdout,K001,S1_resample,96,,53,0.9
R2_bearing_holdout,K001,S1_resample,96,,54,0.5
R2_bearing_holdout,K001,S1_resample,96,,55,0.5
R2_bearing_holdout,K001,S1_resample,96,,56,1.0
R2_bearing_holdout,K001,S1_resample,96,,57,0.35
R2_bearing_holdout,K001,S1_resample,96,,58,0.0
R2_bearing_holdout,K001,S1_resample,96,,59,0.95
R2_bearing_holdout,K001,S1_resample,96,,60,1.0
R2_bearing_holdout,K001,S1_resample,96,,61,0.95
R2_bearing_holdout,K001,S1_resample,96,,62,0.95
R2_bearing_holdout,K001,S1_resample,96,,63,0.65
R2_bearing_holdout,K001,S1_resample,96,,64,0.5
R2_bearing_holdout,K001,S1_resample,96,,65,0.55
R2_bearing_holdout,K001,S1_resample,96,,66,0.0
R2_bearing_holdout,K001,S1_resample,96,,67,0.3
R2_bearing_holdout,K001,S1_resample,96,,68,0.5
R2_bearing_holdout,K001,S1_resample,96,,69,1.0
R2_bearing_holdout,K001,S1_resample,96,,70,0.6
R2_bearing_holdout,K001,S1_resample,96,,71,0.0
R2_bearing_holdout,K001,S1_resample,96,,72,0.6
R2_bearing_holdout,K001,S1_resample,96,,73,0.4
R2_bearing_holdout,K001,S1_resample,96,,74,0.0
R2_bearing_holdout,K001,S1_resample,96,,75,1.0
R2_bearing_holdout,K001,S1_resample,96,,76,0.4
R2_bearing_holdout,K001,S1_resample,96,,77,0.95
R2_bearing_holdout,K001,S1_resample,96,,78,0.5
R2_bearing_holdout,K001,S1_resample,96,,79,0.4
R2_bearing_holdout,K001,S1_resample,96,,80,0.95
R2_bearing_holdout,K001,S1_resample,96,,81,1.0
R2_bearing_holdout,K001,S1_resample,96,,82,0.95
R2_bearing_holdout,K001,S1_resample,96,,83,0.2
R2_bearing_holdout,K001,S1_resample,96,,84,0.95
R2_bearing_holdout,K001,S1_resample,96,,85,0.35
R2_bearing_holdout,K001,S1_resample,96,,86,0.25
R2_bearing_holdout,K001,S1_resample,96,,87,1.0
R2_bearing_holdout,K001,S1_resample,96,,88,0.85
R2_bearing_holdout,K001,S1_resample,96,,89,0.85
R2_bearing_holdout,K001,S1_resample,96,,90,0.6
R2_bearing_holdout,K001,S1_resample,96,,91,1.0
R2_bearing_holdout,K001,S1_resample,96,,92,0.0
R2_bearing_holdout,K001,S1_resample,96,,93,0.65
R2_bearing_holdout,K001,S1_resample,96,,94,1.0
R2_bearing_holdout,K001,S1_resample,96,,95,0.5
R2_bearing_holdout,K001,S1_resample,96,,96,1.0
R2_bearing_holdout,K001,S1_resample,96,,97,0.55
R2_bearing_holdout,K001,S1_resample,96,,98,1.0
R2_bearing_holdout,K001,S1_resample,96,,99,0.35
R2_bearing_holdout,K001,S2_new_records,10,,0,0.1
R2_bearing_holdout,K001,S2_new_records,10,,1,0.0
R2_bearing_holdout,K001,S2_new_records,10,,2,0.0
R2_bearing_holdout,K001,S2_new_records,10,,3,0.9
R2_bearing_holdout,K001,S2_new_records,10,,4,0.0
R2_bearing_holdout,K001,S2_new_records,10,,5,0.0
R2_bearing_holdout,K001,S2_new_records,10,,6,0.0
R2_bearing_holdout,K001,S2_new_records,10,,7,0.0
R2_bearing_holdout,K001,S2_new_records,10,,8,0.0
R2_bearing_holdout,K001,S2_new_records,10,,9,0.0
R2_bearing_holdout,K001,S2_new_records,10,,10,0.0
R2_bearing_holdout,K001,S2_new_records,10,,11,0.0
R2_bearing_holdout,K001,S2_new_records,10,,12,0.0
R2_bearing_holdout,K001,S2_new_records,10,,13,0.95
R2_bearing_holdout,K001,S2_new_records,10,,14,0.05
R2_bearing_holdout,K001,S2_new_records,10,,15,0.0
R2_bearing_holdout,K001,S2_new_records,10,,16,0.0
R2_bearing_holdout,K001,S2_new_records,10,,17,0.0
R2_bearing_holdout,K001,S2_new_records,10,,18,0.0
R2_bearing_holdout,K001,S2_new_records,10,,19,0.0
R2_bearing_holdout,K001,S2_new_records,10,,20,0.7
R2_bearing_holdout,K001,S2_new_records,10,,21,0.0
R2_bearing_holdout,K001,S2_new_records,10,,22,0.0
R2_bearing_holdout,K001,S2_new_records,10,,23,0.0
R2_bearing_holdout,K001,S2_new_records,10,,24,0.2
R2_bearing_holdout,K001,S2_new_records,10,,25,0.0
R2_bearing_holdout,K001,S2_new_records,10,,26,0.05
R2_bearing_holdout,K001,S2_new_records,10,,27,0.0
R2_bearing_holdout,K001,S2_new_records,10,,28,0.0
R2_bearing_holdout,K001,S2_new_records,10,,29,0.0
R2_bearing_holdout,K001,S2_new_records,10,,30,0.0
R2_bearing_holdout,K001,S2_new_records,10,,31,0.0
R2_bearing_holdout,K001,S2_new_records,10,,32,0.0
R2_bearing_holdout,K001,S2_new_records,10,,33,0.0
R2_bearing_holdout,K001,S2_new_records,10,,34,0.0
R2_bearing_holdout,K001,S2_new_records,10,,35,0.0
R2_bearing_holdout,K001,S2_new_records,10,,36,0.05
R2_bearing_holdout,K001,S2_new_records,10,,37,0.05
R2_bearing_holdout,K001,S2_new_records,10,,38,0.25
R2_bearing_holdout,K001,S2_new_records,10,,39,0.0
R2_bearing_holdout,K001,S2_new_records,10,,40,0.05
R2_bearing_holdout,K001,S2_new_records,10,,41,0.0
R2_bearing_holdout,K001,S2_new_records,10,,42,0.0
R2_bearing_holdout,K001,S2_new_records,10,,43,0.0
R2_bearing_holdout,K001,S2_new_records,10,,44,0.65
R2_bearing_holdout,K001,S2_new_records,10,,45,0.2
R2_bearing_holdout,K001,S2_new_records,10,,46,0.0
R2_bearing_holdout,K001,S2_new_records,10,,47,0.0
R2_bearing_holdout,K001,S2_new_records,10,,48,0.0
R2_bearing_holdout,K001,S2_new_records,10,,49,0.0
R2_bearing_holdout,K001,S2_new_records,10,,50,0.05
R2_bearing_holdout,K001,S2_new_records,10,,51,0.0
R2_bearing_holdout,K001,S2_new_records,10,,52,0.0
R2_bearing_holdout,K001,S2_new_records,10,,53,0.75
R2_bearing_holdout,K001,S2_new_records,10,,54,0.0
R2_bearing_holdout,K001,S2_new_records,10,,55,0.0
R2_bearing_holdout,K001,S2_new_records,10,,56,0.0
R2_bearing_holdout,K001,S2_new_records,10,,57,0.0
R2_bearing_holdout,K001,S2_new_records,10,,58,0.0
R2_bearing_holdout,K001,S2_new_records,10,,59,0.0
R2_bearing_holdout,K001,S2_new_records,10,,60,0.0
R2_bearing_holdout,K001,S2_new_records,10,,61,0.0
R2_bearing_holdout,K001,S2_new_records,10,,62,0.05
R2_bearing_holdout,K001,S2_new_records,10,,63,0.0
R2_bearing_holdout,K001,S2_new_records,10,,64,0.0
R2_bearing_holdout,K001,S2_new_records,10,,65,0.0
R2_bearing_holdout,K001,S2_new_records,10,,66,0.0
R2_bearing_holdout,K001,S2_new_records,10,,67,0.0
R2_bearing_holdout,K001,S2_new_records,10,,68,0.0
R2_bearing_holdout,K001,S2_new_records,10,,69,0.05
R2_bearing_holdout,K001,S2_new_records,10,,70,0.0
R2_bearing_holdout,K001,S2_new_records,10,,71,0.0
R2_bearing_holdout,K001,S2_new_records,10,,72,0.0
R2_bearing_holdout,K001,S2_new_records,10,,73,0.0
R2_bearing_holdout,K001,S2_new_records,10,,74,0.0
R2_bearing_holdout,K001,S2_new_records,10,,75,0.05
R2_bearing_holdout,K001,S2_new_records,10,,76,0.0
R2_bearing_holdout,K001,S2_new_records,10,,77,0.75
R2_bearing_holdout,K001,S2_new_records,10,,78,0.3
R2_bearing_holdout,K001,S2_new_records,10,,79,0.2
R2_bearing_holdout,K001,S2_new_records,10,,80,0.0
R2_bearing_holdout,K001,S2_new_records,10,,81,0.4
R2_bearing_holdout,K001,S2_new_records,10,,82,0.0
R2_bearing_holdout,K001,S2_new_records,10,,83,0.2
R2_bearing_holdout,K001,S2_new_records,10,,84,0.0
R2_bearing_holdout,K001,S2_new_records,10,,85,0.4
R2_bearing_holdout,K001,S2_new_records,10,,86,0.55
R2_bearing_holdout,K001,S2_new_records,10,,87,0.0
R2_bearing_holdout,K001,S2_new_records,10,,88,0.0
R2_bearing_holdout,K001,S2_new_records,10,,89,0.0
R2_bearing_holdout,K001,S2_new_records,10,,90,0.0
R2_bearing_holdout,K001,S2_new_records,10,,91,0.0
R2_bearing_holdout,K001,S2_new_records,10,,92,0.0
R2_bearing_holdout,K001,S2_new_records,10,,93,0.0
R2_bearing_holdout,K001,S2_new_records,10,,94,0.0
R2_bearing_holdout,K001,S2_new_records,10,,95,0.0
R2_bearing_holdout,K001,S2_new_records,10,,96,0.0
R2_bearing_holdout,K001,S2_new_records,10,,97,0.0
R2_bearing_holdout,K001,S2_new_records,10,,98,0.0
R2_bearing_holdout,K001,S2_new_records,10,,99,0.0
R2_bearing_holdout,K001,S2_new_records,20,,0,0.0
R2_bearing_holdout,K001,S2_new_records,20,,1,0.0
R2_bearing_holdout,K001,S2_new_records,20,,2,0.35
R2_bearing_holdout,K001,S2_new_records,20,,3,0.0
R2_bearing_holdout,K001,S2_new_records,20,,4,0.0
R2_bearing_holdout,K001,S2_new_records,20,,5,0.0
R2_bearing_holdout,K001,S2_new_records,20,,6,0.0
R2_bearing_holdout,K001,S2_new_records,20,,7,0.0
R2_bearing_holdout,K001,S2_new_records,20,,8,0.3
R2_bearing_holdout,K001,S2_new_records,20,,9,0.1
R2_bearing_holdout,K001,S2_new_records,20,,10,0.05
R2_bearing_holdout,K001,S2_new_records,20,,11,0.8
R2_bearing_holdout,K001,S2_new_records,20,,12,0.0
R2_bearing_holdout,K001,S2_new_records,20,,13,0.0
R2_bearing_holdout,K001,S2_new_records,20,,14,0.0
R2_bearing_holdout,K001,S2_new_records,20,,15,0.0
R2_bearing_holdout,K001,S2_new_records,20,,16,0.05
R2_bearing_holdout,K001,S2_new_records,20,,17,0.0
R2_bearing_holdout,K001,S2_new_records,20,,18,0.0
R2_bearing_holdout,K001,S2_new_records,20,,19,0.0
R2_bearing_holdout,K001,S2_new_records,20,,20,0.0
R2_bearing_holdout,K001,S2_new_records,20,,21,0.0
R2_bearing_holdout,K001,S2_new_records,20,,22,0.8
R2_bearing_holdout,K001,S2_new_records,20,,23,0.0
R2_bearing_holdout,K001,S2_new_records,20,,24,0.0
R2_bearing_holdout,K001,S2_new_records,20,,25,0.3
R2_bearing_holdout,K001,S2_new_records,20,,26,0.0
R2_bearing_holdout,K001,S2_new_records,20,,27,0.0
R2_bearing_holdout,K001,S2_new_records,20,,28,0.0
R2_bearing_holdout,K001,S2_new_records,20,,29,0.0
R2_bearing_holdout,K001,S2_new_records,20,,30,0.4
R2_bearing_holdout,K001,S2_new_records,20,,31,0.0
R2_bearing_holdout,K001,S2_new_records,20,,32,0.8
R2_bearing_holdout,K001,S2_new_records,20,,33,0.0
R2_bearing_holdout,K001,S2_new_records,20,,34,0.0
R2_bearing_holdout,K001,S2_new_records,20,,35,0.0
R2_bearing_holdout,K001,S2_new_records,20,,36,0.0
R2_bearing_holdout,K001,S2_new_records,20,,37,0.9
R2_bearing_holdout,K001,S2_new_records,20,,38,0.0
R2_bearing_holdout,K001,S2_new_records,20,,39,0.0
R2_bearing_holdout,K001,S2_new_records,20,,40,0.0
R2_bearing_holdout,K001,S2_new_records,20,,41,0.0
R2_bearing_holdout,K001,S2_new_records,20,,42,0.0
R2_bearing_holdout,K001,S2_new_records,20,,43,0.45
R2_bearing_holdout,K001,S2_new_records,20,,44,0.85
R2_bearing_holdout,K001,S2_new_records,20,,45,0.0
R2_bearing_holdout,K001,S2_new_records,20,,46,0.8
R2_bearing_holdout,K001,S2_new_records,20,,47,0.0
R2_bearing_holdout,K001,S2_new_records,20,,48,0.0
R2_bearing_holdout,K001,S2_new_records,20,,49,0.0
R2_bearing_holdout,K001,S2_new_records,20,,50,0.0
R2_bearing_holdout,K001,S2_new_records,20,,51,0.0
R2_bearing_holdout,K001,S2_new_records,20,,52,0.0
R2_bearing_holdout,K001,S2_new_records,20,,53,0.0
R2_bearing_holdout,K001,S2_new_records,20,,54,0.0
R2_bearing_holdout,K001,S2_new_records,20,,55,0.0
R2_bearing_holdout,K001,S2_new_records,20,,56,0.05
R2_bearing_holdout,K001,S2_new_records,20,,57,0.0
R2_bearing_holdout,K001,S2_new_records,20,,58,0.0
R2_bearing_holdout,K001,S2_new_records,20,,59,0.0
R2_bearing_holdout,K001,S2_new_records,20,,60,0.0
R2_bearing_holdout,K001,S2_new_records,20,,61,0.5
R2_bearing_holdout,K001,S2_new_records,20,,62,0.0
R2_bearing_holdout,K001,S2_new_records,20,,63,0.05
R2_bearing_holdout,K001,S2_new_records,20,,64,0.0
R2_bearing_holdout,K001,S2_new_records,20,,65,0.05
R2_bearing_holdout,K001,S2_new_records,20,,66,0.05
R2_bearing_holdout,K001,S2_new_records,20,,67,0.65
R2_bearing_holdout,K001,S2_new_records,20,,68,0.0
R2_bearing_holdout,K001,S2_new_records,20,,69,0.35
R2_bearing_holdout,K001,S2_new_records,20,,70,0.0
R2_bearing_holdout,K001,S2_new_records,20,,71,0.0
R2_bearing_holdout,K001,S2_new_records,20,,72,0.0
R2_bearing_holdout,K001,S2_new_records,20,,73,0.0
R2_bearing_holdout,K001,S2_new_records,20,,74,0.15
R2_bearing_holdout,K001,S2_new_records,20,,75,0.0
R2_bearing_holdout,K001,S2_new_records,20,,76,0.0
R2_bearing_holdout,K001,S2_new_records,20,,77,0.0
R2_bearing_holdout,K001,S2_new_records,20,,78,0.0
R2_bearing_holdout,K001,S2_new_records,20,,79,0.0
R2_bearing_holdout,K001,S2_new_records,20,,80,0.0
R2_bearing_holdout,K001,S2_new_records,20,,81,0.0
R2_bearing_holdout,K001,S2_new_records,20,,82,0.0
R2_bearing_holdout,K001,S2_new_records,20,,83,0.0
R2_bearing_holdout,K001,S2_new_records,20,,84,0.0
R2_bearing_holdout,K001,S2_new_records,20,,85,0.0
R2_bearing_holdout,K001,S2_new_records,20,,86,0.0
R2_bearing_holdout,K001,S2_new_records,20,,87,0.0
R2_bearing_holdout,K001,S2_new_records,20,,88,0.1
R2_bearing_holdout,K001,S2_new_records,20,,89,0.0
R2_bearing_holdout,K001,S2_new_records,20,,90,0.0
R2_bearing_holdout,K001,S2_new_records,20,,91,0.05
R2_bearing_holdout,K001,S2_new_records,20,,92,0.1
R2_bearing_holdout,K001,S2_new_records,20,,93,0.0
R2_bearing_holdout,K001,S2_new_records,20,,94,0.3
R2_bearing_holdout,K001,S2_new_records,20,,95,0.0
R2_bearing_holdout,K001,S2_new_records,20,,96,0.0
R2_bearing_holdout,K001,S2_new_records,20,,97,0.0
R2_bearing_holdout,K001,S2_new_records,20,,98,0.0
R2_bearing_holdout,K001,S2_new_records,20,,99,0.0
R2_bearing_holdout,K001,S2_new_records,40,,0,0.0
R2_bearing_holdout,K001,S2_new_records,40,,1,0.0
R2_bearing_holdout,K001,S2_new_records,40,,2,0.0
R2_bearing_holdout,K001,S2_new_records,40,,3,0.0
R2_bearing_holdout,K001,S2_new_records,40,,4,0.0
R2_bearing_holdout,K001,S2_new_records,40,,5,0.0
R2_bearing_holdout,K001,S2_new_records,40,,6,0.0
R2_bearing_holdout,K001,S2_new_records,40,,7,0.0
R2_bearing_holdout,K001,S2_new_records,40,,8,0.65
R2_bearing_holdout,K001,S2_new_records,40,,9,0.0
R2_bearing_holdout,K001,S2_new_records,40,,10,0.0
R2_bearing_holdout,K001,S2_new_records,40,,11,0.0
R2_bearing_holdout,K001,S2_new_records,40,,12,0.0
R2_bearing_holdout,K001,S2_new_records,40,,13,0.0
R2_bearing_holdout,K001,S2_new_records,40,,14,0.0
R2_bearing_holdout,K001,S2_new_records,40,,15,0.6
R2_bearing_holdout,K001,S2_new_records,40,,16,0.0
R2_bearing_holdout,K001,S2_new_records,40,,17,0.0
R2_bearing_holdout,K001,S2_new_records,40,,18,0.1
R2_bearing_holdout,K001,S2_new_records,40,,19,0.0
R2_bearing_holdout,K001,S2_new_records,40,,20,0.0
R2_bearing_holdout,K001,S2_new_records,40,,21,0.0
R2_bearing_holdout,K001,S2_new_records,40,,22,0.0
R2_bearing_holdout,K001,S2_new_records,40,,23,0.55
R2_bearing_holdout,K001,S2_new_records,40,,24,0.0
R2_bearing_holdout,K001,S2_new_records,40,,25,0.0
R2_bearing_holdout,K001,S2_new_records,40,,26,0.0
R2_bearing_holdout,K001,S2_new_records,40,,27,0.0
R2_bearing_holdout,K001,S2_new_records,40,,28,0.0
R2_bearing_holdout,K001,S2_new_records,40,,29,0.0
R2_bearing_holdout,K001,S2_new_records,40,,30,0.0
R2_bearing_holdout,K001,S2_new_records,40,,31,0.0
R2_bearing_holdout,K001,S2_new_records,40,,32,0.0
R2_bearing_holdout,K001,S2_new_records,40,,33,0.0
R2_bearing_holdout,K001,S2_new_records,40,,34,0.0
R2_bearing_holdout,K001,S2_new_records,40,,35,0.0
R2_bearing_holdout,K001,S2_new_records,40,,36,0.0
R2_bearing_holdout,K001,S2_new_records,40,,37,0.0
R2_bearing_holdout,K001,S2_new_records,40,,38,0.0
R2_bearing_holdout,K001,S2_new_records,40,,39,0.0
R2_bearing_holdout,K001,S2_new_records,40,,40,0.0
R2_bearing_holdout,K001,S2_new_records,40,,41,0.0
R2_bearing_holdout,K001,S2_new_records,40,,42,0.0
R2_bearing_holdout,K001,S2_new_records,40,,43,0.0
R2_bearing_holdout,K001,S2_new_records,40,,44,0.25
R2_bearing_holdout,K001,S2_new_records,40,,45,0.0
R2_bearing_holdout,K001,S2_new_records,40,,46,0.0
R2_bearing_holdout,K001,S2_new_records,40,,47,0.0
R2_bearing_holdout,K001,S2_new_records,40,,48,0.0
R2_bearing_holdout,K001,S2_new_records,40,,49,0.0
R2_bearing_holdout,K001,S2_new_records,40,,50,0.0
R2_bearing_holdout,K001,S2_new_records,40,,51,0.0
R2_bearing_holdout,K001,S2_new_records,40,,52,0.0
R2_bearing_holdout,K001,S2_new_records,40,,53,0.45
R2_bearing_holdout,K001,S2_new_records,40,,54,0.0
R2_bearing_holdout,K001,S2_new_records,40,,55,0.0
R2_bearing_holdout,K001,S2_new_records,40,,56,0.0
R2_bearing_holdout,K001,S2_new_records,40,,57,0.0
R2_bearing_holdout,K001,S2_new_records,40,,58,0.0
R2_bearing_holdout,K001,S2_new_records,40,,59,0.95
R2_bearing_holdout,K001,S2_new_records,40,,60,0.0
R2_bearing_holdout,K001,S2_new_records,40,,61,0.0
R2_bearing_holdout,K001,S2_new_records,40,,62,0.0
R2_bearing_holdout,K001,S2_new_records,40,,63,0.0
R2_bearing_holdout,K001,S2_new_records,40,,64,0.0
R2_bearing_holdout,K001,S2_new_records,40,,65,0.0
R2_bearing_holdout,K001,S2_new_records,40,,66,0.0
R2_bearing_holdout,K001,S2_new_records,40,,67,0.0
R2_bearing_holdout,K001,S2_new_records,40,,68,0.0
R2_bearing_holdout,K001,S2_new_records,40,,69,0.0
R2_bearing_holdout,K001,S2_new_records,40,,70,0.8
R2_bearing_holdout,K001,S2_new_records,40,,71,0.0
R2_bearing_holdout,K001,S2_new_records,40,,72,0.0
R2_bearing_holdout,K001,S2_new_records,40,,73,0.0
R2_bearing_holdout,K001,S2_new_records,40,,74,0.0
R2_bearing_holdout,K001,S2_new_records,40,,75,0.0
R2_bearing_holdout,K001,S2_new_records,40,,76,0.0
R2_bearing_holdout,K001,S2_new_records,40,,77,0.0
R2_bearing_holdout,K001,S2_new_records,40,,78,0.0
R2_bearing_holdout,K001,S2_new_records,40,,79,0.0
R2_bearing_holdout,K001,S2_new_records,40,,80,0.0
R2_bearing_holdout,K001,S2_new_records,40,,81,0.0
R2_bearing_holdout,K001,S2_new_records,40,,82,0.0
R2_bearing_holdout,K001,S2_new_records,40,,83,0.0
R2_bearing_holdout,K001,S2_new_records,40,,84,0.0
R2_bearing_holdout,K001,S2_new_records,40,,85,0.0
R2_bearing_holdout,K001,S2_new_records,40,,86,0.0
R2_bearing_holdout,K001,S2_new_records,40,,87,0.0
R2_bearing_holdout,K001,S2_new_records,40,,88,0.0
R2_bearing_holdout,K001,S2_new_records,40,,89,0.0
R2_bearing_holdout,K001,S2_new_records,40,,90,0.0
R2_bearing_holdout,K001,S2_new_records,40,,91,0.0
R2_bearing_holdout,K001,S2_new_records,40,,92,0.0
R2_bearing_holdout,K001,S2_new_records,40,,93,0.0
R2_bearing_holdout,K001,S2_new_records,40,,94,0.0
R2_bearing_holdout,K001,S2_new_records,40,,95,0.55
R2_bearing_holdout,K001,S2_new_records,40,,96,0.0
R2_bearing_holdout,K001,S2_new_records,40,,97,0.0
R2_bearing_holdout,K001,S2_new_records,40,,98,0.0
R2_bearing_holdout,K001,S2_new_records,40,,99,0.1
R2_bearing_holdout,K001,S2_new_records,60,,0,0.0
R2_bearing_holdout,K001,S2_new_records,60,,1,0.0
R2_bearing_holdout,K001,S2_new_records,60,,2,0.0
R2_bearing_holdout,K001,S2_new_records,60,,3,0.0
R2_bearing_holdout,K001,S2_new_records,60,,4,0.0
R2_bearing_holdout,K001,S2_new_records,60,,5,0.0
R2_bearing_holdout,K001,S2_new_records,60,,6,0.0
R2_bearing_holdout,K001,S2_new_records,60,,7,0.0
R2_bearing_holdout,K001,S2_new_records,60,,8,0.0
R2_bearing_holdout,K001,S2_new_records,60,,9,0.0
R2_bearing_holdout,K001,S2_new_records,60,,10,0.0
R2_bearing_holdout,K001,S2_new_records,60,,11,0.0
R2_bearing_holdout,K001,S2_new_records,60,,12,0.0
R2_bearing_holdout,K001,S2_new_records,60,,13,0.0
R2_bearing_holdout,K001,S2_new_records,60,,14,0.0
R2_bearing_holdout,K001,S2_new_records,60,,15,0.0
R2_bearing_holdout,K001,S2_new_records,60,,16,0.0
R2_bearing_holdout,K001,S2_new_records,60,,17,0.0
R2_bearing_holdout,K001,S2_new_records,60,,18,0.0
R2_bearing_holdout,K001,S2_new_records,60,,19,0.0
R2_bearing_holdout,K001,S2_new_records,60,,20,0.0
R2_bearing_holdout,K001,S2_new_records,60,,21,0.0
R2_bearing_holdout,K001,S2_new_records,60,,22,0.0
R2_bearing_holdout,K001,S2_new_records,60,,23,0.0
R2_bearing_holdout,K001,S2_new_records,60,,24,0.0
R2_bearing_holdout,K001,S2_new_records,60,,25,0.0
R2_bearing_holdout,K001,S2_new_records,60,,26,0.0
R2_bearing_holdout,K001,S2_new_records,60,,27,0.0
R2_bearing_holdout,K001,S2_new_records,60,,28,0.0
R2_bearing_holdout,K001,S2_new_records,60,,29,0.45
R2_bearing_holdout,K001,S2_new_records,60,,30,0.0
R2_bearing_holdout,K001,S2_new_records,60,,31,0.0
R2_bearing_holdout,K001,S2_new_records,60,,32,0.0
R2_bearing_holdout,K001,S2_new_records,60,,33,0.0
R2_bearing_holdout,K001,S2_new_records,60,,34,0.0
R2_bearing_holdout,K001,S2_new_records,60,,35,0.0
R2_bearing_holdout,K001,S2_new_records,60,,36,0.0
R2_bearing_holdout,K001,S2_new_records,60,,37,0.0
R2_bearing_holdout,K001,S2_new_records,60,,38,0.15
R2_bearing_holdout,K001,S2_new_records,60,,39,0.0
R2_bearing_holdout,K001,S2_new_records,60,,40,0.0
R2_bearing_holdout,K001,S2_new_records,60,,41,0.05
R2_bearing_holdout,K001,S2_new_records,60,,42,0.0
R2_bearing_holdout,K001,S2_new_records,60,,43,0.0
R2_bearing_holdout,K001,S2_new_records,60,,44,0.0
R2_bearing_holdout,K001,S2_new_records,60,,45,0.15
R2_bearing_holdout,K001,S2_new_records,60,,46,0.0
R2_bearing_holdout,K001,S2_new_records,60,,47,0.0
R2_bearing_holdout,K001,S2_new_records,60,,48,0.0
R2_bearing_holdout,K001,S2_new_records,60,,49,0.0
R2_bearing_holdout,K001,S2_new_records,60,,50,0.0
R2_bearing_holdout,K001,S2_new_records,60,,51,0.0
R2_bearing_holdout,K001,S2_new_records,60,,52,0.15
R2_bearing_holdout,K001,S2_new_records,60,,53,0.0
R2_bearing_holdout,K001,S2_new_records,60,,54,0.0
R2_bearing_holdout,K001,S2_new_records,60,,55,0.0
R2_bearing_holdout,K001,S2_new_records,60,,56,0.0
R2_bearing_holdout,K001,S2_new_records,60,,57,0.0
R2_bearing_holdout,K001,S2_new_records,60,,58,0.0
R2_bearing_holdout,K001,S2_new_records,60,,59,0.0
R2_bearing_holdout,K001,S2_new_records,60,,60,0.05
R2_bearing_holdout,K001,S2_new_records,60,,61,0.0
R2_bearing_holdout,K001,S2_new_records,60,,62,0.0
R2_bearing_holdout,K001,S2_new_records,60,,63,0.0
R2_bearing_holdout,K001,S2_new_records,60,,64,0.0
R2_bearing_holdout,K001,S2_new_records,60,,65,0.0
R2_bearing_holdout,K001,S2_new_records,60,,66,0.0
R2_bearing_holdout,K001,S2_new_records,60,,67,0.0
R2_bearing_holdout,K001,S2_new_records,60,,68,0.0
R2_bearing_holdout,K001,S2_new_records,60,,69,0.0
R2_bearing_holdout,K001,S2_new_records,60,,70,0.0
R2_bearing_holdout,K001,S2_new_records,60,,71,0.0
R2_bearing_holdout,K001,S2_new_records,60,,72,0.0
R2_bearing_holdout,K001,S2_new_records,60,,73,0.0
R2_bearing_holdout,K001,S2_new_records,60,,74,0.0
R2_bearing_holdout,K001,S2_new_records,60,,75,0.0
R2_bearing_holdout,K001,S2_new_records,60,,76,0.0
R2_bearing_holdout,K001,S2_new_records,60,,77,0.0
R2_bearing_holdout,K001,S2_new_records,60,,78,0.0
R2_bearing_holdout,K001,S2_new_records,60,,79,0.0
R2_bearing_holdout,K001,S2_new_records,60,,80,0.0
R2_bearing_holdout,K001,S2_new_records,60,,81,0.0
R2_bearing_holdout,K001,S2_new_records,60,,82,0.0
R2_bearing_holdout,K001,S2_new_records,60,,83,0.0
R2_bearing_holdout,K001,S2_new_records,60,,84,0.0
R2_bearing_holdout,K001,S2_new_records,60,,85,0.0
R2_bearing_holdout,K001,S2_new_records,60,,86,0.0
R2_bearing_holdout,K001,S2_new_records,60,,87,0.15
R2_bearing_holdout,K001,S2_new_records,60,,88,0.0
R2_bearing_holdout,K001,S2_new_records,60,,89,0.0
R2_bearing_holdout,K001,S2_new_records,60,,90,0.0
R2_bearing_holdout,K001,S2_new_records,60,,91,0.2
R2_bearing_holdout,K001,S2_new_records,60,,92,0.0
R2_bearing_holdout,K001,S2_new_records,60,,93,0.1
R2_bearing_holdout,K001,S2_new_records,60,,94,0.0
R2_bearing_holdout,K001,S2_new_records,60,,95,0.0
R2_bearing_holdout,K001,S2_new_records,60,,96,0.0
R2_bearing_holdout,K001,S2_new_records,60,,97,0.0
R2_bearing_holdout,K001,S2_new_records,60,,98,0.0
R2_bearing_holdout,K001,S2_new_records,60,,99,0.0
R2_bearing_holdout,K001,S2_new_records,80,,0,0.0
R2_bearing_holdout,K001,S2_new_records,80,,1,0.0
R2_bearing_holdout,K001,S2_new_records,80,,2,0.0
R2_bearing_holdout,K001,S2_new_records,80,,3,0.0
R2_bearing_holdout,K001,S2_new_records,80,,4,0.0
R2_bearing_holdout,K001,S2_new_records,80,,5,0.0
R2_bearing_holdout,K001,S2_new_records,80,,6,0.0
R2_bearing_holdout,K001,S2_new_records,80,,7,0.0
R2_bearing_holdout,K001,S2_new_records,80,,8,0.2
R2_bearing_holdout,K001,S2_new_records,80,,9,0.0
R2_bearing_holdout,K001,S2_new_records,80,,10,0.0
R2_bearing_holdout,K001,S2_new_records,80,,11,0.0
R2_bearing_holdout,K001,S2_new_records,80,,12,0.0
R2_bearing_holdout,K001,S2_new_records,80,,13,0.0
R2_bearing_holdout,K001,S2_new_records,80,,14,0.0
R2_bearing_holdout,K001,S2_new_records,80,,15,0.0
R2_bearing_holdout,K001,S2_new_records,80,,16,0.0
R2_bearing_holdout,K001,S2_new_records,80,,17,0.0
R2_bearing_holdout,K001,S2_new_records,80,,18,0.2
R2_bearing_holdout,K001,S2_new_records,80,,19,0.0
R2_bearing_holdout,K001,S2_new_records,80,,20,0.0
R2_bearing_holdout,K001,S2_new_records,80,,21,0.0
R2_bearing_holdout,K001,S2_new_records,80,,22,0.0
R2_bearing_holdout,K001,S2_new_records,80,,23,0.0
R2_bearing_holdout,K001,S2_new_records,80,,24,0.0
R2_bearing_holdout,K001,S2_new_records,80,,25,0.0
R2_bearing_holdout,K001,S2_new_records,80,,26,0.0
R2_bearing_holdout,K001,S2_new_records,80,,27,0.0
R2_bearing_holdout,K001,S2_new_records,80,,28,0.05
R2_bearing_holdout,K001,S2_new_records,80,,29,0.0
R2_bearing_holdout,K001,S2_new_records,80,,30,0.0
R2_bearing_holdout,K001,S2_new_records,80,,31,0.1
R2_bearing_holdout,K001,S2_new_records,80,,32,0.0
R2_bearing_holdout,K001,S2_new_records,80,,33,0.0
R2_bearing_holdout,K001,S2_new_records,80,,34,0.0
R2_bearing_holdout,K001,S2_new_records,80,,35,0.0
R2_bearing_holdout,K001,S2_new_records,80,,36,0.0
R2_bearing_holdout,K001,S2_new_records,80,,37,0.0
R2_bearing_holdout,K001,S2_new_records,80,,38,0.0
R2_bearing_holdout,K001,S2_new_records,80,,39,0.0
R2_bearing_holdout,K001,S2_new_records,80,,40,0.0
R2_bearing_holdout,K001,S2_new_records,80,,41,0.05
R2_bearing_holdout,K001,S2_new_records,80,,42,0.0
R2_bearing_holdout,K001,S2_new_records,80,,43,0.0
R2_bearing_holdout,K001,S2_new_records,80,,44,0.0
R2_bearing_holdout,K001,S2_new_records,80,,45,0.0
R2_bearing_holdout,K001,S2_new_records,80,,46,0.0
R2_bearing_holdout,K001,S2_new_records,80,,47,0.0
R2_bearing_holdout,K001,S2_new_records,80,,48,0.0
R2_bearing_holdout,K001,S2_new_records,80,,49,0.0
R2_bearing_holdout,K001,S2_new_records,80,,50,0.0
R2_bearing_holdout,K001,S2_new_records,80,,51,0.0
R2_bearing_holdout,K001,S2_new_records,80,,52,0.0
R2_bearing_holdout,K001,S2_new_records,80,,53,0.0
R2_bearing_holdout,K001,S2_new_records,80,,54,0.0
R2_bearing_holdout,K001,S2_new_records,80,,55,0.0
R2_bearing_holdout,K001,S2_new_records,80,,56,0.0
R2_bearing_holdout,K001,S2_new_records,80,,57,0.05
R2_bearing_holdout,K001,S2_new_records,80,,58,0.0
R2_bearing_holdout,K001,S2_new_records,80,,59,0.0
R2_bearing_holdout,K001,S2_new_records,80,,60,0.0
R2_bearing_holdout,K001,S2_new_records,80,,61,0.0
R2_bearing_holdout,K001,S2_new_records,80,,62,0.0
R2_bearing_holdout,K001,S2_new_records,80,,63,0.0
R2_bearing_holdout,K001,S2_new_records,80,,64,0.0
R2_bearing_holdout,K001,S2_new_records,80,,65,0.0
R2_bearing_holdout,K001,S2_new_records,80,,66,0.0
R2_bearing_holdout,K001,S2_new_records,80,,67,0.05
R2_bearing_holdout,K001,S2_new_records,80,,68,0.0
R2_bearing_holdout,K001,S2_new_records,80,,69,0.0
R2_bearing_holdout,K001,S2_new_records,80,,70,0.0
R2_bearing_holdout,K001,S2_new_records,80,,71,0.1
R2_bearing_holdout,K001,S2_new_records,80,,72,0.0
R2_bearing_holdout,K001,S2_new_records,80,,73,0.0
R2_bearing_holdout,K001,S2_new_records,80,,74,0.0
R2_bearing_holdout,K001,S2_new_records,80,,75,0.0
R2_bearing_holdout,K001,S2_new_records,80,,76,0.0
R2_bearing_holdout,K001,S2_new_records,80,,77,0.0
R2_bearing_holdout,K001,S2_new_records,80,,78,0.0
R2_bearing_holdout,K001,S2_new_records,80,,79,0.0
R2_bearing_holdout,K001,S2_new_records,80,,80,0.0
R2_bearing_holdout,K001,S2_new_records,80,,81,0.0
R2_bearing_holdout,K001,S2_new_records,80,,82,0.0
R2_bearing_holdout,K001,S2_new_records,80,,83,0.0
R2_bearing_holdout,K001,S2_new_records,80,,84,0.0
R2_bearing_holdout,K001,S2_new_records,80,,85,0.0
R2_bearing_holdout,K001,S2_new_records,80,,86,0.0
R2_bearing_holdout,K001,S2_new_records,80,,87,0.0
R2_bearing_holdout,K001,S2_new_records,80,,88,0.0
R2_bearing_holdout,K001,S2_new_records,80,,89,0.25
R2_bearing_holdout,K001,S2_new_records,80,,90,0.0
R2_bearing_holdout,K001,S2_new_records,80,,91,0.0
R2_bearing_holdout,K001,S2_new_records,80,,92,0.0
R2_bearing_holdout,K001,S2_new_records,80,,93,0.1
R2_bearing_holdout,K001,S2_new_records,80,,94,0.0
R2_bearing_holdout,K001,S2_new_records,80,,95,0.0
R2_bearing_holdout,K001,S2_new_records,80,,96,0.0
R2_bearing_holdout,K001,S2_new_records,80,,97,0.0
R2_bearing_holdout,K001,S2_new_records,80,,98,0.0
R2_bearing_holdout,K001,S2_new_records,80,,99,0.0
R2_bearing_holdout,K001,S2_new_records,96,,0,0.0
R2_bearing_holdout,K001,S2_new_records,96,,1,0.0
R2_bearing_holdout,K001,S2_new_records,96,,2,0.0
R2_bearing_holdout,K001,S2_new_records,96,,3,0.0
R2_bearing_holdout,K001,S2_new_records,96,,4,0.0
R2_bearing_holdout,K001,S2_new_records,96,,5,0.0
R2_bearing_holdout,K001,S2_new_records,96,,6,0.0
R2_bearing_holdout,K001,S2_new_records,96,,7,0.0
R2_bearing_holdout,K001,S2_new_records,96,,8,0.0
R2_bearing_holdout,K001,S2_new_records,96,,9,0.15
R2_bearing_holdout,K001,S2_new_records,96,,10,0.0
R2_bearing_holdout,K001,S2_new_records,96,,11,0.0
R2_bearing_holdout,K001,S2_new_records,96,,12,0.0
R2_bearing_holdout,K001,S2_new_records,96,,13,0.0
R2_bearing_holdout,K001,S2_new_records,96,,14,0.0
R2_bearing_holdout,K001,S2_new_records,96,,15,0.0
R2_bearing_holdout,K001,S2_new_records,96,,16,0.0
R2_bearing_holdout,K001,S2_new_records,96,,17,0.0
R2_bearing_holdout,K001,S2_new_records,96,,18,0.0
R2_bearing_holdout,K001,S2_new_records,96,,19,0.0
R2_bearing_holdout,K001,S2_new_records,96,,20,0.0
R2_bearing_holdout,K001,S2_new_records,96,,21,0.0
R2_bearing_holdout,K001,S2_new_records,96,,22,0.0
R2_bearing_holdout,K001,S2_new_records,96,,23,0.0
R2_bearing_holdout,K001,S2_new_records,96,,24,0.0
R2_bearing_holdout,K001,S2_new_records,96,,25,0.0
R2_bearing_holdout,K001,S2_new_records,96,,26,0.0
R2_bearing_holdout,K001,S2_new_records,96,,27,0.0
R2_bearing_holdout,K001,S2_new_records,96,,28,0.05
R2_bearing_holdout,K001,S2_new_records,96,,29,0.0
R2_bearing_holdout,K001,S2_new_records,96,,30,0.05
R2_bearing_holdout,K001,S2_new_records,96,,31,0.0
R2_bearing_holdout,K001,S2_new_records,96,,32,0.0
R2_bearing_holdout,K001,S2_new_records,96,,33,0.0
R2_bearing_holdout,K001,S2_new_records,96,,34,0.0
R2_bearing_holdout,K001,S2_new_records,96,,35,0.0
R2_bearing_holdout,K001,S2_new_records,96,,36,0.0
R2_bearing_holdout,K001,S2_new_records,96,,37,0.0
R2_bearing_holdout,K001,S2_new_records,96,,38,0.0
R2_bearing_holdout,K001,S2_new_records,96,,39,0.0
R2_bearing_holdout,K001,S2_new_records,96,,40,0.0
R2_bearing_holdout,K001,S2_new_records,96,,41,0.05
R2_bearing_holdout,K001,S2_new_records,96,,42,0.0
R2_bearing_holdout,K001,S2_new_records,96,,43,0.0
R2_bearing_holdout,K001,S2_new_records,96,,44,0.0
R2_bearing_holdout,K001,S2_new_records,96,,45,0.0
R2_bearing_holdout,K001,S2_new_records,96,,46,0.0
R2_bearing_holdout,K001,S2_new_records,96,,47,0.0
R2_bearing_holdout,K001,S2_new_records,96,,48,0.0
R2_bearing_holdout,K001,S2_new_records,96,,49,0.0
R2_bearing_holdout,K001,S2_new_records,96,,50,0.0
R2_bearing_holdout,K001,S2_new_records,96,,51,0.0
R2_bearing_holdout,K001,S2_new_records,96,,52,0.0
R2_bearing_holdout,K001,S2_new_records,96,,53,0.0
R2_bearing_holdout,K001,S2_new_records,96,,54,0.05
R2_bearing_holdout,K001,S2_new_records,96,,55,0.0
R2_bearing_holdout,K001,S2_new_records,96,,56,0.0
R2_bearing_holdout,K001,S2_new_records,96,,57,0.0
R2_bearing_holdout,K001,S2_new_records,96,,58,0.0
R2_bearing_holdout,K001,S2_new_records,96,,59,0.0
R2_bearing_holdout,K001,S2_new_records,96,,60,0.0
R2_bearing_holdout,K001,S2_new_records,96,,61,0.05
R2_bearing_holdout,K001,S2_new_records,96,,62,0.0
R2_bearing_holdout,K001,S2_new_records,96,,63,0.0
R2_bearing_holdout,K001,S2_new_records,96,,64,0.0
R2_bearing_holdout,K001,S2_new_records,96,,65,0.0
R2_bearing_holdout,K001,S2_new_records,96,,66,0.0
R2_bearing_holdout,K001,S2_new_records,96,,67,0.0
R2_bearing_holdout,K001,S2_new_records,96,,68,0.0
R2_bearing_holdout,K001,S2_new_records,96,,69,0.0
R2_bearing_holdout,K001,S2_new_records,96,,70,0.0
R2_bearing_holdout,K001,S2_new_records,96,,71,0.0
R2_bearing_holdout,K001,S2_new_records,96,,72,0.0
R2_bearing_holdout,K001,S2_new_records,96,,73,0.0
R2_bearing_holdout,K001,S2_new_records,96,,74,0.0
R2_bearing_holdout,K001,S2_new_records,96,,75,0.0
R2_bearing_holdout,K001,S2_new_records,96,,76,0.0
R2_bearing_holdout,K001,S2_new_records,96,,77,0.0
R2_bearing_holdout,K001,S2_new_records,96,,78,0.0
R2_bearing_holdout,K001,S2_new_records,96,,79,0.0
R2_bearing_holdout,K001,S2_new_records,96,,80,0.0
R2_bearing_holdout,K001,S2_new_records,96,,81,0.0
R2_bearing_holdout,K001,S2_new_records,96,,82,0.0
R2_bearing_holdout,K001,S2_new_records,96,,83,0.0
R2_bearing_holdout,K001,S2_new_records,96,,84,0.0
R2_bearing_holdout,K001,S2_new_records,96,,85,0.0
R2_bearing_holdout,K001,S2_new_records,96,,86,0.0
R2_bearing_holdout,K001,S2_new_records,96,,87,0.0
R2_bearing_holdout,K001,S2_new_records,96,,88,0.0
R2_bearing_holdout,K001,S2_new_records,96,,89,0.0
R2_bearing_holdout,K001,S2_new_records,96,,90,0.0
R2_bearing_holdout,K001,S2_new_records,96,,91,0.0
R2_bearing_holdout,K001,S2_new_records,96,,92,0.0
R2_bearing_holdout,K001,S2_new_records,96,,93,0.0
R2_bearing_holdout,K001,S2_new_records,96,,94,0.0
R2_bearing_holdout,K001,S2_new_records,96,,95,0.0
R2_bearing_holdout,K001,S2_new_records,96,,96,0.0
R2_bearing_holdout,K001,S2_new_records,96,,97,0.0
R2_bearing_holdout,K001,S2_new_records,96,,98,0.0
R2_bearing_holdout,K001,S2_new_records,96,,99,0.0
R2_bearing_holdout,K001,S3_units,20,1.0,0,1.0
R2_bearing_holdout,K001,S3_units,20,1.0,1,0.2
R2_bearing_holdout,K001,S3_units,20,1.0,2,1.0
R2_bearing_holdout,K001,S3_units,20,1.0,3,0.15
R2_bearing_holdout,K001,S3_units,20,1.0,4,1.0
R2_bearing_holdout,K001,S3_units,20,1.0,5,1.0
R2_bearing_holdout,K001,S3_units,20,1.0,6,0.25
R2_bearing_holdout,K001,S3_units,20,1.0,7,1.0
R2_bearing_holdout,K001,S3_units,20,1.0,8,0.95
R2_bearing_holdout,K001,S3_units,20,1.0,9,0.1
R2_bearing_holdout,K001,S3_units,20,1.0,10,1.0
R2_bearing_holdout,K001,S3_units,20,1.0,11,1.0
R2_bearing_holdout,K001,S3_units,20,1.0,12,1.0
R2_bearing_holdout,K001,S3_units,20,1.0,13,0.1
R2_bearing_holdout,K001,S3_units,20,1.0,14,1.0
R2_bearing_holdout,K001,S3_units,20,1.0,15,1.0
R2_bearing_holdout,K001,S3_units,20,1.0,16,1.0
R2_bearing_holdout,K001,S3_units,20,1.0,17,0.6
R2_bearing_holdout,K001,S3_units,20,1.0,18,0.15
R2_bearing_holdout,K001,S3_units,20,1.0,19,1.0
R2_bearing_holdout,K001,S3_units,20,1.0,20,0.15
R2_bearing_holdout,K001,S3_units,20,1.0,21,0.65
R2_bearing_holdout,K001,S3_units,20,1.0,22,0.8
R2_bearing_holdout,K001,S3_units,20,1.0,23,1.0
R2_bearing_holdout,K001,S3_units,20,1.0,24,0.2
R2_bearing_holdout,K001,S3_units,20,1.0,25,1.0
R2_bearing_holdout,K001,S3_units,20,1.0,26,0.7
R2_bearing_holdout,K001,S3_units,20,1.0,27,0.3
R2_bearing_holdout,K001,S3_units,20,1.0,28,0.95
R2_bearing_holdout,K001,S3_units,20,1.0,29,0.7
R2_bearing_holdout,K001,S3_units,20,1.0,30,1.0
R2_bearing_holdout,K001,S3_units,20,1.0,31,1.0
R2_bearing_holdout,K001,S3_units,20,1.0,32,1.0
R2_bearing_holdout,K001,S3_units,20,1.0,33,1.0
R2_bearing_holdout,K001,S3_units,20,1.0,34,0.95
R2_bearing_holdout,K001,S3_units,20,1.0,35,0.15
R2_bearing_holdout,K001,S3_units,20,1.0,36,0.1
R2_bearing_holdout,K001,S3_units,20,1.0,37,0.8
R2_bearing_holdout,K001,S3_units,20,1.0,38,0.95
R2_bearing_holdout,K001,S3_units,20,1.0,39,0.65
R2_bearing_holdout,K001,S3_units,20,1.0,40,0.25
R2_bearing_holdout,K001,S3_units,20,1.0,41,1.0
R2_bearing_holdout,K001,S3_units,20,1.0,42,1.0
R2_bearing_holdout,K001,S3_units,20,1.0,43,0.95
R2_bearing_holdout,K001,S3_units,20,1.0,44,0.95
R2_bearing_holdout,K001,S3_units,20,1.0,45,1.0
R2_bearing_holdout,K001,S3_units,20,1.0,46,1.0
R2_bearing_holdout,K001,S3_units,20,1.0,47,0.95
R2_bearing_holdout,K001,S3_units,20,1.0,48,1.0
R2_bearing_holdout,K001,S3_units,20,1.0,49,0.95
R2_bearing_holdout,K001,S3_units,20,1.0,50,0.95
R2_bearing_holdout,K001,S3_units,20,1.0,51,1.0
R2_bearing_holdout,K001,S3_units,20,1.0,52,1.0
R2_bearing_holdout,K001,S3_units,20,1.0,53,1.0
R2_bearing_holdout,K001,S3_units,20,1.0,54,0.1
R2_bearing_holdout,K001,S3_units,20,1.0,55,1.0
R2_bearing_holdout,K001,S3_units,20,1.0,56,0.25
R2_bearing_holdout,K001,S3_units,20,1.0,57,1.0
R2_bearing_holdout,K001,S3_units,20,1.0,58,1.0
R2_bearing_holdout,K001,S3_units,20,1.0,59,0.9
R2_bearing_holdout,K001,S3_units,20,1.0,60,1.0
R2_bearing_holdout,K001,S3_units,20,1.0,61,1.0
R2_bearing_holdout,K001,S3_units,20,1.0,62,1.0
R2_bearing_holdout,K001,S3_units,20,1.0,63,1.0
R2_bearing_holdout,K001,S3_units,20,1.0,64,1.0
R2_bearing_holdout,K001,S3_units,20,1.0,65,1.0
R2_bearing_holdout,K001,S3_units,20,1.0,66,1.0
R2_bearing_holdout,K001,S3_units,20,1.0,67,0.95
R2_bearing_holdout,K001,S3_units,20,1.0,68,1.0
R2_bearing_holdout,K001,S3_units,20,1.0,69,1.0
R2_bearing_holdout,K001,S3_units,20,1.0,70,1.0
R2_bearing_holdout,K001,S3_units,20,1.0,71,0.95
R2_bearing_holdout,K001,S3_units,20,1.0,72,0.95
R2_bearing_holdout,K001,S3_units,20,1.0,73,1.0
R2_bearing_holdout,K001,S3_units,20,1.0,74,0.7
R2_bearing_holdout,K001,S3_units,20,1.0,75,0.1
R2_bearing_holdout,K001,S3_units,20,1.0,76,1.0
R2_bearing_holdout,K001,S3_units,20,1.0,77,0.5
R2_bearing_holdout,K001,S3_units,20,1.0,78,1.0
R2_bearing_holdout,K001,S3_units,20,1.0,79,0.75
R2_bearing_holdout,K001,S3_units,20,1.0,80,0.95
R2_bearing_holdout,K001,S3_units,20,1.0,81,1.0
R2_bearing_holdout,K001,S3_units,20,1.0,82,1.0
R2_bearing_holdout,K001,S3_units,20,1.0,83,1.0
R2_bearing_holdout,K001,S3_units,20,1.0,84,0.85
R2_bearing_holdout,K001,S3_units,20,1.0,85,1.0
R2_bearing_holdout,K001,S3_units,20,1.0,86,0.95
R2_bearing_holdout,K001,S3_units,20,1.0,87,1.0
R2_bearing_holdout,K001,S3_units,20,1.0,88,0.3
R2_bearing_holdout,K001,S3_units,20,1.0,89,0.15
R2_bearing_holdout,K001,S3_units,20,1.0,90,0.1
R2_bearing_holdout,K001,S3_units,20,1.0,91,1.0
R2_bearing_holdout,K001,S3_units,20,1.0,92,0.95
R2_bearing_holdout,K001,S3_units,20,1.0,93,0.65
R2_bearing_holdout,K001,S3_units,20,1.0,94,0.65
R2_bearing_holdout,K001,S3_units,20,1.0,95,1.0
R2_bearing_holdout,K001,S3_units,20,1.0,96,1.0
R2_bearing_holdout,K001,S3_units,20,1.0,97,1.0
R2_bearing_holdout,K001,S3_units,20,1.0,98,1.0
R2_bearing_holdout,K001,S3_units,20,1.0,99,1.0
R2_bearing_holdout,K001,S3_units,20,2.0,0,0.35
R2_bearing_holdout,K001,S3_units,20,2.0,1,0.6
R2_bearing_holdout,K001,S3_units,20,2.0,2,0.9
R2_bearing_holdout,K001,S3_units,20,2.0,3,0.95
R2_bearing_holdout,K001,S3_units,20,2.0,4,0.9
R2_bearing_holdout,K001,S3_units,20,2.0,5,0.0
R2_bearing_holdout,K001,S3_units,20,2.0,6,0.0
R2_bearing_holdout,K001,S3_units,20,2.0,7,0.0
R2_bearing_holdout,K001,S3_units,20,2.0,8,1.0
R2_bearing_holdout,K001,S3_units,20,2.0,9,0.0
R2_bearing_holdout,K001,S3_units,20,2.0,10,1.0
R2_bearing_holdout,K001,S3_units,20,2.0,11,0.0
R2_bearing_holdout,K001,S3_units,20,2.0,12,0.0
R2_bearing_holdout,K001,S3_units,20,2.0,13,0.15
R2_bearing_holdout,K001,S3_units,20,2.0,14,1.0
R2_bearing_holdout,K001,S3_units,20,2.0,15,1.0
R2_bearing_holdout,K001,S3_units,20,2.0,16,1.0
R2_bearing_holdout,K001,S3_units,20,2.0,17,1.0
R2_bearing_holdout,K001,S3_units,20,2.0,18,0.15
R2_bearing_holdout,K001,S3_units,20,2.0,19,0.05
R2_bearing_holdout,K001,S3_units,20,2.0,20,0.35
R2_bearing_holdout,K001,S3_units,20,2.0,21,0.0
R2_bearing_holdout,K001,S3_units,20,2.0,22,0.0
R2_bearing_holdout,K001,S3_units,20,2.0,23,0.0
R2_bearing_holdout,K001,S3_units,20,2.0,24,0.0
R2_bearing_holdout,K001,S3_units,20,2.0,25,0.25
R2_bearing_holdout,K001,S3_units,20,2.0,26,0.0
R2_bearing_holdout,K001,S3_units,20,2.0,27,0.05
R2_bearing_holdout,K001,S3_units,20,2.0,28,0.0
R2_bearing_holdout,K001,S3_units,20,2.0,29,0.0
R2_bearing_holdout,K001,S3_units,20,2.0,30,1.0
R2_bearing_holdout,K001,S3_units,20,2.0,31,0.0
R2_bearing_holdout,K001,S3_units,20,2.0,32,0.75
R2_bearing_holdout,K001,S3_units,20,2.0,33,0.15
R2_bearing_holdout,K001,S3_units,20,2.0,34,0.0
R2_bearing_holdout,K001,S3_units,20,2.0,35,0.45
R2_bearing_holdout,K001,S3_units,20,2.0,36,1.0
R2_bearing_holdout,K001,S3_units,20,2.0,37,0.0
R2_bearing_holdout,K001,S3_units,20,2.0,38,0.9
R2_bearing_holdout,K001,S3_units,20,2.0,39,0.0
R2_bearing_holdout,K001,S3_units,20,2.0,40,0.1
R2_bearing_holdout,K001,S3_units,20,2.0,41,0.95
R2_bearing_holdout,K001,S3_units,20,2.0,42,0.0
R2_bearing_holdout,K001,S3_units,20,2.0,43,0.95
R2_bearing_holdout,K001,S3_units,20,2.0,44,0.05
R2_bearing_holdout,K001,S3_units,20,2.0,45,1.0
R2_bearing_holdout,K001,S3_units,20,2.0,46,0.0
R2_bearing_holdout,K001,S3_units,20,2.0,47,0.75
R2_bearing_holdout,K001,S3_units,20,2.0,48,0.0
R2_bearing_holdout,K001,S3_units,20,2.0,49,0.1
R2_bearing_holdout,K001,S3_units,20,2.0,50,0.0
R2_bearing_holdout,K001,S3_units,20,2.0,51,1.0
R2_bearing_holdout,K001,S3_units,20,2.0,52,0.0
R2_bearing_holdout,K001,S3_units,20,2.0,53,0.35
R2_bearing_holdout,K001,S3_units,20,2.0,54,0.8
R2_bearing_holdout,K001,S3_units,20,2.0,55,0.05
R2_bearing_holdout,K001,S3_units,20,2.0,56,1.0
R2_bearing_holdout,K001,S3_units,20,2.0,57,0.0
R2_bearing_holdout,K001,S3_units,20,2.0,58,0.9
R2_bearing_holdout,K001,S3_units,20,2.0,59,0.25
R2_bearing_holdout,K001,S3_units,20,2.0,60,0.05
R2_bearing_holdout,K001,S3_units,20,2.0,61,0.05
R2_bearing_holdout,K001,S3_units,20,2.0,62,0.95
R2_bearing_holdout,K001,S3_units,20,2.0,63,0.1
R2_bearing_holdout,K001,S3_units,20,2.0,64,0.35
R2_bearing_holdout,K001,S3_units,20,2.0,65,1.0
R2_bearing_holdout,K001,S3_units,20,2.0,66,0.5
R2_bearing_holdout,K001,S3_units,20,2.0,67,0.9
R2_bearing_holdout,K001,S3_units,20,2.0,68,0.0
R2_bearing_holdout,K001,S3_units,20,2.0,69,0.8
R2_bearing_holdout,K001,S3_units,20,2.0,70,0.8
R2_bearing_holdout,K001,S3_units,20,2.0,71,0.95
R2_bearing_holdout,K001,S3_units,20,2.0,72,0.0
R2_bearing_holdout,K001,S3_units,20,2.0,73,0.4
R2_bearing_holdout,K001,S3_units,20,2.0,74,0.0
R2_bearing_holdout,K001,S3_units,20,2.0,75,0.15
R2_bearing_holdout,K001,S3_units,20,2.0,76,0.35
R2_bearing_holdout,K001,S3_units,20,2.0,77,0.0
R2_bearing_holdout,K001,S3_units,20,2.0,78,0.0
R2_bearing_holdout,K001,S3_units,20,2.0,79,0.0
R2_bearing_holdout,K001,S3_units,20,2.0,80,0.0
R2_bearing_holdout,K001,S3_units,20,2.0,81,0.0
R2_bearing_holdout,K001,S3_units,20,2.0,82,0.0
R2_bearing_holdout,K001,S3_units,20,2.0,83,0.95
R2_bearing_holdout,K001,S3_units,20,2.0,84,0.0
R2_bearing_holdout,K001,S3_units,20,2.0,85,1.0
R2_bearing_holdout,K001,S3_units,20,2.0,86,0.0
R2_bearing_holdout,K001,S3_units,20,2.0,87,1.0
R2_bearing_holdout,K001,S3_units,20,2.0,88,0.0
R2_bearing_holdout,K001,S3_units,20,2.0,89,1.0
R2_bearing_holdout,K001,S3_units,20,2.0,90,0.8
R2_bearing_holdout,K001,S3_units,20,2.0,91,0.05
R2_bearing_holdout,K001,S3_units,20,2.0,92,0.0
R2_bearing_holdout,K001,S3_units,20,2.0,93,0.05
R2_bearing_holdout,K001,S3_units,20,2.0,94,0.65
R2_bearing_holdout,K001,S3_units,20,2.0,95,0.0
R2_bearing_holdout,K001,S3_units,20,2.0,96,0.0
R2_bearing_holdout,K001,S3_units,20,2.0,97,0.95
R2_bearing_holdout,K001,S3_units,20,2.0,98,0.0
R2_bearing_holdout,K001,S3_units,20,2.0,99,0.0
R2_bearing_holdout,K001,S3_units,20,3.0,0,0.1
R2_bearing_holdout,K001,S3_units,20,3.0,1,0.05
R2_bearing_holdout,K001,S3_units,20,3.0,2,0.95
R2_bearing_holdout,K001,S3_units,20,3.0,3,0.0
R2_bearing_holdout,K001,S3_units,20,3.0,4,0.95
R2_bearing_holdout,K001,S3_units,20,3.0,5,0.0
R2_bearing_holdout,K001,S3_units,20,3.0,6,0.3
R2_bearing_holdout,K001,S3_units,20,3.0,7,0.0
R2_bearing_holdout,K001,S3_units,20,3.0,8,0.0
R2_bearing_holdout,K001,S3_units,20,3.0,9,0.4
R2_bearing_holdout,K001,S3_units,20,3.0,10,0.0
R2_bearing_holdout,K001,S3_units,20,3.0,11,0.9
R2_bearing_holdout,K001,S3_units,20,3.0,12,0.9
R2_bearing_holdout,K001,S3_units,20,3.0,13,0.0
R2_bearing_holdout,K001,S3_units,20,3.0,14,0.0
R2_bearing_holdout,K001,S3_units,20,3.0,15,0.0
R2_bearing_holdout,K001,S3_units,20,3.0,16,0.0
R2_bearing_holdout,K001,S3_units,20,3.0,17,0.0
R2_bearing_holdout,K001,S3_units,20,3.0,18,0.0
R2_bearing_holdout,K001,S3_units,20,3.0,19,0.0
R2_bearing_holdout,K001,S3_units,20,3.0,20,0.05
R2_bearing_holdout,K001,S3_units,20,3.0,21,0.0
R2_bearing_holdout,K001,S3_units,20,3.0,22,0.0
R2_bearing_holdout,K001,S3_units,20,3.0,23,0.0
R2_bearing_holdout,K001,S3_units,20,3.0,24,0.15
R2_bearing_holdout,K001,S3_units,20,3.0,25,0.85
R2_bearing_holdout,K001,S3_units,20,3.0,26,0.0
R2_bearing_holdout,K001,S3_units,20,3.0,27,0.25
R2_bearing_holdout,K001,S3_units,20,3.0,28,0.95
R2_bearing_holdout,K001,S3_units,20,3.0,29,0.0
R2_bearing_holdout,K001,S3_units,20,3.0,30,0.95
R2_bearing_holdout,K001,S3_units,20,3.0,31,0.0
R2_bearing_holdout,K001,S3_units,20,3.0,32,0.0
R2_bearing_holdout,K001,S3_units,20,3.0,33,0.0
R2_bearing_holdout,K001,S3_units,20,3.0,34,0.0
R2_bearing_holdout,K001,S3_units,20,3.0,35,0.0
R2_bearing_holdout,K001,S3_units,20,3.0,36,0.0
R2_bearing_holdout,K001,S3_units,20,3.0,37,0.5
R2_bearing_holdout,K001,S3_units,20,3.0,38,0.9
R2_bearing_holdout,K001,S3_units,20,3.0,39,0.0
R2_bearing_holdout,K001,S3_units,20,3.0,40,0.1
R2_bearing_holdout,K001,S3_units,20,3.0,41,0.0
R2_bearing_holdout,K001,S3_units,20,3.0,42,0.05
R2_bearing_holdout,K001,S3_units,20,3.0,43,0.9
R2_bearing_holdout,K001,S3_units,20,3.0,44,0.45
R2_bearing_holdout,K001,S3_units,20,3.0,45,0.8
R2_bearing_holdout,K001,S3_units,20,3.0,46,0.0
R2_bearing_holdout,K001,S3_units,20,3.0,47,0.0
R2_bearing_holdout,K001,S3_units,20,3.0,48,0.05
R2_bearing_holdout,K001,S3_units,20,3.0,49,0.0
R2_bearing_holdout,K001,S3_units,20,3.0,50,0.0
R2_bearing_holdout,K001,S3_units,20,3.0,51,0.95
R2_bearing_holdout,K001,S3_units,20,3.0,52,0.8
R2_bearing_holdout,K001,S3_units,20,3.0,53,0.2
R2_bearing_holdout,K001,S3_units,20,3.0,54,0.0
R2_bearing_holdout,K001,S3_units,20,3.0,55,0.0
R2_bearing_holdout,K001,S3_units,20,3.0,56,0.0
R2_bearing_holdout,K001,S3_units,20,3.0,57,0.0
R2_bearing_holdout,K001,S3_units,20,3.0,58,0.35
R2_bearing_holdout,K001,S3_units,20,3.0,59,0.0
R2_bearing_holdout,K001,S3_units,20,3.0,60,0.0
R2_bearing_holdout,K001,S3_units,20,3.0,61,0.0
R2_bearing_holdout,K001,S3_units,20,3.0,62,0.05
R2_bearing_holdout,K001,S3_units,20,3.0,63,0.0
R2_bearing_holdout,K001,S3_units,20,3.0,64,0.7
R2_bearing_holdout,K001,S3_units,20,3.0,65,0.05
R2_bearing_holdout,K001,S3_units,20,3.0,66,0.0
R2_bearing_holdout,K001,S3_units,20,3.0,67,0.0
R2_bearing_holdout,K001,S3_units,20,3.0,68,0.0
R2_bearing_holdout,K001,S3_units,20,3.0,69,0.0
R2_bearing_holdout,K001,S3_units,20,3.0,70,0.0
R2_bearing_holdout,K001,S3_units,20,3.0,71,0.0
R2_bearing_holdout,K001,S3_units,20,3.0,72,0.85
R2_bearing_holdout,K001,S3_units,20,3.0,73,0.6
R2_bearing_holdout,K001,S3_units,20,3.0,74,0.0
R2_bearing_holdout,K001,S3_units,20,3.0,75,0.0
R2_bearing_holdout,K001,S3_units,20,3.0,76,0.05
R2_bearing_holdout,K001,S3_units,20,3.0,77,0.1
R2_bearing_holdout,K001,S3_units,20,3.0,78,0.0
R2_bearing_holdout,K001,S3_units,20,3.0,79,0.6
R2_bearing_holdout,K001,S3_units,20,3.0,80,0.0
R2_bearing_holdout,K001,S3_units,20,3.0,81,0.0
R2_bearing_holdout,K001,S3_units,20,3.0,82,0.0
R2_bearing_holdout,K001,S3_units,20,3.0,83,0.05
R2_bearing_holdout,K001,S3_units,20,3.0,84,0.0
R2_bearing_holdout,K001,S3_units,20,3.0,85,0.9
R2_bearing_holdout,K001,S3_units,20,3.0,86,0.0
R2_bearing_holdout,K001,S3_units,20,3.0,87,0.4
R2_bearing_holdout,K001,S3_units,20,3.0,88,0.0
R2_bearing_holdout,K001,S3_units,20,3.0,89,0.2
R2_bearing_holdout,K001,S3_units,20,3.0,90,0.0
R2_bearing_holdout,K001,S3_units,20,3.0,91,0.05
R2_bearing_holdout,K001,S3_units,20,3.0,92,0.0
R2_bearing_holdout,K001,S3_units,20,3.0,93,0.15
R2_bearing_holdout,K001,S3_units,20,3.0,94,0.9
R2_bearing_holdout,K001,S3_units,20,3.0,95,0.0
R2_bearing_holdout,K001,S3_units,20,3.0,96,0.0
R2_bearing_holdout,K001,S3_units,20,3.0,97,0.0
R2_bearing_holdout,K001,S3_units,20,3.0,98,0.0
R2_bearing_holdout,K001,S3_units,20,3.0,99,0.0
R2_bearing_holdout,K001,S3_units,20,4.0,0,0.0
R2_bearing_holdout,K001,S3_units,20,4.0,1,0.8
R2_bearing_holdout,K001,S3_units,20,4.0,2,0.05
R2_bearing_holdout,K001,S3_units,20,4.0,3,0.9
R2_bearing_holdout,K001,S3_units,20,4.0,4,0.2
R2_bearing_holdout,K001,S3_units,20,4.0,5,0.0
R2_bearing_holdout,K001,S3_units,20,4.0,6,0.0
R2_bearing_holdout,K001,S3_units,20,4.0,7,0.05
R2_bearing_holdout,K001,S3_units,20,4.0,8,0.0
R2_bearing_holdout,K001,S3_units,20,4.0,9,0.0
R2_bearing_holdout,K001,S3_units,20,4.0,10,0.0
R2_bearing_holdout,K001,S3_units,20,4.0,11,0.85
R2_bearing_holdout,K001,S3_units,20,4.0,12,0.0
R2_bearing_holdout,K001,S3_units,20,4.0,13,0.4
R2_bearing_holdout,K001,S3_units,20,4.0,14,0.85
R2_bearing_holdout,K001,S3_units,20,4.0,15,0.05
R2_bearing_holdout,K001,S3_units,20,4.0,16,0.0
R2_bearing_holdout,K001,S3_units,20,4.0,17,0.0
R2_bearing_holdout,K001,S3_units,20,4.0,18,0.0
R2_bearing_holdout,K001,S3_units,20,4.0,19,0.85
R2_bearing_holdout,K001,S3_units,20,4.0,20,0.0
R2_bearing_holdout,K001,S3_units,20,4.0,21,0.95
R2_bearing_holdout,K001,S3_units,20,4.0,22,0.0
R2_bearing_holdout,K001,S3_units,20,4.0,23,0.3
R2_bearing_holdout,K001,S3_units,20,4.0,24,0.0
R2_bearing_holdout,K001,S3_units,20,4.0,25,0.95
R2_bearing_holdout,K001,S3_units,20,4.0,26,0.4
R2_bearing_holdout,K001,S3_units,20,4.0,27,0.95
R2_bearing_holdout,K001,S3_units,20,4.0,28,0.5
R2_bearing_holdout,K001,S3_units,20,4.0,29,0.05
R2_bearing_holdout,K001,S3_units,20,4.0,30,0.0
R2_bearing_holdout,K001,S3_units,20,4.0,31,0.0
R2_bearing_holdout,K001,S3_units,20,4.0,32,0.95
R2_bearing_holdout,K001,S3_units,20,4.0,33,0.0
R2_bearing_holdout,K001,S3_units,20,4.0,34,0.9
R2_bearing_holdout,K001,S3_units,20,4.0,35,0.05
R2_bearing_holdout,K001,S3_units,20,4.0,36,0.0
R2_bearing_holdout,K001,S3_units,20,4.0,37,0.05
R2_bearing_holdout,K001,S3_units,20,4.0,38,0.0
R2_bearing_holdout,K001,S3_units,20,4.0,39,0.0
R2_bearing_holdout,K001,S3_units,20,4.0,40,0.0
R2_bearing_holdout,K001,S3_units,20,4.0,41,0.0
R2_bearing_holdout,K001,S3_units,20,4.0,42,0.0
R2_bearing_holdout,K001,S3_units,20,4.0,43,0.0
R2_bearing_holdout,K001,S3_units,20,4.0,44,0.0
R2_bearing_holdout,K001,S3_units,20,4.0,45,0.0
R2_bearing_holdout,K001,S3_units,20,4.0,46,0.05
R2_bearing_holdout,K001,S3_units,20,4.0,47,0.05
R2_bearing_holdout,K001,S3_units,20,4.0,48,0.0
R2_bearing_holdout,K001,S3_units,20,4.0,49,0.35
R2_bearing_holdout,K001,S3_units,20,4.0,50,0.0
R2_bearing_holdout,K001,S3_units,20,4.0,51,0.0
R2_bearing_holdout,K001,S3_units,20,4.0,52,0.0
R2_bearing_holdout,K001,S3_units,20,4.0,53,1.0
R2_bearing_holdout,K001,S3_units,20,4.0,54,0.0
R2_bearing_holdout,K001,S3_units,20,4.0,55,0.0
R2_bearing_holdout,K001,S3_units,20,4.0,56,0.25
R2_bearing_holdout,K001,S3_units,20,4.0,57,0.0
R2_bearing_holdout,K001,S3_units,20,4.0,58,0.0
R2_bearing_holdout,K001,S3_units,20,4.0,59,0.0
R2_bearing_holdout,K001,S3_units,20,4.0,60,0.0
R2_bearing_holdout,K001,S3_units,20,4.0,61,0.05
R2_bearing_holdout,K001,S3_units,20,4.0,62,0.8
R2_bearing_holdout,K001,S3_units,20,4.0,63,0.0
R2_bearing_holdout,K001,S3_units,20,4.0,64,0.75
R2_bearing_holdout,K001,S3_units,20,4.0,65,0.0
R2_bearing_holdout,K001,S3_units,20,4.0,66,0.05
R2_bearing_holdout,K001,S3_units,20,4.0,67,0.0
R2_bearing_holdout,K001,S3_units,20,4.0,68,0.0
R2_bearing_holdout,K001,S3_units,20,4.0,69,0.05
R2_bearing_holdout,K001,S3_units,20,4.0,70,0.0
R2_bearing_holdout,K001,S3_units,20,4.0,71,0.4
R2_bearing_holdout,K001,S3_units,20,4.0,72,0.0
R2_bearing_holdout,K001,S3_units,20,4.0,73,0.0
R2_bearing_holdout,K001,S3_units,20,4.0,74,0.15
R2_bearing_holdout,K001,S3_units,20,4.0,75,0.0
R2_bearing_holdout,K001,S3_units,20,4.0,76,0.0
R2_bearing_holdout,K001,S3_units,20,4.0,77,0.0
R2_bearing_holdout,K001,S3_units,20,4.0,78,0.95
R2_bearing_holdout,K001,S3_units,20,4.0,79,0.0
R2_bearing_holdout,K001,S3_units,20,4.0,80,0.7
R2_bearing_holdout,K001,S3_units,20,4.0,81,1.0
R2_bearing_holdout,K001,S3_units,20,4.0,82,0.0
R2_bearing_holdout,K001,S3_units,20,4.0,83,0.0
R2_bearing_holdout,K001,S3_units,20,4.0,84,0.0
R2_bearing_holdout,K001,S3_units,20,4.0,85,0.0
R2_bearing_holdout,K001,S3_units,20,4.0,86,0.0
R2_bearing_holdout,K001,S3_units,20,4.0,87,0.55
R2_bearing_holdout,K001,S3_units,20,4.0,88,0.0
R2_bearing_holdout,K001,S3_units,20,4.0,89,0.95
R2_bearing_holdout,K001,S3_units,20,4.0,90,0.05
R2_bearing_holdout,K001,S3_units,20,4.0,91,0.6
R2_bearing_holdout,K001,S3_units,20,4.0,92,0.0
R2_bearing_holdout,K001,S3_units,20,4.0,93,0.5
R2_bearing_holdout,K001,S3_units,20,4.0,94,0.0
R2_bearing_holdout,K001,S3_units,20,4.0,95,0.05
R2_bearing_holdout,K001,S3_units,20,4.0,96,0.0
R2_bearing_holdout,K001,S3_units,20,4.0,97,0.0
R2_bearing_holdout,K001,S3_units,20,4.0,98,0.0
R2_bearing_holdout,K001,S3_units,20,4.0,99,0.0
R2_bearing_holdout,K001,S3_units,20,5.0,0,0.0
R2_bearing_holdout,K001,S3_units,20,5.0,1,0.0
R2_bearing_holdout,K001,S3_units,20,5.0,2,0.0
R2_bearing_holdout,K001,S3_units,20,5.0,3,0.0
R2_bearing_holdout,K001,S3_units,20,5.0,4,0.0
R2_bearing_holdout,K001,S3_units,20,5.0,5,0.0
R2_bearing_holdout,K001,S3_units,20,5.0,6,0.0
R2_bearing_holdout,K001,S3_units,20,5.0,7,0.0
R2_bearing_holdout,K001,S3_units,20,5.0,8,0.0
R2_bearing_holdout,K001,S3_units,20,5.0,9,0.0
R2_bearing_holdout,K001,S3_units,20,5.0,10,0.05
R2_bearing_holdout,K001,S3_units,20,5.0,11,0.0
R2_bearing_holdout,K001,S3_units,20,5.0,12,0.0
R2_bearing_holdout,K001,S3_units,20,5.0,13,0.0
R2_bearing_holdout,K001,S3_units,20,5.0,14,0.0
R2_bearing_holdout,K001,S3_units,20,5.0,15,0.0
R2_bearing_holdout,K001,S3_units,20,5.0,16,0.0
R2_bearing_holdout,K001,S3_units,20,5.0,17,0.0
R2_bearing_holdout,K001,S3_units,20,5.0,18,0.0
R2_bearing_holdout,K001,S3_units,20,5.0,19,0.55
R2_bearing_holdout,K001,S3_units,20,5.0,20,0.0
R2_bearing_holdout,K001,S3_units,20,5.0,21,0.0
R2_bearing_holdout,K001,S3_units,20,5.0,22,0.0
R2_bearing_holdout,K001,S3_units,20,5.0,23,0.0
R2_bearing_holdout,K001,S3_units,20,5.0,24,0.0
R2_bearing_holdout,K001,S3_units,20,5.0,25,0.0
R2_bearing_holdout,K001,S3_units,20,5.0,26,0.0
R2_bearing_holdout,K001,S3_units,20,5.0,27,0.0
R2_bearing_holdout,K001,S3_units,20,5.0,28,0.0
R2_bearing_holdout,K001,S3_units,20,5.0,29,0.0
R2_bearing_holdout,K001,S3_units,20,5.0,30,0.0
R2_bearing_holdout,K001,S3_units,20,5.0,31,0.0
R2_bearing_holdout,K001,S3_units,20,5.0,32,0.0
R2_bearing_holdout,K001,S3_units,20,5.0,33,0.0
R2_bearing_holdout,K001,S3_units,20,5.0,34,0.0
R2_bearing_holdout,K001,S3_units,20,5.0,35,0.05
R2_bearing_holdout,K001,S3_units,20,5.0,36,0.0
R2_bearing_holdout,K001,S3_units,20,5.0,37,0.0
R2_bearing_holdout,K001,S3_units,20,5.0,38,0.0
R2_bearing_holdout,K001,S3_units,20,5.0,39,0.0
R2_bearing_holdout,K001,S3_units,20,5.0,40,0.05
R2_bearing_holdout,K001,S3_units,20,5.0,41,0.0
R2_bearing_holdout,K001,S3_units,20,5.0,42,0.0
R2_bearing_holdout,K001,S3_units,20,5.0,43,0.0
R2_bearing_holdout,K001,S3_units,20,5.0,44,0.0
R2_bearing_holdout,K001,S3_units,20,5.0,45,0.0
R2_bearing_holdout,K001,S3_units,20,5.0,46,0.0
R2_bearing_holdout,K001,S3_units,20,5.0,47,0.05
R2_bearing_holdout,K001,S3_units,20,5.0,48,0.0
R2_bearing_holdout,K001,S3_units,20,5.0,49,0.0
R2_bearing_holdout,K001,S3_units,20,5.0,50,0.0
R2_bearing_holdout,K001,S3_units,20,5.0,51,0.0
R2_bearing_holdout,K001,S3_units,20,5.0,52,0.0
R2_bearing_holdout,K001,S3_units,20,5.0,53,0.05
R2_bearing_holdout,K001,S3_units,20,5.0,54,0.0
R2_bearing_holdout,K001,S3_units,20,5.0,55,0.0
R2_bearing_holdout,K001,S3_units,20,5.0,56,0.0
R2_bearing_holdout,K001,S3_units,20,5.0,57,0.0
R2_bearing_holdout,K001,S3_units,20,5.0,58,0.0
R2_bearing_holdout,K001,S3_units,20,5.0,59,0.0
R2_bearing_holdout,K001,S3_units,20,5.0,60,0.0
R2_bearing_holdout,K001,S3_units,20,5.0,61,0.0
R2_bearing_holdout,K001,S3_units,20,5.0,62,0.0
R2_bearing_holdout,K001,S3_units,20,5.0,63,0.0
R2_bearing_holdout,K001,S3_units,20,5.0,64,0.0
R2_bearing_holdout,K001,S3_units,20,5.0,65,0.0
R2_bearing_holdout,K001,S3_units,20,5.0,66,0.0
R2_bearing_holdout,K001,S3_units,20,5.0,67,0.0
R2_bearing_holdout,K001,S3_units,20,5.0,68,0.0
R2_bearing_holdout,K001,S3_units,20,5.0,69,0.0
R2_bearing_holdout,K001,S3_units,20,5.0,70,0.0
R2_bearing_holdout,K001,S3_units,20,5.0,71,0.05
R2_bearing_holdout,K001,S3_units,20,5.0,72,0.15
R2_bearing_holdout,K001,S3_units,20,5.0,73,0.0
R2_bearing_holdout,K001,S3_units,20,5.0,74,0.0
R2_bearing_holdout,K001,S3_units,20,5.0,75,0.0
R2_bearing_holdout,K001,S3_units,20,5.0,76,0.0
R2_bearing_holdout,K001,S3_units,20,5.0,77,0.0
R2_bearing_holdout,K001,S3_units,20,5.0,78,0.0
R2_bearing_holdout,K001,S3_units,20,5.0,79,0.0
R2_bearing_holdout,K001,S3_units,20,5.0,80,0.35
R2_bearing_holdout,K001,S3_units,20,5.0,81,0.0
R2_bearing_holdout,K001,S3_units,20,5.0,82,0.0
R2_bearing_holdout,K001,S3_units,20,5.0,83,0.0
R2_bearing_holdout,K001,S3_units,20,5.0,84,0.05
R2_bearing_holdout,K001,S3_units,20,5.0,85,0.0
R2_bearing_holdout,K001,S3_units,20,5.0,86,0.0
R2_bearing_holdout,K001,S3_units,20,5.0,87,0.0
R2_bearing_holdout,K001,S3_units,20,5.0,88,0.15
R2_bearing_holdout,K001,S3_units,20,5.0,89,0.0
R2_bearing_holdout,K001,S3_units,20,5.0,90,0.0
R2_bearing_holdout,K001,S3_units,20,5.0,91,0.0
R2_bearing_holdout,K001,S3_units,20,5.0,92,0.0
R2_bearing_holdout,K001,S3_units,20,5.0,93,0.0
R2_bearing_holdout,K001,S3_units,20,5.0,94,0.0
R2_bearing_holdout,K001,S3_units,20,5.0,95,0.0
R2_bearing_holdout,K001,S3_units,20,5.0,96,0.0
R2_bearing_holdout,K001,S3_units,20,5.0,97,0.0
R2_bearing_holdout,K001,S3_units,20,5.0,98,0.0
R2_bearing_holdout,K001,S3_units,20,5.0,99,0.0
R2_bearing_holdout,K002,S1_resample,10,,0,0.85
R2_bearing_holdout,K002,S1_resample,10,,1,0.85
R2_bearing_holdout,K002,S1_resample,10,,2,0.95
R2_bearing_holdout,K002,S1_resample,10,,3,0.9
R2_bearing_holdout,K002,S1_resample,10,,4,0.8
R2_bearing_holdout,K002,S1_resample,10,,5,0.85
R2_bearing_holdout,K002,S1_resample,10,,6,0.75
R2_bearing_holdout,K002,S1_resample,10,,7,1.0
R2_bearing_holdout,K002,S1_resample,10,,8,0.0
R2_bearing_holdout,K002,S1_resample,10,,9,0.9
R2_bearing_holdout,K002,S1_resample,10,,10,0.9
R2_bearing_holdout,K002,S1_resample,10,,11,1.0
R2_bearing_holdout,K002,S1_resample,10,,12,0.85
R2_bearing_holdout,K002,S1_resample,10,,13,0.75
R2_bearing_holdout,K002,S1_resample,10,,14,0.6
R2_bearing_holdout,K002,S1_resample,10,,15,0.95
R2_bearing_holdout,K002,S1_resample,10,,16,0.95
R2_bearing_holdout,K002,S1_resample,10,,17,0.85
R2_bearing_holdout,K002,S1_resample,10,,18,0.9
R2_bearing_holdout,K002,S1_resample,10,,19,1.0
R2_bearing_holdout,K002,S1_resample,10,,20,0.65
R2_bearing_holdout,K002,S1_resample,10,,21,1.0
R2_bearing_holdout,K002,S1_resample,10,,22,0.9
R2_bearing_holdout,K002,S1_resample,10,,23,0.85
R2_bearing_holdout,K002,S1_resample,10,,24,1.0
R2_bearing_holdout,K002,S1_resample,10,,25,0.95
R2_bearing_holdout,K002,S1_resample,10,,26,0.95
R2_bearing_holdout,K002,S1_resample,10,,27,1.0
R2_bearing_holdout,K002,S1_resample,10,,28,0.9
R2_bearing_holdout,K002,S1_resample,10,,29,1.0
R2_bearing_holdout,K002,S1_resample,10,,30,0.95
R2_bearing_holdout,K002,S1_resample,10,,31,0.9
R2_bearing_holdout,K002,S1_resample,10,,32,0.85
R2_bearing_holdout,K002,S1_resample,10,,33,1.0
R2_bearing_holdout,K002,S1_resample,10,,34,1.0
R2_bearing_holdout,K002,S1_resample,10,,35,0.9
R2_bearing_holdout,K002,S1_resample,10,,36,0.95
R2_bearing_holdout,K002,S1_resample,10,,37,0.9
R2_bearing_holdout,K002,S1_resample,10,,38,1.0
R2_bearing_holdout,K002,S1_resample,10,,39,0.95
R2_bearing_holdout,K002,S1_resample,10,,40,0.9
R2_bearing_holdout,K002,S1_resample,10,,41,0.85
R2_bearing_holdout,K002,S1_resample,10,,42,0.95
R2_bearing_holdout,K002,S1_resample,10,,43,1.0
R2_bearing_holdout,K002,S1_resample,10,,44,0.8
R2_bearing_holdout,K002,S1_resample,10,,45,0.95
R2_bearing_holdout,K002,S1_resample,10,,46,0.9
R2_bearing_holdout,K002,S1_resample,10,,47,1.0
R2_bearing_holdout,K002,S1_resample,10,,48,0.9
R2_bearing_holdout,K002,S1_resample,10,,49,1.0
R2_bearing_holdout,K002,S1_resample,10,,50,0.0
R2_bearing_holdout,K002,S1_resample,10,,51,0.9
R2_bearing_holdout,K002,S1_resample,10,,52,1.0
R2_bearing_holdout,K002,S1_resample,10,,53,0.8
R2_bearing_holdout,K002,S1_resample,10,,54,0.9
R2_bearing_holdout,K002,S1_resample,10,,55,0.9
R2_bearing_holdout,K002,S1_resample,10,,56,0.8
R2_bearing_holdout,K002,S1_resample,10,,57,0.85
R2_bearing_holdout,K002,S1_resample,10,,58,0.85
R2_bearing_holdout,K002,S1_resample,10,,59,0.85
R2_bearing_holdout,K002,S1_resample,10,,60,0.95
R2_bearing_holdout,K002,S1_resample,10,,61,0.85
R2_bearing_holdout,K002,S1_resample,10,,62,1.0
R2_bearing_holdout,K002,S1_resample,10,,63,0.65
R2_bearing_holdout,K002,S1_resample,10,,64,0.95
R2_bearing_holdout,K002,S1_resample,10,,65,0.95
R2_bearing_holdout,K002,S1_resample,10,,66,0.9
R2_bearing_holdout,K002,S1_resample,10,,67,0.9
R2_bearing_holdout,K002,S1_resample,10,,68,0.8
R2_bearing_holdout,K002,S1_resample,10,,69,0.85
R2_bearing_holdout,K002,S1_resample,10,,70,0.85
R2_bearing_holdout,K002,S1_resample,10,,71,0.95
R2_bearing_holdout,K002,S1_resample,10,,72,0.95
R2_bearing_holdout,K002,S1_resample,10,,73,1.0
R2_bearing_holdout,K002,S1_resample,10,,74,0.95
R2_bearing_holdout,K002,S1_resample,10,,75,0.85
R2_bearing_holdout,K002,S1_resample,10,,76,0.85
R2_bearing_holdout,K002,S1_resample,10,,77,0.95
R2_bearing_holdout,K002,S1_resample,10,,78,1.0
R2_bearing_holdout,K002,S1_resample,10,,79,0.85
R2_bearing_holdout,K002,S1_resample,10,,80,0.85
R2_bearing_holdout,K002,S1_resample,10,,81,0.8
R2_bearing_holdout,K002,S1_resample,10,,82,1.0
R2_bearing_holdout,K002,S1_resample,10,,83,0.9
R2_bearing_holdout,K002,S1_resample,10,,84,1.0
R2_bearing_holdout,K002,S1_resample,10,,85,0.9
R2_bearing_holdout,K002,S1_resample,10,,86,0.9
R2_bearing_holdout,K002,S1_resample,10,,87,1.0
R2_bearing_holdout,K002,S1_resample,10,,88,0.9
R2_bearing_holdout,K002,S1_resample,10,,89,0.0
R2_bearing_holdout,K002,S1_resample,10,,90,1.0
R2_bearing_holdout,K002,S1_resample,10,,91,0.95
R2_bearing_holdout,K002,S1_resample,10,,92,0.95
R2_bearing_holdout,K002,S1_resample,10,,93,1.0
R2_bearing_holdout,K002,S1_resample,10,,94,0.75
R2_bearing_holdout,K002,S1_resample,10,,95,0.9
R2_bearing_holdout,K002,S1_resample,10,,96,1.0
R2_bearing_holdout,K002,S1_resample,10,,97,0.95
R2_bearing_holdout,K002,S1_resample,10,,98,0.85
R2_bearing_holdout,K002,S1_resample,10,,99,0.85
R2_bearing_holdout,K002,S1_resample,20,,0,0.9
R2_bearing_holdout,K002,S1_resample,20,,1,0.95
R2_bearing_holdout,K002,S1_resample,20,,2,0.9
R2_bearing_holdout,K002,S1_resample,20,,3,0.95
R2_bearing_holdout,K002,S1_resample,20,,4,1.0
R2_bearing_holdout,K002,S1_resample,20,,5,0.95
R2_bearing_holdout,K002,S1_resample,20,,6,1.0
R2_bearing_holdout,K002,S1_resample,20,,7,0.9
R2_bearing_holdout,K002,S1_resample,20,,8,0.9
R2_bearing_holdout,K002,S1_resample,20,,9,0.95
R2_bearing_holdout,K002,S1_resample,20,,10,0.95
R2_bearing_holdout,K002,S1_resample,20,,11,1.0
R2_bearing_holdout,K002,S1_resample,20,,12,1.0
R2_bearing_holdout,K002,S1_resample,20,,13,0.9
R2_bearing_holdout,K002,S1_resample,20,,14,0.95
R2_bearing_holdout,K002,S1_resample,20,,15,0.95
R2_bearing_holdout,K002,S1_resample,20,,16,0.85
R2_bearing_holdout,K002,S1_resample,20,,17,0.95
R2_bearing_holdout,K002,S1_resample,20,,18,0.95
R2_bearing_holdout,K002,S1_resample,20,,19,0.85
R2_bearing_holdout,K002,S1_resample,20,,20,0.95
R2_bearing_holdout,K002,S1_resample,20,,21,1.0
R2_bearing_holdout,K002,S1_resample,20,,22,0.9
R2_bearing_holdout,K002,S1_resample,20,,23,0.95
R2_bearing_holdout,K002,S1_resample,20,,24,0.9
R2_bearing_holdout,K002,S1_resample,20,,25,0.95
R2_bearing_holdout,K002,S1_resample,20,,26,1.0
R2_bearing_holdout,K002,S1_resample,20,,27,0.95
R2_bearing_holdout,K002,S1_resample,20,,28,0.9
R2_bearing_holdout,K002,S1_resample,20,,29,1.0
R2_bearing_holdout,K002,S1_resample,20,,30,0.95
R2_bearing_holdout,K002,S1_resample,20,,31,0.95
R2_bearing_holdout,K002,S1_resample,20,,32,0.9
R2_bearing_holdout,K002,S1_resample,20,,33,0.8
R2_bearing_holdout,K002,S1_resample,20,,34,0.85
R2_bearing_holdout,K002,S1_resample,20,,35,1.0
R2_bearing_holdout,K002,S1_resample,20,,36,0.95
R2_bearing_holdout,K002,S1_resample,20,,37,1.0
R2_bearing_holdout,K002,S1_resample,20,,38,0.95
R2_bearing_holdout,K002,S1_resample,20,,39,0.95
R2_bearing_holdout,K002,S1_resample,20,,40,0.95
R2_bearing_holdout,K002,S1_resample,20,,41,0.95
R2_bearing_holdout,K002,S1_resample,20,,42,0.95
R2_bearing_holdout,K002,S1_resample,20,,43,0.95
R2_bearing_holdout,K002,S1_resample,20,,44,0.9
R2_bearing_holdout,K002,S1_resample,20,,45,0.85
R2_bearing_holdout,K002,S1_resample,20,,46,0.7
R2_bearing_holdout,K002,S1_resample,20,,47,0.9
R2_bearing_holdout,K002,S1_resample,20,,48,0.95
R2_bearing_holdout,K002,S1_resample,20,,49,0.95
R2_bearing_holdout,K002,S1_resample,20,,50,1.0
R2_bearing_holdout,K002,S1_resample,20,,51,0.75
R2_bearing_holdout,K002,S1_resample,20,,52,0.95
R2_bearing_holdout,K002,S1_resample,20,,53,0.95
R2_bearing_holdout,K002,S1_resample,20,,54,1.0
R2_bearing_holdout,K002,S1_resample,20,,55,0.9
R2_bearing_holdout,K002,S1_resample,20,,56,0.95
R2_bearing_holdout,K002,S1_resample,20,,57,0.85
R2_bearing_holdout,K002,S1_resample,20,,58,1.0
R2_bearing_holdout,K002,S1_resample,20,,59,0.85
R2_bearing_holdout,K002,S1_resample,20,,60,0.9
R2_bearing_holdout,K002,S1_resample,20,,61,0.95
R2_bearing_holdout,K002,S1_resample,20,,62,0.85
R2_bearing_holdout,K002,S1_resample,20,,63,0.95
R2_bearing_holdout,K002,S1_resample,20,,64,0.9
R2_bearing_holdout,K002,S1_resample,20,,65,0.95
R2_bearing_holdout,K002,S1_resample,20,,66,0.9
R2_bearing_holdout,K002,S1_resample,20,,67,1.0
R2_bearing_holdout,K002,S1_resample,20,,68,1.0
R2_bearing_holdout,K002,S1_resample,20,,69,0.9
R2_bearing_holdout,K002,S1_resample,20,,70,0.95
R2_bearing_holdout,K002,S1_resample,20,,71,0.95
R2_bearing_holdout,K002,S1_resample,20,,72,0.9
R2_bearing_holdout,K002,S1_resample,20,,73,1.0
R2_bearing_holdout,K002,S1_resample,20,,74,1.0
R2_bearing_holdout,K002,S1_resample,20,,75,0.85
R2_bearing_holdout,K002,S1_resample,20,,76,0.95
R2_bearing_holdout,K002,S1_resample,20,,77,1.0
R2_bearing_holdout,K002,S1_resample,20,,78,0.95
R2_bearing_holdout,K002,S1_resample,20,,79,0.95
R2_bearing_holdout,K002,S1_resample,20,,80,0.95
R2_bearing_holdout,K002,S1_resample,20,,81,1.0
R2_bearing_holdout,K002,S1_resample,20,,82,0.9
R2_bearing_holdout,K002,S1_resample,20,,83,1.0
R2_bearing_holdout,K002,S1_resample,20,,84,0.85
R2_bearing_holdout,K002,S1_resample,20,,85,0.85
R2_bearing_holdout,K002,S1_resample,20,,86,0.9
R2_bearing_holdout,K002,S1_resample,20,,87,0.95
R2_bearing_holdout,K002,S1_resample,20,,88,1.0
R2_bearing_holdout,K002,S1_resample,20,,89,0.9
R2_bearing_holdout,K002,S1_resample,20,,90,0.95
R2_bearing_holdout,K002,S1_resample,20,,91,1.0
R2_bearing_holdout,K002,S1_resample,20,,92,0.95
R2_bearing_holdout,K002,S1_resample,20,,93,0.95
R2_bearing_holdout,K002,S1_resample,20,,94,0.0
R2_bearing_holdout,K002,S1_resample,20,,95,0.9
R2_bearing_holdout,K002,S1_resample,20,,96,0.95
R2_bearing_holdout,K002,S1_resample,20,,97,0.9
R2_bearing_holdout,K002,S1_resample,20,,98,0.9
R2_bearing_holdout,K002,S1_resample,20,,99,0.95
R2_bearing_holdout,K002,S1_resample,40,,0,0.95
R2_bearing_holdout,K002,S1_resample,40,,1,0.95
R2_bearing_holdout,K002,S1_resample,40,,2,0.9
R2_bearing_holdout,K002,S1_resample,40,,3,1.0
R2_bearing_holdout,K002,S1_resample,40,,4,1.0
R2_bearing_holdout,K002,S1_resample,40,,5,0.95
R2_bearing_holdout,K002,S1_resample,40,,6,0.95
R2_bearing_holdout,K002,S1_resample,40,,7,0.95
R2_bearing_holdout,K002,S1_resample,40,,8,0.95
R2_bearing_holdout,K002,S1_resample,40,,9,1.0
R2_bearing_holdout,K002,S1_resample,40,,10,0.95
R2_bearing_holdout,K002,S1_resample,40,,11,0.95
R2_bearing_holdout,K002,S1_resample,40,,12,1.0
R2_bearing_holdout,K002,S1_resample,40,,13,0.95
R2_bearing_holdout,K002,S1_resample,40,,14,0.95
R2_bearing_holdout,K002,S1_resample,40,,15,1.0
R2_bearing_holdout,K002,S1_resample,40,,16,1.0
R2_bearing_holdout,K002,S1_resample,40,,17,0.9
R2_bearing_holdout,K002,S1_resample,40,,18,1.0
R2_bearing_holdout,K002,S1_resample,40,,19,1.0
R2_bearing_holdout,K002,S1_resample,40,,20,1.0
R2_bearing_holdout,K002,S1_resample,40,,21,0.95
R2_bearing_holdout,K002,S1_resample,40,,22,0.9
R2_bearing_holdout,K002,S1_resample,40,,23,0.95
R2_bearing_holdout,K002,S1_resample,40,,24,0.95
R2_bearing_holdout,K002,S1_resample,40,,25,0.95
R2_bearing_holdout,K002,S1_resample,40,,26,0.9
R2_bearing_holdout,K002,S1_resample,40,,27,1.0
R2_bearing_holdout,K002,S1_resample,40,,28,1.0
R2_bearing_holdout,K002,S1_resample,40,,29,1.0
R2_bearing_holdout,K002,S1_resample,40,,30,0.95
R2_bearing_holdout,K002,S1_resample,40,,31,0.9
R2_bearing_holdout,K002,S1_resample,40,,32,0.95
R2_bearing_holdout,K002,S1_resample,40,,33,1.0
R2_bearing_holdout,K002,S1_resample,40,,34,1.0
R2_bearing_holdout,K002,S1_resample,40,,35,1.0
R2_bearing_holdout,K002,S1_resample,40,,36,1.0
R2_bearing_holdout,K002,S1_resample,40,,37,1.0
R2_bearing_holdout,K002,S1_resample,40,,38,1.0
R2_bearing_holdout,K002,S1_resample,40,,39,1.0
R2_bearing_holdout,K002,S1_resample,40,,40,0.95
R2_bearing_holdout,K002,S1_resample,40,,41,1.0
R2_bearing_holdout,K002,S1_resample,40,,42,1.0
R2_bearing_holdout,K002,S1_resample,40,,43,1.0
R2_bearing_holdout,K002,S1_resample,40,,44,0.85
R2_bearing_holdout,K002,S1_resample,40,,45,1.0
R2_bearing_holdout,K002,S1_resample,40,,46,0.9
R2_bearing_holdout,K002,S1_resample,40,,47,0.95
R2_bearing_holdout,K002,S1_resample,40,,48,0.95
R2_bearing_holdout,K002,S1_resample,40,,49,0.9
R2_bearing_holdout,K002,S1_resample,40,,50,1.0
R2_bearing_holdout,K002,S1_resample,40,,51,0.95
R2_bearing_holdout,K002,S1_resample,40,,52,1.0
R2_bearing_holdout,K002,S1_resample,40,,53,0.95
R2_bearing_holdout,K002,S1_resample,40,,54,0.95
R2_bearing_holdout,K002,S1_resample,40,,55,1.0
R2_bearing_holdout,K002,S1_resample,40,,56,0.95
R2_bearing_holdout,K002,S1_resample,40,,57,1.0
R2_bearing_holdout,K002,S1_resample,40,,58,0.95
R2_bearing_holdout,K002,S1_resample,40,,59,1.0
R2_bearing_holdout,K002,S1_resample,40,,60,0.9
R2_bearing_holdout,K002,S1_resample,40,,61,1.0
R2_bearing_holdout,K002,S1_resample,40,,62,0.95
R2_bearing_holdout,K002,S1_resample,40,,63,1.0
R2_bearing_holdout,K002,S1_resample,40,,64,0.95
R2_bearing_holdout,K002,S1_resample,40,,65,0.95
R2_bearing_holdout,K002,S1_resample,40,,66,0.95
R2_bearing_holdout,K002,S1_resample,40,,67,1.0
R2_bearing_holdout,K002,S1_resample,40,,68,0.9
R2_bearing_holdout,K002,S1_resample,40,,69,0.9
R2_bearing_holdout,K002,S1_resample,40,,70,1.0
R2_bearing_holdout,K002,S1_resample,40,,71,0.95
R2_bearing_holdout,K002,S1_resample,40,,72,0.95
R2_bearing_holdout,K002,S1_resample,40,,73,0.95
R2_bearing_holdout,K002,S1_resample,40,,74,0.9
R2_bearing_holdout,K002,S1_resample,40,,75,1.0
R2_bearing_holdout,K002,S1_resample,40,,76,1.0
R2_bearing_holdout,K002,S1_resample,40,,77,0.8
R2_bearing_holdout,K002,S1_resample,40,,78,1.0
R2_bearing_holdout,K002,S1_resample,40,,79,1.0
R2_bearing_holdout,K002,S1_resample,40,,80,1.0
R2_bearing_holdout,K002,S1_resample,40,,81,0.95
R2_bearing_holdout,K002,S1_resample,40,,82,1.0
R2_bearing_holdout,K002,S1_resample,40,,83,1.0
R2_bearing_holdout,K002,S1_resample,40,,84,1.0
R2_bearing_holdout,K002,S1_resample,40,,85,0.95
R2_bearing_holdout,K002,S1_resample,40,,86,1.0
R2_bearing_holdout,K002,S1_resample,40,,87,0.9
R2_bearing_holdout,K002,S1_resample,40,,88,1.0
R2_bearing_holdout,K002,S1_resample,40,,89,0.9
R2_bearing_holdout,K002,S1_resample,40,,90,0.95
R2_bearing_holdout,K002,S1_resample,40,,91,0.95
R2_bearing_holdout,K002,S1_resample,40,,92,0.95
R2_bearing_holdout,K002,S1_resample,40,,93,1.0
R2_bearing_holdout,K002,S1_resample,40,,94,1.0
R2_bearing_holdout,K002,S1_resample,40,,95,0.95
R2_bearing_holdout,K002,S1_resample,40,,96,1.0
R2_bearing_holdout,K002,S1_resample,40,,97,1.0
R2_bearing_holdout,K002,S1_resample,40,,98,0.95
R2_bearing_holdout,K002,S1_resample,40,,99,1.0
R2_bearing_holdout,K002,S1_resample,60,,0,0.9
R2_bearing_holdout,K002,S1_resample,60,,1,0.9
R2_bearing_holdout,K002,S1_resample,60,,2,0.95
R2_bearing_holdout,K002,S1_resample,60,,3,1.0
R2_bearing_holdout,K002,S1_resample,60,,4,1.0
R2_bearing_holdout,K002,S1_resample,60,,5,0.95
R2_bearing_holdout,K002,S1_resample,60,,6,0.85
R2_bearing_holdout,K002,S1_resample,60,,7,0.95
R2_bearing_holdout,K002,S1_resample,60,,8,1.0
R2_bearing_holdout,K002,S1_resample,60,,9,0.95
R2_bearing_holdout,K002,S1_resample,60,,10,1.0
R2_bearing_holdout,K002,S1_resample,60,,11,1.0
R2_bearing_holdout,K002,S1_resample,60,,12,1.0
R2_bearing_holdout,K002,S1_resample,60,,13,1.0
R2_bearing_holdout,K002,S1_resample,60,,14,0.95
R2_bearing_holdout,K002,S1_resample,60,,15,1.0
R2_bearing_holdout,K002,S1_resample,60,,16,0.95
R2_bearing_holdout,K002,S1_resample,60,,17,0.95
R2_bearing_holdout,K002,S1_resample,60,,18,1.0
R2_bearing_holdout,K002,S1_resample,60,,19,1.0
R2_bearing_holdout,K002,S1_resample,60,,20,0.95
R2_bearing_holdout,K002,S1_resample,60,,21,1.0
R2_bearing_holdout,K002,S1_resample,60,,22,1.0
R2_bearing_holdout,K002,S1_resample,60,,23,1.0
R2_bearing_holdout,K002,S1_resample,60,,24,1.0
R2_bearing_holdout,K002,S1_resample,60,,25,0.95
R2_bearing_holdout,K002,S1_resample,60,,26,0.9
R2_bearing_holdout,K002,S1_resample,60,,27,1.0
R2_bearing_holdout,K002,S1_resample,60,,28,0.95
R2_bearing_holdout,K002,S1_resample,60,,29,1.0
R2_bearing_holdout,K002,S1_resample,60,,30,1.0
R2_bearing_holdout,K002,S1_resample,60,,31,1.0
R2_bearing_holdout,K002,S1_resample,60,,32,0.95
R2_bearing_holdout,K002,S1_resample,60,,33,0.95
R2_bearing_holdout,K002,S1_resample,60,,34,0.9
R2_bearing_holdout,K002,S1_resample,60,,35,1.0
R2_bearing_holdout,K002,S1_resample,60,,36,1.0
R2_bearing_holdout,K002,S1_resample,60,,37,0.95
R2_bearing_holdout,K002,S1_resample,60,,38,0.95
R2_bearing_holdout,K002,S1_resample,60,,39,0.95
R2_bearing_holdout,K002,S1_resample,60,,40,1.0
R2_bearing_holdout,K002,S1_resample,60,,41,1.0
R2_bearing_holdout,K002,S1_resample,60,,42,1.0
R2_bearing_holdout,K002,S1_resample,60,,43,1.0
R2_bearing_holdout,K002,S1_resample,60,,44,1.0
R2_bearing_holdout,K002,S1_resample,60,,45,0.95
R2_bearing_holdout,K002,S1_resample,60,,46,1.0
R2_bearing_holdout,K002,S1_resample,60,,47,0.95
R2_bearing_holdout,K002,S1_resample,60,,48,0.85
R2_bearing_holdout,K002,S1_resample,60,,49,1.0
R2_bearing_holdout,K002,S1_resample,60,,50,0.9
R2_bearing_holdout,K002,S1_resample,60,,51,0.95
R2_bearing_holdout,K002,S1_resample,60,,52,0.9
R2_bearing_holdout,K002,S1_resample,60,,53,0.9
R2_bearing_holdout,K002,S1_resample,60,,54,1.0
R2_bearing_holdout,K002,S1_resample,60,,55,0.95
R2_bearing_holdout,K002,S1_resample,60,,56,1.0
R2_bearing_holdout,K002,S1_resample,60,,57,1.0
R2_bearing_holdout,K002,S1_resample,60,,58,1.0
R2_bearing_holdout,K002,S1_resample,60,,59,1.0
R2_bearing_holdout,K002,S1_resample,60,,60,0.9
R2_bearing_holdout,K002,S1_resample,60,,61,1.0
R2_bearing_holdout,K002,S1_resample,60,,62,1.0
R2_bearing_holdout,K002,S1_resample,60,,63,1.0
R2_bearing_holdout,K002,S1_resample,60,,64,0.95
R2_bearing_holdout,K002,S1_resample,60,,65,1.0
R2_bearing_holdout,K002,S1_resample,60,,66,1.0
R2_bearing_holdout,K002,S1_resample,60,,67,1.0
R2_bearing_holdout,K002,S1_resample,60,,68,0.95
R2_bearing_holdout,K002,S1_resample,60,,69,0.9
R2_bearing_holdout,K002,S1_resample,60,,70,1.0
R2_bearing_holdout,K002,S1_resample,60,,71,1.0
R2_bearing_holdout,K002,S1_resample,60,,72,1.0
R2_bearing_holdout,K002,S1_resample,60,,73,0.95
R2_bearing_holdout,K002,S1_resample,60,,74,0.95
R2_bearing_holdout,K002,S1_resample,60,,75,0.95
R2_bearing_holdout,K002,S1_resample,60,,76,1.0
R2_bearing_holdout,K002,S1_resample,60,,77,0.95
R2_bearing_holdout,K002,S1_resample,60,,78,0.95
R2_bearing_holdout,K002,S1_resample,60,,79,1.0
R2_bearing_holdout,K002,S1_resample,60,,80,0.9
R2_bearing_holdout,K002,S1_resample,60,,81,1.0
R2_bearing_holdout,K002,S1_resample,60,,82,0.9
R2_bearing_holdout,K002,S1_resample,60,,83,0.9
R2_bearing_holdout,K002,S1_resample,60,,84,1.0
R2_bearing_holdout,K002,S1_resample,60,,85,1.0
R2_bearing_holdout,K002,S1_resample,60,,86,1.0
R2_bearing_holdout,K002,S1_resample,60,,87,1.0
R2_bearing_holdout,K002,S1_resample,60,,88,1.0
R2_bearing_holdout,K002,S1_resample,60,,89,0.9
R2_bearing_holdout,K002,S1_resample,60,,90,0.9
R2_bearing_holdout,K002,S1_resample,60,,91,1.0
R2_bearing_holdout,K002,S1_resample,60,,92,1.0
R2_bearing_holdout,K002,S1_resample,60,,93,0.9
R2_bearing_holdout,K002,S1_resample,60,,94,0.9
R2_bearing_holdout,K002,S1_resample,60,,95,1.0
R2_bearing_holdout,K002,S1_resample,60,,96,1.0
R2_bearing_holdout,K002,S1_resample,60,,97,1.0
R2_bearing_holdout,K002,S1_resample,60,,98,0.95
R2_bearing_holdout,K002,S1_resample,60,,99,0.95
R2_bearing_holdout,K002,S1_resample,80,,0,0.95
R2_bearing_holdout,K002,S1_resample,80,,1,0.95
R2_bearing_holdout,K002,S1_resample,80,,2,1.0
R2_bearing_holdout,K002,S1_resample,80,,3,1.0
R2_bearing_holdout,K002,S1_resample,80,,4,0.9
R2_bearing_holdout,K002,S1_resample,80,,5,1.0
R2_bearing_holdout,K002,S1_resample,80,,6,1.0
R2_bearing_holdout,K002,S1_resample,80,,7,0.95
R2_bearing_holdout,K002,S1_resample,80,,8,1.0
R2_bearing_holdout,K002,S1_resample,80,,9,0.95
R2_bearing_holdout,K002,S1_resample,80,,10,1.0
R2_bearing_holdout,K002,S1_resample,80,,11,0.95
R2_bearing_holdout,K002,S1_resample,80,,12,0.95
R2_bearing_holdout,K002,S1_resample,80,,13,1.0
R2_bearing_holdout,K002,S1_resample,80,,14,0.95
R2_bearing_holdout,K002,S1_resample,80,,15,1.0
R2_bearing_holdout,K002,S1_resample,80,,16,1.0
R2_bearing_holdout,K002,S1_resample,80,,17,1.0
R2_bearing_holdout,K002,S1_resample,80,,18,1.0
R2_bearing_holdout,K002,S1_resample,80,,19,1.0
R2_bearing_holdout,K002,S1_resample,80,,20,1.0
R2_bearing_holdout,K002,S1_resample,80,,21,0.95
R2_bearing_holdout,K002,S1_resample,80,,22,0.9
R2_bearing_holdout,K002,S1_resample,80,,23,0.95
R2_bearing_holdout,K002,S1_resample,80,,24,1.0
R2_bearing_holdout,K002,S1_resample,80,,25,1.0
R2_bearing_holdout,K002,S1_resample,80,,26,1.0
R2_bearing_holdout,K002,S1_resample,80,,27,1.0
R2_bearing_holdout,K002,S1_resample,80,,28,0.95
R2_bearing_holdout,K002,S1_resample,80,,29,1.0
R2_bearing_holdout,K002,S1_resample,80,,30,0.95
R2_bearing_holdout,K002,S1_resample,80,,31,0.95
R2_bearing_holdout,K002,S1_resample,80,,32,1.0
R2_bearing_holdout,K002,S1_resample,80,,33,0.95
R2_bearing_holdout,K002,S1_resample,80,,34,0.95
R2_bearing_holdout,K002,S1_resample,80,,35,0.95
R2_bearing_holdout,K002,S1_resample,80,,36,1.0
R2_bearing_holdout,K002,S1_resample,80,,37,1.0
R2_bearing_holdout,K002,S1_resample,80,,38,0.95
R2_bearing_holdout,K002,S1_resample,80,,39,0.9
R2_bearing_holdout,K002,S1_resample,80,,40,0.95
R2_bearing_holdout,K002,S1_resample,80,,41,1.0
R2_bearing_holdout,K002,S1_resample,80,,42,0.9
R2_bearing_holdout,K002,S1_resample,80,,43,1.0
R2_bearing_holdout,K002,S1_resample,80,,44,0.9
R2_bearing_holdout,K002,S1_resample,80,,45,1.0
R2_bearing_holdout,K002,S1_resample,80,,46,0.9
R2_bearing_holdout,K002,S1_resample,80,,47,0.9
R2_bearing_holdout,K002,S1_resample,80,,48,1.0
R2_bearing_holdout,K002,S1_resample,80,,49,1.0
R2_bearing_holdout,K002,S1_resample,80,,50,0.85
R2_bearing_holdout,K002,S1_resample,80,,51,1.0
R2_bearing_holdout,K002,S1_resample,80,,52,1.0
R2_bearing_holdout,K002,S1_resample,80,,53,1.0
R2_bearing_holdout,K002,S1_resample,80,,54,1.0
R2_bearing_holdout,K002,S1_resample,80,,55,1.0
R2_bearing_holdout,K002,S1_resample,80,,56,1.0
R2_bearing_holdout,K002,S1_resample,80,,57,1.0
R2_bearing_holdout,K002,S1_resample,80,,58,0.9
R2_bearing_holdout,K002,S1_resample,80,,59,0.9
R2_bearing_holdout,K002,S1_resample,80,,60,0.95
R2_bearing_holdout,K002,S1_resample,80,,61,1.0
R2_bearing_holdout,K002,S1_resample,80,,62,0.95
R2_bearing_holdout,K002,S1_resample,80,,63,1.0
R2_bearing_holdout,K002,S1_resample,80,,64,1.0
R2_bearing_holdout,K002,S1_resample,80,,65,0.95
R2_bearing_holdout,K002,S1_resample,80,,66,0.9
R2_bearing_holdout,K002,S1_resample,80,,67,0.9
R2_bearing_holdout,K002,S1_resample,80,,68,1.0
R2_bearing_holdout,K002,S1_resample,80,,69,0.95
R2_bearing_holdout,K002,S1_resample,80,,70,0.95
R2_bearing_holdout,K002,S1_resample,80,,71,1.0
R2_bearing_holdout,K002,S1_resample,80,,72,0.95
R2_bearing_holdout,K002,S1_resample,80,,73,1.0
R2_bearing_holdout,K002,S1_resample,80,,74,1.0
R2_bearing_holdout,K002,S1_resample,80,,75,0.95
R2_bearing_holdout,K002,S1_resample,80,,76,1.0
R2_bearing_holdout,K002,S1_resample,80,,77,1.0
R2_bearing_holdout,K002,S1_resample,80,,78,1.0
R2_bearing_holdout,K002,S1_resample,80,,79,0.9
R2_bearing_holdout,K002,S1_resample,80,,80,0.95
R2_bearing_holdout,K002,S1_resample,80,,81,1.0
R2_bearing_holdout,K002,S1_resample,80,,82,1.0
R2_bearing_holdout,K002,S1_resample,80,,83,0.9
R2_bearing_holdout,K002,S1_resample,80,,84,1.0
R2_bearing_holdout,K002,S1_resample,80,,85,1.0
R2_bearing_holdout,K002,S1_resample,80,,86,1.0
R2_bearing_holdout,K002,S1_resample,80,,87,1.0
R2_bearing_holdout,K002,S1_resample,80,,88,1.0
R2_bearing_holdout,K002,S1_resample,80,,89,0.95
R2_bearing_holdout,K002,S1_resample,80,,90,0.95
R2_bearing_holdout,K002,S1_resample,80,,91,1.0
R2_bearing_holdout,K002,S1_resample,80,,92,0.95
R2_bearing_holdout,K002,S1_resample,80,,93,0.9
R2_bearing_holdout,K002,S1_resample,80,,94,0.95
R2_bearing_holdout,K002,S1_resample,80,,95,0.9
R2_bearing_holdout,K002,S1_resample,80,,96,0.95
R2_bearing_holdout,K002,S1_resample,80,,97,0.95
R2_bearing_holdout,K002,S1_resample,80,,98,0.9
R2_bearing_holdout,K002,S1_resample,80,,99,1.0
R2_bearing_holdout,K002,S1_resample,96,,0,0.9
R2_bearing_holdout,K002,S1_resample,96,,1,0.9
R2_bearing_holdout,K002,S1_resample,96,,2,0.9
R2_bearing_holdout,K002,S1_resample,96,,3,1.0
R2_bearing_holdout,K002,S1_resample,96,,4,0.95
R2_bearing_holdout,K002,S1_resample,96,,5,1.0
R2_bearing_holdout,K002,S1_resample,96,,6,0.9
R2_bearing_holdout,K002,S1_resample,96,,7,1.0
R2_bearing_holdout,K002,S1_resample,96,,8,0.95
R2_bearing_holdout,K002,S1_resample,96,,9,1.0
R2_bearing_holdout,K002,S1_resample,96,,10,0.95
R2_bearing_holdout,K002,S1_resample,96,,11,0.9
R2_bearing_holdout,K002,S1_resample,96,,12,0.95
R2_bearing_holdout,K002,S1_resample,96,,13,1.0
R2_bearing_holdout,K002,S1_resample,96,,14,0.95
R2_bearing_holdout,K002,S1_resample,96,,15,1.0
R2_bearing_holdout,K002,S1_resample,96,,16,1.0
R2_bearing_holdout,K002,S1_resample,96,,17,0.95
R2_bearing_holdout,K002,S1_resample,96,,18,0.95
R2_bearing_holdout,K002,S1_resample,96,,19,1.0
R2_bearing_holdout,K002,S1_resample,96,,20,1.0
R2_bearing_holdout,K002,S1_resample,96,,21,0.95
R2_bearing_holdout,K002,S1_resample,96,,22,1.0
R2_bearing_holdout,K002,S1_resample,96,,23,1.0
R2_bearing_holdout,K002,S1_resample,96,,24,0.95
R2_bearing_holdout,K002,S1_resample,96,,25,0.95
R2_bearing_holdout,K002,S1_resample,96,,26,0.9
R2_bearing_holdout,K002,S1_resample,96,,27,1.0
R2_bearing_holdout,K002,S1_resample,96,,28,1.0
R2_bearing_holdout,K002,S1_resample,96,,29,1.0
R2_bearing_holdout,K002,S1_resample,96,,30,0.9
R2_bearing_holdout,K002,S1_resample,96,,31,1.0
R2_bearing_holdout,K002,S1_resample,96,,32,1.0
R2_bearing_holdout,K002,S1_resample,96,,33,1.0
R2_bearing_holdout,K002,S1_resample,96,,34,1.0
R2_bearing_holdout,K002,S1_resample,96,,35,1.0
R2_bearing_holdout,K002,S1_resample,96,,36,1.0
R2_bearing_holdout,K002,S1_resample,96,,37,0.9
R2_bearing_holdout,K002,S1_resample,96,,38,0.9
R2_bearing_holdout,K002,S1_resample,96,,39,1.0
R2_bearing_holdout,K002,S1_resample,96,,40,1.0
R2_bearing_holdout,K002,S1_resample,96,,41,0.95
R2_bearing_holdout,K002,S1_resample,96,,42,1.0
R2_bearing_holdout,K002,S1_resample,96,,43,0.9
R2_bearing_holdout,K002,S1_resample,96,,44,0.9
R2_bearing_holdout,K002,S1_resample,96,,45,0.9
R2_bearing_holdout,K002,S1_resample,96,,46,0.9
R2_bearing_holdout,K002,S1_resample,96,,47,0.85
R2_bearing_holdout,K002,S1_resample,96,,48,1.0
R2_bearing_holdout,K002,S1_resample,96,,49,0.9
R2_bearing_holdout,K002,S1_resample,96,,50,0.9
R2_bearing_holdout,K002,S1_resample,96,,51,1.0
R2_bearing_holdout,K002,S1_resample,96,,52,1.0
R2_bearing_holdout,K002,S1_resample,96,,53,0.95
R2_bearing_holdout,K002,S1_resample,96,,54,0.8
R2_bearing_holdout,K002,S1_resample,96,,55,0.9
R2_bearing_holdout,K002,S1_resample,96,,56,0.95
R2_bearing_holdout,K002,S1_resample,96,,57,1.0
R2_bearing_holdout,K002,S1_resample,96,,58,1.0
R2_bearing_holdout,K002,S1_resample,96,,59,1.0
R2_bearing_holdout,K002,S1_resample,96,,60,1.0
R2_bearing_holdout,K002,S1_resample,96,,61,0.9
R2_bearing_holdout,K002,S1_resample,96,,62,1.0
R2_bearing_holdout,K002,S1_resample,96,,63,1.0
R2_bearing_holdout,K002,S1_resample,96,,64,1.0
R2_bearing_holdout,K002,S1_resample,96,,65,0.95
R2_bearing_holdout,K002,S1_resample,96,,66,0.9
R2_bearing_holdout,K002,S1_resample,96,,67,1.0
R2_bearing_holdout,K002,S1_resample,96,,68,1.0
R2_bearing_holdout,K002,S1_resample,96,,69,0.95
R2_bearing_holdout,K002,S1_resample,96,,70,1.0
R2_bearing_holdout,K002,S1_resample,96,,71,0.85
R2_bearing_holdout,K002,S1_resample,96,,72,0.95
R2_bearing_holdout,K002,S1_resample,96,,73,0.9
R2_bearing_holdout,K002,S1_resample,96,,74,0.95
R2_bearing_holdout,K002,S1_resample,96,,75,0.95
R2_bearing_holdout,K002,S1_resample,96,,76,0.8
R2_bearing_holdout,K002,S1_resample,96,,77,0.95
R2_bearing_holdout,K002,S1_resample,96,,78,0.9
R2_bearing_holdout,K002,S1_resample,96,,79,0.95
R2_bearing_holdout,K002,S1_resample,96,,80,0.95
R2_bearing_holdout,K002,S1_resample,96,,81,0.9
R2_bearing_holdout,K002,S1_resample,96,,82,0.9
R2_bearing_holdout,K002,S1_resample,96,,83,0.9
R2_bearing_holdout,K002,S1_resample,96,,84,1.0
R2_bearing_holdout,K002,S1_resample,96,,85,0.95
R2_bearing_holdout,K002,S1_resample,96,,86,1.0
R2_bearing_holdout,K002,S1_resample,96,,87,1.0
R2_bearing_holdout,K002,S1_resample,96,,88,0.9
R2_bearing_holdout,K002,S1_resample,96,,89,1.0
R2_bearing_holdout,K002,S1_resample,96,,90,0.9
R2_bearing_holdout,K002,S1_resample,96,,91,0.95
R2_bearing_holdout,K002,S1_resample,96,,92,0.9
R2_bearing_holdout,K002,S1_resample,96,,93,1.0
R2_bearing_holdout,K002,S1_resample,96,,94,1.0
R2_bearing_holdout,K002,S1_resample,96,,95,1.0
R2_bearing_holdout,K002,S1_resample,96,,96,1.0
R2_bearing_holdout,K002,S1_resample,96,,97,0.95
R2_bearing_holdout,K002,S1_resample,96,,98,1.0
R2_bearing_holdout,K002,S1_resample,96,,99,0.9
R2_bearing_holdout,K002,S2_new_records,10,,0,0.0
R2_bearing_holdout,K002,S2_new_records,10,,1,0.0
R2_bearing_holdout,K002,S2_new_records,10,,2,0.0
R2_bearing_holdout,K002,S2_new_records,10,,3,0.0
R2_bearing_holdout,K002,S2_new_records,10,,4,0.0
R2_bearing_holdout,K002,S2_new_records,10,,5,0.3
R2_bearing_holdout,K002,S2_new_records,10,,6,0.0
R2_bearing_holdout,K002,S2_new_records,10,,7,0.0
R2_bearing_holdout,K002,S2_new_records,10,,8,0.0
R2_bearing_holdout,K002,S2_new_records,10,,9,0.0
R2_bearing_holdout,K002,S2_new_records,10,,10,0.0
R2_bearing_holdout,K002,S2_new_records,10,,11,0.0
R2_bearing_holdout,K002,S2_new_records,10,,12,0.0
R2_bearing_holdout,K002,S2_new_records,10,,13,0.0
R2_bearing_holdout,K002,S2_new_records,10,,14,0.0
R2_bearing_holdout,K002,S2_new_records,10,,15,0.0
R2_bearing_holdout,K002,S2_new_records,10,,16,0.0
R2_bearing_holdout,K002,S2_new_records,10,,17,0.0
R2_bearing_holdout,K002,S2_new_records,10,,18,0.3
R2_bearing_holdout,K002,S2_new_records,10,,19,0.0
R2_bearing_holdout,K002,S2_new_records,10,,20,0.0
R2_bearing_holdout,K002,S2_new_records,10,,21,0.0
R2_bearing_holdout,K002,S2_new_records,10,,22,0.0
R2_bearing_holdout,K002,S2_new_records,10,,23,0.0
R2_bearing_holdout,K002,S2_new_records,10,,24,0.0
R2_bearing_holdout,K002,S2_new_records,10,,25,0.0
R2_bearing_holdout,K002,S2_new_records,10,,26,0.0
R2_bearing_holdout,K002,S2_new_records,10,,27,0.0
R2_bearing_holdout,K002,S2_new_records,10,,28,0.15
R2_bearing_holdout,K002,S2_new_records,10,,29,0.0
R2_bearing_holdout,K002,S2_new_records,10,,30,0.0
R2_bearing_holdout,K002,S2_new_records,10,,31,0.0
R2_bearing_holdout,K002,S2_new_records,10,,32,0.0
R2_bearing_holdout,K002,S2_new_records,10,,33,0.0
R2_bearing_holdout,K002,S2_new_records,10,,34,0.0
R2_bearing_holdout,K002,S2_new_records,10,,35,0.0
R2_bearing_holdout,K002,S2_new_records,10,,36,0.0
R2_bearing_holdout,K002,S2_new_records,10,,37,0.05
R2_bearing_holdout,K002,S2_new_records,10,,38,0.0
R2_bearing_holdout,K002,S2_new_records,10,,39,0.0
R2_bearing_holdout,K002,S2_new_records,10,,40,0.0
R2_bearing_holdout,K002,S2_new_records,10,,41,0.0
R2_bearing_holdout,K002,S2_new_records,10,,42,0.65
R2_bearing_holdout,K002,S2_new_records,10,,43,0.0
R2_bearing_holdout,K002,S2_new_records,10,,44,0.0
R2_bearing_holdout,K002,S2_new_records,10,,45,0.55
R2_bearing_holdout,K002,S2_new_records,10,,46,0.0
R2_bearing_holdout,K002,S2_new_records,10,,47,0.0
R2_bearing_holdout,K002,S2_new_records,10,,48,0.0
R2_bearing_holdout,K002,S2_new_records,10,,49,0.0
R2_bearing_holdout,K002,S2_new_records,10,,50,0.0
R2_bearing_holdout,K002,S2_new_records,10,,51,0.0
R2_bearing_holdout,K002,S2_new_records,10,,52,0.0
R2_bearing_holdout,K002,S2_new_records,10,,53,0.0
R2_bearing_holdout,K002,S2_new_records,10,,54,0.0
R2_bearing_holdout,K002,S2_new_records,10,,55,0.0
R2_bearing_holdout,K002,S2_new_records,10,,56,0.4
R2_bearing_holdout,K002,S2_new_records,10,,57,0.0
R2_bearing_holdout,K002,S2_new_records,10,,58,0.0
R2_bearing_holdout,K002,S2_new_records,10,,59,0.0
R2_bearing_holdout,K002,S2_new_records,10,,60,0.0
R2_bearing_holdout,K002,S2_new_records,10,,61,0.0
R2_bearing_holdout,K002,S2_new_records,10,,62,0.8
R2_bearing_holdout,K002,S2_new_records,10,,63,0.0
R2_bearing_holdout,K002,S2_new_records,10,,64,0.0
R2_bearing_holdout,K002,S2_new_records,10,,65,0.0
R2_bearing_holdout,K002,S2_new_records,10,,66,0.0
R2_bearing_holdout,K002,S2_new_records,10,,67,0.0
R2_bearing_holdout,K002,S2_new_records,10,,68,0.0
R2_bearing_holdout,K002,S2_new_records,10,,69,0.0
R2_bearing_holdout,K002,S2_new_records,10,,70,0.0
R2_bearing_holdout,K002,S2_new_records,10,,71,0.0
R2_bearing_holdout,K002,S2_new_records,10,,72,0.0
R2_bearing_holdout,K002,S2_new_records,10,,73,0.0
R2_bearing_holdout,K002,S2_new_records,10,,74,0.0
R2_bearing_holdout,K002,S2_new_records,10,,75,0.0
R2_bearing_holdout,K002,S2_new_records,10,,76,0.0
R2_bearing_holdout,K002,S2_new_records,10,,77,0.0
R2_bearing_holdout,K002,S2_new_records,10,,78,0.0
R2_bearing_holdout,K002,S2_new_records,10,,79,0.0
R2_bearing_holdout,K002,S2_new_records,10,,80,0.0
R2_bearing_holdout,K002,S2_new_records,10,,81,0.0
R2_bearing_holdout,K002,S2_new_records,10,,82,0.0
R2_bearing_holdout,K002,S2_new_records,10,,83,0.0
R2_bearing_holdout,K002,S2_new_records,10,,84,0.0
R2_bearing_holdout,K002,S2_new_records,10,,85,0.0
R2_bearing_holdout,K002,S2_new_records,10,,86,0.45
R2_bearing_holdout,K002,S2_new_records,10,,87,0.8
R2_bearing_holdout,K002,S2_new_records,10,,88,0.05
R2_bearing_holdout,K002,S2_new_records,10,,89,0.0
R2_bearing_holdout,K002,S2_new_records,10,,90,0.0
R2_bearing_holdout,K002,S2_new_records,10,,91,0.0
R2_bearing_holdout,K002,S2_new_records,10,,92,0.0
R2_bearing_holdout,K002,S2_new_records,10,,93,0.0
R2_bearing_holdout,K002,S2_new_records,10,,94,0.0
R2_bearing_holdout,K002,S2_new_records,10,,95,0.0
R2_bearing_holdout,K002,S2_new_records,10,,96,0.0
R2_bearing_holdout,K002,S2_new_records,10,,97,0.0
R2_bearing_holdout,K002,S2_new_records,10,,98,0.0
R2_bearing_holdout,K002,S2_new_records,10,,99,0.0
R2_bearing_holdout,K002,S2_new_records,20,,0,0.0
R2_bearing_holdout,K002,S2_new_records,20,,1,0.0
R2_bearing_holdout,K002,S2_new_records,20,,2,0.0
R2_bearing_holdout,K002,S2_new_records,20,,3,0.0
R2_bearing_holdout,K002,S2_new_records,20,,4,0.1
R2_bearing_holdout,K002,S2_new_records,20,,5,0.0
R2_bearing_holdout,K002,S2_new_records,20,,6,0.0
R2_bearing_holdout,K002,S2_new_records,20,,7,0.0
R2_bearing_holdout,K002,S2_new_records,20,,8,0.0
R2_bearing_holdout,K002,S2_new_records,20,,9,0.0
R2_bearing_holdout,K002,S2_new_records,20,,10,0.0
R2_bearing_holdout,K002,S2_new_records,20,,11,0.15
R2_bearing_holdout,K002,S2_new_records,20,,12,0.8
R2_bearing_holdout,K002,S2_new_records,20,,13,0.0
R2_bearing_holdout,K002,S2_new_records,20,,14,0.0
R2_bearing_holdout,K002,S2_new_records,20,,15,0.0
R2_bearing_holdout,K002,S2_new_records,20,,16,0.25
R2_bearing_holdout,K002,S2_new_records,20,,17,0.0
R2_bearing_holdout,K002,S2_new_records,20,,18,0.0
R2_bearing_holdout,K002,S2_new_records,20,,19,0.0
R2_bearing_holdout,K002,S2_new_records,20,,20,0.0
R2_bearing_holdout,K002,S2_new_records,20,,21,0.0
R2_bearing_holdout,K002,S2_new_records,20,,22,0.0
R2_bearing_holdout,K002,S2_new_records,20,,23,0.0
R2_bearing_holdout,K002,S2_new_records,20,,24,0.0
R2_bearing_holdout,K002,S2_new_records,20,,25,0.0
R2_bearing_holdout,K002,S2_new_records,20,,26,0.3
R2_bearing_holdout,K002,S2_new_records,20,,27,0.0
R2_bearing_holdout,K002,S2_new_records,20,,28,0.0
R2_bearing_holdout,K002,S2_new_records,20,,29,0.6
R2_bearing_holdout,K002,S2_new_records,20,,30,0.0
R2_bearing_holdout,K002,S2_new_records,20,,31,0.0
R2_bearing_holdout,K002,S2_new_records,20,,32,0.05
R2_bearing_holdout,K002,S2_new_records,20,,33,0.0
R2_bearing_holdout,K002,S2_new_records,20,,34,0.0
R2_bearing_holdout,K002,S2_new_records,20,,35,0.0
R2_bearing_holdout,K002,S2_new_records,20,,36,0.0
R2_bearing_holdout,K002,S2_new_records,20,,37,0.0
R2_bearing_holdout,K002,S2_new_records,20,,38,0.15
R2_bearing_holdout,K002,S2_new_records,20,,39,0.15
R2_bearing_holdout,K002,S2_new_records,20,,40,0.0
R2_bearing_holdout,K002,S2_new_records,20,,41,0.0
R2_bearing_holdout,K002,S2_new_records,20,,42,0.0
R2_bearing_holdout,K002,S2_new_records,20,,43,0.7
R2_bearing_holdout,K002,S2_new_records,20,,44,0.0
R2_bearing_holdout,K002,S2_new_records,20,,45,0.15
R2_bearing_holdout,K002,S2_new_records,20,,46,0.0
R2_bearing_holdout,K002,S2_new_records,20,,47,0.0
R2_bearing_holdout,K002,S2_new_records,20,,48,0.0
R2_bearing_holdout,K002,S2_new_records,20,,49,0.0
R2_bearing_holdout,K002,S2_new_records,20,,50,0.0
R2_bearing_holdout,K002,S2_new_records,20,,51,0.15
R2_bearing_holdout,K002,S2_new_records,20,,52,0.0
R2_bearing_holdout,K002,S2_new_records,20,,53,0.0
R2_bearing_holdout,K002,S2_new_records,20,,54,0.65
R2_bearing_holdout,K002,S2_new_records,20,,55,0.0
R2_bearing_holdout,K002,S2_new_records,20,,56,0.15
R2_bearing_holdout,K002,S2_new_records,20,,57,0.75
R2_bearing_holdout,K002,S2_new_records,20,,58,0.0
R2_bearing_holdout,K002,S2_new_records,20,,59,0.25
R2_bearing_holdout,K002,S2_new_records,20,,60,0.0
R2_bearing_holdout,K002,S2_new_records,20,,61,0.05
R2_bearing_holdout,K002,S2_new_records,20,,62,0.15
R2_bearing_holdout,K002,S2_new_records,20,,63,0.0
R2_bearing_holdout,K002,S2_new_records,20,,64,0.0
R2_bearing_holdout,K002,S2_new_records,20,,65,0.0
R2_bearing_holdout,K002,S2_new_records,20,,66,0.0
R2_bearing_holdout,K002,S2_new_records,20,,67,0.0
R2_bearing_holdout,K002,S2_new_records,20,,68,0.0
R2_bearing_holdout,K002,S2_new_records,20,,69,0.0
R2_bearing_holdout,K002,S2_new_records,20,,70,0.2
R2_bearing_holdout,K002,S2_new_records,20,,71,0.0
R2_bearing_holdout,K002,S2_new_records,20,,72,0.4
R2_bearing_holdout,K002,S2_new_records,20,,73,0.0
R2_bearing_holdout,K002,S2_new_records,20,,74,0.0
R2_bearing_holdout,K002,S2_new_records,20,,75,0.0
R2_bearing_holdout,K002,S2_new_records,20,,76,0.0
R2_bearing_holdout,K002,S2_new_records,20,,77,0.0
R2_bearing_holdout,K002,S2_new_records,20,,78,0.0
R2_bearing_holdout,K002,S2_new_records,20,,79,0.0
R2_bearing_holdout,K002,S2_new_records,20,,80,0.0
R2_bearing_holdout,K002,S2_new_records,20,,81,0.0
R2_bearing_holdout,K002,S2_new_records,20,,82,0.0
R2_bearing_holdout,K002,S2_new_records,20,,83,0.0
R2_bearing_holdout,K002,S2_new_records,20,,84,0.0
R2_bearing_holdout,K002,S2_new_records,20,,85,0.0
R2_bearing_holdout,K002,S2_new_records,20,,86,0.0
R2_bearing_holdout,K002,S2_new_records,20,,87,0.0
R2_bearing_holdout,K002,S2_new_records,20,,88,0.45
R2_bearing_holdout,K002,S2_new_records,20,,89,0.0
R2_bearing_holdout,K002,S2_new_records,20,,90,0.9
R2_bearing_holdout,K002,S2_new_records,20,,91,0.0
R2_bearing_holdout,K002,S2_new_records,20,,92,0.8
R2_bearing_holdout,K002,S2_new_records,20,,93,0.0
R2_bearing_holdout,K002,S2_new_records,20,,94,0.0
R2_bearing_holdout,K002,S2_new_records,20,,95,0.0
R2_bearing_holdout,K002,S2_new_records,20,,96,0.0
R2_bearing_holdout,K002,S2_new_records,20,,97,0.0
R2_bearing_holdout,K002,S2_new_records,20,,98,0.0
R2_bearing_holdout,K002,S2_new_records,20,,99,0.0
R2_bearing_holdout,K002,S2_new_records,40,,0,0.8
R2_bearing_holdout,K002,S2_new_records,40,,1,0.05
R2_bearing_holdout,K002,S2_new_records,40,,2,0.7
R2_bearing_holdout,K002,S2_new_records,40,,3,0.7
R2_bearing_holdout,K002,S2_new_records,40,,4,0.35
R2_bearing_holdout,K002,S2_new_records,40,,5,0.55
R2_bearing_holdout,K002,S2_new_records,40,,6,0.2
R2_bearing_holdout,K002,S2_new_records,40,,7,0.0
R2_bearing_holdout,K002,S2_new_records,40,,8,0.7
R2_bearing_holdout,K002,S2_new_records,40,,9,0.9
R2_bearing_holdout,K002,S2_new_records,40,,10,0.2
R2_bearing_holdout,K002,S2_new_records,40,,11,0.0
R2_bearing_holdout,K002,S2_new_records,40,,12,0.0
R2_bearing_holdout,K002,S2_new_records,40,,13,0.7
R2_bearing_holdout,K002,S2_new_records,40,,14,0.05
R2_bearing_holdout,K002,S2_new_records,40,,15,0.7
R2_bearing_holdout,K002,S2_new_records,40,,16,0.85
R2_bearing_holdout,K002,S2_new_records,40,,17,0.55
R2_bearing_holdout,K002,S2_new_records,40,,18,0.15
R2_bearing_holdout,K002,S2_new_records,40,,19,0.2
R2_bearing_holdout,K002,S2_new_records,40,,20,0.0
R2_bearing_holdout,K002,S2_new_records,40,,21,0.05
R2_bearing_holdout,K002,S2_new_records,40,,22,0.0
R2_bearing_holdout,K002,S2_new_records,40,,23,0.0
R2_bearing_holdout,K002,S2_new_records,40,,24,0.0
R2_bearing_holdout,K002,S2_new_records,40,,25,0.05
R2_bearing_holdout,K002,S2_new_records,40,,26,0.7
R2_bearing_holdout,K002,S2_new_records,40,,27,0.75
R2_bearing_holdout,K002,S2_new_records,40,,28,0.7
R2_bearing_holdout,K002,S2_new_records,40,,29,0.75
R2_bearing_holdout,K002,S2_new_records,40,,30,0.0
R2_bearing_holdout,K002,S2_new_records,40,,31,0.15
R2_bearing_holdout,K002,S2_new_records,40,,32,0.7
R2_bearing_holdout,K002,S2_new_records,40,,33,0.7
R2_bearing_holdout,K002,S2_new_records,40,,34,0.15
R2_bearing_holdout,K002,S2_new_records,40,,35,0.3
R2_bearing_holdout,K002,S2_new_records,40,,36,0.0
R2_bearing_holdout,K002,S2_new_records,40,,37,0.7
R2_bearing_holdout,K002,S2_new_records,40,,38,0.0
R2_bearing_holdout,K002,S2_new_records,40,,39,0.15
R2_bearing_holdout,K002,S2_new_records,40,,40,0.0
R2_bearing_holdout,K002,S2_new_records,40,,41,0.2
R2_bearing_holdout,K002,S2_new_records,40,,42,0.5
R2_bearing_holdout,K002,S2_new_records,40,,43,0.0
R2_bearing_holdout,K002,S2_new_records,40,,44,0.25
R2_bearing_holdout,K002,S2_new_records,40,,45,0.7
R2_bearing_holdout,K002,S2_new_records,40,,46,0.3
R2_bearing_holdout,K002,S2_new_records,40,,47,0.7
R2_bearing_holdout,K002,S2_new_records,40,,48,0.7
R2_bearing_holdout,K002,S2_new_records,40,,49,0.35
R2_bearing_holdout,K002,S2_new_records,40,,50,0.7
R2_bearing_holdout,K002,S2_new_records,40,,51,0.0
R2_bearing_holdout,K002,S2_new_records,40,,52,0.2
R2_bearing_holdout,K002,S2_new_records,40,,53,0.8
R2_bearing_holdout,K002,S2_new_records,40,,54,0.25
R2_bearing_holdout,K002,S2_new_records,40,,55,0.8
R2_bearing_holdout,K002,S2_new_records,40,,56,0.2
R2_bearing_holdout,K002,S2_new_records,40,,57,0.15
R2_bearing_holdout,K002,S2_new_records,40,,58,0.0
R2_bearing_holdout,K002,S2_new_records,40,,59,0.15
R2_bearing_holdout,K002,S2_new_records,40,,60,0.05
R2_bearing_holdout,K002,S2_new_records,40,,61,0.7
R2_bearing_holdout,K002,S2_new_records,40,,62,0.8
R2_bearing_holdout,K002,S2_new_records,40,,63,0.8
R2_bearing_holdout,K002,S2_new_records,40,,64,0.65
R2_bearing_holdout,K002,S2_new_records,40,,65,0.35
R2_bearing_holdout,K002,S2_new_records,40,,66,0.0
R2_bearing_holdout,K002,S2_new_records,40,,67,0.75
R2_bearing_holdout,K002,S2_new_records,40,,68,0.65
R2_bearing_holdout,K002,S2_new_records,40,,69,0.7
R2_bearing_holdout,K002,S2_new_records,40,,70,0.0
R2_bearing_holdout,K002,S2_new_records,40,,71,0.7
R2_bearing_holdout,K002,S2_new_records,40,,72,0.25
R2_bearing_holdout,K002,S2_new_records,40,,73,0.0
R2_bearing_holdout,K002,S2_new_records,40,,74,0.05
R2_bearing_holdout,K002,S2_new_records,40,,75,0.0
R2_bearing_holdout,K002,S2_new_records,40,,76,0.05
R2_bearing_holdout,K002,S2_new_records,40,,77,0.6
R2_bearing_holdout,K002,S2_new_records,40,,78,0.7
R2_bearing_holdout,K002,S2_new_records,40,,79,0.1
R2_bearing_holdout,K002,S2_new_records,40,,80,0.7
R2_bearing_holdout,K002,S2_new_records,40,,81,0.0
R2_bearing_holdout,K002,S2_new_records,40,,82,0.7
R2_bearing_holdout,K002,S2_new_records,40,,83,0.3
R2_bearing_holdout,K002,S2_new_records,40,,84,0.0
R2_bearing_holdout,K002,S2_new_records,40,,85,0.85
R2_bearing_holdout,K002,S2_new_records,40,,86,0.15
R2_bearing_holdout,K002,S2_new_records,40,,87,0.7
R2_bearing_holdout,K002,S2_new_records,40,,88,0.0
R2_bearing_holdout,K002,S2_new_records,40,,89,0.7
R2_bearing_holdout,K002,S2_new_records,40,,90,0.0
R2_bearing_holdout,K002,S2_new_records,40,,91,0.55
R2_bearing_holdout,K002,S2_new_records,40,,92,0.15
R2_bearing_holdout,K002,S2_new_records,40,,93,0.7
R2_bearing_holdout,K002,S2_new_records,40,,94,0.0
R2_bearing_holdout,K002,S2_new_records,40,,95,0.7
R2_bearing_holdout,K002,S2_new_records,40,,96,0.2
R2_bearing_holdout,K002,S2_new_records,40,,97,0.85
R2_bearing_holdout,K002,S2_new_records,40,,98,0.7
R2_bearing_holdout,K002,S2_new_records,40,,99,0.7
R2_bearing_holdout,K002,S2_new_records,60,,0,0.8
R2_bearing_holdout,K002,S2_new_records,60,,1,0.05
R2_bearing_holdout,K002,S2_new_records,60,,2,0.7
R2_bearing_holdout,K002,S2_new_records,60,,3,0.7
R2_bearing_holdout,K002,S2_new_records,60,,4,0.8
R2_bearing_holdout,K002,S2_new_records,60,,5,0.6
R2_bearing_holdout,K002,S2_new_records,60,,6,0.8
R2_bearing_holdout,K002,S2_new_records,60,,7,0.7
R2_bearing_holdout,K002,S2_new_records,60,,8,0.7
R2_bearing_holdout,K002,S2_new_records,60,,9,0.75
R2_bearing_holdout,K002,S2_new_records,60,,10,0.7
R2_bearing_holdout,K002,S2_new_records,60,,11,0.7
R2_bearing_holdout,K002,S2_new_records,60,,12,0.7
R2_bearing_holdout,K002,S2_new_records,60,,13,0.85
R2_bearing_holdout,K002,S2_new_records,60,,14,0.7
R2_bearing_holdout,K002,S2_new_records,60,,15,0.75
R2_bearing_holdout,K002,S2_new_records,60,,16,0.7
R2_bearing_holdout,K002,S2_new_records,60,,17,0.7
R2_bearing_holdout,K002,S2_new_records,60,,18,0.7
R2_bearing_holdout,K002,S2_new_records,60,,19,0.75
R2_bearing_holdout,K002,S2_new_records,60,,20,0.7
R2_bearing_holdout,K002,S2_new_records,60,,21,0.7
R2_bearing_holdout,K002,S2_new_records,60,,22,0.75
R2_bearing_holdout,K002,S2_new_records,60,,23,0.8
R2_bearing_holdout,K002,S2_new_records,60,,24,0.7
R2_bearing_holdout,K002,S2_new_records,60,,25,0.0
R2_bearing_holdout,K002,S2_new_records,60,,26,1.0
R2_bearing_holdout,K002,S2_new_records,60,,27,0.75
R2_bearing_holdout,K002,S2_new_records,60,,28,0.8
R2_bearing_holdout,K002,S2_new_records,60,,29,0.7
R2_bearing_holdout,K002,S2_new_records,60,,30,0.75
R2_bearing_holdout,K002,S2_new_records,60,,31,0.75
R2_bearing_holdout,K002,S2_new_records,60,,32,0.75
R2_bearing_holdout,K002,S2_new_records,60,,33,0.75
R2_bearing_holdout,K002,S2_new_records,60,,34,0.7
R2_bearing_holdout,K002,S2_new_records,60,,35,0.5
R2_bearing_holdout,K002,S2_new_records,60,,36,0.7
R2_bearing_holdout,K002,S2_new_records,60,,37,0.7
R2_bearing_holdout,K002,S2_new_records,60,,38,0.7
R2_bearing_holdout,K002,S2_new_records,60,,39,0.65
R2_bearing_holdout,K002,S2_new_records,60,,40,0.15
R2_bearing_holdout,K002,S2_new_records,60,,41,0.7
R2_bearing_holdout,K002,S2_new_records,60,,42,0.7
R2_bearing_holdout,K002,S2_new_records,60,,43,0.8
R2_bearing_holdout,K002,S2_new_records,60,,44,0.7
R2_bearing_holdout,K002,S2_new_records,60,,45,0.85
R2_bearing_holdout,K002,S2_new_records,60,,46,0.7
R2_bearing_holdout,K002,S2_new_records,60,,47,0.7
R2_bearing_holdout,K002,S2_new_records,60,,48,0.7
R2_bearing_holdout,K002,S2_new_records,60,,49,0.7
R2_bearing_holdout,K002,S2_new_records,60,,50,0.15
R2_bearing_holdout,K002,S2_new_records,60,,51,0.7
R2_bearing_holdout,K002,S2_new_records,60,,52,0.7
R2_bearing_holdout,K002,S2_new_records,60,,53,0.75
R2_bearing_holdout,K002,S2_new_records,60,,54,0.15
R2_bearing_holdout,K002,S2_new_records,60,,55,0.25
R2_bearing_holdout,K002,S2_new_records,60,,56,0.45
R2_bearing_holdout,K002,S2_new_records,60,,57,0.75
R2_bearing_holdout,K002,S2_new_records,60,,58,0.7
R2_bearing_holdout,K002,S2_new_records,60,,59,0.55
R2_bearing_holdout,K002,S2_new_records,60,,60,0.9
R2_bearing_holdout,K002,S2_new_records,60,,61,0.7
R2_bearing_holdout,K002,S2_new_records,60,,62,0.9
R2_bearing_holdout,K002,S2_new_records,60,,63,0.7
R2_bearing_holdout,K002,S2_new_records,60,,64,0.7
R2_bearing_holdout,K002,S2_new_records,60,,65,0.7
R2_bearing_holdout,K002,S2_new_records,60,,66,0.7
R2_bearing_holdout,K002,S2_new_records,60,,67,0.7
R2_bearing_holdout,K002,S2_new_records,60,,68,0.85
R2_bearing_holdout,K002,S2_new_records,60,,69,0.05
R2_bearing_holdout,K002,S2_new_records,60,,70,0.7
R2_bearing_holdout,K002,S2_new_records,60,,71,0.7
R2_bearing_holdout,K002,S2_new_records,60,,72,0.7
R2_bearing_holdout,K002,S2_new_records,60,,73,0.65
R2_bearing_holdout,K002,S2_new_records,60,,74,0.8
R2_bearing_holdout,K002,S2_new_records,60,,75,0.25
R2_bearing_holdout,K002,S2_new_records,60,,76,0.7
R2_bearing_holdout,K002,S2_new_records,60,,77,0.8
R2_bearing_holdout,K002,S2_new_records,60,,78,0.7
R2_bearing_holdout,K002,S2_new_records,60,,79,0.7
R2_bearing_holdout,K002,S2_new_records,60,,80,0.0
R2_bearing_holdout,K002,S2_new_records,60,,81,0.7
R2_bearing_holdout,K002,S2_new_records,60,,82,0.7
R2_bearing_holdout,K002,S2_new_records,60,,83,0.7
R2_bearing_holdout,K002,S2_new_records,60,,84,0.6
R2_bearing_holdout,K002,S2_new_records,60,,85,0.7
R2_bearing_holdout,K002,S2_new_records,60,,86,0.1
R2_bearing_holdout,K002,S2_new_records,60,,87,0.8
R2_bearing_holdout,K002,S2_new_records,60,,88,0.8
R2_bearing_holdout,K002,S2_new_records,60,,89,0.7
R2_bearing_holdout,K002,S2_new_records,60,,90,0.85
R2_bearing_holdout,K002,S2_new_records,60,,91,0.8
R2_bearing_holdout,K002,S2_new_records,60,,92,0.8
R2_bearing_holdout,K002,S2_new_records,60,,93,0.7
R2_bearing_holdout,K002,S2_new_records,60,,94,0.7
R2_bearing_holdout,K002,S2_new_records,60,,95,0.8
R2_bearing_holdout,K002,S2_new_records,60,,96,0.4
R2_bearing_holdout,K002,S2_new_records,60,,97,0.75
R2_bearing_holdout,K002,S2_new_records,60,,98,0.7
R2_bearing_holdout,K002,S2_new_records,60,,99,0.8
R2_bearing_holdout,K002,S2_new_records,80,,0,0.2
R2_bearing_holdout,K002,S2_new_records,80,,1,0.7
R2_bearing_holdout,K002,S2_new_records,80,,2,0.7
R2_bearing_holdout,K002,S2_new_records,80,,3,0.8
R2_bearing_holdout,K002,S2_new_records,80,,4,0.0
R2_bearing_holdout,K002,S2_new_records,80,,5,0.7
R2_bearing_holdout,K002,S2_new_records,80,,6,0.9
R2_bearing_holdout,K002,S2_new_records,80,,7,0.7
R2_bearing_holdout,K002,S2_new_records,80,,8,0.8
R2_bearing_holdout,K002,S2_new_records,80,,9,0.7
R2_bearing_holdout,K002,S2_new_records,80,,10,0.7
R2_bearing_holdout,K002,S2_new_records,80,,11,0.7
R2_bearing_holdout,K002,S2_new_records,80,,12,0.7
R2_bearing_holdout,K002,S2_new_records,80,,13,0.7
R2_bearing_holdout,K002,S2_new_records,80,,14,0.7
R2_bearing_holdout,K002,S2_new_records,80,,15,0.7
R2_bearing_holdout,K002,S2_new_records,80,,16,0.7
R2_bearing_holdout,K002,S2_new_records,80,,17,0.7
R2_bearing_holdout,K002,S2_new_records,80,,18,0.5
R2_bearing_holdout,K002,S2_new_records,80,,19,0.7
R2_bearing_holdout,K002,S2_new_records,80,,20,0.7
R2_bearing_holdout,K002,S2_new_records,80,,21,0.7
R2_bearing_holdout,K002,S2_new_records,80,,22,0.45
R2_bearing_holdout,K002,S2_new_records,80,,23,0.75
R2_bearing_holdout,K002,S2_new_records,80,,24,0.7
R2_bearing_holdout,K002,S2_new_records,80,,25,0.7
R2_bearing_holdout,K002,S2_new_records,80,,26,0.8
R2_bearing_holdout,K002,S2_new_records,80,,27,0.7
R2_bearing_holdout,K002,S2_new_records,80,,28,0.8
R2_bearing_holdout,K002,S2_new_records,80,,29,0.8
R2_bearing_holdout,K002,S2_new_records,80,,30,0.7
R2_bearing_holdout,K002,S2_new_records,80,,31,0.7
R2_bearing_holdout,K002,S2_new_records,80,,32,0.7
R2_bearing_holdout,K002,S2_new_records,80,,33,0.7
R2_bearing_holdout,K002,S2_new_records,80,,34,0.7
R2_bearing_holdout,K002,S2_new_records,80,,35,0.7
R2_bearing_holdout,K002,S2_new_records,80,,36,0.7
R2_bearing_holdout,K002,S2_new_records,80,,37,0.7
R2_bearing_holdout,K002,S2_new_records,80,,38,0.7
R2_bearing_holdout,K002,S2_new_records,80,,39,0.8
R2_bearing_holdout,K002,S2_new_records,80,,40,0.7
R2_bearing_holdout,K002,S2_new_records,80,,41,0.65
R2_bearing_holdout,K002,S2_new_records,80,,42,0.75
R2_bearing_holdout,K002,S2_new_records,80,,43,0.8
R2_bearing_holdout,K002,S2_new_records,80,,44,0.75
R2_bearing_holdout,K002,S2_new_records,80,,45,0.7
R2_bearing_holdout,K002,S2_new_records,80,,46,0.7
R2_bearing_holdout,K002,S2_new_records,80,,47,0.7
R2_bearing_holdout,K002,S2_new_records,80,,48,0.7
R2_bearing_holdout,K002,S2_new_records,80,,49,0.7
R2_bearing_holdout,K002,S2_new_records,80,,50,0.7
R2_bearing_holdout,K002,S2_new_records,80,,51,0.8
R2_bearing_holdout,K002,S2_new_records,80,,52,0.7
R2_bearing_holdout,K002,S2_new_records,80,,53,0.7
R2_bearing_holdout,K002,S2_new_records,80,,54,0.85
R2_bearing_holdout,K002,S2_new_records,80,,55,0.7
R2_bearing_holdout,K002,S2_new_records,80,,56,0.7
R2_bearing_holdout,K002,S2_new_records,80,,57,0.7
R2_bearing_holdout,K002,S2_new_records,80,,58,0.85
R2_bearing_holdout,K002,S2_new_records,80,,59,0.7
R2_bearing_holdout,K002,S2_new_records,80,,60,0.8
R2_bearing_holdout,K002,S2_new_records,80,,61,0.8
R2_bearing_holdout,K002,S2_new_records,80,,62,0.8
R2_bearing_holdout,K002,S2_new_records,80,,63,0.7
R2_bearing_holdout,K002,S2_new_records,80,,64,0.65
R2_bearing_holdout,K002,S2_new_records,80,,65,0.7
R2_bearing_holdout,K002,S2_new_records,80,,66,0.35
R2_bearing_holdout,K002,S2_new_records,80,,67,0.7
R2_bearing_holdout,K002,S2_new_records,80,,68,0.7
R2_bearing_holdout,K002,S2_new_records,80,,69,0.75
R2_bearing_holdout,K002,S2_new_records,80,,70,0.75
R2_bearing_holdout,K002,S2_new_records,80,,71,0.75
R2_bearing_holdout,K002,S2_new_records,80,,72,0.45
R2_bearing_holdout,K002,S2_new_records,80,,73,0.75
R2_bearing_holdout,K002,S2_new_records,80,,74,0.7
R2_bearing_holdout,K002,S2_new_records,80,,75,0.75
R2_bearing_holdout,K002,S2_new_records,80,,76,0.7
R2_bearing_holdout,K002,S2_new_records,80,,77,0.7
R2_bearing_holdout,K002,S2_new_records,80,,78,0.7
R2_bearing_holdout,K002,S2_new_records,80,,79,0.7
R2_bearing_holdout,K002,S2_new_records,80,,80,0.7
R2_bearing_holdout,K002,S2_new_records,80,,81,0.95
R2_bearing_holdout,K002,S2_new_records,80,,82,0.85
R2_bearing_holdout,K002,S2_new_records,80,,83,0.7
R2_bearing_holdout,K002,S2_new_records,80,,84,0.7
R2_bearing_holdout,K002,S2_new_records,80,,85,0.75
R2_bearing_holdout,K002,S2_new_records,80,,86,0.7
R2_bearing_holdout,K002,S2_new_records,80,,87,0.2
R2_bearing_holdout,K002,S2_new_records,80,,88,0.7
R2_bearing_holdout,K002,S2_new_records,80,,89,0.7
R2_bearing_holdout,K002,S2_new_records,80,,90,0.7
R2_bearing_holdout,K002,S2_new_records,80,,91,0.75
R2_bearing_holdout,K002,S2_new_records,80,,92,0.7
R2_bearing_holdout,K002,S2_new_records,80,,93,0.7
R2_bearing_holdout,K002,S2_new_records,80,,94,0.8
R2_bearing_holdout,K002,S2_new_records,80,,95,1.0
R2_bearing_holdout,K002,S2_new_records,80,,96,0.8
R2_bearing_holdout,K002,S2_new_records,80,,97,0.7
R2_bearing_holdout,K002,S2_new_records,80,,98,0.8
R2_bearing_holdout,K002,S2_new_records,80,,99,0.7
R2_bearing_holdout,K002,S2_new_records,96,,0,0.85
R2_bearing_holdout,K002,S2_new_records,96,,1,0.75
R2_bearing_holdout,K002,S2_new_records,96,,2,0.8
R2_bearing_holdout,K002,S2_new_records,96,,3,0.7
R2_bearing_holdout,K002,S2_new_records,96,,4,0.7
R2_bearing_holdout,K002,S2_new_records,96,,5,0.8
R2_bearing_holdout,K002,S2_new_records,96,,6,0.7
R2_bearing_holdout,K002,S2_new_records,96,,7,0.85
R2_bearing_holdout,K002,S2_new_records,96,,8,0.7
R2_bearing_holdout,K002,S2_new_records,96,,9,0.8
R2_bearing_holdout,K002,S2_new_records,96,,10,0.7
R2_bearing_holdout,K002,S2_new_records,96,,11,0.75
R2_bearing_holdout,K002,S2_new_records,96,,12,0.8
R2_bearing_holdout,K002,S2_new_records,96,,13,0.7
R2_bearing_holdout,K002,S2_new_records,96,,14,0.75
R2_bearing_holdout,K002,S2_new_records,96,,15,0.8
R2_bearing_holdout,K002,S2_new_records,96,,16,0.75
R2_bearing_holdout,K002,S2_new_records,96,,17,0.7
R2_bearing_holdout,K002,S2_new_records,96,,18,0.7
R2_bearing_holdout,K002,S2_new_records,96,,19,0.75
R2_bearing_holdout,K002,S2_new_records,96,,20,0.8
R2_bearing_holdout,K002,S2_new_records,96,,21,0.7
R2_bearing_holdout,K002,S2_new_records,96,,22,0.8
R2_bearing_holdout,K002,S2_new_records,96,,23,0.7
R2_bearing_holdout,K002,S2_new_records,96,,24,0.75
R2_bearing_holdout,K002,S2_new_records,96,,25,0.7
R2_bearing_holdout,K002,S2_new_records,96,,26,0.75
R2_bearing_holdout,K002,S2_new_records,96,,27,0.7
R2_bearing_holdout,K002,S2_new_records,96,,28,0.7
R2_bearing_holdout,K002,S2_new_records,96,,29,0.75
R2_bearing_holdout,K002,S2_new_records,96,,30,0.7
R2_bearing_holdout,K002,S2_new_records,96,,31,0.7
R2_bearing_holdout,K002,S2_new_records,96,,32,0.7
R2_bearing_holdout,K002,S2_new_records,96,,33,0.7
R2_bearing_holdout,K002,S2_new_records,96,,34,0.8
R2_bearing_holdout,K002,S2_new_records,96,,35,0.7
R2_bearing_holdout,K002,S2_new_records,96,,36,0.7
R2_bearing_holdout,K002,S2_new_records,96,,37,0.7
R2_bearing_holdout,K002,S2_new_records,96,,38,0.7
R2_bearing_holdout,K002,S2_new_records,96,,39,0.7
R2_bearing_holdout,K002,S2_new_records,96,,40,0.75
R2_bearing_holdout,K002,S2_new_records,96,,41,0.9
R2_bearing_holdout,K002,S2_new_records,96,,42,0.7
R2_bearing_holdout,K002,S2_new_records,96,,43,0.85
R2_bearing_holdout,K002,S2_new_records,96,,44,0.9
R2_bearing_holdout,K002,S2_new_records,96,,45,0.7
R2_bearing_holdout,K002,S2_new_records,96,,46,0.7
R2_bearing_holdout,K002,S2_new_records,96,,47,0.7
R2_bearing_holdout,K002,S2_new_records,96,,48,0.7
R2_bearing_holdout,K002,S2_new_records,96,,49,0.7
R2_bearing_holdout,K002,S2_new_records,96,,50,0.8
R2_bearing_holdout,K002,S2_new_records,96,,51,0.7
R2_bearing_holdout,K002,S2_new_records,96,,52,0.75
R2_bearing_holdout,K002,S2_new_records,96,,53,0.85
R2_bearing_holdout,K002,S2_new_records,96,,54,0.7
R2_bearing_holdout,K002,S2_new_records,96,,55,0.8
R2_bearing_holdout,K002,S2_new_records,96,,56,0.7
R2_bearing_holdout,K002,S2_new_records,96,,57,0.7
R2_bearing_holdout,K002,S2_new_records,96,,58,0.75
R2_bearing_holdout,K002,S2_new_records,96,,59,0.75
R2_bearing_holdout,K002,S2_new_records,96,,60,0.8
R2_bearing_holdout,K002,S2_new_records,96,,61,0.75
R2_bearing_holdout,K002,S2_new_records,96,,62,0.75
R2_bearing_holdout,K002,S2_new_records,96,,63,0.75
R2_bearing_holdout,K002,S2_new_records,96,,64,0.7
R2_bearing_holdout,K002,S2_new_records,96,,65,0.95
R2_bearing_holdout,K002,S2_new_records,96,,66,0.7
R2_bearing_holdout,K002,S2_new_records,96,,67,0.8
R2_bearing_holdout,K002,S2_new_records,96,,68,0.8
R2_bearing_holdout,K002,S2_new_records,96,,69,0.75
R2_bearing_holdout,K002,S2_new_records,96,,70,0.8
R2_bearing_holdout,K002,S2_new_records,96,,71,0.75
R2_bearing_holdout,K002,S2_new_records,96,,72,0.7
R2_bearing_holdout,K002,S2_new_records,96,,73,0.7
R2_bearing_holdout,K002,S2_new_records,96,,74,0.95
R2_bearing_holdout,K002,S2_new_records,96,,75,0.7
R2_bearing_holdout,K002,S2_new_records,96,,76,0.75
R2_bearing_holdout,K002,S2_new_records,96,,77,0.7
R2_bearing_holdout,K002,S2_new_records,96,,78,0.75
R2_bearing_holdout,K002,S2_new_records,96,,79,0.7
R2_bearing_holdout,K002,S2_new_records,96,,80,0.7
R2_bearing_holdout,K002,S2_new_records,96,,81,0.75
R2_bearing_holdout,K002,S2_new_records,96,,82,0.75
R2_bearing_holdout,K002,S2_new_records,96,,83,0.8
R2_bearing_holdout,K002,S2_new_records,96,,84,0.8
R2_bearing_holdout,K002,S2_new_records,96,,85,0.8
R2_bearing_holdout,K002,S2_new_records,96,,86,1.0
R2_bearing_holdout,K002,S2_new_records,96,,87,0.75
R2_bearing_holdout,K002,S2_new_records,96,,88,0.7
R2_bearing_holdout,K002,S2_new_records,96,,89,0.7
R2_bearing_holdout,K002,S2_new_records,96,,90,0.7
R2_bearing_holdout,K002,S2_new_records,96,,91,0.75
R2_bearing_holdout,K002,S2_new_records,96,,92,0.75
R2_bearing_holdout,K002,S2_new_records,96,,93,0.8
R2_bearing_holdout,K002,S2_new_records,96,,94,0.7
R2_bearing_holdout,K002,S2_new_records,96,,95,0.7
R2_bearing_holdout,K002,S2_new_records,96,,96,0.9
R2_bearing_holdout,K002,S2_new_records,96,,97,0.85
R2_bearing_holdout,K002,S2_new_records,96,,98,0.8
R2_bearing_holdout,K002,S2_new_records,96,,99,0.8
R2_bearing_holdout,K002,S3_units,20,1.0,0,1.0
R2_bearing_holdout,K002,S3_units,20,1.0,1,0.95
R2_bearing_holdout,K002,S3_units,20,1.0,2,1.0
R2_bearing_holdout,K002,S3_units,20,1.0,3,0.05
R2_bearing_holdout,K002,S3_units,20,1.0,4,1.0
R2_bearing_holdout,K002,S3_units,20,1.0,5,0.95
R2_bearing_holdout,K002,S3_units,20,1.0,6,0.05
R2_bearing_holdout,K002,S3_units,20,1.0,7,1.0
R2_bearing_holdout,K002,S3_units,20,1.0,8,1.0
R2_bearing_holdout,K002,S3_units,20,1.0,9,1.0
R2_bearing_holdout,K002,S3_units,20,1.0,10,1.0
R2_bearing_holdout,K002,S3_units,20,1.0,11,1.0
R2_bearing_holdout,K002,S3_units,20,1.0,12,1.0
R2_bearing_holdout,K002,S3_units,20,1.0,13,0.05
R2_bearing_holdout,K002,S3_units,20,1.0,14,0.95
R2_bearing_holdout,K002,S3_units,20,1.0,15,1.0
R2_bearing_holdout,K002,S3_units,20,1.0,16,0.95
R2_bearing_holdout,K002,S3_units,20,1.0,17,1.0
R2_bearing_holdout,K002,S3_units,20,1.0,18,0.05
R2_bearing_holdout,K002,S3_units,20,1.0,19,0.95
R2_bearing_holdout,K002,S3_units,20,1.0,20,1.0
R2_bearing_holdout,K002,S3_units,20,1.0,21,1.0
R2_bearing_holdout,K002,S3_units,20,1.0,22,0.05
R2_bearing_holdout,K002,S3_units,20,1.0,23,1.0
R2_bearing_holdout,K002,S3_units,20,1.0,24,1.0
R2_bearing_holdout,K002,S3_units,20,1.0,25,0.05
R2_bearing_holdout,K002,S3_units,20,1.0,26,0.95
R2_bearing_holdout,K002,S3_units,20,1.0,27,1.0
R2_bearing_holdout,K002,S3_units,20,1.0,28,0.05
R2_bearing_holdout,K002,S3_units,20,1.0,29,1.0
R2_bearing_holdout,K002,S3_units,20,1.0,30,1.0
R2_bearing_holdout,K002,S3_units,20,1.0,31,0.95
R2_bearing_holdout,K002,S3_units,20,1.0,32,0.9
R2_bearing_holdout,K002,S3_units,20,1.0,33,0.95
R2_bearing_holdout,K002,S3_units,20,1.0,34,1.0
R2_bearing_holdout,K002,S3_units,20,1.0,35,0.95
R2_bearing_holdout,K002,S3_units,20,1.0,36,0.05
R2_bearing_holdout,K002,S3_units,20,1.0,37,1.0
R2_bearing_holdout,K002,S3_units,20,1.0,38,1.0
R2_bearing_holdout,K002,S3_units,20,1.0,39,1.0
R2_bearing_holdout,K002,S3_units,20,1.0,40,1.0
R2_bearing_holdout,K002,S3_units,20,1.0,41,0.95
R2_bearing_holdout,K002,S3_units,20,1.0,42,1.0
R2_bearing_holdout,K002,S3_units,20,1.0,43,0.05
R2_bearing_holdout,K002,S3_units,20,1.0,44,0.05
R2_bearing_holdout,K002,S3_units,20,1.0,45,0.95
R2_bearing_holdout,K002,S3_units,20,1.0,46,1.0
R2_bearing_holdout,K002,S3_units,20,1.0,47,0.05
R2_bearing_holdout,K002,S3_units,20,1.0,48,0.95
R2_bearing_holdout,K002,S3_units,20,1.0,49,0.95
R2_bearing_holdout,K002,S3_units,20,1.0,50,0.95
R2_bearing_holdout,K002,S3_units,20,1.0,51,1.0
R2_bearing_holdout,K002,S3_units,20,1.0,52,0.95
R2_bearing_holdout,K002,S3_units,20,1.0,53,0.85
R2_bearing_holdout,K002,S3_units,20,1.0,54,1.0
R2_bearing_holdout,K002,S3_units,20,1.0,55,0.9
R2_bearing_holdout,K002,S3_units,20,1.0,56,1.0
R2_bearing_holdout,K002,S3_units,20,1.0,57,1.0
R2_bearing_holdout,K002,S3_units,20,1.0,58,0.95
R2_bearing_holdout,K002,S3_units,20,1.0,59,0.05
R2_bearing_holdout,K002,S3_units,20,1.0,60,1.0
R2_bearing_holdout,K002,S3_units,20,1.0,61,0.05
R2_bearing_holdout,K002,S3_units,20,1.0,62,1.0
R2_bearing_holdout,K002,S3_units,20,1.0,63,0.9
R2_bearing_holdout,K002,S3_units,20,1.0,64,1.0
R2_bearing_holdout,K002,S3_units,20,1.0,65,1.0
R2_bearing_holdout,K002,S3_units,20,1.0,66,1.0
R2_bearing_holdout,K002,S3_units,20,1.0,67,1.0
R2_bearing_holdout,K002,S3_units,20,1.0,68,1.0
R2_bearing_holdout,K002,S3_units,20,1.0,69,1.0
R2_bearing_holdout,K002,S3_units,20,1.0,70,0.05
R2_bearing_holdout,K002,S3_units,20,1.0,71,0.95
R2_bearing_holdout,K002,S3_units,20,1.0,72,1.0
R2_bearing_holdout,K002,S3_units,20,1.0,73,1.0
R2_bearing_holdout,K002,S3_units,20,1.0,74,1.0
R2_bearing_holdout,K002,S3_units,20,1.0,75,0.95
R2_bearing_holdout,K002,S3_units,20,1.0,76,1.0
R2_bearing_holdout,K002,S3_units,20,1.0,77,0.3
R2_bearing_holdout,K002,S3_units,20,1.0,78,1.0
R2_bearing_holdout,K002,S3_units,20,1.0,79,1.0
R2_bearing_holdout,K002,S3_units,20,1.0,80,1.0
R2_bearing_holdout,K002,S3_units,20,1.0,81,0.95
R2_bearing_holdout,K002,S3_units,20,1.0,82,0.05
R2_bearing_holdout,K002,S3_units,20,1.0,83,1.0
R2_bearing_holdout,K002,S3_units,20,1.0,84,0.05
R2_bearing_holdout,K002,S3_units,20,1.0,85,0.9
R2_bearing_holdout,K002,S3_units,20,1.0,86,1.0
R2_bearing_holdout,K002,S3_units,20,1.0,87,1.0
R2_bearing_holdout,K002,S3_units,20,1.0,88,1.0
R2_bearing_holdout,K002,S3_units,20,1.0,89,1.0
R2_bearing_holdout,K002,S3_units,20,1.0,90,1.0
R2_bearing_holdout,K002,S3_units,20,1.0,91,1.0
R2_bearing_holdout,K002,S3_units,20,1.0,92,0.05
R2_bearing_holdout,K002,S3_units,20,1.0,93,0.95
R2_bearing_holdout,K002,S3_units,20,1.0,94,1.0
R2_bearing_holdout,K002,S3_units,20,1.0,95,0.95
R2_bearing_holdout,K002,S3_units,20,1.0,96,0.95
R2_bearing_holdout,K002,S3_units,20,1.0,97,0.95
R2_bearing_holdout,K002,S3_units,20,1.0,98,0.95
R2_bearing_holdout,K002,S3_units,20,1.0,99,0.95
R2_bearing_holdout,K002,S3_units,20,2.0,0,1.0
R2_bearing_holdout,K002,S3_units,20,2.0,1,0.95
R2_bearing_holdout,K002,S3_units,20,2.0,2,0.7
R2_bearing_holdout,K002,S3_units,20,2.0,3,0.0
R2_bearing_holdout,K002,S3_units,20,2.0,4,1.0
R2_bearing_holdout,K002,S3_units,20,2.0,5,0.05
R2_bearing_holdout,K002,S3_units,20,2.0,6,0.3
R2_bearing_holdout,K002,S3_units,20,2.0,7,0.35
R2_bearing_holdout,K002,S3_units,20,2.0,8,0.7
R2_bearing_holdout,K002,S3_units,20,2.0,9,0.0
R2_bearing_holdout,K002,S3_units,20,2.0,10,0.0
R2_bearing_holdout,K002,S3_units,20,2.0,11,1.0
R2_bearing_holdout,K002,S3_units,20,2.0,12,0.65
R2_bearing_holdout,K002,S3_units,20,2.0,13,0.0
R2_bearing_holdout,K002,S3_units,20,2.0,14,0.05
R2_bearing_holdout,K002,S3_units,20,2.0,15,0.7
R2_bearing_holdout,K002,S3_units,20,2.0,16,0.1
R2_bearing_holdout,K002,S3_units,20,2.0,17,0.75
R2_bearing_holdout,K002,S3_units,20,2.0,18,0.7
R2_bearing_holdout,K002,S3_units,20,2.0,19,1.0
R2_bearing_holdout,K002,S3_units,20,2.0,20,0.9
R2_bearing_holdout,K002,S3_units,20,2.0,21,0.0
R2_bearing_holdout,K002,S3_units,20,2.0,22,0.9
R2_bearing_holdout,K002,S3_units,20,2.0,23,1.0
R2_bearing_holdout,K002,S3_units,20,2.0,24,0.95
R2_bearing_holdout,K002,S3_units,20,2.0,25,0.8
R2_bearing_holdout,K002,S3_units,20,2.0,26,1.0
R2_bearing_holdout,K002,S3_units,20,2.0,27,0.85
R2_bearing_holdout,K002,S3_units,20,2.0,28,0.95
R2_bearing_holdout,K002,S3_units,20,2.0,29,0.15
R2_bearing_holdout,K002,S3_units,20,2.0,30,0.7
R2_bearing_holdout,K002,S3_units,20,2.0,31,0.95
R2_bearing_holdout,K002,S3_units,20,2.0,32,0.65
R2_bearing_holdout,K002,S3_units,20,2.0,33,1.0
R2_bearing_holdout,K002,S3_units,20,2.0,34,0.95
R2_bearing_holdout,K002,S3_units,20,2.0,35,0.65
R2_bearing_holdout,K002,S3_units,20,2.0,36,0.2
R2_bearing_holdout,K002,S3_units,20,2.0,37,0.0
R2_bearing_holdout,K002,S3_units,20,2.0,38,0.75
R2_bearing_holdout,K002,S3_units,20,2.0,39,0.75
R2_bearing_holdout,K002,S3_units,20,2.0,40,0.0
R2_bearing_holdout,K002,S3_units,20,2.0,41,1.0
R2_bearing_holdout,K002,S3_units,20,2.0,42,0.0
R2_bearing_holdout,K002,S3_units,20,2.0,43,0.9
R2_bearing_holdout,K002,S3_units,20,2.0,44,0.9
R2_bearing_holdout,K002,S3_units,20,2.0,45,0.9
R2_bearing_holdout,K002,S3_units,20,2.0,46,0.85
R2_bearing_holdout,K002,S3_units,20,2.0,47,0.0
R2_bearing_holdout,K002,S3_units,20,2.0,48,0.25
R2_bearing_holdout,K002,S3_units,20,2.0,49,1.0
R2_bearing_holdout,K002,S3_units,20,2.0,50,1.0
R2_bearing_holdout,K002,S3_units,20,2.0,51,0.25
R2_bearing_holdout,K002,S3_units,20,2.0,52,1.0
R2_bearing_holdout,K002,S3_units,20,2.0,53,0.85
R2_bearing_holdout,K002,S3_units,20,2.0,54,0.95
R2_bearing_holdout,K002,S3_units,20,2.0,55,1.0
R2_bearing_holdout,K002,S3_units,20,2.0,56,0.8
R2_bearing_holdout,K002,S3_units,20,2.0,57,0.0
R2_bearing_holdout,K002,S3_units,20,2.0,58,0.75
R2_bearing_holdout,K002,S3_units,20,2.0,59,0.9
R2_bearing_holdout,K002,S3_units,20,2.0,60,1.0
R2_bearing_holdout,K002,S3_units,20,2.0,61,0.15
R2_bearing_holdout,K002,S3_units,20,2.0,62,0.85
R2_bearing_holdout,K002,S3_units,20,2.0,63,1.0
R2_bearing_holdout,K002,S3_units,20,2.0,64,0.75
R2_bearing_holdout,K002,S3_units,20,2.0,65,0.2
R2_bearing_holdout,K002,S3_units,20,2.0,66,0.0
R2_bearing_holdout,K002,S3_units,20,2.0,67,0.9
R2_bearing_holdout,K002,S3_units,20,2.0,68,0.8
R2_bearing_holdout,K002,S3_units,20,2.0,69,0.9
R2_bearing_holdout,K002,S3_units,20,2.0,70,0.05
R2_bearing_holdout,K002,S3_units,20,2.0,71,0.8
R2_bearing_holdout,K002,S3_units,20,2.0,72,0.0
R2_bearing_holdout,K002,S3_units,20,2.0,73,0.0
R2_bearing_holdout,K002,S3_units,20,2.0,74,0.0
R2_bearing_holdout,K002,S3_units,20,2.0,75,0.6
R2_bearing_holdout,K002,S3_units,20,2.0,76,0.0
R2_bearing_holdout,K002,S3_units,20,2.0,77,0.9
R2_bearing_holdout,K002,S3_units,20,2.0,78,0.0
R2_bearing_holdout,K002,S3_units,20,2.0,79,1.0
R2_bearing_holdout,K002,S3_units,20,2.0,80,0.85
R2_bearing_holdout,K002,S3_units,20,2.0,81,0.85
R2_bearing_holdout,K002,S3_units,20,2.0,82,0.1
R2_bearing_holdout,K002,S3_units,20,2.0,83,0.85
R2_bearing_holdout,K002,S3_units,20,2.0,84,0.05
R2_bearing_holdout,K002,S3_units,20,2.0,85,0.7
R2_bearing_holdout,K002,S3_units,20,2.0,86,0.75
R2_bearing_holdout,K002,S3_units,20,2.0,87,0.35
R2_bearing_holdout,K002,S3_units,20,2.0,88,0.4
R2_bearing_holdout,K002,S3_units,20,2.0,89,1.0
R2_bearing_holdout,K002,S3_units,20,2.0,90,0.85
R2_bearing_holdout,K002,S3_units,20,2.0,91,0.3
R2_bearing_holdout,K002,S3_units,20,2.0,92,0.75
R2_bearing_holdout,K002,S3_units,20,2.0,93,1.0
R2_bearing_holdout,K002,S3_units,20,2.0,94,0.85
R2_bearing_holdout,K002,S3_units,20,2.0,95,0.9
R2_bearing_holdout,K002,S3_units,20,2.0,96,0.7
R2_bearing_holdout,K002,S3_units,20,2.0,97,0.05
R2_bearing_holdout,K002,S3_units,20,2.0,98,1.0
R2_bearing_holdout,K002,S3_units,20,2.0,99,1.0
R2_bearing_holdout,K002,S3_units,20,3.0,0,0.0
R2_bearing_holdout,K002,S3_units,20,3.0,1,0.0
R2_bearing_holdout,K002,S3_units,20,3.0,2,0.0
R2_bearing_holdout,K002,S3_units,20,3.0,3,0.0
R2_bearing_holdout,K002,S3_units,20,3.0,4,0.0
R2_bearing_holdout,K002,S3_units,20,3.0,5,0.7
R2_bearing_holdout,K002,S3_units,20,3.0,6,0.0
R2_bearing_holdout,K002,S3_units,20,3.0,7,0.0
R2_bearing_holdout,K002,S3_units,20,3.0,8,0.0
R2_bearing_holdout,K002,S3_units,20,3.0,9,0.0
R2_bearing_holdout,K002,S3_units,20,3.0,10,0.0
R2_bearing_holdout,K002,S3_units,20,3.0,11,0.0
R2_bearing_holdout,K002,S3_units,20,3.0,12,0.7
R2_bearing_holdout,K002,S3_units,20,3.0,13,0.0
R2_bearing_holdout,K002,S3_units,20,3.0,14,0.0
R2_bearing_holdout,K002,S3_units,20,3.0,15,0.0
R2_bearing_holdout,K002,S3_units,20,3.0,16,0.0
R2_bearing_holdout,K002,S3_units,20,3.0,17,0.15
R2_bearing_holdout,K002,S3_units,20,3.0,18,0.0
R2_bearing_holdout,K002,S3_units,20,3.0,19,0.0
R2_bearing_holdout,K002,S3_units,20,3.0,20,0.0
R2_bearing_holdout,K002,S3_units,20,3.0,21,0.0
R2_bearing_holdout,K002,S3_units,20,3.0,22,0.0
R2_bearing_holdout,K002,S3_units,20,3.0,23,0.0
R2_bearing_holdout,K002,S3_units,20,3.0,24,0.85
R2_bearing_holdout,K002,S3_units,20,3.0,25,0.05
R2_bearing_holdout,K002,S3_units,20,3.0,26,0.0
R2_bearing_holdout,K002,S3_units,20,3.0,27,0.0
R2_bearing_holdout,K002,S3_units,20,3.0,28,0.0
R2_bearing_holdout,K002,S3_units,20,3.0,29,0.0
R2_bearing_holdout,K002,S3_units,20,3.0,30,0.75
R2_bearing_holdout,K002,S3_units,20,3.0,31,0.0
R2_bearing_holdout,K002,S3_units,20,3.0,32,0.0
R2_bearing_holdout,K002,S3_units,20,3.0,33,0.0
R2_bearing_holdout,K002,S3_units,20,3.0,34,0.75
R2_bearing_holdout,K002,S3_units,20,3.0,35,0.0
R2_bearing_holdout,K002,S3_units,20,3.0,36,0.0
R2_bearing_holdout,K002,S3_units,20,3.0,37,0.0
R2_bearing_holdout,K002,S3_units,20,3.0,38,0.0
R2_bearing_holdout,K002,S3_units,20,3.0,39,0.4
R2_bearing_holdout,K002,S3_units,20,3.0,40,0.0
R2_bearing_holdout,K002,S3_units,20,3.0,41,0.35
R2_bearing_holdout,K002,S3_units,20,3.0,42,0.0
R2_bearing_holdout,K002,S3_units,20,3.0,43,0.0
R2_bearing_holdout,K002,S3_units,20,3.0,44,0.0
R2_bearing_holdout,K002,S3_units,20,3.0,45,0.0
R2_bearing_holdout,K002,S3_units,20,3.0,46,0.0
R2_bearing_holdout,K002,S3_units,20,3.0,47,0.0
R2_bearing_holdout,K002,S3_units,20,3.0,48,0.0
R2_bearing_holdout,K002,S3_units,20,3.0,49,0.0
R2_bearing_holdout,K002,S3_units,20,3.0,50,0.0
R2_bearing_holdout,K002,S3_units,20,3.0,51,0.0
R2_bearing_holdout,K002,S3_units,20,3.0,52,0.0
R2_bearing_holdout,K002,S3_units,20,3.0,53,0.75
R2_bearing_holdout,K002,S3_units,20,3.0,54,0.1
R2_bearing_holdout,K002,S3_units,20,3.0,55,0.0
R2_bearing_holdout,K002,S3_units,20,3.0,56,0.0
R2_bearing_holdout,K002,S3_units,20,3.0,57,0.0
R2_bearing_holdout,K002,S3_units,20,3.0,58,0.0
R2_bearing_holdout,K002,S3_units,20,3.0,59,0.0
R2_bearing_holdout,K002,S3_units,20,3.0,60,0.0
R2_bearing_holdout,K002,S3_units,20,3.0,61,0.0
R2_bearing_holdout,K002,S3_units,20,3.0,62,0.0
R2_bearing_holdout,K002,S3_units,20,3.0,63,0.0
R2_bearing_holdout,K002,S3_units,20,3.0,64,0.05
R2_bearing_holdout,K002,S3_units,20,3.0,65,0.0
R2_bearing_holdout,K002,S3_units,20,3.0,66,0.0
R2_bearing_holdout,K002,S3_units,20,3.0,67,0.0
R2_bearing_holdout,K002,S3_units,20,3.0,68,0.0
R2_bearing_holdout,K002,S3_units,20,3.0,69,0.0
R2_bearing_holdout,K002,S3_units,20,3.0,70,0.0
R2_bearing_holdout,K002,S3_units,20,3.0,71,0.0
R2_bearing_holdout,K002,S3_units,20,3.0,72,0.0
R2_bearing_holdout,K002,S3_units,20,3.0,73,0.0
R2_bearing_holdout,K002,S3_units,20,3.0,74,0.0
R2_bearing_holdout,K002,S3_units,20,3.0,75,0.0
R2_bearing_holdout,K002,S3_units,20,3.0,76,0.0
R2_bearing_holdout,K002,S3_units,20,3.0,77,0.0
R2_bearing_holdout,K002,S3_units,20,3.0,78,0.0
R2_bearing_holdout,K002,S3_units,20,3.0,79,0.0
R2_bearing_holdout,K002,S3_units,20,3.0,80,0.4
R2_bearing_holdout,K002,S3_units,20,3.0,81,0.0
R2_bearing_holdout,K002,S3_units,20,3.0,82,0.7
R2_bearing_holdout,K002,S3_units,20,3.0,83,0.0
R2_bearing_holdout,K002,S3_units,20,3.0,84,0.0
R2_bearing_holdout,K002,S3_units,20,3.0,85,0.0
R2_bearing_holdout,K002,S3_units,20,3.0,86,0.0
R2_bearing_holdout,K002,S3_units,20,3.0,87,0.05
R2_bearing_holdout,K002,S3_units,20,3.0,88,0.7
R2_bearing_holdout,K002,S3_units,20,3.0,89,0.0
R2_bearing_holdout,K002,S3_units,20,3.0,90,0.0
R2_bearing_holdout,K002,S3_units,20,3.0,91,0.7
R2_bearing_holdout,K002,S3_units,20,3.0,92,0.0
R2_bearing_holdout,K002,S3_units,20,3.0,93,0.05
R2_bearing_holdout,K002,S3_units,20,3.0,94,0.0
R2_bearing_holdout,K002,S3_units,20,3.0,95,0.0
R2_bearing_holdout,K002,S3_units,20,3.0,96,0.7
R2_bearing_holdout,K002,S3_units,20,3.0,97,0.0
R2_bearing_holdout,K002,S3_units,20,3.0,98,0.0
R2_bearing_holdout,K002,S3_units,20,3.0,99,0.0
R2_bearing_holdout,K002,S3_units,20,4.0,0,0.0
R2_bearing_holdout,K002,S3_units,20,4.0,1,0.75
R2_bearing_holdout,K002,S3_units,20,4.0,2,0.0
R2_bearing_holdout,K002,S3_units,20,4.0,3,0.0
R2_bearing_holdout,K002,S3_units,20,4.0,4,0.65
R2_bearing_holdout,K002,S3_units,20,4.0,5,0.55
R2_bearing_holdout,K002,S3_units,20,4.0,6,0.0
R2_bearing_holdout,K002,S3_units,20,4.0,7,0.7
R2_bearing_holdout,K002,S3_units,20,4.0,8,0.45
R2_bearing_holdout,K002,S3_units,20,4.0,9,0.5
R2_bearing_holdout,K002,S3_units,20,4.0,10,0.0
R2_bearing_holdout,K002,S3_units,20,4.0,11,0.0
R2_bearing_holdout,K002,S3_units,20,4.0,12,0.85
R2_bearing_holdout,K002,S3_units,20,4.0,13,0.0
R2_bearing_holdout,K002,S3_units,20,4.0,14,0.0
R2_bearing_holdout,K002,S3_units,20,4.0,15,0.0
R2_bearing_holdout,K002,S3_units,20,4.0,16,0.9
R2_bearing_holdout,K002,S3_units,20,4.0,17,0.05
R2_bearing_holdout,K002,S3_units,20,4.0,18,0.7
R2_bearing_holdout,K002,S3_units,20,4.0,19,0.0
R2_bearing_holdout,K002,S3_units,20,4.0,20,0.8
R2_bearing_holdout,K002,S3_units,20,4.0,21,0.0
R2_bearing_holdout,K002,S3_units,20,4.0,22,0.0
R2_bearing_holdout,K002,S3_units,20,4.0,23,0.0
R2_bearing_holdout,K002,S3_units,20,4.0,24,0.6
R2_bearing_holdout,K002,S3_units,20,4.0,25,0.65
R2_bearing_holdout,K002,S3_units,20,4.0,26,0.2
R2_bearing_holdout,K002,S3_units,20,4.0,27,0.8
R2_bearing_holdout,K002,S3_units,20,4.0,28,0.0
R2_bearing_holdout,K002,S3_units,20,4.0,29,1.0
R2_bearing_holdout,K002,S3_units,20,4.0,30,0.15
R2_bearing_holdout,K002,S3_units,20,4.0,31,0.0
R2_bearing_holdout,K002,S3_units,20,4.0,32,0.0
R2_bearing_holdout,K002,S3_units,20,4.0,33,0.25
R2_bearing_holdout,K002,S3_units,20,4.0,34,0.65
R2_bearing_holdout,K002,S3_units,20,4.0,35,0.0
R2_bearing_holdout,K002,S3_units,20,4.0,36,0.0
R2_bearing_holdout,K002,S3_units,20,4.0,37,0.15
R2_bearing_holdout,K002,S3_units,20,4.0,38,0.0
R2_bearing_holdout,K002,S3_units,20,4.0,39,0.0
R2_bearing_holdout,K002,S3_units,20,4.0,40,0.0
R2_bearing_holdout,K002,S3_units,20,4.0,41,0.0
R2_bearing_holdout,K002,S3_units,20,4.0,42,0.0
R2_bearing_holdout,K002,S3_units,20,4.0,43,0.0
R2_bearing_holdout,K002,S3_units,20,4.0,44,0.0
R2_bearing_holdout,K002,S3_units,20,4.0,45,0.0
R2_bearing_holdout,K002,S3_units,20,4.0,46,0.0
R2_bearing_holdout,K002,S3_units,20,4.0,47,0.0
R2_bearing_holdout,K002,S3_units,20,4.0,48,0.0
R2_bearing_holdout,K002,S3_units,20,4.0,49,0.65
R2_bearing_holdout,K002,S3_units,20,4.0,50,0.05
R2_bearing_holdout,K002,S3_units,20,4.0,51,0.0
R2_bearing_holdout,K002,S3_units,20,4.0,52,0.8
R2_bearing_holdout,K002,S3_units,20,4.0,53,0.0
R2_bearing_holdout,K002,S3_units,20,4.0,54,0.05
R2_bearing_holdout,K002,S3_units,20,4.0,55,0.0
R2_bearing_holdout,K002,S3_units,20,4.0,56,0.0
R2_bearing_holdout,K002,S3_units,20,4.0,57,0.0
R2_bearing_holdout,K002,S3_units,20,4.0,58,0.0
R2_bearing_holdout,K002,S3_units,20,4.0,59,0.75
R2_bearing_holdout,K002,S3_units,20,4.0,60,0.8
R2_bearing_holdout,K002,S3_units,20,4.0,61,0.05
R2_bearing_holdout,K002,S3_units,20,4.0,62,0.4
R2_bearing_holdout,K002,S3_units,20,4.0,63,0.75
R2_bearing_holdout,K002,S3_units,20,4.0,64,0.85
R2_bearing_holdout,K002,S3_units,20,4.0,65,0.85
R2_bearing_holdout,K002,S3_units,20,4.0,66,0.8
R2_bearing_holdout,K002,S3_units,20,4.0,67,0.0
R2_bearing_holdout,K002,S3_units,20,4.0,68,0.0
R2_bearing_holdout,K002,S3_units,20,4.0,69,0.0
R2_bearing_holdout,K002,S3_units,20,4.0,70,0.0
R2_bearing_holdout,K002,S3_units,20,4.0,71,0.0
R2_bearing_holdout,K002,S3_units,20,4.0,72,0.0
R2_bearing_holdout,K002,S3_units,20,4.0,73,0.0
R2_bearing_holdout,K002,S3_units,20,4.0,74,0.25
R2_bearing_holdout,K002,S3_units,20,4.0,75,0.05
R2_bearing_holdout,K002,S3_units,20,4.0,76,0.45
R2_bearing_holdout,K002,S3_units,20,4.0,77,0.35
R2_bearing_holdout,K002,S3_units,20,4.0,78,0.3
R2_bearing_holdout,K002,S3_units,20,4.0,79,0.55
R2_bearing_holdout,K002,S3_units,20,4.0,80,0.15
R2_bearing_holdout,K002,S3_units,20,4.0,81,0.0
R2_bearing_holdout,K002,S3_units,20,4.0,82,0.0
R2_bearing_holdout,K002,S3_units,20,4.0,83,0.15
R2_bearing_holdout,K002,S3_units,20,4.0,84,0.0
R2_bearing_holdout,K002,S3_units,20,4.0,85,0.75
R2_bearing_holdout,K002,S3_units,20,4.0,86,0.8
R2_bearing_holdout,K002,S3_units,20,4.0,87,0.3
R2_bearing_holdout,K002,S3_units,20,4.0,88,0.7
R2_bearing_holdout,K002,S3_units,20,4.0,89,0.0
R2_bearing_holdout,K002,S3_units,20,4.0,90,0.0
R2_bearing_holdout,K002,S3_units,20,4.0,91,0.0
R2_bearing_holdout,K002,S3_units,20,4.0,92,0.25
R2_bearing_holdout,K002,S3_units,20,4.0,93,0.0
R2_bearing_holdout,K002,S3_units,20,4.0,94,0.0
R2_bearing_holdout,K002,S3_units,20,4.0,95,0.8
R2_bearing_holdout,K002,S3_units,20,4.0,96,0.0
R2_bearing_holdout,K002,S3_units,20,4.0,97,0.0
R2_bearing_holdout,K002,S3_units,20,4.0,98,0.0
R2_bearing_holdout,K002,S3_units,20,4.0,99,0.05
R2_bearing_holdout,K002,S3_units,20,5.0,0,0.0
R2_bearing_holdout,K002,S3_units,20,5.0,1,0.0
R2_bearing_holdout,K002,S3_units,20,5.0,2,0.0
R2_bearing_holdout,K002,S3_units,20,5.0,3,0.15
R2_bearing_holdout,K002,S3_units,20,5.0,4,0.0
R2_bearing_holdout,K002,S3_units,20,5.0,5,0.0
R2_bearing_holdout,K002,S3_units,20,5.0,6,0.0
R2_bearing_holdout,K002,S3_units,20,5.0,7,0.0
R2_bearing_holdout,K002,S3_units,20,5.0,8,0.0
R2_bearing_holdout,K002,S3_units,20,5.0,9,0.7
R2_bearing_holdout,K002,S3_units,20,5.0,10,0.0
R2_bearing_holdout,K002,S3_units,20,5.0,11,0.0
R2_bearing_holdout,K002,S3_units,20,5.0,12,0.0
R2_bearing_holdout,K002,S3_units,20,5.0,13,0.0
R2_bearing_holdout,K002,S3_units,20,5.0,14,0.3
R2_bearing_holdout,K002,S3_units,20,5.0,15,0.0
R2_bearing_holdout,K002,S3_units,20,5.0,16,0.0
R2_bearing_holdout,K002,S3_units,20,5.0,17,0.0
R2_bearing_holdout,K002,S3_units,20,5.0,18,0.0
R2_bearing_holdout,K002,S3_units,20,5.0,19,0.0
R2_bearing_holdout,K002,S3_units,20,5.0,20,0.35
R2_bearing_holdout,K002,S3_units,20,5.0,21,0.0
R2_bearing_holdout,K002,S3_units,20,5.0,22,0.0
R2_bearing_holdout,K002,S3_units,20,5.0,23,0.25
R2_bearing_holdout,K002,S3_units,20,5.0,24,0.0
R2_bearing_holdout,K002,S3_units,20,5.0,25,0.0
R2_bearing_holdout,K002,S3_units,20,5.0,26,0.0
R2_bearing_holdout,K002,S3_units,20,5.0,27,0.0
R2_bearing_holdout,K002,S3_units,20,5.0,28,0.0
R2_bearing_holdout,K002,S3_units,20,5.0,29,0.1
R2_bearing_holdout,K002,S3_units,20,5.0,30,0.0
R2_bearing_holdout,K002,S3_units,20,5.0,31,0.0
R2_bearing_holdout,K002,S3_units,20,5.0,32,0.1
R2_bearing_holdout,K002,S3_units,20,5.0,33,0.05
R2_bearing_holdout,K002,S3_units,20,5.0,34,0.0
R2_bearing_holdout,K002,S3_units,20,5.0,35,0.15
R2_bearing_holdout,K002,S3_units,20,5.0,36,0.2
R2_bearing_holdout,K002,S3_units,20,5.0,37,0.0
R2_bearing_holdout,K002,S3_units,20,5.0,38,0.0
R2_bearing_holdout,K002,S3_units,20,5.0,39,0.0
R2_bearing_holdout,K002,S3_units,20,5.0,40,0.0
R2_bearing_holdout,K002,S3_units,20,5.0,41,0.0
R2_bearing_holdout,K002,S3_units,20,5.0,42,0.15
R2_bearing_holdout,K002,S3_units,20,5.0,43,0.05
R2_bearing_holdout,K002,S3_units,20,5.0,44,0.0
R2_bearing_holdout,K002,S3_units,20,5.0,45,0.0
R2_bearing_holdout,K002,S3_units,20,5.0,46,0.0
R2_bearing_holdout,K002,S3_units,20,5.0,47,0.0
R2_bearing_holdout,K002,S3_units,20,5.0,48,0.15
R2_bearing_holdout,K002,S3_units,20,5.0,49,0.0
R2_bearing_holdout,K002,S3_units,20,5.0,50,0.0
R2_bearing_holdout,K002,S3_units,20,5.0,51,0.0
R2_bearing_holdout,K002,S3_units,20,5.0,52,0.0
R2_bearing_holdout,K002,S3_units,20,5.0,53,0.0
R2_bearing_holdout,K002,S3_units,20,5.0,54,0.0
R2_bearing_holdout,K002,S3_units,20,5.0,55,0.0
R2_bearing_holdout,K002,S3_units,20,5.0,56,0.0
R2_bearing_holdout,K002,S3_units,20,5.0,57,0.0
R2_bearing_holdout,K002,S3_units,20,5.0,58,0.0
R2_bearing_holdout,K002,S3_units,20,5.0,59,0.0
R2_bearing_holdout,K002,S3_units,20,5.0,60,0.0
R2_bearing_holdout,K002,S3_units,20,5.0,61,0.0
R2_bearing_holdout,K002,S3_units,20,5.0,62,0.0
R2_bearing_holdout,K002,S3_units,20,5.0,63,0.0
R2_bearing_holdout,K002,S3_units,20,5.0,64,0.0
R2_bearing_holdout,K002,S3_units,20,5.0,65,0.0
R2_bearing_holdout,K002,S3_units,20,5.0,66,0.0
R2_bearing_holdout,K002,S3_units,20,5.0,67,0.0
R2_bearing_holdout,K002,S3_units,20,5.0,68,0.0
R2_bearing_holdout,K002,S3_units,20,5.0,69,0.0
R2_bearing_holdout,K002,S3_units,20,5.0,70,0.1
R2_bearing_holdout,K002,S3_units,20,5.0,71,0.15
R2_bearing_holdout,K002,S3_units,20,5.0,72,0.0
R2_bearing_holdout,K002,S3_units,20,5.0,73,0.0
R2_bearing_holdout,K002,S3_units,20,5.0,74,0.0
R2_bearing_holdout,K002,S3_units,20,5.0,75,0.0
R2_bearing_holdout,K002,S3_units,20,5.0,76,0.0
R2_bearing_holdout,K002,S3_units,20,5.0,77,0.0
R2_bearing_holdout,K002,S3_units,20,5.0,78,0.0
R2_bearing_holdout,K002,S3_units,20,5.0,79,0.0
R2_bearing_holdout,K002,S3_units,20,5.0,80,0.0
R2_bearing_holdout,K002,S3_units,20,5.0,81,0.0
R2_bearing_holdout,K002,S3_units,20,5.0,82,0.0
R2_bearing_holdout,K002,S3_units,20,5.0,83,0.0
R2_bearing_holdout,K002,S3_units,20,5.0,84,0.0
R2_bearing_holdout,K002,S3_units,20,5.0,85,0.0
R2_bearing_holdout,K002,S3_units,20,5.0,86,0.1
R2_bearing_holdout,K002,S3_units,20,5.0,87,0.0
R2_bearing_holdout,K002,S3_units,20,5.0,88,0.0
R2_bearing_holdout,K002,S3_units,20,5.0,89,0.0
R2_bearing_holdout,K002,S3_units,20,5.0,90,0.0
R2_bearing_holdout,K002,S3_units,20,5.0,91,0.0
R2_bearing_holdout,K002,S3_units,20,5.0,92,0.0
R2_bearing_holdout,K002,S3_units,20,5.0,93,0.0
R2_bearing_holdout,K002,S3_units,20,5.0,94,0.0
R2_bearing_holdout,K002,S3_units,20,5.0,95,0.0
R2_bearing_holdout,K002,S3_units,20,5.0,96,0.0
R2_bearing_holdout,K002,S3_units,20,5.0,97,0.0
R2_bearing_holdout,K002,S3_units,20,5.0,98,0.05
R2_bearing_holdout,K002,S3_units,20,5.0,99,0.0
R2_bearing_holdout,K003,S1_resample,10,,0,1.0
R2_bearing_holdout,K003,S1_resample,10,,1,1.0
R2_bearing_holdout,K003,S1_resample,10,,2,1.0
R2_bearing_holdout,K003,S1_resample,10,,3,0.8
R2_bearing_holdout,K003,S1_resample,10,,4,1.0
R2_bearing_holdout,K003,S1_resample,10,,5,0.75
R2_bearing_holdout,K003,S1_resample,10,,6,0.35
R2_bearing_holdout,K003,S1_resample,10,,7,1.0
R2_bearing_holdout,K003,S1_resample,10,,8,1.0
R2_bearing_holdout,K003,S1_resample,10,,9,1.0
R2_bearing_holdout,K003,S1_resample,10,,10,1.0
R2_bearing_holdout,K003,S1_resample,10,,11,1.0
R2_bearing_holdout,K003,S1_resample,10,,12,1.0
R2_bearing_holdout,K003,S1_resample,10,,13,1.0
R2_bearing_holdout,K003,S1_resample,10,,14,0.0
R2_bearing_holdout,K003,S1_resample,10,,15,1.0
R2_bearing_holdout,K003,S1_resample,10,,16,1.0
R2_bearing_holdout,K003,S1_resample,10,,17,0.95
R2_bearing_holdout,K003,S1_resample,10,,18,1.0
R2_bearing_holdout,K003,S1_resample,10,,19,1.0
R2_bearing_holdout,K003,S1_resample,10,,20,1.0
R2_bearing_holdout,K003,S1_resample,10,,21,1.0
R2_bearing_holdout,K003,S1_resample,10,,22,1.0
R2_bearing_holdout,K003,S1_resample,10,,23,1.0
R2_bearing_holdout,K003,S1_resample,10,,24,1.0
R2_bearing_holdout,K003,S1_resample,10,,25,0.8
R2_bearing_holdout,K003,S1_resample,10,,26,1.0
R2_bearing_holdout,K003,S1_resample,10,,27,1.0
R2_bearing_holdout,K003,S1_resample,10,,28,1.0
R2_bearing_holdout,K003,S1_resample,10,,29,1.0
R2_bearing_holdout,K003,S1_resample,10,,30,0.3
R2_bearing_holdout,K003,S1_resample,10,,31,0.9
R2_bearing_holdout,K003,S1_resample,10,,32,1.0
R2_bearing_holdout,K003,S1_resample,10,,33,1.0
R2_bearing_holdout,K003,S1_resample,10,,34,0.8
R2_bearing_holdout,K003,S1_resample,10,,35,0.05
R2_bearing_holdout,K003,S1_resample,10,,36,1.0
R2_bearing_holdout,K003,S1_resample,10,,37,1.0
R2_bearing_holdout,K003,S1_resample,10,,38,1.0
R2_bearing_holdout,K003,S1_resample,10,,39,0.95
R2_bearing_holdout,K003,S1_resample,10,,40,0.85
R2_bearing_holdout,K003,S1_resample,10,,41,1.0
R2_bearing_holdout,K003,S1_resample,10,,42,1.0
R2_bearing_holdout,K003,S1_resample,10,,43,0.8
R2_bearing_holdout,K003,S1_resample,10,,44,1.0
R2_bearing_holdout,K003,S1_resample,10,,45,1.0
R2_bearing_holdout,K003,S1_resample,10,,46,1.0
R2_bearing_holdout,K003,S1_resample,10,,47,1.0
R2_bearing_holdout,K003,S1_resample,10,,48,1.0
R2_bearing_holdout,K003,S1_resample,10,,49,1.0
R2_bearing_holdout,K003,S1_resample,10,,50,1.0
R2_bearing_holdout,K003,S1_resample,10,,51,1.0
R2_bearing_holdout,K003,S1_resample,10,,52,0.8
R2_bearing_holdout,K003,S1_resample,10,,53,1.0
R2_bearing_holdout,K003,S1_resample,10,,54,1.0
R2_bearing_holdout,K003,S1_resample,10,,55,1.0
R2_bearing_holdout,K003,S1_resample,10,,56,1.0
R2_bearing_holdout,K003,S1_resample,10,,57,1.0
R2_bearing_holdout,K003,S1_resample,10,,58,0.8
R2_bearing_holdout,K003,S1_resample,10,,59,1.0
R2_bearing_holdout,K003,S1_resample,10,,60,0.85
R2_bearing_holdout,K003,S1_resample,10,,61,0.85
R2_bearing_holdout,K003,S1_resample,10,,62,1.0
R2_bearing_holdout,K003,S1_resample,10,,63,1.0
R2_bearing_holdout,K003,S1_resample,10,,64,0.8
R2_bearing_holdout,K003,S1_resample,10,,65,1.0
R2_bearing_holdout,K003,S1_resample,10,,66,0.0
R2_bearing_holdout,K003,S1_resample,10,,67,1.0
R2_bearing_holdout,K003,S1_resample,10,,68,1.0
R2_bearing_holdout,K003,S1_resample,10,,69,1.0
R2_bearing_holdout,K003,S1_resample,10,,70,0.6
R2_bearing_holdout,K003,S1_resample,10,,71,1.0
R2_bearing_holdout,K003,S1_resample,10,,72,0.7
R2_bearing_holdout,K003,S1_resample,10,,73,1.0
R2_bearing_holdout,K003,S1_resample,10,,74,0.9
R2_bearing_holdout,K003,S1_resample,10,,75,1.0
R2_bearing_holdout,K003,S1_resample,10,,76,1.0
R2_bearing_holdout,K003,S1_resample,10,,77,0.65
R2_bearing_holdout,K003,S1_resample,10,,78,0.7
R2_bearing_holdout,K003,S1_resample,10,,79,0.8
R2_bearing_holdout,K003,S1_resample,10,,80,0.0
R2_bearing_holdout,K003,S1_resample,10,,81,0.8
R2_bearing_holdout,K003,S1_resample,10,,82,1.0
R2_bearing_holdout,K003,S1_resample,10,,83,1.0
R2_bearing_holdout,K003,S1_resample,10,,84,0.6
R2_bearing_holdout,K003,S1_resample,10,,85,1.0
R2_bearing_holdout,K003,S1_resample,10,,86,1.0
R2_bearing_holdout,K003,S1_resample,10,,87,1.0
R2_bearing_holdout,K003,S1_resample,10,,88,0.95
R2_bearing_holdout,K003,S1_resample,10,,89,0.75
R2_bearing_holdout,K003,S1_resample,10,,90,0.95
R2_bearing_holdout,K003,S1_resample,10,,91,1.0
R2_bearing_holdout,K003,S1_resample,10,,92,1.0
R2_bearing_holdout,K003,S1_resample,10,,93,0.95
R2_bearing_holdout,K003,S1_resample,10,,94,1.0
R2_bearing_holdout,K003,S1_resample,10,,95,0.85
R2_bearing_holdout,K003,S1_resample,10,,96,1.0
R2_bearing_holdout,K003,S1_resample,10,,97,1.0
R2_bearing_holdout,K003,S1_resample,10,,98,1.0
R2_bearing_holdout,K003,S1_resample,10,,99,1.0
R2_bearing_holdout,K003,S1_resample,20,,0,1.0
R2_bearing_holdout,K003,S1_resample,20,,1,1.0
R2_bearing_holdout,K003,S1_resample,20,,2,0.95
R2_bearing_holdout,K003,S1_resample,20,,3,1.0
R2_bearing_holdout,K003,S1_resample,20,,4,0.6
R2_bearing_holdout,K003,S1_resample,20,,5,1.0
R2_bearing_holdout,K003,S1_resample,20,,6,1.0
R2_bearing_holdout,K003,S1_resample,20,,7,1.0
R2_bearing_holdout,K003,S1_resample,20,,8,1.0
R2_bearing_holdout,K003,S1_resample,20,,9,1.0
R2_bearing_holdout,K003,S1_resample,20,,10,1.0
R2_bearing_holdout,K003,S1_resample,20,,11,1.0
R2_bearing_holdout,K003,S1_resample,20,,12,1.0
R2_bearing_holdout,K003,S1_resample,20,,13,1.0
R2_bearing_holdout,K003,S1_resample,20,,14,1.0
R2_bearing_holdout,K003,S1_resample,20,,15,1.0
R2_bearing_holdout,K003,S1_resample,20,,16,0.0
R2_bearing_holdout,K003,S1_resample,20,,17,1.0
R2_bearing_holdout,K003,S1_resample,20,,18,1.0
R2_bearing_holdout,K003,S1_resample,20,,19,1.0
R2_bearing_holdout,K003,S1_resample,20,,20,1.0
R2_bearing_holdout,K003,S1_resample,20,,21,1.0
R2_bearing_holdout,K003,S1_resample,20,,22,1.0
R2_bearing_holdout,K003,S1_resample,20,,23,1.0
R2_bearing_holdout,K003,S1_resample,20,,24,0.75
R2_bearing_holdout,K003,S1_resample,20,,25,1.0
R2_bearing_holdout,K003,S1_resample,20,,26,1.0
R2_bearing_holdout,K003,S1_resample,20,,27,0.85
R2_bearing_holdout,K003,S1_resample,20,,28,1.0
R2_bearing_holdout,K003,S1_resample,20,,29,1.0
R2_bearing_holdout,K003,S1_resample,20,,30,1.0
R2_bearing_holdout,K003,S1_resample,20,,31,1.0
R2_bearing_holdout,K003,S1_resample,20,,32,1.0
R2_bearing_holdout,K003,S1_resample,20,,33,1.0
R2_bearing_holdout,K003,S1_resample,20,,34,1.0
R2_bearing_holdout,K003,S1_resample,20,,35,1.0
R2_bearing_holdout,K003,S1_resample,20,,36,1.0
R2_bearing_holdout,K003,S1_resample,20,,37,1.0
R2_bearing_holdout,K003,S1_resample,20,,38,0.9
R2_bearing_holdout,K003,S1_resample,20,,39,1.0
R2_bearing_holdout,K003,S1_resample,20,,40,1.0
R2_bearing_holdout,K003,S1_resample,20,,41,0.9
R2_bearing_holdout,K003,S1_resample,20,,42,1.0
R2_bearing_holdout,K003,S1_resample,20,,43,1.0
R2_bearing_holdout,K003,S1_resample,20,,44,1.0
R2_bearing_holdout,K003,S1_resample,20,,45,1.0
R2_bearing_holdout,K003,S1_resample,20,,46,1.0
R2_bearing_holdout,K003,S1_resample,20,,47,1.0
R2_bearing_holdout,K003,S1_resample,20,,48,1.0
R2_bearing_holdout,K003,S1_resample,20,,49,1.0
R2_bearing_holdout,K003,S1_resample,20,,50,0.85
R2_bearing_holdout,K003,S1_resample,20,,51,1.0
R2_bearing_holdout,K003,S1_resample,20,,52,1.0
R2_bearing_holdout,K003,S1_resample,20,,53,1.0
R2_bearing_holdout,K003,S1_resample,20,,54,1.0
R2_bearing_holdout,K003,S1_resample,20,,55,1.0
R2_bearing_holdout,K003,S1_resample,20,,56,1.0
R2_bearing_holdout,K003,S1_resample,20,,57,1.0
R2_bearing_holdout,K003,S1_resample,20,,58,1.0
R2_bearing_holdout,K003,S1_resample,20,,59,1.0
R2_bearing_holdout,K003,S1_resample,20,,60,1.0
R2_bearing_holdout,K003,S1_resample,20,,61,0.7
R2_bearing_holdout,K003,S1_resample,20,,62,1.0
R2_bearing_holdout,K003,S1_resample,20,,63,1.0
R2_bearing_holdout,K003,S1_resample,20,,64,1.0
R2_bearing_holdout,K003,S1_resample,20,,65,0.5
R2_bearing_holdout,K003,S1_resample,20,,66,1.0
R2_bearing_holdout,K003,S1_resample,20,,67,1.0
R2_bearing_holdout,K003,S1_resample,20,,68,1.0
R2_bearing_holdout,K003,S1_resample,20,,69,0.95
R2_bearing_holdout,K003,S1_resample,20,,70,0.95
R2_bearing_holdout,K003,S1_resample,20,,71,1.0
R2_bearing_holdout,K003,S1_resample,20,,72,1.0
R2_bearing_holdout,K003,S1_resample,20,,73,0.75
R2_bearing_holdout,K003,S1_resample,20,,74,1.0
R2_bearing_holdout,K003,S1_resample,20,,75,1.0
R2_bearing_holdout,K003,S1_resample,20,,76,1.0
R2_bearing_holdout,K003,S1_resample,20,,77,1.0
R2_bearing_holdout,K003,S1_resample,20,,78,1.0
R2_bearing_holdout,K003,S1_resample,20,,79,1.0
R2_bearing_holdout,K003,S1_resample,20,,80,1.0
R2_bearing_holdout,K003,S1_resample,20,,81,1.0
R2_bearing_holdout,K003,S1_resample,20,,82,1.0
R2_bearing_holdout,K003,S1_resample,20,,83,1.0
R2_bearing_holdout,K003,S1_resample,20,,84,1.0
R2_bearing_holdout,K003,S1_resample,20,,85,1.0
R2_bearing_holdout,K003,S1_resample,20,,86,1.0
R2_bearing_holdout,K003,S1_resample,20,,87,1.0
R2_bearing_holdout,K003,S1_resample,20,,88,1.0
R2_bearing_holdout,K003,S1_resample,20,,89,1.0
R2_bearing_holdout,K003,S1_resample,20,,90,0.55
R2_bearing_holdout,K003,S1_resample,20,,91,1.0
R2_bearing_holdout,K003,S1_resample,20,,92,0.55
R2_bearing_holdout,K003,S1_resample,20,,93,1.0
R2_bearing_holdout,K003,S1_resample,20,,94,1.0
R2_bearing_holdout,K003,S1_resample,20,,95,0.7
R2_bearing_holdout,K003,S1_resample,20,,96,1.0
R2_bearing_holdout,K003,S1_resample,20,,97,1.0
R2_bearing_holdout,K003,S1_resample,20,,98,1.0
R2_bearing_holdout,K003,S1_resample,20,,99,1.0
R2_bearing_holdout,K003,S1_resample,40,,0,1.0
R2_bearing_holdout,K003,S1_resample,40,,1,1.0
R2_bearing_holdout,K003,S1_resample,40,,2,1.0
R2_bearing_holdout,K003,S1_resample,40,,3,1.0
R2_bearing_holdout,K003,S1_resample,40,,4,1.0
R2_bearing_holdout,K003,S1_resample,40,,5,1.0
R2_bearing_holdout,K003,S1_resample,40,,6,1.0
R2_bearing_holdout,K003,S1_resample,40,,7,1.0
R2_bearing_holdout,K003,S1_resample,40,,8,1.0
R2_bearing_holdout,K003,S1_resample,40,,9,1.0
R2_bearing_holdout,K003,S1_resample,40,,10,1.0
R2_bearing_holdout,K003,S1_resample,40,,11,1.0
R2_bearing_holdout,K003,S1_resample,40,,12,1.0
R2_bearing_holdout,K003,S1_resample,40,,13,1.0
R2_bearing_holdout,K003,S1_resample,40,,14,1.0
R2_bearing_holdout,K003,S1_resample,40,,15,1.0
R2_bearing_holdout,K003,S1_resample,40,,16,1.0
R2_bearing_holdout,K003,S1_resample,40,,17,1.0
R2_bearing_holdout,K003,S1_resample,40,,18,1.0
R2_bearing_holdout,K003,S1_resample,40,,19,1.0
R2_bearing_holdout,K003,S1_resample,40,,20,1.0
R2_bearing_holdout,K003,S1_resample,40,,21,1.0
R2_bearing_holdout,K003,S1_resample,40,,22,1.0
R2_bearing_holdout,K003,S1_resample,40,,23,1.0
R2_bearing_holdout,K003,S1_resample,40,,24,1.0
R2_bearing_holdout,K003,S1_resample,40,,25,1.0
R2_bearing_holdout,K003,S1_resample,40,,26,1.0
R2_bearing_holdout,K003,S1_resample,40,,27,1.0
R2_bearing_holdout,K003,S1_resample,40,,28,1.0
R2_bearing_holdout,K003,S1_resample,40,,29,1.0
R2_bearing_holdout,K003,S1_resample,40,,30,1.0
R2_bearing_holdout,K003,S1_resample,40,,31,0.95
R2_bearing_holdout,K003,S1_resample,40,,32,1.0
R2_bearing_holdout,K003,S1_resample,40,,33,1.0
R2_bearing_holdout,K003,S1_resample,40,,34,1.0
R2_bearing_holdout,K003,S1_resample,40,,35,1.0
R2_bearing_holdout,K003,S1_resample,40,,36,1.0
R2_bearing_holdout,K003,S1_resample,40,,37,1.0
R2_bearing_holdout,K003,S1_resample,40,,38,1.0
R2_bearing_holdout,K003,S1_resample,40,,39,1.0
R2_bearing_holdout,K003,S1_resample,40,,40,1.0
R2_bearing_holdout,K003,S1_resample,40,,41,1.0
R2_bearing_holdout,K003,S1_resample,40,,42,1.0
R2_bearing_holdout,K003,S1_resample,40,,43,1.0
R2_bearing_holdout,K003,S1_resample,40,,44,1.0
R2_bearing_holdout,K003,S1_resample,40,,45,1.0
R2_bearing_holdout,K003,S1_resample,40,,46,1.0
R2_bearing_holdout,K003,S1_resample,40,,47,0.75
R2_bearing_holdout,K003,S1_resample,40,,48,1.0
R2_bearing_holdout,K003,S1_resample,40,,49,1.0
R2_bearing_holdout,K003,S1_resample,40,,50,1.0
R2_bearing_holdout,K003,S1_resample,40,,51,1.0
R2_bearing_holdout,K003,S1_resample,40,,52,1.0
R2_bearing_holdout,K003,S1_resample,40,,53,1.0
R2_bearing_holdout,K003,S1_resample,40,,54,1.0
R2_bearing_holdout,K003,S1_resample,40,,55,1.0
R2_bearing_holdout,K003,S1_resample,40,,56,1.0
R2_bearing_holdout,K003,S1_resample,40,,57,1.0
R2_bearing_holdout,K003,S1_resample,40,,58,1.0
R2_bearing_holdout,K003,S1_resample,40,,59,1.0
R2_bearing_holdout,K003,S1_resample,40,,60,0.75
R2_bearing_holdout,K003,S1_resample,40,,61,1.0
R2_bearing_holdout,K003,S1_resample,40,,62,1.0
R2_bearing_holdout,K003,S1_resample,40,,63,1.0
R2_bearing_holdout,K003,S1_resample,40,,64,0.8
R2_bearing_holdout,K003,S1_resample,40,,65,1.0
R2_bearing_holdout,K003,S1_resample,40,,66,1.0
R2_bearing_holdout,K003,S1_resample,40,,67,1.0
R2_bearing_holdout,K003,S1_resample,40,,68,1.0
R2_bearing_holdout,K003,S1_resample,40,,69,1.0
R2_bearing_holdout,K003,S1_resample,40,,70,1.0
R2_bearing_holdout,K003,S1_resample,40,,71,1.0
R2_bearing_holdout,K003,S1_resample,40,,72,1.0
R2_bearing_holdout,K003,S1_resample,40,,73,1.0
R2_bearing_holdout,K003,S1_resample,40,,74,1.0
R2_bearing_holdout,K003,S1_resample,40,,75,1.0
R2_bearing_holdout,K003,S1_resample,40,,76,1.0
R2_bearing_holdout,K003,S1_resample,40,,77,1.0
R2_bearing_holdout,K003,S1_resample,40,,78,1.0
R2_bearing_holdout,K003,S1_resample,40,,79,1.0
R2_bearing_holdout,K003,S1_resample,40,,80,1.0
R2_bearing_holdout,K003,S1_resample,40,,81,1.0
R2_bearing_holdout,K003,S1_resample,40,,82,1.0
R2_bearing_holdout,K003,S1_resample,40,,83,1.0
R2_bearing_holdout,K003,S1_resample,40,,84,1.0
R2_bearing_holdout,K003,S1_resample,40,,85,1.0
R2_bearing_holdout,K003,S1_resample,40,,86,1.0
R2_bearing_holdout,K003,S1_resample,40,,87,1.0
R2_bearing_holdout,K003,S1_resample,40,,88,1.0
R2_bearing_holdout,K003,S1_resample,40,,89,1.0
R2_bearing_holdout,K003,S1_resample,40,,90,1.0
R2_bearing_holdout,K003,S1_resample,40,,91,1.0
R2_bearing_holdout,K003,S1_resample,40,,92,1.0
R2_bearing_holdout,K003,S1_resample,40,,93,1.0
R2_bearing_holdout,K003,S1_resample,40,,94,1.0
R2_bearing_holdout,K003,S1_resample,40,,95,1.0
R2_bearing_holdout,K003,S1_resample,40,,96,1.0
R2_bearing_holdout,K003,S1_resample,40,,97,1.0
R2_bearing_holdout,K003,S1_resample,40,,98,1.0
R2_bearing_holdout,K003,S1_resample,40,,99,1.0
R2_bearing_holdout,K003,S1_resample,60,,0,1.0
R2_bearing_holdout,K003,S1_resample,60,,1,1.0
R2_bearing_holdout,K003,S1_resample,60,,2,1.0
R2_bearing_holdout,K003,S1_resample,60,,3,1.0
R2_bearing_holdout,K003,S1_resample,60,,4,1.0
R2_bearing_holdout,K003,S1_resample,60,,5,1.0
R2_bearing_holdout,K003,S1_resample,60,,6,1.0
R2_bearing_holdout,K003,S1_resample,60,,7,1.0
R2_bearing_holdout,K003,S1_resample,60,,8,1.0
R2_bearing_holdout,K003,S1_resample,60,,9,1.0
R2_bearing_holdout,K003,S1_resample,60,,10,1.0
R2_bearing_holdout,K003,S1_resample,60,,11,1.0
R2_bearing_holdout,K003,S1_resample,60,,12,1.0
R2_bearing_holdout,K003,S1_resample,60,,13,1.0
R2_bearing_holdout,K003,S1_resample,60,,14,0.95
R2_bearing_holdout,K003,S1_resample,60,,15,1.0
R2_bearing_holdout,K003,S1_resample,60,,16,1.0
R2_bearing_holdout,K003,S1_resample,60,,17,1.0
R2_bearing_holdout,K003,S1_resample,60,,18,1.0
R2_bearing_holdout,K003,S1_resample,60,,19,1.0
R2_bearing_holdout,K003,S1_resample,60,,20,1.0
R2_bearing_holdout,K003,S1_resample,60,,21,1.0
R2_bearing_holdout,K003,S1_resample,60,,22,1.0
R2_bearing_holdout,K003,S1_resample,60,,23,1.0
R2_bearing_holdout,K003,S1_resample,60,,24,1.0
R2_bearing_holdout,K003,S1_resample,60,,25,1.0
R2_bearing_holdout,K003,S1_resample,60,,26,1.0
R2_bearing_holdout,K003,S1_resample,60,,27,1.0
R2_bearing_holdout,K003,S1_resample,60,,28,1.0
R2_bearing_holdout,K003,S1_resample,60,,29,1.0
R2_bearing_holdout,K003,S1_resample,60,,30,1.0
R2_bearing_holdout,K003,S1_resample,60,,31,1.0
R2_bearing_holdout,K003,S1_resample,60,,32,1.0
R2_bearing_holdout,K003,S1_resample,60,,33,1.0
R2_bearing_holdout,K003,S1_resample,60,,34,1.0
R2_bearing_holdout,K003,S1_resample,60,,35,1.0
R2_bearing_holdout,K003,S1_resample,60,,36,1.0
R2_bearing_holdout,K003,S1_resample,60,,37,1.0
R2_bearing_holdout,K003,S1_resample,60,,38,1.0
R2_bearing_holdout,K003,S1_resample,60,,39,1.0
R2_bearing_holdout,K003,S1_resample,60,,40,1.0
R2_bearing_holdout,K003,S1_resample,60,,41,1.0
R2_bearing_holdout,K003,S1_resample,60,,42,1.0
R2_bearing_holdout,K003,S1_resample,60,,43,1.0
R2_bearing_holdout,K003,S1_resample,60,,44,1.0
R2_bearing_holdout,K003,S1_resample,60,,45,1.0
R2_bearing_holdout,K003,S1_resample,60,,46,1.0
R2_bearing_holdout,K003,S1_resample,60,,47,1.0
R2_bearing_holdout,K003,S1_resample,60,,48,1.0
R2_bearing_holdout,K003,S1_resample,60,,49,1.0
R2_bearing_holdout,K003,S1_resample,60,,50,1.0
R2_bearing_holdout,K003,S1_resample,60,,51,1.0
R2_bearing_holdout,K003,S1_resample,60,,52,1.0
R2_bearing_holdout,K003,S1_resample,60,,53,1.0
R2_bearing_holdout,K003,S1_resample,60,,54,1.0
R2_bearing_holdout,K003,S1_resample,60,,55,1.0
R2_bearing_holdout,K003,S1_resample,60,,56,1.0
R2_bearing_holdout,K003,S1_resample,60,,57,1.0
R2_bearing_holdout,K003,S1_resample,60,,58,1.0
R2_bearing_holdout,K003,S1_resample,60,,59,1.0
R2_bearing_holdout,K003,S1_resample,60,,60,1.0
R2_bearing_holdout,K003,S1_resample,60,,61,1.0
R2_bearing_holdout,K003,S1_resample,60,,62,1.0
R2_bearing_holdout,K003,S1_resample,60,,63,1.0
R2_bearing_holdout,K003,S1_resample,60,,64,1.0
R2_bearing_holdout,K003,S1_resample,60,,65,1.0
R2_bearing_holdout,K003,S1_resample,60,,66,1.0
R2_bearing_holdout,K003,S1_resample,60,,67,1.0
R2_bearing_holdout,K003,S1_resample,60,,68,1.0
R2_bearing_holdout,K003,S1_resample,60,,69,1.0
R2_bearing_holdout,K003,S1_resample,60,,70,1.0
R2_bearing_holdout,K003,S1_resample,60,,71,1.0
R2_bearing_holdout,K003,S1_resample,60,,72,1.0
R2_bearing_holdout,K003,S1_resample,60,,73,1.0
R2_bearing_holdout,K003,S1_resample,60,,74,1.0
R2_bearing_holdout,K003,S1_resample,60,,75,1.0
R2_bearing_holdout,K003,S1_resample,60,,76,1.0
R2_bearing_holdout,K003,S1_resample,60,,77,1.0
R2_bearing_holdout,K003,S1_resample,60,,78,1.0
R2_bearing_holdout,K003,S1_resample,60,,79,1.0
R2_bearing_holdout,K003,S1_resample,60,,80,1.0
R2_bearing_holdout,K003,S1_resample,60,,81,1.0
R2_bearing_holdout,K003,S1_resample,60,,82,1.0
R2_bearing_holdout,K003,S1_resample,60,,83,1.0
R2_bearing_holdout,K003,S1_resample,60,,84,1.0
R2_bearing_holdout,K003,S1_resample,60,,85,1.0
R2_bearing_holdout,K003,S1_resample,60,,86,1.0
R2_bearing_holdout,K003,S1_resample,60,,87,1.0
R2_bearing_holdout,K003,S1_resample,60,,88,1.0
R2_bearing_holdout,K003,S1_resample,60,,89,1.0
R2_bearing_holdout,K003,S1_resample,60,,90,1.0
R2_bearing_holdout,K003,S1_resample,60,,91,1.0
R2_bearing_holdout,K003,S1_resample,60,,92,1.0
R2_bearing_holdout,K003,S1_resample,60,,93,1.0
R2_bearing_holdout,K003,S1_resample,60,,94,1.0
R2_bearing_holdout,K003,S1_resample,60,,95,1.0
R2_bearing_holdout,K003,S1_resample,60,,96,1.0
R2_bearing_holdout,K003,S1_resample,60,,97,1.0
R2_bearing_holdout,K003,S1_resample,60,,98,1.0
R2_bearing_holdout,K003,S1_resample,60,,99,1.0
R2_bearing_holdout,K003,S1_resample,80,,0,1.0
R2_bearing_holdout,K003,S1_resample,80,,1,1.0
R2_bearing_holdout,K003,S1_resample,80,,2,1.0
R2_bearing_holdout,K003,S1_resample,80,,3,1.0
R2_bearing_holdout,K003,S1_resample,80,,4,1.0
R2_bearing_holdout,K003,S1_resample,80,,5,1.0
R2_bearing_holdout,K003,S1_resample,80,,6,1.0
R2_bearing_holdout,K003,S1_resample,80,,7,1.0
R2_bearing_holdout,K003,S1_resample,80,,8,1.0
R2_bearing_holdout,K003,S1_resample,80,,9,1.0
R2_bearing_holdout,K003,S1_resample,80,,10,1.0
R2_bearing_holdout,K003,S1_resample,80,,11,1.0
R2_bearing_holdout,K003,S1_resample,80,,12,1.0
R2_bearing_holdout,K003,S1_resample,80,,13,1.0
R2_bearing_holdout,K003,S1_resample,80,,14,1.0
R2_bearing_holdout,K003,S1_resample,80,,15,1.0
R2_bearing_holdout,K003,S1_resample,80,,16,1.0
R2_bearing_holdout,K003,S1_resample,80,,17,1.0
R2_bearing_holdout,K003,S1_resample,80,,18,1.0
R2_bearing_holdout,K003,S1_resample,80,,19,1.0
R2_bearing_holdout,K003,S1_resample,80,,20,1.0
R2_bearing_holdout,K003,S1_resample,80,,21,1.0
R2_bearing_holdout,K003,S1_resample,80,,22,1.0
R2_bearing_holdout,K003,S1_resample,80,,23,1.0
R2_bearing_holdout,K003,S1_resample,80,,24,1.0
R2_bearing_holdout,K003,S1_resample,80,,25,1.0
R2_bearing_holdout,K003,S1_resample,80,,26,1.0
R2_bearing_holdout,K003,S1_resample,80,,27,1.0
R2_bearing_holdout,K003,S1_resample,80,,28,1.0
R2_bearing_holdout,K003,S1_resample,80,,29,1.0
R2_bearing_holdout,K003,S1_resample,80,,30,1.0
R2_bearing_holdout,K003,S1_resample,80,,31,1.0
R2_bearing_holdout,K003,S1_resample,80,,32,1.0
R2_bearing_holdout,K003,S1_resample,80,,33,1.0
R2_bearing_holdout,K003,S1_resample,80,,34,1.0
R2_bearing_holdout,K003,S1_resample,80,,35,1.0
R2_bearing_holdout,K003,S1_resample,80,,36,1.0
R2_bearing_holdout,K003,S1_resample,80,,37,1.0
R2_bearing_holdout,K003,S1_resample,80,,38,1.0
R2_bearing_holdout,K003,S1_resample,80,,39,1.0
R2_bearing_holdout,K003,S1_resample,80,,40,1.0
R2_bearing_holdout,K003,S1_resample,80,,41,1.0
R2_bearing_holdout,K003,S1_resample,80,,42,1.0
R2_bearing_holdout,K003,S1_resample,80,,43,1.0
R2_bearing_holdout,K003,S1_resample,80,,44,1.0
R2_bearing_holdout,K003,S1_resample,80,,45,1.0
R2_bearing_holdout,K003,S1_resample,80,,46,1.0
R2_bearing_holdout,K003,S1_resample,80,,47,1.0
R2_bearing_holdout,K003,S1_resample,80,,48,1.0
R2_bearing_holdout,K003,S1_resample,80,,49,1.0
R2_bearing_holdout,K003,S1_resample,80,,50,1.0
R2_bearing_holdout,K003,S1_resample,80,,51,1.0
R2_bearing_holdout,K003,S1_resample,80,,52,1.0
R2_bearing_holdout,K003,S1_resample,80,,53,1.0
R2_bearing_holdout,K003,S1_resample,80,,54,1.0
R2_bearing_holdout,K003,S1_resample,80,,55,1.0
R2_bearing_holdout,K003,S1_resample,80,,56,1.0
R2_bearing_holdout,K003,S1_resample,80,,57,1.0
R2_bearing_holdout,K003,S1_resample,80,,58,1.0
R2_bearing_holdout,K003,S1_resample,80,,59,1.0
R2_bearing_holdout,K003,S1_resample,80,,60,1.0
R2_bearing_holdout,K003,S1_resample,80,,61,1.0
R2_bearing_holdout,K003,S1_resample,80,,62,1.0
R2_bearing_holdout,K003,S1_resample,80,,63,1.0
R2_bearing_holdout,K003,S1_resample,80,,64,1.0
R2_bearing_holdout,K003,S1_resample,80,,65,1.0
R2_bearing_holdout,K003,S1_resample,80,,66,1.0
R2_bearing_holdout,K003,S1_resample,80,,67,1.0
R2_bearing_holdout,K003,S1_resample,80,,68,1.0
R2_bearing_holdout,K003,S1_resample,80,,69,1.0
R2_bearing_holdout,K003,S1_resample,80,,70,1.0
R2_bearing_holdout,K003,S1_resample,80,,71,1.0
R2_bearing_holdout,K003,S1_resample,80,,72,1.0
R2_bearing_holdout,K003,S1_resample,80,,73,1.0
R2_bearing_holdout,K003,S1_resample,80,,74,1.0
R2_bearing_holdout,K003,S1_resample,80,,75,1.0
R2_bearing_holdout,K003,S1_resample,80,,76,1.0
R2_bearing_holdout,K003,S1_resample,80,,77,1.0
R2_bearing_holdout,K003,S1_resample,80,,78,1.0
R2_bearing_holdout,K003,S1_resample,80,,79,1.0
R2_bearing_holdout,K003,S1_resample,80,,80,1.0
R2_bearing_holdout,K003,S1_resample,80,,81,1.0
R2_bearing_holdout,K003,S1_resample,80,,82,1.0
R2_bearing_holdout,K003,S1_resample,80,,83,1.0
R2_bearing_holdout,K003,S1_resample,80,,84,1.0
R2_bearing_holdout,K003,S1_resample,80,,85,1.0
R2_bearing_holdout,K003,S1_resample,80,,86,1.0
R2_bearing_holdout,K003,S1_resample,80,,87,1.0
R2_bearing_holdout,K003,S1_resample,80,,88,1.0
R2_bearing_holdout,K003,S1_resample,80,,89,1.0
R2_bearing_holdout,K003,S1_resample,80,,90,1.0
R2_bearing_holdout,K003,S1_resample,80,,91,1.0
R2_bearing_holdout,K003,S1_resample,80,,92,1.0
R2_bearing_holdout,K003,S1_resample,80,,93,1.0
R2_bearing_holdout,K003,S1_resample,80,,94,1.0
R2_bearing_holdout,K003,S1_resample,80,,95,1.0
R2_bearing_holdout,K003,S1_resample,80,,96,1.0
R2_bearing_holdout,K003,S1_resample,80,,97,1.0
R2_bearing_holdout,K003,S1_resample,80,,98,1.0
R2_bearing_holdout,K003,S1_resample,80,,99,1.0
R2_bearing_holdout,K003,S1_resample,96,,0,1.0
R2_bearing_holdout,K003,S1_resample,96,,1,1.0
R2_bearing_holdout,K003,S1_resample,96,,2,1.0
R2_bearing_holdout,K003,S1_resample,96,,3,1.0
R2_bearing_holdout,K003,S1_resample,96,,4,1.0
R2_bearing_holdout,K003,S1_resample,96,,5,1.0
R2_bearing_holdout,K003,S1_resample,96,,6,1.0
R2_bearing_holdout,K003,S1_resample,96,,7,1.0
R2_bearing_holdout,K003,S1_resample,96,,8,1.0
R2_bearing_holdout,K003,S1_resample,96,,9,1.0
R2_bearing_holdout,K003,S1_resample,96,,10,1.0
R2_bearing_holdout,K003,S1_resample,96,,11,1.0
R2_bearing_holdout,K003,S1_resample,96,,12,1.0
R2_bearing_holdout,K003,S1_resample,96,,13,1.0
R2_bearing_holdout,K003,S1_resample,96,,14,1.0
R2_bearing_holdout,K003,S1_resample,96,,15,1.0
R2_bearing_holdout,K003,S1_resample,96,,16,1.0
R2_bearing_holdout,K003,S1_resample,96,,17,1.0
R2_bearing_holdout,K003,S1_resample,96,,18,1.0
R2_bearing_holdout,K003,S1_resample,96,,19,1.0
R2_bearing_holdout,K003,S1_resample,96,,20,1.0
R2_bearing_holdout,K003,S1_resample,96,,21,1.0
R2_bearing_holdout,K003,S1_resample,96,,22,1.0
R2_bearing_holdout,K003,S1_resample,96,,23,1.0
R2_bearing_holdout,K003,S1_resample,96,,24,1.0
R2_bearing_holdout,K003,S1_resample,96,,25,1.0
R2_bearing_holdout,K003,S1_resample,96,,26,1.0
R2_bearing_holdout,K003,S1_resample,96,,27,1.0
R2_bearing_holdout,K003,S1_resample,96,,28,1.0
R2_bearing_holdout,K003,S1_resample,96,,29,1.0
R2_bearing_holdout,K003,S1_resample,96,,30,1.0
R2_bearing_holdout,K003,S1_resample,96,,31,1.0
R2_bearing_holdout,K003,S1_resample,96,,32,1.0
R2_bearing_holdout,K003,S1_resample,96,,33,1.0
R2_bearing_holdout,K003,S1_resample,96,,34,1.0
R2_bearing_holdout,K003,S1_resample,96,,35,1.0
R2_bearing_holdout,K003,S1_resample,96,,36,1.0
R2_bearing_holdout,K003,S1_resample,96,,37,1.0
R2_bearing_holdout,K003,S1_resample,96,,38,1.0
R2_bearing_holdout,K003,S1_resample,96,,39,1.0
R2_bearing_holdout,K003,S1_resample,96,,40,1.0
R2_bearing_holdout,K003,S1_resample,96,,41,1.0
R2_bearing_holdout,K003,S1_resample,96,,42,1.0
R2_bearing_holdout,K003,S1_resample,96,,43,1.0
R2_bearing_holdout,K003,S1_resample,96,,44,1.0
R2_bearing_holdout,K003,S1_resample,96,,45,1.0
R2_bearing_holdout,K003,S1_resample,96,,46,1.0
R2_bearing_holdout,K003,S1_resample,96,,47,1.0
R2_bearing_holdout,K003,S1_resample,96,,48,1.0
R2_bearing_holdout,K003,S1_resample,96,,49,1.0
R2_bearing_holdout,K003,S1_resample,96,,50,1.0
R2_bearing_holdout,K003,S1_resample,96,,51,1.0
R2_bearing_holdout,K003,S1_resample,96,,52,1.0
R2_bearing_holdout,K003,S1_resample,96,,53,1.0
R2_bearing_holdout,K003,S1_resample,96,,54,1.0
R2_bearing_holdout,K003,S1_resample,96,,55,1.0
R2_bearing_holdout,K003,S1_resample,96,,56,1.0
R2_bearing_holdout,K003,S1_resample,96,,57,1.0
R2_bearing_holdout,K003,S1_resample,96,,58,1.0
R2_bearing_holdout,K003,S1_resample,96,,59,1.0
R2_bearing_holdout,K003,S1_resample,96,,60,1.0
R2_bearing_holdout,K003,S1_resample,96,,61,1.0
R2_bearing_holdout,K003,S1_resample,96,,62,1.0
R2_bearing_holdout,K003,S1_resample,96,,63,1.0
R2_bearing_holdout,K003,S1_resample,96,,64,1.0
R2_bearing_holdout,K003,S1_resample,96,,65,1.0
R2_bearing_holdout,K003,S1_resample,96,,66,1.0
R2_bearing_holdout,K003,S1_resample,96,,67,1.0
R2_bearing_holdout,K003,S1_resample,96,,68,1.0
R2_bearing_holdout,K003,S1_resample,96,,69,1.0
R2_bearing_holdout,K003,S1_resample,96,,70,1.0
R2_bearing_holdout,K003,S1_resample,96,,71,1.0
R2_bearing_holdout,K003,S1_resample,96,,72,1.0
R2_bearing_holdout,K003,S1_resample,96,,73,1.0
R2_bearing_holdout,K003,S1_resample,96,,74,1.0
R2_bearing_holdout,K003,S1_resample,96,,75,1.0
R2_bearing_holdout,K003,S1_resample,96,,76,1.0
R2_bearing_holdout,K003,S1_resample,96,,77,1.0
R2_bearing_holdout,K003,S1_resample,96,,78,1.0
R2_bearing_holdout,K003,S1_resample,96,,79,1.0
R2_bearing_holdout,K003,S1_resample,96,,80,1.0
R2_bearing_holdout,K003,S1_resample,96,,81,1.0
R2_bearing_holdout,K003,S1_resample,96,,82,1.0
R2_bearing_holdout,K003,S1_resample,96,,83,1.0
R2_bearing_holdout,K003,S1_resample,96,,84,1.0
R2_bearing_holdout,K003,S1_resample,96,,85,1.0
R2_bearing_holdout,K003,S1_resample,96,,86,1.0
R2_bearing_holdout,K003,S1_resample,96,,87,1.0
R2_bearing_holdout,K003,S1_resample,96,,88,1.0
R2_bearing_holdout,K003,S1_resample,96,,89,1.0
R2_bearing_holdout,K003,S1_resample,96,,90,1.0
R2_bearing_holdout,K003,S1_resample,96,,91,1.0
R2_bearing_holdout,K003,S1_resample,96,,92,1.0
R2_bearing_holdout,K003,S1_resample,96,,93,1.0
R2_bearing_holdout,K003,S1_resample,96,,94,1.0
R2_bearing_holdout,K003,S1_resample,96,,95,1.0
R2_bearing_holdout,K003,S1_resample,96,,96,1.0
R2_bearing_holdout,K003,S1_resample,96,,97,1.0
R2_bearing_holdout,K003,S1_resample,96,,98,1.0
R2_bearing_holdout,K003,S1_resample,96,,99,1.0
R2_bearing_holdout,K003,S2_new_records,10,,0,0.75
R2_bearing_holdout,K003,S2_new_records,10,,1,0.0
R2_bearing_holdout,K003,S2_new_records,10,,2,0.0
R2_bearing_holdout,K003,S2_new_records,10,,3,0.1
R2_bearing_holdout,K003,S2_new_records,10,,4,0.75
R2_bearing_holdout,K003,S2_new_records,10,,5,0.0
R2_bearing_holdout,K003,S2_new_records,10,,6,0.0
R2_bearing_holdout,K003,S2_new_records,10,,7,0.0
R2_bearing_holdout,K003,S2_new_records,10,,8,0.0
R2_bearing_holdout,K003,S2_new_records,10,,9,0.0
R2_bearing_holdout,K003,S2_new_records,10,,10,0.0
R2_bearing_holdout,K003,S2_new_records,10,,11,0.45
R2_bearing_holdout,K003,S2_new_records,10,,12,0.0
R2_bearing_holdout,K003,S2_new_records,10,,13,0.0
R2_bearing_holdout,K003,S2_new_records,10,,14,0.0
R2_bearing_holdout,K003,S2_new_records,10,,15,0.0
R2_bearing_holdout,K003,S2_new_records,10,,16,0.7
R2_bearing_holdout,K003,S2_new_records,10,,17,1.0
R2_bearing_holdout,K003,S2_new_records,10,,18,0.0
R2_bearing_holdout,K003,S2_new_records,10,,19,0.45
R2_bearing_holdout,K003,S2_new_records,10,,20,0.0
R2_bearing_holdout,K003,S2_new_records,10,,21,0.0
R2_bearing_holdout,K003,S2_new_records,10,,22,0.0
R2_bearing_holdout,K003,S2_new_records,10,,23,0.5
R2_bearing_holdout,K003,S2_new_records,10,,24,1.0
R2_bearing_holdout,K003,S2_new_records,10,,25,0.05
R2_bearing_holdout,K003,S2_new_records,10,,26,0.0
R2_bearing_holdout,K003,S2_new_records,10,,27,0.0
R2_bearing_holdout,K003,S2_new_records,10,,28,0.0
R2_bearing_holdout,K003,S2_new_records,10,,29,0.0
R2_bearing_holdout,K003,S2_new_records,10,,30,0.0
R2_bearing_holdout,K003,S2_new_records,10,,31,0.05
R2_bearing_holdout,K003,S2_new_records,10,,32,0.0
R2_bearing_holdout,K003,S2_new_records,10,,33,0.0
R2_bearing_holdout,K003,S2_new_records,10,,34,0.0
R2_bearing_holdout,K003,S2_new_records,10,,35,0.8
R2_bearing_holdout,K003,S2_new_records,10,,36,0.0
R2_bearing_holdout,K003,S2_new_records,10,,37,0.45
R2_bearing_holdout,K003,S2_new_records,10,,38,0.65
R2_bearing_holdout,K003,S2_new_records,10,,39,0.85
R2_bearing_holdout,K003,S2_new_records,10,,40,0.85
R2_bearing_holdout,K003,S2_new_records,10,,41,0.0
R2_bearing_holdout,K003,S2_new_records,10,,42,0.2
R2_bearing_holdout,K003,S2_new_records,10,,43,0.25
R2_bearing_holdout,K003,S2_new_records,10,,44,0.55
R2_bearing_holdout,K003,S2_new_records,10,,45,0.0
R2_bearing_holdout,K003,S2_new_records,10,,46,0.25
R2_bearing_holdout,K003,S2_new_records,10,,47,0.0
R2_bearing_holdout,K003,S2_new_records,10,,48,0.6
R2_bearing_holdout,K003,S2_new_records,10,,49,0.85
R2_bearing_holdout,K003,S2_new_records,10,,50,1.0
R2_bearing_holdout,K003,S2_new_records,10,,51,0.0
R2_bearing_holdout,K003,S2_new_records,10,,52,0.0
R2_bearing_holdout,K003,S2_new_records,10,,53,0.25
R2_bearing_holdout,K003,S2_new_records,10,,54,0.6
R2_bearing_holdout,K003,S2_new_records,10,,55,0.0
R2_bearing_holdout,K003,S2_new_records,10,,56,0.05
R2_bearing_holdout,K003,S2_new_records,10,,57,0.85
R2_bearing_holdout,K003,S2_new_records,10,,58,0.0
R2_bearing_holdout,K003,S2_new_records,10,,59,1.0
R2_bearing_holdout,K003,S2_new_records,10,,60,0.85
R2_bearing_holdout,K003,S2_new_records,10,,61,0.0
R2_bearing_holdout,K003,S2_new_records,10,,62,0.0
R2_bearing_holdout,K003,S2_new_records,10,,63,0.6
R2_bearing_holdout,K003,S2_new_records,10,,64,0.0
R2_bearing_holdout,K003,S2_new_records,10,,65,0.0
R2_bearing_holdout,K003,S2_new_records,10,,66,0.1
R2_bearing_holdout,K003,S2_new_records,10,,67,0.0
R2_bearing_holdout,K003,S2_new_records,10,,68,0.0
R2_bearing_holdout,K003,S2_new_records,10,,69,0.0
R2_bearing_holdout,K003,S2_new_records,10,,70,0.0
R2_bearing_holdout,K003,S2_new_records,10,,71,0.0
R2_bearing_holdout,K003,S2_new_records,10,,72,0.0
R2_bearing_holdout,K003,S2_new_records,10,,73,0.35
R2_bearing_holdout,K003,S2_new_records,10,,74,0.0
R2_bearing_holdout,K003,S2_new_records,10,,75,1.0
R2_bearing_holdout,K003,S2_new_records,10,,76,0.05
R2_bearing_holdout,K003,S2_new_records,10,,77,0.0
R2_bearing_holdout,K003,S2_new_records,10,,78,0.75
R2_bearing_holdout,K003,S2_new_records,10,,79,0.0
R2_bearing_holdout,K003,S2_new_records,10,,80,0.7
R2_bearing_holdout,K003,S2_new_records,10,,81,0.6
R2_bearing_holdout,K003,S2_new_records,10,,82,0.0
R2_bearing_holdout,K003,S2_new_records,10,,83,0.0
R2_bearing_holdout,K003,S2_new_records,10,,84,0.1
R2_bearing_holdout,K003,S2_new_records,10,,85,0.0
R2_bearing_holdout,K003,S2_new_records,10,,86,0.0
R2_bearing_holdout,K003,S2_new_records,10,,87,0.0
R2_bearing_holdout,K003,S2_new_records,10,,88,0.0
R2_bearing_holdout,K003,S2_new_records,10,,89,0.05
R2_bearing_holdout,K003,S2_new_records,10,,90,0.0
R2_bearing_holdout,K003,S2_new_records,10,,91,0.1
R2_bearing_holdout,K003,S2_new_records,10,,92,0.6
R2_bearing_holdout,K003,S2_new_records,10,,93,0.7
R2_bearing_holdout,K003,S2_new_records,10,,94,0.0
R2_bearing_holdout,K003,S2_new_records,10,,95,0.6
R2_bearing_holdout,K003,S2_new_records,10,,96,0.0
R2_bearing_holdout,K003,S2_new_records,10,,97,0.25
R2_bearing_holdout,K003,S2_new_records,10,,98,0.0
R2_bearing_holdout,K003,S2_new_records,10,,99,0.0
R2_bearing_holdout,K003,S2_new_records,20,,0,0.0
R2_bearing_holdout,K003,S2_new_records,20,,1,0.0
R2_bearing_holdout,K003,S2_new_records,20,,2,0.0
R2_bearing_holdout,K003,S2_new_records,20,,3,0.2
R2_bearing_holdout,K003,S2_new_records,20,,4,0.3
R2_bearing_holdout,K003,S2_new_records,20,,5,0.0
R2_bearing_holdout,K003,S2_new_records,20,,6,0.0
R2_bearing_holdout,K003,S2_new_records,20,,7,0.0
R2_bearing_holdout,K003,S2_new_records,20,,8,0.3
R2_bearing_holdout,K003,S2_new_records,20,,9,0.05
R2_bearing_holdout,K003,S2_new_records,20,,10,0.0
R2_bearing_holdout,K003,S2_new_records,20,,11,0.0
R2_bearing_holdout,K003,S2_new_records,20,,12,0.0
R2_bearing_holdout,K003,S2_new_records,20,,13,0.0
R2_bearing_holdout,K003,S2_new_records,20,,14,0.0
R2_bearing_holdout,K003,S2_new_records,20,,15,0.05
R2_bearing_holdout,K003,S2_new_records,20,,16,0.0
R2_bearing_holdout,K003,S2_new_records,20,,17,0.0
R2_bearing_holdout,K003,S2_new_records,20,,18,0.0
R2_bearing_holdout,K003,S2_new_records,20,,19,1.0
R2_bearing_holdout,K003,S2_new_records,20,,20,0.0
R2_bearing_holdout,K003,S2_new_records,20,,21,0.0
R2_bearing_holdout,K003,S2_new_records,20,,22,0.0
R2_bearing_holdout,K003,S2_new_records,20,,23,0.0
R2_bearing_holdout,K003,S2_new_records,20,,24,0.3
R2_bearing_holdout,K003,S2_new_records,20,,25,0.0
R2_bearing_holdout,K003,S2_new_records,20,,26,0.0
R2_bearing_holdout,K003,S2_new_records,20,,27,0.0
R2_bearing_holdout,K003,S2_new_records,20,,28,0.0
R2_bearing_holdout,K003,S2_new_records,20,,29,0.0
R2_bearing_holdout,K003,S2_new_records,20,,30,0.0
R2_bearing_holdout,K003,S2_new_records,20,,31,0.0
R2_bearing_holdout,K003,S2_new_records,20,,32,0.0
R2_bearing_holdout,K003,S2_new_records,20,,33,0.0
R2_bearing_holdout,K003,S2_new_records,20,,34,0.0
R2_bearing_holdout,K003,S2_new_records,20,,35,0.2
R2_bearing_holdout,K003,S2_new_records,20,,36,0.0
R2_bearing_holdout,K003,S2_new_records,20,,37,0.0
R2_bearing_holdout,K003,S2_new_records,20,,38,0.55
R2_bearing_holdout,K003,S2_new_records,20,,39,0.0
R2_bearing_holdout,K003,S2_new_records,20,,40,0.0
R2_bearing_holdout,K003,S2_new_records,20,,41,0.0
R2_bearing_holdout,K003,S2_new_records,20,,42,0.2
R2_bearing_holdout,K003,S2_new_records,20,,43,0.0
R2_bearing_holdout,K003,S2_new_records,20,,44,0.0
R2_bearing_holdout,K003,S2_new_records,20,,45,0.0
R2_bearing_holdout,K003,S2_new_records,20,,46,0.0
R2_bearing_holdout,K003,S2_new_records,20,,47,0.0
R2_bearing_holdout,K003,S2_new_records,20,,48,0.0
R2_bearing_holdout,K003,S2_new_records,20,,49,0.0
R2_bearing_holdout,K003,S2_new_records,20,,50,0.0
R2_bearing_holdout,K003,S2_new_records,20,,51,0.0
R2_bearing_holdout,K003,S2_new_records,20,,52,0.0
R2_bearing_holdout,K003,S2_new_records,20,,53,0.0
R2_bearing_holdout,K003,S2_new_records,20,,54,0.0
R2_bearing_holdout,K003,S2_new_records,20,,55,0.0
R2_bearing_holdout,K003,S2_new_records,20,,56,0.0
R2_bearing_holdout,K003,S2_new_records,20,,57,0.0
R2_bearing_holdout,K003,S2_new_records,20,,58,0.1
R2_bearing_holdout,K003,S2_new_records,20,,59,0.0
R2_bearing_holdout,K003,S2_new_records,20,,60,0.75
R2_bearing_holdout,K003,S2_new_records,20,,61,0.0
R2_bearing_holdout,K003,S2_new_records,20,,62,0.0
R2_bearing_holdout,K003,S2_new_records,20,,63,0.0
R2_bearing_holdout,K003,S2_new_records,20,,64,0.0
R2_bearing_holdout,K003,S2_new_records,20,,65,0.0
R2_bearing_holdout,K003,S2_new_records,20,,66,0.0
R2_bearing_holdout,K003,S2_new_records,20,,67,0.0
R2_bearing_holdout,K003,S2_new_records,20,,68,0.0
R2_bearing_holdout,K003,S2_new_records,20,,69,0.0
R2_bearing_holdout,K003,S2_new_records,20,,70,0.0
R2_bearing_holdout,K003,S2_new_records,20,,71,0.25
R2_bearing_holdout,K003,S2_new_records,20,,72,0.35
R2_bearing_holdout,K003,S2_new_records,20,,73,0.0
R2_bearing_holdout,K003,S2_new_records,20,,74,0.0
R2_bearing_holdout,K003,S2_new_records,20,,75,0.3
R2_bearing_holdout,K003,S2_new_records,20,,76,0.0
R2_bearing_holdout,K003,S2_new_records,20,,77,0.0
R2_bearing_holdout,K003,S2_new_records,20,,78,0.0
R2_bearing_holdout,K003,S2_new_records,20,,79,0.0
R2_bearing_holdout,K003,S2_new_records,20,,80,0.6
R2_bearing_holdout,K003,S2_new_records,20,,81,0.15
R2_bearing_holdout,K003,S2_new_records,20,,82,0.0
R2_bearing_holdout,K003,S2_new_records,20,,83,0.0
R2_bearing_holdout,K003,S2_new_records,20,,84,0.2
R2_bearing_holdout,K003,S2_new_records,20,,85,0.0
R2_bearing_holdout,K003,S2_new_records,20,,86,0.0
R2_bearing_holdout,K003,S2_new_records,20,,87,0.25
R2_bearing_holdout,K003,S2_new_records,20,,88,0.05
R2_bearing_holdout,K003,S2_new_records,20,,89,0.65
R2_bearing_holdout,K003,S2_new_records,20,,90,0.0
R2_bearing_holdout,K003,S2_new_records,20,,91,0.0
R2_bearing_holdout,K003,S2_new_records,20,,92,0.0
R2_bearing_holdout,K003,S2_new_records,20,,93,0.0
R2_bearing_holdout,K003,S2_new_records,20,,94,0.0
R2_bearing_holdout,K003,S2_new_records,20,,95,0.0
R2_bearing_holdout,K003,S2_new_records,20,,96,0.0
R2_bearing_holdout,K003,S2_new_records,20,,97,0.35
R2_bearing_holdout,K003,S2_new_records,20,,98,0.65
R2_bearing_holdout,K003,S2_new_records,20,,99,0.0
R2_bearing_holdout,K003,S2_new_records,40,,0,0.0
R2_bearing_holdout,K003,S2_new_records,40,,1,0.0
R2_bearing_holdout,K003,S2_new_records,40,,2,0.0
R2_bearing_holdout,K003,S2_new_records,40,,3,0.0
R2_bearing_holdout,K003,S2_new_records,40,,4,0.0
R2_bearing_holdout,K003,S2_new_records,40,,5,0.0
R2_bearing_holdout,K003,S2_new_records,40,,6,0.0
R2_bearing_holdout,K003,S2_new_records,40,,7,0.0
R2_bearing_holdout,K003,S2_new_records,40,,8,0.0
R2_bearing_holdout,K003,S2_new_records,40,,9,0.0
R2_bearing_holdout,K003,S2_new_records,40,,10,0.0
R2_bearing_holdout,K003,S2_new_records,40,,11,0.0
R2_bearing_holdout,K003,S2_new_records,40,,12,0.3
R2_bearing_holdout,K003,S2_new_records,40,,13,0.0
R2_bearing_holdout,K003,S2_new_records,40,,14,0.0
R2_bearing_holdout,K003,S2_new_records,40,,15,0.0
R2_bearing_holdout,K003,S2_new_records,40,,16,0.0
R2_bearing_holdout,K003,S2_new_records,40,,17,0.0
R2_bearing_holdout,K003,S2_new_records,40,,18,0.0
R2_bearing_holdout,K003,S2_new_records,40,,19,0.0
R2_bearing_holdout,K003,S2_new_records,40,,20,0.0
R2_bearing_holdout,K003,S2_new_records,40,,21,0.0
R2_bearing_holdout,K003,S2_new_records,40,,22,0.0
R2_bearing_holdout,K003,S2_new_records,40,,23,0.0
R2_bearing_holdout,K003,S2_new_records,40,,24,0.25
R2_bearing_holdout,K003,S2_new_records,40,,25,0.0
R2_bearing_holdout,K003,S2_new_records,40,,26,0.0
R2_bearing_holdout,K003,S2_new_records,40,,27,0.15
R2_bearing_holdout,K003,S2_new_records,40,,28,0.0
R2_bearing_holdout,K003,S2_new_records,40,,29,0.0
R2_bearing_holdout,K003,S2_new_records,40,,30,0.3
R2_bearing_holdout,K003,S2_new_records,40,,31,0.0
R2_bearing_holdout,K003,S2_new_records,40,,32,0.0
R2_bearing_holdout,K003,S2_new_records,40,,33,0.0
R2_bearing_holdout,K003,S2_new_records,40,,34,0.0
R2_bearing_holdout,K003,S2_new_records,40,,35,0.05
R2_bearing_holdout,K003,S2_new_records,40,,36,0.0
R2_bearing_holdout,K003,S2_new_records,40,,37,0.0
R2_bearing_holdout,K003,S2_new_records,40,,38,0.0
R2_bearing_holdout,K003,S2_new_records,40,,39,0.0
R2_bearing_holdout,K003,S2_new_records,40,,40,0.0
R2_bearing_holdout,K003,S2_new_records,40,,41,0.35
R2_bearing_holdout,K003,S2_new_records,40,,42,0.0
R2_bearing_holdout,K003,S2_new_records,40,,43,0.0
R2_bearing_holdout,K003,S2_new_records,40,,44,0.0
R2_bearing_holdout,K003,S2_new_records,40,,45,0.0
R2_bearing_holdout,K003,S2_new_records,40,,46,0.0
R2_bearing_holdout,K003,S2_new_records,40,,47,0.05
R2_bearing_holdout,K003,S2_new_records,40,,48,0.0
R2_bearing_holdout,K003,S2_new_records,40,,49,0.0
R2_bearing_holdout,K003,S2_new_records,40,,50,0.05
R2_bearing_holdout,K003,S2_new_records,40,,51,0.85
R2_bearing_holdout,K003,S2_new_records,40,,52,0.05
R2_bearing_holdout,K003,S2_new_records,40,,53,0.0
R2_bearing_holdout,K003,S2_new_records,40,,54,0.0
R2_bearing_holdout,K003,S2_new_records,40,,55,0.0
R2_bearing_holdout,K003,S2_new_records,40,,56,0.0
R2_bearing_holdout,K003,S2_new_records,40,,57,0.0
R2_bearing_holdout,K003,S2_new_records,40,,58,0.0
R2_bearing_holdout,K003,S2_new_records,40,,59,0.0
R2_bearing_holdout,K003,S2_new_records,40,,60,0.0
R2_bearing_holdout,K003,S2_new_records,40,,61,0.0
R2_bearing_holdout,K003,S2_new_records,40,,62,0.0
R2_bearing_holdout,K003,S2_new_records,40,,63,0.0
R2_bearing_holdout,K003,S2_new_records,40,,64,0.3
R2_bearing_holdout,K003,S2_new_records,40,,65,0.0
R2_bearing_holdout,K003,S2_new_records,40,,66,0.3
R2_bearing_holdout,K003,S2_new_records,40,,67,0.0
R2_bearing_holdout,K003,S2_new_records,40,,68,0.3
R2_bearing_holdout,K003,S2_new_records,40,,69,0.0
R2_bearing_holdout,K003,S2_new_records,40,,70,0.0
R2_bearing_holdout,K003,S2_new_records,40,,71,0.0
R2_bearing_holdout,K003,S2_new_records,40,,72,0.0
R2_bearing_holdout,K003,S2_new_records,40,,73,0.0
R2_bearing_holdout,K003,S2_new_records,40,,74,0.0
R2_bearing_holdout,K003,S2_new_records,40,,75,0.0
R2_bearing_holdout,K003,S2_new_records,40,,76,0.15
R2_bearing_holdout,K003,S2_new_records,40,,77,0.0
R2_bearing_holdout,K003,S2_new_records,40,,78,0.0
R2_bearing_holdout,K003,S2_new_records,40,,79,0.0
R2_bearing_holdout,K003,S2_new_records,40,,80,0.0
R2_bearing_holdout,K003,S2_new_records,40,,81,0.0
R2_bearing_holdout,K003,S2_new_records,40,,82,0.1
R2_bearing_holdout,K003,S2_new_records,40,,83,0.0
R2_bearing_holdout,K003,S2_new_records,40,,84,0.0
R2_bearing_holdout,K003,S2_new_records,40,,85,0.0
R2_bearing_holdout,K003,S2_new_records,40,,86,0.0
R2_bearing_holdout,K003,S2_new_records,40,,87,0.0
R2_bearing_holdout,K003,S2_new_records,40,,88,0.0
R2_bearing_holdout,K003,S2_new_records,40,,89,0.0
R2_bearing_holdout,K003,S2_new_records,40,,90,0.0
R2_bearing_holdout,K003,S2_new_records,40,,91,0.0
R2_bearing_holdout,K003,S2_new_records,40,,92,0.0
R2_bearing_holdout,K003,S2_new_records,40,,93,0.0
R2_bearing_holdout,K003,S2_new_records,40,,94,0.0
R2_bearing_holdout,K003,S2_new_records,40,,95,0.0
R2_bearing_holdout,K003,S2_new_records,40,,96,0.0
R2_bearing_holdout,K003,S2_new_records,40,,97,0.0
R2_bearing_holdout,K003,S2_new_records,40,,98,0.0
R2_bearing_holdout,K003,S2_new_records,40,,99,0.0
R2_bearing_holdout,K003,S2_new_records,60,,0,0.1
R2_bearing_holdout,K003,S2_new_records,60,,1,0.0
R2_bearing_holdout,K003,S2_new_records,60,,2,0.0
R2_bearing_holdout,K003,S2_new_records,60,,3,0.0
R2_bearing_holdout,K003,S2_new_records,60,,4,0.0
R2_bearing_holdout,K003,S2_new_records,60,,5,0.0
R2_bearing_holdout,K003,S2_new_records,60,,6,0.0
R2_bearing_holdout,K003,S2_new_records,60,,7,0.35
R2_bearing_holdout,K003,S2_new_records,60,,8,0.0
R2_bearing_holdout,K003,S2_new_records,60,,9,0.0
R2_bearing_holdout,K003,S2_new_records,60,,10,0.0
R2_bearing_holdout,K003,S2_new_records,60,,11,0.0
R2_bearing_holdout,K003,S2_new_records,60,,12,0.0
R2_bearing_holdout,K003,S2_new_records,60,,13,0.3
R2_bearing_holdout,K003,S2_new_records,60,,14,0.0
R2_bearing_holdout,K003,S2_new_records,60,,15,0.0
R2_bearing_holdout,K003,S2_new_records,60,,16,0.05
R2_bearing_holdout,K003,S2_new_records,60,,17,0.0
R2_bearing_holdout,K003,S2_new_records,60,,18,0.0
R2_bearing_holdout,K003,S2_new_records,60,,19,0.0
R2_bearing_holdout,K003,S2_new_records,60,,20,0.0
R2_bearing_holdout,K003,S2_new_records,60,,21,0.0
R2_bearing_holdout,K003,S2_new_records,60,,22,0.0
R2_bearing_holdout,K003,S2_new_records,60,,23,0.0
R2_bearing_holdout,K003,S2_new_records,60,,24,0.0
R2_bearing_holdout,K003,S2_new_records,60,,25,0.1
R2_bearing_holdout,K003,S2_new_records,60,,26,0.2
R2_bearing_holdout,K003,S2_new_records,60,,27,0.0
R2_bearing_holdout,K003,S2_new_records,60,,28,0.0
R2_bearing_holdout,K003,S2_new_records,60,,29,0.0
R2_bearing_holdout,K003,S2_new_records,60,,30,0.0
R2_bearing_holdout,K003,S2_new_records,60,,31,0.1
R2_bearing_holdout,K003,S2_new_records,60,,32,0.0
R2_bearing_holdout,K003,S2_new_records,60,,33,0.0
R2_bearing_holdout,K003,S2_new_records,60,,34,0.0
R2_bearing_holdout,K003,S2_new_records,60,,35,0.0
R2_bearing_holdout,K003,S2_new_records,60,,36,0.0
R2_bearing_holdout,K003,S2_new_records,60,,37,0.0
R2_bearing_holdout,K003,S2_new_records,60,,38,0.0
R2_bearing_holdout,K003,S2_new_records,60,,39,0.2
R2_bearing_holdout,K003,S2_new_records,60,,40,0.0
R2_bearing_holdout,K003,S2_new_records,60,,41,0.0
R2_bearing_holdout,K003,S2_new_records,60,,42,0.1
R2_bearing_holdout,K003,S2_new_records,60,,43,0.2
R2_bearing_holdout,K003,S2_new_records,60,,44,0.0
R2_bearing_holdout,K003,S2_new_records,60,,45,0.0
R2_bearing_holdout,K003,S2_new_records,60,,46,0.0
R2_bearing_holdout,K003,S2_new_records,60,,47,0.2
R2_bearing_holdout,K003,S2_new_records,60,,48,0.0
R2_bearing_holdout,K003,S2_new_records,60,,49,0.0
R2_bearing_holdout,K003,S2_new_records,60,,50,0.0
R2_bearing_holdout,K003,S2_new_records,60,,51,0.0
R2_bearing_holdout,K003,S2_new_records,60,,52,0.35
R2_bearing_holdout,K003,S2_new_records,60,,53,0.0
R2_bearing_holdout,K003,S2_new_records,60,,54,0.0
R2_bearing_holdout,K003,S2_new_records,60,,55,0.0
R2_bearing_holdout,K003,S2_new_records,60,,56,0.65
R2_bearing_holdout,K003,S2_new_records,60,,57,0.0
R2_bearing_holdout,K003,S2_new_records,60,,58,0.0
R2_bearing_holdout,K003,S2_new_records,60,,59,0.0
R2_bearing_holdout,K003,S2_new_records,60,,60,0.0
R2_bearing_holdout,K003,S2_new_records,60,,61,0.0
R2_bearing_holdout,K003,S2_new_records,60,,62,0.0
R2_bearing_holdout,K003,S2_new_records,60,,63,0.0
R2_bearing_holdout,K003,S2_new_records,60,,64,0.25
R2_bearing_holdout,K003,S2_new_records,60,,65,0.0
R2_bearing_holdout,K003,S2_new_records,60,,66,0.0
R2_bearing_holdout,K003,S2_new_records,60,,67,0.0
R2_bearing_holdout,K003,S2_new_records,60,,68,0.0
R2_bearing_holdout,K003,S2_new_records,60,,69,0.0
R2_bearing_holdout,K003,S2_new_records,60,,70,0.0
R2_bearing_holdout,K003,S2_new_records,60,,71,0.0
R2_bearing_holdout,K003,S2_new_records,60,,72,0.0
R2_bearing_holdout,K003,S2_new_records,60,,73,0.0
R2_bearing_holdout,K003,S2_new_records,60,,74,0.0
R2_bearing_holdout,K003,S2_new_records,60,,75,0.05
R2_bearing_holdout,K003,S2_new_records,60,,76,0.0
R2_bearing_holdout,K003,S2_new_records,60,,77,0.0
R2_bearing_holdout,K003,S2_new_records,60,,78,0.0
R2_bearing_holdout,K003,S2_new_records,60,,79,0.0
R2_bearing_holdout,K003,S2_new_records,60,,80,0.0
R2_bearing_holdout,K003,S2_new_records,60,,81,0.2
R2_bearing_holdout,K003,S2_new_records,60,,82,0.0
R2_bearing_holdout,K003,S2_new_records,60,,83,0.0
R2_bearing_holdout,K003,S2_new_records,60,,84,0.0
R2_bearing_holdout,K003,S2_new_records,60,,85,0.0
R2_bearing_holdout,K003,S2_new_records,60,,86,0.05
R2_bearing_holdout,K003,S2_new_records,60,,87,0.0
R2_bearing_holdout,K003,S2_new_records,60,,88,0.0
R2_bearing_holdout,K003,S2_new_records,60,,89,0.0
R2_bearing_holdout,K003,S2_new_records,60,,90,0.0
R2_bearing_holdout,K003,S2_new_records,60,,91,0.0
R2_bearing_holdout,K003,S2_new_records,60,,92,0.0
R2_bearing_holdout,K003,S2_new_records,60,,93,0.0
R2_bearing_holdout,K003,S2_new_records,60,,94,0.2
R2_bearing_holdout,K003,S2_new_records,60,,95,0.0
R2_bearing_holdout,K003,S2_new_records,60,,96,0.0
R2_bearing_holdout,K003,S2_new_records,60,,97,0.25
R2_bearing_holdout,K003,S2_new_records,60,,98,0.0
R2_bearing_holdout,K003,S2_new_records,60,,99,0.0
R2_bearing_holdout,K003,S2_new_records,80,,0,0.0
R2_bearing_holdout,K003,S2_new_records,80,,1,0.0
R2_bearing_holdout,K003,S2_new_records,80,,2,0.0
R2_bearing_holdout,K003,S2_new_records,80,,3,0.0
R2_bearing_holdout,K003,S2_new_records,80,,4,0.0
R2_bearing_holdout,K003,S2_new_records,80,,5,0.2
R2_bearing_holdout,K003,S2_new_records,80,,6,0.25
R2_bearing_holdout,K003,S2_new_records,80,,7,0.1
R2_bearing_holdout,K003,S2_new_records,80,,8,0.1
R2_bearing_holdout,K003,S2_new_records,80,,9,0.0
R2_bearing_holdout,K003,S2_new_records,80,,10,0.0
R2_bearing_holdout,K003,S2_new_records,80,,11,0.0
R2_bearing_holdout,K003,S2_new_records,80,,12,0.2
R2_bearing_holdout,K003,S2_new_records,80,,13,0.2
R2_bearing_holdout,K003,S2_new_records,80,,14,0.0
R2_bearing_holdout,K003,S2_new_records,80,,15,0.0
R2_bearing_holdout,K003,S2_new_records,80,,16,0.0
R2_bearing_holdout,K003,S2_new_records,80,,17,0.0
R2_bearing_holdout,K003,S2_new_records,80,,18,0.0
R2_bearing_holdout,K003,S2_new_records,80,,19,0.0
R2_bearing_holdout,K003,S2_new_records,80,,20,0.15
R2_bearing_holdout,K003,S2_new_records,80,,21,0.2
R2_bearing_holdout,K003,S2_new_records,80,,22,0.0
R2_bearing_holdout,K003,S2_new_records,80,,23,0.4
R2_bearing_holdout,K003,S2_new_records,80,,24,0.0
R2_bearing_holdout,K003,S2_new_records,80,,25,0.0
R2_bearing_holdout,K003,S2_new_records,80,,26,0.0
R2_bearing_holdout,K003,S2_new_records,80,,27,0.0
R2_bearing_holdout,K003,S2_new_records,80,,28,0.0
R2_bearing_holdout,K003,S2_new_records,80,,29,0.0
R2_bearing_holdout,K003,S2_new_records,80,,30,0.0
R2_bearing_holdout,K003,S2_new_records,80,,31,0.0
R2_bearing_holdout,K003,S2_new_records,80,,32,0.0
R2_bearing_holdout,K003,S2_new_records,80,,33,0.0
R2_bearing_holdout,K003,S2_new_records,80,,34,0.15
R2_bearing_holdout,K003,S2_new_records,80,,35,0.0
R2_bearing_holdout,K003,S2_new_records,80,,36,0.05
R2_bearing_holdout,K003,S2_new_records,80,,37,0.2
R2_bearing_holdout,K003,S2_new_records,80,,38,0.25
R2_bearing_holdout,K003,S2_new_records,80,,39,0.0
R2_bearing_holdout,K003,S2_new_records,80,,40,0.0
R2_bearing_holdout,K003,S2_new_records,80,,41,0.1
R2_bearing_holdout,K003,S2_new_records,80,,42,0.0
R2_bearing_holdout,K003,S2_new_records,80,,43,0.0
R2_bearing_holdout,K003,S2_new_records,80,,44,0.0
R2_bearing_holdout,K003,S2_new_records,80,,45,0.2
R2_bearing_holdout,K003,S2_new_records,80,,46,0.2
R2_bearing_holdout,K003,S2_new_records,80,,47,0.0
R2_bearing_holdout,K003,S2_new_records,80,,48,0.0
R2_bearing_holdout,K003,S2_new_records,80,,49,0.1
R2_bearing_holdout,K003,S2_new_records,80,,50,0.0
R2_bearing_holdout,K003,S2_new_records,80,,51,0.0
R2_bearing_holdout,K003,S2_new_records,80,,52,0.1
R2_bearing_holdout,K003,S2_new_records,80,,53,0.0
R2_bearing_holdout,K003,S2_new_records,80,,54,0.0
R2_bearing_holdout,K003,S2_new_records,80,,55,0.0
R2_bearing_holdout,K003,S2_new_records,80,,56,0.0
R2_bearing_holdout,K003,S2_new_records,80,,57,0.0
R2_bearing_holdout,K003,S2_new_records,80,,58,0.15
R2_bearing_holdout,K003,S2_new_records,80,,59,0.0
R2_bearing_holdout,K003,S2_new_records,80,,60,0.15
R2_bearing_holdout,K003,S2_new_records,80,,61,0.0
R2_bearing_holdout,K003,S2_new_records,80,,62,0.0
R2_bearing_holdout,K003,S2_new_records,80,,63,0.0
R2_bearing_holdout,K003,S2_new_records,80,,64,0.1
R2_bearing_holdout,K003,S2_new_records,80,,65,0.05
R2_bearing_holdout,K003,S2_new_records,80,,66,0.1
R2_bearing_holdout,K003,S2_new_records,80,,67,0.0
R2_bearing_holdout,K003,S2_new_records,80,,68,0.1
R2_bearing_holdout,K003,S2_new_records,80,,69,0.0
R2_bearing_holdout,K003,S2_new_records,80,,70,0.0
R2_bearing_holdout,K003,S2_new_records,80,,71,0.0
R2_bearing_holdout,K003,S2_new_records,80,,72,0.0
R2_bearing_holdout,K003,S2_new_records,80,,73,0.0
R2_bearing_holdout,K003,S2_new_records,80,,74,0.0
R2_bearing_holdout,K003,S2_new_records,80,,75,0.0
R2_bearing_holdout,K003,S2_new_records,80,,76,0.15
R2_bearing_holdout,K003,S2_new_records,80,,77,0.0
R2_bearing_holdout,K003,S2_new_records,80,,78,0.0
R2_bearing_holdout,K003,S2_new_records,80,,79,0.0
R2_bearing_holdout,K003,S2_new_records,80,,80,0.0
R2_bearing_holdout,K003,S2_new_records,80,,81,0.0
R2_bearing_holdout,K003,S2_new_records,80,,82,0.0
R2_bearing_holdout,K003,S2_new_records,80,,83,0.0
R2_bearing_holdout,K003,S2_new_records,80,,84,0.0
R2_bearing_holdout,K003,S2_new_records,80,,85,0.0
R2_bearing_holdout,K003,S2_new_records,80,,86,0.05
R2_bearing_holdout,K003,S2_new_records,80,,87,0.15
R2_bearing_holdout,K003,S2_new_records,80,,88,0.0
R2_bearing_holdout,K003,S2_new_records,80,,89,0.0
R2_bearing_holdout,K003,S2_new_records,80,,90,0.0
R2_bearing_holdout,K003,S2_new_records,80,,91,0.1
R2_bearing_holdout,K003,S2_new_records,80,,92,0.0
R2_bearing_holdout,K003,S2_new_records,80,,93,0.0
R2_bearing_holdout,K003,S2_new_records,80,,94,0.0
R2_bearing_holdout,K003,S2_new_records,80,,95,0.0
R2_bearing_holdout,K003,S2_new_records,80,,96,0.0
R2_bearing_holdout,K003,S2_new_records,80,,97,0.0
R2_bearing_holdout,K003,S2_new_records,80,,98,0.0
R2_bearing_holdout,K003,S2_new_records,80,,99,0.2
R2_bearing_holdout,K003,S2_new_records,96,,0,0.0
R2_bearing_holdout,K003,S2_new_records,96,,1,0.0
R2_bearing_holdout,K003,S2_new_records,96,,2,0.0
R2_bearing_holdout,K003,S2_new_records,96,,3,0.0
R2_bearing_holdout,K003,S2_new_records,96,,4,0.0
R2_bearing_holdout,K003,S2_new_records,96,,5,0.0
R2_bearing_holdout,K003,S2_new_records,96,,6,0.0
R2_bearing_holdout,K003,S2_new_records,96,,7,0.0
R2_bearing_holdout,K003,S2_new_records,96,,8,0.0
R2_bearing_holdout,K003,S2_new_records,96,,9,0.0
R2_bearing_holdout,K003,S2_new_records,96,,10,0.1
R2_bearing_holdout,K003,S2_new_records,96,,11,0.0
R2_bearing_holdout,K003,S2_new_records,96,,12,0.0
R2_bearing_holdout,K003,S2_new_records,96,,13,0.0
R2_bearing_holdout,K003,S2_new_records,96,,14,0.1
R2_bearing_holdout,K003,S2_new_records,96,,15,0.0
R2_bearing_holdout,K003,S2_new_records,96,,16,0.0
R2_bearing_holdout,K003,S2_new_records,96,,17,0.0
R2_bearing_holdout,K003,S2_new_records,96,,18,0.0
R2_bearing_holdout,K003,S2_new_records,96,,19,0.0
R2_bearing_holdout,K003,S2_new_records,96,,20,0.05
R2_bearing_holdout,K003,S2_new_records,96,,21,0.0
R2_bearing_holdout,K003,S2_new_records,96,,22,0.0
R2_bearing_holdout,K003,S2_new_records,96,,23,0.0
R2_bearing_holdout,K003,S2_new_records,96,,24,0.1
R2_bearing_holdout,K003,S2_new_records,96,,25,0.0
R2_bearing_holdout,K003,S2_new_records,96,,26,0.0
R2_bearing_holdout,K003,S2_new_records,96,,27,0.0
R2_bearing_holdout,K003,S2_new_records,96,,28,0.0
R2_bearing_holdout,K003,S2_new_records,96,,29,0.0
R2_bearing_holdout,K003,S2_new_records,96,,30,0.0
R2_bearing_holdout,K003,S2_new_records,96,,31,0.0
R2_bearing_holdout,K003,S2_new_records,96,,32,0.0
R2_bearing_holdout,K003,S2_new_records,96,,33,0.0
R2_bearing_holdout,K003,S2_new_records,96,,34,0.0
R2_bearing_holdout,K003,S2_new_records,96,,35,0.0
R2_bearing_holdout,K003,S2_new_records,96,,36,0.2
R2_bearing_holdout,K003,S2_new_records,96,,37,0.0
R2_bearing_holdout,K003,S2_new_records,96,,38,0.0
R2_bearing_holdout,K003,S2_new_records,96,,39,0.0
R2_bearing_holdout,K003,S2_new_records,96,,40,0.15
R2_bearing_holdout,K003,S2_new_records,96,,41,0.0
R2_bearing_holdout,K003,S2_new_records,96,,42,0.0
R2_bearing_holdout,K003,S2_new_records,96,,43,0.0
R2_bearing_holdout,K003,S2_new_records,96,,44,0.1
R2_bearing_holdout,K003,S2_new_records,96,,45,0.0
R2_bearing_holdout,K003,S2_new_records,96,,46,0.0
R2_bearing_holdout,K003,S2_new_records,96,,47,0.0
R2_bearing_holdout,K003,S2_new_records,96,,48,0.0
R2_bearing_holdout,K003,S2_new_records,96,,49,0.0
R2_bearing_holdout,K003,S2_new_records,96,,50,0.0
R2_bearing_holdout,K003,S2_new_records,96,,51,0.0
R2_bearing_holdout,K003,S2_new_records,96,,52,0.0
R2_bearing_holdout,K003,S2_new_records,96,,53,0.15
R2_bearing_holdout,K003,S2_new_records,96,,54,0.0
R2_bearing_holdout,K003,S2_new_records,96,,55,0.0
R2_bearing_holdout,K003,S2_new_records,96,,56,0.0
R2_bearing_holdout,K003,S2_new_records,96,,57,0.05
R2_bearing_holdout,K003,S2_new_records,96,,58,0.0
R2_bearing_holdout,K003,S2_new_records,96,,59,0.0
R2_bearing_holdout,K003,S2_new_records,96,,60,0.1
R2_bearing_holdout,K003,S2_new_records,96,,61,0.15
R2_bearing_holdout,K003,S2_new_records,96,,62,0.0
R2_bearing_holdout,K003,S2_new_records,96,,63,0.0
R2_bearing_holdout,K003,S2_new_records,96,,64,0.0
R2_bearing_holdout,K003,S2_new_records,96,,65,0.0
R2_bearing_holdout,K003,S2_new_records,96,,66,0.0
R2_bearing_holdout,K003,S2_new_records,96,,67,0.0
R2_bearing_holdout,K003,S2_new_records,96,,68,0.0
R2_bearing_holdout,K003,S2_new_records,96,,69,0.0
R2_bearing_holdout,K003,S2_new_records,96,,70,0.0
R2_bearing_holdout,K003,S2_new_records,96,,71,0.0
R2_bearing_holdout,K003,S2_new_records,96,,72,0.05
R2_bearing_holdout,K003,S2_new_records,96,,73,0.05
R2_bearing_holdout,K003,S2_new_records,96,,74,0.0
R2_bearing_holdout,K003,S2_new_records,96,,75,0.0
R2_bearing_holdout,K003,S2_new_records,96,,76,0.0
R2_bearing_holdout,K003,S2_new_records,96,,77,0.0
R2_bearing_holdout,K003,S2_new_records,96,,78,0.0
R2_bearing_holdout,K003,S2_new_records,96,,79,0.0
R2_bearing_holdout,K003,S2_new_records,96,,80,0.0
R2_bearing_holdout,K003,S2_new_records,96,,81,0.0
R2_bearing_holdout,K003,S2_new_records,96,,82,0.0
R2_bearing_holdout,K003,S2_new_records,96,,83,0.0
R2_bearing_holdout,K003,S2_new_records,96,,84,0.0
R2_bearing_holdout,K003,S2_new_records,96,,85,0.0
R2_bearing_holdout,K003,S2_new_records,96,,86,0.0
R2_bearing_holdout,K003,S2_new_records,96,,87,0.1
R2_bearing_holdout,K003,S2_new_records,96,,88,0.0
R2_bearing_holdout,K003,S2_new_records,96,,89,0.0
R2_bearing_holdout,K003,S2_new_records,96,,90,0.0
R2_bearing_holdout,K003,S2_new_records,96,,91,0.0
R2_bearing_holdout,K003,S2_new_records,96,,92,0.0
R2_bearing_holdout,K003,S2_new_records,96,,93,0.0
R2_bearing_holdout,K003,S2_new_records,96,,94,0.0
R2_bearing_holdout,K003,S2_new_records,96,,95,0.0
R2_bearing_holdout,K003,S2_new_records,96,,96,0.0
R2_bearing_holdout,K003,S2_new_records,96,,97,0.1
R2_bearing_holdout,K003,S2_new_records,96,,98,0.0
R2_bearing_holdout,K003,S2_new_records,96,,99,0.0
R2_bearing_holdout,K003,S3_units,20,1.0,0,1.0
R2_bearing_holdout,K003,S3_units,20,1.0,1,1.0
R2_bearing_holdout,K003,S3_units,20,1.0,2,1.0
R2_bearing_holdout,K003,S3_units,20,1.0,3,0.6
R2_bearing_holdout,K003,S3_units,20,1.0,4,0.0
R2_bearing_holdout,K003,S3_units,20,1.0,5,1.0
R2_bearing_holdout,K003,S3_units,20,1.0,6,0.5
R2_bearing_holdout,K003,S3_units,20,1.0,7,1.0
R2_bearing_holdout,K003,S3_units,20,1.0,8,1.0
R2_bearing_holdout,K003,S3_units,20,1.0,9,1.0
R2_bearing_holdout,K003,S3_units,20,1.0,10,1.0
R2_bearing_holdout,K003,S3_units,20,1.0,11,0.5
R2_bearing_holdout,K003,S3_units,20,1.0,12,1.0
R2_bearing_holdout,K003,S3_units,20,1.0,13,0.5
R2_bearing_holdout,K003,S3_units,20,1.0,14,0.35
R2_bearing_holdout,K003,S3_units,20,1.0,15,0.25
R2_bearing_holdout,K003,S3_units,20,1.0,16,0.3
R2_bearing_holdout,K003,S3_units,20,1.0,17,1.0
R2_bearing_holdout,K003,S3_units,20,1.0,18,1.0
R2_bearing_holdout,K003,S3_units,20,1.0,19,0.45
R2_bearing_holdout,K003,S3_units,20,1.0,20,1.0
R2_bearing_holdout,K003,S3_units,20,1.0,21,1.0
R2_bearing_holdout,K003,S3_units,20,1.0,22,1.0
R2_bearing_holdout,K003,S3_units,20,1.0,23,0.3
R2_bearing_holdout,K003,S3_units,20,1.0,24,1.0
R2_bearing_holdout,K003,S3_units,20,1.0,25,1.0
R2_bearing_holdout,K003,S3_units,20,1.0,26,1.0
R2_bearing_holdout,K003,S3_units,20,1.0,27,1.0
R2_bearing_holdout,K003,S3_units,20,1.0,28,1.0
R2_bearing_holdout,K003,S3_units,20,1.0,29,1.0
R2_bearing_holdout,K003,S3_units,20,1.0,30,0.2
R2_bearing_holdout,K003,S3_units,20,1.0,31,0.4
R2_bearing_holdout,K003,S3_units,20,1.0,32,0.5
R2_bearing_holdout,K003,S3_units,20,1.0,33,1.0
R2_bearing_holdout,K003,S3_units,20,1.0,34,1.0
R2_bearing_holdout,K003,S3_units,20,1.0,35,0.2
R2_bearing_holdout,K003,S3_units,20,1.0,36,1.0
R2_bearing_holdout,K003,S3_units,20,1.0,37,0.2
R2_bearing_holdout,K003,S3_units,20,1.0,38,0.45
R2_bearing_holdout,K003,S3_units,20,1.0,39,1.0
R2_bearing_holdout,K003,S3_units,20,1.0,40,0.45
R2_bearing_holdout,K003,S3_units,20,1.0,41,1.0
R2_bearing_holdout,K003,S3_units,20,1.0,42,1.0
R2_bearing_holdout,K003,S3_units,20,1.0,43,0.4
R2_bearing_holdout,K003,S3_units,20,1.0,44,1.0
R2_bearing_holdout,K003,S3_units,20,1.0,45,1.0
R2_bearing_holdout,K003,S3_units,20,1.0,46,0.2
R2_bearing_holdout,K003,S3_units,20,1.0,47,0.25
R2_bearing_holdout,K003,S3_units,20,1.0,48,0.6
R2_bearing_holdout,K003,S3_units,20,1.0,49,0.25
R2_bearing_holdout,K003,S3_units,20,1.0,50,1.0
R2_bearing_holdout,K003,S3_units,20,1.0,51,1.0
R2_bearing_holdout,K003,S3_units,20,1.0,52,1.0
R2_bearing_holdout,K003,S3_units,20,1.0,53,1.0
R2_bearing_holdout,K003,S3_units,20,1.0,54,1.0
R2_bearing_holdout,K003,S3_units,20,1.0,55,1.0
R2_bearing_holdout,K003,S3_units,20,1.0,56,1.0
R2_bearing_holdout,K003,S3_units,20,1.0,57,1.0
R2_bearing_holdout,K003,S3_units,20,1.0,58,0.4
R2_bearing_holdout,K003,S3_units,20,1.0,59,1.0
R2_bearing_holdout,K003,S3_units,20,1.0,60,1.0
R2_bearing_holdout,K003,S3_units,20,1.0,61,1.0
R2_bearing_holdout,K003,S3_units,20,1.0,62,0.0
R2_bearing_holdout,K003,S3_units,20,1.0,63,1.0
R2_bearing_holdout,K003,S3_units,20,1.0,64,1.0
R2_bearing_holdout,K003,S3_units,20,1.0,65,1.0
R2_bearing_holdout,K003,S3_units,20,1.0,66,0.3
R2_bearing_holdout,K003,S3_units,20,1.0,67,0.45
R2_bearing_holdout,K003,S3_units,20,1.0,68,1.0
R2_bearing_holdout,K003,S3_units,20,1.0,69,0.4
R2_bearing_holdout,K003,S3_units,20,1.0,70,1.0
R2_bearing_holdout,K003,S3_units,20,1.0,71,0.2
R2_bearing_holdout,K003,S3_units,20,1.0,72,0.5
R2_bearing_holdout,K003,S3_units,20,1.0,73,1.0
R2_bearing_holdout,K003,S3_units,20,1.0,74,0.45
R2_bearing_holdout,K003,S3_units,20,1.0,75,1.0
R2_bearing_holdout,K003,S3_units,20,1.0,76,1.0
R2_bearing_holdout,K003,S3_units,20,1.0,77,1.0
R2_bearing_holdout,K003,S3_units,20,1.0,78,1.0
R2_bearing_holdout,K003,S3_units,20,1.0,79,0.2
R2_bearing_holdout,K003,S3_units,20,1.0,80,0.4
R2_bearing_holdout,K003,S3_units,20,1.0,81,1.0
R2_bearing_holdout,K003,S3_units,20,1.0,82,1.0
R2_bearing_holdout,K003,S3_units,20,1.0,83,1.0
R2_bearing_holdout,K003,S3_units,20,1.0,84,0.2
R2_bearing_holdout,K003,S3_units,20,1.0,85,0.55
R2_bearing_holdout,K003,S3_units,20,1.0,86,0.55
R2_bearing_holdout,K003,S3_units,20,1.0,87,1.0
R2_bearing_holdout,K003,S3_units,20,1.0,88,1.0
R2_bearing_holdout,K003,S3_units,20,1.0,89,1.0
R2_bearing_holdout,K003,S3_units,20,1.0,90,1.0
R2_bearing_holdout,K003,S3_units,20,1.0,91,1.0
R2_bearing_holdout,K003,S3_units,20,1.0,92,1.0
R2_bearing_holdout,K003,S3_units,20,1.0,93,1.0
R2_bearing_holdout,K003,S3_units,20,1.0,94,1.0
R2_bearing_holdout,K003,S3_units,20,1.0,95,0.35
R2_bearing_holdout,K003,S3_units,20,1.0,96,1.0
R2_bearing_holdout,K003,S3_units,20,1.0,97,1.0
R2_bearing_holdout,K003,S3_units,20,1.0,98,1.0
R2_bearing_holdout,K003,S3_units,20,1.0,99,1.0
R2_bearing_holdout,K003,S3_units,20,2.0,0,0.0
R2_bearing_holdout,K003,S3_units,20,2.0,1,0.0
R2_bearing_holdout,K003,S3_units,20,2.0,2,0.0
R2_bearing_holdout,K003,S3_units,20,2.0,3,0.9
R2_bearing_holdout,K003,S3_units,20,2.0,4,0.0
R2_bearing_holdout,K003,S3_units,20,2.0,5,1.0
R2_bearing_holdout,K003,S3_units,20,2.0,6,1.0
R2_bearing_holdout,K003,S3_units,20,2.0,7,0.7
R2_bearing_holdout,K003,S3_units,20,2.0,8,1.0
R2_bearing_holdout,K003,S3_units,20,2.0,9,0.35
R2_bearing_holdout,K003,S3_units,20,2.0,10,1.0
R2_bearing_holdout,K003,S3_units,20,2.0,11,0.9
R2_bearing_holdout,K003,S3_units,20,2.0,12,0.45
R2_bearing_holdout,K003,S3_units,20,2.0,13,0.2
R2_bearing_holdout,K003,S3_units,20,2.0,14,0.0
R2_bearing_holdout,K003,S3_units,20,2.0,15,0.65
R2_bearing_holdout,K003,S3_units,20,2.0,16,1.0
R2_bearing_holdout,K003,S3_units,20,2.0,17,0.35
R2_bearing_holdout,K003,S3_units,20,2.0,18,0.95
R2_bearing_holdout,K003,S3_units,20,2.0,19,1.0
R2_bearing_holdout,K003,S3_units,20,2.0,20,0.45
R2_bearing_holdout,K003,S3_units,20,2.0,21,0.2
R2_bearing_holdout,K003,S3_units,20,2.0,22,0.35
R2_bearing_holdout,K003,S3_units,20,2.0,23,0.0
R2_bearing_holdout,K003,S3_units,20,2.0,24,0.0
R2_bearing_holdout,K003,S3_units,20,2.0,25,0.45
R2_bearing_holdout,K003,S3_units,20,2.0,26,0.0
R2_bearing_holdout,K003,S3_units,20,2.0,27,0.0
R2_bearing_holdout,K003,S3_units,20,2.0,28,0.35
R2_bearing_holdout,K003,S3_units,20,2.0,29,0.0
R2_bearing_holdout,K003,S3_units,20,2.0,30,1.0
R2_bearing_holdout,K003,S3_units,20,2.0,31,0.9
R2_bearing_holdout,K003,S3_units,20,2.0,32,0.95
R2_bearing_holdout,K003,S3_units,20,2.0,33,0.9
R2_bearing_holdout,K003,S3_units,20,2.0,34,0.0
R2_bearing_holdout,K003,S3_units,20,2.0,35,1.0
R2_bearing_holdout,K003,S3_units,20,2.0,36,0.7
R2_bearing_holdout,K003,S3_units,20,2.0,37,0.2
R2_bearing_holdout,K003,S3_units,20,2.0,38,0.0
R2_bearing_holdout,K003,S3_units,20,2.0,39,1.0
R2_bearing_holdout,K003,S3_units,20,2.0,40,0.95
R2_bearing_holdout,K003,S3_units,20,2.0,41,1.0
R2_bearing_holdout,K003,S3_units,20,2.0,42,0.0
R2_bearing_holdout,K003,S3_units,20,2.0,43,0.7
R2_bearing_holdout,K003,S3_units,20,2.0,44,1.0
R2_bearing_holdout,K003,S3_units,20,2.0,45,1.0
R2_bearing_holdout,K003,S3_units,20,2.0,46,0.05
R2_bearing_holdout,K003,S3_units,20,2.0,47,0.0
R2_bearing_holdout,K003,S3_units,20,2.0,48,0.4
R2_bearing_holdout,K003,S3_units,20,2.0,49,0.9
R2_bearing_holdout,K003,S3_units,20,2.0,50,0.9
R2_bearing_holdout,K003,S3_units,20,2.0,51,1.0
R2_bearing_holdout,K003,S3_units,20,2.0,52,0.0
R2_bearing_holdout,K003,S3_units,20,2.0,53,0.85
R2_bearing_holdout,K003,S3_units,20,2.0,54,0.15
R2_bearing_holdout,K003,S3_units,20,2.0,55,1.0
R2_bearing_holdout,K003,S3_units,20,2.0,56,0.25
R2_bearing_holdout,K003,S3_units,20,2.0,57,1.0
R2_bearing_holdout,K003,S3_units,20,2.0,58,0.45
R2_bearing_holdout,K003,S3_units,20,2.0,59,1.0
R2_bearing_holdout,K003,S3_units,20,2.0,60,1.0
R2_bearing_holdout,K003,S3_units,20,2.0,61,0.25
R2_bearing_holdout,K003,S3_units,20,2.0,62,0.0
R2_bearing_holdout,K003,S3_units,20,2.0,63,0.0
R2_bearing_holdout,K003,S3_units,20,2.0,64,0.0
R2_bearing_holdout,K003,S3_units,20,2.0,65,0.0
R2_bearing_holdout,K003,S3_units,20,2.0,66,0.2
R2_bearing_holdout,K003,S3_units,20,2.0,67,0.25
R2_bearing_holdout,K003,S3_units,20,2.0,68,0.4
R2_bearing_holdout,K003,S3_units,20,2.0,69,0.0
R2_bearing_holdout,K003,S3_units,20,2.0,70,0.6
R2_bearing_holdout,K003,S3_units,20,2.0,71,0.0
R2_bearing_holdout,K003,S3_units,20,2.0,72,1.0
R2_bearing_holdout,K003,S3_units,20,2.0,73,0.0
R2_bearing_holdout,K003,S3_units,20,2.0,74,1.0
R2_bearing_holdout,K003,S3_units,20,2.0,75,0.0
R2_bearing_holdout,K003,S3_units,20,2.0,76,0.6
R2_bearing_holdout,K003,S3_units,20,2.0,77,0.4
R2_bearing_holdout,K003,S3_units,20,2.0,78,0.35
R2_bearing_holdout,K003,S3_units,20,2.0,79,0.95
R2_bearing_holdout,K003,S3_units,20,2.0,80,0.0
R2_bearing_holdout,K003,S3_units,20,2.0,81,0.6
R2_bearing_holdout,K003,S3_units,20,2.0,82,0.0
R2_bearing_holdout,K003,S3_units,20,2.0,83,0.0
R2_bearing_holdout,K003,S3_units,20,2.0,84,0.85
R2_bearing_holdout,K003,S3_units,20,2.0,85,0.25
R2_bearing_holdout,K003,S3_units,20,2.0,86,0.0
R2_bearing_holdout,K003,S3_units,20,2.0,87,0.45
R2_bearing_holdout,K003,S3_units,20,2.0,88,1.0
R2_bearing_holdout,K003,S3_units,20,2.0,89,1.0
R2_bearing_holdout,K003,S3_units,20,2.0,90,0.6
R2_bearing_holdout,K003,S3_units,20,2.0,91,0.7
R2_bearing_holdout,K003,S3_units,20,2.0,92,0.15
R2_bearing_holdout,K003,S3_units,20,2.0,93,0.0
R2_bearing_holdout,K003,S3_units,20,2.0,94,0.9
R2_bearing_holdout,K003,S3_units,20,2.0,95,1.0
R2_bearing_holdout,K003,S3_units,20,2.0,96,0.5
R2_bearing_holdout,K003,S3_units,20,2.0,97,0.45
R2_bearing_holdout,K003,S3_units,20,2.0,98,0.0
R2_bearing_holdout,K003,S3_units,20,2.0,99,0.8
R2_bearing_holdout,K003,S3_units,20,3.0,0,0.95
R2_bearing_holdout,K003,S3_units,20,3.0,1,0.0
R2_bearing_holdout,K003,S3_units,20,3.0,2,0.65
R2_bearing_holdout,K003,S3_units,20,3.0,3,0.55
R2_bearing_holdout,K003,S3_units,20,3.0,4,0.0
R2_bearing_holdout,K003,S3_units,20,3.0,5,0.0
R2_bearing_holdout,K003,S3_units,20,3.0,6,0.0
R2_bearing_holdout,K003,S3_units,20,3.0,7,0.5
R2_bearing_holdout,K003,S3_units,20,3.0,8,0.1
R2_bearing_holdout,K003,S3_units,20,3.0,9,1.0
R2_bearing_holdout,K003,S3_units,20,3.0,10,0.5
R2_bearing_holdout,K003,S3_units,20,3.0,11,0.9
R2_bearing_holdout,K003,S3_units,20,3.0,12,0.0
R2_bearing_holdout,K003,S3_units,20,3.0,13,0.35
R2_bearing_holdout,K003,S3_units,20,3.0,14,0.0
R2_bearing_holdout,K003,S3_units,20,3.0,15,0.0
R2_bearing_holdout,K003,S3_units,20,3.0,16,0.0
R2_bearing_holdout,K003,S3_units,20,3.0,17,0.0
R2_bearing_holdout,K003,S3_units,20,3.0,18,0.55
R2_bearing_holdout,K003,S3_units,20,3.0,19,0.0
R2_bearing_holdout,K003,S3_units,20,3.0,20,0.1
R2_bearing_holdout,K003,S3_units,20,3.0,21,0.0
R2_bearing_holdout,K003,S3_units,20,3.0,22,0.65
R2_bearing_holdout,K003,S3_units,20,3.0,23,0.0
R2_bearing_holdout,K003,S3_units,20,3.0,24,0.0
R2_bearing_holdout,K003,S3_units,20,3.0,25,0.0
R2_bearing_holdout,K003,S3_units,20,3.0,26,0.0
R2_bearing_holdout,K003,S3_units,20,3.0,27,0.0
R2_bearing_holdout,K003,S3_units,20,3.0,28,0.25
R2_bearing_holdout,K003,S3_units,20,3.0,29,0.0
R2_bearing_holdout,K003,S3_units,20,3.0,30,0.35
R2_bearing_holdout,K003,S3_units,20,3.0,31,0.0
R2_bearing_holdout,K003,S3_units,20,3.0,32,0.4
R2_bearing_holdout,K003,S3_units,20,3.0,33,0.0
R2_bearing_holdout,K003,S3_units,20,3.0,34,0.35
R2_bearing_holdout,K003,S3_units,20,3.0,35,0.85
R2_bearing_holdout,K003,S3_units,20,3.0,36,0.3
R2_bearing_holdout,K003,S3_units,20,3.0,37,0.85
R2_bearing_holdout,K003,S3_units,20,3.0,38,0.6
R2_bearing_holdout,K003,S3_units,20,3.0,39,0.0
R2_bearing_holdout,K003,S3_units,20,3.0,40,0.0
R2_bearing_holdout,K003,S3_units,20,3.0,41,0.9
R2_bearing_holdout,K003,S3_units,20,3.0,42,0.0
R2_bearing_holdout,K003,S3_units,20,3.0,43,0.0
R2_bearing_holdout,K003,S3_units,20,3.0,44,0.3
R2_bearing_holdout,K003,S3_units,20,3.0,45,0.85
R2_bearing_holdout,K003,S3_units,20,3.0,46,0.0
R2_bearing_holdout,K003,S3_units,20,3.0,47,0.7
R2_bearing_holdout,K003,S3_units,20,3.0,48,0.05
R2_bearing_holdout,K003,S3_units,20,3.0,49,0.7
R2_bearing_holdout,K003,S3_units,20,3.0,50,0.15
R2_bearing_holdout,K003,S3_units,20,3.0,51,0.65
R2_bearing_holdout,K003,S3_units,20,3.0,52,0.0
R2_bearing_holdout,K003,S3_units,20,3.0,53,0.0
R2_bearing_holdout,K003,S3_units,20,3.0,54,0.0
R2_bearing_holdout,K003,S3_units,20,3.0,55,0.0
R2_bearing_holdout,K003,S3_units,20,3.0,56,0.9
R2_bearing_holdout,K003,S3_units,20,3.0,57,0.0
R2_bearing_holdout,K003,S3_units,20,3.0,58,0.0
R2_bearing_holdout,K003,S3_units,20,3.0,59,0.0
R2_bearing_holdout,K003,S3_units,20,3.0,60,0.0
R2_bearing_holdout,K003,S3_units,20,3.0,61,0.0
R2_bearing_holdout,K003,S3_units,20,3.0,62,0.25
R2_bearing_holdout,K003,S3_units,20,3.0,63,0.9
R2_bearing_holdout,K003,S3_units,20,3.0,64,0.0
R2_bearing_holdout,K003,S3_units,20,3.0,65,0.25
R2_bearing_holdout,K003,S3_units,20,3.0,66,0.0
R2_bearing_holdout,K003,S3_units,20,3.0,67,0.0
R2_bearing_holdout,K003,S3_units,20,3.0,68,0.0
R2_bearing_holdout,K003,S3_units,20,3.0,69,0.65
R2_bearing_holdout,K003,S3_units,20,3.0,70,0.75
R2_bearing_holdout,K003,S3_units,20,3.0,71,0.85
R2_bearing_holdout,K003,S3_units,20,3.0,72,0.7
R2_bearing_holdout,K003,S3_units,20,3.0,73,0.0
R2_bearing_holdout,K003,S3_units,20,3.0,74,0.0
R2_bearing_holdout,K003,S3_units,20,3.0,75,0.5
R2_bearing_holdout,K003,S3_units,20,3.0,76,0.0
R2_bearing_holdout,K003,S3_units,20,3.0,77,0.0
R2_bearing_holdout,K003,S3_units,20,3.0,78,0.0
R2_bearing_holdout,K003,S3_units,20,3.0,79,0.0
R2_bearing_holdout,K003,S3_units,20,3.0,80,0.0
R2_bearing_holdout,K003,S3_units,20,3.0,81,0.0
R2_bearing_holdout,K003,S3_units,20,3.0,82,0.0
R2_bearing_holdout,K003,S3_units,20,3.0,83,0.0
R2_bearing_holdout,K003,S3_units,20,3.0,84,0.0
R2_bearing_holdout,K003,S3_units,20,3.0,85,0.45
R2_bearing_holdout,K003,S3_units,20,3.0,86,0.0
R2_bearing_holdout,K003,S3_units,20,3.0,87,0.0
R2_bearing_holdout,K003,S3_units,20,3.0,88,0.3
R2_bearing_holdout,K003,S3_units,20,3.0,89,0.0
R2_bearing_holdout,K003,S3_units,20,3.0,90,0.0
R2_bearing_holdout,K003,S3_units,20,3.0,91,1.0
R2_bearing_holdout,K003,S3_units,20,3.0,92,0.45
R2_bearing_holdout,K003,S3_units,20,3.0,93,0.0
R2_bearing_holdout,K003,S3_units,20,3.0,94,0.9
R2_bearing_holdout,K003,S3_units,20,3.0,95,0.0
R2_bearing_holdout,K003,S3_units,20,3.0,96,0.45
R2_bearing_holdout,K003,S3_units,20,3.0,97,0.2
R2_bearing_holdout,K003,S3_units,20,3.0,98,0.0
R2_bearing_holdout,K003,S3_units,20,3.0,99,0.75
R2_bearing_holdout,K003,S3_units,20,4.0,0,1.0
R2_bearing_holdout,K003,S3_units,20,4.0,1,0.0
R2_bearing_holdout,K003,S3_units,20,4.0,2,0.45
R2_bearing_holdout,K003,S3_units,20,4.0,3,1.0
R2_bearing_holdout,K003,S3_units,20,4.0,4,0.0
R2_bearing_holdout,K003,S3_units,20,4.0,5,1.0
R2_bearing_holdout,K003,S3_units,20,4.0,6,0.0
R2_bearing_holdout,K003,S3_units,20,4.0,7,0.9
R2_bearing_holdout,K003,S3_units,20,4.0,8,0.45
R2_bearing_holdout,K003,S3_units,20,4.0,9,0.1
R2_bearing_holdout,K003,S3_units,20,4.0,10,0.85
R2_bearing_holdout,K003,S3_units,20,4.0,11,0.0
R2_bearing_holdout,K003,S3_units,20,4.0,12,0.0
R2_bearing_holdout,K003,S3_units,20,4.0,13,0.0
R2_bearing_holdout,K003,S3_units,20,4.0,14,1.0
R2_bearing_holdout,K003,S3_units,20,4.0,15,0.35
R2_bearing_holdout,K003,S3_units,20,4.0,16,0.0
R2_bearing_holdout,K003,S3_units,20,4.0,17,0.95
R2_bearing_holdout,K003,S3_units,20,4.0,18,0.25
R2_bearing_holdout,K003,S3_units,20,4.0,19,0.7
R2_bearing_holdout,K003,S3_units,20,4.0,20,0.0
R2_bearing_holdout,K003,S3_units,20,4.0,21,0.0
R2_bearing_holdout,K003,S3_units,20,4.0,22,0.65
R2_bearing_holdout,K003,S3_units,20,4.0,23,0.0
R2_bearing_holdout,K003,S3_units,20,4.0,24,0.8
R2_bearing_holdout,K003,S3_units,20,4.0,25,0.75
R2_bearing_holdout,K003,S3_units,20,4.0,26,0.0
R2_bearing_holdout,K003,S3_units,20,4.0,27,0.0
R2_bearing_holdout,K003,S3_units,20,4.0,28,0.55
R2_bearing_holdout,K003,S3_units,20,4.0,29,0.0
R2_bearing_holdout,K003,S3_units,20,4.0,30,0.35
R2_bearing_holdout,K003,S3_units,20,4.0,31,0.8
R2_bearing_holdout,K003,S3_units,20,4.0,32,0.0
R2_bearing_holdout,K003,S3_units,20,4.0,33,0.0
R2_bearing_holdout,K003,S3_units,20,4.0,34,0.0
R2_bearing_holdout,K003,S3_units,20,4.0,35,0.0
R2_bearing_holdout,K003,S3_units,20,4.0,36,0.75
R2_bearing_holdout,K003,S3_units,20,4.0,37,0.65
R2_bearing_holdout,K003,S3_units,20,4.0,38,0.0
R2_bearing_holdout,K003,S3_units,20,4.0,39,0.35
R2_bearing_holdout,K003,S3_units,20,4.0,40,0.0
R2_bearing_holdout,K003,S3_units,20,4.0,41,0.45
R2_bearing_holdout,K003,S3_units,20,4.0,42,0.6
R2_bearing_holdout,K003,S3_units,20,4.0,43,0.9
R2_bearing_holdout,K003,S3_units,20,4.0,44,0.0
R2_bearing_holdout,K003,S3_units,20,4.0,45,0.0
R2_bearing_holdout,K003,S3_units,20,4.0,46,0.0
R2_bearing_holdout,K003,S3_units,20,4.0,47,1.0
R2_bearing_holdout,K003,S3_units,20,4.0,48,0.0
R2_bearing_holdout,K003,S3_units,20,4.0,49,0.0
R2_bearing_holdout,K003,S3_units,20,4.0,50,0.0
R2_bearing_holdout,K003,S3_units,20,4.0,51,0.25
R2_bearing_holdout,K003,S3_units,20,4.0,52,0.4
R2_bearing_holdout,K003,S3_units,20,4.0,53,0.0
R2_bearing_holdout,K003,S3_units,20,4.0,54,0.8
R2_bearing_holdout,K003,S3_units,20,4.0,55,0.35
R2_bearing_holdout,K003,S3_units,20,4.0,56,0.0
R2_bearing_holdout,K003,S3_units,20,4.0,57,0.0
R2_bearing_holdout,K003,S3_units,20,4.0,58,0.7
R2_bearing_holdout,K003,S3_units,20,4.0,59,0.0
R2_bearing_holdout,K003,S3_units,20,4.0,60,0.0
R2_bearing_holdout,K003,S3_units,20,4.0,61,0.0
R2_bearing_holdout,K003,S3_units,20,4.0,62,0.0
R2_bearing_holdout,K003,S3_units,20,4.0,63,0.95
R2_bearing_holdout,K003,S3_units,20,4.0,64,0.0
R2_bearing_holdout,K003,S3_units,20,4.0,65,0.2
R2_bearing_holdout,K003,S3_units,20,4.0,66,0.0
R2_bearing_holdout,K003,S3_units,20,4.0,67,0.0
R2_bearing_holdout,K003,S3_units,20,4.0,68,0.5
R2_bearing_holdout,K003,S3_units,20,4.0,69,0.4
R2_bearing_holdout,K003,S3_units,20,4.0,70,0.8
R2_bearing_holdout,K003,S3_units,20,4.0,71,0.3
R2_bearing_holdout,K003,S3_units,20,4.0,72,0.35
R2_bearing_holdout,K003,S3_units,20,4.0,73,0.55
R2_bearing_holdout,K003,S3_units,20,4.0,74,0.8
R2_bearing_holdout,K003,S3_units,20,4.0,75,0.3
R2_bearing_holdout,K003,S3_units,20,4.0,76,0.0
R2_bearing_holdout,K003,S3_units,20,4.0,77,0.3
R2_bearing_holdout,K003,S3_units,20,4.0,78,0.0
R2_bearing_holdout,K003,S3_units,20,4.0,79,0.3
R2_bearing_holdout,K003,S3_units,20,4.0,80,0.0
R2_bearing_holdout,K003,S3_units,20,4.0,81,1.0
R2_bearing_holdout,K003,S3_units,20,4.0,82,0.6
R2_bearing_holdout,K003,S3_units,20,4.0,83,0.3
R2_bearing_holdout,K003,S3_units,20,4.0,84,1.0
R2_bearing_holdout,K003,S3_units,20,4.0,85,0.75
R2_bearing_holdout,K003,S3_units,20,4.0,86,0.65
R2_bearing_holdout,K003,S3_units,20,4.0,87,0.6
R2_bearing_holdout,K003,S3_units,20,4.0,88,0.6
R2_bearing_holdout,K003,S3_units,20,4.0,89,0.0
R2_bearing_holdout,K003,S3_units,20,4.0,90,0.55
R2_bearing_holdout,K003,S3_units,20,4.0,91,0.0
R2_bearing_holdout,K003,S3_units,20,4.0,92,0.0
R2_bearing_holdout,K003,S3_units,20,4.0,93,0.0
R2_bearing_holdout,K003,S3_units,20,4.0,94,0.0
R2_bearing_holdout,K003,S3_units,20,4.0,95,0.95
R2_bearing_holdout,K003,S3_units,20,4.0,96,0.0
R2_bearing_holdout,K003,S3_units,20,4.0,97,0.95
R2_bearing_holdout,K003,S3_units,20,4.0,98,0.0
R2_bearing_holdout,K003,S3_units,20,4.0,99,0.4
R2_bearing_holdout,K003,S3_units,20,5.0,0,0.0
R2_bearing_holdout,K003,S3_units,20,5.0,1,0.15
R2_bearing_holdout,K003,S3_units,20,5.0,2,0.0
R2_bearing_holdout,K003,S3_units,20,5.0,3,0.0
R2_bearing_holdout,K003,S3_units,20,5.0,4,0.05
R2_bearing_holdout,K003,S3_units,20,5.0,5,0.0
R2_bearing_holdout,K003,S3_units,20,5.0,6,0.0
R2_bearing_holdout,K003,S3_units,20,5.0,7,0.0
R2_bearing_holdout,K003,S3_units,20,5.0,8,0.0
R2_bearing_holdout,K003,S3_units,20,5.0,9,0.0
R2_bearing_holdout,K003,S3_units,20,5.0,10,0.0
R2_bearing_holdout,K003,S3_units,20,5.0,11,0.0
R2_bearing_holdout,K003,S3_units,20,5.0,12,0.0
R2_bearing_holdout,K003,S3_units,20,5.0,13,0.0
R2_bearing_holdout,K003,S3_units,20,5.0,14,0.0
R2_bearing_holdout,K003,S3_units,20,5.0,15,0.0
R2_bearing_holdout,K003,S3_units,20,5.0,16,0.2
R2_bearing_holdout,K003,S3_units,20,5.0,17,0.0
R2_bearing_holdout,K003,S3_units,20,5.0,18,0.0
R2_bearing_holdout,K003,S3_units,20,5.0,19,0.0
R2_bearing_holdout,K003,S3_units,20,5.0,20,0.2
R2_bearing_holdout,K003,S3_units,20,5.0,21,0.0
R2_bearing_holdout,K003,S3_units,20,5.0,22,0.0
R2_bearing_holdout,K003,S3_units,20,5.0,23,0.0
R2_bearing_holdout,K003,S3_units,20,5.0,24,0.0
R2_bearing_holdout,K003,S3_units,20,5.0,25,0.0
R2_bearing_holdout,K003,S3_units,20,5.0,26,0.0
R2_bearing_holdout,K003,S3_units,20,5.0,27,0.0
R2_bearing_holdout,K003,S3_units,20,5.0,28,0.0
R2_bearing_holdout,K003,S3_units,20,5.0,29,0.0
R2_bearing_holdout,K003,S3_units,20,5.0,30,0.0
R2_bearing_holdout,K003,S3_units,20,5.0,31,0.0
R2_bearing_holdout,K003,S3_units,20,5.0,32,0.0
R2_bearing_holdout,K003,S3_units,20,5.0,33,0.0
R2_bearing_holdout,K003,S3_units,20,5.0,34,0.0
R2_bearing_holdout,K003,S3_units,20,5.0,35,0.0
R2_bearing_holdout,K003,S3_units,20,5.0,36,0.0
R2_bearing_holdout,K003,S3_units,20,5.0,37,0.0
R2_bearing_holdout,K003,S3_units,20,5.0,38,0.0
R2_bearing_holdout,K003,S3_units,20,5.0,39,0.0
R2_bearing_holdout,K003,S3_units,20,5.0,40,0.0
R2_bearing_holdout,K003,S3_units,20,5.0,41,0.0
R2_bearing_holdout,K003,S3_units,20,5.0,42,0.0
R2_bearing_holdout,K003,S3_units,20,5.0,43,0.0
R2_bearing_holdout,K003,S3_units,20,5.0,44,0.0
R2_bearing_holdout,K003,S3_units,20,5.0,45,0.0
R2_bearing_holdout,K003,S3_units,20,5.0,46,0.0
R2_bearing_holdout,K003,S3_units,20,5.0,47,0.0
R2_bearing_holdout,K003,S3_units,20,5.0,48,0.0
R2_bearing_holdout,K003,S3_units,20,5.0,49,0.0
R2_bearing_holdout,K003,S3_units,20,5.0,50,0.0
R2_bearing_holdout,K003,S3_units,20,5.0,51,0.0
R2_bearing_holdout,K003,S3_units,20,5.0,52,0.0
R2_bearing_holdout,K003,S3_units,20,5.0,53,0.0
R2_bearing_holdout,K003,S3_units,20,5.0,54,0.35
R2_bearing_holdout,K003,S3_units,20,5.0,55,0.0
R2_bearing_holdout,K003,S3_units,20,5.0,56,0.0
R2_bearing_holdout,K003,S3_units,20,5.0,57,0.0
R2_bearing_holdout,K003,S3_units,20,5.0,58,0.0
R2_bearing_holdout,K003,S3_units,20,5.0,59,0.0
R2_bearing_holdout,K003,S3_units,20,5.0,60,0.0
R2_bearing_holdout,K003,S3_units,20,5.0,61,0.0
R2_bearing_holdout,K003,S3_units,20,5.0,62,0.0
R2_bearing_holdout,K003,S3_units,20,5.0,63,0.0
R2_bearing_holdout,K003,S3_units,20,5.0,64,0.0
R2_bearing_holdout,K003,S3_units,20,5.0,65,0.0
R2_bearing_holdout,K003,S3_units,20,5.0,66,0.0
R2_bearing_holdout,K003,S3_units,20,5.0,67,0.0
R2_bearing_holdout,K003,S3_units,20,5.0,68,0.0
R2_bearing_holdout,K003,S3_units,20,5.0,69,0.0
R2_bearing_holdout,K003,S3_units,20,5.0,70,0.0
R2_bearing_holdout,K003,S3_units,20,5.0,71,0.0
R2_bearing_holdout,K003,S3_units,20,5.0,72,0.0
R2_bearing_holdout,K003,S3_units,20,5.0,73,0.0
R2_bearing_holdout,K003,S3_units,20,5.0,74,0.05
R2_bearing_holdout,K003,S3_units,20,5.0,75,0.0
R2_bearing_holdout,K003,S3_units,20,5.0,76,0.3
R2_bearing_holdout,K003,S3_units,20,5.0,77,0.05
R2_bearing_holdout,K003,S3_units,20,5.0,78,0.1
R2_bearing_holdout,K003,S3_units,20,5.0,79,0.0
R2_bearing_holdout,K003,S3_units,20,5.0,80,0.0
R2_bearing_holdout,K003,S3_units,20,5.0,81,0.0
R2_bearing_holdout,K003,S3_units,20,5.0,82,0.0
R2_bearing_holdout,K003,S3_units,20,5.0,83,0.0
R2_bearing_holdout,K003,S3_units,20,5.0,84,0.0
R2_bearing_holdout,K003,S3_units,20,5.0,85,0.0
R2_bearing_holdout,K003,S3_units,20,5.0,86,0.0
R2_bearing_holdout,K003,S3_units,20,5.0,87,0.0
R2_bearing_holdout,K003,S3_units,20,5.0,88,0.1
R2_bearing_holdout,K003,S3_units,20,5.0,89,0.0
R2_bearing_holdout,K003,S3_units,20,5.0,90,0.0
R2_bearing_holdout,K003,S3_units,20,5.0,91,0.0
R2_bearing_holdout,K003,S3_units,20,5.0,92,0.0
R2_bearing_holdout,K003,S3_units,20,5.0,93,0.0
R2_bearing_holdout,K003,S3_units,20,5.0,94,0.0
R2_bearing_holdout,K003,S3_units,20,5.0,95,0.0
R2_bearing_holdout,K003,S3_units,20,5.0,96,0.0
R2_bearing_holdout,K003,S3_units,20,5.0,97,0.0
R2_bearing_holdout,K003,S3_units,20,5.0,98,0.0
R2_bearing_holdout,K003,S3_units,20,5.0,99,0.0
R2_bearing_holdout,K004,S1_resample,10,,0,0.0
R2_bearing_holdout,K004,S1_resample,10,,1,0.0
R2_bearing_holdout,K004,S1_resample,10,,2,0.0
R2_bearing_holdout,K004,S1_resample,10,,3,1.0
R2_bearing_holdout,K004,S1_resample,10,,4,1.0
R2_bearing_holdout,K004,S1_resample,10,,5,1.0
R2_bearing_holdout,K004,S1_resample,10,,6,1.0
R2_bearing_holdout,K004,S1_resample,10,,7,1.0
R2_bearing_holdout,K004,S1_resample,10,,8,0.0
R2_bearing_holdout,K004,S1_resample,10,,9,0.0
R2_bearing_holdout,K004,S1_resample,10,,10,1.0
R2_bearing_holdout,K004,S1_resample,10,,11,0.0
R2_bearing_holdout,K004,S1_resample,10,,12,0.0
R2_bearing_holdout,K004,S1_resample,10,,13,1.0
R2_bearing_holdout,K004,S1_resample,10,,14,1.0
R2_bearing_holdout,K004,S1_resample,10,,15,1.0
R2_bearing_holdout,K004,S1_resample,10,,16,1.0
R2_bearing_holdout,K004,S1_resample,10,,17,1.0
R2_bearing_holdout,K004,S1_resample,10,,18,1.0
R2_bearing_holdout,K004,S1_resample,10,,19,1.0
R2_bearing_holdout,K004,S1_resample,10,,20,1.0
R2_bearing_holdout,K004,S1_resample,10,,21,1.0
R2_bearing_holdout,K004,S1_resample,10,,22,1.0
R2_bearing_holdout,K004,S1_resample,10,,23,1.0
R2_bearing_holdout,K004,S1_resample,10,,24,1.0
R2_bearing_holdout,K004,S1_resample,10,,25,0.0
R2_bearing_holdout,K004,S1_resample,10,,26,1.0
R2_bearing_holdout,K004,S1_resample,10,,27,1.0
R2_bearing_holdout,K004,S1_resample,10,,28,1.0
R2_bearing_holdout,K004,S1_resample,10,,29,1.0
R2_bearing_holdout,K004,S1_resample,10,,30,0.0
R2_bearing_holdout,K004,S1_resample,10,,31,0.0
R2_bearing_holdout,K004,S1_resample,10,,32,1.0
R2_bearing_holdout,K004,S1_resample,10,,33,1.0
R2_bearing_holdout,K004,S1_resample,10,,34,0.0
R2_bearing_holdout,K004,S1_resample,10,,35,1.0
R2_bearing_holdout,K004,S1_resample,10,,36,0.0
R2_bearing_holdout,K004,S1_resample,10,,37,1.0
R2_bearing_holdout,K004,S1_resample,10,,38,1.0
R2_bearing_holdout,K004,S1_resample,10,,39,1.0
R2_bearing_holdout,K004,S1_resample,10,,40,1.0
R2_bearing_holdout,K004,S1_resample,10,,41,1.0
R2_bearing_holdout,K004,S1_resample,10,,42,0.0
R2_bearing_holdout,K004,S1_resample,10,,43,0.0
R2_bearing_holdout,K004,S1_resample,10,,44,1.0
R2_bearing_holdout,K004,S1_resample,10,,45,1.0
R2_bearing_holdout,K004,S1_resample,10,,46,1.0
R2_bearing_holdout,K004,S1_resample,10,,47,1.0
R2_bearing_holdout,K004,S1_resample,10,,48,0.0
R2_bearing_holdout,K004,S1_resample,10,,49,1.0
R2_bearing_holdout,K004,S1_resample,10,,50,0.0
R2_bearing_holdout,K004,S1_resample,10,,51,1.0
R2_bearing_holdout,K004,S1_resample,10,,52,0.0
R2_bearing_holdout,K004,S1_resample,10,,53,1.0
R2_bearing_holdout,K004,S1_resample,10,,54,1.0
R2_bearing_holdout,K004,S1_resample,10,,55,1.0
R2_bearing_holdout,K004,S1_resample,10,,56,1.0
R2_bearing_holdout,K004,S1_resample,10,,57,1.0
R2_bearing_holdout,K004,S1_resample,10,,58,0.0
R2_bearing_holdout,K004,S1_resample,10,,59,1.0
R2_bearing_holdout,K004,S1_resample,10,,60,1.0
R2_bearing_holdout,K004,S1_resample,10,,61,0.0
R2_bearing_holdout,K004,S1_resample,10,,62,1.0
R2_bearing_holdout,K004,S1_resample,10,,63,0.0
R2_bearing_holdout,K004,S1_resample,10,,64,1.0
R2_bearing_holdout,K004,S1_resample,10,,65,1.0
R2_bearing_holdout,K004,S1_resample,10,,66,1.0
R2_bearing_holdout,K004,S1_resample,10,,67,1.0
R2_bearing_holdout,K004,S1_resample,10,,68,1.0
R2_bearing_holdout,K004,S1_resample,10,,69,0.0
R2_bearing_holdout,K004,S1_resample,10,,70,1.0
R2_bearing_holdout,K004,S1_resample,10,,71,1.0
R2_bearing_holdout,K004,S1_resample,10,,72,1.0
R2_bearing_holdout,K004,S1_resample,10,,73,0.0
R2_bearing_holdout,K004,S1_resample,10,,74,1.0
R2_bearing_holdout,K004,S1_resample,10,,75,1.0
R2_bearing_holdout,K004,S1_resample,10,,76,1.0
R2_bearing_holdout,K004,S1_resample,10,,77,1.0
R2_bearing_holdout,K004,S1_resample,10,,78,1.0
R2_bearing_holdout,K004,S1_resample,10,,79,0.0
R2_bearing_holdout,K004,S1_resample,10,,80,0.0
R2_bearing_holdout,K004,S1_resample,10,,81,0.0
R2_bearing_holdout,K004,S1_resample,10,,82,0.0
R2_bearing_holdout,K004,S1_resample,10,,83,1.0
R2_bearing_holdout,K004,S1_resample,10,,84,1.0
R2_bearing_holdout,K004,S1_resample,10,,85,0.0
R2_bearing_holdout,K004,S1_resample,10,,86,1.0
R2_bearing_holdout,K004,S1_resample,10,,87,1.0
R2_bearing_holdout,K004,S1_resample,10,,88,1.0
R2_bearing_holdout,K004,S1_resample,10,,89,0.0
R2_bearing_holdout,K004,S1_resample,10,,90,1.0
R2_bearing_holdout,K004,S1_resample,10,,91,0.0
R2_bearing_holdout,K004,S1_resample,10,,92,1.0
R2_bearing_holdout,K004,S1_resample,10,,93,0.0
R2_bearing_holdout,K004,S1_resample,10,,94,0.0
R2_bearing_holdout,K004,S1_resample,10,,95,1.0
R2_bearing_holdout,K004,S1_resample,10,,96,1.0
R2_bearing_holdout,K004,S1_resample,10,,97,1.0
R2_bearing_holdout,K004,S1_resample,10,,98,1.0
R2_bearing_holdout,K004,S1_resample,10,,99,1.0
R2_bearing_holdout,K004,S1_resample,20,,0,1.0
R2_bearing_holdout,K004,S1_resample,20,,1,1.0
R2_bearing_holdout,K004,S1_resample,20,,2,1.0
R2_bearing_holdout,K004,S1_resample,20,,3,1.0
R2_bearing_holdout,K004,S1_resample,20,,4,1.0
R2_bearing_holdout,K004,S1_resample,20,,5,1.0
R2_bearing_holdout,K004,S1_resample,20,,6,1.0
R2_bearing_holdout,K004,S1_resample,20,,7,1.0
R2_bearing_holdout,K004,S1_resample,20,,8,1.0
R2_bearing_holdout,K004,S1_resample,20,,9,1.0
R2_bearing_holdout,K004,S1_resample,20,,10,1.0
R2_bearing_holdout,K004,S1_resample,20,,11,1.0
R2_bearing_holdout,K004,S1_resample,20,,12,1.0
R2_bearing_holdout,K004,S1_resample,20,,13,1.0
R2_bearing_holdout,K004,S1_resample,20,,14,1.0
R2_bearing_holdout,K004,S1_resample,20,,15,1.0
R2_bearing_holdout,K004,S1_resample,20,,16,1.0
R2_bearing_holdout,K004,S1_resample,20,,17,1.0
R2_bearing_holdout,K004,S1_resample,20,,18,1.0
R2_bearing_holdout,K004,S1_resample,20,,19,0.0
R2_bearing_holdout,K004,S1_resample,20,,20,1.0
R2_bearing_holdout,K004,S1_resample,20,,21,1.0
R2_bearing_holdout,K004,S1_resample,20,,22,1.0
R2_bearing_holdout,K004,S1_resample,20,,23,1.0
R2_bearing_holdout,K004,S1_resample,20,,24,1.0
R2_bearing_holdout,K004,S1_resample,20,,25,1.0
R2_bearing_holdout,K004,S1_resample,20,,26,1.0
R2_bearing_holdout,K004,S1_resample,20,,27,1.0
R2_bearing_holdout,K004,S1_resample,20,,28,1.0
R2_bearing_holdout,K004,S1_resample,20,,29,1.0
R2_bearing_holdout,K004,S1_resample,20,,30,1.0
R2_bearing_holdout,K004,S1_resample,20,,31,1.0
R2_bearing_holdout,K004,S1_resample,20,,32,1.0
R2_bearing_holdout,K004,S1_resample,20,,33,1.0
R2_bearing_holdout,K004,S1_resample,20,,34,1.0
R2_bearing_holdout,K004,S1_resample,20,,35,1.0
R2_bearing_holdout,K004,S1_resample,20,,36,1.0
R2_bearing_holdout,K004,S1_resample,20,,37,1.0
R2_bearing_holdout,K004,S1_resample,20,,38,1.0
R2_bearing_holdout,K004,S1_resample,20,,39,1.0
R2_bearing_holdout,K004,S1_resample,20,,40,1.0
R2_bearing_holdout,K004,S1_resample,20,,41,1.0
R2_bearing_holdout,K004,S1_resample,20,,42,1.0
R2_bearing_holdout,K004,S1_resample,20,,43,1.0
R2_bearing_holdout,K004,S1_resample,20,,44,1.0
R2_bearing_holdout,K004,S1_resample,20,,45,1.0
R2_bearing_holdout,K004,S1_resample,20,,46,1.0
R2_bearing_holdout,K004,S1_resample,20,,47,0.0
R2_bearing_holdout,K004,S1_resample,20,,48,1.0
R2_bearing_holdout,K004,S1_resample,20,,49,1.0
R2_bearing_holdout,K004,S1_resample,20,,50,1.0
R2_bearing_holdout,K004,S1_resample,20,,51,1.0
R2_bearing_holdout,K004,S1_resample,20,,52,1.0
R2_bearing_holdout,K004,S1_resample,20,,53,1.0
R2_bearing_holdout,K004,S1_resample,20,,54,1.0
R2_bearing_holdout,K004,S1_resample,20,,55,1.0
R2_bearing_holdout,K004,S1_resample,20,,56,1.0
R2_bearing_holdout,K004,S1_resample,20,,57,1.0
R2_bearing_holdout,K004,S1_resample,20,,58,1.0
R2_bearing_holdout,K004,S1_resample,20,,59,1.0
R2_bearing_holdout,K004,S1_resample,20,,60,1.0
R2_bearing_holdout,K004,S1_resample,20,,61,1.0
R2_bearing_holdout,K004,S1_resample,20,,62,1.0
R2_bearing_holdout,K004,S1_resample,20,,63,1.0
R2_bearing_holdout,K004,S1_resample,20,,64,1.0
R2_bearing_holdout,K004,S1_resample,20,,65,1.0
R2_bearing_holdout,K004,S1_resample,20,,66,1.0
R2_bearing_holdout,K004,S1_resample,20,,67,1.0
R2_bearing_holdout,K004,S1_resample,20,,68,1.0
R2_bearing_holdout,K004,S1_resample,20,,69,1.0
R2_bearing_holdout,K004,S1_resample,20,,70,1.0
R2_bearing_holdout,K004,S1_resample,20,,71,1.0
R2_bearing_holdout,K004,S1_resample,20,,72,1.0
R2_bearing_holdout,K004,S1_resample,20,,73,1.0
R2_bearing_holdout,K004,S1_resample,20,,74,1.0
R2_bearing_holdout,K004,S1_resample,20,,75,1.0
R2_bearing_holdout,K004,S1_resample,20,,76,1.0
R2_bearing_holdout,K004,S1_resample,20,,77,1.0
R2_bearing_holdout,K004,S1_resample,20,,78,1.0
R2_bearing_holdout,K004,S1_resample,20,,79,1.0
R2_bearing_holdout,K004,S1_resample,20,,80,1.0
R2_bearing_holdout,K004,S1_resample,20,,81,1.0
R2_bearing_holdout,K004,S1_resample,20,,82,1.0
R2_bearing_holdout,K004,S1_resample,20,,83,1.0
R2_bearing_holdout,K004,S1_resample,20,,84,1.0
R2_bearing_holdout,K004,S1_resample,20,,85,1.0
R2_bearing_holdout,K004,S1_resample,20,,86,1.0
R2_bearing_holdout,K004,S1_resample,20,,87,1.0
R2_bearing_holdout,K004,S1_resample,20,,88,1.0
R2_bearing_holdout,K004,S1_resample,20,,89,1.0
R2_bearing_holdout,K004,S1_resample,20,,90,1.0
R2_bearing_holdout,K004,S1_resample,20,,91,1.0
R2_bearing_holdout,K004,S1_resample,20,,92,1.0
R2_bearing_holdout,K004,S1_resample,20,,93,1.0
R2_bearing_holdout,K004,S1_resample,20,,94,1.0
R2_bearing_holdout,K004,S1_resample,20,,95,1.0
R2_bearing_holdout,K004,S1_resample,20,,96,1.0
R2_bearing_holdout,K004,S1_resample,20,,97,1.0
R2_bearing_holdout,K004,S1_resample,20,,98,1.0
R2_bearing_holdout,K004,S1_resample,20,,99,1.0
R2_bearing_holdout,K004,S1_resample,40,,0,1.0
R2_bearing_holdout,K004,S1_resample,40,,1,1.0
R2_bearing_holdout,K004,S1_resample,40,,2,1.0
R2_bearing_holdout,K004,S1_resample,40,,3,1.0
R2_bearing_holdout,K004,S1_resample,40,,4,1.0
R2_bearing_holdout,K004,S1_resample,40,,5,1.0
R2_bearing_holdout,K004,S1_resample,40,,6,1.0
R2_bearing_holdout,K004,S1_resample,40,,7,1.0
R2_bearing_holdout,K004,S1_resample,40,,8,1.0
R2_bearing_holdout,K004,S1_resample,40,,9,1.0
R2_bearing_holdout,K004,S1_resample,40,,10,1.0
R2_bearing_holdout,K004,S1_resample,40,,11,1.0
R2_bearing_holdout,K004,S1_resample,40,,12,1.0
R2_bearing_holdout,K004,S1_resample,40,,13,1.0
R2_bearing_holdout,K004,S1_resample,40,,14,1.0
R2_bearing_holdout,K004,S1_resample,40,,15,1.0
R2_bearing_holdout,K004,S1_resample,40,,16,1.0
R2_bearing_holdout,K004,S1_resample,40,,17,1.0
R2_bearing_holdout,K004,S1_resample,40,,18,1.0
R2_bearing_holdout,K004,S1_resample,40,,19,1.0
R2_bearing_holdout,K004,S1_resample,40,,20,1.0
R2_bearing_holdout,K004,S1_resample,40,,21,1.0
R2_bearing_holdout,K004,S1_resample,40,,22,1.0
R2_bearing_holdout,K004,S1_resample,40,,23,1.0
R2_bearing_holdout,K004,S1_resample,40,,24,1.0
R2_bearing_holdout,K004,S1_resample,40,,25,1.0
R2_bearing_holdout,K004,S1_resample,40,,26,1.0
R2_bearing_holdout,K004,S1_resample,40,,27,1.0
R2_bearing_holdout,K004,S1_resample,40,,28,1.0
R2_bearing_holdout,K004,S1_resample,40,,29,1.0
R2_bearing_holdout,K004,S1_resample,40,,30,1.0
R2_bearing_holdout,K004,S1_resample,40,,31,1.0
R2_bearing_holdout,K004,S1_resample,40,,32,1.0
R2_bearing_holdout,K004,S1_resample,40,,33,1.0
R2_bearing_holdout,K004,S1_resample,40,,34,1.0
R2_bearing_holdout,K004,S1_resample,40,,35,1.0
R2_bearing_holdout,K004,S1_resample,40,,36,1.0
R2_bearing_holdout,K004,S1_resample,40,,37,1.0
R2_bearing_holdout,K004,S1_resample,40,,38,1.0
R2_bearing_holdout,K004,S1_resample,40,,39,1.0
R2_bearing_holdout,K004,S1_resample,40,,40,1.0
R2_bearing_holdout,K004,S1_resample,40,,41,1.0
R2_bearing_holdout,K004,S1_resample,40,,42,1.0
R2_bearing_holdout,K004,S1_resample,40,,43,1.0
R2_bearing_holdout,K004,S1_resample,40,,44,1.0
R2_bearing_holdout,K004,S1_resample,40,,45,1.0
R2_bearing_holdout,K004,S1_resample,40,,46,1.0
R2_bearing_holdout,K004,S1_resample,40,,47,1.0
R2_bearing_holdout,K004,S1_resample,40,,48,1.0
R2_bearing_holdout,K004,S1_resample,40,,49,1.0
R2_bearing_holdout,K004,S1_resample,40,,50,1.0
R2_bearing_holdout,K004,S1_resample,40,,51,1.0
R2_bearing_holdout,K004,S1_resample,40,,52,1.0
R2_bearing_holdout,K004,S1_resample,40,,53,1.0
R2_bearing_holdout,K004,S1_resample,40,,54,1.0
R2_bearing_holdout,K004,S1_resample,40,,55,1.0
R2_bearing_holdout,K004,S1_resample,40,,56,1.0
R2_bearing_holdout,K004,S1_resample,40,,57,1.0
R2_bearing_holdout,K004,S1_resample,40,,58,1.0
R2_bearing_holdout,K004,S1_resample,40,,59,1.0
R2_bearing_holdout,K004,S1_resample,40,,60,1.0
R2_bearing_holdout,K004,S1_resample,40,,61,1.0
R2_bearing_holdout,K004,S1_resample,40,,62,1.0
R2_bearing_holdout,K004,S1_resample,40,,63,1.0
R2_bearing_holdout,K004,S1_resample,40,,64,1.0
R2_bearing_holdout,K004,S1_resample,40,,65,1.0
R2_bearing_holdout,K004,S1_resample,40,,66,1.0
R2_bearing_holdout,K004,S1_resample,40,,67,1.0
R2_bearing_holdout,K004,S1_resample,40,,68,1.0
R2_bearing_holdout,K004,S1_resample,40,,69,1.0
R2_bearing_holdout,K004,S1_resample,40,,70,1.0
R2_bearing_holdout,K004,S1_resample,40,,71,1.0
R2_bearing_holdout,K004,S1_resample,40,,72,1.0
R2_bearing_holdout,K004,S1_resample,40,,73,1.0
R2_bearing_holdout,K004,S1_resample,40,,74,1.0
R2_bearing_holdout,K004,S1_resample,40,,75,1.0
R2_bearing_holdout,K004,S1_resample,40,,76,1.0
R2_bearing_holdout,K004,S1_resample,40,,77,1.0
R2_bearing_holdout,K004,S1_resample,40,,78,1.0
R2_bearing_holdout,K004,S1_resample,40,,79,1.0
R2_bearing_holdout,K004,S1_resample,40,,80,1.0
R2_bearing_holdout,K004,S1_resample,40,,81,1.0
R2_bearing_holdout,K004,S1_resample,40,,82,1.0
R2_bearing_holdout,K004,S1_resample,40,,83,1.0
R2_bearing_holdout,K004,S1_resample,40,,84,1.0
R2_bearing_holdout,K004,S1_resample,40,,85,1.0
R2_bearing_holdout,K004,S1_resample,40,,86,1.0
R2_bearing_holdout,K004,S1_resample,40,,87,1.0
R2_bearing_holdout,K004,S1_resample,40,,88,1.0
R2_bearing_holdout,K004,S1_resample,40,,89,1.0
R2_bearing_holdout,K004,S1_resample,40,,90,1.0
R2_bearing_holdout,K004,S1_resample,40,,91,1.0
R2_bearing_holdout,K004,S1_resample,40,,92,1.0
R2_bearing_holdout,K004,S1_resample,40,,93,1.0
R2_bearing_holdout,K004,S1_resample,40,,94,1.0
R2_bearing_holdout,K004,S1_resample,40,,95,1.0
R2_bearing_holdout,K004,S1_resample,40,,96,1.0
R2_bearing_holdout,K004,S1_resample,40,,97,1.0
R2_bearing_holdout,K004,S1_resample,40,,98,1.0
R2_bearing_holdout,K004,S1_resample,40,,99,1.0
R2_bearing_holdout,K004,S1_resample,60,,0,1.0
R2_bearing_holdout,K004,S1_resample,60,,1,1.0
R2_bearing_holdout,K004,S1_resample,60,,2,1.0
R2_bearing_holdout,K004,S1_resample,60,,3,1.0
R2_bearing_holdout,K004,S1_resample,60,,4,1.0
R2_bearing_holdout,K004,S1_resample,60,,5,1.0
R2_bearing_holdout,K004,S1_resample,60,,6,1.0
R2_bearing_holdout,K004,S1_resample,60,,7,1.0
R2_bearing_holdout,K004,S1_resample,60,,8,1.0
R2_bearing_holdout,K004,S1_resample,60,,9,1.0
R2_bearing_holdout,K004,S1_resample,60,,10,1.0
R2_bearing_holdout,K004,S1_resample,60,,11,1.0
R2_bearing_holdout,K004,S1_resample,60,,12,1.0
R2_bearing_holdout,K004,S1_resample,60,,13,1.0
R2_bearing_holdout,K004,S1_resample,60,,14,1.0
R2_bearing_holdout,K004,S1_resample,60,,15,1.0
R2_bearing_holdout,K004,S1_resample,60,,16,1.0
R2_bearing_holdout,K004,S1_resample,60,,17,1.0
R2_bearing_holdout,K004,S1_resample,60,,18,1.0
R2_bearing_holdout,K004,S1_resample,60,,19,1.0
R2_bearing_holdout,K004,S1_resample,60,,20,1.0
R2_bearing_holdout,K004,S1_resample,60,,21,1.0
R2_bearing_holdout,K004,S1_resample,60,,22,1.0
R2_bearing_holdout,K004,S1_resample,60,,23,1.0
R2_bearing_holdout,K004,S1_resample,60,,24,1.0
R2_bearing_holdout,K004,S1_resample,60,,25,1.0
R2_bearing_holdout,K004,S1_resample,60,,26,1.0
R2_bearing_holdout,K004,S1_resample,60,,27,1.0
R2_bearing_holdout,K004,S1_resample,60,,28,1.0
R2_bearing_holdout,K004,S1_resample,60,,29,1.0
R2_bearing_holdout,K004,S1_resample,60,,30,1.0
R2_bearing_holdout,K004,S1_resample,60,,31,1.0
R2_bearing_holdout,K004,S1_resample,60,,32,1.0
R2_bearing_holdout,K004,S1_resample,60,,33,1.0
R2_bearing_holdout,K004,S1_resample,60,,34,1.0
R2_bearing_holdout,K004,S1_resample,60,,35,1.0
R2_bearing_holdout,K004,S1_resample,60,,36,1.0
R2_bearing_holdout,K004,S1_resample,60,,37,1.0
R2_bearing_holdout,K004,S1_resample,60,,38,1.0
R2_bearing_holdout,K004,S1_resample,60,,39,1.0
R2_bearing_holdout,K004,S1_resample,60,,40,1.0
R2_bearing_holdout,K004,S1_resample,60,,41,1.0
R2_bearing_holdout,K004,S1_resample,60,,42,1.0
R2_bearing_holdout,K004,S1_resample,60,,43,1.0
R2_bearing_holdout,K004,S1_resample,60,,44,1.0
R2_bearing_holdout,K004,S1_resample,60,,45,1.0
R2_bearing_holdout,K004,S1_resample,60,,46,1.0
R2_bearing_holdout,K004,S1_resample,60,,47,1.0
R2_bearing_holdout,K004,S1_resample,60,,48,1.0
R2_bearing_holdout,K004,S1_resample,60,,49,1.0
R2_bearing_holdout,K004,S1_resample,60,,50,1.0
R2_bearing_holdout,K004,S1_resample,60,,51,1.0
R2_bearing_holdout,K004,S1_resample,60,,52,1.0
R2_bearing_holdout,K004,S1_resample,60,,53,1.0
R2_bearing_holdout,K004,S1_resample,60,,54,1.0
R2_bearing_holdout,K004,S1_resample,60,,55,1.0
R2_bearing_holdout,K004,S1_resample,60,,56,1.0
R2_bearing_holdout,K004,S1_resample,60,,57,1.0
R2_bearing_holdout,K004,S1_resample,60,,58,1.0
R2_bearing_holdout,K004,S1_resample,60,,59,1.0
R2_bearing_holdout,K004,S1_resample,60,,60,1.0
R2_bearing_holdout,K004,S1_resample,60,,61,1.0
R2_bearing_holdout,K004,S1_resample,60,,62,1.0
R2_bearing_holdout,K004,S1_resample,60,,63,1.0
R2_bearing_holdout,K004,S1_resample,60,,64,1.0
R2_bearing_holdout,K004,S1_resample,60,,65,1.0
R2_bearing_holdout,K004,S1_resample,60,,66,1.0
R2_bearing_holdout,K004,S1_resample,60,,67,1.0
R2_bearing_holdout,K004,S1_resample,60,,68,1.0
R2_bearing_holdout,K004,S1_resample,60,,69,1.0
R2_bearing_holdout,K004,S1_resample,60,,70,1.0
R2_bearing_holdout,K004,S1_resample,60,,71,1.0
R2_bearing_holdout,K004,S1_resample,60,,72,1.0
R2_bearing_holdout,K004,S1_resample,60,,73,1.0
R2_bearing_holdout,K004,S1_resample,60,,74,1.0
R2_bearing_holdout,K004,S1_resample,60,,75,1.0
R2_bearing_holdout,K004,S1_resample,60,,76,1.0
R2_bearing_holdout,K004,S1_resample,60,,77,1.0
R2_bearing_holdout,K004,S1_resample,60,,78,1.0
R2_bearing_holdout,K004,S1_resample,60,,79,1.0
R2_bearing_holdout,K004,S1_resample,60,,80,1.0
R2_bearing_holdout,K004,S1_resample,60,,81,1.0
R2_bearing_holdout,K004,S1_resample,60,,82,1.0
R2_bearing_holdout,K004,S1_resample,60,,83,1.0
R2_bearing_holdout,K004,S1_resample,60,,84,1.0
R2_bearing_holdout,K004,S1_resample,60,,85,1.0
R2_bearing_holdout,K004,S1_resample,60,,86,1.0
R2_bearing_holdout,K004,S1_resample,60,,87,1.0
R2_bearing_holdout,K004,S1_resample,60,,88,1.0
R2_bearing_holdout,K004,S1_resample,60,,89,1.0
R2_bearing_holdout,K004,S1_resample,60,,90,1.0
R2_bearing_holdout,K004,S1_resample,60,,91,1.0
R2_bearing_holdout,K004,S1_resample,60,,92,1.0
R2_bearing_holdout,K004,S1_resample,60,,93,1.0
R2_bearing_holdout,K004,S1_resample,60,,94,1.0
R2_bearing_holdout,K004,S1_resample,60,,95,1.0
R2_bearing_holdout,K004,S1_resample,60,,96,1.0
R2_bearing_holdout,K004,S1_resample,60,,97,1.0
R2_bearing_holdout,K004,S1_resample,60,,98,1.0
R2_bearing_holdout,K004,S1_resample,60,,99,1.0
R2_bearing_holdout,K004,S1_resample,80,,0,1.0
R2_bearing_holdout,K004,S1_resample,80,,1,1.0
R2_bearing_holdout,K004,S1_resample,80,,2,1.0
R2_bearing_holdout,K004,S1_resample,80,,3,1.0
R2_bearing_holdout,K004,S1_resample,80,,4,1.0
R2_bearing_holdout,K004,S1_resample,80,,5,1.0
R2_bearing_holdout,K004,S1_resample,80,,6,1.0
R2_bearing_holdout,K004,S1_resample,80,,7,1.0
R2_bearing_holdout,K004,S1_resample,80,,8,1.0
R2_bearing_holdout,K004,S1_resample,80,,9,1.0
R2_bearing_holdout,K004,S1_resample,80,,10,1.0
R2_bearing_holdout,K004,S1_resample,80,,11,1.0
R2_bearing_holdout,K004,S1_resample,80,,12,1.0
R2_bearing_holdout,K004,S1_resample,80,,13,1.0
R2_bearing_holdout,K004,S1_resample,80,,14,1.0
R2_bearing_holdout,K004,S1_resample,80,,15,1.0
R2_bearing_holdout,K004,S1_resample,80,,16,1.0
R2_bearing_holdout,K004,S1_resample,80,,17,1.0
R2_bearing_holdout,K004,S1_resample,80,,18,1.0
R2_bearing_holdout,K004,S1_resample,80,,19,1.0
R2_bearing_holdout,K004,S1_resample,80,,20,1.0
R2_bearing_holdout,K004,S1_resample,80,,21,1.0
R2_bearing_holdout,K004,S1_resample,80,,22,1.0
R2_bearing_holdout,K004,S1_resample,80,,23,1.0
R2_bearing_holdout,K004,S1_resample,80,,24,1.0
R2_bearing_holdout,K004,S1_resample,80,,25,1.0
R2_bearing_holdout,K004,S1_resample,80,,26,1.0
R2_bearing_holdout,K004,S1_resample,80,,27,1.0
R2_bearing_holdout,K004,S1_resample,80,,28,1.0
R2_bearing_holdout,K004,S1_resample,80,,29,1.0
R2_bearing_holdout,K004,S1_resample,80,,30,1.0
R2_bearing_holdout,K004,S1_resample,80,,31,1.0
R2_bearing_holdout,K004,S1_resample,80,,32,1.0
R2_bearing_holdout,K004,S1_resample,80,,33,1.0
R2_bearing_holdout,K004,S1_resample,80,,34,1.0
R2_bearing_holdout,K004,S1_resample,80,,35,1.0
R2_bearing_holdout,K004,S1_resample,80,,36,1.0
R2_bearing_holdout,K004,S1_resample,80,,37,1.0
R2_bearing_holdout,K004,S1_resample,80,,38,1.0
R2_bearing_holdout,K004,S1_resample,80,,39,1.0
R2_bearing_holdout,K004,S1_resample,80,,40,1.0
R2_bearing_holdout,K004,S1_resample,80,,41,1.0
R2_bearing_holdout,K004,S1_resample,80,,42,1.0
R2_bearing_holdout,K004,S1_resample,80,,43,1.0
R2_bearing_holdout,K004,S1_resample,80,,44,1.0
R2_bearing_holdout,K004,S1_resample,80,,45,1.0
R2_bearing_holdout,K004,S1_resample,80,,46,1.0
R2_bearing_holdout,K004,S1_resample,80,,47,1.0
R2_bearing_holdout,K004,S1_resample,80,,48,1.0
R2_bearing_holdout,K004,S1_resample,80,,49,1.0
R2_bearing_holdout,K004,S1_resample,80,,50,1.0
R2_bearing_holdout,K004,S1_resample,80,,51,1.0
R2_bearing_holdout,K004,S1_resample,80,,52,1.0
R2_bearing_holdout,K004,S1_resample,80,,53,1.0
R2_bearing_holdout,K004,S1_resample,80,,54,1.0
R2_bearing_holdout,K004,S1_resample,80,,55,1.0
R2_bearing_holdout,K004,S1_resample,80,,56,1.0
R2_bearing_holdout,K004,S1_resample,80,,57,1.0
R2_bearing_holdout,K004,S1_resample,80,,58,1.0
R2_bearing_holdout,K004,S1_resample,80,,59,1.0
R2_bearing_holdout,K004,S1_resample,80,,60,1.0
R2_bearing_holdout,K004,S1_resample,80,,61,1.0
R2_bearing_holdout,K004,S1_resample,80,,62,1.0
R2_bearing_holdout,K004,S1_resample,80,,63,1.0
R2_bearing_holdout,K004,S1_resample,80,,64,1.0
R2_bearing_holdout,K004,S1_resample,80,,65,1.0
R2_bearing_holdout,K004,S1_resample,80,,66,1.0
R2_bearing_holdout,K004,S1_resample,80,,67,1.0
R2_bearing_holdout,K004,S1_resample,80,,68,1.0
R2_bearing_holdout,K004,S1_resample,80,,69,1.0
R2_bearing_holdout,K004,S1_resample,80,,70,1.0
R2_bearing_holdout,K004,S1_resample,80,,71,1.0
R2_bearing_holdout,K004,S1_resample,80,,72,1.0
R2_bearing_holdout,K004,S1_resample,80,,73,1.0
R2_bearing_holdout,K004,S1_resample,80,,74,1.0
R2_bearing_holdout,K004,S1_resample,80,,75,1.0
R2_bearing_holdout,K004,S1_resample,80,,76,1.0
R2_bearing_holdout,K004,S1_resample,80,,77,1.0
R2_bearing_holdout,K004,S1_resample,80,,78,1.0
R2_bearing_holdout,K004,S1_resample,80,,79,1.0
R2_bearing_holdout,K004,S1_resample,80,,80,1.0
R2_bearing_holdout,K004,S1_resample,80,,81,1.0
R2_bearing_holdout,K004,S1_resample,80,,82,1.0
R2_bearing_holdout,K004,S1_resample,80,,83,1.0
R2_bearing_holdout,K004,S1_resample,80,,84,1.0
R2_bearing_holdout,K004,S1_resample,80,,85,1.0
R2_bearing_holdout,K004,S1_resample,80,,86,1.0
R2_bearing_holdout,K004,S1_resample,80,,87,1.0
R2_bearing_holdout,K004,S1_resample,80,,88,1.0
R2_bearing_holdout,K004,S1_resample,80,,89,1.0
R2_bearing_holdout,K004,S1_resample,80,,90,1.0
R2_bearing_holdout,K004,S1_resample,80,,91,1.0
R2_bearing_holdout,K004,S1_resample,80,,92,1.0
R2_bearing_holdout,K004,S1_resample,80,,93,1.0
R2_bearing_holdout,K004,S1_resample,80,,94,1.0
R2_bearing_holdout,K004,S1_resample,80,,95,1.0
R2_bearing_holdout,K004,S1_resample,80,,96,1.0
R2_bearing_holdout,K004,S1_resample,80,,97,1.0
R2_bearing_holdout,K004,S1_resample,80,,98,1.0
R2_bearing_holdout,K004,S1_resample,80,,99,1.0
R2_bearing_holdout,K004,S1_resample,96,,0,1.0
R2_bearing_holdout,K004,S1_resample,96,,1,1.0
R2_bearing_holdout,K004,S1_resample,96,,2,1.0
R2_bearing_holdout,K004,S1_resample,96,,3,1.0
R2_bearing_holdout,K004,S1_resample,96,,4,1.0
R2_bearing_holdout,K004,S1_resample,96,,5,1.0
R2_bearing_holdout,K004,S1_resample,96,,6,1.0
R2_bearing_holdout,K004,S1_resample,96,,7,1.0
R2_bearing_holdout,K004,S1_resample,96,,8,1.0
R2_bearing_holdout,K004,S1_resample,96,,9,1.0
R2_bearing_holdout,K004,S1_resample,96,,10,1.0
R2_bearing_holdout,K004,S1_resample,96,,11,1.0
R2_bearing_holdout,K004,S1_resample,96,,12,1.0
R2_bearing_holdout,K004,S1_resample,96,,13,1.0
R2_bearing_holdout,K004,S1_resample,96,,14,1.0
R2_bearing_holdout,K004,S1_resample,96,,15,1.0
R2_bearing_holdout,K004,S1_resample,96,,16,1.0
R2_bearing_holdout,K004,S1_resample,96,,17,1.0
R2_bearing_holdout,K004,S1_resample,96,,18,1.0
R2_bearing_holdout,K004,S1_resample,96,,19,1.0
R2_bearing_holdout,K004,S1_resample,96,,20,1.0
R2_bearing_holdout,K004,S1_resample,96,,21,1.0
R2_bearing_holdout,K004,S1_resample,96,,22,1.0
R2_bearing_holdout,K004,S1_resample,96,,23,1.0
R2_bearing_holdout,K004,S1_resample,96,,24,1.0
R2_bearing_holdout,K004,S1_resample,96,,25,1.0
R2_bearing_holdout,K004,S1_resample,96,,26,1.0
R2_bearing_holdout,K004,S1_resample,96,,27,1.0
R2_bearing_holdout,K004,S1_resample,96,,28,1.0
R2_bearing_holdout,K004,S1_resample,96,,29,1.0
R2_bearing_holdout,K004,S1_resample,96,,30,1.0
R2_bearing_holdout,K004,S1_resample,96,,31,1.0
R2_bearing_holdout,K004,S1_resample,96,,32,1.0
R2_bearing_holdout,K004,S1_resample,96,,33,1.0
R2_bearing_holdout,K004,S1_resample,96,,34,1.0
R2_bearing_holdout,K004,S1_resample,96,,35,1.0
R2_bearing_holdout,K004,S1_resample,96,,36,1.0
R2_bearing_holdout,K004,S1_resample,96,,37,1.0
R2_bearing_holdout,K004,S1_resample,96,,38,1.0
R2_bearing_holdout,K004,S1_resample,96,,39,1.0
R2_bearing_holdout,K004,S1_resample,96,,40,1.0
R2_bearing_holdout,K004,S1_resample,96,,41,1.0
R2_bearing_holdout,K004,S1_resample,96,,42,1.0
R2_bearing_holdout,K004,S1_resample,96,,43,1.0
R2_bearing_holdout,K004,S1_resample,96,,44,1.0
R2_bearing_holdout,K004,S1_resample,96,,45,1.0
R2_bearing_holdout,K004,S1_resample,96,,46,1.0
R2_bearing_holdout,K004,S1_resample,96,,47,1.0
R2_bearing_holdout,K004,S1_resample,96,,48,1.0
R2_bearing_holdout,K004,S1_resample,96,,49,1.0
R2_bearing_holdout,K004,S1_resample,96,,50,1.0
R2_bearing_holdout,K004,S1_resample,96,,51,1.0
R2_bearing_holdout,K004,S1_resample,96,,52,1.0
R2_bearing_holdout,K004,S1_resample,96,,53,1.0
R2_bearing_holdout,K004,S1_resample,96,,54,1.0
R2_bearing_holdout,K004,S1_resample,96,,55,1.0
R2_bearing_holdout,K004,S1_resample,96,,56,1.0
R2_bearing_holdout,K004,S1_resample,96,,57,1.0
R2_bearing_holdout,K004,S1_resample,96,,58,1.0
R2_bearing_holdout,K004,S1_resample,96,,59,1.0
R2_bearing_holdout,K004,S1_resample,96,,60,1.0
R2_bearing_holdout,K004,S1_resample,96,,61,1.0
R2_bearing_holdout,K004,S1_resample,96,,62,1.0
R2_bearing_holdout,K004,S1_resample,96,,63,1.0
R2_bearing_holdout,K004,S1_resample,96,,64,1.0
R2_bearing_holdout,K004,S1_resample,96,,65,1.0
R2_bearing_holdout,K004,S1_resample,96,,66,1.0
R2_bearing_holdout,K004,S1_resample,96,,67,1.0
R2_bearing_holdout,K004,S1_resample,96,,68,1.0
R2_bearing_holdout,K004,S1_resample,96,,69,1.0
R2_bearing_holdout,K004,S1_resample,96,,70,1.0
R2_bearing_holdout,K004,S1_resample,96,,71,1.0
R2_bearing_holdout,K004,S1_resample,96,,72,1.0
R2_bearing_holdout,K004,S1_resample,96,,73,1.0
R2_bearing_holdout,K004,S1_resample,96,,74,1.0
R2_bearing_holdout,K004,S1_resample,96,,75,1.0
R2_bearing_holdout,K004,S1_resample,96,,76,1.0
R2_bearing_holdout,K004,S1_resample,96,,77,1.0
R2_bearing_holdout,K004,S1_resample,96,,78,1.0
R2_bearing_holdout,K004,S1_resample,96,,79,1.0
R2_bearing_holdout,K004,S1_resample,96,,80,1.0
R2_bearing_holdout,K004,S1_resample,96,,81,1.0
R2_bearing_holdout,K004,S1_resample,96,,82,1.0
R2_bearing_holdout,K004,S1_resample,96,,83,1.0
R2_bearing_holdout,K004,S1_resample,96,,84,1.0
R2_bearing_holdout,K004,S1_resample,96,,85,1.0
R2_bearing_holdout,K004,S1_resample,96,,86,1.0
R2_bearing_holdout,K004,S1_resample,96,,87,1.0
R2_bearing_holdout,K004,S1_resample,96,,88,1.0
R2_bearing_holdout,K004,S1_resample,96,,89,1.0
R2_bearing_holdout,K004,S1_resample,96,,90,1.0
R2_bearing_holdout,K004,S1_resample,96,,91,1.0
R2_bearing_holdout,K004,S1_resample,96,,92,1.0
R2_bearing_holdout,K004,S1_resample,96,,93,1.0
R2_bearing_holdout,K004,S1_resample,96,,94,1.0
R2_bearing_holdout,K004,S1_resample,96,,95,1.0
R2_bearing_holdout,K004,S1_resample,96,,96,1.0
R2_bearing_holdout,K004,S1_resample,96,,97,1.0
R2_bearing_holdout,K004,S1_resample,96,,98,1.0
R2_bearing_holdout,K004,S1_resample,96,,99,1.0
R2_bearing_holdout,K004,S2_new_records,10,,0,0.0
R2_bearing_holdout,K004,S2_new_records,10,,1,0.0
R2_bearing_holdout,K004,S2_new_records,10,,2,0.0
R2_bearing_holdout,K004,S2_new_records,10,,3,0.0
R2_bearing_holdout,K004,S2_new_records,10,,4,1.0
R2_bearing_holdout,K004,S2_new_records,10,,5,0.0
R2_bearing_holdout,K004,S2_new_records,10,,6,0.0
R2_bearing_holdout,K004,S2_new_records,10,,7,0.0
R2_bearing_holdout,K004,S2_new_records,10,,8,0.0
R2_bearing_holdout,K004,S2_new_records,10,,9,0.0
R2_bearing_holdout,K004,S2_new_records,10,,10,0.0
R2_bearing_holdout,K004,S2_new_records,10,,11,0.0
R2_bearing_holdout,K004,S2_new_records,10,,12,0.0
R2_bearing_holdout,K004,S2_new_records,10,,13,0.0
R2_bearing_holdout,K004,S2_new_records,10,,14,0.0
R2_bearing_holdout,K004,S2_new_records,10,,15,0.0
R2_bearing_holdout,K004,S2_new_records,10,,16,0.0
R2_bearing_holdout,K004,S2_new_records,10,,17,0.0
R2_bearing_holdout,K004,S2_new_records,10,,18,0.0
R2_bearing_holdout,K004,S2_new_records,10,,19,0.0
R2_bearing_holdout,K004,S2_new_records,10,,20,0.0
R2_bearing_holdout,K004,S2_new_records,10,,21,0.0
R2_bearing_holdout,K004,S2_new_records,10,,22,1.0
R2_bearing_holdout,K004,S2_new_records,10,,23,0.0
R2_bearing_holdout,K004,S2_new_records,10,,24,0.0
R2_bearing_holdout,K004,S2_new_records,10,,25,0.0
R2_bearing_holdout,K004,S2_new_records,10,,26,0.0
R2_bearing_holdout,K004,S2_new_records,10,,27,0.0
R2_bearing_holdout,K004,S2_new_records,10,,28,0.0
R2_bearing_holdout,K004,S2_new_records,10,,29,0.0
R2_bearing_holdout,K004,S2_new_records,10,,30,0.0
R2_bearing_holdout,K004,S2_new_records,10,,31,1.0
R2_bearing_holdout,K004,S2_new_records,10,,32,0.0
R2_bearing_holdout,K004,S2_new_records,10,,33,0.0
R2_bearing_holdout,K004,S2_new_records,10,,34,0.0
R2_bearing_holdout,K004,S2_new_records,10,,35,0.0
R2_bearing_holdout,K004,S2_new_records,10,,36,0.0
R2_bearing_holdout,K004,S2_new_records,10,,37,0.0
R2_bearing_holdout,K004,S2_new_records,10,,38,0.0
R2_bearing_holdout,K004,S2_new_records,10,,39,0.0
R2_bearing_holdout,K004,S2_new_records,10,,40,0.0
R2_bearing_holdout,K004,S2_new_records,10,,41,0.0
R2_bearing_holdout,K004,S2_new_records,10,,42,0.0
R2_bearing_holdout,K004,S2_new_records,10,,43,0.0
R2_bearing_holdout,K004,S2_new_records,10,,44,0.0
R2_bearing_holdout,K004,S2_new_records,10,,45,0.0
R2_bearing_holdout,K004,S2_new_records,10,,46,0.0
R2_bearing_holdout,K004,S2_new_records,10,,47,0.0
R2_bearing_holdout,K004,S2_new_records,10,,48,0.0
R2_bearing_holdout,K004,S2_new_records,10,,49,0.0
R2_bearing_holdout,K004,S2_new_records,10,,50,0.0
R2_bearing_holdout,K004,S2_new_records,10,,51,0.0
R2_bearing_holdout,K004,S2_new_records,10,,52,0.0
R2_bearing_holdout,K004,S2_new_records,10,,53,1.0
R2_bearing_holdout,K004,S2_new_records,10,,54,0.0
R2_bearing_holdout,K004,S2_new_records,10,,55,0.0
R2_bearing_holdout,K004,S2_new_records,10,,56,0.0
R2_bearing_holdout,K004,S2_new_records,10,,57,0.0
R2_bearing_holdout,K004,S2_new_records,10,,58,0.0
R2_bearing_holdout,K004,S2_new_records,10,,59,0.5
R2_bearing_holdout,K004,S2_new_records,10,,60,0.0
R2_bearing_holdout,K004,S2_new_records,10,,61,0.0
R2_bearing_holdout,K004,S2_new_records,10,,62,0.0
R2_bearing_holdout,K004,S2_new_records,10,,63,0.0
R2_bearing_holdout,K004,S2_new_records,10,,64,0.0
R2_bearing_holdout,K004,S2_new_records,10,,65,0.0
R2_bearing_holdout,K004,S2_new_records,10,,66,0.0
R2_bearing_holdout,K004,S2_new_records,10,,67,0.0
R2_bearing_holdout,K004,S2_new_records,10,,68,0.0
R2_bearing_holdout,K004,S2_new_records,10,,69,0.0
R2_bearing_holdout,K004,S2_new_records,10,,70,0.0
R2_bearing_holdout,K004,S2_new_records,10,,71,0.0
R2_bearing_holdout,K004,S2_new_records,10,,72,0.0
R2_bearing_holdout,K004,S2_new_records,10,,73,0.0
R2_bearing_holdout,K004,S2_new_records,10,,74,0.0
R2_bearing_holdout,K004,S2_new_records,10,,75,0.0
R2_bearing_holdout,K004,S2_new_records,10,,76,0.0
R2_bearing_holdout,K004,S2_new_records,10,,77,1.0
R2_bearing_holdout,K004,S2_new_records,10,,78,0.0
R2_bearing_holdout,K004,S2_new_records,10,,79,0.0
R2_bearing_holdout,K004,S2_new_records,10,,80,0.0
R2_bearing_holdout,K004,S2_new_records,10,,81,0.0
R2_bearing_holdout,K004,S2_new_records,10,,82,0.0
R2_bearing_holdout,K004,S2_new_records,10,,83,1.0
R2_bearing_holdout,K004,S2_new_records,10,,84,0.0
R2_bearing_holdout,K004,S2_new_records,10,,85,0.0
R2_bearing_holdout,K004,S2_new_records,10,,86,0.0
R2_bearing_holdout,K004,S2_new_records,10,,87,0.0
R2_bearing_holdout,K004,S2_new_records,10,,88,0.0
R2_bearing_holdout,K004,S2_new_records,10,,89,0.0
R2_bearing_holdout,K004,S2_new_records,10,,90,0.0
R2_bearing_holdout,K004,S2_new_records,10,,91,0.0
R2_bearing_holdout,K004,S2_new_records,10,,92,0.0
R2_bearing_holdout,K004,S2_new_records,10,,93,0.0
R2_bearing_holdout,K004,S2_new_records,10,,94,0.0
R2_bearing_holdout,K004,S2_new_records,10,,95,0.0
R2_bearing_holdout,K004,S2_new_records,10,,96,0.0
R2_bearing_holdout,K004,S2_new_records,10,,97,0.0
R2_bearing_holdout,K004,S2_new_records,10,,98,0.0
R2_bearing_holdout,K004,S2_new_records,10,,99,0.0
R2_bearing_holdout,K004,S2_new_records,20,,0,0.0
R2_bearing_holdout,K004,S2_new_records,20,,1,0.0
R2_bearing_holdout,K004,S2_new_records,20,,2,0.0
R2_bearing_holdout,K004,S2_new_records,20,,3,0.0
R2_bearing_holdout,K004,S2_new_records,20,,4,0.0
R2_bearing_holdout,K004,S2_new_records,20,,5,0.0
R2_bearing_holdout,K004,S2_new_records,20,,6,0.0
R2_bearing_holdout,K004,S2_new_records,20,,7,0.0
R2_bearing_holdout,K004,S2_new_records,20,,8,0.0
R2_bearing_holdout,K004,S2_new_records,20,,9,0.0
R2_bearing_holdout,K004,S2_new_records,20,,10,0.0
R2_bearing_holdout,K004,S2_new_records,20,,11,0.0
R2_bearing_holdout,K004,S2_new_records,20,,12,0.0
R2_bearing_holdout,K004,S2_new_records,20,,13,0.0
R2_bearing_holdout,K004,S2_new_records,20,,14,0.0
R2_bearing_holdout,K004,S2_new_records,20,,15,0.0
R2_bearing_holdout,K004,S2_new_records,20,,16,0.8
R2_bearing_holdout,K004,S2_new_records,20,,17,0.0
R2_bearing_holdout,K004,S2_new_records,20,,18,0.0
R2_bearing_holdout,K004,S2_new_records,20,,19,0.0
R2_bearing_holdout,K004,S2_new_records,20,,20,0.0
R2_bearing_holdout,K004,S2_new_records,20,,21,0.0
R2_bearing_holdout,K004,S2_new_records,20,,22,0.0
R2_bearing_holdout,K004,S2_new_records,20,,23,0.0
R2_bearing_holdout,K004,S2_new_records,20,,24,0.0
R2_bearing_holdout,K004,S2_new_records,20,,25,0.0
R2_bearing_holdout,K004,S2_new_records,20,,26,0.0
R2_bearing_holdout,K004,S2_new_records,20,,27,0.0
R2_bearing_holdout,K004,S2_new_records,20,,28,0.0
R2_bearing_holdout,K004,S2_new_records,20,,29,0.0
R2_bearing_holdout,K004,S2_new_records,20,,30,0.1
R2_bearing_holdout,K004,S2_new_records,20,,31,0.0
R2_bearing_holdout,K004,S2_new_records,20,,32,0.0
R2_bearing_holdout,K004,S2_new_records,20,,33,0.05
R2_bearing_holdout,K004,S2_new_records,20,,34,0.0
R2_bearing_holdout,K004,S2_new_records,20,,35,0.15
R2_bearing_holdout,K004,S2_new_records,20,,36,0.0
R2_bearing_holdout,K004,S2_new_records,20,,37,0.0
R2_bearing_holdout,K004,S2_new_records,20,,38,0.0
R2_bearing_holdout,K004,S2_new_records,20,,39,0.15
R2_bearing_holdout,K004,S2_new_records,20,,40,0.0
R2_bearing_holdout,K004,S2_new_records,20,,41,0.0
R2_bearing_holdout,K004,S2_new_records,20,,42,0.0
R2_bearing_holdout,K004,S2_new_records,20,,43,0.0
R2_bearing_holdout,K004,S2_new_records,20,,44,0.0
R2_bearing_holdout,K004,S2_new_records,20,,45,0.0
R2_bearing_holdout,K004,S2_new_records,20,,46,0.0
R2_bearing_holdout,K004,S2_new_records,20,,47,0.0
R2_bearing_holdout,K004,S2_new_records,20,,48,0.0
R2_bearing_holdout,K004,S2_new_records,20,,49,0.0
R2_bearing_holdout,K004,S2_new_records,20,,50,0.0
R2_bearing_holdout,K004,S2_new_records,20,,51,1.0
R2_bearing_holdout,K004,S2_new_records,20,,52,0.0
R2_bearing_holdout,K004,S2_new_records,20,,53,0.0
R2_bearing_holdout,K004,S2_new_records,20,,54,0.0
R2_bearing_holdout,K004,S2_new_records,20,,55,0.0
R2_bearing_holdout,K004,S2_new_records,20,,56,0.0
R2_bearing_holdout,K004,S2_new_records,20,,57,0.0
R2_bearing_holdout,K004,S2_new_records,20,,58,0.9
R2_bearing_holdout,K004,S2_new_records,20,,59,0.0
R2_bearing_holdout,K004,S2_new_records,20,,60,0.0
R2_bearing_holdout,K004,S2_new_records,20,,61,0.0
R2_bearing_holdout,K004,S2_new_records,20,,62,0.0
R2_bearing_holdout,K004,S2_new_records,20,,63,0.0
R2_bearing_holdout,K004,S2_new_records,20,,64,0.0
R2_bearing_holdout,K004,S2_new_records,20,,65,0.0
R2_bearing_holdout,K004,S2_new_records,20,,66,0.0
R2_bearing_holdout,K004,S2_new_records,20,,67,0.0
R2_bearing_holdout,K004,S2_new_records,20,,68,0.0
R2_bearing_holdout,K004,S2_new_records,20,,69,0.0
R2_bearing_holdout,K004,S2_new_records,20,,70,0.0
R2_bearing_holdout,K004,S2_new_records,20,,71,0.0
R2_bearing_holdout,K004,S2_new_records,20,,72,0.0
R2_bearing_holdout,K004,S2_new_records,20,,73,0.0
R2_bearing_holdout,K004,S2_new_records,20,,74,0.0
R2_bearing_holdout,K004,S2_new_records,20,,75,0.9
R2_bearing_holdout,K004,S2_new_records,20,,76,0.0
R2_bearing_holdout,K004,S2_new_records,20,,77,0.0
R2_bearing_holdout,K004,S2_new_records,20,,78,0.0
R2_bearing_holdout,K004,S2_new_records,20,,79,0.0
R2_bearing_holdout,K004,S2_new_records,20,,80,0.0
R2_bearing_holdout,K004,S2_new_records,20,,81,0.0
R2_bearing_holdout,K004,S2_new_records,20,,82,0.0
R2_bearing_holdout,K004,S2_new_records,20,,83,0.7
R2_bearing_holdout,K004,S2_new_records,20,,84,0.35
R2_bearing_holdout,K004,S2_new_records,20,,85,0.0
R2_bearing_holdout,K004,S2_new_records,20,,86,0.0
R2_bearing_holdout,K004,S2_new_records,20,,87,0.0
R2_bearing_holdout,K004,S2_new_records,20,,88,0.0
R2_bearing_holdout,K004,S2_new_records,20,,89,0.0
R2_bearing_holdout,K004,S2_new_records,20,,90,0.0
R2_bearing_holdout,K004,S2_new_records,20,,91,0.0
R2_bearing_holdout,K004,S2_new_records,20,,92,0.0
R2_bearing_holdout,K004,S2_new_records,20,,93,0.0
R2_bearing_holdout,K004,S2_new_records,20,,94,0.0
R2_bearing_holdout,K004,S2_new_records,20,,95,0.0
R2_bearing_holdout,K004,S2_new_records,20,,96,0.0
R2_bearing_holdout,K004,S2_new_records,20,,97,0.0
R2_bearing_holdout,K004,S2_new_records,20,,98,0.0
R2_bearing_holdout,K004,S2_new_records,20,,99,0.1
R2_bearing_holdout,K004,S2_new_records,40,,0,0.0
R2_bearing_holdout,K004,S2_new_records,40,,1,0.0
R2_bearing_holdout,K004,S2_new_records,40,,2,0.15
R2_bearing_holdout,K004,S2_new_records,40,,3,1.0
R2_bearing_holdout,K004,S2_new_records,40,,4,0.0
R2_bearing_holdout,K004,S2_new_records,40,,5,0.0
R2_bearing_holdout,K004,S2_new_records,40,,6,0.0
R2_bearing_holdout,K004,S2_new_records,40,,7,0.0
R2_bearing_holdout,K004,S2_new_records,40,,8,0.0
R2_bearing_holdout,K004,S2_new_records,40,,9,0.95
R2_bearing_holdout,K004,S2_new_records,40,,10,0.7
R2_bearing_holdout,K004,S2_new_records,40,,11,0.0
R2_bearing_holdout,K004,S2_new_records,40,,12,0.0
R2_bearing_holdout,K004,S2_new_records,40,,13,0.0
R2_bearing_holdout,K004,S2_new_records,40,,14,0.0
R2_bearing_holdout,K004,S2_new_records,40,,15,0.0
R2_bearing_holdout,K004,S2_new_records,40,,16,0.0
R2_bearing_holdout,K004,S2_new_records,40,,17,0.0
R2_bearing_holdout,K004,S2_new_records,40,,18,0.85
R2_bearing_holdout,K004,S2_new_records,40,,19,0.0
R2_bearing_holdout,K004,S2_new_records,40,,20,0.0
R2_bearing_holdout,K004,S2_new_records,40,,21,0.0
R2_bearing_holdout,K004,S2_new_records,40,,22,0.0
R2_bearing_holdout,K004,S2_new_records,40,,23,0.0
R2_bearing_holdout,K004,S2_new_records,40,,24,0.0
R2_bearing_holdout,K004,S2_new_records,40,,25,0.0
R2_bearing_holdout,K004,S2_new_records,40,,26,0.15
R2_bearing_holdout,K004,S2_new_records,40,,27,1.0
R2_bearing_holdout,K004,S2_new_records,40,,28,0.0
R2_bearing_holdout,K004,S2_new_records,40,,29,0.0
R2_bearing_holdout,K004,S2_new_records,40,,30,0.0
R2_bearing_holdout,K004,S2_new_records,40,,31,0.0
R2_bearing_holdout,K004,S2_new_records,40,,32,0.0
R2_bearing_holdout,K004,S2_new_records,40,,33,0.0
R2_bearing_holdout,K004,S2_new_records,40,,34,0.0
R2_bearing_holdout,K004,S2_new_records,40,,35,0.0
R2_bearing_holdout,K004,S2_new_records,40,,36,0.0
R2_bearing_holdout,K004,S2_new_records,40,,37,0.0
R2_bearing_holdout,K004,S2_new_records,40,,38,0.75
R2_bearing_holdout,K004,S2_new_records,40,,39,0.0
R2_bearing_holdout,K004,S2_new_records,40,,40,0.15
R2_bearing_holdout,K004,S2_new_records,40,,41,0.0
R2_bearing_holdout,K004,S2_new_records,40,,42,0.0
R2_bearing_holdout,K004,S2_new_records,40,,43,0.1
R2_bearing_holdout,K004,S2_new_records,40,,44,0.0
R2_bearing_holdout,K004,S2_new_records,40,,45,0.0
R2_bearing_holdout,K004,S2_new_records,40,,46,0.0
R2_bearing_holdout,K004,S2_new_records,40,,47,0.0
R2_bearing_holdout,K004,S2_new_records,40,,48,0.95
R2_bearing_holdout,K004,S2_new_records,40,,49,0.0
R2_bearing_holdout,K004,S2_new_records,40,,50,0.0
R2_bearing_holdout,K004,S2_new_records,40,,51,0.0
R2_bearing_holdout,K004,S2_new_records,40,,52,0.0
R2_bearing_holdout,K004,S2_new_records,40,,53,0.0
R2_bearing_holdout,K004,S2_new_records,40,,54,0.0
R2_bearing_holdout,K004,S2_new_records,40,,55,0.9
R2_bearing_holdout,K004,S2_new_records,40,,56,0.0
R2_bearing_holdout,K004,S2_new_records,40,,57,0.0
R2_bearing_holdout,K004,S2_new_records,40,,58,0.0
R2_bearing_holdout,K004,S2_new_records,40,,59,0.0
R2_bearing_holdout,K004,S2_new_records,40,,60,0.0
R2_bearing_holdout,K004,S2_new_records,40,,61,0.0
R2_bearing_holdout,K004,S2_new_records,40,,62,0.0
R2_bearing_holdout,K004,S2_new_records,40,,63,0.0
R2_bearing_holdout,K004,S2_new_records,40,,64,0.0
R2_bearing_holdout,K004,S2_new_records,40,,65,0.0
R2_bearing_holdout,K004,S2_new_records,40,,66,0.0
R2_bearing_holdout,K004,S2_new_records,40,,67,0.75
R2_bearing_holdout,K004,S2_new_records,40,,68,0.0
R2_bearing_holdout,K004,S2_new_records,40,,69,0.0
R2_bearing_holdout,K004,S2_new_records,40,,70,0.0
R2_bearing_holdout,K004,S2_new_records,40,,71,0.0
R2_bearing_holdout,K004,S2_new_records,40,,72,0.0
R2_bearing_holdout,K004,S2_new_records,40,,73,0.0
R2_bearing_holdout,K004,S2_new_records,40,,74,0.15
R2_bearing_holdout,K004,S2_new_records,40,,75,0.0
R2_bearing_holdout,K004,S2_new_records,40,,76,1.0
R2_bearing_holdout,K004,S2_new_records,40,,77,0.0
R2_bearing_holdout,K004,S2_new_records,40,,78,0.0
R2_bearing_holdout,K004,S2_new_records,40,,79,0.0
R2_bearing_holdout,K004,S2_new_records,40,,80,0.0
R2_bearing_holdout,K004,S2_new_records,40,,81,0.0
R2_bearing_holdout,K004,S2_new_records,40,,82,0.0
R2_bearing_holdout,K004,S2_new_records,40,,83,0.0
R2_bearing_holdout,K004,S2_new_records,40,,84,0.0
R2_bearing_holdout,K004,S2_new_records,40,,85,0.0
R2_bearing_holdout,K004,S2_new_records,40,,86,0.0
R2_bearing_holdout,K004,S2_new_records,40,,87,0.1
R2_bearing_holdout,K004,S2_new_records,40,,88,0.95
R2_bearing_holdout,K004,S2_new_records,40,,89,0.1
R2_bearing_holdout,K004,S2_new_records,40,,90,0.0
R2_bearing_holdout,K004,S2_new_records,40,,91,1.0
R2_bearing_holdout,K004,S2_new_records,40,,92,0.0
R2_bearing_holdout,K004,S2_new_records,40,,93,0.0
R2_bearing_holdout,K004,S2_new_records,40,,94,0.0
R2_bearing_holdout,K004,S2_new_records,40,,95,0.0
R2_bearing_holdout,K004,S2_new_records,40,,96,0.15
R2_bearing_holdout,K004,S2_new_records,40,,97,0.0
R2_bearing_holdout,K004,S2_new_records,40,,98,0.0
R2_bearing_holdout,K004,S2_new_records,40,,99,0.0
R2_bearing_holdout,K004,S2_new_records,60,,0,0.5
R2_bearing_holdout,K004,S2_new_records,60,,1,0.9
R2_bearing_holdout,K004,S2_new_records,60,,2,1.0
R2_bearing_holdout,K004,S2_new_records,60,,3,0.0
R2_bearing_holdout,K004,S2_new_records,60,,4,1.0
R2_bearing_holdout,K004,S2_new_records,60,,5,0.0
R2_bearing_holdout,K004,S2_new_records,60,,6,1.0
R2_bearing_holdout,K004,S2_new_records,60,,7,0.35
R2_bearing_holdout,K004,S2_new_records,60,,8,0.0
R2_bearing_holdout,K004,S2_new_records,60,,9,0.0
R2_bearing_holdout,K004,S2_new_records,60,,10,0.4
R2_bearing_holdout,K004,S2_new_records,60,,11,1.0
R2_bearing_holdout,K004,S2_new_records,60,,12,0.0
R2_bearing_holdout,K004,S2_new_records,60,,13,0.8
R2_bearing_holdout,K004,S2_new_records,60,,14,0.05
R2_bearing_holdout,K004,S2_new_records,60,,15,0.15
R2_bearing_holdout,K004,S2_new_records,60,,16,0.0
R2_bearing_holdout,K004,S2_new_records,60,,17,0.6
R2_bearing_holdout,K004,S2_new_records,60,,18,0.05
R2_bearing_holdout,K004,S2_new_records,60,,19,0.3
R2_bearing_holdout,K004,S2_new_records,60,,20,0.8
R2_bearing_holdout,K004,S2_new_records,60,,21,0.0
R2_bearing_holdout,K004,S2_new_records,60,,22,0.0
R2_bearing_holdout,K004,S2_new_records,60,,23,0.0
R2_bearing_holdout,K004,S2_new_records,60,,24,0.95
R2_bearing_holdout,K004,S2_new_records,60,,25,1.0
R2_bearing_holdout,K004,S2_new_records,60,,26,0.75
R2_bearing_holdout,K004,S2_new_records,60,,27,0.95
R2_bearing_holdout,K004,S2_new_records,60,,28,0.0
R2_bearing_holdout,K004,S2_new_records,60,,29,1.0
R2_bearing_holdout,K004,S2_new_records,60,,30,1.0
R2_bearing_holdout,K004,S2_new_records,60,,31,0.55
R2_bearing_holdout,K004,S2_new_records,60,,32,0.0
R2_bearing_holdout,K004,S2_new_records,60,,33,0.0
R2_bearing_holdout,K004,S2_new_records,60,,34,1.0
R2_bearing_holdout,K004,S2_new_records,60,,35,0.0
R2_bearing_holdout,K004,S2_new_records,60,,36,0.0
R2_bearing_holdout,K004,S2_new_records,60,,37,1.0
R2_bearing_holdout,K004,S2_new_records,60,,38,0.0
R2_bearing_holdout,K004,S2_new_records,60,,39,1.0
R2_bearing_holdout,K004,S2_new_records,60,,40,0.0
R2_bearing_holdout,K004,S2_new_records,60,,41,0.15
R2_bearing_holdout,K004,S2_new_records,60,,42,0.3
R2_bearing_holdout,K004,S2_new_records,60,,43,0.0
R2_bearing_holdout,K004,S2_new_records,60,,44,0.0
R2_bearing_holdout,K004,S2_new_records,60,,45,0.0
R2_bearing_holdout,K004,S2_new_records,60,,46,0.65
R2_bearing_holdout,K004,S2_new_records,60,,47,1.0
R2_bearing_holdout,K004,S2_new_records,60,,48,0.8
R2_bearing_holdout,K004,S2_new_records,60,,49,0.0
R2_bearing_holdout,K004,S2_new_records,60,,50,0.95
R2_bearing_holdout,K004,S2_new_records,60,,51,0.0
R2_bearing_holdout,K004,S2_new_records,60,,52,0.0
R2_bearing_holdout,K004,S2_new_records,60,,53,0.0
R2_bearing_holdout,K004,S2_new_records,60,,54,0.0
R2_bearing_holdout,K004,S2_new_records,60,,55,0.75
R2_bearing_holdout,K004,S2_new_records,60,,56,0.35
R2_bearing_holdout,K004,S2_new_records,60,,57,0.0
R2_bearing_holdout,K004,S2_new_records,60,,58,1.0
R2_bearing_holdout,K004,S2_new_records,60,,59,0.95
R2_bearing_holdout,K004,S2_new_records,60,,60,0.65
R2_bearing_holdout,K004,S2_new_records,60,,61,0.15
R2_bearing_holdout,K004,S2_new_records,60,,62,0.95
R2_bearing_holdout,K004,S2_new_records,60,,63,1.0
R2_bearing_holdout,K004,S2_new_records,60,,64,1.0
R2_bearing_holdout,K004,S2_new_records,60,,65,1.0
R2_bearing_holdout,K004,S2_new_records,60,,66,0.0
R2_bearing_holdout,K004,S2_new_records,60,,67,0.0
R2_bearing_holdout,K004,S2_new_records,60,,68,0.0
R2_bearing_holdout,K004,S2_new_records,60,,69,0.95
R2_bearing_holdout,K004,S2_new_records,60,,70,0.2
R2_bearing_holdout,K004,S2_new_records,60,,71,0.0
R2_bearing_holdout,K004,S2_new_records,60,,72,0.0
R2_bearing_holdout,K004,S2_new_records,60,,73,0.0
R2_bearing_holdout,K004,S2_new_records,60,,74,0.0
R2_bearing_holdout,K004,S2_new_records,60,,75,0.0
R2_bearing_holdout,K004,S2_new_records,60,,76,0.5
R2_bearing_holdout,K004,S2_new_records,60,,77,0.3
R2_bearing_holdout,K004,S2_new_records,60,,78,1.0
R2_bearing_holdout,K004,S2_new_records,60,,79,1.0
R2_bearing_holdout,K004,S2_new_records,60,,80,1.0
R2_bearing_holdout,K004,S2_new_records,60,,81,0.0
R2_bearing_holdout,K004,S2_new_records,60,,82,0.85
R2_bearing_holdout,K004,S2_new_records,60,,83,0.0
R2_bearing_holdout,K004,S2_new_records,60,,84,0.0
R2_bearing_holdout,K004,S2_new_records,60,,85,0.7
R2_bearing_holdout,K004,S2_new_records,60,,86,0.0
R2_bearing_holdout,K004,S2_new_records,60,,87,0.3
R2_bearing_holdout,K004,S2_new_records,60,,88,0.15
R2_bearing_holdout,K004,S2_new_records,60,,89,1.0
R2_bearing_holdout,K004,S2_new_records,60,,90,0.15
R2_bearing_holdout,K004,S2_new_records,60,,91,0.8
R2_bearing_holdout,K004,S2_new_records,60,,92,0.6
R2_bearing_holdout,K004,S2_new_records,60,,93,0.0
R2_bearing_holdout,K004,S2_new_records,60,,94,0.0
R2_bearing_holdout,K004,S2_new_records,60,,95,0.1
R2_bearing_holdout,K004,S2_new_records,60,,96,0.05
R2_bearing_holdout,K004,S2_new_records,60,,97,0.2
R2_bearing_holdout,K004,S2_new_records,60,,98,0.0
R2_bearing_holdout,K004,S2_new_records,60,,99,0.0
R2_bearing_holdout,K004,S2_new_records,80,,0,1.0
R2_bearing_holdout,K004,S2_new_records,80,,1,1.0
R2_bearing_holdout,K004,S2_new_records,80,,2,1.0
R2_bearing_holdout,K004,S2_new_records,80,,3,1.0
R2_bearing_holdout,K004,S2_new_records,80,,4,0.0
R2_bearing_holdout,K004,S2_new_records,80,,5,0.85
R2_bearing_holdout,K004,S2_new_records,80,,6,1.0
R2_bearing_holdout,K004,S2_new_records,80,,7,1.0
R2_bearing_holdout,K004,S2_new_records,80,,8,0.0
R2_bearing_holdout,K004,S2_new_records,80,,9,1.0
R2_bearing_holdout,K004,S2_new_records,80,,10,1.0
R2_bearing_holdout,K004,S2_new_records,80,,11,0.0
R2_bearing_holdout,K004,S2_new_records,80,,12,0.7
R2_bearing_holdout,K004,S2_new_records,80,,13,0.2
R2_bearing_holdout,K004,S2_new_records,80,,14,0.5
R2_bearing_holdout,K004,S2_new_records,80,,15,1.0
R2_bearing_holdout,K004,S2_new_records,80,,16,1.0
R2_bearing_holdout,K004,S2_new_records,80,,17,0.3
R2_bearing_holdout,K004,S2_new_records,80,,18,1.0
R2_bearing_holdout,K004,S2_new_records,80,,19,1.0
R2_bearing_holdout,K004,S2_new_records,80,,20,1.0
R2_bearing_holdout,K004,S2_new_records,80,,21,1.0
R2_bearing_holdout,K004,S2_new_records,80,,22,0.5
R2_bearing_holdout,K004,S2_new_records,80,,23,1.0
R2_bearing_holdout,K004,S2_new_records,80,,24,1.0
R2_bearing_holdout,K004,S2_new_records,80,,25,0.75
R2_bearing_holdout,K004,S2_new_records,80,,26,1.0
R2_bearing_holdout,K004,S2_new_records,80,,27,0.0
R2_bearing_holdout,K004,S2_new_records,80,,28,1.0
R2_bearing_holdout,K004,S2_new_records,80,,29,1.0
R2_bearing_holdout,K004,S2_new_records,80,,30,1.0
R2_bearing_holdout,K004,S2_new_records,80,,31,0.15
R2_bearing_holdout,K004,S2_new_records,80,,32,0.95
R2_bearing_holdout,K004,S2_new_records,80,,33,0.95
R2_bearing_holdout,K004,S2_new_records,80,,34,1.0
R2_bearing_holdout,K004,S2_new_records,80,,35,1.0
R2_bearing_holdout,K004,S2_new_records,80,,36,1.0
R2_bearing_holdout,K004,S2_new_records,80,,37,1.0
R2_bearing_holdout,K004,S2_new_records,80,,38,0.3
R2_bearing_holdout,K004,S2_new_records,80,,39,1.0
R2_bearing_holdout,K004,S2_new_records,80,,40,1.0
R2_bearing_holdout,K004,S2_new_records,80,,41,0.85
R2_bearing_holdout,K004,S2_new_records,80,,42,1.0
R2_bearing_holdout,K004,S2_new_records,80,,43,0.4
R2_bearing_holdout,K004,S2_new_records,80,,44,1.0
R2_bearing_holdout,K004,S2_new_records,80,,45,0.95
R2_bearing_holdout,K004,S2_new_records,80,,46,0.0
R2_bearing_holdout,K004,S2_new_records,80,,47,1.0
R2_bearing_holdout,K004,S2_new_records,80,,48,1.0
R2_bearing_holdout,K004,S2_new_records,80,,49,0.15
R2_bearing_holdout,K004,S2_new_records,80,,50,1.0
R2_bearing_holdout,K004,S2_new_records,80,,51,0.0
R2_bearing_holdout,K004,S2_new_records,80,,52,1.0
R2_bearing_holdout,K004,S2_new_records,80,,53,0.0
R2_bearing_holdout,K004,S2_new_records,80,,54,1.0
R2_bearing_holdout,K004,S2_new_records,80,,55,1.0
R2_bearing_holdout,K004,S2_new_records,80,,56,0.0
R2_bearing_holdout,K004,S2_new_records,80,,57,0.15
R2_bearing_holdout,K004,S2_new_records,80,,58,0.0
R2_bearing_holdout,K004,S2_new_records,80,,59,1.0
R2_bearing_holdout,K004,S2_new_records,80,,60,1.0
R2_bearing_holdout,K004,S2_new_records,80,,61,1.0
R2_bearing_holdout,K004,S2_new_records,80,,62,1.0
R2_bearing_holdout,K004,S2_new_records,80,,63,1.0
R2_bearing_holdout,K004,S2_new_records,80,,64,1.0
R2_bearing_holdout,K004,S2_new_records,80,,65,1.0
R2_bearing_holdout,K004,S2_new_records,80,,66,0.5
R2_bearing_holdout,K004,S2_new_records,80,,67,1.0
R2_bearing_holdout,K004,S2_new_records,80,,68,1.0
R2_bearing_holdout,K004,S2_new_records,80,,69,0.3
R2_bearing_holdout,K004,S2_new_records,80,,70,1.0
R2_bearing_holdout,K004,S2_new_records,80,,71,1.0
R2_bearing_holdout,K004,S2_new_records,80,,72,0.0
R2_bearing_holdout,K004,S2_new_records,80,,73,1.0
R2_bearing_holdout,K004,S2_new_records,80,,74,0.0
R2_bearing_holdout,K004,S2_new_records,80,,75,1.0
R2_bearing_holdout,K004,S2_new_records,80,,76,1.0
R2_bearing_holdout,K004,S2_new_records,80,,77,1.0
R2_bearing_holdout,K004,S2_new_records,80,,78,1.0
R2_bearing_holdout,K004,S2_new_records,80,,79,1.0
R2_bearing_holdout,K004,S2_new_records,80,,80,0.95
R2_bearing_holdout,K004,S2_new_records,80,,81,1.0
R2_bearing_holdout,K004,S2_new_records,80,,82,1.0
R2_bearing_holdout,K004,S2_new_records,80,,83,1.0
R2_bearing_holdout,K004,S2_new_records,80,,84,1.0
R2_bearing_holdout,K004,S2_new_records,80,,85,0.95
R2_bearing_holdout,K004,S2_new_records,80,,86,1.0
R2_bearing_holdout,K004,S2_new_records,80,,87,1.0
R2_bearing_holdout,K004,S2_new_records,80,,88,1.0
R2_bearing_holdout,K004,S2_new_records,80,,89,1.0
R2_bearing_holdout,K004,S2_new_records,80,,90,1.0
R2_bearing_holdout,K004,S2_new_records,80,,91,1.0
R2_bearing_holdout,K004,S2_new_records,80,,92,0.0
R2_bearing_holdout,K004,S2_new_records,80,,93,1.0
R2_bearing_holdout,K004,S2_new_records,80,,94,0.05
R2_bearing_holdout,K004,S2_new_records,80,,95,1.0
R2_bearing_holdout,K004,S2_new_records,80,,96,1.0
R2_bearing_holdout,K004,S2_new_records,80,,97,0.95
R2_bearing_holdout,K004,S2_new_records,80,,98,0.05
R2_bearing_holdout,K004,S2_new_records,80,,99,0.05
R2_bearing_holdout,K004,S2_new_records,96,,0,1.0
R2_bearing_holdout,K004,S2_new_records,96,,1,1.0
R2_bearing_holdout,K004,S2_new_records,96,,2,1.0
R2_bearing_holdout,K004,S2_new_records,96,,3,1.0
R2_bearing_holdout,K004,S2_new_records,96,,4,1.0
R2_bearing_holdout,K004,S2_new_records,96,,5,1.0
R2_bearing_holdout,K004,S2_new_records,96,,6,1.0
R2_bearing_holdout,K004,S2_new_records,96,,7,1.0
R2_bearing_holdout,K004,S2_new_records,96,,8,1.0
R2_bearing_holdout,K004,S2_new_records,96,,9,1.0
R2_bearing_holdout,K004,S2_new_records,96,,10,1.0
R2_bearing_holdout,K004,S2_new_records,96,,11,1.0
R2_bearing_holdout,K004,S2_new_records,96,,12,1.0
R2_bearing_holdout,K004,S2_new_records,96,,13,1.0
R2_bearing_holdout,K004,S2_new_records,96,,14,0.75
R2_bearing_holdout,K004,S2_new_records,96,,15,1.0
R2_bearing_holdout,K004,S2_new_records,96,,16,1.0
R2_bearing_holdout,K004,S2_new_records,96,,17,1.0
R2_bearing_holdout,K004,S2_new_records,96,,18,1.0
R2_bearing_holdout,K004,S2_new_records,96,,19,1.0
R2_bearing_holdout,K004,S2_new_records,96,,20,1.0
R2_bearing_holdout,K004,S2_new_records,96,,21,1.0
R2_bearing_holdout,K004,S2_new_records,96,,22,1.0
R2_bearing_holdout,K004,S2_new_records,96,,23,1.0
R2_bearing_holdout,K004,S2_new_records,96,,24,1.0
R2_bearing_holdout,K004,S2_new_records,96,,25,1.0
R2_bearing_holdout,K004,S2_new_records,96,,26,1.0
R2_bearing_holdout,K004,S2_new_records,96,,27,1.0
R2_bearing_holdout,K004,S2_new_records,96,,28,1.0
R2_bearing_holdout,K004,S2_new_records,96,,29,1.0
R2_bearing_holdout,K004,S2_new_records,96,,30,1.0
R2_bearing_holdout,K004,S2_new_records,96,,31,1.0
R2_bearing_holdout,K004,S2_new_records,96,,32,1.0
R2_bearing_holdout,K004,S2_new_records,96,,33,1.0
R2_bearing_holdout,K004,S2_new_records,96,,34,1.0
R2_bearing_holdout,K004,S2_new_records,96,,35,1.0
R2_bearing_holdout,K004,S2_new_records,96,,36,1.0
R2_bearing_holdout,K004,S2_new_records,96,,37,1.0
R2_bearing_holdout,K004,S2_new_records,96,,38,1.0
R2_bearing_holdout,K004,S2_new_records,96,,39,1.0
R2_bearing_holdout,K004,S2_new_records,96,,40,1.0
R2_bearing_holdout,K004,S2_new_records,96,,41,1.0
R2_bearing_holdout,K004,S2_new_records,96,,42,1.0
R2_bearing_holdout,K004,S2_new_records,96,,43,1.0
R2_bearing_holdout,K004,S2_new_records,96,,44,0.95
R2_bearing_holdout,K004,S2_new_records,96,,45,1.0
R2_bearing_holdout,K004,S2_new_records,96,,46,1.0
R2_bearing_holdout,K004,S2_new_records,96,,47,0.6
R2_bearing_holdout,K004,S2_new_records,96,,48,0.05
R2_bearing_holdout,K004,S2_new_records,96,,49,1.0
R2_bearing_holdout,K004,S2_new_records,96,,50,1.0
R2_bearing_holdout,K004,S2_new_records,96,,51,1.0
R2_bearing_holdout,K004,S2_new_records,96,,52,1.0
R2_bearing_holdout,K004,S2_new_records,96,,53,1.0
R2_bearing_holdout,K004,S2_new_records,96,,54,1.0
R2_bearing_holdout,K004,S2_new_records,96,,55,0.95
R2_bearing_holdout,K004,S2_new_records,96,,56,1.0
R2_bearing_holdout,K004,S2_new_records,96,,57,1.0
R2_bearing_holdout,K004,S2_new_records,96,,58,1.0
R2_bearing_holdout,K004,S2_new_records,96,,59,1.0
R2_bearing_holdout,K004,S2_new_records,96,,60,1.0
R2_bearing_holdout,K004,S2_new_records,96,,61,1.0
R2_bearing_holdout,K004,S2_new_records,96,,62,1.0
R2_bearing_holdout,K004,S2_new_records,96,,63,0.95
R2_bearing_holdout,K004,S2_new_records,96,,64,1.0
R2_bearing_holdout,K004,S2_new_records,96,,65,1.0
R2_bearing_holdout,K004,S2_new_records,96,,66,1.0
R2_bearing_holdout,K004,S2_new_records,96,,67,1.0
R2_bearing_holdout,K004,S2_new_records,96,,68,0.9
R2_bearing_holdout,K004,S2_new_records,96,,69,0.95
R2_bearing_holdout,K004,S2_new_records,96,,70,1.0
R2_bearing_holdout,K004,S2_new_records,96,,71,1.0
R2_bearing_holdout,K004,S2_new_records,96,,72,1.0
R2_bearing_holdout,K004,S2_new_records,96,,73,1.0
R2_bearing_holdout,K004,S2_new_records,96,,74,1.0
R2_bearing_holdout,K004,S2_new_records,96,,75,1.0
R2_bearing_holdout,K004,S2_new_records,96,,76,1.0
R2_bearing_holdout,K004,S2_new_records,96,,77,1.0
R2_bearing_holdout,K004,S2_new_records,96,,78,1.0
R2_bearing_holdout,K004,S2_new_records,96,,79,1.0
R2_bearing_holdout,K004,S2_new_records,96,,80,0.9
R2_bearing_holdout,K004,S2_new_records,96,,81,0.45
R2_bearing_holdout,K004,S2_new_records,96,,82,1.0
R2_bearing_holdout,K004,S2_new_records,96,,83,0.7
R2_bearing_holdout,K004,S2_new_records,96,,84,1.0
R2_bearing_holdout,K004,S2_new_records,96,,85,1.0
R2_bearing_holdout,K004,S2_new_records,96,,86,1.0
R2_bearing_holdout,K004,S2_new_records,96,,87,1.0
R2_bearing_holdout,K004,S2_new_records,96,,88,1.0
R2_bearing_holdout,K004,S2_new_records,96,,89,1.0
R2_bearing_holdout,K004,S2_new_records,96,,90,1.0
R2_bearing_holdout,K004,S2_new_records,96,,91,1.0
R2_bearing_holdout,K004,S2_new_records,96,,92,1.0
R2_bearing_holdout,K004,S2_new_records,96,,93,1.0
R2_bearing_holdout,K004,S2_new_records,96,,94,1.0
R2_bearing_holdout,K004,S2_new_records,96,,95,1.0
R2_bearing_holdout,K004,S2_new_records,96,,96,0.95
R2_bearing_holdout,K004,S2_new_records,96,,97,1.0
R2_bearing_holdout,K004,S2_new_records,96,,98,1.0
R2_bearing_holdout,K004,S2_new_records,96,,99,1.0
R2_bearing_holdout,K004,S3_units,20,1.0,0,1.0
R2_bearing_holdout,K004,S3_units,20,1.0,1,1.0
R2_bearing_holdout,K004,S3_units,20,1.0,2,1.0
R2_bearing_holdout,K004,S3_units,20,1.0,3,1.0
R2_bearing_holdout,K004,S3_units,20,1.0,4,1.0
R2_bearing_holdout,K004,S3_units,20,1.0,5,1.0
R2_bearing_holdout,K004,S3_units,20,1.0,6,1.0
R2_bearing_holdout,K004,S3_units,20,1.0,7,1.0
R2_bearing_holdout,K004,S3_units,20,1.0,8,1.0
R2_bearing_holdout,K004,S3_units,20,1.0,9,1.0
R2_bearing_holdout,K004,S3_units,20,1.0,10,1.0
R2_bearing_holdout,K004,S3_units,20,1.0,11,0.0
R2_bearing_holdout,K004,S3_units,20,1.0,12,1.0
R2_bearing_holdout,K004,S3_units,20,1.0,13,1.0
R2_bearing_holdout,K004,S3_units,20,1.0,14,1.0
R2_bearing_holdout,K004,S3_units,20,1.0,15,1.0
R2_bearing_holdout,K004,S3_units,20,1.0,16,1.0
R2_bearing_holdout,K004,S3_units,20,1.0,17,1.0
R2_bearing_holdout,K004,S3_units,20,1.0,18,1.0
R2_bearing_holdout,K004,S3_units,20,1.0,19,1.0
R2_bearing_holdout,K004,S3_units,20,1.0,20,1.0
R2_bearing_holdout,K004,S3_units,20,1.0,21,1.0
R2_bearing_holdout,K004,S3_units,20,1.0,22,1.0
R2_bearing_holdout,K004,S3_units,20,1.0,23,1.0
R2_bearing_holdout,K004,S3_units,20,1.0,24,0.0
R2_bearing_holdout,K004,S3_units,20,1.0,25,1.0
R2_bearing_holdout,K004,S3_units,20,1.0,26,1.0
R2_bearing_holdout,K004,S3_units,20,1.0,27,1.0
R2_bearing_holdout,K004,S3_units,20,1.0,28,0.0
R2_bearing_holdout,K004,S3_units,20,1.0,29,1.0
R2_bearing_holdout,K004,S3_units,20,1.0,30,1.0
R2_bearing_holdout,K004,S3_units,20,1.0,31,1.0
R2_bearing_holdout,K004,S3_units,20,1.0,32,0.0
R2_bearing_holdout,K004,S3_units,20,1.0,33,1.0
R2_bearing_holdout,K004,S3_units,20,1.0,34,1.0
R2_bearing_holdout,K004,S3_units,20,1.0,35,1.0
R2_bearing_holdout,K004,S3_units,20,1.0,36,1.0
R2_bearing_holdout,K004,S3_units,20,1.0,37,1.0
R2_bearing_holdout,K004,S3_units,20,1.0,38,0.0
R2_bearing_holdout,K004,S3_units,20,1.0,39,1.0
R2_bearing_holdout,K004,S3_units,20,1.0,40,1.0
R2_bearing_holdout,K004,S3_units,20,1.0,41,1.0
R2_bearing_holdout,K004,S3_units,20,1.0,42,0.0
R2_bearing_holdout,K004,S3_units,20,1.0,43,1.0
R2_bearing_holdout,K004,S3_units,20,1.0,44,1.0
R2_bearing_holdout,K004,S3_units,20,1.0,45,1.0
R2_bearing_holdout,K004,S3_units,20,1.0,46,1.0
R2_bearing_holdout,K004,S3_units,20,1.0,47,1.0
R2_bearing_holdout,K004,S3_units,20,1.0,48,1.0
R2_bearing_holdout,K004,S3_units,20,1.0,49,1.0
R2_bearing_holdout,K004,S3_units,20,1.0,50,1.0
R2_bearing_holdout,K004,S3_units,20,1.0,51,1.0
R2_bearing_holdout,K004,S3_units,20,1.0,52,0.0
R2_bearing_holdout,K004,S3_units,20,1.0,53,1.0
R2_bearing_holdout,K004,S3_units,20,1.0,54,1.0
R2_bearing_holdout,K004,S3_units,20,1.0,55,1.0
R2_bearing_holdout,K004,S3_units,20,1.0,56,1.0
R2_bearing_holdout,K004,S3_units,20,1.0,57,0.0
R2_bearing_holdout,K004,S3_units,20,1.0,58,1.0
R2_bearing_holdout,K004,S3_units,20,1.0,59,1.0
R2_bearing_holdout,K004,S3_units,20,1.0,60,1.0
R2_bearing_holdout,K004,S3_units,20,1.0,61,1.0
R2_bearing_holdout,K004,S3_units,20,1.0,62,1.0
R2_bearing_holdout,K004,S3_units,20,1.0,63,0.0
R2_bearing_holdout,K004,S3_units,20,1.0,64,1.0
R2_bearing_holdout,K004,S3_units,20,1.0,65,1.0
R2_bearing_holdout,K004,S3_units,20,1.0,66,1.0
R2_bearing_holdout,K004,S3_units,20,1.0,67,1.0
R2_bearing_holdout,K004,S3_units,20,1.0,68,1.0
R2_bearing_holdout,K004,S3_units,20,1.0,69,1.0
R2_bearing_holdout,K004,S3_units,20,1.0,70,1.0
R2_bearing_holdout,K004,S3_units,20,1.0,71,1.0
R2_bearing_holdout,K004,S3_units,20,1.0,72,1.0
R2_bearing_holdout,K004,S3_units,20,1.0,73,1.0
R2_bearing_holdout,K004,S3_units,20,1.0,74,0.0
R2_bearing_holdout,K004,S3_units,20,1.0,75,1.0
R2_bearing_holdout,K004,S3_units,20,1.0,76,1.0
R2_bearing_holdout,K004,S3_units,20,1.0,77,0.0
R2_bearing_holdout,K004,S3_units,20,1.0,78,1.0
R2_bearing_holdout,K004,S3_units,20,1.0,79,1.0
R2_bearing_holdout,K004,S3_units,20,1.0,80,1.0
R2_bearing_holdout,K004,S3_units,20,1.0,81,1.0
R2_bearing_holdout,K004,S3_units,20,1.0,82,1.0
R2_bearing_holdout,K004,S3_units,20,1.0,83,1.0
R2_bearing_holdout,K004,S3_units,20,1.0,84,1.0
R2_bearing_holdout,K004,S3_units,20,1.0,85,1.0
R2_bearing_holdout,K004,S3_units,20,1.0,86,1.0
R2_bearing_holdout,K004,S3_units,20,1.0,87,1.0
R2_bearing_holdout,K004,S3_units,20,1.0,88,1.0
R2_bearing_holdout,K004,S3_units,20,1.0,89,0.0
R2_bearing_holdout,K004,S3_units,20,1.0,90,1.0
R2_bearing_holdout,K004,S3_units,20,1.0,91,1.0
R2_bearing_holdout,K004,S3_units,20,1.0,92,1.0
R2_bearing_holdout,K004,S3_units,20,1.0,93,1.0
R2_bearing_holdout,K004,S3_units,20,1.0,94,1.0
R2_bearing_holdout,K004,S3_units,20,1.0,95,1.0
R2_bearing_holdout,K004,S3_units,20,1.0,96,1.0
R2_bearing_holdout,K004,S3_units,20,1.0,97,0.0
R2_bearing_holdout,K004,S3_units,20,1.0,98,1.0
R2_bearing_holdout,K004,S3_units,20,1.0,99,1.0
R2_bearing_holdout,K004,S3_units,20,2.0,0,1.0
R2_bearing_holdout,K004,S3_units,20,2.0,1,1.0
R2_bearing_holdout,K004,S3_units,20,2.0,2,1.0
R2_bearing_holdout,K004,S3_units,20,2.0,3,1.0
R2_bearing_holdout,K004,S3_units,20,2.0,4,1.0
R2_bearing_holdout,K004,S3_units,20,2.0,5,1.0
R2_bearing_holdout,K004,S3_units,20,2.0,6,0.0
R2_bearing_holdout,K004,S3_units,20,2.0,7,1.0
R2_bearing_holdout,K004,S3_units,20,2.0,8,1.0
R2_bearing_holdout,K004,S3_units,20,2.0,9,1.0
R2_bearing_holdout,K004,S3_units,20,2.0,10,0.0
R2_bearing_holdout,K004,S3_units,20,2.0,11,0.0
R2_bearing_holdout,K004,S3_units,20,2.0,12,0.0
R2_bearing_holdout,K004,S3_units,20,2.0,13,1.0
R2_bearing_holdout,K004,S3_units,20,2.0,14,0.0
R2_bearing_holdout,K004,S3_units,20,2.0,15,1.0
R2_bearing_holdout,K004,S3_units,20,2.0,16,0.0
R2_bearing_holdout,K004,S3_units,20,2.0,17,1.0
R2_bearing_holdout,K004,S3_units,20,2.0,18,0.0
R2_bearing_holdout,K004,S3_units,20,2.0,19,0.0
R2_bearing_holdout,K004,S3_units,20,2.0,20,0.0
R2_bearing_holdout,K004,S3_units,20,2.0,21,0.35
R2_bearing_holdout,K004,S3_units,20,2.0,22,1.0
R2_bearing_holdout,K004,S3_units,20,2.0,23,0.0
R2_bearing_holdout,K004,S3_units,20,2.0,24,0.0
R2_bearing_holdout,K004,S3_units,20,2.0,25,1.0
R2_bearing_holdout,K004,S3_units,20,2.0,26,1.0
R2_bearing_holdout,K004,S3_units,20,2.0,27,1.0
R2_bearing_holdout,K004,S3_units,20,2.0,28,1.0
R2_bearing_holdout,K004,S3_units,20,2.0,29,0.0
R2_bearing_holdout,K004,S3_units,20,2.0,30,1.0
R2_bearing_holdout,K004,S3_units,20,2.0,31,0.0
R2_bearing_holdout,K004,S3_units,20,2.0,32,1.0
R2_bearing_holdout,K004,S3_units,20,2.0,33,1.0
R2_bearing_holdout,K004,S3_units,20,2.0,34,1.0
R2_bearing_holdout,K004,S3_units,20,2.0,35,1.0
R2_bearing_holdout,K004,S3_units,20,2.0,36,1.0
R2_bearing_holdout,K004,S3_units,20,2.0,37,1.0
R2_bearing_holdout,K004,S3_units,20,2.0,38,1.0
R2_bearing_holdout,K004,S3_units,20,2.0,39,1.0
R2_bearing_holdout,K004,S3_units,20,2.0,40,0.0
R2_bearing_holdout,K004,S3_units,20,2.0,41,1.0
R2_bearing_holdout,K004,S3_units,20,2.0,42,0.15
R2_bearing_holdout,K004,S3_units,20,2.0,43,1.0
R2_bearing_holdout,K004,S3_units,20,2.0,44,0.0
R2_bearing_holdout,K004,S3_units,20,2.0,45,1.0
R2_bearing_holdout,K004,S3_units,20,2.0,46,0.9
R2_bearing_holdout,K004,S3_units,20,2.0,47,0.65
R2_bearing_holdout,K004,S3_units,20,2.0,48,1.0
R2_bearing_holdout,K004,S3_units,20,2.0,49,1.0
R2_bearing_holdout,K004,S3_units,20,2.0,50,0.0
R2_bearing_holdout,K004,S3_units,20,2.0,51,1.0
R2_bearing_holdout,K004,S3_units,20,2.0,52,1.0
R2_bearing_holdout,K004,S3_units,20,2.0,53,1.0
R2_bearing_holdout,K004,S3_units,20,2.0,54,0.0
R2_bearing_holdout,K004,S3_units,20,2.0,55,1.0
R2_bearing_holdout,K004,S3_units,20,2.0,56,1.0
R2_bearing_holdout,K004,S3_units,20,2.0,57,1.0
R2_bearing_holdout,K004,S3_units,20,2.0,58,0.0
R2_bearing_holdout,K004,S3_units,20,2.0,59,1.0
R2_bearing_holdout,K004,S3_units,20,2.0,60,1.0
R2_bearing_holdout,K004,S3_units,20,2.0,61,1.0
R2_bearing_holdout,K004,S3_units,20,2.0,62,1.0
R2_bearing_holdout,K004,S3_units,20,2.0,63,1.0
R2_bearing_holdout,K004,S3_units,20,2.0,64,1.0
R2_bearing_holdout,K004,S3_units,20,2.0,65,1.0
R2_bearing_holdout,K004,S3_units,20,2.0,66,1.0
R2_bearing_holdout,K004,S3_units,20,2.0,67,0.0
R2_bearing_holdout,K004,S3_units,20,2.0,68,1.0
R2_bearing_holdout,K004,S3_units,20,2.0,69,1.0
R2_bearing_holdout,K004,S3_units,20,2.0,70,0.05
R2_bearing_holdout,K004,S3_units,20,2.0,71,1.0
R2_bearing_holdout,K004,S3_units,20,2.0,72,1.0
R2_bearing_holdout,K004,S3_units,20,2.0,73,1.0
R2_bearing_holdout,K004,S3_units,20,2.0,74,0.0
R2_bearing_holdout,K004,S3_units,20,2.0,75,0.0
R2_bearing_holdout,K004,S3_units,20,2.0,76,1.0
R2_bearing_holdout,K004,S3_units,20,2.0,77,0.0
R2_bearing_holdout,K004,S3_units,20,2.0,78,1.0
R2_bearing_holdout,K004,S3_units,20,2.0,79,1.0
R2_bearing_holdout,K004,S3_units,20,2.0,80,1.0
R2_bearing_holdout,K004,S3_units,20,2.0,81,1.0
R2_bearing_holdout,K004,S3_units,20,2.0,82,1.0
R2_bearing_holdout,K004,S3_units,20,2.0,83,0.0
R2_bearing_holdout,K004,S3_units,20,2.0,84,1.0
R2_bearing_holdout,K004,S3_units,20,2.0,85,0.0
R2_bearing_holdout,K004,S3_units,20,2.0,86,0.0
R2_bearing_holdout,K004,S3_units,20,2.0,87,0.45
R2_bearing_holdout,K004,S3_units,20,2.0,88,1.0
R2_bearing_holdout,K004,S3_units,20,2.0,89,1.0
R2_bearing_holdout,K004,S3_units,20,2.0,90,1.0
R2_bearing_holdout,K004,S3_units,20,2.0,91,0.0
R2_bearing_holdout,K004,S3_units,20,2.0,92,1.0
R2_bearing_holdout,K004,S3_units,20,2.0,93,1.0
R2_bearing_holdout,K004,S3_units,20,2.0,94,1.0
R2_bearing_holdout,K004,S3_units,20,2.0,95,1.0
R2_bearing_holdout,K004,S3_units,20,2.0,96,0.0
R2_bearing_holdout,K004,S3_units,20,2.0,97,1.0
R2_bearing_holdout,K004,S3_units,20,2.0,98,0.0
R2_bearing_holdout,K004,S3_units,20,2.0,99,1.0
R2_bearing_holdout,K004,S3_units,20,3.0,0,0.0
R2_bearing_holdout,K004,S3_units,20,3.0,1,0.0
R2_bearing_holdout,K004,S3_units,20,3.0,2,1.0
R2_bearing_holdout,K004,S3_units,20,3.0,3,0.0
R2_bearing_holdout,K004,S3_units,20,3.0,4,1.0
R2_bearing_holdout,K004,S3_units,20,3.0,5,0.0
R2_bearing_holdout,K004,S3_units,20,3.0,6,0.0
R2_bearing_holdout,K004,S3_units,20,3.0,7,0.0
R2_bearing_holdout,K004,S3_units,20,3.0,8,1.0
R2_bearing_holdout,K004,S3_units,20,3.0,9,1.0
R2_bearing_holdout,K004,S3_units,20,3.0,10,0.2
R2_bearing_holdout,K004,S3_units,20,3.0,11,1.0
R2_bearing_holdout,K004,S3_units,20,3.0,12,0.1
R2_bearing_holdout,K004,S3_units,20,3.0,13,1.0
R2_bearing_holdout,K004,S3_units,20,3.0,14,1.0
R2_bearing_holdout,K004,S3_units,20,3.0,15,1.0
R2_bearing_holdout,K004,S3_units,20,3.0,16,0.0
R2_bearing_holdout,K004,S3_units,20,3.0,17,0.0
R2_bearing_holdout,K004,S3_units,20,3.0,18,0.0
R2_bearing_holdout,K004,S3_units,20,3.0,19,0.0
R2_bearing_holdout,K004,S3_units,20,3.0,20,0.25
R2_bearing_holdout,K004,S3_units,20,3.0,21,0.0
R2_bearing_holdout,K004,S3_units,20,3.0,22,1.0
R2_bearing_holdout,K004,S3_units,20,3.0,23,1.0
R2_bearing_holdout,K004,S3_units,20,3.0,24,1.0
R2_bearing_holdout,K004,S3_units,20,3.0,25,0.0
R2_bearing_holdout,K004,S3_units,20,3.0,26,0.0
R2_bearing_holdout,K004,S3_units,20,3.0,27,0.0
R2_bearing_holdout,K004,S3_units,20,3.0,28,0.0
R2_bearing_holdout,K004,S3_units,20,3.0,29,1.0
R2_bearing_holdout,K004,S3_units,20,3.0,30,0.0
R2_bearing_holdout,K004,S3_units,20,3.0,31,1.0
R2_bearing_holdout,K004,S3_units,20,3.0,32,0.0
R2_bearing_holdout,K004,S3_units,20,3.0,33,1.0
R2_bearing_holdout,K004,S3_units,20,3.0,34,1.0
R2_bearing_holdout,K004,S3_units,20,3.0,35,0.0
R2_bearing_holdout,K004,S3_units,20,3.0,36,0.1
R2_bearing_holdout,K004,S3_units,20,3.0,37,1.0
R2_bearing_holdout,K004,S3_units,20,3.0,38,1.0
R2_bearing_holdout,K004,S3_units,20,3.0,39,1.0
R2_bearing_holdout,K004,S3_units,20,3.0,40,1.0
R2_bearing_holdout,K004,S3_units,20,3.0,41,0.0
R2_bearing_holdout,K004,S3_units,20,3.0,42,1.0
R2_bearing_holdout,K004,S3_units,20,3.0,43,0.0
R2_bearing_holdout,K004,S3_units,20,3.0,44,0.55
R2_bearing_holdout,K004,S3_units,20,3.0,45,1.0
R2_bearing_holdout,K004,S3_units,20,3.0,46,0.0
R2_bearing_holdout,K004,S3_units,20,3.0,47,0.0
R2_bearing_holdout,K004,S3_units,20,3.0,48,1.0
R2_bearing_holdout,K004,S3_units,20,3.0,49,0.0
R2_bearing_holdout,K004,S3_units,20,3.0,50,0.0
R2_bearing_holdout,K004,S3_units,20,3.0,51,0.0
R2_bearing_holdout,K004,S3_units,20,3.0,52,1.0
R2_bearing_holdout,K004,S3_units,20,3.0,53,1.0
R2_bearing_holdout,K004,S3_units,20,3.0,54,0.0
R2_bearing_holdout,K004,S3_units,20,3.0,55,0.0
R2_bearing_holdout,K004,S3_units,20,3.0,56,0.0
R2_bearing_holdout,K004,S3_units,20,3.0,57,1.0
R2_bearing_holdout,K004,S3_units,20,3.0,58,0.0
R2_bearing_holdout,K004,S3_units,20,3.0,59,0.0
R2_bearing_holdout,K004,S3_units,20,3.0,60,0.0
R2_bearing_holdout,K004,S3_units,20,3.0,61,0.0
R2_bearing_holdout,K004,S3_units,20,3.0,62,1.0
R2_bearing_holdout,K004,S3_units,20,3.0,63,1.0
R2_bearing_holdout,K004,S3_units,20,3.0,64,0.0
R2_bearing_holdout,K004,S3_units,20,3.0,65,0.0
R2_bearing_holdout,K004,S3_units,20,3.0,66,0.9
R2_bearing_holdout,K004,S3_units,20,3.0,67,0.0
R2_bearing_holdout,K004,S3_units,20,3.0,68,1.0
R2_bearing_holdout,K004,S3_units,20,3.0,69,0.0
R2_bearing_holdout,K004,S3_units,20,3.0,70,0.0
R2_bearing_holdout,K004,S3_units,20,3.0,71,0.0
R2_bearing_holdout,K004,S3_units,20,3.0,72,0.0
R2_bearing_holdout,K004,S3_units,20,3.0,73,0.0
R2_bearing_holdout,K004,S3_units,20,3.0,74,0.0
R2_bearing_holdout,K004,S3_units,20,3.0,75,0.0
R2_bearing_holdout,K004,S3_units,20,3.0,76,1.0
R2_bearing_holdout,K004,S3_units,20,3.0,77,1.0
R2_bearing_holdout,K004,S3_units,20,3.0,78,0.0
R2_bearing_holdout,K004,S3_units,20,3.0,79,0.0
R2_bearing_holdout,K004,S3_units,20,3.0,80,0.0
R2_bearing_holdout,K004,S3_units,20,3.0,81,0.0
R2_bearing_holdout,K004,S3_units,20,3.0,82,0.0
R2_bearing_holdout,K004,S3_units,20,3.0,83,0.0
R2_bearing_holdout,K004,S3_units,20,3.0,84,1.0
R2_bearing_holdout,K004,S3_units,20,3.0,85,0.05
R2_bearing_holdout,K004,S3_units,20,3.0,86,0.0
R2_bearing_holdout,K004,S3_units,20,3.0,87,0.0
R2_bearing_holdout,K004,S3_units,20,3.0,88,0.0
R2_bearing_holdout,K004,S3_units,20,3.0,89,1.0
R2_bearing_holdout,K004,S3_units,20,3.0,90,0.05
R2_bearing_holdout,K004,S3_units,20,3.0,91,1.0
R2_bearing_holdout,K004,S3_units,20,3.0,92,1.0
R2_bearing_holdout,K004,S3_units,20,3.0,93,0.0
R2_bearing_holdout,K004,S3_units,20,3.0,94,1.0
R2_bearing_holdout,K004,S3_units,20,3.0,95,0.0
R2_bearing_holdout,K004,S3_units,20,3.0,96,0.0
R2_bearing_holdout,K004,S3_units,20,3.0,97,0.0
R2_bearing_holdout,K004,S3_units,20,3.0,98,0.0
R2_bearing_holdout,K004,S3_units,20,3.0,99,0.0
R2_bearing_holdout,K004,S3_units,20,4.0,0,0.0
R2_bearing_holdout,K004,S3_units,20,4.0,1,1.0
R2_bearing_holdout,K004,S3_units,20,4.0,2,0.0
R2_bearing_holdout,K004,S3_units,20,4.0,3,0.0
R2_bearing_holdout,K004,S3_units,20,4.0,4,1.0
R2_bearing_holdout,K004,S3_units,20,4.0,5,0.0
R2_bearing_holdout,K004,S3_units,20,4.0,6,0.0
R2_bearing_holdout,K004,S3_units,20,4.0,7,1.0
R2_bearing_holdout,K004,S3_units,20,4.0,8,0.0
R2_bearing_holdout,K004,S3_units,20,4.0,9,0.0
R2_bearing_holdout,K004,S3_units,20,4.0,10,0.0
R2_bearing_holdout,K004,S3_units,20,4.0,11,0.0
R2_bearing_holdout,K004,S3_units,20,4.0,12,0.0
R2_bearing_holdout,K004,S3_units,20,4.0,13,0.0
R2_bearing_holdout,K004,S3_units,20,4.0,14,0.0
R2_bearing_holdout,K004,S3_units,20,4.0,15,1.0
R2_bearing_holdout,K004,S3_units,20,4.0,16,0.0
R2_bearing_holdout,K004,S3_units,20,4.0,17,0.0
R2_bearing_holdout,K004,S3_units,20,4.0,18,0.0
R2_bearing_holdout,K004,S3_units,20,4.0,19,0.0
R2_bearing_holdout,K004,S3_units,20,4.0,20,0.0
R2_bearing_holdout,K004,S3_units,20,4.0,21,1.0
R2_bearing_holdout,K004,S3_units,20,4.0,22,0.0
R2_bearing_holdout,K004,S3_units,20,4.0,23,0.0
R2_bearing_holdout,K004,S3_units,20,4.0,24,0.0
R2_bearing_holdout,K004,S3_units,20,4.0,25,1.0
R2_bearing_holdout,K004,S3_units,20,4.0,26,0.0
R2_bearing_holdout,K004,S3_units,20,4.0,27,0.0
R2_bearing_holdout,K004,S3_units,20,4.0,28,0.0
R2_bearing_holdout,K004,S3_units,20,4.0,29,0.0
R2_bearing_holdout,K004,S3_units,20,4.0,30,0.0
R2_bearing_holdout,K004,S3_units,20,4.0,31,0.0
R2_bearing_holdout,K004,S3_units,20,4.0,32,0.0
R2_bearing_holdout,K004,S3_units,20,4.0,33,1.0
R2_bearing_holdout,K004,S3_units,20,4.0,34,0.0
R2_bearing_holdout,K004,S3_units,20,4.0,35,1.0
R2_bearing_holdout,K004,S3_units,20,4.0,36,0.1
R2_bearing_holdout,K004,S3_units,20,4.0,37,0.0
R2_bearing_holdout,K004,S3_units,20,4.0,38,0.0
R2_bearing_holdout,K004,S3_units,20,4.0,39,0.0
R2_bearing_holdout,K004,S3_units,20,4.0,40,0.0
R2_bearing_holdout,K004,S3_units,20,4.0,41,0.0
R2_bearing_holdout,K004,S3_units,20,4.0,42,0.0
R2_bearing_holdout,K004,S3_units,20,4.0,43,1.0
R2_bearing_holdout,K004,S3_units,20,4.0,44,0.0
R2_bearing_holdout,K004,S3_units,20,4.0,45,0.0
R2_bearing_holdout,K004,S3_units,20,4.0,46,0.15
R2_bearing_holdout,K004,S3_units,20,4.0,47,1.0
R2_bearing_holdout,K004,S3_units,20,4.0,48,0.0
R2_bearing_holdout,K004,S3_units,20,4.0,49,0.0
R2_bearing_holdout,K004,S3_units,20,4.0,50,0.0
R2_bearing_holdout,K004,S3_units,20,4.0,51,0.0
R2_bearing_holdout,K004,S3_units,20,4.0,52,0.0
R2_bearing_holdout,K004,S3_units,20,4.0,53,0.35
R2_bearing_holdout,K004,S3_units,20,4.0,54,0.0
R2_bearing_holdout,K004,S3_units,20,4.0,55,0.0
R2_bearing_holdout,K004,S3_units,20,4.0,56,0.0
R2_bearing_holdout,K004,S3_units,20,4.0,57,0.0
R2_bearing_holdout,K004,S3_units,20,4.0,58,0.0
R2_bearing_holdout,K004,S3_units,20,4.0,59,0.0
R2_bearing_holdout,K004,S3_units,20,4.0,60,0.0
R2_bearing_holdout,K004,S3_units,20,4.0,61,0.0
R2_bearing_holdout,K004,S3_units,20,4.0,62,0.05
R2_bearing_holdout,K004,S3_units,20,4.0,63,0.0
R2_bearing_holdout,K004,S3_units,20,4.0,64,0.0
R2_bearing_holdout,K004,S3_units,20,4.0,65,0.1
R2_bearing_holdout,K004,S3_units,20,4.0,66,0.0
R2_bearing_holdout,K004,S3_units,20,4.0,67,0.0
R2_bearing_holdout,K004,S3_units,20,4.0,68,0.0
R2_bearing_holdout,K004,S3_units,20,4.0,69,0.0
R2_bearing_holdout,K004,S3_units,20,4.0,70,1.0
R2_bearing_holdout,K004,S3_units,20,4.0,71,1.0
R2_bearing_holdout,K004,S3_units,20,4.0,72,0.0
R2_bearing_holdout,K004,S3_units,20,4.0,73,0.0
R2_bearing_holdout,K004,S3_units,20,4.0,74,0.25
R2_bearing_holdout,K004,S3_units,20,4.0,75,0.0
R2_bearing_holdout,K004,S3_units,20,4.0,76,0.0
R2_bearing_holdout,K004,S3_units,20,4.0,77,0.0
R2_bearing_holdout,K004,S3_units,20,4.0,78,0.0
R2_bearing_holdout,K004,S3_units,20,4.0,79,0.0
R2_bearing_holdout,K004,S3_units,20,4.0,80,0.0
R2_bearing_holdout,K004,S3_units,20,4.0,81,0.0
R2_bearing_holdout,K004,S3_units,20,4.0,82,0.0
R2_bearing_holdout,K004,S3_units,20,4.0,83,0.65
R2_bearing_holdout,K004,S3_units,20,4.0,84,0.0
R2_bearing_holdout,K004,S3_units,20,4.0,85,0.0
R2_bearing_holdout,K004,S3_units,20,4.0,86,0.0
R2_bearing_holdout,K004,S3_units,20,4.0,87,0.15
R2_bearing_holdout,K004,S3_units,20,4.0,88,0.0
R2_bearing_holdout,K004,S3_units,20,4.0,89,1.0
R2_bearing_holdout,K004,S3_units,20,4.0,90,0.15
R2_bearing_holdout,K004,S3_units,20,4.0,91,0.0
R2_bearing_holdout,K004,S3_units,20,4.0,92,0.0
R2_bearing_holdout,K004,S3_units,20,4.0,93,0.25
R2_bearing_holdout,K004,S3_units,20,4.0,94,0.0
R2_bearing_holdout,K004,S3_units,20,4.0,95,0.0
R2_bearing_holdout,K004,S3_units,20,4.0,96,0.0
R2_bearing_holdout,K004,S3_units,20,4.0,97,0.0
R2_bearing_holdout,K004,S3_units,20,4.0,98,0.1
R2_bearing_holdout,K004,S3_units,20,4.0,99,0.0
R2_bearing_holdout,K004,S3_units,20,5.0,0,0.0
R2_bearing_holdout,K004,S3_units,20,5.0,1,0.0
R2_bearing_holdout,K004,S3_units,20,5.0,2,0.0
R2_bearing_holdout,K004,S3_units,20,5.0,3,0.0
R2_bearing_holdout,K004,S3_units,20,5.0,4,0.0
R2_bearing_holdout,K004,S3_units,20,5.0,5,0.0
R2_bearing_holdout,K004,S3_units,20,5.0,6,0.0
R2_bearing_holdout,K004,S3_units,20,5.0,7,0.0
R2_bearing_holdout,K004,S3_units,20,5.0,8,0.0
R2_bearing_holdout,K004,S3_units,20,5.0,9,0.0
R2_bearing_holdout,K004,S3_units,20,5.0,10,0.0
R2_bearing_holdout,K004,S3_units,20,5.0,11,0.0
R2_bearing_holdout,K004,S3_units,20,5.0,12,0.0
R2_bearing_holdout,K004,S3_units,20,5.0,13,0.0
R2_bearing_holdout,K004,S3_units,20,5.0,14,0.0
R2_bearing_holdout,K004,S3_units,20,5.0,15,0.0
R2_bearing_holdout,K004,S3_units,20,5.0,16,0.0
R2_bearing_holdout,K004,S3_units,20,5.0,17,0.0
R2_bearing_holdout,K004,S3_units,20,5.0,18,0.0
R2_bearing_holdout,K004,S3_units,20,5.0,19,0.0
R2_bearing_holdout,K004,S3_units,20,5.0,20,0.0
R2_bearing_holdout,K004,S3_units,20,5.0,21,0.0
R2_bearing_holdout,K004,S3_units,20,5.0,22,0.0
R2_bearing_holdout,K004,S3_units,20,5.0,23,0.0
R2_bearing_holdout,K004,S3_units,20,5.0,24,0.0
R2_bearing_holdout,K004,S3_units,20,5.0,25,0.2
R2_bearing_holdout,K004,S3_units,20,5.0,26,0.0
R2_bearing_holdout,K004,S3_units,20,5.0,27,0.0
R2_bearing_holdout,K004,S3_units,20,5.0,28,0.0
R2_bearing_holdout,K004,S3_units,20,5.0,29,0.0
R2_bearing_holdout,K004,S3_units,20,5.0,30,0.0
R2_bearing_holdout,K004,S3_units,20,5.0,31,0.0
R2_bearing_holdout,K004,S3_units,20,5.0,32,0.0
R2_bearing_holdout,K004,S3_units,20,5.0,33,0.0
R2_bearing_holdout,K004,S3_units,20,5.0,34,0.0
R2_bearing_holdout,K004,S3_units,20,5.0,35,0.0
R2_bearing_holdout,K004,S3_units,20,5.0,36,0.0
R2_bearing_holdout,K004,S3_units,20,5.0,37,0.0
R2_bearing_holdout,K004,S3_units,20,5.0,38,0.0
R2_bearing_holdout,K004,S3_units,20,5.0,39,0.0
R2_bearing_holdout,K004,S3_units,20,5.0,40,0.0
R2_bearing_holdout,K004,S3_units,20,5.0,41,0.0
R2_bearing_holdout,K004,S3_units,20,5.0,42,0.0
R2_bearing_holdout,K004,S3_units,20,5.0,43,0.0
R2_bearing_holdout,K004,S3_units,20,5.0,44,0.0
R2_bearing_holdout,K004,S3_units,20,5.0,45,0.0
R2_bearing_holdout,K004,S3_units,20,5.0,46,0.0
R2_bearing_holdout,K004,S3_units,20,5.0,47,0.0
R2_bearing_holdout,K004,S3_units,20,5.0,48,0.0
R2_bearing_holdout,K004,S3_units,20,5.0,49,0.0
R2_bearing_holdout,K004,S3_units,20,5.0,50,0.0
R2_bearing_holdout,K004,S3_units,20,5.0,51,0.0
R2_bearing_holdout,K004,S3_units,20,5.0,52,0.0
R2_bearing_holdout,K004,S3_units,20,5.0,53,0.0
R2_bearing_holdout,K004,S3_units,20,5.0,54,0.0
R2_bearing_holdout,K004,S3_units,20,5.0,55,0.0
R2_bearing_holdout,K004,S3_units,20,5.0,56,0.0
R2_bearing_holdout,K004,S3_units,20,5.0,57,0.0
R2_bearing_holdout,K004,S3_units,20,5.0,58,0.0
R2_bearing_holdout,K004,S3_units,20,5.0,59,0.0
R2_bearing_holdout,K004,S3_units,20,5.0,60,0.0
R2_bearing_holdout,K004,S3_units,20,5.0,61,0.0
R2_bearing_holdout,K004,S3_units,20,5.0,62,0.0
R2_bearing_holdout,K004,S3_units,20,5.0,63,0.25
R2_bearing_holdout,K004,S3_units,20,5.0,64,0.0
R2_bearing_holdout,K004,S3_units,20,5.0,65,0.0
R2_bearing_holdout,K004,S3_units,20,5.0,66,0.0
R2_bearing_holdout,K004,S3_units,20,5.0,67,0.0
R2_bearing_holdout,K004,S3_units,20,5.0,68,0.0
R2_bearing_holdout,K004,S3_units,20,5.0,69,0.0
R2_bearing_holdout,K004,S3_units,20,5.0,70,0.0
R2_bearing_holdout,K004,S3_units,20,5.0,71,0.2
R2_bearing_holdout,K004,S3_units,20,5.0,72,0.0
R2_bearing_holdout,K004,S3_units,20,5.0,73,0.0
R2_bearing_holdout,K004,S3_units,20,5.0,74,0.0
R2_bearing_holdout,K004,S3_units,20,5.0,75,0.0
R2_bearing_holdout,K004,S3_units,20,5.0,76,0.0
R2_bearing_holdout,K004,S3_units,20,5.0,77,0.0
R2_bearing_holdout,K004,S3_units,20,5.0,78,0.05
R2_bearing_holdout,K004,S3_units,20,5.0,79,0.0
R2_bearing_holdout,K004,S3_units,20,5.0,80,0.0
R2_bearing_holdout,K004,S3_units,20,5.0,81,0.0
R2_bearing_holdout,K004,S3_units,20,5.0,82,0.0
R2_bearing_holdout,K004,S3_units,20,5.0,83,0.0
R2_bearing_holdout,K004,S3_units,20,5.0,84,0.0
R2_bearing_holdout,K004,S3_units,20,5.0,85,0.0
R2_bearing_holdout,K004,S3_units,20,5.0,86,0.0
R2_bearing_holdout,K004,S3_units,20,5.0,87,0.0
R2_bearing_holdout,K004,S3_units,20,5.0,88,0.0
R2_bearing_holdout,K004,S3_units,20,5.0,89,0.0
R2_bearing_holdout,K004,S3_units,20,5.0,90,0.0
R2_bearing_holdout,K004,S3_units,20,5.0,91,0.0
R2_bearing_holdout,K004,S3_units,20,5.0,92,0.0
R2_bearing_holdout,K004,S3_units,20,5.0,93,0.0
R2_bearing_holdout,K004,S3_units,20,5.0,94,0.0
R2_bearing_holdout,K004,S3_units,20,5.0,95,0.0
R2_bearing_holdout,K004,S3_units,20,5.0,96,0.0
R2_bearing_holdout,K004,S3_units,20,5.0,97,0.0
R2_bearing_holdout,K004,S3_units,20,5.0,98,0.0
R2_bearing_holdout,K004,S3_units,20,5.0,99,0.0
R2_bearing_holdout,K005,S1_resample,10,,0,1.0
R2_bearing_holdout,K005,S1_resample,10,,1,1.0
R2_bearing_holdout,K005,S1_resample,10,,2,1.0
R2_bearing_holdout,K005,S1_resample,10,,3,0.0
R2_bearing_holdout,K005,S1_resample,10,,4,1.0
R2_bearing_holdout,K005,S1_resample,10,,5,1.0
R2_bearing_holdout,K005,S1_resample,10,,6,1.0
R2_bearing_holdout,K005,S1_resample,10,,7,1.0
R2_bearing_holdout,K005,S1_resample,10,,8,1.0
R2_bearing_holdout,K005,S1_resample,10,,9,1.0
R2_bearing_holdout,K005,S1_resample,10,,10,1.0
R2_bearing_holdout,K005,S1_resample,10,,11,1.0
R2_bearing_holdout,K005,S1_resample,10,,12,1.0
R2_bearing_holdout,K005,S1_resample,10,,13,1.0
R2_bearing_holdout,K005,S1_resample,10,,14,1.0
R2_bearing_holdout,K005,S1_resample,10,,15,0.0
R2_bearing_holdout,K005,S1_resample,10,,16,0.0
R2_bearing_holdout,K005,S1_resample,10,,17,1.0
R2_bearing_holdout,K005,S1_resample,10,,18,1.0
R2_bearing_holdout,K005,S1_resample,10,,19,1.0
R2_bearing_holdout,K005,S1_resample,10,,20,0.0
R2_bearing_holdout,K005,S1_resample,10,,21,1.0
R2_bearing_holdout,K005,S1_resample,10,,22,0.0
R2_bearing_holdout,K005,S1_resample,10,,23,1.0
R2_bearing_holdout,K005,S1_resample,10,,24,1.0
R2_bearing_holdout,K005,S1_resample,10,,25,1.0
R2_bearing_holdout,K005,S1_resample,10,,26,1.0
R2_bearing_holdout,K005,S1_resample,10,,27,1.0
R2_bearing_holdout,K005,S1_resample,10,,28,1.0
R2_bearing_holdout,K005,S1_resample,10,,29,0.0
R2_bearing_holdout,K005,S1_resample,10,,30,0.0
R2_bearing_holdout,K005,S1_resample,10,,31,1.0
R2_bearing_holdout,K005,S1_resample,10,,32,1.0
R2_bearing_holdout,K005,S1_resample,10,,33,1.0
R2_bearing_holdout,K005,S1_resample,10,,34,1.0
R2_bearing_holdout,K005,S1_resample,10,,35,0.0
R2_bearing_holdout,K005,S1_resample,10,,36,1.0
R2_bearing_holdout,K005,S1_resample,10,,37,1.0
R2_bearing_holdout,K005,S1_resample,10,,38,1.0
R2_bearing_holdout,K005,S1_resample,10,,39,0.0
R2_bearing_holdout,K005,S1_resample,10,,40,1.0
R2_bearing_holdout,K005,S1_resample,10,,41,0.0
R2_bearing_holdout,K005,S1_resample,10,,42,1.0
R2_bearing_holdout,K005,S1_resample,10,,43,0.0
R2_bearing_holdout,K005,S1_resample,10,,44,1.0
R2_bearing_holdout,K005,S1_resample,10,,45,1.0
R2_bearing_holdout,K005,S1_resample,10,,46,1.0
R2_bearing_holdout,K005,S1_resample,10,,47,1.0
R2_bearing_holdout,K005,S1_resample,10,,48,1.0
R2_bearing_holdout,K005,S1_resample,10,,49,1.0
R2_bearing_holdout,K005,S1_resample,10,,50,1.0
R2_bearing_holdout,K005,S1_resample,10,,51,0.0
R2_bearing_holdout,K005,S1_resample,10,,52,1.0
R2_bearing_holdout,K005,S1_resample,10,,53,1.0
R2_bearing_holdout,K005,S1_resample,10,,54,1.0
R2_bearing_holdout,K005,S1_resample,10,,55,0.0
R2_bearing_holdout,K005,S1_resample,10,,56,1.0
R2_bearing_holdout,K005,S1_resample,10,,57,1.0
R2_bearing_holdout,K005,S1_resample,10,,58,1.0
R2_bearing_holdout,K005,S1_resample,10,,59,1.0
R2_bearing_holdout,K005,S1_resample,10,,60,1.0
R2_bearing_holdout,K005,S1_resample,10,,61,0.0
R2_bearing_holdout,K005,S1_resample,10,,62,1.0
R2_bearing_holdout,K005,S1_resample,10,,63,0.0
R2_bearing_holdout,K005,S1_resample,10,,64,0.0
R2_bearing_holdout,K005,S1_resample,10,,65,1.0
R2_bearing_holdout,K005,S1_resample,10,,66,1.0
R2_bearing_holdout,K005,S1_resample,10,,67,0.0
R2_bearing_holdout,K005,S1_resample,10,,68,1.0
R2_bearing_holdout,K005,S1_resample,10,,69,1.0
R2_bearing_holdout,K005,S1_resample,10,,70,1.0
R2_bearing_holdout,K005,S1_resample,10,,71,1.0
R2_bearing_holdout,K005,S1_resample,10,,72,1.0
R2_bearing_holdout,K005,S1_resample,10,,73,1.0
R2_bearing_holdout,K005,S1_resample,10,,74,1.0
R2_bearing_holdout,K005,S1_resample,10,,75,1.0
R2_bearing_holdout,K005,S1_resample,10,,76,1.0
R2_bearing_holdout,K005,S1_resample,10,,77,1.0
R2_bearing_holdout,K005,S1_resample,10,,78,0.0
R2_bearing_holdout,K005,S1_resample,10,,79,0.0
R2_bearing_holdout,K005,S1_resample,10,,80,1.0
R2_bearing_holdout,K005,S1_resample,10,,81,1.0
R2_bearing_holdout,K005,S1_resample,10,,82,1.0
R2_bearing_holdout,K005,S1_resample,10,,83,1.0
R2_bearing_holdout,K005,S1_resample,10,,84,1.0
R2_bearing_holdout,K005,S1_resample,10,,85,1.0
R2_bearing_holdout,K005,S1_resample,10,,86,0.0
R2_bearing_holdout,K005,S1_resample,10,,87,1.0
R2_bearing_holdout,K005,S1_resample,10,,88,1.0
R2_bearing_holdout,K005,S1_resample,10,,89,1.0
R2_bearing_holdout,K005,S1_resample,10,,90,0.0
R2_bearing_holdout,K005,S1_resample,10,,91,1.0
R2_bearing_holdout,K005,S1_resample,10,,92,1.0
R2_bearing_holdout,K005,S1_resample,10,,93,0.0
R2_bearing_holdout,K005,S1_resample,10,,94,0.0
R2_bearing_holdout,K005,S1_resample,10,,95,1.0
R2_bearing_holdout,K005,S1_resample,10,,96,0.0
R2_bearing_holdout,K005,S1_resample,10,,97,0.0
R2_bearing_holdout,K005,S1_resample,10,,98,1.0
R2_bearing_holdout,K005,S1_resample,10,,99,0.0
R2_bearing_holdout,K005,S1_resample,20,,0,1.0
R2_bearing_holdout,K005,S1_resample,20,,1,1.0
R2_bearing_holdout,K005,S1_resample,20,,2,1.0
R2_bearing_holdout,K005,S1_resample,20,,3,1.0
R2_bearing_holdout,K005,S1_resample,20,,4,0.0
R2_bearing_holdout,K005,S1_resample,20,,5,1.0
R2_bearing_holdout,K005,S1_resample,20,,6,1.0
R2_bearing_holdout,K005,S1_resample,20,,7,1.0
R2_bearing_holdout,K005,S1_resample,20,,8,1.0
R2_bearing_holdout,K005,S1_resample,20,,9,1.0
R2_bearing_holdout,K005,S1_resample,20,,10,1.0
R2_bearing_holdout,K005,S1_resample,20,,11,1.0
R2_bearing_holdout,K005,S1_resample,20,,12,1.0
R2_bearing_holdout,K005,S1_resample,20,,13,1.0
R2_bearing_holdout,K005,S1_resample,20,,14,1.0
R2_bearing_holdout,K005,S1_resample,20,,15,1.0
R2_bearing_holdout,K005,S1_resample,20,,16,1.0
R2_bearing_holdout,K005,S1_resample,20,,17,1.0
R2_bearing_holdout,K005,S1_resample,20,,18,1.0
R2_bearing_holdout,K005,S1_resample,20,,19,1.0
R2_bearing_holdout,K005,S1_resample,20,,20,1.0
R2_bearing_holdout,K005,S1_resample,20,,21,1.0
R2_bearing_holdout,K005,S1_resample,20,,22,1.0
R2_bearing_holdout,K005,S1_resample,20,,23,1.0
R2_bearing_holdout,K005,S1_resample,20,,24,1.0
R2_bearing_holdout,K005,S1_resample,20,,25,1.0
R2_bearing_holdout,K005,S1_resample,20,,26,1.0
R2_bearing_holdout,K005,S1_resample,20,,27,1.0
R2_bearing_holdout,K005,S1_resample,20,,28,1.0
R2_bearing_holdout,K005,S1_resample,20,,29,1.0
R2_bearing_holdout,K005,S1_resample,20,,30,1.0
R2_bearing_holdout,K005,S1_resample,20,,31,0.0
R2_bearing_holdout,K005,S1_resample,20,,32,1.0
R2_bearing_holdout,K005,S1_resample,20,,33,1.0
R2_bearing_holdout,K005,S1_resample,20,,34,1.0
R2_bearing_holdout,K005,S1_resample,20,,35,1.0
R2_bearing_holdout,K005,S1_resample,20,,36,1.0
R2_bearing_holdout,K005,S1_resample,20,,37,1.0
R2_bearing_holdout,K005,S1_resample,20,,38,1.0
R2_bearing_holdout,K005,S1_resample,20,,39,1.0
R2_bearing_holdout,K005,S1_resample,20,,40,1.0
R2_bearing_holdout,K005,S1_resample,20,,41,1.0
R2_bearing_holdout,K005,S1_resample,20,,42,1.0
R2_bearing_holdout,K005,S1_resample,20,,43,0.0
R2_bearing_holdout,K005,S1_resample,20,,44,1.0
R2_bearing_holdout,K005,S1_resample,20,,45,1.0
R2_bearing_holdout,K005,S1_resample,20,,46,1.0
R2_bearing_holdout,K005,S1_resample,20,,47,1.0
R2_bearing_holdout,K005,S1_resample,20,,48,1.0
R2_bearing_holdout,K005,S1_resample,20,,49,1.0
R2_bearing_holdout,K005,S1_resample,20,,50,0.0
R2_bearing_holdout,K005,S1_resample,20,,51,0.0
R2_bearing_holdout,K005,S1_resample,20,,52,1.0
R2_bearing_holdout,K005,S1_resample,20,,53,1.0
R2_bearing_holdout,K005,S1_resample,20,,54,1.0
R2_bearing_holdout,K005,S1_resample,20,,55,1.0
R2_bearing_holdout,K005,S1_resample,20,,56,1.0
R2_bearing_holdout,K005,S1_resample,20,,57,1.0
R2_bearing_holdout,K005,S1_resample,20,,58,1.0
R2_bearing_holdout,K005,S1_resample,20,,59,1.0
R2_bearing_holdout,K005,S1_resample,20,,60,1.0
R2_bearing_holdout,K005,S1_resample,20,,61,1.0
R2_bearing_holdout,K005,S1_resample,20,,62,1.0
R2_bearing_holdout,K005,S1_resample,20,,63,1.0
R2_bearing_holdout,K005,S1_resample,20,,64,1.0
R2_bearing_holdout,K005,S1_resample,20,,65,1.0
R2_bearing_holdout,K005,S1_resample,20,,66,1.0
R2_bearing_holdout,K005,S1_resample,20,,67,1.0
R2_bearing_holdout,K005,S1_resample,20,,68,1.0
R2_bearing_holdout,K005,S1_resample,20,,69,1.0
R2_bearing_holdout,K005,S1_resample,20,,70,1.0
R2_bearing_holdout,K005,S1_resample,20,,71,1.0
R2_bearing_holdout,K005,S1_resample,20,,72,1.0
R2_bearing_holdout,K005,S1_resample,20,,73,1.0
R2_bearing_holdout,K005,S1_resample,20,,74,1.0
R2_bearing_holdout,K005,S1_resample,20,,75,1.0
R2_bearing_holdout,K005,S1_resample,20,,76,1.0
R2_bearing_holdout,K005,S1_resample,20,,77,1.0
R2_bearing_holdout,K005,S1_resample,20,,78,1.0
R2_bearing_holdout,K005,S1_resample,20,,79,1.0
R2_bearing_holdout,K005,S1_resample,20,,80,1.0
R2_bearing_holdout,K005,S1_resample,20,,81,1.0
R2_bearing_holdout,K005,S1_resample,20,,82,1.0
R2_bearing_holdout,K005,S1_resample,20,,83,1.0
R2_bearing_holdout,K005,S1_resample,20,,84,1.0
R2_bearing_holdout,K005,S1_resample,20,,85,1.0
R2_bearing_holdout,K005,S1_resample,20,,86,1.0
R2_bearing_holdout,K005,S1_resample,20,,87,1.0
R2_bearing_holdout,K005,S1_resample,20,,88,1.0
R2_bearing_holdout,K005,S1_resample,20,,89,1.0
R2_bearing_holdout,K005,S1_resample,20,,90,1.0
R2_bearing_holdout,K005,S1_resample,20,,91,1.0
R2_bearing_holdout,K005,S1_resample,20,,92,1.0
R2_bearing_holdout,K005,S1_resample,20,,93,1.0
R2_bearing_holdout,K005,S1_resample,20,,94,1.0
R2_bearing_holdout,K005,S1_resample,20,,95,1.0
R2_bearing_holdout,K005,S1_resample,20,,96,1.0
R2_bearing_holdout,K005,S1_resample,20,,97,1.0
R2_bearing_holdout,K005,S1_resample,20,,98,1.0
R2_bearing_holdout,K005,S1_resample,20,,99,1.0
R2_bearing_holdout,K005,S1_resample,40,,0,1.0
R2_bearing_holdout,K005,S1_resample,40,,1,1.0
R2_bearing_holdout,K005,S1_resample,40,,2,1.0
R2_bearing_holdout,K005,S1_resample,40,,3,1.0
R2_bearing_holdout,K005,S1_resample,40,,4,1.0
R2_bearing_holdout,K005,S1_resample,40,,5,1.0
R2_bearing_holdout,K005,S1_resample,40,,6,1.0
R2_bearing_holdout,K005,S1_resample,40,,7,1.0
R2_bearing_holdout,K005,S1_resample,40,,8,1.0
R2_bearing_holdout,K005,S1_resample,40,,9,1.0
R2_bearing_holdout,K005,S1_resample,40,,10,1.0
R2_bearing_holdout,K005,S1_resample,40,,11,1.0
R2_bearing_holdout,K005,S1_resample,40,,12,1.0
R2_bearing_holdout,K005,S1_resample,40,,13,1.0
R2_bearing_holdout,K005,S1_resample,40,,14,1.0
R2_bearing_holdout,K005,S1_resample,40,,15,1.0
R2_bearing_holdout,K005,S1_resample,40,,16,1.0
R2_bearing_holdout,K005,S1_resample,40,,17,1.0
R2_bearing_holdout,K005,S1_resample,40,,18,1.0
R2_bearing_holdout,K005,S1_resample,40,,19,1.0
R2_bearing_holdout,K005,S1_resample,40,,20,1.0
R2_bearing_holdout,K005,S1_resample,40,,21,1.0
R2_bearing_holdout,K005,S1_resample,40,,22,1.0
R2_bearing_holdout,K005,S1_resample,40,,23,1.0
R2_bearing_holdout,K005,S1_resample,40,,24,1.0
R2_bearing_holdout,K005,S1_resample,40,,25,1.0
R2_bearing_holdout,K005,S1_resample,40,,26,1.0
R2_bearing_holdout,K005,S1_resample,40,,27,1.0
R2_bearing_holdout,K005,S1_resample,40,,28,1.0
R2_bearing_holdout,K005,S1_resample,40,,29,1.0
R2_bearing_holdout,K005,S1_resample,40,,30,1.0
R2_bearing_holdout,K005,S1_resample,40,,31,1.0
R2_bearing_holdout,K005,S1_resample,40,,32,1.0
R2_bearing_holdout,K005,S1_resample,40,,33,1.0
R2_bearing_holdout,K005,S1_resample,40,,34,1.0
R2_bearing_holdout,K005,S1_resample,40,,35,1.0
R2_bearing_holdout,K005,S1_resample,40,,36,1.0
R2_bearing_holdout,K005,S1_resample,40,,37,1.0
R2_bearing_holdout,K005,S1_resample,40,,38,1.0
R2_bearing_holdout,K005,S1_resample,40,,39,1.0
R2_bearing_holdout,K005,S1_resample,40,,40,1.0
R2_bearing_holdout,K005,S1_resample,40,,41,1.0
R2_bearing_holdout,K005,S1_resample,40,,42,1.0
R2_bearing_holdout,K005,S1_resample,40,,43,1.0
R2_bearing_holdout,K005,S1_resample,40,,44,1.0
R2_bearing_holdout,K005,S1_resample,40,,45,1.0
R2_bearing_holdout,K005,S1_resample,40,,46,1.0
R2_bearing_holdout,K005,S1_resample,40,,47,1.0
R2_bearing_holdout,K005,S1_resample,40,,48,1.0
R2_bearing_holdout,K005,S1_resample,40,,49,1.0
R2_bearing_holdout,K005,S1_resample,40,,50,1.0
R2_bearing_holdout,K005,S1_resample,40,,51,1.0
R2_bearing_holdout,K005,S1_resample,40,,52,1.0
R2_bearing_holdout,K005,S1_resample,40,,53,1.0
R2_bearing_holdout,K005,S1_resample,40,,54,1.0
R2_bearing_holdout,K005,S1_resample,40,,55,1.0
R2_bearing_holdout,K005,S1_resample,40,,56,1.0
R2_bearing_holdout,K005,S1_resample,40,,57,1.0
R2_bearing_holdout,K005,S1_resample,40,,58,1.0
R2_bearing_holdout,K005,S1_resample,40,,59,1.0
R2_bearing_holdout,K005,S1_resample,40,,60,1.0
R2_bearing_holdout,K005,S1_resample,40,,61,1.0
R2_bearing_holdout,K005,S1_resample,40,,62,1.0
R2_bearing_holdout,K005,S1_resample,40,,63,1.0
R2_bearing_holdout,K005,S1_resample,40,,64,1.0
R2_bearing_holdout,K005,S1_resample,40,,65,1.0
R2_bearing_holdout,K005,S1_resample,40,,66,1.0
R2_bearing_holdout,K005,S1_resample,40,,67,1.0
R2_bearing_holdout,K005,S1_resample,40,,68,1.0
R2_bearing_holdout,K005,S1_resample,40,,69,1.0
R2_bearing_holdout,K005,S1_resample,40,,70,1.0
R2_bearing_holdout,K005,S1_resample,40,,71,1.0
R2_bearing_holdout,K005,S1_resample,40,,72,1.0
R2_bearing_holdout,K005,S1_resample,40,,73,1.0
R2_bearing_holdout,K005,S1_resample,40,,74,1.0
R2_bearing_holdout,K005,S1_resample,40,,75,1.0
R2_bearing_holdout,K005,S1_resample,40,,76,1.0
R2_bearing_holdout,K005,S1_resample,40,,77,1.0
R2_bearing_holdout,K005,S1_resample,40,,78,1.0
R2_bearing_holdout,K005,S1_resample,40,,79,1.0
R2_bearing_holdout,K005,S1_resample,40,,80,1.0
R2_bearing_holdout,K005,S1_resample,40,,81,1.0
R2_bearing_holdout,K005,S1_resample,40,,82,1.0
R2_bearing_holdout,K005,S1_resample,40,,83,1.0
R2_bearing_holdout,K005,S1_resample,40,,84,1.0
R2_bearing_holdout,K005,S1_resample,40,,85,1.0
R2_bearing_holdout,K005,S1_resample,40,,86,1.0
R2_bearing_holdout,K005,S1_resample,40,,87,1.0
R2_bearing_holdout,K005,S1_resample,40,,88,1.0
R2_bearing_holdout,K005,S1_resample,40,,89,1.0
R2_bearing_holdout,K005,S1_resample,40,,90,1.0
R2_bearing_holdout,K005,S1_resample,40,,91,1.0
R2_bearing_holdout,K005,S1_resample,40,,92,1.0
R2_bearing_holdout,K005,S1_resample,40,,93,1.0
R2_bearing_holdout,K005,S1_resample,40,,94,1.0
R2_bearing_holdout,K005,S1_resample,40,,95,1.0
R2_bearing_holdout,K005,S1_resample,40,,96,1.0
R2_bearing_holdout,K005,S1_resample,40,,97,1.0
R2_bearing_holdout,K005,S1_resample,40,,98,1.0
R2_bearing_holdout,K005,S1_resample,40,,99,1.0
R2_bearing_holdout,K005,S1_resample,60,,0,1.0
R2_bearing_holdout,K005,S1_resample,60,,1,1.0
R2_bearing_holdout,K005,S1_resample,60,,2,1.0
R2_bearing_holdout,K005,S1_resample,60,,3,1.0
R2_bearing_holdout,K005,S1_resample,60,,4,1.0
R2_bearing_holdout,K005,S1_resample,60,,5,1.0
R2_bearing_holdout,K005,S1_resample,60,,6,1.0
R2_bearing_holdout,K005,S1_resample,60,,7,1.0
R2_bearing_holdout,K005,S1_resample,60,,8,1.0
R2_bearing_holdout,K005,S1_resample,60,,9,1.0
R2_bearing_holdout,K005,S1_resample,60,,10,1.0
R2_bearing_holdout,K005,S1_resample,60,,11,1.0
R2_bearing_holdout,K005,S1_resample,60,,12,1.0
R2_bearing_holdout,K005,S1_resample,60,,13,1.0
R2_bearing_holdout,K005,S1_resample,60,,14,1.0
R2_bearing_holdout,K005,S1_resample,60,,15,1.0
R2_bearing_holdout,K005,S1_resample,60,,16,1.0
R2_bearing_holdout,K005,S1_resample,60,,17,1.0
R2_bearing_holdout,K005,S1_resample,60,,18,1.0
R2_bearing_holdout,K005,S1_resample,60,,19,1.0
R2_bearing_holdout,K005,S1_resample,60,,20,1.0
R2_bearing_holdout,K005,S1_resample,60,,21,1.0
R2_bearing_holdout,K005,S1_resample,60,,22,1.0
R2_bearing_holdout,K005,S1_resample,60,,23,1.0
R2_bearing_holdout,K005,S1_resample,60,,24,1.0
R2_bearing_holdout,K005,S1_resample,60,,25,1.0
R2_bearing_holdout,K005,S1_resample,60,,26,1.0
R2_bearing_holdout,K005,S1_resample,60,,27,1.0
R2_bearing_holdout,K005,S1_resample,60,,28,1.0
R2_bearing_holdout,K005,S1_resample,60,,29,1.0
R2_bearing_holdout,K005,S1_resample,60,,30,1.0
R2_bearing_holdout,K005,S1_resample,60,,31,1.0
R2_bearing_holdout,K005,S1_resample,60,,32,1.0
R2_bearing_holdout,K005,S1_resample,60,,33,1.0
R2_bearing_holdout,K005,S1_resample,60,,34,1.0
R2_bearing_holdout,K005,S1_resample,60,,35,1.0
R2_bearing_holdout,K005,S1_resample,60,,36,1.0
R2_bearing_holdout,K005,S1_resample,60,,37,1.0
R2_bearing_holdout,K005,S1_resample,60,,38,1.0
R2_bearing_holdout,K005,S1_resample,60,,39,1.0
R2_bearing_holdout,K005,S1_resample,60,,40,1.0
R2_bearing_holdout,K005,S1_resample,60,,41,1.0
R2_bearing_holdout,K005,S1_resample,60,,42,1.0
R2_bearing_holdout,K005,S1_resample,60,,43,1.0
R2_bearing_holdout,K005,S1_resample,60,,44,1.0
R2_bearing_holdout,K005,S1_resample,60,,45,1.0
R2_bearing_holdout,K005,S1_resample,60,,46,1.0
R2_bearing_holdout,K005,S1_resample,60,,47,1.0
R2_bearing_holdout,K005,S1_resample,60,,48,1.0
R2_bearing_holdout,K005,S1_resample,60,,49,1.0
R2_bearing_holdout,K005,S1_resample,60,,50,1.0
R2_bearing_holdout,K005,S1_resample,60,,51,1.0
R2_bearing_holdout,K005,S1_resample,60,,52,1.0
R2_bearing_holdout,K005,S1_resample,60,,53,1.0
R2_bearing_holdout,K005,S1_resample,60,,54,1.0
R2_bearing_holdout,K005,S1_resample,60,,55,1.0
R2_bearing_holdout,K005,S1_resample,60,,56,1.0
R2_bearing_holdout,K005,S1_resample,60,,57,1.0
R2_bearing_holdout,K005,S1_resample,60,,58,1.0
R2_bearing_holdout,K005,S1_resample,60,,59,1.0
R2_bearing_holdout,K005,S1_resample,60,,60,1.0
R2_bearing_holdout,K005,S1_resample,60,,61,1.0
R2_bearing_holdout,K005,S1_resample,60,,62,1.0
R2_bearing_holdout,K005,S1_resample,60,,63,1.0
R2_bearing_holdout,K005,S1_resample,60,,64,1.0
R2_bearing_holdout,K005,S1_resample,60,,65,1.0
R2_bearing_holdout,K005,S1_resample,60,,66,1.0
R2_bearing_holdout,K005,S1_resample,60,,67,1.0
R2_bearing_holdout,K005,S1_resample,60,,68,1.0
R2_bearing_holdout,K005,S1_resample,60,,69,1.0
R2_bearing_holdout,K005,S1_resample,60,,70,1.0
R2_bearing_holdout,K005,S1_resample,60,,71,1.0
R2_bearing_holdout,K005,S1_resample,60,,72,1.0
R2_bearing_holdout,K005,S1_resample,60,,73,1.0
R2_bearing_holdout,K005,S1_resample,60,,74,1.0
R2_bearing_holdout,K005,S1_resample,60,,75,1.0
R2_bearing_holdout,K005,S1_resample,60,,76,1.0
R2_bearing_holdout,K005,S1_resample,60,,77,1.0
R2_bearing_holdout,K005,S1_resample,60,,78,1.0
R2_bearing_holdout,K005,S1_resample,60,,79,1.0
R2_bearing_holdout,K005,S1_resample,60,,80,1.0
R2_bearing_holdout,K005,S1_resample,60,,81,1.0
R2_bearing_holdout,K005,S1_resample,60,,82,1.0
R2_bearing_holdout,K005,S1_resample,60,,83,1.0
R2_bearing_holdout,K005,S1_resample,60,,84,1.0
R2_bearing_holdout,K005,S1_resample,60,,85,1.0
R2_bearing_holdout,K005,S1_resample,60,,86,1.0
R2_bearing_holdout,K005,S1_resample,60,,87,1.0
R2_bearing_holdout,K005,S1_resample,60,,88,1.0
R2_bearing_holdout,K005,S1_resample,60,,89,1.0
R2_bearing_holdout,K005,S1_resample,60,,90,1.0
R2_bearing_holdout,K005,S1_resample,60,,91,1.0
R2_bearing_holdout,K005,S1_resample,60,,92,1.0
R2_bearing_holdout,K005,S1_resample,60,,93,1.0
R2_bearing_holdout,K005,S1_resample,60,,94,1.0
R2_bearing_holdout,K005,S1_resample,60,,95,1.0
R2_bearing_holdout,K005,S1_resample,60,,96,1.0
R2_bearing_holdout,K005,S1_resample,60,,97,1.0
R2_bearing_holdout,K005,S1_resample,60,,98,1.0
R2_bearing_holdout,K005,S1_resample,60,,99,1.0
R2_bearing_holdout,K005,S1_resample,80,,0,1.0
R2_bearing_holdout,K005,S1_resample,80,,1,1.0
R2_bearing_holdout,K005,S1_resample,80,,2,1.0
R2_bearing_holdout,K005,S1_resample,80,,3,1.0
R2_bearing_holdout,K005,S1_resample,80,,4,1.0
R2_bearing_holdout,K005,S1_resample,80,,5,1.0
R2_bearing_holdout,K005,S1_resample,80,,6,1.0
R2_bearing_holdout,K005,S1_resample,80,,7,1.0
R2_bearing_holdout,K005,S1_resample,80,,8,1.0
R2_bearing_holdout,K005,S1_resample,80,,9,1.0
R2_bearing_holdout,K005,S1_resample,80,,10,1.0
R2_bearing_holdout,K005,S1_resample,80,,11,1.0
R2_bearing_holdout,K005,S1_resample,80,,12,1.0
R2_bearing_holdout,K005,S1_resample,80,,13,1.0
R2_bearing_holdout,K005,S1_resample,80,,14,1.0
R2_bearing_holdout,K005,S1_resample,80,,15,1.0
R2_bearing_holdout,K005,S1_resample,80,,16,1.0
R2_bearing_holdout,K005,S1_resample,80,,17,1.0
R2_bearing_holdout,K005,S1_resample,80,,18,1.0
R2_bearing_holdout,K005,S1_resample,80,,19,1.0
R2_bearing_holdout,K005,S1_resample,80,,20,1.0
R2_bearing_holdout,K005,S1_resample,80,,21,1.0
R2_bearing_holdout,K005,S1_resample,80,,22,1.0
R2_bearing_holdout,K005,S1_resample,80,,23,1.0
R2_bearing_holdout,K005,S1_resample,80,,24,1.0
R2_bearing_holdout,K005,S1_resample,80,,25,1.0
R2_bearing_holdout,K005,S1_resample,80,,26,1.0
R2_bearing_holdout,K005,S1_resample,80,,27,1.0
R2_bearing_holdout,K005,S1_resample,80,,28,1.0
R2_bearing_holdout,K005,S1_resample,80,,29,1.0
R2_bearing_holdout,K005,S1_resample,80,,30,1.0
R2_bearing_holdout,K005,S1_resample,80,,31,1.0
R2_bearing_holdout,K005,S1_resample,80,,32,1.0
R2_bearing_holdout,K005,S1_resample,80,,33,1.0
R2_bearing_holdout,K005,S1_resample,80,,34,1.0
R2_bearing_holdout,K005,S1_resample,80,,35,1.0
R2_bearing_holdout,K005,S1_resample,80,,36,1.0
R2_bearing_holdout,K005,S1_resample,80,,37,1.0
R2_bearing_holdout,K005,S1_resample,80,,38,1.0
R2_bearing_holdout,K005,S1_resample,80,,39,1.0
R2_bearing_holdout,K005,S1_resample,80,,40,1.0
R2_bearing_holdout,K005,S1_resample,80,,41,1.0
R2_bearing_holdout,K005,S1_resample,80,,42,1.0
R2_bearing_holdout,K005,S1_resample,80,,43,1.0
R2_bearing_holdout,K005,S1_resample,80,,44,1.0
R2_bearing_holdout,K005,S1_resample,80,,45,1.0
R2_bearing_holdout,K005,S1_resample,80,,46,1.0
R2_bearing_holdout,K005,S1_resample,80,,47,1.0
R2_bearing_holdout,K005,S1_resample,80,,48,1.0
R2_bearing_holdout,K005,S1_resample,80,,49,1.0
R2_bearing_holdout,K005,S1_resample,80,,50,1.0
R2_bearing_holdout,K005,S1_resample,80,,51,1.0
R2_bearing_holdout,K005,S1_resample,80,,52,1.0
R2_bearing_holdout,K005,S1_resample,80,,53,1.0
R2_bearing_holdout,K005,S1_resample,80,,54,1.0
R2_bearing_holdout,K005,S1_resample,80,,55,1.0
R2_bearing_holdout,K005,S1_resample,80,,56,1.0
R2_bearing_holdout,K005,S1_resample,80,,57,1.0
R2_bearing_holdout,K005,S1_resample,80,,58,1.0
R2_bearing_holdout,K005,S1_resample,80,,59,1.0
R2_bearing_holdout,K005,S1_resample,80,,60,1.0
R2_bearing_holdout,K005,S1_resample,80,,61,1.0
R2_bearing_holdout,K005,S1_resample,80,,62,1.0
R2_bearing_holdout,K005,S1_resample,80,,63,1.0
R2_bearing_holdout,K005,S1_resample,80,,64,1.0
R2_bearing_holdout,K005,S1_resample,80,,65,1.0
R2_bearing_holdout,K005,S1_resample,80,,66,1.0
R2_bearing_holdout,K005,S1_resample,80,,67,1.0
R2_bearing_holdout,K005,S1_resample,80,,68,1.0
R2_bearing_holdout,K005,S1_resample,80,,69,1.0
R2_bearing_holdout,K005,S1_resample,80,,70,1.0
R2_bearing_holdout,K005,S1_resample,80,,71,1.0
R2_bearing_holdout,K005,S1_resample,80,,72,1.0
R2_bearing_holdout,K005,S1_resample,80,,73,1.0
R2_bearing_holdout,K005,S1_resample,80,,74,1.0
R2_bearing_holdout,K005,S1_resample,80,,75,1.0
R2_bearing_holdout,K005,S1_resample,80,,76,1.0
R2_bearing_holdout,K005,S1_resample,80,,77,1.0
R2_bearing_holdout,K005,S1_resample,80,,78,1.0
R2_bearing_holdout,K005,S1_resample,80,,79,1.0
R2_bearing_holdout,K005,S1_resample,80,,80,1.0
R2_bearing_holdout,K005,S1_resample,80,,81,1.0
R2_bearing_holdout,K005,S1_resample,80,,82,1.0
R2_bearing_holdout,K005,S1_resample,80,,83,1.0
R2_bearing_holdout,K005,S1_resample,80,,84,1.0
R2_bearing_holdout,K005,S1_resample,80,,85,1.0
R2_bearing_holdout,K005,S1_resample,80,,86,1.0
R2_bearing_holdout,K005,S1_resample,80,,87,1.0
R2_bearing_holdout,K005,S1_resample,80,,88,1.0
R2_bearing_holdout,K005,S1_resample,80,,89,1.0
R2_bearing_holdout,K005,S1_resample,80,,90,1.0
R2_bearing_holdout,K005,S1_resample,80,,91,1.0
R2_bearing_holdout,K005,S1_resample,80,,92,1.0
R2_bearing_holdout,K005,S1_resample,80,,93,1.0
R2_bearing_holdout,K005,S1_resample,80,,94,1.0
R2_bearing_holdout,K005,S1_resample,80,,95,1.0
R2_bearing_holdout,K005,S1_resample,80,,96,1.0
R2_bearing_holdout,K005,S1_resample,80,,97,1.0
R2_bearing_holdout,K005,S1_resample,80,,98,1.0
R2_bearing_holdout,K005,S1_resample,80,,99,1.0
R2_bearing_holdout,K005,S1_resample,96,,0,1.0
R2_bearing_holdout,K005,S1_resample,96,,1,1.0
R2_bearing_holdout,K005,S1_resample,96,,2,1.0
R2_bearing_holdout,K005,S1_resample,96,,3,1.0
R2_bearing_holdout,K005,S1_resample,96,,4,1.0
R2_bearing_holdout,K005,S1_resample,96,,5,1.0
R2_bearing_holdout,K005,S1_resample,96,,6,1.0
R2_bearing_holdout,K005,S1_resample,96,,7,1.0
R2_bearing_holdout,K005,S1_resample,96,,8,1.0
R2_bearing_holdout,K005,S1_resample,96,,9,1.0
R2_bearing_holdout,K005,S1_resample,96,,10,1.0
R2_bearing_holdout,K005,S1_resample,96,,11,1.0
R2_bearing_holdout,K005,S1_resample,96,,12,1.0
R2_bearing_holdout,K005,S1_resample,96,,13,1.0
R2_bearing_holdout,K005,S1_resample,96,,14,1.0
R2_bearing_holdout,K005,S1_resample,96,,15,1.0
R2_bearing_holdout,K005,S1_resample,96,,16,1.0
R2_bearing_holdout,K005,S1_resample,96,,17,1.0
R2_bearing_holdout,K005,S1_resample,96,,18,1.0
R2_bearing_holdout,K005,S1_resample,96,,19,1.0
R2_bearing_holdout,K005,S1_resample,96,,20,1.0
R2_bearing_holdout,K005,S1_resample,96,,21,1.0
R2_bearing_holdout,K005,S1_resample,96,,22,1.0
R2_bearing_holdout,K005,S1_resample,96,,23,1.0
R2_bearing_holdout,K005,S1_resample,96,,24,1.0
R2_bearing_holdout,K005,S1_resample,96,,25,1.0
R2_bearing_holdout,K005,S1_resample,96,,26,1.0
R2_bearing_holdout,K005,S1_resample,96,,27,1.0
R2_bearing_holdout,K005,S1_resample,96,,28,1.0
R2_bearing_holdout,K005,S1_resample,96,,29,1.0
R2_bearing_holdout,K005,S1_resample,96,,30,1.0
R2_bearing_holdout,K005,S1_resample,96,,31,1.0
R2_bearing_holdout,K005,S1_resample,96,,32,1.0
R2_bearing_holdout,K005,S1_resample,96,,33,1.0
R2_bearing_holdout,K005,S1_resample,96,,34,1.0
R2_bearing_holdout,K005,S1_resample,96,,35,1.0
R2_bearing_holdout,K005,S1_resample,96,,36,1.0
R2_bearing_holdout,K005,S1_resample,96,,37,1.0
R2_bearing_holdout,K005,S1_resample,96,,38,1.0
R2_bearing_holdout,K005,S1_resample,96,,39,1.0
R2_bearing_holdout,K005,S1_resample,96,,40,1.0
R2_bearing_holdout,K005,S1_resample,96,,41,1.0
R2_bearing_holdout,K005,S1_resample,96,,42,1.0
R2_bearing_holdout,K005,S1_resample,96,,43,1.0
R2_bearing_holdout,K005,S1_resample,96,,44,1.0
R2_bearing_holdout,K005,S1_resample,96,,45,1.0
R2_bearing_holdout,K005,S1_resample,96,,46,1.0
R2_bearing_holdout,K005,S1_resample,96,,47,1.0
R2_bearing_holdout,K005,S1_resample,96,,48,1.0
R2_bearing_holdout,K005,S1_resample,96,,49,1.0
R2_bearing_holdout,K005,S1_resample,96,,50,1.0
R2_bearing_holdout,K005,S1_resample,96,,51,1.0
R2_bearing_holdout,K005,S1_resample,96,,52,1.0
R2_bearing_holdout,K005,S1_resample,96,,53,1.0
R2_bearing_holdout,K005,S1_resample,96,,54,1.0
R2_bearing_holdout,K005,S1_resample,96,,55,1.0
R2_bearing_holdout,K005,S1_resample,96,,56,1.0
R2_bearing_holdout,K005,S1_resample,96,,57,1.0
R2_bearing_holdout,K005,S1_resample,96,,58,1.0
R2_bearing_holdout,K005,S1_resample,96,,59,1.0
R2_bearing_holdout,K005,S1_resample,96,,60,1.0
R2_bearing_holdout,K005,S1_resample,96,,61,1.0
R2_bearing_holdout,K005,S1_resample,96,,62,1.0
R2_bearing_holdout,K005,S1_resample,96,,63,1.0
R2_bearing_holdout,K005,S1_resample,96,,64,1.0
R2_bearing_holdout,K005,S1_resample,96,,65,1.0
R2_bearing_holdout,K005,S1_resample,96,,66,1.0
R2_bearing_holdout,K005,S1_resample,96,,67,1.0
R2_bearing_holdout,K005,S1_resample,96,,68,1.0
R2_bearing_holdout,K005,S1_resample,96,,69,1.0
R2_bearing_holdout,K005,S1_resample,96,,70,1.0
R2_bearing_holdout,K005,S1_resample,96,,71,1.0
R2_bearing_holdout,K005,S1_resample,96,,72,1.0
R2_bearing_holdout,K005,S1_resample,96,,73,1.0
R2_bearing_holdout,K005,S1_resample,96,,74,1.0
R2_bearing_holdout,K005,S1_resample,96,,75,1.0
R2_bearing_holdout,K005,S1_resample,96,,76,1.0
R2_bearing_holdout,K005,S1_resample,96,,77,1.0
R2_bearing_holdout,K005,S1_resample,96,,78,1.0
R2_bearing_holdout,K005,S1_resample,96,,79,1.0
R2_bearing_holdout,K005,S1_resample,96,,80,1.0
R2_bearing_holdout,K005,S1_resample,96,,81,1.0
R2_bearing_holdout,K005,S1_resample,96,,82,1.0
R2_bearing_holdout,K005,S1_resample,96,,83,1.0
R2_bearing_holdout,K005,S1_resample,96,,84,1.0
R2_bearing_holdout,K005,S1_resample,96,,85,1.0
R2_bearing_holdout,K005,S1_resample,96,,86,1.0
R2_bearing_holdout,K005,S1_resample,96,,87,1.0
R2_bearing_holdout,K005,S1_resample,96,,88,1.0
R2_bearing_holdout,K005,S1_resample,96,,89,1.0
R2_bearing_holdout,K005,S1_resample,96,,90,1.0
R2_bearing_holdout,K005,S1_resample,96,,91,1.0
R2_bearing_holdout,K005,S1_resample,96,,92,1.0
R2_bearing_holdout,K005,S1_resample,96,,93,1.0
R2_bearing_holdout,K005,S1_resample,96,,94,1.0
R2_bearing_holdout,K005,S1_resample,96,,95,1.0
R2_bearing_holdout,K005,S1_resample,96,,96,1.0
R2_bearing_holdout,K005,S1_resample,96,,97,1.0
R2_bearing_holdout,K005,S1_resample,96,,98,1.0
R2_bearing_holdout,K005,S1_resample,96,,99,1.0
R2_bearing_holdout,K005,S2_new_records,10,,0,0.0
R2_bearing_holdout,K005,S2_new_records,10,,1,1.0
R2_bearing_holdout,K005,S2_new_records,10,,2,0.0
R2_bearing_holdout,K005,S2_new_records,10,,3,0.0
R2_bearing_holdout,K005,S2_new_records,10,,4,0.0
R2_bearing_holdout,K005,S2_new_records,10,,5,0.0
R2_bearing_holdout,K005,S2_new_records,10,,6,0.95
R2_bearing_holdout,K005,S2_new_records,10,,7,0.0
R2_bearing_holdout,K005,S2_new_records,10,,8,0.0
R2_bearing_holdout,K005,S2_new_records,10,,9,0.0
R2_bearing_holdout,K005,S2_new_records,10,,10,1.0
R2_bearing_holdout,K005,S2_new_records,10,,11,0.0
R2_bearing_holdout,K005,S2_new_records,10,,12,0.0
R2_bearing_holdout,K005,S2_new_records,10,,13,0.95
R2_bearing_holdout,K005,S2_new_records,10,,14,1.0
R2_bearing_holdout,K005,S2_new_records,10,,15,0.45
R2_bearing_holdout,K005,S2_new_records,10,,16,0.95
R2_bearing_holdout,K005,S2_new_records,10,,17,0.0
R2_bearing_holdout,K005,S2_new_records,10,,18,1.0
R2_bearing_holdout,K005,S2_new_records,10,,19,0.0
R2_bearing_holdout,K005,S2_new_records,10,,20,0.0
R2_bearing_holdout,K005,S2_new_records,10,,21,0.0
R2_bearing_holdout,K005,S2_new_records,10,,22,0.0
R2_bearing_holdout,K005,S2_new_records,10,,23,0.0
R2_bearing_holdout,K005,S2_new_records,10,,24,0.9
R2_bearing_holdout,K005,S2_new_records,10,,25,0.0
R2_bearing_holdout,K005,S2_new_records,10,,26,0.7
R2_bearing_holdout,K005,S2_new_records,10,,27,0.65
R2_bearing_holdout,K005,S2_new_records,10,,28,0.0
R2_bearing_holdout,K005,S2_new_records,10,,29,0.0
R2_bearing_holdout,K005,S2_new_records,10,,30,0.85
R2_bearing_holdout,K005,S2_new_records,10,,31,0.0
R2_bearing_holdout,K005,S2_new_records,10,,32,0.0
R2_bearing_holdout,K005,S2_new_records,10,,33,0.0
R2_bearing_holdout,K005,S2_new_records,10,,34,1.0
R2_bearing_holdout,K005,S2_new_records,10,,35,0.0
R2_bearing_holdout,K005,S2_new_records,10,,36,0.0
R2_bearing_holdout,K005,S2_new_records,10,,37,0.0
R2_bearing_holdout,K005,S2_new_records,10,,38,0.0
R2_bearing_holdout,K005,S2_new_records,10,,39,0.0
R2_bearing_holdout,K005,S2_new_records,10,,40,0.0
R2_bearing_holdout,K005,S2_new_records,10,,41,0.0
R2_bearing_holdout,K005,S2_new_records,10,,42,0.45
R2_bearing_holdout,K005,S2_new_records,10,,43,0.0
R2_bearing_holdout,K005,S2_new_records,10,,44,0.0
R2_bearing_holdout,K005,S2_new_records,10,,45,0.0
R2_bearing_holdout,K005,S2_new_records,10,,46,0.0
R2_bearing_holdout,K005,S2_new_records,10,,47,0.95
R2_bearing_holdout,K005,S2_new_records,10,,48,1.0
R2_bearing_holdout,K005,S2_new_records,10,,49,0.0
R2_bearing_holdout,K005,S2_new_records,10,,50,0.95
R2_bearing_holdout,K005,S2_new_records,10,,51,0.45
R2_bearing_holdout,K005,S2_new_records,10,,52,1.0
R2_bearing_holdout,K005,S2_new_records,10,,53,1.0
R2_bearing_holdout,K005,S2_new_records,10,,54,0.95
R2_bearing_holdout,K005,S2_new_records,10,,55,0.0
R2_bearing_holdout,K005,S2_new_records,10,,56,0.0
R2_bearing_holdout,K005,S2_new_records,10,,57,0.0
R2_bearing_holdout,K005,S2_new_records,10,,58,1.0
R2_bearing_holdout,K005,S2_new_records,10,,59,0.0
R2_bearing_holdout,K005,S2_new_records,10,,60,0.9
R2_bearing_holdout,K005,S2_new_records,10,,61,1.0
R2_bearing_holdout,K005,S2_new_records,10,,62,1.0
R2_bearing_holdout,K005,S2_new_records,10,,63,0.0
R2_bearing_holdout,K005,S2_new_records,10,,64,0.0
R2_bearing_holdout,K005,S2_new_records,10,,65,0.05
R2_bearing_holdout,K005,S2_new_records,10,,66,0.0
R2_bearing_holdout,K005,S2_new_records,10,,67,0.95
R2_bearing_holdout,K005,S2_new_records,10,,68,0.0
R2_bearing_holdout,K005,S2_new_records,10,,69,1.0
R2_bearing_holdout,K005,S2_new_records,10,,70,0.0
R2_bearing_holdout,K005,S2_new_records,10,,71,0.0
R2_bearing_holdout,K005,S2_new_records,10,,72,0.0
R2_bearing_holdout,K005,S2_new_records,10,,73,1.0
R2_bearing_holdout,K005,S2_new_records,10,,74,0.0
R2_bearing_holdout,K005,S2_new_records,10,,75,0.1
R2_bearing_holdout,K005,S2_new_records,10,,76,0.0
R2_bearing_holdout,K005,S2_new_records,10,,77,0.0
R2_bearing_holdout,K005,S2_new_records,10,,78,1.0
R2_bearing_holdout,K005,S2_new_records,10,,79,0.0
R2_bearing_holdout,K005,S2_new_records,10,,80,0.0
R2_bearing_holdout,K005,S2_new_records,10,,81,0.0
R2_bearing_holdout,K005,S2_new_records,10,,82,0.0
R2_bearing_holdout,K005,S2_new_records,10,,83,0.0
R2_bearing_holdout,K005,S2_new_records,10,,84,0.0
R2_bearing_holdout,K005,S2_new_records,10,,85,0.9
R2_bearing_holdout,K005,S2_new_records,10,,86,0.0
R2_bearing_holdout,K005,S2_new_records,10,,87,0.0
R2_bearing_holdout,K005,S2_new_records,10,,88,1.0
R2_bearing_holdout,K005,S2_new_records,10,,89,0.85
R2_bearing_holdout,K005,S2_new_records,10,,90,0.0
R2_bearing_holdout,K005,S2_new_records,10,,91,0.0
R2_bearing_holdout,K005,S2_new_records,10,,92,0.0
R2_bearing_holdout,K005,S2_new_records,10,,93,0.0
R2_bearing_holdout,K005,S2_new_records,10,,94,0.0
R2_bearing_holdout,K005,S2_new_records,10,,95,0.0
R2_bearing_holdout,K005,S2_new_records,10,,96,0.0
R2_bearing_holdout,K005,S2_new_records,10,,97,1.0
R2_bearing_holdout,K005,S2_new_records,10,,98,0.0
R2_bearing_holdout,K005,S2_new_records,10,,99,0.05
R2_bearing_holdout,K005,S2_new_records,20,,0,0.0
R2_bearing_holdout,K005,S2_new_records,20,,1,0.0
R2_bearing_holdout,K005,S2_new_records,20,,2,0.45
R2_bearing_holdout,K005,S2_new_records,20,,3,0.5
R2_bearing_holdout,K005,S2_new_records,20,,4,1.0
R2_bearing_holdout,K005,S2_new_records,20,,5,0.0
R2_bearing_holdout,K005,S2_new_records,20,,6,0.0
R2_bearing_holdout,K005,S2_new_records,20,,7,0.45
R2_bearing_holdout,K005,S2_new_records,20,,8,0.45
R2_bearing_holdout,K005,S2_new_records,20,,9,0.45
R2_bearing_holdout,K005,S2_new_records,20,,10,0.95
R2_bearing_holdout,K005,S2_new_records,20,,11,0.0
R2_bearing_holdout,K005,S2_new_records,20,,12,0.0
R2_bearing_holdout,K005,S2_new_records,20,,13,0.0
R2_bearing_holdout,K005,S2_new_records,20,,14,0.85
R2_bearing_holdout,K005,S2_new_records,20,,15,0.0
R2_bearing_holdout,K005,S2_new_records,20,,16,0.35
R2_bearing_holdout,K005,S2_new_records,20,,17,0.0
R2_bearing_holdout,K005,S2_new_records,20,,18,0.0
R2_bearing_holdout,K005,S2_new_records,20,,19,0.0
R2_bearing_holdout,K005,S2_new_records,20,,20,0.45
R2_bearing_holdout,K005,S2_new_records,20,,21,0.6
R2_bearing_holdout,K005,S2_new_records,20,,22,0.95
R2_bearing_holdout,K005,S2_new_records,20,,23,0.1
R2_bearing_holdout,K005,S2_new_records,20,,24,0.0
R2_bearing_holdout,K005,S2_new_records,20,,25,0.9
R2_bearing_holdout,K005,S2_new_records,20,,26,0.65
R2_bearing_holdout,K005,S2_new_records,20,,27,0.7
R2_bearing_holdout,K005,S2_new_records,20,,28,0.7
R2_bearing_holdout,K005,S2_new_records,20,,29,0.7
R2_bearing_holdout,K005,S2_new_records,20,,30,0.0
R2_bearing_holdout,K005,S2_new_records,20,,31,0.55
R2_bearing_holdout,K005,S2_new_records,20,,32,0.0
R2_bearing_holdout,K005,S2_new_records,20,,33,0.6
R2_bearing_holdout,K005,S2_new_records,20,,34,1.0
R2_bearing_holdout,K005,S2_new_records,20,,35,0.45
R2_bearing_holdout,K005,S2_new_records,20,,36,0.55
R2_bearing_holdout,K005,S2_new_records,20,,37,0.0
R2_bearing_holdout,K005,S2_new_records,20,,38,0.55
R2_bearing_holdout,K005,S2_new_records,20,,39,0.05
R2_bearing_holdout,K005,S2_new_records,20,,40,1.0
R2_bearing_holdout,K005,S2_new_records,20,,41,0.65
R2_bearing_holdout,K005,S2_new_records,20,,42,0.0
R2_bearing_holdout,K005,S2_new_records,20,,43,0.0
R2_bearing_holdout,K005,S2_new_records,20,,44,0.0
R2_bearing_holdout,K005,S2_new_records,20,,45,0.0
R2_bearing_holdout,K005,S2_new_records,20,,46,1.0
R2_bearing_holdout,K005,S2_new_records,20,,47,0.0
R2_bearing_holdout,K005,S2_new_records,20,,48,0.75
R2_bearing_holdout,K005,S2_new_records,20,,49,0.0
R2_bearing_holdout,K005,S2_new_records,20,,50,0.0
R2_bearing_holdout,K005,S2_new_records,20,,51,0.0
R2_bearing_holdout,K005,S2_new_records,20,,52,0.0
R2_bearing_holdout,K005,S2_new_records,20,,53,0.6
R2_bearing_holdout,K005,S2_new_records,20,,54,0.0
R2_bearing_holdout,K005,S2_new_records,20,,55,0.45
R2_bearing_holdout,K005,S2_new_records,20,,56,0.8
R2_bearing_holdout,K005,S2_new_records,20,,57,0.0
R2_bearing_holdout,K005,S2_new_records,20,,58,0.2
R2_bearing_holdout,K005,S2_new_records,20,,59,0.0
R2_bearing_holdout,K005,S2_new_records,20,,60,0.45
R2_bearing_holdout,K005,S2_new_records,20,,61,0.0
R2_bearing_holdout,K005,S2_new_records,20,,62,0.0
R2_bearing_holdout,K005,S2_new_records,20,,63,0.95
R2_bearing_holdout,K005,S2_new_records,20,,64,0.0
R2_bearing_holdout,K005,S2_new_records,20,,65,0.0
R2_bearing_holdout,K005,S2_new_records,20,,66,0.0
R2_bearing_holdout,K005,S2_new_records,20,,67,0.0
R2_bearing_holdout,K005,S2_new_records,20,,68,0.0
R2_bearing_holdout,K005,S2_new_records,20,,69,0.45
R2_bearing_holdout,K005,S2_new_records,20,,70,0.0
R2_bearing_holdout,K005,S2_new_records,20,,71,0.0
R2_bearing_holdout,K005,S2_new_records,20,,72,0.4
R2_bearing_holdout,K005,S2_new_records,20,,73,0.0
R2_bearing_holdout,K005,S2_new_records,20,,74,0.0
R2_bearing_holdout,K005,S2_new_records,20,,75,0.0
R2_bearing_holdout,K005,S2_new_records,20,,76,0.7
R2_bearing_holdout,K005,S2_new_records,20,,77,0.0
R2_bearing_holdout,K005,S2_new_records,20,,78,0.45
R2_bearing_holdout,K005,S2_new_records,20,,79,0.0
R2_bearing_holdout,K005,S2_new_records,20,,80,0.0
R2_bearing_holdout,K005,S2_new_records,20,,81,0.0
R2_bearing_holdout,K005,S2_new_records,20,,82,0.0
R2_bearing_holdout,K005,S2_new_records,20,,83,0.45
R2_bearing_holdout,K005,S2_new_records,20,,84,0.45
R2_bearing_holdout,K005,S2_new_records,20,,85,0.0
R2_bearing_holdout,K005,S2_new_records,20,,86,0.15
R2_bearing_holdout,K005,S2_new_records,20,,87,0.0
R2_bearing_holdout,K005,S2_new_records,20,,88,0.45
R2_bearing_holdout,K005,S2_new_records,20,,89,1.0
R2_bearing_holdout,K005,S2_new_records,20,,90,0.0
R2_bearing_holdout,K005,S2_new_records,20,,91,0.0
R2_bearing_holdout,K005,S2_new_records,20,,92,0.0
R2_bearing_holdout,K005,S2_new_records,20,,93,0.0
R2_bearing_holdout,K005,S2_new_records,20,,94,0.0
R2_bearing_holdout,K005,S2_new_records,20,,95,0.85
R2_bearing_holdout,K005,S2_new_records,20,,96,0.0
R2_bearing_holdout,K005,S2_new_records,20,,97,0.0
R2_bearing_holdout,K005,S2_new_records,20,,98,0.0
R2_bearing_holdout,K005,S2_new_records,20,,99,0.75
R2_bearing_holdout,K005,S2_new_records,40,,0,1.0
R2_bearing_holdout,K005,S2_new_records,40,,1,0.65
R2_bearing_holdout,K005,S2_new_records,40,,2,1.0
R2_bearing_holdout,K005,S2_new_records,40,,3,0.0
R2_bearing_holdout,K005,S2_new_records,40,,4,0.65
R2_bearing_holdout,K005,S2_new_records,40,,5,0.45
R2_bearing_holdout,K005,S2_new_records,40,,6,0.65
R2_bearing_holdout,K005,S2_new_records,40,,7,0.5
R2_bearing_holdout,K005,S2_new_records,40,,8,1.0
R2_bearing_holdout,K005,S2_new_records,40,,9,1.0
R2_bearing_holdout,K005,S2_new_records,40,,10,0.0
R2_bearing_holdout,K005,S2_new_records,40,,11,0.5
R2_bearing_holdout,K005,S2_new_records,40,,12,0.0
R2_bearing_holdout,K005,S2_new_records,40,,13,0.05
R2_bearing_holdout,K005,S2_new_records,40,,14,0.45
R2_bearing_holdout,K005,S2_new_records,40,,15,0.5
R2_bearing_holdout,K005,S2_new_records,40,,16,0.0
R2_bearing_holdout,K005,S2_new_records,40,,17,0.4
R2_bearing_holdout,K005,S2_new_records,40,,18,0.55
R2_bearing_holdout,K005,S2_new_records,40,,19,1.0
R2_bearing_holdout,K005,S2_new_records,40,,20,0.65
R2_bearing_holdout,K005,S2_new_records,40,,21,0.95
R2_bearing_holdout,K005,S2_new_records,40,,22,0.45
R2_bearing_holdout,K005,S2_new_records,40,,23,0.0
R2_bearing_holdout,K005,S2_new_records,40,,24,0.6
R2_bearing_holdout,K005,S2_new_records,40,,25,0.7
R2_bearing_holdout,K005,S2_new_records,40,,26,0.45
R2_bearing_holdout,K005,S2_new_records,40,,27,0.85
R2_bearing_holdout,K005,S2_new_records,40,,28,0.8
R2_bearing_holdout,K005,S2_new_records,40,,29,0.0
R2_bearing_holdout,K005,S2_new_records,40,,30,1.0
R2_bearing_holdout,K005,S2_new_records,40,,31,0.5
R2_bearing_holdout,K005,S2_new_records,40,,32,0.45
R2_bearing_holdout,K005,S2_new_records,40,,33,0.0
R2_bearing_holdout,K005,S2_new_records,40,,34,0.65
R2_bearing_holdout,K005,S2_new_records,40,,35,1.0
R2_bearing_holdout,K005,S2_new_records,40,,36,0.1
R2_bearing_holdout,K005,S2_new_records,40,,37,0.45
R2_bearing_holdout,K005,S2_new_records,40,,38,1.0
R2_bearing_holdout,K005,S2_new_records,40,,39,1.0
R2_bearing_holdout,K005,S2_new_records,40,,40,0.9
R2_bearing_holdout,K005,S2_new_records,40,,41,0.45
R2_bearing_holdout,K005,S2_new_records,40,,42,1.0
R2_bearing_holdout,K005,S2_new_records,40,,43,0.0
R2_bearing_holdout,K005,S2_new_records,40,,44,0.95
R2_bearing_holdout,K005,S2_new_records,40,,45,0.0
R2_bearing_holdout,K005,S2_new_records,40,,46,0.45
R2_bearing_holdout,K005,S2_new_records,40,,47,0.0
R2_bearing_holdout,K005,S2_new_records,40,,48,0.65
R2_bearing_holdout,K005,S2_new_records,40,,49,0.75
R2_bearing_holdout,K005,S2_new_records,40,,50,0.6
R2_bearing_holdout,K005,S2_new_records,40,,51,0.95
R2_bearing_holdout,K005,S2_new_records,40,,52,0.9
R2_bearing_holdout,K005,S2_new_records,40,,53,1.0
R2_bearing_holdout,K005,S2_new_records,40,,54,0.65
R2_bearing_holdout,K005,S2_new_records,40,,55,0.85
R2_bearing_holdout,K005,S2_new_records,40,,56,1.0
R2_bearing_holdout,K005,S2_new_records,40,,57,0.9
R2_bearing_holdout,K005,S2_new_records,40,,58,1.0
R2_bearing_holdout,K005,S2_new_records,40,,59,0.0
R2_bearing_holdout,K005,S2_new_records,40,,60,0.0
R2_bearing_holdout,K005,S2_new_records,40,,61,0.65
R2_bearing_holdout,K005,S2_new_records,40,,62,0.0
R2_bearing_holdout,K005,S2_new_records,40,,63,0.45
R2_bearing_holdout,K005,S2_new_records,40,,64,0.7
R2_bearing_holdout,K005,S2_new_records,40,,65,0.55
R2_bearing_holdout,K005,S2_new_records,40,,66,0.0
R2_bearing_holdout,K005,S2_new_records,40,,67,0.8
R2_bearing_holdout,K005,S2_new_records,40,,68,1.0
R2_bearing_holdout,K005,S2_new_records,40,,69,0.65
R2_bearing_holdout,K005,S2_new_records,40,,70,0.0
R2_bearing_holdout,K005,S2_new_records,40,,71,0.0
R2_bearing_holdout,K005,S2_new_records,40,,72,0.45
R2_bearing_holdout,K005,S2_new_records,40,,73,0.0
R2_bearing_holdout,K005,S2_new_records,40,,74,0.7
R2_bearing_holdout,K005,S2_new_records,40,,75,0.0
R2_bearing_holdout,K005,S2_new_records,40,,76,0.0
R2_bearing_holdout,K005,S2_new_records,40,,77,1.0
R2_bearing_holdout,K005,S2_new_records,40,,78,0.95
R2_bearing_holdout,K005,S2_new_records,40,,79,0.45
R2_bearing_holdout,K005,S2_new_records,40,,80,0.0
R2_bearing_holdout,K005,S2_new_records,40,,81,0.8
R2_bearing_holdout,K005,S2_new_records,40,,82,0.4
R2_bearing_holdout,K005,S2_new_records,40,,83,1.0
R2_bearing_holdout,K005,S2_new_records,40,,84,0.0
R2_bearing_holdout,K005,S2_new_records,40,,85,0.95
R2_bearing_holdout,K005,S2_new_records,40,,86,0.7
R2_bearing_holdout,K005,S2_new_records,40,,87,1.0
R2_bearing_holdout,K005,S2_new_records,40,,88,0.65
R2_bearing_holdout,K005,S2_new_records,40,,89,1.0
R2_bearing_holdout,K005,S2_new_records,40,,90,0.45
R2_bearing_holdout,K005,S2_new_records,40,,91,0.0
R2_bearing_holdout,K005,S2_new_records,40,,92,0.95
R2_bearing_holdout,K005,S2_new_records,40,,93,0.0
R2_bearing_holdout,K005,S2_new_records,40,,94,1.0
R2_bearing_holdout,K005,S2_new_records,40,,95,0.0
R2_bearing_holdout,K005,S2_new_records,40,,96,1.0
R2_bearing_holdout,K005,S2_new_records,40,,97,0.0
R2_bearing_holdout,K005,S2_new_records,40,,98,0.5
R2_bearing_holdout,K005,S2_new_records,40,,99,0.4
R2_bearing_holdout,K005,S2_new_records,60,,0,0.6
R2_bearing_holdout,K005,S2_new_records,60,,1,1.0
R2_bearing_holdout,K005,S2_new_records,60,,2,1.0
R2_bearing_holdout,K005,S2_new_records,60,,3,1.0
R2_bearing_holdout,K005,S2_new_records,60,,4,0.65
R2_bearing_holdout,K005,S2_new_records,60,,5,1.0
R2_bearing_holdout,K005,S2_new_records,60,,6,1.0
R2_bearing_holdout,K005,S2_new_records,60,,7,0.0
R2_bearing_holdout,K005,S2_new_records,60,,8,0.6
R2_bearing_holdout,K005,S2_new_records,60,,9,1.0
R2_bearing_holdout,K005,S2_new_records,60,,10,0.45
R2_bearing_holdout,K005,S2_new_records,60,,11,0.75
R2_bearing_holdout,K005,S2_new_records,60,,12,0.9
R2_bearing_holdout,K005,S2_new_records,60,,13,1.0
R2_bearing_holdout,K005,S2_new_records,60,,14,1.0
R2_bearing_holdout,K005,S2_new_records,60,,15,0.45
R2_bearing_holdout,K005,S2_new_records,60,,16,0.45
R2_bearing_holdout,K005,S2_new_records,60,,17,1.0
R2_bearing_holdout,K005,S2_new_records,60,,18,0.8
R2_bearing_holdout,K005,S2_new_records,60,,19,1.0
R2_bearing_holdout,K005,S2_new_records,60,,20,0.6
R2_bearing_holdout,K005,S2_new_records,60,,21,0.8
R2_bearing_holdout,K005,S2_new_records,60,,22,0.45
R2_bearing_holdout,K005,S2_new_records,60,,23,0.45
R2_bearing_holdout,K005,S2_new_records,60,,24,0.45
R2_bearing_holdout,K005,S2_new_records,60,,25,0.55
R2_bearing_holdout,K005,S2_new_records,60,,26,0.65
R2_bearing_holdout,K005,S2_new_records,60,,27,0.75
R2_bearing_holdout,K005,S2_new_records,60,,28,0.75
R2_bearing_holdout,K005,S2_new_records,60,,29,1.0
R2_bearing_holdout,K005,S2_new_records,60,,30,0.45
R2_bearing_holdout,K005,S2_new_records,60,,31,0.95
R2_bearing_holdout,K005,S2_new_records,60,,32,1.0
R2_bearing_holdout,K005,S2_new_records,60,,33,0.9
R2_bearing_holdout,K005,S2_new_records,60,,34,1.0
R2_bearing_holdout,K005,S2_new_records,60,,35,0.65
R2_bearing_holdout,K005,S2_new_records,60,,36,0.7
R2_bearing_holdout,K005,S2_new_records,60,,37,0.45
R2_bearing_holdout,K005,S2_new_records,60,,38,0.0
R2_bearing_holdout,K005,S2_new_records,60,,39,0.65
R2_bearing_holdout,K005,S2_new_records,60,,40,0.7
R2_bearing_holdout,K005,S2_new_records,60,,41,0.45
R2_bearing_holdout,K005,S2_new_records,60,,42,1.0
R2_bearing_holdout,K005,S2_new_records,60,,43,0.45
R2_bearing_holdout,K005,S2_new_records,60,,44,0.9
R2_bearing_holdout,K005,S2_new_records,60,,45,1.0
R2_bearing_holdout,K005,S2_new_records,60,,46,0.0
R2_bearing_holdout,K005,S2_new_records,60,,47,0.5
R2_bearing_holdout,K005,S2_new_records,60,,48,0.35
R2_bearing_holdout,K005,S2_new_records,60,,49,0.6
R2_bearing_holdout,K005,S2_new_records,60,,50,1.0
R2_bearing_holdout,K005,S2_new_records,60,,51,0.45
R2_bearing_holdout,K005,S2_new_records,60,,52,0.5
R2_bearing_holdout,K005,S2_new_records,60,,53,0.5
R2_bearing_holdout,K005,S2_new_records,60,,54,0.95
R2_bearing_holdout,K005,S2_new_records,60,,55,0.45
R2_bearing_holdout,K005,S2_new_records,60,,56,0.45
R2_bearing_holdout,K005,S2_new_records,60,,57,0.45
R2_bearing_holdout,K005,S2_new_records,60,,58,0.45
R2_bearing_holdout,K005,S2_new_records,60,,59,0.75
R2_bearing_holdout,K005,S2_new_records,60,,60,0.05
R2_bearing_holdout,K005,S2_new_records,60,,61,0.45
R2_bearing_holdout,K005,S2_new_records,60,,62,0.0
R2_bearing_holdout,K005,S2_new_records,60,,63,0.75
R2_bearing_holdout,K005,S2_new_records,60,,64,0.45
R2_bearing_holdout,K005,S2_new_records,60,,65,0.7
R2_bearing_holdout,K005,S2_new_records,60,,66,0.5
R2_bearing_holdout,K005,S2_new_records,60,,67,1.0
R2_bearing_holdout,K005,S2_new_records,60,,68,0.65
R2_bearing_holdout,K005,S2_new_records,60,,69,0.0
R2_bearing_holdout,K005,S2_new_records,60,,70,1.0
R2_bearing_holdout,K005,S2_new_records,60,,71,0.7
R2_bearing_holdout,K005,S2_new_records,60,,72,1.0
R2_bearing_holdout,K005,S2_new_records,60,,73,1.0
R2_bearing_holdout,K005,S2_new_records,60,,74,0.35
R2_bearing_holdout,K005,S2_new_records,60,,75,0.7
R2_bearing_holdout,K005,S2_new_records,60,,76,0.45
R2_bearing_holdout,K005,S2_new_records,60,,77,0.45
R2_bearing_holdout,K005,S2_new_records,60,,78,0.4
R2_bearing_holdout,K005,S2_new_records,60,,79,0.75
R2_bearing_holdout,K005,S2_new_records,60,,80,0.0
R2_bearing_holdout,K005,S2_new_records,60,,81,0.45
R2_bearing_holdout,K005,S2_new_records,60,,82,0.65
R2_bearing_holdout,K005,S2_new_records,60,,83,0.6
R2_bearing_holdout,K005,S2_new_records,60,,84,1.0
R2_bearing_holdout,K005,S2_new_records,60,,85,0.45
R2_bearing_holdout,K005,S2_new_records,60,,86,0.4
R2_bearing_holdout,K005,S2_new_records,60,,87,0.0
R2_bearing_holdout,K005,S2_new_records,60,,88,0.75
R2_bearing_holdout,K005,S2_new_records,60,,89,1.0
R2_bearing_holdout,K005,S2_new_records,60,,90,1.0
R2_bearing_holdout,K005,S2_new_records,60,,91,0.45
R2_bearing_holdout,K005,S2_new_records,60,,92,0.6
R2_bearing_holdout,K005,S2_new_records,60,,93,1.0
R2_bearing_holdout,K005,S2_new_records,60,,94,0.6
R2_bearing_holdout,K005,S2_new_records,60,,95,0.6
R2_bearing_holdout,K005,S2_new_records,60,,96,1.0
R2_bearing_holdout,K005,S2_new_records,60,,97,0.5
R2_bearing_holdout,K005,S2_new_records,60,,98,0.45
R2_bearing_holdout,K005,S2_new_records,60,,99,0.9
R2_bearing_holdout,K005,S2_new_records,80,,0,0.6
R2_bearing_holdout,K005,S2_new_records,80,,1,0.65
R2_bearing_holdout,K005,S2_new_records,80,,2,0.65
R2_bearing_holdout,K005,S2_new_records,80,,3,0.75
R2_bearing_holdout,K005,S2_new_records,80,,4,0.55
R2_bearing_holdout,K005,S2_new_records,80,,5,0.6
R2_bearing_holdout,K005,S2_new_records,80,,6,0.45
R2_bearing_holdout,K005,S2_new_records,80,,7,0.45
R2_bearing_holdout,K005,S2_new_records,80,,8,1.0
R2_bearing_holdout,K005,S2_new_records,80,,9,0.55
R2_bearing_holdout,K005,S2_new_records,80,,10,0.95
R2_bearing_holdout,K005,S2_new_records,80,,11,0.45
R2_bearing_holdout,K005,S2_new_records,80,,12,0.35
R2_bearing_holdout,K005,S2_new_records,80,,13,0.45
R2_bearing_holdout,K005,S2_new_records,80,,14,1.0
R2_bearing_holdout,K005,S2_new_records,80,,15,0.6
R2_bearing_holdout,K005,S2_new_records,80,,16,0.0
R2_bearing_holdout,K005,S2_new_records,80,,17,0.45
R2_bearing_holdout,K005,S2_new_records,80,,18,0.6
R2_bearing_holdout,K005,S2_new_records,80,,19,0.65
R2_bearing_holdout,K005,S2_new_records,80,,20,0.6
R2_bearing_holdout,K005,S2_new_records,80,,21,0.45
R2_bearing_holdout,K005,S2_new_records,80,,22,0.55
R2_bearing_holdout,K005,S2_new_records,80,,23,0.6
R2_bearing_holdout,K005,S2_new_records,80,,24,0.75
R2_bearing_holdout,K005,S2_new_records,80,,25,1.0
R2_bearing_holdout,K005,S2_new_records,80,,26,0.65
R2_bearing_holdout,K005,S2_new_records,80,,27,1.0
R2_bearing_holdout,K005,S2_new_records,80,,28,0.6
R2_bearing_holdout,K005,S2_new_records,80,,29,1.0
R2_bearing_holdout,K005,S2_new_records,80,,30,1.0
R2_bearing_holdout,K005,S2_new_records,80,,31,1.0
R2_bearing_holdout,K005,S2_new_records,80,,32,0.6
R2_bearing_holdout,K005,S2_new_records,80,,33,0.75
R2_bearing_holdout,K005,S2_new_records,80,,34,0.45
R2_bearing_holdout,K005,S2_new_records,80,,35,1.0
R2_bearing_holdout,K005,S2_new_records,80,,36,1.0
R2_bearing_holdout,K005,S2_new_records,80,,37,1.0
R2_bearing_holdout,K005,S2_new_records,80,,38,1.0
R2_bearing_holdout,K005,S2_new_records,80,,39,1.0
R2_bearing_holdout,K005,S2_new_records,80,,40,0.45
R2_bearing_holdout,K005,S2_new_records,80,,41,0.65
R2_bearing_holdout,K005,S2_new_records,80,,42,0.95
R2_bearing_holdout,K005,S2_new_records,80,,43,0.45
R2_bearing_holdout,K005,S2_new_records,80,,44,0.85
R2_bearing_holdout,K005,S2_new_records,80,,45,0.6
R2_bearing_holdout,K005,S2_new_records,80,,46,0.45
R2_bearing_holdout,K005,S2_new_records,80,,47,1.0
R2_bearing_holdout,K005,S2_new_records,80,,48,0.55
R2_bearing_holdout,K005,S2_new_records,80,,49,0.95
R2_bearing_holdout,K005,S2_new_records,80,,50,1.0
R2_bearing_holdout,K005,S2_new_records,80,,51,0.65
R2_bearing_holdout,K005,S2_new_records,80,,52,1.0
R2_bearing_holdout,K005,S2_new_records,80,,53,1.0
R2_bearing_holdout,K005,S2_new_records,80,,54,1.0
R2_bearing_holdout,K005,S2_new_records,80,,55,0.8
R2_bearing_holdout,K005,S2_new_records,80,,56,0.75
R2_bearing_holdout,K005,S2_new_records,80,,57,0.4
R2_bearing_holdout,K005,S2_new_records,80,,58,0.95
R2_bearing_holdout,K005,S2_new_records,80,,59,0.65
R2_bearing_holdout,K005,S2_new_records,80,,60,0.6
R2_bearing_holdout,K005,S2_new_records,80,,61,0.75
R2_bearing_holdout,K005,S2_new_records,80,,62,0.85
R2_bearing_holdout,K005,S2_new_records,80,,63,1.0
R2_bearing_holdout,K005,S2_new_records,80,,64,0.45
R2_bearing_holdout,K005,S2_new_records,80,,65,0.7
R2_bearing_holdout,K005,S2_new_records,80,,66,0.85
R2_bearing_holdout,K005,S2_new_records,80,,67,0.65
R2_bearing_holdout,K005,S2_new_records,80,,68,0.45
R2_bearing_holdout,K005,S2_new_records,80,,69,0.45
R2_bearing_holdout,K005,S2_new_records,80,,70,0.45
R2_bearing_holdout,K005,S2_new_records,80,,71,1.0
R2_bearing_holdout,K005,S2_new_records,80,,72,0.55
R2_bearing_holdout,K005,S2_new_records,80,,73,0.5
R2_bearing_holdout,K005,S2_new_records,80,,74,0.65
R2_bearing_holdout,K005,S2_new_records,80,,75,1.0
R2_bearing_holdout,K005,S2_new_records,80,,76,0.55
R2_bearing_holdout,K005,S2_new_records,80,,77,1.0
R2_bearing_holdout,K005,S2_new_records,80,,78,1.0
R2_bearing_holdout,K005,S2_new_records,80,,79,0.95
R2_bearing_holdout,K005,S2_new_records,80,,80,0.45
R2_bearing_holdout,K005,S2_new_records,80,,81,0.45
R2_bearing_holdout,K005,S2_new_records,80,,82,0.85
R2_bearing_holdout,K005,S2_new_records,80,,83,0.45
R2_bearing_holdout,K005,S2_new_records,80,,84,0.65
R2_bearing_holdout,K005,S2_new_records,80,,85,1.0
R2_bearing_holdout,K005,S2_new_records,80,,86,0.85
R2_bearing_holdout,K005,S2_new_records,80,,87,0.95
R2_bearing_holdout,K005,S2_new_records,80,,88,0.45
R2_bearing_holdout,K005,S2_new_records,80,,89,1.0
R2_bearing_holdout,K005,S2_new_records,80,,90,0.45
R2_bearing_holdout,K005,S2_new_records,80,,91,0.6
R2_bearing_holdout,K005,S2_new_records,80,,92,0.7
R2_bearing_holdout,K005,S2_new_records,80,,93,0.0
R2_bearing_holdout,K005,S2_new_records,80,,94,1.0
R2_bearing_holdout,K005,S2_new_records,80,,95,0.4
R2_bearing_holdout,K005,S2_new_records,80,,96,0.55
R2_bearing_holdout,K005,S2_new_records,80,,97,0.7
R2_bearing_holdout,K005,S2_new_records,80,,98,0.0
R2_bearing_holdout,K005,S2_new_records,80,,99,1.0
R2_bearing_holdout,K005,S2_new_records,96,,0,1.0
R2_bearing_holdout,K005,S2_new_records,96,,1,0.6
R2_bearing_holdout,K005,S2_new_records,96,,2,0.8
R2_bearing_holdout,K005,S2_new_records,96,,3,1.0
R2_bearing_holdout,K005,S2_new_records,96,,4,0.95
R2_bearing_holdout,K005,S2_new_records,96,,5,1.0
R2_bearing_holdout,K005,S2_new_records,96,,6,0.7
R2_bearing_holdout,K005,S2_new_records,96,,7,1.0
R2_bearing_holdout,K005,S2_new_records,96,,8,1.0
R2_bearing_holdout,K005,S2_new_records,96,,9,0.95
R2_bearing_holdout,K005,S2_new_records,96,,10,0.9
R2_bearing_holdout,K005,S2_new_records,96,,11,1.0
R2_bearing_holdout,K005,S2_new_records,96,,12,0.95
R2_bearing_holdout,K005,S2_new_records,96,,13,0.5
R2_bearing_holdout,K005,S2_new_records,96,,14,0.6
R2_bearing_holdout,K005,S2_new_records,96,,15,0.45
R2_bearing_holdout,K005,S2_new_records,96,,16,1.0
R2_bearing_holdout,K005,S2_new_records,96,,17,0.6
R2_bearing_holdout,K005,S2_new_records,96,,18,0.9
R2_bearing_holdout,K005,S2_new_records,96,,19,1.0
R2_bearing_holdout,K005,S2_new_records,96,,20,0.85
R2_bearing_holdout,K005,S2_new_records,96,,21,0.65
R2_bearing_holdout,K005,S2_new_records,96,,22,1.0
R2_bearing_holdout,K005,S2_new_records,96,,23,1.0
R2_bearing_holdout,K005,S2_new_records,96,,24,0.75
R2_bearing_holdout,K005,S2_new_records,96,,25,0.6
R2_bearing_holdout,K005,S2_new_records,96,,26,0.7
R2_bearing_holdout,K005,S2_new_records,96,,27,0.45
R2_bearing_holdout,K005,S2_new_records,96,,28,0.65
R2_bearing_holdout,K005,S2_new_records,96,,29,0.8
R2_bearing_holdout,K005,S2_new_records,96,,30,0.65
R2_bearing_holdout,K005,S2_new_records,96,,31,0.45
R2_bearing_holdout,K005,S2_new_records,96,,32,0.6
R2_bearing_holdout,K005,S2_new_records,96,,33,0.65
R2_bearing_holdout,K005,S2_new_records,96,,34,0.8
R2_bearing_holdout,K005,S2_new_records,96,,35,0.6
R2_bearing_holdout,K005,S2_new_records,96,,36,0.6
R2_bearing_holdout,K005,S2_new_records,96,,37,1.0
R2_bearing_holdout,K005,S2_new_records,96,,38,0.85
R2_bearing_holdout,K005,S2_new_records,96,,39,0.6
R2_bearing_holdout,K005,S2_new_records,96,,40,0.6
R2_bearing_holdout,K005,S2_new_records,96,,41,0.6
R2_bearing_holdout,K005,S2_new_records,96,,42,0.5
R2_bearing_holdout,K005,S2_new_records,96,,43,0.45
R2_bearing_holdout,K005,S2_new_records,96,,44,0.85
R2_bearing_holdout,K005,S2_new_records,96,,45,0.45
R2_bearing_holdout,K005,S2_new_records,96,,46,1.0
R2_bearing_holdout,K005,S2_new_records,96,,47,1.0
R2_bearing_holdout,K005,S2_new_records,96,,48,0.6
R2_bearing_holdout,K005,S2_new_records,96,,49,0.45
R2_bearing_holdout,K005,S2_new_records,96,,50,0.65
R2_bearing_holdout,K005,S2_new_records,96,,51,0.45
R2_bearing_holdout,K005,S2_new_records,96,,52,0.75
R2_bearing_holdout,K005,S2_new_records,96,,53,0.45
R2_bearing_holdout,K005,S2_new_records,96,,54,0.45
R2_bearing_holdout,K005,S2_new_records,96,,55,0.45
R2_bearing_holdout,K005,S2_new_records,96,,56,1.0
R2_bearing_holdout,K005,S2_new_records,96,,57,0.75
R2_bearing_holdout,K005,S2_new_records,96,,58,0.65
R2_bearing_holdout,K005,S2_new_records,96,,59,0.5
R2_bearing_holdout,K005,S2_new_records,96,,60,0.4
R2_bearing_holdout,K005,S2_new_records,96,,61,0.55
R2_bearing_holdout,K005,S2_new_records,96,,62,0.5
R2_bearing_holdout,K005,S2_new_records,96,,63,0.55
R2_bearing_holdout,K005,S2_new_records,96,,64,0.65
R2_bearing_holdout,K005,S2_new_records,96,,65,0.7
R2_bearing_holdout,K005,S2_new_records,96,,66,1.0
R2_bearing_holdout,K005,S2_new_records,96,,67,0.45
R2_bearing_holdout,K005,S2_new_records,96,,68,0.5
R2_bearing_holdout,K005,S2_new_records,96,,69,0.45
R2_bearing_holdout,K005,S2_new_records,96,,70,0.75
R2_bearing_holdout,K005,S2_new_records,96,,71,0.6
R2_bearing_holdout,K005,S2_new_records,96,,72,0.45
R2_bearing_holdout,K005,S2_new_records,96,,73,0.75
R2_bearing_holdout,K005,S2_new_records,96,,74,1.0
R2_bearing_holdout,K005,S2_new_records,96,,75,0.6
R2_bearing_holdout,K005,S2_new_records,96,,76,1.0
R2_bearing_holdout,K005,S2_new_records,96,,77,0.45
R2_bearing_holdout,K005,S2_new_records,96,,78,0.8
R2_bearing_holdout,K005,S2_new_records,96,,79,0.45
R2_bearing_holdout,K005,S2_new_records,96,,80,0.65
R2_bearing_holdout,K005,S2_new_records,96,,81,0.6
R2_bearing_holdout,K005,S2_new_records,96,,82,1.0
R2_bearing_holdout,K005,S2_new_records,96,,83,0.55
R2_bearing_holdout,K005,S2_new_records,96,,84,0.6
R2_bearing_holdout,K005,S2_new_records,96,,85,1.0
R2_bearing_holdout,K005,S2_new_records,96,,86,0.75
R2_bearing_holdout,K005,S2_new_records,96,,87,0.7
R2_bearing_holdout,K005,S2_new_records,96,,88,0.75
R2_bearing_holdout,K005,S2_new_records,96,,89,0.45
R2_bearing_holdout,K005,S2_new_records,96,,90,0.45
R2_bearing_holdout,K005,S2_new_records,96,,91,0.45
R2_bearing_holdout,K005,S2_new_records,96,,92,1.0
R2_bearing_holdout,K005,S2_new_records,96,,93,0.6
R2_bearing_holdout,K005,S2_new_records,96,,94,0.45
R2_bearing_holdout,K005,S2_new_records,96,,95,0.6
R2_bearing_holdout,K005,S2_new_records,96,,96,0.6
R2_bearing_holdout,K005,S2_new_records,96,,97,0.8
R2_bearing_holdout,K005,S2_new_records,96,,98,0.45
R2_bearing_holdout,K005,S2_new_records,96,,99,0.6
R2_bearing_holdout,K005,S3_units,20,1.0,0,1.0
R2_bearing_holdout,K005,S3_units,20,1.0,1,1.0
R2_bearing_holdout,K005,S3_units,20,1.0,2,1.0
R2_bearing_holdout,K005,S3_units,20,1.0,3,1.0
R2_bearing_holdout,K005,S3_units,20,1.0,4,1.0
R2_bearing_holdout,K005,S3_units,20,1.0,5,1.0
R2_bearing_holdout,K005,S3_units,20,1.0,6,1.0
R2_bearing_holdout,K005,S3_units,20,1.0,7,0.75
R2_bearing_holdout,K005,S3_units,20,1.0,8,1.0
R2_bearing_holdout,K005,S3_units,20,1.0,9,1.0
R2_bearing_holdout,K005,S3_units,20,1.0,10,0.6
R2_bearing_holdout,K005,S3_units,20,1.0,11,0.95
R2_bearing_holdout,K005,S3_units,20,1.0,12,0.75
R2_bearing_holdout,K005,S3_units,20,1.0,13,1.0
R2_bearing_holdout,K005,S3_units,20,1.0,14,0.6
R2_bearing_holdout,K005,S3_units,20,1.0,15,1.0
R2_bearing_holdout,K005,S3_units,20,1.0,16,1.0
R2_bearing_holdout,K005,S3_units,20,1.0,17,1.0
R2_bearing_holdout,K005,S3_units,20,1.0,18,1.0
R2_bearing_holdout,K005,S3_units,20,1.0,19,1.0
R2_bearing_holdout,K005,S3_units,20,1.0,20,1.0
R2_bearing_holdout,K005,S3_units,20,1.0,21,1.0
R2_bearing_holdout,K005,S3_units,20,1.0,22,1.0
R2_bearing_holdout,K005,S3_units,20,1.0,23,1.0
R2_bearing_holdout,K005,S3_units,20,1.0,24,1.0
R2_bearing_holdout,K005,S3_units,20,1.0,25,0.85
R2_bearing_holdout,K005,S3_units,20,1.0,26,0.0
R2_bearing_holdout,K005,S3_units,20,1.0,27,1.0
R2_bearing_holdout,K005,S3_units,20,1.0,28,0.55
R2_bearing_holdout,K005,S3_units,20,1.0,29,1.0
R2_bearing_holdout,K005,S3_units,20,1.0,30,1.0
R2_bearing_holdout,K005,S3_units,20,1.0,31,1.0
R2_bearing_holdout,K005,S3_units,20,1.0,32,1.0
R2_bearing_holdout,K005,S3_units,20,1.0,33,0.65
R2_bearing_holdout,K005,S3_units,20,1.0,34,1.0
R2_bearing_holdout,K005,S3_units,20,1.0,35,0.0
R2_bearing_holdout,K005,S3_units,20,1.0,36,0.6
R2_bearing_holdout,K005,S3_units,20,1.0,37,1.0
R2_bearing_holdout,K005,S3_units,20,1.0,38,1.0
R2_bearing_holdout,K005,S3_units,20,1.0,39,0.9
R2_bearing_holdout,K005,S3_units,20,1.0,40,1.0
R2_bearing_holdout,K005,S3_units,20,1.0,41,0.0
R2_bearing_holdout,K005,S3_units,20,1.0,42,0.0
R2_bearing_holdout,K005,S3_units,20,1.0,43,1.0
R2_bearing_holdout,K005,S3_units,20,1.0,44,1.0
R2_bearing_holdout,K005,S3_units,20,1.0,45,1.0
R2_bearing_holdout,K005,S3_units,20,1.0,46,1.0
R2_bearing_holdout,K005,S3_units,20,1.0,47,0.5
R2_bearing_holdout,K005,S3_units,20,1.0,48,0.0
R2_bearing_holdout,K005,S3_units,20,1.0,49,1.0
R2_bearing_holdout,K005,S3_units,20,1.0,50,1.0
R2_bearing_holdout,K005,S3_units,20,1.0,51,1.0
R2_bearing_holdout,K005,S3_units,20,1.0,52,1.0
R2_bearing_holdout,K005,S3_units,20,1.0,53,1.0
R2_bearing_holdout,K005,S3_units,20,1.0,54,1.0
R2_bearing_holdout,K005,S3_units,20,1.0,55,0.6
R2_bearing_holdout,K005,S3_units,20,1.0,56,1.0
R2_bearing_holdout,K005,S3_units,20,1.0,57,0.6
R2_bearing_holdout,K005,S3_units,20,1.0,58,1.0
R2_bearing_holdout,K005,S3_units,20,1.0,59,1.0
R2_bearing_holdout,K005,S3_units,20,1.0,60,0.7
R2_bearing_holdout,K005,S3_units,20,1.0,61,1.0
R2_bearing_holdout,K005,S3_units,20,1.0,62,1.0
R2_bearing_holdout,K005,S3_units,20,1.0,63,1.0
R2_bearing_holdout,K005,S3_units,20,1.0,64,1.0
R2_bearing_holdout,K005,S3_units,20,1.0,65,1.0
R2_bearing_holdout,K005,S3_units,20,1.0,66,0.65
R2_bearing_holdout,K005,S3_units,20,1.0,67,1.0
R2_bearing_holdout,K005,S3_units,20,1.0,68,1.0
R2_bearing_holdout,K005,S3_units,20,1.0,69,1.0
R2_bearing_holdout,K005,S3_units,20,1.0,70,0.6
R2_bearing_holdout,K005,S3_units,20,1.0,71,1.0
R2_bearing_holdout,K005,S3_units,20,1.0,72,0.65
R2_bearing_holdout,K005,S3_units,20,1.0,73,1.0
R2_bearing_holdout,K005,S3_units,20,1.0,74,1.0
R2_bearing_holdout,K005,S3_units,20,1.0,75,1.0
R2_bearing_holdout,K005,S3_units,20,1.0,76,1.0
R2_bearing_holdout,K005,S3_units,20,1.0,77,1.0
R2_bearing_holdout,K005,S3_units,20,1.0,78,0.0
R2_bearing_holdout,K005,S3_units,20,1.0,79,1.0
R2_bearing_holdout,K005,S3_units,20,1.0,80,1.0
R2_bearing_holdout,K005,S3_units,20,1.0,81,1.0
R2_bearing_holdout,K005,S3_units,20,1.0,82,1.0
R2_bearing_holdout,K005,S3_units,20,1.0,83,1.0
R2_bearing_holdout,K005,S3_units,20,1.0,84,1.0
R2_bearing_holdout,K005,S3_units,20,1.0,85,0.7
R2_bearing_holdout,K005,S3_units,20,1.0,86,0.7
R2_bearing_holdout,K005,S3_units,20,1.0,87,0.0
R2_bearing_holdout,K005,S3_units,20,1.0,88,0.0
R2_bearing_holdout,K005,S3_units,20,1.0,89,1.0
R2_bearing_holdout,K005,S3_units,20,1.0,90,0.75
R2_bearing_holdout,K005,S3_units,20,1.0,91,1.0
R2_bearing_holdout,K005,S3_units,20,1.0,92,1.0
R2_bearing_holdout,K005,S3_units,20,1.0,93,1.0
R2_bearing_holdout,K005,S3_units,20,1.0,94,1.0
R2_bearing_holdout,K005,S3_units,20,1.0,95,0.6
R2_bearing_holdout,K005,S3_units,20,1.0,96,0.0
R2_bearing_holdout,K005,S3_units,20,1.0,97,1.0
R2_bearing_holdout,K005,S3_units,20,1.0,98,1.0
R2_bearing_holdout,K005,S3_units,20,1.0,99,1.0
R2_bearing_holdout,K005,S3_units,20,2.0,0,1.0
R2_bearing_holdout,K005,S3_units,20,2.0,1,0.45
R2_bearing_holdout,K005,S3_units,20,2.0,2,1.0
R2_bearing_holdout,K005,S3_units,20,2.0,3,0.45
R2_bearing_holdout,K005,S3_units,20,2.0,4,1.0
R2_bearing_holdout,K005,S3_units,20,2.0,5,0.4
R2_bearing_holdout,K005,S3_units,20,2.0,6,1.0
R2_bearing_holdout,K005,S3_units,20,2.0,7,0.45
R2_bearing_holdout,K005,S3_units,20,2.0,8,0.5
R2_bearing_holdout,K005,S3_units,20,2.0,9,1.0
R2_bearing_holdout,K005,S3_units,20,2.0,10,1.0
R2_bearing_holdout,K005,S3_units,20,2.0,11,1.0
R2_bearing_holdout,K005,S3_units,20,2.0,12,1.0
R2_bearing_holdout,K005,S3_units,20,2.0,13,1.0
R2_bearing_holdout,K005,S3_units,20,2.0,14,1.0
R2_bearing_holdout,K005,S3_units,20,2.0,15,0.45
R2_bearing_holdout,K005,S3_units,20,2.0,16,1.0
R2_bearing_holdout,K005,S3_units,20,2.0,17,1.0
R2_bearing_holdout,K005,S3_units,20,2.0,18,1.0
R2_bearing_holdout,K005,S3_units,20,2.0,19,1.0
R2_bearing_holdout,K005,S3_units,20,2.0,20,1.0
R2_bearing_holdout,K005,S3_units,20,2.0,21,1.0
R2_bearing_holdout,K005,S3_units,20,2.0,22,1.0
R2_bearing_holdout,K005,S3_units,20,2.0,23,1.0
R2_bearing_holdout,K005,S3_units,20,2.0,24,1.0
R2_bearing_holdout,K005,S3_units,20,2.0,25,1.0
R2_bearing_holdout,K005,S3_units,20,2.0,26,1.0
R2_bearing_holdout,K005,S3_units,20,2.0,27,1.0
R2_bearing_holdout,K005,S3_units,20,2.0,28,1.0
R2_bearing_holdout,K005,S3_units,20,2.0,29,1.0
R2_bearing_holdout,K005,S3_units,20,2.0,30,1.0
R2_bearing_holdout,K005,S3_units,20,2.0,31,1.0
R2_bearing_holdout,K005,S3_units,20,2.0,32,1.0
R2_bearing_holdout,K005,S3_units,20,2.0,33,0.4
R2_bearing_holdout,K005,S3_units,20,2.0,34,1.0
R2_bearing_holdout,K005,S3_units,20,2.0,35,0.65
R2_bearing_holdout,K005,S3_units,20,2.0,36,1.0
R2_bearing_holdout,K005,S3_units,20,2.0,37,1.0
R2_bearing_holdout,K005,S3_units,20,2.0,38,0.0
R2_bearing_holdout,K005,S3_units,20,2.0,39,1.0
R2_bearing_holdout,K005,S3_units,20,2.0,40,0.0
R2_bearing_holdout,K005,S3_units,20,2.0,41,1.0
R2_bearing_holdout,K005,S3_units,20,2.0,42,0.6
R2_bearing_holdout,K005,S3_units,20,2.0,43,0.0
R2_bearing_holdout,K005,S3_units,20,2.0,44,0.0
R2_bearing_holdout,K005,S3_units,20,2.0,45,1.0
R2_bearing_holdout,K005,S3_units,20,2.0,46,1.0
R2_bearing_holdout,K005,S3_units,20,2.0,47,1.0
R2_bearing_holdout,K005,S3_units,20,2.0,48,0.7
R2_bearing_holdout,K005,S3_units,20,2.0,49,1.0
R2_bearing_holdout,K005,S3_units,20,2.0,50,0.0
R2_bearing_holdout,K005,S3_units,20,2.0,51,0.65
R2_bearing_holdout,K005,S3_units,20,2.0,52,0.5
R2_bearing_holdout,K005,S3_units,20,2.0,53,0.0
R2_bearing_holdout,K005,S3_units,20,2.0,54,0.0
R2_bearing_holdout,K005,S3_units,20,2.0,55,1.0
R2_bearing_holdout,K005,S3_units,20,2.0,56,0.45
R2_bearing_holdout,K005,S3_units,20,2.0,57,0.45
R2_bearing_holdout,K005,S3_units,20,2.0,58,1.0
R2_bearing_holdout,K005,S3_units,20,2.0,59,1.0
R2_bearing_holdout,K005,S3_units,20,2.0,60,0.65
R2_bearing_holdout,K005,S3_units,20,2.0,61,1.0
R2_bearing_holdout,K005,S3_units,20,2.0,62,1.0
R2_bearing_holdout,K005,S3_units,20,2.0,63,1.0
R2_bearing_holdout,K005,S3_units,20,2.0,64,0.0
R2_bearing_holdout,K005,S3_units,20,2.0,65,1.0
R2_bearing_holdout,K005,S3_units,20,2.0,66,0.9
R2_bearing_holdout,K005,S3_units,20,2.0,67,1.0
R2_bearing_holdout,K005,S3_units,20,2.0,68,1.0
R2_bearing_holdout,K005,S3_units,20,2.0,69,1.0
R2_bearing_holdout,K005,S3_units,20,2.0,70,1.0
R2_bearing_holdout,K005,S3_units,20,2.0,71,0.4
R2_bearing_holdout,K005,S3_units,20,2.0,72,1.0
R2_bearing_holdout,K005,S3_units,20,2.0,73,0.75
R2_bearing_holdout,K005,S3_units,20,2.0,74,0.85
R2_bearing_holdout,K005,S3_units,20,2.0,75,0.45
R2_bearing_holdout,K005,S3_units,20,2.0,76,0.0
R2_bearing_holdout,K005,S3_units,20,2.0,77,1.0
R2_bearing_holdout,K005,S3_units,20,2.0,78,1.0
R2_bearing_holdout,K005,S3_units,20,2.0,79,0.0
R2_bearing_holdout,K005,S3_units,20,2.0,80,1.0
R2_bearing_holdout,K005,S3_units,20,2.0,81,0.5
R2_bearing_holdout,K005,S3_units,20,2.0,82,1.0
R2_bearing_holdout,K005,S3_units,20,2.0,83,1.0
R2_bearing_holdout,K005,S3_units,20,2.0,84,0.0
R2_bearing_holdout,K005,S3_units,20,2.0,85,1.0
R2_bearing_holdout,K005,S3_units,20,2.0,86,0.65
R2_bearing_holdout,K005,S3_units,20,2.0,87,0.45
R2_bearing_holdout,K005,S3_units,20,2.0,88,1.0
R2_bearing_holdout,K005,S3_units,20,2.0,89,0.0
R2_bearing_holdout,K005,S3_units,20,2.0,90,0.45
R2_bearing_holdout,K005,S3_units,20,2.0,91,0.55
R2_bearing_holdout,K005,S3_units,20,2.0,92,1.0
R2_bearing_holdout,K005,S3_units,20,2.0,93,0.0
R2_bearing_holdout,K005,S3_units,20,2.0,94,1.0
R2_bearing_holdout,K005,S3_units,20,2.0,95,0.65
R2_bearing_holdout,K005,S3_units,20,2.0,96,1.0
R2_bearing_holdout,K005,S3_units,20,2.0,97,1.0
R2_bearing_holdout,K005,S3_units,20,2.0,98,1.0
R2_bearing_holdout,K005,S3_units,20,2.0,99,0.0
R2_bearing_holdout,K005,S3_units,20,3.0,0,0.45
R2_bearing_holdout,K005,S3_units,20,3.0,1,0.0
R2_bearing_holdout,K005,S3_units,20,3.0,2,0.45
R2_bearing_holdout,K005,S3_units,20,3.0,3,0.0
R2_bearing_holdout,K005,S3_units,20,3.0,4,0.45
R2_bearing_holdout,K005,S3_units,20,3.0,5,0.0
R2_bearing_holdout,K005,S3_units,20,3.0,6,0.5
R2_bearing_holdout,K005,S3_units,20,3.0,7,1.0
R2_bearing_holdout,K005,S3_units,20,3.0,8,0.9
R2_bearing_holdout,K005,S3_units,20,3.0,9,1.0
R2_bearing_holdout,K005,S3_units,20,3.0,10,1.0
R2_bearing_holdout,K005,S3_units,20,3.0,11,1.0
R2_bearing_holdout,K005,S3_units,20,3.0,12,1.0
R2_bearing_holdout,K005,S3_units,20,3.0,13,1.0
R2_bearing_holdout,K005,S3_units,20,3.0,14,1.0
R2_bearing_holdout,K005,S3_units,20,3.0,15,0.0
R2_bearing_holdout,K005,S3_units,20,3.0,16,0.0
R2_bearing_holdout,K005,S3_units,20,3.0,17,0.0
R2_bearing_holdout,K005,S3_units,20,3.0,18,1.0
R2_bearing_holdout,K005,S3_units,20,3.0,19,0.0
R2_bearing_holdout,K005,S3_units,20,3.0,20,1.0
R2_bearing_holdout,K005,S3_units,20,3.0,21,1.0
R2_bearing_holdout,K005,S3_units,20,3.0,22,0.4
R2_bearing_holdout,K005,S3_units,20,3.0,23,1.0
R2_bearing_holdout,K005,S3_units,20,3.0,24,1.0
R2_bearing_holdout,K005,S3_units,20,3.0,25,0.0
R2_bearing_holdout,K005,S3_units,20,3.0,26,0.0
R2_bearing_holdout,K005,S3_units,20,3.0,27,0.0
R2_bearing_holdout,K005,S3_units,20,3.0,28,0.0
R2_bearing_holdout,K005,S3_units,20,3.0,29,1.0
R2_bearing_holdout,K005,S3_units,20,3.0,30,1.0
R2_bearing_holdout,K005,S3_units,20,3.0,31,0.0
R2_bearing_holdout,K005,S3_units,20,3.0,32,0.7
R2_bearing_holdout,K005,S3_units,20,3.0,33,1.0
R2_bearing_holdout,K005,S3_units,20,3.0,34,0.65
R2_bearing_holdout,K005,S3_units,20,3.0,35,0.4
R2_bearing_holdout,K005,S3_units,20,3.0,36,1.0
R2_bearing_holdout,K005,S3_units,20,3.0,37,0.0
R2_bearing_holdout,K005,S3_units,20,3.0,38,0.9
R2_bearing_holdout,K005,S3_units,20,3.0,39,0.0
R2_bearing_holdout,K005,S3_units,20,3.0,40,0.65
R2_bearing_holdout,K005,S3_units,20,3.0,41,0.0
R2_bearing_holdout,K005,S3_units,20,3.0,42,1.0
R2_bearing_holdout,K005,S3_units,20,3.0,43,0.0
R2_bearing_holdout,K005,S3_units,20,3.0,44,1.0
R2_bearing_holdout,K005,S3_units,20,3.0,45,1.0
R2_bearing_holdout,K005,S3_units,20,3.0,46,0.0
R2_bearing_holdout,K005,S3_units,20,3.0,47,1.0
R2_bearing_holdout,K005,S3_units,20,3.0,48,1.0
R2_bearing_holdout,K005,S3_units,20,3.0,49,0.55
R2_bearing_holdout,K005,S3_units,20,3.0,50,0.65
R2_bearing_holdout,K005,S3_units,20,3.0,51,0.0
R2_bearing_holdout,K005,S3_units,20,3.0,52,0.0
R2_bearing_holdout,K005,S3_units,20,3.0,53,0.9
R2_bearing_holdout,K005,S3_units,20,3.0,54,0.95
R2_bearing_holdout,K005,S3_units,20,3.0,55,1.0
R2_bearing_holdout,K005,S3_units,20,3.0,56,0.45
R2_bearing_holdout,K005,S3_units,20,3.0,57,0.95
R2_bearing_holdout,K005,S3_units,20,3.0,58,0.5
R2_bearing_holdout,K005,S3_units,20,3.0,59,0.0
R2_bearing_holdout,K005,S3_units,20,3.0,60,0.0
R2_bearing_holdout,K005,S3_units,20,3.0,61,0.4
R2_bearing_holdout,K005,S3_units,20,3.0,62,0.45
R2_bearing_holdout,K005,S3_units,20,3.0,63,0.45
R2_bearing_holdout,K005,S3_units,20,3.0,64,1.0
R2_bearing_holdout,K005,S3_units,20,3.0,65,0.0
R2_bearing_holdout,K005,S3_units,20,3.0,66,0.95
R2_bearing_holdout,K005,S3_units,20,3.0,67,1.0
R2_bearing_holdout,K005,S3_units,20,3.0,68,1.0
R2_bearing_holdout,K005,S3_units,20,3.0,69,0.45
R2_bearing_holdout,K005,S3_units,20,3.0,70,1.0
R2_bearing_holdout,K005,S3_units,20,3.0,71,0.65
R2_bearing_holdout,K005,S3_units,20,3.0,72,1.0
R2_bearing_holdout,K005,S3_units,20,3.0,73,1.0
R2_bearing_holdout,K005,S3_units,20,3.0,74,0.4
R2_bearing_holdout,K005,S3_units,20,3.0,75,1.0
R2_bearing_holdout,K005,S3_units,20,3.0,76,0.4
R2_bearing_holdout,K005,S3_units,20,3.0,77,0.45
R2_bearing_holdout,K005,S3_units,20,3.0,78,0.0
R2_bearing_holdout,K005,S3_units,20,3.0,79,0.0
R2_bearing_holdout,K005,S3_units,20,3.0,80,1.0
R2_bearing_holdout,K005,S3_units,20,3.0,81,0.0
R2_bearing_holdout,K005,S3_units,20,3.0,82,0.8
R2_bearing_holdout,K005,S3_units,20,3.0,83,0.0
R2_bearing_holdout,K005,S3_units,20,3.0,84,0.5
R2_bearing_holdout,K005,S3_units,20,3.0,85,1.0
R2_bearing_holdout,K005,S3_units,20,3.0,86,0.0
R2_bearing_holdout,K005,S3_units,20,3.0,87,0.0
R2_bearing_holdout,K005,S3_units,20,3.0,88,0.0
R2_bearing_holdout,K005,S3_units,20,3.0,89,0.0
R2_bearing_holdout,K005,S3_units,20,3.0,90,1.0
R2_bearing_holdout,K005,S3_units,20,3.0,91,0.4
R2_bearing_holdout,K005,S3_units,20,3.0,92,1.0
R2_bearing_holdout,K005,S3_units,20,3.0,93,0.8
R2_bearing_holdout,K005,S3_units,20,3.0,94,1.0
R2_bearing_holdout,K005,S3_units,20,3.0,95,1.0
R2_bearing_holdout,K005,S3_units,20,3.0,96,0.0
R2_bearing_holdout,K005,S3_units,20,3.0,97,0.45
R2_bearing_holdout,K005,S3_units,20,3.0,98,0.0
R2_bearing_holdout,K005,S3_units,20,3.0,99,0.4
R2_bearing_holdout,K005,S3_units,20,4.0,0,1.0
R2_bearing_holdout,K005,S3_units,20,4.0,1,0.0
R2_bearing_holdout,K005,S3_units,20,4.0,2,0.4
R2_bearing_holdout,K005,S3_units,20,4.0,3,0.6
R2_bearing_holdout,K005,S3_units,20,4.0,4,1.0
R2_bearing_holdout,K005,S3_units,20,4.0,5,0.0
R2_bearing_holdout,K005,S3_units,20,4.0,6,0.5
R2_bearing_holdout,K005,S3_units,20,4.0,7,1.0
R2_bearing_holdout,K005,S3_units,20,4.0,8,0.7
R2_bearing_holdout,K005,S3_units,20,4.0,9,0.95
R2_bearing_holdout,K005,S3_units,20,4.0,10,0.45
R2_bearing_holdout,K005,S3_units,20,4.0,11,0.45
R2_bearing_holdout,K005,S3_units,20,4.0,12,1.0
R2_bearing_holdout,K005,S3_units,20,4.0,13,0.45
R2_bearing_holdout,K005,S3_units,20,4.0,14,1.0
R2_bearing_holdout,K005,S3_units,20,4.0,15,0.45
R2_bearing_holdout,K005,S3_units,20,4.0,16,0.6
R2_bearing_holdout,K005,S3_units,20,4.0,17,0.9
R2_bearing_holdout,K005,S3_units,20,4.0,18,0.45
R2_bearing_holdout,K005,S3_units,20,4.0,19,0.45
R2_bearing_holdout,K005,S3_units,20,4.0,20,1.0
R2_bearing_holdout,K005,S3_units,20,4.0,21,0.45
R2_bearing_holdout,K005,S3_units,20,4.0,22,0.85
R2_bearing_holdout,K005,S3_units,20,4.0,23,1.0
R2_bearing_holdout,K005,S3_units,20,4.0,24,1.0
R2_bearing_holdout,K005,S3_units,20,4.0,25,0.45
R2_bearing_holdout,K005,S3_units,20,4.0,26,0.5
R2_bearing_holdout,K005,S3_units,20,4.0,27,0.5
R2_bearing_holdout,K005,S3_units,20,4.0,28,1.0
R2_bearing_holdout,K005,S3_units,20,4.0,29,0.0
R2_bearing_holdout,K005,S3_units,20,4.0,30,0.0
R2_bearing_holdout,K005,S3_units,20,4.0,31,0.6
R2_bearing_holdout,K005,S3_units,20,4.0,32,0.0
R2_bearing_holdout,K005,S3_units,20,4.0,33,0.65
R2_bearing_holdout,K005,S3_units,20,4.0,34,0.0
R2_bearing_holdout,K005,S3_units,20,4.0,35,1.0
R2_bearing_holdout,K005,S3_units,20,4.0,36,1.0
R2_bearing_holdout,K005,S3_units,20,4.0,37,1.0
R2_bearing_holdout,K005,S3_units,20,4.0,38,0.0
R2_bearing_holdout,K005,S3_units,20,4.0,39,0.45
R2_bearing_holdout,K005,S3_units,20,4.0,40,0.65
R2_bearing_holdout,K005,S3_units,20,4.0,41,0.45
R2_bearing_holdout,K005,S3_units,20,4.0,42,0.45
R2_bearing_holdout,K005,S3_units,20,4.0,43,0.6
R2_bearing_holdout,K005,S3_units,20,4.0,44,1.0
R2_bearing_holdout,K005,S3_units,20,4.0,45,0.9
R2_bearing_holdout,K005,S3_units,20,4.0,46,1.0
R2_bearing_holdout,K005,S3_units,20,4.0,47,0.0
R2_bearing_holdout,K005,S3_units,20,4.0,48,0.9
R2_bearing_holdout,K005,S3_units,20,4.0,49,0.85
R2_bearing_holdout,K005,S3_units,20,4.0,50,1.0
R2_bearing_holdout,K005,S3_units,20,4.0,51,0.7
R2_bearing_holdout,K005,S3_units,20,4.0,52,0.0
R2_bearing_holdout,K005,S3_units,20,4.0,53,0.05
R2_bearing_holdout,K005,S3_units,20,4.0,54,0.45
R2_bearing_holdout,K005,S3_units,20,4.0,55,1.0
R2_bearing_holdout,K005,S3_units,20,4.0,56,0.95
R2_bearing_holdout,K005,S3_units,20,4.0,57,1.0
R2_bearing_holdout,K005,S3_units,20,4.0,58,0.0
R2_bearing_holdout,K005,S3_units,20,4.0,59,0.45
R2_bearing_holdout,K005,S3_units,20,4.0,60,1.0
R2_bearing_holdout,K005,S3_units,20,4.0,61,0.05
R2_bearing_holdout,K005,S3_units,20,4.0,62,0.45
R2_bearing_holdout,K005,S3_units,20,4.0,63,0.0
R2_bearing_holdout,K005,S3_units,20,4.0,64,1.0
R2_bearing_holdout,K005,S3_units,20,4.0,65,1.0
R2_bearing_holdout,K005,S3_units,20,4.0,66,0.45
R2_bearing_holdout,K005,S3_units,20,4.0,67,0.2
R2_bearing_holdout,K005,S3_units,20,4.0,68,1.0
R2_bearing_holdout,K005,S3_units,20,4.0,69,0.95
R2_bearing_holdout,K005,S3_units,20,4.0,70,0.9
R2_bearing_holdout,K005,S3_units,20,4.0,71,0.0
R2_bearing_holdout,K005,S3_units,20,4.0,72,0.0
R2_bearing_holdout,K005,S3_units,20,4.0,73,0.0
R2_bearing_holdout,K005,S3_units,20,4.0,74,0.6
R2_bearing_holdout,K005,S3_units,20,4.0,75,0.45
R2_bearing_holdout,K005,S3_units,20,4.0,76,1.0
R2_bearing_holdout,K005,S3_units,20,4.0,77,0.9
R2_bearing_holdout,K005,S3_units,20,4.0,78,1.0
R2_bearing_holdout,K005,S3_units,20,4.0,79,1.0
R2_bearing_holdout,K005,S3_units,20,4.0,80,0.95
R2_bearing_holdout,K005,S3_units,20,4.0,81,0.95
R2_bearing_holdout,K005,S3_units,20,4.0,82,0.0
R2_bearing_holdout,K005,S3_units,20,4.0,83,1.0
R2_bearing_holdout,K005,S3_units,20,4.0,84,0.0
R2_bearing_holdout,K005,S3_units,20,4.0,85,0.4
R2_bearing_holdout,K005,S3_units,20,4.0,86,1.0
R2_bearing_holdout,K005,S3_units,20,4.0,87,1.0
R2_bearing_holdout,K005,S3_units,20,4.0,88,1.0
R2_bearing_holdout,K005,S3_units,20,4.0,89,0.0
R2_bearing_holdout,K005,S3_units,20,4.0,90,0.0
R2_bearing_holdout,K005,S3_units,20,4.0,91,0.45
R2_bearing_holdout,K005,S3_units,20,4.0,92,0.0
R2_bearing_holdout,K005,S3_units,20,4.0,93,0.45
R2_bearing_holdout,K005,S3_units,20,4.0,94,0.65
R2_bearing_holdout,K005,S3_units,20,4.0,95,0.0
R2_bearing_holdout,K005,S3_units,20,4.0,96,0.45
R2_bearing_holdout,K005,S3_units,20,4.0,97,0.6
R2_bearing_holdout,K005,S3_units,20,4.0,98,0.0
R2_bearing_holdout,K005,S3_units,20,4.0,99,0.65
R2_bearing_holdout,K005,S3_units,20,5.0,0,0.0
R2_bearing_holdout,K005,S3_units,20,5.0,1,0.0
R2_bearing_holdout,K005,S3_units,20,5.0,2,0.9
R2_bearing_holdout,K005,S3_units,20,5.0,3,1.0
R2_bearing_holdout,K005,S3_units,20,5.0,4,0.0
R2_bearing_holdout,K005,S3_units,20,5.0,5,0.0
R2_bearing_holdout,K005,S3_units,20,5.0,6,0.95
R2_bearing_holdout,K005,S3_units,20,5.0,7,0.0
R2_bearing_holdout,K005,S3_units,20,5.0,8,0.0
R2_bearing_holdout,K005,S3_units,20,5.0,9,0.45
R2_bearing_holdout,K005,S3_units,20,5.0,10,0.0
R2_bearing_holdout,K005,S3_units,20,5.0,11,0.6
R2_bearing_holdout,K005,S3_units,20,5.0,12,0.85
R2_bearing_holdout,K005,S3_units,20,5.0,13,0.0
R2_bearing_holdout,K005,S3_units,20,5.0,14,0.0
R2_bearing_holdout,K005,S3_units,20,5.0,15,0.7
R2_bearing_holdout,K005,S3_units,20,5.0,16,0.6
R2_bearing_holdout,K005,S3_units,20,5.0,17,0.0
R2_bearing_holdout,K005,S3_units,20,5.0,18,1.0
R2_bearing_holdout,K005,S3_units,20,5.0,19,0.6
R2_bearing_holdout,K005,S3_units,20,5.0,20,0.0
R2_bearing_holdout,K005,S3_units,20,5.0,21,0.45
R2_bearing_holdout,K005,S3_units,20,5.0,22,0.0
R2_bearing_holdout,K005,S3_units,20,5.0,23,0.0
R2_bearing_holdout,K005,S3_units,20,5.0,24,0.85
R2_bearing_holdout,K005,S3_units,20,5.0,25,0.9
R2_bearing_holdout,K005,S3_units,20,5.0,26,0.0
R2_bearing_holdout,K005,S3_units,20,5.0,27,0.7
R2_bearing_holdout,K005,S3_units,20,5.0,28,0.0
R2_bearing_holdout,K005,S3_units,20,5.0,29,0.0
R2_bearing_holdout,K005,S3_units,20,5.0,30,0.2
R2_bearing_holdout,K005,S3_units,20,5.0,31,0.65
R2_bearing_holdout,K005,S3_units,20,5.0,32,0.0
R2_bearing_holdout,K005,S3_units,20,5.0,33,0.7
R2_bearing_holdout,K005,S3_units,20,5.0,34,1.0
R2_bearing_holdout,K005,S3_units,20,5.0,35,1.0
R2_bearing_holdout,K005,S3_units,20,5.0,36,0.35
R2_bearing_holdout,K005,S3_units,20,5.0,37,0.0
R2_bearing_holdout,K005,S3_units,20,5.0,38,0.45
R2_bearing_holdout,K005,S3_units,20,5.0,39,0.0
R2_bearing_holdout,K005,S3_units,20,5.0,40,0.0
R2_bearing_holdout,K005,S3_units,20,5.0,41,1.0
R2_bearing_holdout,K005,S3_units,20,5.0,42,0.65
R2_bearing_holdout,K005,S3_units,20,5.0,43,0.0
R2_bearing_holdout,K005,S3_units,20,5.0,44,0.0
R2_bearing_holdout,K005,S3_units,20,5.0,45,0.0
R2_bearing_holdout,K005,S3_units,20,5.0,46,0.45
R2_bearing_holdout,K005,S3_units,20,5.0,47,0.9
R2_bearing_holdout,K005,S3_units,20,5.0,48,1.0
R2_bearing_holdout,K005,S3_units,20,5.0,49,0.0
R2_bearing_holdout,K005,S3_units,20,5.0,50,0.9
R2_bearing_holdout,K005,S3_units,20,5.0,51,0.9
R2_bearing_holdout,K005,S3_units,20,5.0,52,0.0
R2_bearing_holdout,K005,S3_units,20,5.0,53,0.45
R2_bearing_holdout,K005,S3_units,20,5.0,54,0.7
R2_bearing_holdout,K005,S3_units,20,5.0,55,0.0
R2_bearing_holdout,K005,S3_units,20,5.0,56,0.4
R2_bearing_holdout,K005,S3_units,20,5.0,57,0.75
R2_bearing_holdout,K005,S3_units,20,5.0,58,0.0
R2_bearing_holdout,K005,S3_units,20,5.0,59,0.45
R2_bearing_holdout,K005,S3_units,20,5.0,60,0.5
R2_bearing_holdout,K005,S3_units,20,5.0,61,0.85
R2_bearing_holdout,K005,S3_units,20,5.0,62,0.5
R2_bearing_holdout,K005,S3_units,20,5.0,63,0.2
R2_bearing_holdout,K005,S3_units,20,5.0,64,0.0
R2_bearing_holdout,K005,S3_units,20,5.0,65,0.0
R2_bearing_holdout,K005,S3_units,20,5.0,66,0.2
R2_bearing_holdout,K005,S3_units,20,5.0,67,0.8
R2_bearing_holdout,K005,S3_units,20,5.0,68,0.1
R2_bearing_holdout,K005,S3_units,20,5.0,69,0.0
R2_bearing_holdout,K005,S3_units,20,5.0,70,0.0
R2_bearing_holdout,K005,S3_units,20,5.0,71,0.0
R2_bearing_holdout,K005,S3_units,20,5.0,72,0.0
R2_bearing_holdout,K005,S3_units,20,5.0,73,0.0
R2_bearing_holdout,K005,S3_units,20,5.0,74,0.45
R2_bearing_holdout,K005,S3_units,20,5.0,75,0.85
R2_bearing_holdout,K005,S3_units,20,5.0,76,0.0
R2_bearing_holdout,K005,S3_units,20,5.0,77,0.0
R2_bearing_holdout,K005,S3_units,20,5.0,78,0.4
R2_bearing_holdout,K005,S3_units,20,5.0,79,0.35
R2_bearing_holdout,K005,S3_units,20,5.0,80,0.0
R2_bearing_holdout,K005,S3_units,20,5.0,81,0.7
R2_bearing_holdout,K005,S3_units,20,5.0,82,0.0
R2_bearing_holdout,K005,S3_units,20,5.0,83,0.0
R2_bearing_holdout,K005,S3_units,20,5.0,84,0.85
R2_bearing_holdout,K005,S3_units,20,5.0,85,0.0
R2_bearing_holdout,K005,S3_units,20,5.0,86,0.9
R2_bearing_holdout,K005,S3_units,20,5.0,87,0.0
R2_bearing_holdout,K005,S3_units,20,5.0,88,0.95
R2_bearing_holdout,K005,S3_units,20,5.0,89,0.2
R2_bearing_holdout,K005,S3_units,20,5.0,90,0.9
R2_bearing_holdout,K005,S3_units,20,5.0,91,0.65
R2_bearing_holdout,K005,S3_units,20,5.0,92,0.45
R2_bearing_holdout,K005,S3_units,20,5.0,93,0.0
R2_bearing_holdout,K005,S3_units,20,5.0,94,0.0
R2_bearing_holdout,K005,S3_units,20,5.0,95,0.45
R2_bearing_holdout,K005,S3_units,20,5.0,96,0.85
R2_bearing_holdout,K005,S3_units,20,5.0,97,0.0
R2_bearing_holdout,K005,S3_units,20,5.0,98,0.95
R2_bearing_holdout,K005,S3_units,20,5.0,99,0.45
R2_bearing_holdout,K006,S1_resample,10,,0,0.1
R2_bearing_holdout,K006,S1_resample,10,,1,0.75
R2_bearing_holdout,K006,S1_resample,10,,2,0.95
R2_bearing_holdout,K006,S1_resample,10,,3,0.0
R2_bearing_holdout,K006,S1_resample,10,,4,1.0
R2_bearing_holdout,K006,S1_resample,10,,5,1.0
R2_bearing_holdout,K006,S1_resample,10,,6,0.0
R2_bearing_holdout,K006,S1_resample,10,,7,0.2
R2_bearing_holdout,K006,S1_resample,10,,8,1.0
R2_bearing_holdout,K006,S1_resample,10,,9,0.75
R2_bearing_holdout,K006,S1_resample,10,,10,0.9
R2_bearing_holdout,K006,S1_resample,10,,11,1.0
R2_bearing_holdout,K006,S1_resample,10,,12,0.8
R2_bearing_holdout,K006,S1_resample,10,,13,0.95
R2_bearing_holdout,K006,S1_resample,10,,14,0.0
R2_bearing_holdout,K006,S1_resample,10,,15,0.6
R2_bearing_holdout,K006,S1_resample,10,,16,0.8
R2_bearing_holdout,K006,S1_resample,10,,17,0.75
R2_bearing_holdout,K006,S1_resample,10,,18,0.4
R2_bearing_holdout,K006,S1_resample,10,,19,1.0
R2_bearing_holdout,K006,S1_resample,10,,20,0.95
R2_bearing_holdout,K006,S1_resample,10,,21,0.6
R2_bearing_holdout,K006,S1_resample,10,,22,0.4
R2_bearing_holdout,K006,S1_resample,10,,23,0.9
R2_bearing_holdout,K006,S1_resample,10,,24,0.7
R2_bearing_holdout,K006,S1_resample,10,,25,0.7
R2_bearing_holdout,K006,S1_resample,10,,26,1.0
R2_bearing_holdout,K006,S1_resample,10,,27,0.65
R2_bearing_holdout,K006,S1_resample,10,,28,1.0
R2_bearing_holdout,K006,S1_resample,10,,29,0.0
R2_bearing_holdout,K006,S1_resample,10,,30,0.95
R2_bearing_holdout,K006,S1_resample,10,,31,1.0
R2_bearing_holdout,K006,S1_resample,10,,32,0.9
R2_bearing_holdout,K006,S1_resample,10,,33,0.0
R2_bearing_holdout,K006,S1_resample,10,,34,1.0
R2_bearing_holdout,K006,S1_resample,10,,35,0.8
R2_bearing_holdout,K006,S1_resample,10,,36,1.0
R2_bearing_holdout,K006,S1_resample,10,,37,0.8
R2_bearing_holdout,K006,S1_resample,10,,38,0.9
R2_bearing_holdout,K006,S1_resample,10,,39,0.95
R2_bearing_holdout,K006,S1_resample,10,,40,0.05
R2_bearing_holdout,K006,S1_resample,10,,41,0.9
R2_bearing_holdout,K006,S1_resample,10,,42,0.85
R2_bearing_holdout,K006,S1_resample,10,,43,0.95
R2_bearing_holdout,K006,S1_resample,10,,44,0.8
R2_bearing_holdout,K006,S1_resample,10,,45,1.0
R2_bearing_holdout,K006,S1_resample,10,,46,0.15
R2_bearing_holdout,K006,S1_resample,10,,47,0.75
R2_bearing_holdout,K006,S1_resample,10,,48,0.95
R2_bearing_holdout,K006,S1_resample,10,,49,0.9
R2_bearing_holdout,K006,S1_resample,10,,50,0.8
R2_bearing_holdout,K006,S1_resample,10,,51,0.7
R2_bearing_holdout,K006,S1_resample,10,,52,0.4
R2_bearing_holdout,K006,S1_resample,10,,53,0.85
R2_bearing_holdout,K006,S1_resample,10,,54,1.0
R2_bearing_holdout,K006,S1_resample,10,,55,0.45
R2_bearing_holdout,K006,S1_resample,10,,56,0.7
R2_bearing_holdout,K006,S1_resample,10,,57,1.0
R2_bearing_holdout,K006,S1_resample,10,,58,0.75
R2_bearing_holdout,K006,S1_resample,10,,59,0.8
R2_bearing_holdout,K006,S1_resample,10,,60,1.0
R2_bearing_holdout,K006,S1_resample,10,,61,0.85
R2_bearing_holdout,K006,S1_resample,10,,62,0.55
R2_bearing_holdout,K006,S1_resample,10,,63,0.8
R2_bearing_holdout,K006,S1_resample,10,,64,0.9
R2_bearing_holdout,K006,S1_resample,10,,65,0.0
R2_bearing_holdout,K006,S1_resample,10,,66,0.75
R2_bearing_holdout,K006,S1_resample,10,,67,0.95
R2_bearing_holdout,K006,S1_resample,10,,68,0.7
R2_bearing_holdout,K006,S1_resample,10,,69,0.85
R2_bearing_holdout,K006,S1_resample,10,,70,0.85
R2_bearing_holdout,K006,S1_resample,10,,71,0.0
R2_bearing_holdout,K006,S1_resample,10,,72,0.8
R2_bearing_holdout,K006,S1_resample,10,,73,0.75
R2_bearing_holdout,K006,S1_resample,10,,74,0.55
R2_bearing_holdout,K006,S1_resample,10,,75,0.4
R2_bearing_holdout,K006,S1_resample,10,,76,0.4
R2_bearing_holdout,K006,S1_resample,10,,77,0.8
R2_bearing_holdout,K006,S1_resample,10,,78,0.65
R2_bearing_holdout,K006,S1_resample,10,,79,0.35
R2_bearing_holdout,K006,S1_resample,10,,80,0.4
R2_bearing_holdout,K006,S1_resample,10,,81,0.75
R2_bearing_holdout,K006,S1_resample,10,,82,1.0
R2_bearing_holdout,K006,S1_resample,10,,83,0.85
R2_bearing_holdout,K006,S1_resample,10,,84,0.8
R2_bearing_holdout,K006,S1_resample,10,,85,0.2
R2_bearing_holdout,K006,S1_resample,10,,86,0.3
R2_bearing_holdout,K006,S1_resample,10,,87,0.45
R2_bearing_holdout,K006,S1_resample,10,,88,0.9
R2_bearing_holdout,K006,S1_resample,10,,89,0.85
R2_bearing_holdout,K006,S1_resample,10,,90,1.0
R2_bearing_holdout,K006,S1_resample,10,,91,0.8
R2_bearing_holdout,K006,S1_resample,10,,92,0.8
R2_bearing_holdout,K006,S1_resample,10,,93,0.45
R2_bearing_holdout,K006,S1_resample,10,,94,1.0
R2_bearing_holdout,K006,S1_resample,10,,95,1.0
R2_bearing_holdout,K006,S1_resample,10,,96,0.85
R2_bearing_holdout,K006,S1_resample,10,,97,0.95
R2_bearing_holdout,K006,S1_resample,10,,98,0.8
R2_bearing_holdout,K006,S1_resample,10,,99,1.0
R2_bearing_holdout,K006,S1_resample,20,,0,0.65
R2_bearing_holdout,K006,S1_resample,20,,1,0.65
R2_bearing_holdout,K006,S1_resample,20,,2,0.75
R2_bearing_holdout,K006,S1_resample,20,,3,0.95
R2_bearing_holdout,K006,S1_resample,20,,4,0.9
R2_bearing_holdout,K006,S1_resample,20,,5,0.8
R2_bearing_holdout,K006,S1_resample,20,,6,0.8
R2_bearing_holdout,K006,S1_resample,20,,7,0.9
R2_bearing_holdout,K006,S1_resample,20,,8,0.8
R2_bearing_holdout,K006,S1_resample,20,,9,0.85
R2_bearing_holdout,K006,S1_resample,20,,10,0.9
R2_bearing_holdout,K006,S1_resample,20,,11,0.8
R2_bearing_holdout,K006,S1_resample,20,,12,0.4
R2_bearing_holdout,K006,S1_resample,20,,13,0.55
R2_bearing_holdout,K006,S1_resample,20,,14,0.35
R2_bearing_holdout,K006,S1_resample,20,,15,0.05
R2_bearing_holdout,K006,S1_resample,20,,16,0.85
R2_bearing_holdout,K006,S1_resample,20,,17,0.9
R2_bearing_holdout,K006,S1_resample,20,,18,0.9
R2_bearing_holdout,K006,S1_resample,20,,19,0.8
R2_bearing_holdout,K006,S1_resample,20,,20,0.9
R2_bearing_holdout,K006,S1_resample,20,,21,0.8
R2_bearing_holdout,K006,S1_resample,20,,22,0.7
R2_bearing_holdout,K006,S1_resample,20,,23,0.85
R2_bearing_holdout,K006,S1_resample,20,,24,0.9
R2_bearing_holdout,K006,S1_resample,20,,25,1.0
R2_bearing_holdout,K006,S1_resample,20,,26,1.0
R2_bearing_holdout,K006,S1_resample,20,,27,0.8
R2_bearing_holdout,K006,S1_resample,20,,28,0.5
R2_bearing_holdout,K006,S1_resample,20,,29,0.9
R2_bearing_holdout,K006,S1_resample,20,,30,0.95
R2_bearing_holdout,K006,S1_resample,20,,31,0.95
R2_bearing_holdout,K006,S1_resample,20,,32,0.6
R2_bearing_holdout,K006,S1_resample,20,,33,0.85
R2_bearing_holdout,K006,S1_resample,20,,34,0.9
R2_bearing_holdout,K006,S1_resample,20,,35,0.9
R2_bearing_holdout,K006,S1_resample,20,,36,0.9
R2_bearing_holdout,K006,S1_resample,20,,37,0.95
R2_bearing_holdout,K006,S1_resample,20,,38,0.8
R2_bearing_holdout,K006,S1_resample,20,,39,0.95
R2_bearing_holdout,K006,S1_resample,20,,40,0.95
R2_bearing_holdout,K006,S1_resample,20,,41,0.8
R2_bearing_holdout,K006,S1_resample,20,,42,0.5
R2_bearing_holdout,K006,S1_resample,20,,43,0.8
R2_bearing_holdout,K006,S1_resample,20,,44,0.9
R2_bearing_holdout,K006,S1_resample,20,,45,0.95
R2_bearing_holdout,K006,S1_resample,20,,46,0.9
R2_bearing_holdout,K006,S1_resample,20,,47,0.7
R2_bearing_holdout,K006,S1_resample,20,,48,0.3
R2_bearing_holdout,K006,S1_resample,20,,49,0.5
R2_bearing_holdout,K006,S1_resample,20,,50,0.7
R2_bearing_holdout,K006,S1_resample,20,,51,0.9
R2_bearing_holdout,K006,S1_resample,20,,52,0.85
R2_bearing_holdout,K006,S1_resample,20,,53,0.8
R2_bearing_holdout,K006,S1_resample,20,,54,0.95
R2_bearing_holdout,K006,S1_resample,20,,55,0.95
R2_bearing_holdout,K006,S1_resample,20,,56,0.9
R2_bearing_holdout,K006,S1_resample,20,,57,0.8
R2_bearing_holdout,K006,S1_resample,20,,58,0.7
R2_bearing_holdout,K006,S1_resample,20,,59,0.85
R2_bearing_holdout,K006,S1_resample,20,,60,0.75
R2_bearing_holdout,K006,S1_resample,20,,61,0.9
R2_bearing_holdout,K006,S1_resample,20,,62,0.75
R2_bearing_holdout,K006,S1_resample,20,,63,0.9
R2_bearing_holdout,K006,S1_resample,20,,64,0.85
R2_bearing_holdout,K006,S1_resample,20,,65,0.8
R2_bearing_holdout,K006,S1_resample,20,,66,0.65
R2_bearing_holdout,K006,S1_resample,20,,67,0.8
R2_bearing_holdout,K006,S1_resample,20,,68,0.8
R2_bearing_holdout,K006,S1_resample,20,,69,0.85
R2_bearing_holdout,K006,S1_resample,20,,70,0.8
R2_bearing_holdout,K006,S1_resample,20,,71,1.0
R2_bearing_holdout,K006,S1_resample,20,,72,0.35
R2_bearing_holdout,K006,S1_resample,20,,73,0.85
R2_bearing_holdout,K006,S1_resample,20,,74,0.7
R2_bearing_holdout,K006,S1_resample,20,,75,0.8
R2_bearing_holdout,K006,S1_resample,20,,76,0.8
R2_bearing_holdout,K006,S1_resample,20,,77,0.9
R2_bearing_holdout,K006,S1_resample,20,,78,1.0
R2_bearing_holdout,K006,S1_resample,20,,79,0.8
R2_bearing_holdout,K006,S1_resample,20,,80,0.85
R2_bearing_holdout,K006,S1_resample,20,,81,0.3
R2_bearing_holdout,K006,S1_resample,20,,82,0.8
R2_bearing_holdout,K006,S1_resample,20,,83,0.85
R2_bearing_holdout,K006,S1_resample,20,,84,0.65
R2_bearing_holdout,K006,S1_resample,20,,85,0.25
R2_bearing_holdout,K006,S1_resample,20,,86,1.0
R2_bearing_holdout,K006,S1_resample,20,,87,0.6
R2_bearing_holdout,K006,S1_resample,20,,88,0.55
R2_bearing_holdout,K006,S1_resample,20,,89,0.8
R2_bearing_holdout,K006,S1_resample,20,,90,0.75
R2_bearing_holdout,K006,S1_resample,20,,91,0.4
R2_bearing_holdout,K006,S1_resample,20,,92,0.95
R2_bearing_holdout,K006,S1_resample,20,,93,0.4
R2_bearing_holdout,K006,S1_resample,20,,94,0.8
R2_bearing_holdout,K006,S1_resample,20,,95,0.9
R2_bearing_holdout,K006,S1_resample,20,,96,0.9
R2_bearing_holdout,K006,S1_resample,20,,97,0.75
R2_bearing_holdout,K006,S1_resample,20,,98,0.9
R2_bearing_holdout,K006,S1_resample,20,,99,0.95
R2_bearing_holdout,K006,S1_resample,40,,0,0.9
R2_bearing_holdout,K006,S1_resample,40,,1,0.95
R2_bearing_holdout,K006,S1_resample,40,,2,0.95
R2_bearing_holdout,K006,S1_resample,40,,3,0.9
R2_bearing_holdout,K006,S1_resample,40,,4,0.95
R2_bearing_holdout,K006,S1_resample,40,,5,0.8
R2_bearing_holdout,K006,S1_resample,40,,6,0.8
R2_bearing_holdout,K006,S1_resample,40,,7,0.8
R2_bearing_holdout,K006,S1_resample,40,,8,1.0
R2_bearing_holdout,K006,S1_resample,40,,9,0.8
R2_bearing_holdout,K006,S1_resample,40,,10,0.85
R2_bearing_holdout,K006,S1_resample,40,,11,0.5
R2_bearing_holdout,K006,S1_resample,40,,12,0.8
R2_bearing_holdout,K006,S1_resample,40,,13,0.8
R2_bearing_holdout,K006,S1_resample,40,,14,0.95
R2_bearing_holdout,K006,S1_resample,40,,15,0.8
R2_bearing_holdout,K006,S1_resample,40,,16,0.9
R2_bearing_holdout,K006,S1_resample,40,,17,0.95
R2_bearing_holdout,K006,S1_resample,40,,18,0.95
R2_bearing_holdout,K006,S1_resample,40,,19,0.85
R2_bearing_holdout,K006,S1_resample,40,,20,0.95
R2_bearing_holdout,K006,S1_resample,40,,21,0.8
R2_bearing_holdout,K006,S1_resample,40,,22,0.95
R2_bearing_holdout,K006,S1_resample,40,,23,0.85
R2_bearing_holdout,K006,S1_resample,40,,24,0.9
R2_bearing_holdout,K006,S1_resample,40,,25,0.95
R2_bearing_holdout,K006,S1_resample,40,,26,0.85
R2_bearing_holdout,K006,S1_resample,40,,27,0.8
R2_bearing_holdout,K006,S1_resample,40,,28,0.9
R2_bearing_holdout,K006,S1_resample,40,,29,1.0
R2_bearing_holdout,K006,S1_resample,40,,30,0.9
R2_bearing_holdout,K006,S1_resample,40,,31,1.0
R2_bearing_holdout,K006,S1_resample,40,,32,0.85
R2_bearing_holdout,K006,S1_resample,40,,33,0.95
R2_bearing_holdout,K006,S1_resample,40,,34,0.85
R2_bearing_holdout,K006,S1_resample,40,,35,0.95
R2_bearing_holdout,K006,S1_resample,40,,36,0.7
R2_bearing_holdout,K006,S1_resample,40,,37,0.85
R2_bearing_holdout,K006,S1_resample,40,,38,0.9
R2_bearing_holdout,K006,S1_resample,40,,39,0.9
R2_bearing_holdout,K006,S1_resample,40,,40,0.9
R2_bearing_holdout,K006,S1_resample,40,,41,0.95
R2_bearing_holdout,K006,S1_resample,40,,42,0.8
R2_bearing_holdout,K006,S1_resample,40,,43,0.85
R2_bearing_holdout,K006,S1_resample,40,,44,0.9
R2_bearing_holdout,K006,S1_resample,40,,45,0.9
R2_bearing_holdout,K006,S1_resample,40,,46,0.9
R2_bearing_holdout,K006,S1_resample,40,,47,0.8
R2_bearing_holdout,K006,S1_resample,40,,48,0.9
R2_bearing_holdout,K006,S1_resample,40,,49,0.95
R2_bearing_holdout,K006,S1_resample,40,,50,0.8
R2_bearing_holdout,K006,S1_resample,40,,51,0.85
R2_bearing_holdout,K006,S1_resample,40,,52,0.9
R2_bearing_holdout,K006,S1_resample,40,,53,0.85
R2_bearing_holdout,K006,S1_resample,40,,54,0.95
R2_bearing_holdout,K006,S1_resample,40,,55,0.95
R2_bearing_holdout,K006,S1_resample,40,,56,0.8
R2_bearing_holdout,K006,S1_resample,40,,57,0.8
R2_bearing_holdout,K006,S1_resample,40,,58,0.85
R2_bearing_holdout,K006,S1_resample,40,,59,0.9
R2_bearing_holdout,K006,S1_resample,40,,60,0.9
R2_bearing_holdout,K006,S1_resample,40,,61,0.95
R2_bearing_holdout,K006,S1_resample,40,,62,0.8
R2_bearing_holdout,K006,S1_resample,40,,63,0.85
R2_bearing_holdout,K006,S1_resample,40,,64,0.95
R2_bearing_holdout,K006,S1_resample,40,,65,0.8
R2_bearing_holdout,K006,S1_resample,40,,66,0.95
R2_bearing_holdout,K006,S1_resample,40,,67,0.9
R2_bearing_holdout,K006,S1_resample,40,,68,0.8
R2_bearing_holdout,K006,S1_resample,40,,69,0.8
R2_bearing_holdout,K006,S1_resample,40,,70,0.95
R2_bearing_holdout,K006,S1_resample,40,,71,0.9
R2_bearing_holdout,K006,S1_resample,40,,72,0.9
R2_bearing_holdout,K006,S1_resample,40,,73,0.9
R2_bearing_holdout,K006,S1_resample,40,,74,0.85
R2_bearing_holdout,K006,S1_resample,40,,75,0.95
R2_bearing_holdout,K006,S1_resample,40,,76,0.9
R2_bearing_holdout,K006,S1_resample,40,,77,0.85
R2_bearing_holdout,K006,S1_resample,40,,78,0.95
R2_bearing_holdout,K006,S1_resample,40,,79,0.8
R2_bearing_holdout,K006,S1_resample,40,,80,0.8
R2_bearing_holdout,K006,S1_resample,40,,81,0.95
R2_bearing_holdout,K006,S1_resample,40,,82,0.95
R2_bearing_holdout,K006,S1_resample,40,,83,0.9
R2_bearing_holdout,K006,S1_resample,40,,84,0.8
R2_bearing_holdout,K006,S1_resample,40,,85,0.8
R2_bearing_holdout,K006,S1_resample,40,,86,0.8
R2_bearing_holdout,K006,S1_resample,40,,87,0.8
R2_bearing_holdout,K006,S1_resample,40,,88,1.0
R2_bearing_holdout,K006,S1_resample,40,,89,1.0
R2_bearing_holdout,K006,S1_resample,40,,90,0.9
R2_bearing_holdout,K006,S1_resample,40,,91,0.9
R2_bearing_holdout,K006,S1_resample,40,,92,0.85
R2_bearing_holdout,K006,S1_resample,40,,93,0.85
R2_bearing_holdout,K006,S1_resample,40,,94,0.8
R2_bearing_holdout,K006,S1_resample,40,,95,0.9
R2_bearing_holdout,K006,S1_resample,40,,96,1.0
R2_bearing_holdout,K006,S1_resample,40,,97,0.9
R2_bearing_holdout,K006,S1_resample,40,,98,0.85
R2_bearing_holdout,K006,S1_resample,40,,99,0.7
R2_bearing_holdout,K006,S1_resample,60,,0,0.85
R2_bearing_holdout,K006,S1_resample,60,,1,0.9
R2_bearing_holdout,K006,S1_resample,60,,2,0.8
R2_bearing_holdout,K006,S1_resample,60,,3,0.9
R2_bearing_holdout,K006,S1_resample,60,,4,0.9
R2_bearing_holdout,K006,S1_resample,60,,5,0.6
R2_bearing_holdout,K006,S1_resample,60,,6,0.8
R2_bearing_holdout,K006,S1_resample,60,,7,0.95
R2_bearing_holdout,K006,S1_resample,60,,8,0.95
R2_bearing_holdout,K006,S1_resample,60,,9,0.9
R2_bearing_holdout,K006,S1_resample,60,,10,0.9
R2_bearing_holdout,K006,S1_resample,60,,11,0.85
R2_bearing_holdout,K006,S1_resample,60,,12,0.9
R2_bearing_holdout,K006,S1_resample,60,,13,0.8
R2_bearing_holdout,K006,S1_resample,60,,14,0.8
R2_bearing_holdout,K006,S1_resample,60,,15,0.95
R2_bearing_holdout,K006,S1_resample,60,,16,0.85
R2_bearing_holdout,K006,S1_resample,60,,17,0.85
R2_bearing_holdout,K006,S1_resample,60,,18,0.75
R2_bearing_holdout,K006,S1_resample,60,,19,0.9
R2_bearing_holdout,K006,S1_resample,60,,20,0.95
R2_bearing_holdout,K006,S1_resample,60,,21,0.9
R2_bearing_holdout,K006,S1_resample,60,,22,0.9
R2_bearing_holdout,K006,S1_resample,60,,23,0.9
R2_bearing_holdout,K006,S1_resample,60,,24,0.7
R2_bearing_holdout,K006,S1_resample,60,,25,0.85
R2_bearing_holdout,K006,S1_resample,60,,26,1.0
R2_bearing_holdout,K006,S1_resample,60,,27,0.85
R2_bearing_holdout,K006,S1_resample,60,,28,0.85
R2_bearing_holdout,K006,S1_resample,60,,29,0.9
R2_bearing_holdout,K006,S1_resample,60,,30,0.95
R2_bearing_holdout,K006,S1_resample,60,,31,0.85
R2_bearing_holdout,K006,S1_resample,60,,32,0.9
R2_bearing_holdout,K006,S1_resample,60,,33,0.85
R2_bearing_holdout,K006,S1_resample,60,,34,0.8
R2_bearing_holdout,K006,S1_resample,60,,35,0.8
R2_bearing_holdout,K006,S1_resample,60,,36,0.95
R2_bearing_holdout,K006,S1_resample,60,,37,0.9
R2_bearing_holdout,K006,S1_resample,60,,38,0.9
R2_bearing_holdout,K006,S1_resample,60,,39,0.8
R2_bearing_holdout,K006,S1_resample,60,,40,0.9
R2_bearing_holdout,K006,S1_resample,60,,41,0.95
R2_bearing_holdout,K006,S1_resample,60,,42,0.95
R2_bearing_holdout,K006,S1_resample,60,,43,0.85
R2_bearing_holdout,K006,S1_resample,60,,44,0.9
R2_bearing_holdout,K006,S1_resample,60,,45,0.95
R2_bearing_holdout,K006,S1_resample,60,,46,0.8
R2_bearing_holdout,K006,S1_resample,60,,47,0.95
R2_bearing_holdout,K006,S1_resample,60,,48,0.85
R2_bearing_holdout,K006,S1_resample,60,,49,0.85
R2_bearing_holdout,K006,S1_resample,60,,50,0.95
R2_bearing_holdout,K006,S1_resample,60,,51,0.95
R2_bearing_holdout,K006,S1_resample,60,,52,0.95
R2_bearing_holdout,K006,S1_resample,60,,53,0.85
R2_bearing_holdout,K006,S1_resample,60,,54,0.95
R2_bearing_holdout,K006,S1_resample,60,,55,0.9
R2_bearing_holdout,K006,S1_resample,60,,56,0.9
R2_bearing_holdout,K006,S1_resample,60,,57,0.8
R2_bearing_holdout,K006,S1_resample,60,,58,0.8
R2_bearing_holdout,K006,S1_resample,60,,59,0.95
R2_bearing_holdout,K006,S1_resample,60,,60,0.9
R2_bearing_holdout,K006,S1_resample,60,,61,0.9
R2_bearing_holdout,K006,S1_resample,60,,62,0.85
R2_bearing_holdout,K006,S1_resample,60,,63,0.8
R2_bearing_holdout,K006,S1_resample,60,,64,0.8
R2_bearing_holdout,K006,S1_resample,60,,65,0.9
R2_bearing_holdout,K006,S1_resample,60,,66,0.9
R2_bearing_holdout,K006,S1_resample,60,,67,0.75
R2_bearing_holdout,K006,S1_resample,60,,68,0.95
R2_bearing_holdout,K006,S1_resample,60,,69,0.95
R2_bearing_holdout,K006,S1_resample,60,,70,0.85
R2_bearing_holdout,K006,S1_resample,60,,71,0.95
R2_bearing_holdout,K006,S1_resample,60,,72,0.9
R2_bearing_holdout,K006,S1_resample,60,,73,0.8
R2_bearing_holdout,K006,S1_resample,60,,74,0.95
R2_bearing_holdout,K006,S1_resample,60,,75,0.9
R2_bearing_holdout,K006,S1_resample,60,,76,0.95
R2_bearing_holdout,K006,S1_resample,60,,77,0.85
R2_bearing_holdout,K006,S1_resample,60,,78,0.85
R2_bearing_holdout,K006,S1_resample,60,,79,1.0
R2_bearing_holdout,K006,S1_resample,60,,80,0.95
R2_bearing_holdout,K006,S1_resample,60,,81,0.9
R2_bearing_holdout,K006,S1_resample,60,,82,0.9
R2_bearing_holdout,K006,S1_resample,60,,83,0.8
R2_bearing_holdout,K006,S1_resample,60,,84,0.95
R2_bearing_holdout,K006,S1_resample,60,,85,0.95
R2_bearing_holdout,K006,S1_resample,60,,86,0.8
R2_bearing_holdout,K006,S1_resample,60,,87,0.8
R2_bearing_holdout,K006,S1_resample,60,,88,0.8
R2_bearing_holdout,K006,S1_resample,60,,89,0.85
R2_bearing_holdout,K006,S1_resample,60,,90,0.85
R2_bearing_holdout,K006,S1_resample,60,,91,0.8
R2_bearing_holdout,K006,S1_resample,60,,92,0.95
R2_bearing_holdout,K006,S1_resample,60,,93,0.8
R2_bearing_holdout,K006,S1_resample,60,,94,0.9
R2_bearing_holdout,K006,S1_resample,60,,95,0.95
R2_bearing_holdout,K006,S1_resample,60,,96,0.9
R2_bearing_holdout,K006,S1_resample,60,,97,0.95
R2_bearing_holdout,K006,S1_resample,60,,98,0.75
R2_bearing_holdout,K006,S1_resample,60,,99,0.95
R2_bearing_holdout,K006,S1_resample,80,,0,0.95
R2_bearing_holdout,K006,S1_resample,80,,1,0.8
R2_bearing_holdout,K006,S1_resample,80,,2,0.95
R2_bearing_holdout,K006,S1_resample,80,,3,0.8
R2_bearing_holdout,K006,S1_resample,80,,4,0.9
R2_bearing_holdout,K006,S1_resample,80,,5,0.85
R2_bearing_holdout,K006,S1_resample,80,,6,0.85
R2_bearing_holdout,K006,S1_resample,80,,7,0.85
R2_bearing_holdout,K006,S1_resample,80,,8,0.9
R2_bearing_holdout,K006,S1_resample,80,,9,0.9
R2_bearing_holdout,K006,S1_resample,80,,10,0.8
R2_bearing_holdout,K006,S1_resample,80,,11,0.85
R2_bearing_holdout,K006,S1_resample,80,,12,0.9
R2_bearing_holdout,K006,S1_resample,80,,13,0.95
R2_bearing_holdout,K006,S1_resample,80,,14,0.95
R2_bearing_holdout,K006,S1_resample,80,,15,0.85
R2_bearing_holdout,K006,S1_resample,80,,16,0.85
R2_bearing_holdout,K006,S1_resample,80,,17,0.9
R2_bearing_holdout,K006,S1_resample,80,,18,0.8
R2_bearing_holdout,K006,S1_resample,80,,19,0.8
R2_bearing_holdout,K006,S1_resample,80,,20,0.9
R2_bearing_holdout,K006,S1_resample,80,,21,0.8
R2_bearing_holdout,K006,S1_resample,80,,22,0.8
R2_bearing_holdout,K006,S1_resample,80,,23,0.85
R2_bearing_holdout,K006,S1_resample,80,,24,0.9
R2_bearing_holdout,K006,S1_resample,80,,25,0.8
R2_bearing_holdout,K006,S1_resample,80,,26,0.95
R2_bearing_holdout,K006,S1_resample,80,,27,0.85
R2_bearing_holdout,K006,S1_resample,80,,28,0.8
R2_bearing_holdout,K006,S1_resample,80,,29,0.85
R2_bearing_holdout,K006,S1_resample,80,,30,0.95
R2_bearing_holdout,K006,S1_resample,80,,31,0.85
R2_bearing_holdout,K006,S1_resample,80,,32,0.8
R2_bearing_holdout,K006,S1_resample,80,,33,0.95
R2_bearing_holdout,K006,S1_resample,80,,34,0.95
R2_bearing_holdout,K006,S1_resample,80,,35,0.85
R2_bearing_holdout,K006,S1_resample,80,,36,0.85
R2_bearing_holdout,K006,S1_resample,80,,37,0.9
R2_bearing_holdout,K006,S1_resample,80,,38,0.85
R2_bearing_holdout,K006,S1_resample,80,,39,0.8
R2_bearing_holdout,K006,S1_resample,80,,40,0.8
R2_bearing_holdout,K006,S1_resample,80,,41,0.9
R2_bearing_holdout,K006,S1_resample,80,,42,0.9
R2_bearing_holdout,K006,S1_resample,80,,43,0.9
R2_bearing_holdout,K006,S1_resample,80,,44,0.8
R2_bearing_holdout,K006,S1_resample,80,,45,0.8
R2_bearing_holdout,K006,S1_resample,80,,46,0.8
R2_bearing_holdout,K006,S1_resample,80,,47,0.9
R2_bearing_holdout,K006,S1_resample,80,,48,0.8
R2_bearing_holdout,K006,S1_resample,80,,49,0.95
R2_bearing_holdout,K006,S1_resample,80,,50,0.95
R2_bearing_holdout,K006,S1_resample,80,,51,0.85
R2_bearing_holdout,K006,S1_resample,80,,52,0.8
R2_bearing_holdout,K006,S1_resample,80,,53,0.95
R2_bearing_holdout,K006,S1_resample,80,,54,1.0
R2_bearing_holdout,K006,S1_resample,80,,55,0.95
R2_bearing_holdout,K006,S1_resample,80,,56,0.85
R2_bearing_holdout,K006,S1_resample,80,,57,0.85
R2_bearing_holdout,K006,S1_resample,80,,58,0.95
R2_bearing_holdout,K006,S1_resample,80,,59,0.85
R2_bearing_holdout,K006,S1_resample,80,,60,0.85
R2_bearing_holdout,K006,S1_resample,80,,61,0.95
R2_bearing_holdout,K006,S1_resample,80,,62,0.8
R2_bearing_holdout,K006,S1_resample,80,,63,0.85
R2_bearing_holdout,K006,S1_resample,80,,64,0.9
R2_bearing_holdout,K006,S1_resample,80,,65,0.85
R2_bearing_holdout,K006,S1_resample,80,,66,0.95
R2_bearing_holdout,K006,S1_resample,80,,67,0.95
R2_bearing_holdout,K006,S1_resample,80,,68,0.8
R2_bearing_holdout,K006,S1_resample,80,,69,0.9
R2_bearing_holdout,K006,S1_resample,80,,70,0.85
R2_bearing_holdout,K006,S1_resample,80,,71,0.8
R2_bearing_holdout,K006,S1_resample,80,,72,0.95
R2_bearing_holdout,K006,S1_resample,80,,73,0.85
R2_bearing_holdout,K006,S1_resample,80,,74,0.9
R2_bearing_holdout,K006,S1_resample,80,,75,0.85
R2_bearing_holdout,K006,S1_resample,80,,76,0.9
R2_bearing_holdout,K006,S1_resample,80,,77,0.95
R2_bearing_holdout,K006,S1_resample,80,,78,0.8
R2_bearing_holdout,K006,S1_resample,80,,79,0.85
R2_bearing_holdout,K006,S1_resample,80,,80,0.95
R2_bearing_holdout,K006,S1_resample,80,,81,0.9
R2_bearing_holdout,K006,S1_resample,80,,82,0.9
R2_bearing_holdout,K006,S1_resample,80,,83,0.95
R2_bearing_holdout,K006,S1_resample,80,,84,0.9
R2_bearing_holdout,K006,S1_resample,80,,85,0.8
R2_bearing_holdout,K006,S1_resample,80,,86,0.8
R2_bearing_holdout,K006,S1_resample,80,,87,0.95
R2_bearing_holdout,K006,S1_resample,80,,88,0.8
R2_bearing_holdout,K006,S1_resample,80,,89,0.95
R2_bearing_holdout,K006,S1_resample,80,,90,0.8
R2_bearing_holdout,K006,S1_resample,80,,91,0.85
R2_bearing_holdout,K006,S1_resample,80,,92,0.95
R2_bearing_holdout,K006,S1_resample,80,,93,0.95
R2_bearing_holdout,K006,S1_resample,80,,94,0.8
R2_bearing_holdout,K006,S1_resample,80,,95,0.95
R2_bearing_holdout,K006,S1_resample,80,,96,0.9
R2_bearing_holdout,K006,S1_resample,80,,97,0.85
R2_bearing_holdout,K006,S1_resample,80,,98,0.9
R2_bearing_holdout,K006,S1_resample,80,,99,0.9
R2_bearing_holdout,K006,S1_resample,96,,0,0.95
R2_bearing_holdout,K006,S1_resample,96,,1,0.75
R2_bearing_holdout,K006,S1_resample,96,,2,0.9
R2_bearing_holdout,K006,S1_resample,96,,3,0.8
R2_bearing_holdout,K006,S1_resample,96,,4,0.85
R2_bearing_holdout,K006,S1_resample,96,,5,0.7
R2_bearing_holdout,K006,S1_resample,96,,6,0.85
R2_bearing_holdout,K006,S1_resample,96,,7,0.85
R2_bearing_holdout,K006,S1_resample,96,,8,0.9
R2_bearing_holdout,K006,S1_resample,96,,9,0.95
R2_bearing_holdout,K006,S1_resample,96,,10,0.9
R2_bearing_holdout,K006,S1_resample,96,,11,0.85
R2_bearing_holdout,K006,S1_resample,96,,12,0.85
R2_bearing_holdout,K006,S1_resample,96,,13,0.85
R2_bearing_holdout,K006,S1_resample,96,,14,0.9
R2_bearing_holdout,K006,S1_resample,96,,15,0.8
R2_bearing_holdout,K006,S1_resample,96,,16,1.0
R2_bearing_holdout,K006,S1_resample,96,,17,0.8
R2_bearing_holdout,K006,S1_resample,96,,18,0.75
R2_bearing_holdout,K006,S1_resample,96,,19,0.8
R2_bearing_holdout,K006,S1_resample,96,,20,0.9
R2_bearing_holdout,K006,S1_resample,96,,21,0.8
R2_bearing_holdout,K006,S1_resample,96,,22,0.8
R2_bearing_holdout,K006,S1_resample,96,,23,0.8
R2_bearing_holdout,K006,S1_resample,96,,24,0.95
R2_bearing_holdout,K006,S1_resample,96,,25,0.8
R2_bearing_holdout,K006,S1_resample,96,,26,0.9
R2_bearing_holdout,K006,S1_resample,96,,27,0.9
R2_bearing_holdout,K006,S1_resample,96,,28,0.8
R2_bearing_holdout,K006,S1_resample,96,,29,0.75
R2_bearing_holdout,K006,S1_resample,96,,30,0.85
R2_bearing_holdout,K006,S1_resample,96,,31,0.9
R2_bearing_holdout,K006,S1_resample,96,,32,0.8
R2_bearing_holdout,K006,S1_resample,96,,33,1.0
R2_bearing_holdout,K006,S1_resample,96,,34,0.9
R2_bearing_holdout,K006,S1_resample,96,,35,0.8
R2_bearing_holdout,K006,S1_resample,96,,36,0.8
R2_bearing_holdout,K006,S1_resample,96,,37,0.95
R2_bearing_holdout,K006,S1_resample,96,,38,0.55
R2_bearing_holdout,K006,S1_resample,96,,39,0.9
R2_bearing_holdout,K006,S1_resample,96,,40,0.8
R2_bearing_holdout,K006,S1_resample,96,,41,0.85
R2_bearing_holdout,K006,S1_resample,96,,42,0.85
R2_bearing_holdout,K006,S1_resample,96,,43,0.85
R2_bearing_holdout,K006,S1_resample,96,,44,0.85
R2_bearing_holdout,K006,S1_resample,96,,45,0.9
R2_bearing_holdout,K006,S1_resample,96,,46,0.8
R2_bearing_holdout,K006,S1_resample,96,,47,0.8
R2_bearing_holdout,K006,S1_resample,96,,48,0.8
R2_bearing_holdout,K006,S1_resample,96,,49,0.85
R2_bearing_holdout,K006,S1_resample,96,,50,0.9
R2_bearing_holdout,K006,S1_resample,96,,51,0.8
R2_bearing_holdout,K006,S1_resample,96,,52,0.85
R2_bearing_holdout,K006,S1_resample,96,,53,0.8
R2_bearing_holdout,K006,S1_resample,96,,54,0.9
R2_bearing_holdout,K006,S1_resample,96,,55,0.85
R2_bearing_holdout,K006,S1_resample,96,,56,0.9
R2_bearing_holdout,K006,S1_resample,96,,57,0.8
R2_bearing_holdout,K006,S1_resample,96,,58,0.8
R2_bearing_holdout,K006,S1_resample,96,,59,0.95
R2_bearing_holdout,K006,S1_resample,96,,60,0.8
R2_bearing_holdout,K006,S1_resample,96,,61,0.8
R2_bearing_holdout,K006,S1_resample,96,,62,0.8
R2_bearing_holdout,K006,S1_resample,96,,63,0.8
R2_bearing_holdout,K006,S1_resample,96,,64,0.85
R2_bearing_holdout,K006,S1_resample,96,,65,0.75
R2_bearing_holdout,K006,S1_resample,96,,66,0.8
R2_bearing_holdout,K006,S1_resample,96,,67,0.95
R2_bearing_holdout,K006,S1_resample,96,,68,0.85
R2_bearing_holdout,K006,S1_resample,96,,69,0.9
R2_bearing_holdout,K006,S1_resample,96,,70,0.95
R2_bearing_holdout,K006,S1_resample,96,,71,0.85
R2_bearing_holdout,K006,S1_resample,96,,72,0.8
R2_bearing_holdout,K006,S1_resample,96,,73,0.8
R2_bearing_holdout,K006,S1_resample,96,,74,0.85
R2_bearing_holdout,K006,S1_resample,96,,75,0.85
R2_bearing_holdout,K006,S1_resample,96,,76,0.85
R2_bearing_holdout,K006,S1_resample,96,,77,0.85
R2_bearing_holdout,K006,S1_resample,96,,78,0.85
R2_bearing_holdout,K006,S1_resample,96,,79,0.85
R2_bearing_holdout,K006,S1_resample,96,,80,0.85
R2_bearing_holdout,K006,S1_resample,96,,81,0.8
R2_bearing_holdout,K006,S1_resample,96,,82,1.0
R2_bearing_holdout,K006,S1_resample,96,,83,0.8
R2_bearing_holdout,K006,S1_resample,96,,84,0.7
R2_bearing_holdout,K006,S1_resample,96,,85,0.9
R2_bearing_holdout,K006,S1_resample,96,,86,0.85
R2_bearing_holdout,K006,S1_resample,96,,87,0.8
R2_bearing_holdout,K006,S1_resample,96,,88,0.8
R2_bearing_holdout,K006,S1_resample,96,,89,0.85
R2_bearing_holdout,K006,S1_resample,96,,90,0.9
R2_bearing_holdout,K006,S1_resample,96,,91,0.85
R2_bearing_holdout,K006,S1_resample,96,,92,0.85
R2_bearing_holdout,K006,S1_resample,96,,93,0.9
R2_bearing_holdout,K006,S1_resample,96,,94,1.0
R2_bearing_holdout,K006,S1_resample,96,,95,0.95
R2_bearing_holdout,K006,S1_resample,96,,96,0.8
R2_bearing_holdout,K006,S1_resample,96,,97,0.8
R2_bearing_holdout,K006,S1_resample,96,,98,0.85
R2_bearing_holdout,K006,S1_resample,96,,99,0.85
R2_bearing_holdout,K006,S2_new_records,10,,0,0.0
R2_bearing_holdout,K006,S2_new_records,10,,1,0.0
R2_bearing_holdout,K006,S2_new_records,10,,2,0.05
R2_bearing_holdout,K006,S2_new_records,10,,3,0.0
R2_bearing_holdout,K006,S2_new_records,10,,4,0.0
R2_bearing_holdout,K006,S2_new_records,10,,5,0.85
R2_bearing_holdout,K006,S2_new_records,10,,6,0.0
R2_bearing_holdout,K006,S2_new_records,10,,7,0.15
R2_bearing_holdout,K006,S2_new_records,10,,8,0.0
R2_bearing_holdout,K006,S2_new_records,10,,9,0.1
R2_bearing_holdout,K006,S2_new_records,10,,10,0.0
R2_bearing_holdout,K006,S2_new_records,10,,11,0.0
R2_bearing_holdout,K006,S2_new_records,10,,12,0.0
R2_bearing_holdout,K006,S2_new_records,10,,13,0.0
R2_bearing_holdout,K006,S2_new_records,10,,14,0.0
R2_bearing_holdout,K006,S2_new_records,10,,15,0.0
R2_bearing_holdout,K006,S2_new_records,10,,16,0.0
R2_bearing_holdout,K006,S2_new_records,10,,17,0.1
R2_bearing_holdout,K006,S2_new_records,10,,18,0.0
R2_bearing_holdout,K006,S2_new_records,10,,19,0.0
R2_bearing_holdout,K006,S2_new_records,10,,20,0.7
R2_bearing_holdout,K006,S2_new_records,10,,21,0.0
R2_bearing_holdout,K006,S2_new_records,10,,22,0.0
R2_bearing_holdout,K006,S2_new_records,10,,23,0.05
R2_bearing_holdout,K006,S2_new_records,10,,24,0.8
R2_bearing_holdout,K006,S2_new_records,10,,25,0.0
R2_bearing_holdout,K006,S2_new_records,10,,26,0.9
R2_bearing_holdout,K006,S2_new_records,10,,27,0.0
R2_bearing_holdout,K006,S2_new_records,10,,28,0.1
R2_bearing_holdout,K006,S2_new_records,10,,29,0.0
R2_bearing_holdout,K006,S2_new_records,10,,30,0.0
R2_bearing_holdout,K006,S2_new_records,10,,31,0.4
R2_bearing_holdout,K006,S2_new_records,10,,32,0.0
R2_bearing_holdout,K006,S2_new_records,10,,33,0.0
R2_bearing_holdout,K006,S2_new_records,10,,34,0.0
R2_bearing_holdout,K006,S2_new_records,10,,35,0.0
R2_bearing_holdout,K006,S2_new_records,10,,36,0.05
R2_bearing_holdout,K006,S2_new_records,10,,37,0.0
R2_bearing_holdout,K006,S2_new_records,10,,38,0.0
R2_bearing_holdout,K006,S2_new_records,10,,39,0.0
R2_bearing_holdout,K006,S2_new_records,10,,40,0.0
R2_bearing_holdout,K006,S2_new_records,10,,41,0.0
R2_bearing_holdout,K006,S2_new_records,10,,42,0.0
R2_bearing_holdout,K006,S2_new_records,10,,43,0.0
R2_bearing_holdout,K006,S2_new_records,10,,44,0.0
R2_bearing_holdout,K006,S2_new_records,10,,45,0.0
R2_bearing_holdout,K006,S2_new_records,10,,46,0.0
R2_bearing_holdout,K006,S2_new_records,10,,47,0.0
R2_bearing_holdout,K006,S2_new_records,10,,48,0.0
R2_bearing_holdout,K006,S2_new_records,10,,49,0.0
R2_bearing_holdout,K006,S2_new_records,10,,50,0.0
R2_bearing_holdout,K006,S2_new_records,10,,51,0.0
R2_bearing_holdout,K006,S2_new_records,10,,52,0.0
R2_bearing_holdout,K006,S2_new_records,10,,53,0.0
R2_bearing_holdout,K006,S2_new_records,10,,54,0.0
R2_bearing_holdout,K006,S2_new_records,10,,55,0.0
R2_bearing_holdout,K006,S2_new_records,10,,56,0.0
R2_bearing_holdout,K006,S2_new_records,10,,57,0.0
R2_bearing_holdout,K006,S2_new_records,10,,58,0.0
R2_bearing_holdout,K006,S2_new_records,10,,59,0.3
R2_bearing_holdout,K006,S2_new_records,10,,60,0.75
R2_bearing_holdout,K006,S2_new_records,10,,61,0.25
R2_bearing_holdout,K006,S2_new_records,10,,62,0.0
R2_bearing_holdout,K006,S2_new_records,10,,63,0.0
R2_bearing_holdout,K006,S2_new_records,10,,64,0.2
R2_bearing_holdout,K006,S2_new_records,10,,65,0.0
R2_bearing_holdout,K006,S2_new_records,10,,66,0.0
R2_bearing_holdout,K006,S2_new_records,10,,67,0.0
R2_bearing_holdout,K006,S2_new_records,10,,68,0.8
R2_bearing_holdout,K006,S2_new_records,10,,69,0.0
R2_bearing_holdout,K006,S2_new_records,10,,70,0.0
R2_bearing_holdout,K006,S2_new_records,10,,71,0.0
R2_bearing_holdout,K006,S2_new_records,10,,72,0.2
R2_bearing_holdout,K006,S2_new_records,10,,73,0.4
R2_bearing_holdout,K006,S2_new_records,10,,74,0.1
R2_bearing_holdout,K006,S2_new_records,10,,75,0.0
R2_bearing_holdout,K006,S2_new_records,10,,76,0.0
R2_bearing_holdout,K006,S2_new_records,10,,77,0.0
R2_bearing_holdout,K006,S2_new_records,10,,78,0.0
R2_bearing_holdout,K006,S2_new_records,10,,79,0.0
R2_bearing_holdout,K006,S2_new_records,10,,80,0.0
R2_bearing_holdout,K006,S2_new_records,10,,81,0.0
R2_bearing_holdout,K006,S2_new_records,10,,82,0.0
R2_bearing_holdout,K006,S2_new_records,10,,83,0.0
R2_bearing_holdout,K006,S2_new_records,10,,84,0.0
R2_bearing_holdout,K006,S2_new_records,10,,85,0.0
R2_bearing_holdout,K006,S2_new_records,10,,86,0.45
R2_bearing_holdout,K006,S2_new_records,10,,87,0.45
R2_bearing_holdout,K006,S2_new_records,10,,88,0.0
R2_bearing_holdout,K006,S2_new_records,10,,89,0.0
R2_bearing_holdout,K006,S2_new_records,10,,90,0.0
R2_bearing_holdout,K006,S2_new_records,10,,91,0.0
R2_bearing_holdout,K006,S2_new_records,10,,92,0.0
R2_bearing_holdout,K006,S2_new_records,10,,93,0.0
R2_bearing_holdout,K006,S2_new_records,10,,94,0.0
R2_bearing_holdout,K006,S2_new_records,10,,95,0.3
R2_bearing_holdout,K006,S2_new_records,10,,96,0.0
R2_bearing_holdout,K006,S2_new_records,10,,97,0.0
R2_bearing_holdout,K006,S2_new_records,10,,98,0.05
R2_bearing_holdout,K006,S2_new_records,10,,99,0.4
R2_bearing_holdout,K006,S2_new_records,20,,0,0.0
R2_bearing_holdout,K006,S2_new_records,20,,1,0.0
R2_bearing_holdout,K006,S2_new_records,20,,2,0.0
R2_bearing_holdout,K006,S2_new_records,20,,3,0.55
R2_bearing_holdout,K006,S2_new_records,20,,4,0.0
R2_bearing_holdout,K006,S2_new_records,20,,5,0.0
R2_bearing_holdout,K006,S2_new_records,20,,6,0.0
R2_bearing_holdout,K006,S2_new_records,20,,7,0.05
R2_bearing_holdout,K006,S2_new_records,20,,8,0.0
R2_bearing_holdout,K006,S2_new_records,20,,9,0.0
R2_bearing_holdout,K006,S2_new_records,20,,10,0.0
R2_bearing_holdout,K006,S2_new_records,20,,11,0.0
R2_bearing_holdout,K006,S2_new_records,20,,12,0.0
R2_bearing_holdout,K006,S2_new_records,20,,13,0.0
R2_bearing_holdout,K006,S2_new_records,20,,14,0.0
R2_bearing_holdout,K006,S2_new_records,20,,15,0.0
R2_bearing_holdout,K006,S2_new_records,20,,16,0.0
R2_bearing_holdout,K006,S2_new_records,20,,17,0.0
R2_bearing_holdout,K006,S2_new_records,20,,18,0.0
R2_bearing_holdout,K006,S2_new_records,20,,19,0.0
R2_bearing_holdout,K006,S2_new_records,20,,20,0.0
R2_bearing_holdout,K006,S2_new_records,20,,21,0.0
R2_bearing_holdout,K006,S2_new_records,20,,22,0.0
R2_bearing_holdout,K006,S2_new_records,20,,23,0.0
R2_bearing_holdout,K006,S2_new_records,20,,24,0.0
R2_bearing_holdout,K006,S2_new_records,20,,25,0.0
R2_bearing_holdout,K006,S2_new_records,20,,26,0.0
R2_bearing_holdout,K006,S2_new_records,20,,27,0.0
R2_bearing_holdout,K006,S2_new_records,20,,28,0.0
R2_bearing_holdout,K006,S2_new_records,20,,29,0.0
R2_bearing_holdout,K006,S2_new_records,20,,30,0.0
R2_bearing_holdout,K006,S2_new_records,20,,31,0.0
R2_bearing_holdout,K006,S2_new_records,20,,32,0.0
R2_bearing_holdout,K006,S2_new_records,20,,33,0.0
R2_bearing_holdout,K006,S2_new_records,20,,34,0.0
R2_bearing_holdout,K006,S2_new_records,20,,35,0.0
R2_bearing_holdout,K006,S2_new_records,20,,36,0.0
R2_bearing_holdout,K006,S2_new_records,20,,37,0.0
R2_bearing_holdout,K006,S2_new_records,20,,38,0.0
R2_bearing_holdout,K006,S2_new_records,20,,39,0.0
R2_bearing_holdout,K006,S2_new_records,20,,40,0.0
R2_bearing_holdout,K006,S2_new_records,20,,41,0.0
R2_bearing_holdout,K006,S2_new_records,20,,42,0.0
R2_bearing_holdout,K006,S2_new_records,20,,43,0.0
R2_bearing_holdout,K006,S2_new_records,20,,44,0.0
R2_bearing_holdout,K006,S2_new_records,20,,45,0.0
R2_bearing_holdout,K006,S2_new_records,20,,46,0.0
R2_bearing_holdout,K006,S2_new_records,20,,47,0.0
R2_bearing_holdout,K006,S2_new_records,20,,48,0.0
R2_bearing_holdout,K006,S2_new_records,20,,49,0.0
R2_bearing_holdout,K006,S2_new_records,20,,50,0.0
R2_bearing_holdout,K006,S2_new_records,20,,51,0.0
R2_bearing_holdout,K006,S2_new_records,20,,52,0.0
R2_bearing_holdout,K006,S2_new_records,20,,53,0.0
R2_bearing_holdout,K006,S2_new_records,20,,54,0.0
R2_bearing_holdout,K006,S2_new_records,20,,55,0.0
R2_bearing_holdout,K006,S2_new_records,20,,56,0.1
R2_bearing_holdout,K006,S2_new_records,20,,57,0.0
R2_bearing_holdout,K006,S2_new_records,20,,58,0.0
R2_bearing_holdout,K006,S2_new_records,20,,59,0.0
R2_bearing_holdout,K006,S2_new_records,20,,60,0.0
R2_bearing_holdout,K006,S2_new_records,20,,61,0.0
R2_bearing_holdout,K006,S2_new_records,20,,62,0.0
R2_bearing_holdout,K006,S2_new_records,20,,63,0.0
R2_bearing_holdout,K006,S2_new_records,20,,64,0.0
R2_bearing_holdout,K006,S2_new_records,20,,65,0.0
R2_bearing_holdout,K006,S2_new_records,20,,66,0.0
R2_bearing_holdout,K006,S2_new_records,20,,67,0.0
R2_bearing_holdout,K006,S2_new_records,20,,68,0.0
R2_bearing_holdout,K006,S2_new_records,20,,69,0.0
R2_bearing_holdout,K006,S2_new_records,20,,70,0.0
R2_bearing_holdout,K006,S2_new_records,20,,71,0.05
R2_bearing_holdout,K006,S2_new_records,20,,72,0.0
R2_bearing_holdout,K006,S2_new_records,20,,73,0.0
R2_bearing_holdout,K006,S2_new_records,20,,74,0.05
R2_bearing_holdout,K006,S2_new_records,20,,75,0.0
R2_bearing_holdout,K006,S2_new_records,20,,76,0.0
R2_bearing_holdout,K006,S2_new_records,20,,77,0.05
R2_bearing_holdout,K006,S2_new_records,20,,78,0.0
R2_bearing_holdout,K006,S2_new_records,20,,79,0.0
R2_bearing_holdout,K006,S2_new_records,20,,80,0.0
R2_bearing_holdout,K006,S2_new_records,20,,81,0.0
R2_bearing_holdout,K006,S2_new_records,20,,82,0.0
R2_bearing_holdout,K006,S2_new_records,20,,83,0.0
R2_bearing_holdout,K006,S2_new_records,20,,84,0.0
R2_bearing_holdout,K006,S2_new_records,20,,85,0.0
R2_bearing_holdout,K006,S2_new_records,20,,86,0.0
R2_bearing_holdout,K006,S2_new_records,20,,87,0.0
R2_bearing_holdout,K006,S2_new_records,20,,88,0.0
R2_bearing_holdout,K006,S2_new_records,20,,89,0.0
R2_bearing_holdout,K006,S2_new_records,20,,90,0.0
R2_bearing_holdout,K006,S2_new_records,20,,91,0.0
R2_bearing_holdout,K006,S2_new_records,20,,92,0.0
R2_bearing_holdout,K006,S2_new_records,20,,93,0.0
R2_bearing_holdout,K006,S2_new_records,20,,94,0.0
R2_bearing_holdout,K006,S2_new_records,20,,95,0.0
R2_bearing_holdout,K006,S2_new_records,20,,96,0.0
R2_bearing_holdout,K006,S2_new_records,20,,97,0.0
R2_bearing_holdout,K006,S2_new_records,20,,98,0.0
R2_bearing_holdout,K006,S2_new_records,20,,99,0.0
R2_bearing_holdout,K006,S2_new_records,40,,0,0.0
R2_bearing_holdout,K006,S2_new_records,40,,1,0.0
R2_bearing_holdout,K006,S2_new_records,40,,2,0.0
R2_bearing_holdout,K006,S2_new_records,40,,3,0.0
R2_bearing_holdout,K006,S2_new_records,40,,4,0.0
R2_bearing_holdout,K006,S2_new_records,40,,5,0.0
R2_bearing_holdout,K006,S2_new_records,40,,6,0.0
R2_bearing_holdout,K006,S2_new_records,40,,7,0.0
R2_bearing_holdout,K006,S2_new_records,40,,8,0.0
R2_bearing_holdout,K006,S2_new_records,40,,9,0.0
R2_bearing_holdout,K006,S2_new_records,40,,10,0.0
R2_bearing_holdout,K006,S2_new_records,40,,11,0.0
R2_bearing_holdout,K006,S2_new_records,40,,12,0.0
R2_bearing_holdout,K006,S2_new_records,40,,13,0.0
R2_bearing_holdout,K006,S2_new_records,40,,14,0.0
R2_bearing_holdout,K006,S2_new_records,40,,15,0.0
R2_bearing_holdout,K006,S2_new_records,40,,16,0.0
R2_bearing_holdout,K006,S2_new_records,40,,17,0.0
R2_bearing_holdout,K006,S2_new_records,40,,18,0.0
R2_bearing_holdout,K006,S2_new_records,40,,19,0.0
R2_bearing_holdout,K006,S2_new_records,40,,20,0.0
R2_bearing_holdout,K006,S2_new_records,40,,21,0.0
R2_bearing_holdout,K006,S2_new_records,40,,22,0.0
R2_bearing_holdout,K006,S2_new_records,40,,23,0.0
R2_bearing_holdout,K006,S2_new_records,40,,24,0.0
R2_bearing_holdout,K006,S2_new_records,40,,25,0.0
R2_bearing_holdout,K006,S2_new_records,40,,26,0.0
R2_bearing_holdout,K006,S2_new_records,40,,27,0.0
R2_bearing_holdout,K006,S2_new_records,40,,28,0.0
R2_bearing_holdout,K006,S2_new_records,40,,29,0.0
R2_bearing_holdout,K006,S2_new_records,40,,30,0.0
R2_bearing_holdout,K006,S2_new_records,40,,31,0.0
R2_bearing_holdout,K006,S2_new_records,40,,32,0.0
R2_bearing_holdout,K006,S2_new_records,40,,33,0.0
R2_bearing_holdout,K006,S2_new_records,40,,34,0.0
R2_bearing_holdout,K006,S2_new_records,40,,35,0.0
R2_bearing_holdout,K006,S2_new_records,40,,36,0.0
R2_bearing_holdout,K006,S2_new_records,40,,37,0.0
R2_bearing_holdout,K006,S2_new_records,40,,38,0.0
R2_bearing_holdout,K006,S2_new_records,40,,39,0.0
R2_bearing_holdout,K006,S2_new_records,40,,40,0.0
R2_bearing_holdout,K006,S2_new_records,40,,41,0.0
R2_bearing_holdout,K006,S2_new_records,40,,42,0.0
R2_bearing_holdout,K006,S2_new_records,40,,43,0.0
R2_bearing_holdout,K006,S2_new_records,40,,44,0.0
R2_bearing_holdout,K006,S2_new_records,40,,45,0.0
R2_bearing_holdout,K006,S2_new_records,40,,46,0.0
R2_bearing_holdout,K006,S2_new_records,40,,47,0.0
R2_bearing_holdout,K006,S2_new_records,40,,48,0.0
R2_bearing_holdout,K006,S2_new_records,40,,49,0.0
R2_bearing_holdout,K006,S2_new_records,40,,50,0.0
R2_bearing_holdout,K006,S2_new_records,40,,51,0.0
R2_bearing_holdout,K006,S2_new_records,40,,52,0.0
R2_bearing_holdout,K006,S2_new_records,40,,53,0.0
R2_bearing_holdout,K006,S2_new_records,40,,54,0.0
R2_bearing_holdout,K006,S2_new_records,40,,55,0.0
R2_bearing_holdout,K006,S2_new_records,40,,56,0.0
R2_bearing_holdout,K006,S2_new_records,40,,57,0.0
R2_bearing_holdout,K006,S2_new_records,40,,58,0.0
R2_bearing_holdout,K006,S2_new_records,40,,59,0.0
R2_bearing_holdout,K006,S2_new_records,40,,60,0.0
R2_bearing_holdout,K006,S2_new_records,40,,61,0.0
R2_bearing_holdout,K006,S2_new_records,40,,62,0.0
R2_bearing_holdout,K006,S2_new_records,40,,63,0.0
R2_bearing_holdout,K006,S2_new_records,40,,64,0.0
R2_bearing_holdout,K006,S2_new_records,40,,65,0.0
R2_bearing_holdout,K006,S2_new_records,40,,66,0.0
R2_bearing_holdout,K006,S2_new_records,40,,67,0.0
R2_bearing_holdout,K006,S2_new_records,40,,68,0.0
R2_bearing_holdout,K006,S2_new_records,40,,69,0.0
R2_bearing_holdout,K006,S2_new_records,40,,70,0.0
R2_bearing_holdout,K006,S2_new_records,40,,71,0.0
R2_bearing_holdout,K006,S2_new_records,40,,72,0.0
R2_bearing_holdout,K006,S2_new_records,40,,73,0.0
R2_bearing_holdout,K006,S2_new_records,40,,74,0.0
R2_bearing_holdout,K006,S2_new_records,40,,75,0.0
R2_bearing_holdout,K006,S2_new_records,40,,76,0.0
R2_bearing_holdout,K006,S2_new_records,40,,77,0.0
R2_bearing_holdout,K006,S2_new_records,40,,78,0.0
R2_bearing_holdout,K006,S2_new_records,40,,79,0.0
R2_bearing_holdout,K006,S2_new_records,40,,80,0.0
R2_bearing_holdout,K006,S2_new_records,40,,81,0.0
R2_bearing_holdout,K006,S2_new_records,40,,82,0.0
R2_bearing_holdout,K006,S2_new_records,40,,83,0.0
R2_bearing_holdout,K006,S2_new_records,40,,84,0.0
R2_bearing_holdout,K006,S2_new_records,40,,85,0.0
R2_bearing_holdout,K006,S2_new_records,40,,86,0.0
R2_bearing_holdout,K006,S2_new_records,40,,87,0.0
R2_bearing_holdout,K006,S2_new_records,40,,88,0.0
R2_bearing_holdout,K006,S2_new_records,40,,89,0.0
R2_bearing_holdout,K006,S2_new_records,40,,90,0.0
R2_bearing_holdout,K006,S2_new_records,40,,91,0.0
R2_bearing_holdout,K006,S2_new_records,40,,92,0.0
R2_bearing_holdout,K006,S2_new_records,40,,93,0.0
R2_bearing_holdout,K006,S2_new_records,40,,94,0.0
R2_bearing_holdout,K006,S2_new_records,40,,95,0.0
R2_bearing_holdout,K006,S2_new_records,40,,96,0.0
R2_bearing_holdout,K006,S2_new_records,40,,97,0.0
R2_bearing_holdout,K006,S2_new_records,40,,98,0.0
R2_bearing_holdout,K006,S2_new_records,40,,99,0.0
R2_bearing_holdout,K006,S2_new_records,60,,0,0.0
R2_bearing_holdout,K006,S2_new_records,60,,1,0.0
R2_bearing_holdout,K006,S2_new_records,60,,2,0.0
R2_bearing_holdout,K006,S2_new_records,60,,3,0.0
R2_bearing_holdout,K006,S2_new_records,60,,4,0.0
R2_bearing_holdout,K006,S2_new_records,60,,5,0.0
R2_bearing_holdout,K006,S2_new_records,60,,6,0.0
R2_bearing_holdout,K006,S2_new_records,60,,7,0.0
R2_bearing_holdout,K006,S2_new_records,60,,8,0.0
R2_bearing_holdout,K006,S2_new_records,60,,9,0.0
R2_bearing_holdout,K006,S2_new_records,60,,10,0.0
R2_bearing_holdout,K006,S2_new_records,60,,11,0.0
R2_bearing_holdout,K006,S2_new_records,60,,12,0.0
R2_bearing_holdout,K006,S2_new_records,60,,13,0.0
R2_bearing_holdout,K006,S2_new_records,60,,14,0.0
R2_bearing_holdout,K006,S2_new_records,60,,15,0.0
R2_bearing_holdout,K006,S2_new_records,60,,16,0.0
R2_bearing_holdout,K006,S2_new_records,60,,17,0.0
R2_bearing_holdout,K006,S2_new_records,60,,18,0.0
R2_bearing_holdout,K006,S2_new_records,60,,19,0.0
R2_bearing_holdout,K006,S2_new_records,60,,20,0.0
R2_bearing_holdout,K006,S2_new_records,60,,21,0.0
R2_bearing_holdout,K006,S2_new_records,60,,22,0.0
R2_bearing_holdout,K006,S2_new_records,60,,23,0.0
R2_bearing_holdout,K006,S2_new_records,60,,24,0.0
R2_bearing_holdout,K006,S2_new_records,60,,25,0.0
R2_bearing_holdout,K006,S2_new_records,60,,26,0.0
R2_bearing_holdout,K006,S2_new_records,60,,27,0.0
R2_bearing_holdout,K006,S2_new_records,60,,28,0.0
R2_bearing_holdout,K006,S2_new_records,60,,29,0.0
R2_bearing_holdout,K006,S2_new_records,60,,30,0.0
R2_bearing_holdout,K006,S2_new_records,60,,31,0.0
R2_bearing_holdout,K006,S2_new_records,60,,32,0.0
R2_bearing_holdout,K006,S2_new_records,60,,33,0.0
R2_bearing_holdout,K006,S2_new_records,60,,34,0.0
R2_bearing_holdout,K006,S2_new_records,60,,35,0.0
R2_bearing_holdout,K006,S2_new_records,60,,36,0.0
R2_bearing_holdout,K006,S2_new_records,60,,37,0.0
R2_bearing_holdout,K006,S2_new_records,60,,38,0.0
R2_bearing_holdout,K006,S2_new_records,60,,39,0.0
R2_bearing_holdout,K006,S2_new_records,60,,40,0.0
R2_bearing_holdout,K006,S2_new_records,60,,41,0.0
R2_bearing_holdout,K006,S2_new_records,60,,42,0.0
R2_bearing_holdout,K006,S2_new_records,60,,43,0.0
R2_bearing_holdout,K006,S2_new_records,60,,44,0.0
R2_bearing_holdout,K006,S2_new_records,60,,45,0.0
R2_bearing_holdout,K006,S2_new_records,60,,46,0.0
R2_bearing_holdout,K006,S2_new_records,60,,47,0.0
R2_bearing_holdout,K006,S2_new_records,60,,48,0.0
R2_bearing_holdout,K006,S2_new_records,60,,49,0.0
R2_bearing_holdout,K006,S2_new_records,60,,50,0.0
R2_bearing_holdout,K006,S2_new_records,60,,51,0.0
R2_bearing_holdout,K006,S2_new_records,60,,52,0.0
R2_bearing_holdout,K006,S2_new_records,60,,53,0.0
R2_bearing_holdout,K006,S2_new_records,60,,54,0.0
R2_bearing_holdout,K006,S2_new_records,60,,55,0.0
R2_bearing_holdout,K006,S2_new_records,60,,56,0.0
R2_bearing_holdout,K006,S2_new_records,60,,57,0.0
R2_bearing_holdout,K006,S2_new_records,60,,58,0.0
R2_bearing_holdout,K006,S2_new_records,60,,59,0.0
R2_bearing_holdout,K006,S2_new_records,60,,60,0.0
R2_bearing_holdout,K006,S2_new_records,60,,61,0.0
R2_bearing_holdout,K006,S2_new_records,60,,62,0.0
R2_bearing_holdout,K006,S2_new_records,60,,63,0.0
R2_bearing_holdout,K006,S2_new_records,60,,64,0.0
R2_bearing_holdout,K006,S2_new_records,60,,65,0.0
R2_bearing_holdout,K006,S2_new_records,60,,66,0.0
R2_bearing_holdout,K006,S2_new_records,60,,67,0.0
R2_bearing_holdout,K006,S2_new_records,60,,68,0.0
R2_bearing_holdout,K006,S2_new_records,60,,69,0.0
R2_bearing_holdout,K006,S2_new_records,60,,70,0.0
R2_bearing_holdout,K006,S2_new_records,60,,71,0.0
R2_bearing_holdout,K006,S2_new_records,60,,72,0.0
R2_bearing_holdout,K006,S2_new_records,60,,73,0.0
R2_bearing_holdout,K006,S2_new_records,60,,74,0.0
R2_bearing_holdout,K006,S2_new_records,60,,75,0.0
R2_bearing_holdout,K006,S2_new_records,60,,76,0.0
R2_bearing_holdout,K006,S2_new_records,60,,77,0.0
R2_bearing_holdout,K006,S2_new_records,60,,78,0.0
R2_bearing_holdout,K006,S2_new_records,60,,79,0.0
R2_bearing_holdout,K006,S2_new_records,60,,80,0.0
R2_bearing_holdout,K006,S2_new_records,60,,81,0.0
R2_bearing_holdout,K006,S2_new_records,60,,82,0.0
R2_bearing_holdout,K006,S2_new_records,60,,83,0.0
R2_bearing_holdout,K006,S2_new_records,60,,84,0.0
R2_bearing_holdout,K006,S2_new_records,60,,85,0.0
R2_bearing_holdout,K006,S2_new_records,60,,86,0.0
R2_bearing_holdout,K006,S2_new_records,60,,87,0.0
R2_bearing_holdout,K006,S2_new_records,60,,88,0.0
R2_bearing_holdout,K006,S2_new_records,60,,89,0.0
R2_bearing_holdout,K006,S2_new_records,60,,90,0.0
R2_bearing_holdout,K006,S2_new_records,60,,91,0.0
R2_bearing_holdout,K006,S2_new_records,60,,92,0.0
R2_bearing_holdout,K006,S2_new_records,60,,93,0.0
R2_bearing_holdout,K006,S2_new_records,60,,94,0.0
R2_bearing_holdout,K006,S2_new_records,60,,95,0.0
R2_bearing_holdout,K006,S2_new_records,60,,96,0.0
R2_bearing_holdout,K006,S2_new_records,60,,97,0.0
R2_bearing_holdout,K006,S2_new_records,60,,98,0.0
R2_bearing_holdout,K006,S2_new_records,60,,99,0.0
R2_bearing_holdout,K006,S2_new_records,80,,0,0.0
R2_bearing_holdout,K006,S2_new_records,80,,1,0.0
R2_bearing_holdout,K006,S2_new_records,80,,2,0.0
R2_bearing_holdout,K006,S2_new_records,80,,3,0.0
R2_bearing_holdout,K006,S2_new_records,80,,4,0.0
R2_bearing_holdout,K006,S2_new_records,80,,5,0.0
R2_bearing_holdout,K006,S2_new_records,80,,6,0.0
R2_bearing_holdout,K006,S2_new_records,80,,7,0.0
R2_bearing_holdout,K006,S2_new_records,80,,8,0.0
R2_bearing_holdout,K006,S2_new_records,80,,9,0.0
R2_bearing_holdout,K006,S2_new_records,80,,10,0.0
R2_bearing_holdout,K006,S2_new_records,80,,11,0.0
R2_bearing_holdout,K006,S2_new_records,80,,12,0.0
R2_bearing_holdout,K006,S2_new_records,80,,13,0.0
R2_bearing_holdout,K006,S2_new_records,80,,14,0.0
R2_bearing_holdout,K006,S2_new_records,80,,15,0.0
R2_bearing_holdout,K006,S2_new_records,80,,16,0.0
R2_bearing_holdout,K006,S2_new_records,80,,17,0.0
R2_bearing_holdout,K006,S2_new_records,80,,18,0.0
R2_bearing_holdout,K006,S2_new_records,80,,19,0.0
R2_bearing_holdout,K006,S2_new_records,80,,20,0.0
R2_bearing_holdout,K006,S2_new_records,80,,21,0.0
R2_bearing_holdout,K006,S2_new_records,80,,22,0.0
R2_bearing_holdout,K006,S2_new_records,80,,23,0.0
R2_bearing_holdout,K006,S2_new_records,80,,24,0.0
R2_bearing_holdout,K006,S2_new_records,80,,25,0.0
R2_bearing_holdout,K006,S2_new_records,80,,26,0.0
R2_bearing_holdout,K006,S2_new_records,80,,27,0.0
R2_bearing_holdout,K006,S2_new_records,80,,28,0.0
R2_bearing_holdout,K006,S2_new_records,80,,29,0.0
R2_bearing_holdout,K006,S2_new_records,80,,30,0.0
R2_bearing_holdout,K006,S2_new_records,80,,31,0.0
R2_bearing_holdout,K006,S2_new_records,80,,32,0.0
R2_bearing_holdout,K006,S2_new_records,80,,33,0.0
R2_bearing_holdout,K006,S2_new_records,80,,34,0.0
R2_bearing_holdout,K006,S2_new_records,80,,35,0.0
R2_bearing_holdout,K006,S2_new_records,80,,36,0.0
R2_bearing_holdout,K006,S2_new_records,80,,37,0.0
R2_bearing_holdout,K006,S2_new_records,80,,38,0.0
R2_bearing_holdout,K006,S2_new_records,80,,39,0.0
R2_bearing_holdout,K006,S2_new_records,80,,40,0.0
R2_bearing_holdout,K006,S2_new_records,80,,41,0.0
R2_bearing_holdout,K006,S2_new_records,80,,42,0.0
R2_bearing_holdout,K006,S2_new_records,80,,43,0.0
R2_bearing_holdout,K006,S2_new_records,80,,44,0.0
R2_bearing_holdout,K006,S2_new_records,80,,45,0.0
R2_bearing_holdout,K006,S2_new_records,80,,46,0.0
R2_bearing_holdout,K006,S2_new_records,80,,47,0.0
R2_bearing_holdout,K006,S2_new_records,80,,48,0.0
R2_bearing_holdout,K006,S2_new_records,80,,49,0.0
R2_bearing_holdout,K006,S2_new_records,80,,50,0.0
R2_bearing_holdout,K006,S2_new_records,80,,51,0.0
R2_bearing_holdout,K006,S2_new_records,80,,52,0.0
R2_bearing_holdout,K006,S2_new_records,80,,53,0.0
R2_bearing_holdout,K006,S2_new_records,80,,54,0.0
R2_bearing_holdout,K006,S2_new_records,80,,55,0.0
R2_bearing_holdout,K006,S2_new_records,80,,56,0.0
R2_bearing_holdout,K006,S2_new_records,80,,57,0.0
R2_bearing_holdout,K006,S2_new_records,80,,58,0.0
R2_bearing_holdout,K006,S2_new_records,80,,59,0.0
R2_bearing_holdout,K006,S2_new_records,80,,60,0.0
R2_bearing_holdout,K006,S2_new_records,80,,61,0.0
R2_bearing_holdout,K006,S2_new_records,80,,62,0.0
R2_bearing_holdout,K006,S2_new_records,80,,63,0.0
R2_bearing_holdout,K006,S2_new_records,80,,64,0.0
R2_bearing_holdout,K006,S2_new_records,80,,65,0.0
R2_bearing_holdout,K006,S2_new_records,80,,66,0.0
R2_bearing_holdout,K006,S2_new_records,80,,67,0.0
R2_bearing_holdout,K006,S2_new_records,80,,68,0.0
R2_bearing_holdout,K006,S2_new_records,80,,69,0.0
R2_bearing_holdout,K006,S2_new_records,80,,70,0.0
R2_bearing_holdout,K006,S2_new_records,80,,71,0.0
R2_bearing_holdout,K006,S2_new_records,80,,72,0.0
R2_bearing_holdout,K006,S2_new_records,80,,73,0.0
R2_bearing_holdout,K006,S2_new_records,80,,74,0.0
R2_bearing_holdout,K006,S2_new_records,80,,75,0.0
R2_bearing_holdout,K006,S2_new_records,80,,76,0.0
R2_bearing_holdout,K006,S2_new_records,80,,77,0.0
R2_bearing_holdout,K006,S2_new_records,80,,78,0.0
R2_bearing_holdout,K006,S2_new_records,80,,79,0.0
R2_bearing_holdout,K006,S2_new_records,80,,80,0.0
R2_bearing_holdout,K006,S2_new_records,80,,81,0.0
R2_bearing_holdout,K006,S2_new_records,80,,82,0.0
R2_bearing_holdout,K006,S2_new_records,80,,83,0.0
R2_bearing_holdout,K006,S2_new_records,80,,84,0.0
R2_bearing_holdout,K006,S2_new_records,80,,85,0.0
R2_bearing_holdout,K006,S2_new_records,80,,86,0.0
R2_bearing_holdout,K006,S2_new_records,80,,87,0.0
R2_bearing_holdout,K006,S2_new_records,80,,88,0.0
R2_bearing_holdout,K006,S2_new_records,80,,89,0.0
R2_bearing_holdout,K006,S2_new_records,80,,90,0.0
R2_bearing_holdout,K006,S2_new_records,80,,91,0.0
R2_bearing_holdout,K006,S2_new_records,80,,92,0.0
R2_bearing_holdout,K006,S2_new_records,80,,93,0.0
R2_bearing_holdout,K006,S2_new_records,80,,94,0.0
R2_bearing_holdout,K006,S2_new_records,80,,95,0.0
R2_bearing_holdout,K006,S2_new_records,80,,96,0.0
R2_bearing_holdout,K006,S2_new_records,80,,97,0.0
R2_bearing_holdout,K006,S2_new_records,80,,98,0.0
R2_bearing_holdout,K006,S2_new_records,80,,99,0.0
R2_bearing_holdout,K006,S2_new_records,96,,0,0.0
R2_bearing_holdout,K006,S2_new_records,96,,1,0.0
R2_bearing_holdout,K006,S2_new_records,96,,2,0.0
R2_bearing_holdout,K006,S2_new_records,96,,3,0.0
R2_bearing_holdout,K006,S2_new_records,96,,4,0.0
R2_bearing_holdout,K006,S2_new_records,96,,5,0.0
R2_bearing_holdout,K006,S2_new_records,96,,6,0.0
R2_bearing_holdout,K006,S2_new_records,96,,7,0.0
R2_bearing_holdout,K006,S2_new_records,96,,8,0.0
R2_bearing_holdout,K006,S2_new_records,96,,9,0.0
R2_bearing_holdout,K006,S2_new_records,96,,10,0.0
R2_bearing_holdout,K006,S2_new_records,96,,11,0.0
R2_bearing_holdout,K006,S2_new_records,96,,12,0.0
R2_bearing_holdout,K006,S2_new_records,96,,13,0.0
R2_bearing_holdout,K006,S2_new_records,96,,14,0.0
R2_bearing_holdout,K006,S2_new_records,96,,15,0.0
R2_bearing_holdout,K006,S2_new_records,96,,16,0.0
R2_bearing_holdout,K006,S2_new_records,96,,17,0.0
R2_bearing_holdout,K006,S2_new_records,96,,18,0.0
R2_bearing_holdout,K006,S2_new_records,96,,19,0.0
R2_bearing_holdout,K006,S2_new_records,96,,20,0.0
R2_bearing_holdout,K006,S2_new_records,96,,21,0.0
R2_bearing_holdout,K006,S2_new_records,96,,22,0.0
R2_bearing_holdout,K006,S2_new_records,96,,23,0.0
R2_bearing_holdout,K006,S2_new_records,96,,24,0.0
R2_bearing_holdout,K006,S2_new_records,96,,25,0.0
R2_bearing_holdout,K006,S2_new_records,96,,26,0.0
R2_bearing_holdout,K006,S2_new_records,96,,27,0.0
R2_bearing_holdout,K006,S2_new_records,96,,28,0.0
R2_bearing_holdout,K006,S2_new_records,96,,29,0.0
R2_bearing_holdout,K006,S2_new_records,96,,30,0.0
R2_bearing_holdout,K006,S2_new_records,96,,31,0.0
R2_bearing_holdout,K006,S2_new_records,96,,32,0.0
R2_bearing_holdout,K006,S2_new_records,96,,33,0.0
R2_bearing_holdout,K006,S2_new_records,96,,34,0.0
R2_bearing_holdout,K006,S2_new_records,96,,35,0.0
R2_bearing_holdout,K006,S2_new_records,96,,36,0.0
R2_bearing_holdout,K006,S2_new_records,96,,37,0.0
R2_bearing_holdout,K006,S2_new_records,96,,38,0.0
R2_bearing_holdout,K006,S2_new_records,96,,39,0.0
R2_bearing_holdout,K006,S2_new_records,96,,40,0.0
R2_bearing_holdout,K006,S2_new_records,96,,41,0.0
R2_bearing_holdout,K006,S2_new_records,96,,42,0.0
R2_bearing_holdout,K006,S2_new_records,96,,43,0.0
R2_bearing_holdout,K006,S2_new_records,96,,44,0.0
R2_bearing_holdout,K006,S2_new_records,96,,45,0.0
R2_bearing_holdout,K006,S2_new_records,96,,46,0.0
R2_bearing_holdout,K006,S2_new_records,96,,47,0.0
R2_bearing_holdout,K006,S2_new_records,96,,48,0.0
R2_bearing_holdout,K006,S2_new_records,96,,49,0.0
R2_bearing_holdout,K006,S2_new_records,96,,50,0.0
R2_bearing_holdout,K006,S2_new_records,96,,51,0.0
R2_bearing_holdout,K006,S2_new_records,96,,52,0.0
R2_bearing_holdout,K006,S2_new_records,96,,53,0.0
R2_bearing_holdout,K006,S2_new_records,96,,54,0.0
R2_bearing_holdout,K006,S2_new_records,96,,55,0.0
R2_bearing_holdout,K006,S2_new_records,96,,56,0.0
R2_bearing_holdout,K006,S2_new_records,96,,57,0.0
R2_bearing_holdout,K006,S2_new_records,96,,58,0.0
R2_bearing_holdout,K006,S2_new_records,96,,59,0.0
R2_bearing_holdout,K006,S2_new_records,96,,60,0.0
R2_bearing_holdout,K006,S2_new_records,96,,61,0.0
R2_bearing_holdout,K006,S2_new_records,96,,62,0.0
R2_bearing_holdout,K006,S2_new_records,96,,63,0.0
R2_bearing_holdout,K006,S2_new_records,96,,64,0.0
R2_bearing_holdout,K006,S2_new_records,96,,65,0.0
R2_bearing_holdout,K006,S2_new_records,96,,66,0.0
R2_bearing_holdout,K006,S2_new_records,96,,67,0.0
R2_bearing_holdout,K006,S2_new_records,96,,68,0.0
R2_bearing_holdout,K006,S2_new_records,96,,69,0.0
R2_bearing_holdout,K006,S2_new_records,96,,70,0.0
R2_bearing_holdout,K006,S2_new_records,96,,71,0.0
R2_bearing_holdout,K006,S2_new_records,96,,72,0.0
R2_bearing_holdout,K006,S2_new_records,96,,73,0.0
R2_bearing_holdout,K006,S2_new_records,96,,74,0.0
R2_bearing_holdout,K006,S2_new_records,96,,75,0.0
R2_bearing_holdout,K006,S2_new_records,96,,76,0.0
R2_bearing_holdout,K006,S2_new_records,96,,77,0.0
R2_bearing_holdout,K006,S2_new_records,96,,78,0.0
R2_bearing_holdout,K006,S2_new_records,96,,79,0.0
R2_bearing_holdout,K006,S2_new_records,96,,80,0.0
R2_bearing_holdout,K006,S2_new_records,96,,81,0.0
R2_bearing_holdout,K006,S2_new_records,96,,82,0.0
R2_bearing_holdout,K006,S2_new_records,96,,83,0.0
R2_bearing_holdout,K006,S2_new_records,96,,84,0.0
R2_bearing_holdout,K006,S2_new_records,96,,85,0.0
R2_bearing_holdout,K006,S2_new_records,96,,86,0.0
R2_bearing_holdout,K006,S2_new_records,96,,87,0.0
R2_bearing_holdout,K006,S2_new_records,96,,88,0.0
R2_bearing_holdout,K006,S2_new_records,96,,89,0.0
R2_bearing_holdout,K006,S2_new_records,96,,90,0.0
R2_bearing_holdout,K006,S2_new_records,96,,91,0.0
R2_bearing_holdout,K006,S2_new_records,96,,92,0.0
R2_bearing_holdout,K006,S2_new_records,96,,93,0.0
R2_bearing_holdout,K006,S2_new_records,96,,94,0.0
R2_bearing_holdout,K006,S2_new_records,96,,95,0.0
R2_bearing_holdout,K006,S2_new_records,96,,96,0.0
R2_bearing_holdout,K006,S2_new_records,96,,97,0.0
R2_bearing_holdout,K006,S2_new_records,96,,98,0.0
R2_bearing_holdout,K006,S2_new_records,96,,99,0.0
R2_bearing_holdout,K006,S3_units,20,1.0,0,0.5
R2_bearing_holdout,K006,S3_units,20,1.0,1,0.55
R2_bearing_holdout,K006,S3_units,20,1.0,2,1.0
R2_bearing_holdout,K006,S3_units,20,1.0,3,0.5
R2_bearing_holdout,K006,S3_units,20,1.0,4,0.9
R2_bearing_holdout,K006,S3_units,20,1.0,5,0.65
R2_bearing_holdout,K006,S3_units,20,1.0,6,0.85
R2_bearing_holdout,K006,S3_units,20,1.0,7,0.2
R2_bearing_holdout,K006,S3_units,20,1.0,8,0.65
R2_bearing_holdout,K006,S3_units,20,1.0,9,0.9
R2_bearing_holdout,K006,S3_units,20,1.0,10,1.0
R2_bearing_holdout,K006,S3_units,20,1.0,11,0.5
R2_bearing_holdout,K006,S3_units,20,1.0,12,1.0
R2_bearing_holdout,K006,S3_units,20,1.0,13,0.45
R2_bearing_holdout,K006,S3_units,20,1.0,14,0.45
R2_bearing_holdout,K006,S3_units,20,1.0,15,0.3
R2_bearing_holdout,K006,S3_units,20,1.0,16,1.0
R2_bearing_holdout,K006,S3_units,20,1.0,17,1.0
R2_bearing_holdout,K006,S3_units,20,1.0,18,0.4
R2_bearing_holdout,K006,S3_units,20,1.0,19,0.95
R2_bearing_holdout,K006,S3_units,20,1.0,20,0.65
R2_bearing_holdout,K006,S3_units,20,1.0,21,0.6
R2_bearing_holdout,K006,S3_units,20,1.0,22,0.35
R2_bearing_holdout,K006,S3_units,20,1.0,23,0.2
R2_bearing_holdout,K006,S3_units,20,1.0,24,0.85
R2_bearing_holdout,K006,S3_units,20,1.0,25,1.0
R2_bearing_holdout,K006,S3_units,20,1.0,26,1.0
R2_bearing_holdout,K006,S3_units,20,1.0,27,0.7
R2_bearing_holdout,K006,S3_units,20,1.0,28,0.45
R2_bearing_holdout,K006,S3_units,20,1.0,29,1.0
R2_bearing_holdout,K006,S3_units,20,1.0,30,1.0
R2_bearing_holdout,K006,S3_units,20,1.0,31,0.2
R2_bearing_holdout,K006,S3_units,20,1.0,32,1.0
R2_bearing_holdout,K006,S3_units,20,1.0,33,1.0
R2_bearing_holdout,K006,S3_units,20,1.0,34,0.6
R2_bearing_holdout,K006,S3_units,20,1.0,35,1.0
R2_bearing_holdout,K006,S3_units,20,1.0,36,1.0
R2_bearing_holdout,K006,S3_units,20,1.0,37,0.6
R2_bearing_holdout,K006,S3_units,20,1.0,38,0.25
R2_bearing_holdout,K006,S3_units,20,1.0,39,1.0
R2_bearing_holdout,K006,S3_units,20,1.0,40,1.0
R2_bearing_holdout,K006,S3_units,20,1.0,41,0.9
R2_bearing_holdout,K006,S3_units,20,1.0,42,0.85
R2_bearing_holdout,K006,S3_units,20,1.0,43,0.5
R2_bearing_holdout,K006,S3_units,20,1.0,44,1.0
R2_bearing_holdout,K006,S3_units,20,1.0,45,0.2
R2_bearing_holdout,K006,S3_units,20,1.0,46,0.45
R2_bearing_holdout,K006,S3_units,20,1.0,47,0.95
R2_bearing_holdout,K006,S3_units,20,1.0,48,0.9
R2_bearing_holdout,K006,S3_units,20,1.0,49,1.0
R2_bearing_holdout,K006,S3_units,20,1.0,50,0.9
R2_bearing_holdout,K006,S3_units,20,1.0,51,0.85
R2_bearing_holdout,K006,S3_units,20,1.0,52,0.5
R2_bearing_holdout,K006,S3_units,20,1.0,53,0.35
R2_bearing_holdout,K006,S3_units,20,1.0,54,0.4
R2_bearing_holdout,K006,S3_units,20,1.0,55,1.0
R2_bearing_holdout,K006,S3_units,20,1.0,56,0.8
R2_bearing_holdout,K006,S3_units,20,1.0,57,0.35
R2_bearing_holdout,K006,S3_units,20,1.0,58,1.0
R2_bearing_holdout,K006,S3_units,20,1.0,59,1.0
R2_bearing_holdout,K006,S3_units,20,1.0,60,1.0
R2_bearing_holdout,K006,S3_units,20,1.0,61,0.95
R2_bearing_holdout,K006,S3_units,20,1.0,62,0.4
R2_bearing_holdout,K006,S3_units,20,1.0,63,0.3
R2_bearing_holdout,K006,S3_units,20,1.0,64,1.0
R2_bearing_holdout,K006,S3_units,20,1.0,65,0.6
R2_bearing_holdout,K006,S3_units,20,1.0,66,0.9
R2_bearing_holdout,K006,S3_units,20,1.0,67,0.8
R2_bearing_holdout,K006,S3_units,20,1.0,68,0.9
R2_bearing_holdout,K006,S3_units,20,1.0,69,0.9
R2_bearing_holdout,K006,S3_units,20,1.0,70,1.0
R2_bearing_holdout,K006,S3_units,20,1.0,71,0.65
R2_bearing_holdout,K006,S3_units,20,1.0,72,0.9
R2_bearing_holdout,K006,S3_units,20,1.0,73,0.9
R2_bearing_holdout,K006,S3_units,20,1.0,74,1.0
R2_bearing_holdout,K006,S3_units,20,1.0,75,0.5
R2_bearing_holdout,K006,S3_units,20,1.0,76,1.0
R2_bearing_holdout,K006,S3_units,20,1.0,77,0.5
R2_bearing_holdout,K006,S3_units,20,1.0,78,1.0
R2_bearing_holdout,K006,S3_units,20,1.0,79,0.5
R2_bearing_holdout,K006,S3_units,20,1.0,80,0.9
R2_bearing_holdout,K006,S3_units,20,1.0,81,0.8
R2_bearing_holdout,K006,S3_units,20,1.0,82,0.7
R2_bearing_holdout,K006,S3_units,20,1.0,83,1.0
R2_bearing_holdout,K006,S3_units,20,1.0,84,0.6
R2_bearing_holdout,K006,S3_units,20,1.0,85,1.0
R2_bearing_holdout,K006,S3_units,20,1.0,86,1.0
R2_bearing_holdout,K006,S3_units,20,1.0,87,1.0
R2_bearing_holdout,K006,S3_units,20,1.0,88,1.0
R2_bearing_holdout,K006,S3_units,20,1.0,89,0.2
R2_bearing_holdout,K006,S3_units,20,1.0,90,1.0
R2_bearing_holdout,K006,S3_units,20,1.0,91,1.0
R2_bearing_holdout,K006,S3_units,20,1.0,92,1.0
R2_bearing_holdout,K006,S3_units,20,1.0,93,1.0
R2_bearing_holdout,K006,S3_units,20,1.0,94,0.85
R2_bearing_holdout,K006,S3_units,20,1.0,95,1.0
R2_bearing_holdout,K006,S3_units,20,1.0,96,1.0
R2_bearing_holdout,K006,S3_units,20,1.0,97,0.65
R2_bearing_holdout,K006,S3_units,20,1.0,98,1.0
R2_bearing_holdout,K006,S3_units,20,1.0,99,0.35
R2_bearing_holdout,K006,S3_units,20,2.0,0,1.0
R2_bearing_holdout,K006,S3_units,20,2.0,1,0.0
R2_bearing_holdout,K006,S3_units,20,2.0,2,0.2
R2_bearing_holdout,K006,S3_units,20,2.0,3,0.1
R2_bearing_holdout,K006,S3_units,20,2.0,4,0.05
R2_bearing_holdout,K006,S3_units,20,2.0,5,1.0
R2_bearing_holdout,K006,S3_units,20,2.0,6,0.5
R2_bearing_holdout,K006,S3_units,20,2.0,7,1.0
R2_bearing_holdout,K006,S3_units,20,2.0,8,0.0
R2_bearing_holdout,K006,S3_units,20,2.0,9,0.0
R2_bearing_holdout,K006,S3_units,20,2.0,10,0.0
R2_bearing_holdout,K006,S3_units,20,2.0,11,1.0
R2_bearing_holdout,K006,S3_units,20,2.0,12,0.0
R2_bearing_holdout,K006,S3_units,20,2.0,13,0.2
R2_bearing_holdout,K006,S3_units,20,2.0,14,0.75
R2_bearing_holdout,K006,S3_units,20,2.0,15,0.15
R2_bearing_holdout,K006,S3_units,20,2.0,16,0.85
R2_bearing_holdout,K006,S3_units,20,2.0,17,0.0
R2_bearing_holdout,K006,S3_units,20,2.0,18,0.95
R2_bearing_holdout,K006,S3_units,20,2.0,19,0.0
R2_bearing_holdout,K006,S3_units,20,2.0,20,0.0
R2_bearing_holdout,K006,S3_units,20,2.0,21,0.25
R2_bearing_holdout,K006,S3_units,20,2.0,22,0.4
R2_bearing_holdout,K006,S3_units,20,2.0,23,0.4
R2_bearing_holdout,K006,S3_units,20,2.0,24,0.55
R2_bearing_holdout,K006,S3_units,20,2.0,25,0.0
R2_bearing_holdout,K006,S3_units,20,2.0,26,0.3
R2_bearing_holdout,K006,S3_units,20,2.0,27,0.0
R2_bearing_holdout,K006,S3_units,20,2.0,28,0.0
R2_bearing_holdout,K006,S3_units,20,2.0,29,0.65
R2_bearing_holdout,K006,S3_units,20,2.0,30,0.0
R2_bearing_holdout,K006,S3_units,20,2.0,31,0.45
R2_bearing_holdout,K006,S3_units,20,2.0,32,0.4
R2_bearing_holdout,K006,S3_units,20,2.0,33,0.4
R2_bearing_holdout,K006,S3_units,20,2.0,34,0.0
R2_bearing_holdout,K006,S3_units,20,2.0,35,0.0
R2_bearing_holdout,K006,S3_units,20,2.0,36,1.0
R2_bearing_holdout,K006,S3_units,20,2.0,37,0.8
R2_bearing_holdout,K006,S3_units,20,2.0,38,1.0
R2_bearing_holdout,K006,S3_units,20,2.0,39,1.0
R2_bearing_holdout,K006,S3_units,20,2.0,40,0.0
R2_bearing_holdout,K006,S3_units,20,2.0,41,0.8
R2_bearing_holdout,K006,S3_units,20,2.0,42,1.0
R2_bearing_holdout,K006,S3_units,20,2.0,43,0.0
R2_bearing_holdout,K006,S3_units,20,2.0,44,0.5
R2_bearing_holdout,K006,S3_units,20,2.0,45,0.2
R2_bearing_holdout,K006,S3_units,20,2.0,46,0.0
R2_bearing_holdout,K006,S3_units,20,2.0,47,0.65
R2_bearing_holdout,K006,S3_units,20,2.0,48,0.6
R2_bearing_holdout,K006,S3_units,20,2.0,49,0.0
R2_bearing_holdout,K006,S3_units,20,2.0,50,0.75
R2_bearing_holdout,K006,S3_units,20,2.0,51,0.0
R2_bearing_holdout,K006,S3_units,20,2.0,52,0.0
R2_bearing_holdout,K006,S3_units,20,2.0,53,0.1
R2_bearing_holdout,K006,S3_units,20,2.0,54,0.0
R2_bearing_holdout,K006,S3_units,20,2.0,55,0.25
R2_bearing_holdout,K006,S3_units,20,2.0,56,0.0
R2_bearing_holdout,K006,S3_units,20,2.0,57,0.0
R2_bearing_holdout,K006,S3_units,20,2.0,58,0.15
R2_bearing_holdout,K006,S3_units,20,2.0,59,0.0
R2_bearing_holdout,K006,S3_units,20,2.0,60,1.0
R2_bearing_holdout,K006,S3_units,20,2.0,61,0.35
R2_bearing_holdout,K006,S3_units,20,2.0,62,0.5
R2_bearing_holdout,K006,S3_units,20,2.0,63,0.0
R2_bearing_holdout,K006,S3_units,20,2.0,64,0.55
R2_bearing_holdout,K006,S3_units,20,2.0,65,0.9
R2_bearing_holdout,K006,S3_units,20,2.0,66,0.6
R2_bearing_holdout,K006,S3_units,20,2.0,67,0.65
R2_bearing_holdout,K006,S3_units,20,2.0,68,0.7
R2_bearing_holdout,K006,S3_units,20,2.0,69,1.0
R2_bearing_holdout,K006,S3_units,20,2.0,70,0.0
R2_bearing_holdout,K006,S3_units,20,2.0,71,0.0
R2_bearing_holdout,K006,S3_units,20,2.0,72,0.0
R2_bearing_holdout,K006,S3_units,20,2.0,73,0.85
R2_bearing_holdout,K006,S3_units,20,2.0,74,0.65
R2_bearing_holdout,K006,S3_units,20,2.0,75,0.0
R2_bearing_holdout,K006,S3_units,20,2.0,76,1.0
R2_bearing_holdout,K006,S3_units,20,2.0,77,1.0
R2_bearing_holdout,K006,S3_units,20,2.0,78,0.0
R2_bearing_holdout,K006,S3_units,20,2.0,79,0.0
R2_bearing_holdout,K006,S3_units,20,2.0,80,0.0
R2_bearing_holdout,K006,S3_units,20,2.0,81,0.45
R2_bearing_holdout,K006,S3_units,20,2.0,82,0.4
R2_bearing_holdout,K006,S3_units,20,2.0,83,0.0
R2_bearing_holdout,K006,S3_units,20,2.0,84,0.0
R2_bearing_holdout,K006,S3_units,20,2.0,85,0.85
R2_bearing_holdout,K006,S3_units,20,2.0,86,0.0
R2_bearing_holdout,K006,S3_units,20,2.0,87,0.55
R2_bearing_holdout,K006,S3_units,20,2.0,88,0.2
R2_bearing_holdout,K006,S3_units,20,2.0,89,0.0
R2_bearing_holdout,K006,S3_units,20,2.0,90,0.15
R2_bearing_holdout,K006,S3_units,20,2.0,91,0.0
R2_bearing_holdout,K006,S3_units,20,2.0,92,0.0
R2_bearing_holdout,K006,S3_units,20,2.0,93,0.05
R2_bearing_holdout,K006,S3_units,20,2.0,94,0.55
R2_bearing_holdout,K006,S3_units,20,2.0,95,0.65
R2_bearing_holdout,K006,S3_units,20,2.0,96,0.55
R2_bearing_holdout,K006,S3_units,20,2.0,97,0.35
R2_bearing_holdout,K006,S3_units,20,2.0,98,1.0
R2_bearing_holdout,K006,S3_units,20,2.0,99,0.4
R2_bearing_holdout,K006,S3_units,20,3.0,0,0.25
R2_bearing_holdout,K006,S3_units,20,3.0,1,0.0
R2_bearing_holdout,K006,S3_units,20,3.0,2,0.0
R2_bearing_holdout,K006,S3_units,20,3.0,3,0.75
R2_bearing_holdout,K006,S3_units,20,3.0,4,0.0
R2_bearing_holdout,K006,S3_units,20,3.0,5,0.0
R2_bearing_holdout,K006,S3_units,20,3.0,6,0.0
R2_bearing_holdout,K006,S3_units,20,3.0,7,0.25
R2_bearing_holdout,K006,S3_units,20,3.0,8,0.0
R2_bearing_holdout,K006,S3_units,20,3.0,9,0.2
R2_bearing_holdout,K006,S3_units,20,3.0,10,0.5
R2_bearing_holdout,K006,S3_units,20,3.0,11,0.0
R2_bearing_holdout,K006,S3_units,20,3.0,12,0.0
R2_bearing_holdout,K006,S3_units,20,3.0,13,0.0
R2_bearing_holdout,K006,S3_units,20,3.0,14,0.0
R2_bearing_holdout,K006,S3_units,20,3.0,15,0.0
R2_bearing_holdout,K006,S3_units,20,3.0,16,0.25
R2_bearing_holdout,K006,S3_units,20,3.0,17,0.0
R2_bearing_holdout,K006,S3_units,20,3.0,18,0.0
R2_bearing_holdout,K006,S3_units,20,3.0,19,0.0
R2_bearing_holdout,K006,S3_units,20,3.0,20,0.05
R2_bearing_holdout,K006,S3_units,20,3.0,21,0.0
R2_bearing_holdout,K006,S3_units,20,3.0,22,0.0
R2_bearing_holdout,K006,S3_units,20,3.0,23,0.0
R2_bearing_holdout,K006,S3_units,20,3.0,24,0.0
R2_bearing_holdout,K006,S3_units,20,3.0,25,0.0
R2_bearing_holdout,K006,S3_units,20,3.0,26,0.0
R2_bearing_holdout,K006,S3_units,20,3.0,27,0.0
R2_bearing_holdout,K006,S3_units,20,3.0,28,0.0
R2_bearing_holdout,K006,S3_units,20,3.0,29,0.0
R2_bearing_holdout,K006,S3_units,20,3.0,30,0.5
R2_bearing_holdout,K006,S3_units,20,3.0,31,0.0
R2_bearing_holdout,K006,S3_units,20,3.0,32,0.35
R2_bearing_holdout,K006,S3_units,20,3.0,33,0.8
R2_bearing_holdout,K006,S3_units,20,3.0,34,0.0
R2_bearing_holdout,K006,S3_units,20,3.0,35,0.0
R2_bearing_holdout,K006,S3_units,20,3.0,36,0.0
R2_bearing_holdout,K006,S3_units,20,3.0,37,0.0
R2_bearing_holdout,K006,S3_units,20,3.0,38,0.1
R2_bearing_holdout,K006,S3_units,20,3.0,39,0.65
R2_bearing_holdout,K006,S3_units,20,3.0,40,0.25
R2_bearing_holdout,K006,S3_units,20,3.0,41,0.05
R2_bearing_holdout,K006,S3_units,20,3.0,42,0.35
R2_bearing_holdout,K006,S3_units,20,3.0,43,0.0
R2_bearing_holdout,K006,S3_units,20,3.0,44,1.0
R2_bearing_holdout,K006,S3_units,20,3.0,45,0.0
R2_bearing_holdout,K006,S3_units,20,3.0,46,0.25
R2_bearing_holdout,K006,S3_units,20,3.0,47,0.4
R2_bearing_holdout,K006,S3_units,20,3.0,48,0.0
R2_bearing_holdout,K006,S3_units,20,3.0,49,0.0
R2_bearing_holdout,K006,S3_units,20,3.0,50,0.0
R2_bearing_holdout,K006,S3_units,20,3.0,51,0.25
R2_bearing_holdout,K006,S3_units,20,3.0,52,0.0
R2_bearing_holdout,K006,S3_units,20,3.0,53,0.0
R2_bearing_holdout,K006,S3_units,20,3.0,54,0.1
R2_bearing_holdout,K006,S3_units,20,3.0,55,0.25
R2_bearing_holdout,K006,S3_units,20,3.0,56,0.0
R2_bearing_holdout,K006,S3_units,20,3.0,57,0.2
R2_bearing_holdout,K006,S3_units,20,3.0,58,0.0
R2_bearing_holdout,K006,S3_units,20,3.0,59,0.85
R2_bearing_holdout,K006,S3_units,20,3.0,60,0.0
R2_bearing_holdout,K006,S3_units,20,3.0,61,0.0
R2_bearing_holdout,K006,S3_units,20,3.0,62,0.0
R2_bearing_holdout,K006,S3_units,20,3.0,63,0.0
R2_bearing_holdout,K006,S3_units,20,3.0,64,0.15
R2_bearing_holdout,K006,S3_units,20,3.0,65,0.25
R2_bearing_holdout,K006,S3_units,20,3.0,66,0.75
R2_bearing_holdout,K006,S3_units,20,3.0,67,0.3
R2_bearing_holdout,K006,S3_units,20,3.0,68,0.8
R2_bearing_holdout,K006,S3_units,20,3.0,69,0.0
R2_bearing_holdout,K006,S3_units,20,3.0,70,0.15
R2_bearing_holdout,K006,S3_units,20,3.0,71,0.0
R2_bearing_holdout,K006,S3_units,20,3.0,72,0.8
R2_bearing_holdout,K006,S3_units,20,3.0,73,0.0
R2_bearing_holdout,K006,S3_units,20,3.0,74,0.95
R2_bearing_holdout,K006,S3_units,20,3.0,75,0.0
R2_bearing_holdout,K006,S3_units,20,3.0,76,0.0
R2_bearing_holdout,K006,S3_units,20,3.0,77,0.0
R2_bearing_holdout,K006,S3_units,20,3.0,78,0.0
R2_bearing_holdout,K006,S3_units,20,3.0,79,0.05
R2_bearing_holdout,K006,S3_units,20,3.0,80,0.0
R2_bearing_holdout,K006,S3_units,20,3.0,81,0.0
R2_bearing_holdout,K006,S3_units,20,3.0,82,0.0
R2_bearing_holdout,K006,S3_units,20,3.0,83,0.0
R2_bearing_holdout,K006,S3_units,20,3.0,84,0.0
R2_bearing_holdout,K006,S3_units,20,3.0,85,0.0
R2_bearing_holdout,K006,S3_units,20,3.0,86,0.0
R2_bearing_holdout,K006,S3_units,20,3.0,87,0.0
R2_bearing_holdout,K006,S3_units,20,3.0,88,0.0
R2_bearing_holdout,K006,S3_units,20,3.0,89,0.0
R2_bearing_holdout,K006,S3_units,20,3.0,90,0.0
R2_bearing_holdout,K006,S3_units,20,3.0,91,0.15
R2_bearing_holdout,K006,S3_units,20,3.0,92,0.0
R2_bearing_holdout,K006,S3_units,20,3.0,93,0.0
R2_bearing_holdout,K006,S3_units,20,3.0,94,0.0
R2_bearing_holdout,K006,S3_units,20,3.0,95,0.0
R2_bearing_holdout,K006,S3_units,20,3.0,96,0.7
R2_bearing_holdout,K006,S3_units,20,3.0,97,0.0
R2_bearing_holdout,K006,S3_units,20,3.0,98,0.0
R2_bearing_holdout,K006,S3_units,20,3.0,99,0.0
R2_bearing_holdout,K006,S3_units,20,4.0,0,0.0
R2_bearing_holdout,K006,S3_units,20,4.0,1,0.0
R2_bearing_holdout,K006,S3_units,20,4.0,2,0.5
R2_bearing_holdout,K006,S3_units,20,4.0,3,0.0
R2_bearing_holdout,K006,S3_units,20,4.0,4,0.6
R2_bearing_holdout,K006,S3_units,20,4.0,5,0.0
R2_bearing_holdout,K006,S3_units,20,4.0,6,0.35
R2_bearing_holdout,K006,S3_units,20,4.0,7,0.0
R2_bearing_holdout,K006,S3_units,20,4.0,8,0.0
R2_bearing_holdout,K006,S3_units,20,4.0,9,0.0
R2_bearing_holdout,K006,S3_units,20,4.0,10,0.0
R2_bearing_holdout,K006,S3_units,20,4.0,11,0.0
R2_bearing_holdout,K006,S3_units,20,4.0,12,0.0
R2_bearing_holdout,K006,S3_units,20,4.0,13,0.0
R2_bearing_holdout,K006,S3_units,20,4.0,14,0.0
R2_bearing_holdout,K006,S3_units,20,4.0,15,0.25
R2_bearing_holdout,K006,S3_units,20,4.0,16,0.0
R2_bearing_holdout,K006,S3_units,20,4.0,17,0.0
R2_bearing_holdout,K006,S3_units,20,4.0,18,0.0
R2_bearing_holdout,K006,S3_units,20,4.0,19,0.0
R2_bearing_holdout,K006,S3_units,20,4.0,20,0.05
R2_bearing_holdout,K006,S3_units,20,4.0,21,0.0
R2_bearing_holdout,K006,S3_units,20,4.0,22,0.25
R2_bearing_holdout,K006,S3_units,20,4.0,23,0.15
R2_bearing_holdout,K006,S3_units,20,4.0,24,0.45
R2_bearing_holdout,K006,S3_units,20,4.0,25,0.2
R2_bearing_holdout,K006,S3_units,20,4.0,26,0.0
R2_bearing_holdout,K006,S3_units,20,4.0,27,0.85
R2_bearing_holdout,K006,S3_units,20,4.0,28,0.0
R2_bearing_holdout,K006,S3_units,20,4.0,29,0.15
R2_bearing_holdout,K006,S3_units,20,4.0,30,0.0
R2_bearing_holdout,K006,S3_units,20,4.0,31,0.0
R2_bearing_holdout,K006,S3_units,20,4.0,32,0.0
R2_bearing_holdout,K006,S3_units,20,4.0,33,0.0
R2_bearing_holdout,K006,S3_units,20,4.0,34,0.15
R2_bearing_holdout,K006,S3_units,20,4.0,35,0.0
R2_bearing_holdout,K006,S3_units,20,4.0,36,0.0
R2_bearing_holdout,K006,S3_units,20,4.0,37,0.0
R2_bearing_holdout,K006,S3_units,20,4.0,38,0.0
R2_bearing_holdout,K006,S3_units,20,4.0,39,0.0
R2_bearing_holdout,K006,S3_units,20,4.0,40,0.0
R2_bearing_holdout,K006,S3_units,20,4.0,41,0.05
R2_bearing_holdout,K006,S3_units,20,4.0,42,0.8
R2_bearing_holdout,K006,S3_units,20,4.0,43,0.0
R2_bearing_holdout,K006,S3_units,20,4.0,44,0.0
R2_bearing_holdout,K006,S3_units,20,4.0,45,0.3
R2_bearing_holdout,K006,S3_units,20,4.0,46,0.0
R2_bearing_holdout,K006,S3_units,20,4.0,47,0.0
R2_bearing_holdout,K006,S3_units,20,4.0,48,0.0
R2_bearing_holdout,K006,S3_units,20,4.0,49,0.0
R2_bearing_holdout,K006,S3_units,20,4.0,50,0.0
R2_bearing_holdout,K006,S3_units,20,4.0,51,0.0
R2_bearing_holdout,K006,S3_units,20,4.0,52,0.0
R2_bearing_holdout,K006,S3_units,20,4.0,53,0.55
R2_bearing_holdout,K006,S3_units,20,4.0,54,0.0
R2_bearing_holdout,K006,S3_units,20,4.0,55,0.0
R2_bearing_holdout,K006,S3_units,20,4.0,56,0.15
R2_bearing_holdout,K006,S3_units,20,4.0,57,0.0
R2_bearing_holdout,K006,S3_units,20,4.0,58,0.0
R2_bearing_holdout,K006,S3_units,20,4.0,59,0.0
R2_bearing_holdout,K006,S3_units,20,4.0,60,0.0
R2_bearing_holdout,K006,S3_units,20,4.0,61,0.3
R2_bearing_holdout,K006,S3_units,20,4.0,62,0.0
R2_bearing_holdout,K006,S3_units,20,4.0,63,0.0
R2_bearing_holdout,K006,S3_units,20,4.0,64,0.8
R2_bearing_holdout,K006,S3_units,20,4.0,65,0.0
R2_bearing_holdout,K006,S3_units,20,4.0,66,0.0
R2_bearing_holdout,K006,S3_units,20,4.0,67,0.0
R2_bearing_holdout,K006,S3_units,20,4.0,68,0.0
R2_bearing_holdout,K006,S3_units,20,4.0,69,0.0
R2_bearing_holdout,K006,S3_units,20,4.0,70,0.0
R2_bearing_holdout,K006,S3_units,20,4.0,71,0.0
R2_bearing_holdout,K006,S3_units,20,4.0,72,0.7
R2_bearing_holdout,K006,S3_units,20,4.0,73,0.0
R2_bearing_holdout,K006,S3_units,20,4.0,74,0.8
R2_bearing_holdout,K006,S3_units,20,4.0,75,0.0
R2_bearing_holdout,K006,S3_units,20,4.0,76,0.0
R2_bearing_holdout,K006,S3_units,20,4.0,77,0.0
R2_bearing_holdout,K006,S3_units,20,4.0,78,0.6
R2_bearing_holdout,K006,S3_units,20,4.0,79,0.0
R2_bearing_holdout,K006,S3_units,20,4.0,80,0.3
R2_bearing_holdout,K006,S3_units,20,4.0,81,0.2
R2_bearing_holdout,K006,S3_units,20,4.0,82,0.0
R2_bearing_holdout,K006,S3_units,20,4.0,83,0.2
R2_bearing_holdout,K006,S3_units,20,4.0,84,0.2
R2_bearing_holdout,K006,S3_units,20,4.0,85,0.0
R2_bearing_holdout,K006,S3_units,20,4.0,86,0.0
R2_bearing_holdout,K006,S3_units,20,4.0,87,0.1
R2_bearing_holdout,K006,S3_units,20,4.0,88,0.0
R2_bearing_holdout,K006,S3_units,20,4.0,89,0.0
R2_bearing_holdout,K006,S3_units,20,4.0,90,0.0
R2_bearing_holdout,K006,S3_units,20,4.0,91,0.0
R2_bearing_holdout,K006,S3_units,20,4.0,92,0.0
R2_bearing_holdout,K006,S3_units,20,4.0,93,0.0
R2_bearing_holdout,K006,S3_units,20,4.0,94,0.0
R2_bearing_holdout,K006,S3_units,20,4.0,95,0.0
R2_bearing_holdout,K006,S3_units,20,4.0,96,0.0
R2_bearing_holdout,K006,S3_units,20,4.0,97,0.5
R2_bearing_holdout,K006,S3_units,20,4.0,98,0.0
R2_bearing_holdout,K006,S3_units,20,4.0,99,0.7
R2_bearing_holdout,K006,S3_units,20,5.0,0,0.0
R2_bearing_holdout,K006,S3_units,20,5.0,1,0.0
R2_bearing_holdout,K006,S3_units,20,5.0,2,0.0
R2_bearing_holdout,K006,S3_units,20,5.0,3,0.0
R2_bearing_holdout,K006,S3_units,20,5.0,4,0.0
R2_bearing_holdout,K006,S3_units,20,5.0,5,0.0
R2_bearing_holdout,K006,S3_units,20,5.0,6,0.0
R2_bearing_holdout,K006,S3_units,20,5.0,7,0.0
R2_bearing_holdout,K006,S3_units,20,5.0,8,0.0
R2_bearing_holdout,K006,S3_units,20,5.0,9,0.0
R2_bearing_holdout,K006,S3_units,20,5.0,10,0.0
R2_bearing_holdout,K006,S3_units,20,5.0,11,0.0
R2_bearing_holdout,K006,S3_units,20,5.0,12,0.0
R2_bearing_holdout,K006,S3_units,20,5.0,13,0.0
R2_bearing_holdout,K006,S3_units,20,5.0,14,0.0
R2_bearing_holdout,K006,S3_units,20,5.0,15,0.0
R2_bearing_holdout,K006,S3_units,20,5.0,16,0.0
R2_bearing_holdout,K006,S3_units,20,5.0,17,0.0
R2_bearing_holdout,K006,S3_units,20,5.0,18,0.0
R2_bearing_holdout,K006,S3_units,20,5.0,19,0.0
R2_bearing_holdout,K006,S3_units,20,5.0,20,0.0
R2_bearing_holdout,K006,S3_units,20,5.0,21,0.0
R2_bearing_holdout,K006,S3_units,20,5.0,22,0.0
R2_bearing_holdout,K006,S3_units,20,5.0,23,0.0
R2_bearing_holdout,K006,S3_units,20,5.0,24,0.0
R2_bearing_holdout,K006,S3_units,20,5.0,25,0.0
R2_bearing_holdout,K006,S3_units,20,5.0,26,0.0
R2_bearing_holdout,K006,S3_units,20,5.0,27,0.0
R2_bearing_holdout,K006,S3_units,20,5.0,28,0.0
R2_bearing_holdout,K006,S3_units,20,5.0,29,0.0
R2_bearing_holdout,K006,S3_units,20,5.0,30,0.0
R2_bearing_holdout,K006,S3_units,20,5.0,31,0.0
R2_bearing_holdout,K006,S3_units,20,5.0,32,0.0
R2_bearing_holdout,K006,S3_units,20,5.0,33,0.0
R2_bearing_holdout,K006,S3_units,20,5.0,34,0.0
R2_bearing_holdout,K006,S3_units,20,5.0,35,0.0
R2_bearing_holdout,K006,S3_units,20,5.0,36,0.0
R2_bearing_holdout,K006,S3_units,20,5.0,37,0.0
R2_bearing_holdout,K006,S3_units,20,5.0,38,0.0
R2_bearing_holdout,K006,S3_units,20,5.0,39,0.0
R2_bearing_holdout,K006,S3_units,20,5.0,40,0.0
R2_bearing_holdout,K006,S3_units,20,5.0,41,0.0
R2_bearing_holdout,K006,S3_units,20,5.0,42,0.0
R2_bearing_holdout,K006,S3_units,20,5.0,43,0.0
R2_bearing_holdout,K006,S3_units,20,5.0,44,0.0
R2_bearing_holdout,K006,S3_units,20,5.0,45,0.0
R2_bearing_holdout,K006,S3_units,20,5.0,46,0.0
R2_bearing_holdout,K006,S3_units,20,5.0,47,0.0
R2_bearing_holdout,K006,S3_units,20,5.0,48,0.0
R2_bearing_holdout,K006,S3_units,20,5.0,49,0.0
R2_bearing_holdout,K006,S3_units,20,5.0,50,0.0
R2_bearing_holdout,K006,S3_units,20,5.0,51,0.0
R2_bearing_holdout,K006,S3_units,20,5.0,52,0.0
R2_bearing_holdout,K006,S3_units,20,5.0,53,0.0
R2_bearing_holdout,K006,S3_units,20,5.0,54,0.0
R2_bearing_holdout,K006,S3_units,20,5.0,55,0.0
R2_bearing_holdout,K006,S3_units,20,5.0,56,0.0
R2_bearing_holdout,K006,S3_units,20,5.0,57,0.0
R2_bearing_holdout,K006,S3_units,20,5.0,58,0.0
R2_bearing_holdout,K006,S3_units,20,5.0,59,0.0
R2_bearing_holdout,K006,S3_units,20,5.0,60,0.0
R2_bearing_holdout,K006,S3_units,20,5.0,61,0.0
R2_bearing_holdout,K006,S3_units,20,5.0,62,0.0
R2_bearing_holdout,K006,S3_units,20,5.0,63,0.0
R2_bearing_holdout,K006,S3_units,20,5.0,64,0.0
R2_bearing_holdout,K006,S3_units,20,5.0,65,0.0
R2_bearing_holdout,K006,S3_units,20,5.0,66,0.0
R2_bearing_holdout,K006,S3_units,20,5.0,67,0.0
R2_bearing_holdout,K006,S3_units,20,5.0,68,0.0
R2_bearing_holdout,K006,S3_units,20,5.0,69,0.0
R2_bearing_holdout,K006,S3_units,20,5.0,70,0.0
R2_bearing_holdout,K006,S3_units,20,5.0,71,0.0
R2_bearing_holdout,K006,S3_units,20,5.0,72,0.0
R2_bearing_holdout,K006,S3_units,20,5.0,73,0.0
R2_bearing_holdout,K006,S3_units,20,5.0,74,0.0
R2_bearing_holdout,K006,S3_units,20,5.0,75,0.0
R2_bearing_holdout,K006,S3_units,20,5.0,76,0.0
R2_bearing_holdout,K006,S3_units,20,5.0,77,0.0
R2_bearing_holdout,K006,S3_units,20,5.0,78,0.0
R2_bearing_holdout,K006,S3_units,20,5.0,79,0.0
R2_bearing_holdout,K006,S3_units,20,5.0,80,0.0
R2_bearing_holdout,K006,S3_units,20,5.0,81,0.0
R2_bearing_holdout,K006,S3_units,20,5.0,82,0.0
R2_bearing_holdout,K006,S3_units,20,5.0,83,0.0
R2_bearing_holdout,K006,S3_units,20,5.0,84,0.0
R2_bearing_holdout,K006,S3_units,20,5.0,85,0.0
R2_bearing_holdout,K006,S3_units,20,5.0,86,0.0
R2_bearing_holdout,K006,S3_units,20,5.0,87,0.0
R2_bearing_holdout,K006,S3_units,20,5.0,88,0.0
R2_bearing_holdout,K006,S3_units,20,5.0,89,0.0
R2_bearing_holdout,K006,S3_units,20,5.0,90,0.0
R2_bearing_holdout,K006,S3_units,20,5.0,91,0.0
R2_bearing_holdout,K006,S3_units,20,5.0,92,0.0
R2_bearing_holdout,K006,S3_units,20,5.0,93,0.0
R2_bearing_holdout,K006,S3_units,20,5.0,94,0.0
R2_bearing_holdout,K006,S3_units,20,5.0,95,0.0
R2_bearing_holdout,K006,S3_units,20,5.0,96,0.0
R2_bearing_holdout,K006,S3_units,20,5.0,97,0.0
R2_bearing_holdout,K006,S3_units,20,5.0,98,0.0
R2_bearing_holdout,K006,S3_units,20,5.0,99,0.0
